Blender 4.5.9 LTS (hash 8bf95cbd38d1 built 2026-04-21 01:30:46)
Read blend: "/Users/chikumatsuboi/Code/animal-racers-western/assets/source/western/lion.blend"
Fra:1 Mem:33.65M (Peak 33.65M) | Time:00:00.00 | Mem:0.02M, Peak:0.02M | Scene, ViewLayer | Synchronizing object | Body • continuous sculpted skin
Fra:1 Mem:33.65M (Peak 33.65M) | Time:00:00.00 | Mem:0.02M, Peak:0.02M | Scene, ViewLayer | Synchronizing object | Paw toe.002
Fra:1 Mem:33.65M (Peak 33.65M) | Time:00:00.00 | Mem:0.02M, Peak:0.02M | Scene, ViewLayer | Synchronizing object | Ivory claw.002
Fra:1 Mem:33.72M (Peak 33.72M) | Time:00:00.00 | Mem:0.02M, Peak:0.02M | Scene, ViewLayer | Synchronizing object | Paw toe.003
Fra:1 Mem:33.99M (Peak 33.99M) | Time:00:00.00 | Mem:0.02M, Peak:0.02M | Scene, ViewLayer | Synchronizing object | Ivory claw.003
Fra:1 Mem:33.98M (Peak 33.99M) | Time:00:00.00 | Mem:0.02M, Peak:0.02M | Scene, ViewLayer | Synchronizing object | Ivory claw.004
Fra:1 Mem:34.03M (Peak 34.03M) | Time:00:00.00 | Mem:0.02M, Peak:0.02M | Scene, ViewLayer | Synchronizing object | Paw toe.006
Fra:1 Mem:34.06M (Peak 34.06M) | Time:00:00.00 | Mem:0.02M, Peak:0.02M | Scene, ViewLayer | Synchronizing object | Ivory claw.006
Fra:1 Mem:34.07M (Peak 34.07M) | Time:00:00.00 | Mem:0.02M, Peak:0.02M | Scene, ViewLayer | Synchronizing object | Paw toe.007
Fra:1 Mem:34.08M (Peak 34.08M) | Time:00:00.00 | Mem:0.02M, Peak:0.02M | Scene, ViewLayer | Synchronizing object | Ivory claw.007
Fra:1 Mem:34.11M (Peak 34.11M) | Time:00:00.00 | Mem:0.02M, Peak:0.02M | Scene, ViewLayer | Synchronizing object | Paw toe.008
Fra:1 Mem:34.13M (Peak 34.13M) | Time:00:00.00 | Mem:0.02M, Peak:0.02M | Scene, ViewLayer | Synchronizing object | Paw toe.009
Fra:1 Mem:34.15M (Peak 34.15M) | Time:00:00.00 | Mem:0.02M, Peak:0.02M | Scene, ViewLayer | Synchronizing object | Paw toe.010
Fra:1 Mem:34.19M (Peak 34.19M) | Time:00:00.00 | Mem:0.02M, Peak:0.02M | Scene, ViewLayer | Synchronizing object | Paw toe.011
Fra:1 Mem:34.21M (Peak 34.21M) | Time:00:00.00 | Mem:0.02M, Peak:0.02M | Scene, ViewLayer | Synchronizing object | Ivory claw.011
Fra:1 Mem:34.26M (Peak 34.26M) | Time:00:00.00 | Mem:0.02M, Peak:0.02M | Scene, ViewLayer | Synchronizing object | Head • species sculpt
Fra:1 Mem:34.30M (Peak 34.30M) | Time:00:00.00 | Mem:0.02M, Peak:0.02M | Scene, ViewLayer | Synchronizing object | Cream muzzle pad
Fra:1 Mem:34.58M (Peak 34.58M) | Time:00:00.00 | Mem:0.02M, Peak:0.02M | Scene, ViewLayer | Synchronizing object | Heart shaped nose
Fra:1 Mem:34.63M (Peak 34.63M) | Time:00:00.00 | Mem:0.02M, Peak:0.02M | Scene, ViewLayer | Synchronizing object | Ivory eye
Fra:1 Mem:34.68M (Peak 34.68M) | Time:00:00.00 | Mem:0.02M, Peak:0.02M | Scene, ViewLayer | Synchronizing object | Pupil
Fra:1 Mem:34.72M (Peak 34.72M) | Time:00:00.00 | Mem:0.02M, Peak:0.02M | Scene, ViewLayer | Synchronizing object | Eye glint
Fra:1 Mem:34.81M (Peak 34.81M) | Time:00:00.00 | Mem:0.02M, Peak:0.02M | Scene, ViewLayer | Synchronizing object | Smiling mouth
Fra:1 Mem:34.85M (Peak 34.85M) | Time:00:00.00 | Mem:0.02M, Peak:0.02M | Scene, ViewLayer | Synchronizing object | Whisker pore
Fra:1 Mem:34.94M (Peak 34.94M) | Time:00:00.00 | Mem:0.02M, Peak:0.02M | Scene, ViewLayer | Synchronizing object | Whisker pore.002
Fra:1 Mem:34.99M (Peak 34.99M) | Time:00:00.00 | Mem:0.02M, Peak:0.02M | Scene, ViewLayer | Synchronizing object | Eye socket.001
Fra:1 Mem:35.02M (Peak 35.02M) | Time:00:00.00 | Mem:0.02M, Peak:0.02M | Scene, ViewLayer | Synchronizing object | Ivory eye.001
Fra:1 Mem:35.04M (Peak 35.04M) | Time:00:00.00 | Mem:0.02M, Peak:0.02M | Scene, ViewLayer | Synchronizing object | Smiling mouth.001
Fra:1 Mem:35.15M (Peak 35.15M) | Time:00:00.00 | Mem:0.02M, Peak:0.02M | Scene, ViewLayer | Synchronizing object | Whisker pore.003
Fra:1 Mem:35.15M (Peak 35.15M) | Time:00:00.00 | Mem:0.02M, Peak:0.02M | Scene, ViewLayer | Synchronizing object | Lower jaw
Fra:1 Mem:35.17M (Peak 35.17M) | Time:00:00.00 | Mem:0.02M, Peak:0.02M | Scene, ViewLayer | Synchronizing object | Sky fill
Fra:1 Mem:35.18M (Peak 35.18M) | Time:00:00.00 | Mem:0.02M, Peak:0.02M | Scene, ViewLayer | Synchronizing object | Mouth cavity
Fra:1 Mem:35.20M (Peak 35.20M) | Time:00:00.00 | Mem:0.02M, Peak:0.02M | Scene, ViewLayer | Synchronizing object | Lower canine
Fra:1 Mem:35.22M (Peak 35.22M) | Time:00:00.00 | Mem:0.02M, Peak:0.02M | Scene, ViewLayer | Synchronizing object | Inner lion ear.001
Fra:1 Mem:35.22M (Peak 35.22M) | Time:00:00.00 | Mem:0.02M, Peak:0.02M | Scene, ViewLayer | Synchronizing object | Closed sculpted rear mane cap
Fra:1 Mem:35.23M (Peak 35.23M) | Time:00:00.00 | Mem:0.02M, Peak:0.02M | Scene, ViewLayer | Synchronizing object | Sunset key
Fra:1 Mem:35.23M (Peak 35.23M) | Time:00:00.00 | Mem:0.02M, Peak:0.02M | Scene, ViewLayer | Synchronizing object | Plane
Fra:1 Mem:35.23M (Peak 35.23M) | Time:00:00.00 | Mem:0.02M, Peak:0.02M | Scene, ViewLayer | Synchronizing object | Raised elemental crest
Fra:1 Mem:35.27M (Peak 35.27M) | Time:00:00.00 | Mem:0.02M, Peak:0.02M | Scene, ViewLayer | Synchronizing object | Brass crest clasp
Fra:1 Mem:35.29M (Peak 35.29M) | Time:00:00.00 | Mem:0.02M, Peak:0.02M | Scene, ViewLayer | Synchronizing object | Layered rear mane lock.001
Fra:1 Mem:35.38M (Peak 35.38M) | Time:00:00.00 | Mem:0.02M, Peak:0.02M | Scene, ViewLayer | Synchronizing object | Layered rear mane lock.002
Fra:1 Mem:35.40M (Peak 35.40M) | Time:00:00.00 | Mem:0.02M, Peak:0.02M | Scene, ViewLayer | Synchronizing object | Neckerchief folded point
Fra:1 Mem:35.42M (Peak 35.42M) | Time:00:00.00 | Mem:0.02M, Peak:0.02M | Scene, ViewLayer | Synchronizing object | Layered rear mane lock.004
Fra:1 Mem:35.48M (Peak 35.48M) | Time:00:00.00 | Mem:0.02M, Peak:0.02M | Scene, ViewLayer | Synchronizing object | Layered rear mane lock.008
Fra:1 Mem:35.50M (Peak 35.50M) | Time:00:00.00 | Mem:0.02M, Peak:0.02M | Scene, ViewLayer | Synchronizing object | Layered rear mane lock.009
Fra:1 Mem:35.51M (Peak 35.51M) | Time:00:00.00 | Mem:0.02M, Peak:0.02M | Scene, ViewLayer | Synchronizing object | Layered rear mane lock.010
Fra:1 Mem:35.51M (Peak 35.51M) | Time:00:00.00 | Mem:0.02M, Peak:0.02M | Scene, ViewLayer | Synchronizing object | Leather neckerchief roll
Fra:1 Mem:35.52M (Peak 35.52M) | Time:00:00.00 | Mem:0.02M, Peak:0.02M | Scene, ViewLayer | Synchronizing object | Layered rear mane lock.011
Fra:1 Mem:35.53M (Peak 35.53M) | Time:00:00.00 | Mem:0.02M, Peak:0.02M | Scene, ViewLayer | Synchronizing object | Layered rear mane lock.012
Fra:1 Mem:35.54M (Peak 35.54M) | Time:00:00.00 | Mem:0.02M, Peak:0.02M | Scene, ViewLayer | Synchronizing object | Layered rear mane lock.015
Fra:1 Mem:35.54M (Peak 35.54M) | Time:00:00.00 | Mem:0.02M, Peak:0.02M | Scene, ViewLayer | Synchronizing object | Layered rear mane lock.016
Fra:1 Mem:35.55M (Peak 35.55M) | Time:00:00.00 | Mem:0.02M, Peak:0.02M | Scene, ViewLayer | Synchronizing object | Flame tail tuft.006
Fra:1 Mem:35.55M (Peak 35.55M) | Time:00:00.00 | Mem:0.02M, Peak:0.02M | Scene, ViewLayer | Synchronizing object | Layered rear mane lock.017
Fra:1 Mem:35.56M (Peak 35.56M) | Time:00:00.00 | Mem:0.02M, Peak:0.02M | Scene, ViewLayer | Synchronizing object | Layered rear mane lock.018
Fra:1 Mem:35.56M (Peak 35.56M) | Time:00:00.00 | Mem:0.02M, Peak:0.02M | Scene, ViewLayer | Synchronizing object | Layered rear mane lock.019
Fra:1 Mem:35.58M (Peak 35.58M) | Time:00:00.00 | Mem:0.02M, Peak:0.02M | Scene, ViewLayer | Synchronizing object | Layered rear mane lock.020
Fra:1 Mem:35.59M (Peak 35.59M) | Time:00:00.00 | Mem:0.02M, Peak:0.02M | Scene, ViewLayer | Synchronizing object | Layered rear mane lock.021
Fra:1 Mem:35.59M (Peak 35.59M) | Time:00:00.00 | Mem:0.02M, Peak:0.02M | Scene, ViewLayer | Synchronizing object | Sculpted mane lock
Fra:1 Mem:35.62M (Peak 35.62M) | Time:00:00.00 | Mem:0.02M, Peak:0.02M | Scene, ViewLayer | Synchronizing object | Sculpted mane lock.001
Fra:1 Mem:35.61M (Peak 35.62M) | Time:00:00.00 | Mem:0.02M, Peak:0.02M | Scene, ViewLayer | Synchronizing object | Sculpted mane lock.002
Fra:1 Mem:35.61M (Peak 35.62M) | Time:00:00.00 | Mem:0.02M, Peak:0.02M | Scene, ViewLayer | Synchronizing object | Flame tail tuft.005
Fra:1 Mem:35.62M (Peak 35.62M) | Time:00:00.00 | Mem:0.02M, Peak:0.02M | Scene, ViewLayer | Synchronizing object | Sculpted mane lock.004
Fra:1 Mem:35.62M (Peak 35.62M) | Time:00:00.00 | Mem:0.02M, Peak:0.02M | Scene, ViewLayer | Synchronizing object | Flame tail tuft.004
Fra:1 Mem:35.63M (Peak 35.63M) | Time:00:00.00 | Mem:0.02M, Peak:0.02M | Scene, ViewLayer | Synchronizing object | Sculpted mane lock.005
Fra:1 Mem:35.63M (Peak 35.63M) | Time:00:00.00 | Mem:0.02M, Peak:0.02M | Scene, ViewLayer | Synchronizing object | Flame tail tuft.003
Fra:1 Mem:35.64M (Peak 35.64M) | Time:00:00.00 | Mem:0.02M, Peak:0.02M | Scene, ViewLayer | Synchronizing object | Flame tail tuft.002
Fra:1 Mem:35.65M (Peak 35.65M) | Time:00:00.00 | Mem:0.02M, Peak:0.02M | Scene, ViewLayer | Synchronizing object | Flame tail tuft.001
Fra:1 Mem:35.66M (Peak 35.66M) | Time:00:00.00 | Mem:0.02M, Peak:0.02M | Scene, ViewLayer | Synchronizing object | Sculpted mane lock.008
Fra:1 Mem:35.67M (Peak 35.67M) | Time:00:00.00 | Mem:0.02M, Peak:0.02M | Scene, ViewLayer | Synchronizing object | Flame tail tuft
Fra:1 Mem:35.68M (Peak 35.68M) | Time:00:00.00 | Mem:0.02M, Peak:0.02M | Scene, ViewLayer | Synchronizing object | Sculpted mane lock.011
Fra:1 Mem:35.69M (Peak 35.69M) | Time:00:00.00 | Mem:0.02M, Peak:0.02M | Scene, ViewLayer | Synchronizing object | Sculpted mane lock.012
Fra:1 Mem:35.69M (Peak 35.69M) | Time:00:00.00 | Mem:0.02M, Peak:0.02M | Scene, ViewLayer | Synchronizing object | Sculpted mane lock.013
Fra:1 Mem:35.71M (Peak 35.71M) | Time:00:00.00 | Mem:0.02M, Peak:0.02M | Scene, ViewLayer | Synchronizing object | Sculpted mane lock.016
Fra:1 Mem:35.71M (Peak 35.71M) | Time:00:00.00 | Mem:0.02M, Peak:0.02M | Scene, ViewLayer | Synchronizing object | Sculpted mane lock.017
Fra:1 Mem:35.73M (Peak 35.73M) | Time:00:00.00 | Mem:0.02M, Peak:0.02M | Scene, ViewLayer | Synchronizing object | Sculpted mane lock.018
Fra:1 Mem:35.74M (Peak 35.74M) | Time:00:00.00 | Mem:0.02M, Peak:0.02M | Scene, ViewLayer | Synchronizing object | Sculpted mane lock.019
Fra:1 Mem:35.74M (Peak 35.74M) | Time:00:00.00 | Mem:0.02M, Peak:0.02M | Scene, ViewLayer | Synchronizing object | Sculpted mane lock.021
Fra:1 Mem:35.75M (Peak 35.75M) | Time:00:00.00 | Mem:0.02M, Peak:0.02M | Scene, ViewLayer | Synchronizing object | Articulated tail
Fra:1 Mem:35.76M (Peak 35.76M) | Time:00:00.00 | Mem:0.02M, Peak:0.02M | Scene, ViewLayer | Synchronizing object | Sculpted mane lock.023
Fra:1 Mem:35.78M (Peak 35.78M) | Time:00:00.00 | Mem:0.02M, Peak:0.02M | Scene, ViewLayer | Synchronizing object | Sculpted mane lock.024
Fra:1 Mem:35.79M (Peak 35.79M) | Time:00:00.00 | Mem:0.02M, Peak:0.02M | Scene, ViewLayer | Synchronizing object | Sculpted mane lock.025
Fra:1 Mem:35.81M (Peak 35.81M) | Time:00:00.00 | Mem:0.02M, Peak:0.02M | Scene, ViewLayer | Synchronizing object | Sculpted mane lock.028
Fra:1 Mem:35.82M (Peak 35.82M) | Time:00:00.00 | Mem:0.02M, Peak:0.02M | Scene, ViewLayer | Synchronizing object | Sculpted mane lock.029
Fra:1 Mem:35.82M (Peak 35.82M) | Time:00:00.00 | Mem:0.02M, Peak:0.02M | Scene, ViewLayer | Synchronizing object | Sculpted mane lock.030
Fra:1 Mem:35.83M (Peak 35.83M) | Time:00:00.00 | Mem:0.02M, Peak:0.02M | Scene, ViewLayer | Synchronizing object | Sculpted mane lock.031
Fra:1 Mem:35.83M (Peak 35.83M) | Time:00:00.00 | Mem:0.02M, Peak:0.02M | Scene, ViewLayer | Synchronizing object | Sculpted mane lock.032
Fra:1 Mem:35.84M (Peak 35.84M) | Time:00:00.00 | Mem:0.02M, Peak:0.02M | Scene, ViewLayer | Synchronizing object | Sculpted mane lock.033
Fra:1 Mem:35.85M (Peak 35.85M) | Time:00:00.00 | Mem:0.02M, Peak:0.02M | Scene, ViewLayer | Synchronizing object | Sculpted mane lock.034
Fra:1 Mem:35.86M (Peak 35.86M) | Time:00:00.00 | Mem:0.02M, Peak:0.02M | Scene, ViewLayer | Synchronizing object | Sculpted mane lock.035
Fra:1 Mem:35.86M (Peak 35.86M) | Time:00:00.00 | Mem:0.02M, Peak:0.02M | Scene, ViewLayer | Synchronizing object | Sculpted mane lock.037
Fra:1 Mem:35.87M (Peak 35.87M) | Time:00:00.00 | Mem:0.02M, Peak:0.02M | Scene, ViewLayer | Synchronizing object | Sculpted mane lock.038
Fra:1 Mem:35.88M (Peak 35.88M) | Time:00:00.00 | Mem:0.02M, Peak:0.02M | Scene, ViewLayer | Synchronizing object | Sculpted mane lock.039
Fra:1 Mem:35.88M (Peak 35.88M) | Time:00:00.00 | Mem:0.02M, Peak:0.02M | Scene, ViewLayer | Synchronizing object | Sculpted mane lock.040
Fra:1 Mem:35.89M (Peak 35.89M) | Time:00:00.00 | Mem:0.02M, Peak:0.02M | Scene, ViewLayer | Synchronizing object | Sculpted mane lock.041
Fra:1 Mem:35.90M (Peak 35.90M) | Time:00:00.00 | Mem:0.02M, Peak:0.02M | Scene, ViewLayer | Synchronizing object | Sculpted mane lock.042
Fra:1 Mem:35.91M (Peak 35.91M) | Time:00:00.00 | Mem:0.02M, Peak:0.02M | Scene, ViewLayer | Synchronizing object | Sculpted mane lock.044
Fra:1 Mem:35.91M (Peak 35.91M) | Time:00:00.00 | Mem:0.02M, Peak:0.02M | Scene, ViewLayer | Synchronizing object | Sculpted mane lock.045
Fra:1 Mem:35.92M (Peak 35.92M) | Time:00:00.00 | Mem:0.02M, Peak:0.02M | Scene, ViewLayer | Synchronizing object | Sculpted mane lock.047
Fra:1 Mem:35.93M (Peak 35.93M) | Time:00:00.00 | Mem:0.02M, Peak:0.02M | Scene, ViewLayer | Synchronizing object | Sculpted mane lock.048
Fra:1 Mem:35.94M (Peak 35.94M) | Time:00:00.00 | Mem:0.02M, Peak:0.02M | Scene, ViewLayer | Synchronizing object | Sculpted mane lock.049
Fra:1 Mem:35.94M (Peak 35.94M) | Time:00:00.00 | Mem:0.02M, Peak:0.02M | Scene, ViewLayer | Synchronizing object | Layered shoulder fur
Fra:1 Mem:35.95M (Peak 35.95M) | Time:00:00.00 | Mem:0.02M, Peak:0.02M | Scene, ViewLayer | Synchronizing object | Layered shoulder fur.001
Fra:1 Mem:35.96M (Peak 35.96M) | Time:00:00.00 | Mem:0.02M, Peak:0.02M | Scene, ViewLayer | Synchronizing object | Wrist fur
Fra:1 Mem:35.98M (Peak 35.98M) | Time:00:00.00 | Mem:0.02M, Peak:0.02M | Scene, ViewLayer | Synchronizing object | Wrist fur.002
Fra:1 Mem:35.98M (Peak 35.98M) | Time:00:00.00 | Mem:0.02M, Peak:0.02M | Scene, ViewLayer | Synchronizing object | Layered shoulder fur.003
Fra:1 Mem:35.99M (Peak 35.99M) | Time:00:00.00 | Mem:0.02M, Peak:0.02M | Scene, ViewLayer | Synchronizing object | Wrist fur.009
Fra:1 Mem:36.00M (Peak 36.00M) | Time:00:00.00 | Mem:0.02M, Peak:0.02M | Scene, ViewLayer | Synchronizing object | Wrist fur.004
Fra:1 Mem:36.01M (Peak 36.01M) | Time:00:00.00 | Mem:0.02M, Peak:0.02M | Scene, ViewLayer | Synchronizing object | Wrist fur.005
Fra:1 Mem:36.03M (Peak 36.03M) | Time:00:00.00 | Mem:0.02M, Peak:0.02M | Scene, ViewLayer | Synchronizing object | Layered shoulder fur.011
Fra:1 Mem:36.02M (Peak 36.03M) | Time:00:00.00 | Mem:0.02M, Peak:0.02M | Scene, ViewLayer | Synchronizing object | Layered shoulder fur.006
Fra:1 Mem:36.02M (Peak 36.03M) | Time:00:00.00 | Mem:0.02M, Peak:0.02M | Scene, ViewLayer | Synchronizing object | Layered shoulder fur.007
Fra:1 Mem:36.03M (Peak 36.03M) | Time:00:00.00 | Mem:0.02M, Peak:0.02M | Scene, ViewLayer | Synchronizing object | Layered shoulder fur.008
Fra:1 Mem:36.05M (Peak 36.05M) | Time:00:00.00 | Mem:0.02M, Peak:0.02M | Scene, ViewLayer | Synchronizing object | Wrist fur.007
Fra:1 Mem:36.04M (Peak 36.05M) | Time:00:00.00 | Mem:0.02M, Peak:0.02M | Scene, ViewLayer | Synchronizing object | Wrist fur.008
Fra:1 Mem:36.05M (Peak 36.05M) | Time:00:00.00 | Mem:0.02M, Peak:0.02M | Scene, ViewLayer | Synchronizing object | Layered shoulder fur.009
Fra:1 Mem:36.05M (Peak 36.05M) | Time:00:00.00 | Mem:0.02M, Peak:0.02M | Scene, ViewLayer | Synchronizing object | Layered shoulder fur.010
Fra:1 Mem:36.08M (Peak 36.08M) | Time:00:00.00 | Mem:0.02M, Peak:0.02M | Scene, ViewLayer | Initializing
Fra:1 Mem:33.61M (Peak 36.08M) | Time:00:00.00 | Mem:0.02M, Peak:0.02M | Scene, ViewLayer | Updating Images | Loading Authored short-fur normal
Fra:1 Mem:27.91M (Peak 36.08M) | Time:00:00.01 | Mem:0.27M, Peak:0.27M | Scene, ViewLayer | Waiting for render to start
Fra:1 Mem:27.91M (Peak 36.08M) | Time:00:00.01 | Mem:0.27M, Peak:0.27M | Scene, ViewLayer | Updating Scene
Fra:1 Mem:27.91M (Peak 36.08M) | Time:00:00.01 | Mem:0.27M, Peak:0.27M | Scene, ViewLayer | Updating Shaders
Fra:1 Mem:27.91M (Peak 36.08M) | Time:00:00.02 | Mem:0.27M, Peak:0.27M | Scene, ViewLayer | Loading render kernels (may take a few minutes the first time)
Fra:1 Mem:27.99M (Peak 36.08M) | Time:00:00.04 | Mem:0.28M, Peak:0.28M | Scene, ViewLayer | Updating Procedurals
Fra:1 Mem:27.99M (Peak 36.08M) | Time:00:00.04 | Mem:0.28M, Peak:0.28M | Scene, ViewLayer | Updating Background
Fra:1 Mem:27.99M (Peak 36.08M) | Time:00:00.04 | Mem:0.28M, Peak:0.28M | Scene, ViewLayer | Updating Camera
Fra:1 Mem:27.99M (Peak 36.08M) | Time:00:00.04 | Mem:0.28M, Peak:0.28M | Scene, ViewLayer | Updating Meshes Flags
Fra:1 Mem:27.99M (Peak 36.08M) | Time:00:00.04 | Mem:0.28M, Peak:0.28M | Scene, ViewLayer | Updating Objects
Fra:1 Mem:27.99M (Peak 36.08M) | Time:00:00.04 | Mem:0.28M, Peak:0.28M | Scene, ViewLayer | Updating Objects | Copying Transformations to device
Fra:1 Mem:27.99M (Peak 36.08M) | Time:00:00.04 | Mem:0.33M, Peak:0.33M | Scene, ViewLayer | Updating Particle Systems
Fra:1 Mem:27.99M (Peak 36.08M) | Time:00:00.04 | Mem:0.33M, Peak:0.33M | Scene, ViewLayer | Updating Particle Systems | Copying Particles to device
Fra:1 Mem:27.99M (Peak 36.08M) | Time:00:00.04 | Mem:0.33M, Peak:0.33M | Scene, ViewLayer | Updating Meshes
Fra:1 Mem:29.11M (Peak 36.08M) | Time:00:00.05 | Mem:0.33M, Peak:0.33M | Scene, ViewLayer | Updating Objects | Applying Static Transformations
Fra:1 Mem:29.11M (Peak 36.08M) | Time:00:00.05 | Mem:0.33M, Peak:0.33M | Scene, ViewLayer | Updating Mesh | Computing attributes
Fra:1 Mem:30.67M (Peak 36.08M) | Time:00:00.05 | Mem:0.36M, Peak:0.36M | Scene, ViewLayer | Updating Mesh | Copying Attributes to device
Fra:1 Mem:29.11M (Peak 36.08M) | Time:00:00.11 | Mem:1.92M, Peak:1.92M | Scene, ViewLayer | Updating Geometry BVH Paw toe 3/143 | Building BVH
Fra:1 Mem:29.11M (Peak 36.08M) | Time:00:00.11 | Mem:1.92M, Peak:1.92M | Scene, ViewLayer | Updating Geometry BVH Paw toe.001 5/173 | Building BVH
Fra:1 Mem:29.11M (Peak 36.08M) | Time:00:00.11 | Mem:1.92M, Peak:1.92M | Scene, ViewLayer | Updating Geometry BVH Warm rim 173/173 | Building BVH
Fra:1 Mem:29.11M (Peak 36.08M) | Time:00:00.11 | Mem:1.92M, Peak:1.92M | Scene, ViewLayer | Updating Geometry BVH Sky fill 172/173 | Building BVH
Fra:1 Mem:29.11M (Peak 36.08M) | Time:00:00.11 | Mem:1.92M, Peak:1.92M | Scene, ViewLayer | Updating Geometry BVH Sunset key 171/173 | Building BVH
Fra:1 Mem:29.11M (Peak 36.08M) | Time:00:00.11 | Mem:1.92M, Peak:1.92M | Scene, ViewLayer | Updating Geometry BVH Sunset key 171/173 | Building mesh BLAS |     192 tris | Paw toe.001
Fra:1 Mem:29.11M (Peak 36.08M) | Time:00:00.11 | Mem:1.92M, Peak:1.92M | Scene, ViewLayer | Updating Geometry BVH Sunset key 171/173 | Building mesh BLAS |      32 tris | Ivory claw.001
Fra:1 Mem:29.11M (Peak 36.08M) | Time:00:00.11 | Mem:1.92M, Peak:1.92M | Scene, ViewLayer | Updating Geometry BVH Sunset key 171/173 | Building mesh BLAS |      32 tris | Ivory claw
Fra:1 Mem:29.11M (Peak 36.08M) | Time:00:00.11 | Mem:1.92M, Peak:1.92M | Scene, ViewLayer | Updating Geometry BVH Sunset key 171/173 | Building mesh BLAS |     192 tris | Paw toe
Fra:1 Mem:29.11M (Peak 36.08M) | Time:00:00.11 | Mem:1.92M, Peak:1.92M | Scene, ViewLayer | Updating Geometry BVH Sunset key 171/173 | Building mesh BLAS |     192 tris | Paw toe.002
Fra:1 Mem:29.11M (Peak 36.08M) | Time:00:00.11 | Mem:1.92M, Peak:1.92M | Scene, ViewLayer | Updating Geometry BVH Plane 170/173 | Building BVH
Fra:1 Mem:29.11M (Peak 36.08M) | Time:00:00.11 | Mem:1.92M, Peak:1.92M | Scene, ViewLayer | Updating Geometry BVH Plane 170/173 | Building mesh BLAS |       2 tris | Plane
Fra:1 Mem:29.11M (Peak 36.08M) | Time:00:00.11 | Mem:1.92M, Peak:1.92M | Scene, ViewLayer | Updating Geometry BVH Plane 170/173 | Building mesh BLAS |      32 tris | Ivory claw.002
Fra:1 Mem:29.11M (Peak 36.08M) | Time:00:00.11 | Mem:1.92M, Peak:1.92M | Scene, ViewLayer | Updating Geometry BVH Paw toe.003 9/173 | Building BVH
Fra:1 Mem:29.11M (Peak 36.08M) | Time:00:00.11 | Mem:1.92M, Peak:1.92M | Scene, ViewLayer | Updating Geometry BVH Raised elemental crest 169/173 | Building BVH
Fra:1 Mem:29.11M (Peak 36.08M) | Time:00:00.11 | Mem:1.92M, Peak:1.92M | Scene, ViewLayer | Updating Geometry BVH Paw toe.004 11/173 | Building BVH
Fra:1 Mem:29.11M (Peak 36.08M) | Time:00:00.11 | Mem:1.92M, Peak:1.92M | Scene, ViewLayer | Updating Geometry BVH Paw toe.004 11/173 | Building mesh BLAS |      32 tris | Ivory claw.003
Fra:1 Mem:29.11M (Peak 36.08M) | Time:00:00.11 | Mem:1.92M, Peak:1.92M | Scene, ViewLayer | Updating Geometry BVH Ivory claw.004 12/173 | Building BVH
Fra:1 Mem:29.11M (Peak 36.08M) | Time:00:00.11 | Mem:1.92M, Peak:1.92M | Scene, ViewLayer | Updating Geometry BVH Ivory claw.004 12/173 | Building mesh BLAS |     192 tris | Paw toe.004
Fra:1 Mem:29.11M (Peak 36.08M) | Time:00:00.11 | Mem:1.92M, Peak:1.92M | Scene, ViewLayer | Updating Geometry BVH Paw toe.005 13/173 | Building BVH
Fra:1 Mem:29.11M (Peak 36.08M) | Time:00:00.11 | Mem:1.92M, Peak:1.92M | Scene, ViewLayer | Updating Geometry BVH Paw toe.006 15/173 | Building BVH
Fra:1 Mem:29.11M (Peak 36.08M) | Time:00:00.11 | Mem:1.92M, Peak:1.92M | Scene, ViewLayer | Updating Geometry BVH Ivory claw.006 16/173 | Building BVH
Fra:1 Mem:29.11M (Peak 36.08M) | Time:00:00.11 | Mem:1.92M, Peak:1.92M | Scene, ViewLayer | Updating Geometry BVH Ivory claw.006 16/173 | Building mesh BLAS |      32 tris | Ivory claw.004
Fra:1 Mem:29.11M (Peak 36.08M) | Time:00:00.11 | Mem:1.92M, Peak:1.92M | Scene, ViewLayer | Updating Geometry BVH Ivory claw.006 16/173 | Building mesh BLAS |     192 tris | Paw toe.006
Fra:1 Mem:29.11M (Peak 36.08M) | Time:00:00.11 | Mem:1.92M, Peak:1.92M | Scene, ViewLayer | Updating Geometry BVH Paw toe.007 17/173 | Building BVH
Fra:1 Mem:29.11M (Peak 36.08M) | Time:00:00.11 | Mem:1.92M, Peak:1.92M | Scene, ViewLayer | Updating Geometry BVH Paw toe.007 17/173 | Building mesh BLAS |     192 tris | Paw toe.007
Fra:1 Mem:29.11M (Peak 36.08M) | Time:00:00.11 | Mem:1.92M, Peak:1.92M | Scene, ViewLayer | Updating Geometry BVH Paw toe.007 17/173 | Building mesh BLAS |      32 tris | Ivory claw.005
Fra:1 Mem:29.11M (Peak 36.08M) | Time:00:00.11 | Mem:1.92M, Peak:1.92M | Scene, ViewLayer | Updating Geometry BVH Ivory claw.007 18/173 | Building BVH
Fra:1 Mem:29.11M (Peak 36.08M) | Time:00:00.11 | Mem:1.92M, Peak:1.92M | Scene, ViewLayer | Updating Geometry BVH Ivory claw.007 18/173 | Building mesh BLAS |      32 tris | Ivory claw.007
Fra:1 Mem:29.11M (Peak 36.08M) | Time:00:00.11 | Mem:1.92M, Peak:1.92M | Scene, ViewLayer | Updating Geometry BVH Paw toe.008 19/173 | Building BVH
Fra:1 Mem:29.11M (Peak 36.08M) | Time:00:00.11 | Mem:1.92M, Peak:1.92M | Scene, ViewLayer | Updating Geometry BVH Paw toe.008 19/173 | Building mesh BLAS |     192 tris | Paw toe.008
Fra:1 Mem:29.11M (Peak 36.08M) | Time:00:00.11 | Mem:1.92M, Peak:1.92M | Scene, ViewLayer | Updating Geometry BVH Ivory claw.008 20/173 | Building BVH
Fra:1 Mem:29.11M (Peak 36.08M) | Time:00:00.11 | Mem:1.92M, Peak:1.92M | Scene, ViewLayer | Updating Geometry BVH Ivory claw.008 20/173 | Building mesh BLAS |      32 tris | Ivory claw.008
Fra:1 Mem:29.11M (Peak 36.08M) | Time:00:00.11 | Mem:1.92M, Peak:1.92M | Scene, ViewLayer | Updating Geometry BVH Brass crest clasp 168/173 | Building BVH
Fra:1 Mem:29.11M (Peak 36.08M) | Time:00:00.11 | Mem:1.92M, Peak:1.92M | Scene, ViewLayer | Updating Geometry BVH Brass crest clasp 168/173 | Building mesh BLAS |     320 tris | Brass crest clasp
Fra:1 Mem:29.11M (Peak 36.08M) | Time:00:00.11 | Mem:1.92M, Peak:1.92M | Scene, ViewLayer | Updating Geometry BVH Paw toe.009 21/173 | Building BVH
Fra:1 Mem:29.11M (Peak 36.08M) | Time:00:00.11 | Mem:1.92M, Peak:1.92M | Scene, ViewLayer | Updating Geometry BVH Paw toe.009 21/173 | Building mesh BLAS |     192 tris | Paw toe.009
Fra:1 Mem:29.11M (Peak 36.08M) | Time:00:00.11 | Mem:1.92M, Peak:1.92M | Scene, ViewLayer | Updating Geometry BVH Ivory claw.009 22/173 | Building BVH
Fra:1 Mem:29.11M (Peak 36.08M) | Time:00:00.11 | Mem:1.92M, Peak:1.92M | Scene, ViewLayer | Updating Geometry BVH Ivory claw.009 22/173 | Building mesh BLAS |      32 tris | Ivory claw.009
Fra:1 Mem:29.11M (Peak 36.08M) | Time:00:00.11 | Mem:1.92M, Peak:1.92M | Scene, ViewLayer | Updating Geometry BVH Ivory claw.010 24/173 | Building BVH
Fra:1 Mem:29.11M (Peak 36.08M) | Time:00:00.11 | Mem:1.92M, Peak:1.92M | Scene, ViewLayer | Updating Geometry BVH Paw toe.010 23/173 | Building BVH
Fra:1 Mem:29.11M (Peak 36.08M) | Time:00:00.11 | Mem:1.92M, Peak:1.92M | Scene, ViewLayer | Updating Geometry BVH Cream muzzle pad 28/173 | Building BVH
Fra:1 Mem:29.11M (Peak 36.08M) | Time:00:00.11 | Mem:1.92M, Peak:1.92M | Scene, ViewLayer | Updating Geometry BVH Cream muzzle pad 28/173 | Building mesh BLAS |     192 tris | Paw toe.010
Fra:1 Mem:29.11M (Peak 36.08M) | Time:00:00.11 | Mem:1.92M, Peak:1.92M | Scene, ViewLayer | Updating Geometry BVH Neckerchief folded point 167/173 | Building BVH
Fra:1 Mem:29.11M (Peak 36.08M) | Time:00:00.11 | Mem:1.92M, Peak:1.92M | Scene, ViewLayer | Updating Geometry BVH Neckerchief folded point 167/173 | Building mesh BLAS |     192 tris | Paw toe.011
Fra:1 Mem:29.11M (Peak 36.08M) | Time:00:00.11 | Mem:1.92M, Peak:1.92M | Scene, ViewLayer | Updating Geometry BVH Neckerchief folded point 167/173 | Building mesh BLAS |       4 tris | Neckerchief folded point
Fra:1 Mem:29.11M (Peak 36.08M) | Time:00:00.11 | Mem:1.92M, Peak:1.92M | Scene, ViewLayer | Updating Geometry BVH Heart shaped nose 30/173 | Building BVH
Fra:1 Mem:29.11M (Peak 36.08M) | Time:00:00.11 | Mem:1.92M, Peak:1.92M | Scene, ViewLayer | Updating Geometry BVH Heart shaped nose 30/173 | Building mesh BLAS |       6 tris | Heart shaped nose
Fra:1 Mem:29.11M (Peak 36.08M) | Time:00:00.11 | Mem:1.92M, Peak:1.92M | Scene, ViewLayer | Updating Geometry BVH Heart shaped nose 30/173 | Building mesh BLAS |     480 tris | Cream muzzle pad
Fra:1 Mem:29.11M (Peak 36.08M) | Time:00:00.11 | Mem:1.92M, Peak:1.92M | Scene, ViewLayer | Updating Geometry BVH Heart shaped nose 30/173 | Building mesh BLAS |     480 tris | Cream muzzle pad.001
Fra:1 Mem:29.11M (Peak 36.08M) | Time:00:00.11 | Mem:1.92M, Peak:1.92M | Scene, ViewLayer | Updating Geometry BVH Heart shaped nose 30/173 | Building mesh BLAS |      32 tris | Ivory claw.011
Fra:1 Mem:29.11M (Peak 36.08M) | Time:00:00.11 | Mem:1.92M, Peak:1.92M | Scene, ViewLayer | Updating Geometry BVH Heart shaped nose 30/173 | Building mesh BLAS |    2832 tris | Skull
Fra:1 Mem:29.11M (Peak 36.08M) | Time:00:00.11 | Mem:1.92M, Peak:1.92M | Scene, ViewLayer | Updating Geometry BVH Ivory eye 32/173 | Building BVH
Fra:1 Mem:29.11M (Peak 36.08M) | Time:00:00.11 | Mem:1.92M, Peak:1.92M | Scene, ViewLayer | Updating Geometry BVH Ivory eye 32/173 | Building mesh BLAS |     480 tris | Eye socket
Fra:1 Mem:29.11M (Peak 36.08M) | Time:00:00.11 | Mem:1.92M, Peak:1.92M | Scene, ViewLayer | Updating Geometry BVH Ivory eye 32/173 | Building mesh BLAS |     480 tris | Ivory eye
Fra:1 Mem:29.11M (Peak 36.08M) | Time:00:00.11 | Mem:1.92M, Peak:1.92M | Scene, ViewLayer | Updating Geometry BVH Iris 33/173 | Building BVH
Fra:1 Mem:29.11M (Peak 36.08M) | Time:00:00.11 | Mem:1.92M, Peak:1.92M | Scene, ViewLayer | Updating Geometry BVH Iris 33/173 | Building mesh BLAS |     480 tris | Iris
Fra:1 Mem:29.11M (Peak 36.08M) | Time:00:00.11 | Mem:1.92M, Peak:1.92M | Scene, ViewLayer | Updating Geometry BVH Leather neckerchief roll 166/173 | Building BVH
Fra:1 Mem:29.11M (Peak 36.08M) | Time:00:00.11 | Mem:1.92M, Peak:1.92M | Scene, ViewLayer | Updating Geometry BVH Leather neckerchief roll 166/173 | Building mesh BLAS |      76 tris | Leather neckerchief roll
Fra:1 Mem:29.11M (Peak 36.08M) | Time:00:00.11 | Mem:1.92M, Peak:1.92M | Scene, ViewLayer | Updating Geometry BVH Pupil 34/173 | Building BVH
Fra:1 Mem:29.11M (Peak 36.08M) | Time:00:00.11 | Mem:1.92M, Peak:1.92M | Scene, ViewLayer | Updating Geometry BVH Pupil 34/173 | Building mesh BLAS |     320 tris | Pupil
Fra:1 Mem:29.11M (Peak 36.08M) | Time:00:00.11 | Mem:1.92M, Peak:1.92M | Scene, ViewLayer | Updating Geometry BVH Eye glint 35/173 | Building BVH
Fra:1 Mem:29.11M (Peak 36.08M) | Time:00:00.11 | Mem:1.92M, Peak:1.92M | Scene, ViewLayer | Updating Geometry BVH Expressive brow 36/173 | Building BVH
Fra:1 Mem:29.11M (Peak 36.08M) | Time:00:00.11 | Mem:1.92M, Peak:1.92M | Scene, ViewLayer | Updating Geometry BVH Expressive brow 36/173 | Building mesh BLAS |      44 tris | Expressive brow
Fra:1 Mem:29.11M (Peak 36.08M) | Time:00:00.11 | Mem:1.92M, Peak:1.92M | Scene, ViewLayer | Updating Geometry BVH Smiling mouth 37/173 | Building BVH
Fra:1 Mem:29.11M (Peak 36.08M) | Time:00:00.11 | Mem:1.92M, Peak:1.92M | Scene, ViewLayer | Updating Geometry BVH Whisker pore 38/173 | Building BVH
Fra:1 Mem:29.11M (Peak 36.08M) | Time:00:00.11 | Mem:1.92M, Peak:1.92M | Scene, ViewLayer | Updating Geometry BVH Whisker pore 38/173 | Building mesh BLAS |      64 tris | Whisker pore
Fra:1 Mem:29.11M (Peak 36.08M) | Time:00:00.11 | Mem:1.92M, Peak:1.92M | Scene, ViewLayer | Updating Geometry BVH Whisker pore.001 39/173 | Building BVH
Fra:1 Mem:29.11M (Peak 36.08M) | Time:00:00.11 | Mem:1.92M, Peak:1.92M | Scene, ViewLayer | Updating Geometry BVH Whisker pore.001 39/173 | Building mesh BLAS |      64 tris | Whisker pore.001
Fra:1 Mem:29.11M (Peak 36.08M) | Time:00:00.11 | Mem:1.92M, Peak:1.92M | Scene, ViewLayer | Updating Geometry BVH Flame tail tuft.006 165/173 | Building BVH
Fra:1 Mem:29.11M (Peak 36.08M) | Time:00:00.11 | Mem:1.92M, Peak:1.92M | Scene, ViewLayer | Updating Geometry BVH Whisker pore.002 40/173 | Building BVH
Fra:1 Mem:29.11M (Peak 36.08M) | Time:00:00.11 | Mem:1.92M, Peak:1.92M | Scene, ViewLayer | Updating Geometry BVH Whisker pore.002 40/173 | Building mesh BLAS |      44 tris | Flame tail tuft.006
Fra:1 Mem:29.11M (Peak 36.08M) | Time:00:00.11 | Mem:1.92M, Peak:1.92M | Scene, ViewLayer | Updating Geometry BVH Eye socket.001 41/173 | Building mesh BLAS |      64 tris | Whisker pore.002
Fra:1 Mem:29.11M (Peak 36.08M) | Time:00:00.11 | Mem:1.92M, Peak:1.92M | Scene, ViewLayer | Updating Geometry BVH Eye socket.001 41/173 | Building mesh BLAS |     480 tris | Eye socket.001
Fra:1 Mem:29.11M (Peak 36.08M) | Time:00:00.11 | Mem:1.92M, Peak:1.92M | Scene, ViewLayer | Updating Geometry BVH Ivory eye.001 42/173 | Building BVH
Fra:1 Mem:29.11M (Peak 36.08M) | Time:00:00.11 | Mem:1.92M, Peak:1.92M | Scene, ViewLayer | Updating Geometry BVH Ivory eye.001 42/173 | Building mesh BLAS |     480 tris | Ivory eye.001
Fra:1 Mem:29.11M (Peak 36.08M) | Time:00:00.11 | Mem:1.92M, Peak:1.92M | Scene, ViewLayer | Updating Geometry BVH Iris.001 43/173 | Building BVH
Fra:1 Mem:29.11M (Peak 36.08M) | Time:00:00.11 | Mem:1.92M, Peak:1.92M | Scene, ViewLayer | Updating Geometry BVH Pupil.001 44/173 | Building BVH
Fra:1 Mem:29.11M (Peak 36.08M) | Time:00:00.11 | Mem:1.92M, Peak:1.92M | Scene, ViewLayer | Updating Geometry BVH Pupil.001 44/173 | Building mesh BLAS |     480 tris | Iris.001
Fra:1 Mem:29.11M (Peak 36.08M) | Time:00:00.11 | Mem:1.92M, Peak:1.92M | Scene, ViewLayer | Updating Geometry BVH Eye glint.001 45/173 | Building BVH
Fra:1 Mem:29.11M (Peak 36.08M) | Time:00:00.11 | Mem:1.92M, Peak:1.92M | Scene, ViewLayer | Updating Geometry BVH Eye glint.001 45/173 | Building mesh BLAS |     192 tris | Eye glint.001
Fra:1 Mem:29.11M (Peak 36.08M) | Time:00:00.11 | Mem:1.92M, Peak:1.92M | Scene, ViewLayer | Updating Geometry BVH Expressive brow.001 46/173 | Building BVH
Fra:1 Mem:29.11M (Peak 36.08M) | Time:00:00.11 | Mem:1.92M, Peak:1.92M | Scene, ViewLayer | Updating Geometry BVH Smiling mouth.001 47/173 | Building BVH
Fra:1 Mem:29.11M (Peak 36.08M) | Time:00:00.11 | Mem:1.92M, Peak:1.92M | Scene, ViewLayer | Updating Geometry BVH Smiling mouth.001 47/173 | Building mesh BLAS |      32 tris | Smiling mouth.001
Fra:1 Mem:29.11M (Peak 36.08M) | Time:00:00.11 | Mem:1.92M, Peak:1.92M | Scene, ViewLayer | Updating Geometry BVH Smiling mouth.001 47/173 | Building mesh BLAS |     320 tris | Pupil.001
Fra:1 Mem:29.11M (Peak 36.08M) | Time:00:00.11 | Mem:1.92M, Peak:1.92M | Scene, ViewLayer | Updating Geometry BVH Whisker pore.003 48/173 | Building BVH
Fra:1 Mem:29.11M (Peak 36.08M) | Time:00:00.11 | Mem:1.92M, Peak:1.92M | Scene, ViewLayer | Updating Geometry BVH Whisker pore.003 48/173 | Building mesh BLAS |      64 tris | Whisker pore.003
Fra:1 Mem:29.11M (Peak 36.08M) | Time:00:00.11 | Mem:1.92M, Peak:1.92M | Scene, ViewLayer | Updating Geometry BVH Flame tail tuft.005 164/173 | Building BVH
Fra:1 Mem:29.11M (Peak 36.08M) | Time:00:00.11 | Mem:1.92M, Peak:1.92M | Scene, ViewLayer | Updating Geometry BVH Flame tail tuft.005 164/173 | Building mesh BLAS |      44 tris | Flame tail tuft.005
Fra:1 Mem:29.11M (Peak 36.08M) | Time:00:00.11 | Mem:1.92M, Peak:1.92M | Scene, ViewLayer | Updating Geometry BVH Whisker pore.004 49/173 | Building BVH
Fra:1 Mem:29.11M (Peak 36.08M) | Time:00:00.11 | Mem:1.92M, Peak:1.92M | Scene, ViewLayer | Updating Geometry BVH Whisker pore.005 50/173 | Building BVH
Fra:1 Mem:29.11M (Peak 36.08M) | Time:00:00.11 | Mem:1.92M, Peak:1.92M | Scene, ViewLayer | Updating Geometry BVH Whisker pore.005 50/173 | Building mesh BLAS |      64 tris | Whisker pore.005
Fra:1 Mem:29.11M (Peak 36.08M) | Time:00:00.11 | Mem:1.92M, Peak:1.92M | Scene, ViewLayer | Updating Geometry BVH Lower jaw 51/173 | Building BVH
Fra:1 Mem:29.11M (Peak 36.08M) | Time:00:00.11 | Mem:1.92M, Peak:1.92M | Scene, ViewLayer | Updating Geometry BVH Mouth cavity 52/173 | Building BVH
Fra:1 Mem:29.11M (Peak 36.08M) | Time:00:00.12 | Mem:1.92M, Peak:1.92M | Scene, ViewLayer | Updating Geometry BVH Lower canine 53/173 | Building BVH
Fra:1 Mem:29.11M (Peak 36.08M) | Time:00:00.12 | Mem:1.92M, Peak:1.92M | Scene, ViewLayer | Updating Geometry BVH Lower canine 53/173 | Building mesh BLAS |      38 tris | Lower canine
Fra:1 Mem:29.11M (Peak 36.08M) | Time:00:00.12 | Mem:1.92M, Peak:1.92M | Scene, ViewLayer | Updating Geometry BVH Lower canine 53/173 | Building mesh BLAS |     400 tris | Lower jaw
Fra:1 Mem:29.11M (Peak 36.08M) | Time:00:00.12 | Mem:1.92M, Peak:1.92M | Scene, ViewLayer | Updating Geometry BVH Lower canine.001 54/173 | Building BVH
Fra:1 Mem:29.11M (Peak 36.08M) | Time:00:00.12 | Mem:1.92M, Peak:1.92M | Scene, ViewLayer | Updating Geometry BVH Flame tail tuft.004 163/173 | Building BVH
Fra:1 Mem:29.11M (Peak 36.08M) | Time:00:00.12 | Mem:1.92M, Peak:1.92M | Scene, ViewLayer | Updating Geometry BVH Flame tail tuft.004 163/173 | Building mesh BLAS |      38 tris | Lower canine.001
Fra:1 Mem:29.11M (Peak 36.08M) | Time:00:00.12 | Mem:1.92M, Peak:1.92M | Scene, ViewLayer | Updating Geometry BVH Rounded lion ear 55/173 | Building BVH
Fra:1 Mem:29.11M (Peak 36.08M) | Time:00:00.12 | Mem:1.92M, Peak:1.92M | Scene, ViewLayer | Updating Geometry BVH Rounded lion ear 55/173 | Building mesh BLAS |     432 tris | Rounded lion ear
Fra:1 Mem:29.11M (Peak 36.08M) | Time:00:00.12 | Mem:1.92M, Peak:1.92M | Scene, ViewLayer | Updating Geometry BVH Inner lion ear 56/173 | Building BVH
Fra:1 Mem:29.11M (Peak 36.08M) | Time:00:00.12 | Mem:1.92M, Peak:1.92M | Scene, ViewLayer | Updating Geometry BVH Inner lion ear 56/173 | Building mesh BLAS |     320 tris | Inner lion ear
Fra:1 Mem:29.11M (Peak 36.08M) | Time:00:00.12 | Mem:1.92M, Peak:1.92M | Scene, ViewLayer | Updating Geometry BVH Rounded lion ear.001 57/173 | Building BVH
Fra:1 Mem:29.11M (Peak 36.08M) | Time:00:00.12 | Mem:1.92M, Peak:1.92M | Scene, ViewLayer | Updating Geometry BVH Rounded lion ear.001 57/173 | Building mesh BLAS |     432 tris | Rounded lion ear.001
Fra:1 Mem:29.11M (Peak 36.08M) | Time:00:00.12 | Mem:1.92M, Peak:1.92M | Scene, ViewLayer | Updating Geometry BVH Inner lion ear.001 58/173 | Building BVH
Fra:1 Mem:29.11M (Peak 36.08M) | Time:00:00.12 | Mem:1.92M, Peak:1.92M | Scene, ViewLayer | Updating Geometry BVH Inner lion ear.001 58/173 | Building mesh BLAS |     320 tris | Inner lion ear.001
Fra:1 Mem:29.11M (Peak 36.08M) | Time:00:00.12 | Mem:1.92M, Peak:1.92M | Scene, ViewLayer | Updating Geometry BVH Closed sculpted rear mane cap 59/173 | Building BVH
Fra:1 Mem:29.11M (Peak 36.08M) | Time:00:00.12 | Mem:1.92M, Peak:1.92M | Scene, ViewLayer | Updating Geometry BVH Layered rear mane lock 60/173 | Building BVH
Fra:1 Mem:29.11M (Peak 36.08M) | Time:00:00.12 | Mem:1.92M, Peak:1.92M | Scene, ViewLayer | Updating Geometry BVH Layered rear mane lock 60/173 | Building mesh BLAS |      60 tris | Layered rear mane lock
Fra:1 Mem:29.11M (Peak 36.08M) | Time:00:00.12 | Mem:1.92M, Peak:1.92M | Scene, ViewLayer | Updating Geometry BVH Layered rear mane lock 60/173 | Building mesh BLAS |     332 tris | Closed sculpted rear mane cap
Fra:1 Mem:29.11M (Peak 36.08M) | Time:00:00.12 | Mem:1.92M, Peak:1.92M | Scene, ViewLayer | Updating Geometry BVH Layered rear mane lock.001 61/173 | Building BVH
Fra:1 Mem:29.11M (Peak 36.08M) | Time:00:00.12 | Mem:1.92M, Peak:1.92M | Scene, ViewLayer | Updating Geometry BVH Layered rear mane lock.002 62/173 | Building BVH
Fra:1 Mem:29.11M (Peak 36.08M) | Time:00:00.12 | Mem:1.92M, Peak:1.92M | Scene, ViewLayer | Updating Geometry BVH Layered rear mane lock.003 63/173 | Building BVH
Fra:1 Mem:29.11M (Peak 36.08M) | Time:00:00.12 | Mem:1.92M, Peak:1.92M | Scene, ViewLayer | Updating Geometry BVH Layered rear mane lock.003 63/173 | Building mesh BLAS |      60 tris | Layered rear mane lock.002
Fra:1 Mem:29.11M (Peak 36.08M) | Time:00:00.12 | Mem:1.92M, Peak:1.92M | Scene, ViewLayer | Updating Geometry BVH Layered rear mane lock.004 64/173 | Building BVH
Fra:1 Mem:29.11M (Peak 36.08M) | Time:00:00.12 | Mem:1.92M, Peak:1.92M | Scene, ViewLayer | Updating Geometry BVH Flame tail tuft.003 162/173 | Building mesh BLAS |      60 tris | Layered rear mane lock.003
Fra:1 Mem:29.11M (Peak 36.08M) | Time:00:00.12 | Mem:1.92M, Peak:1.92M | Scene, ViewLayer | Updating Geometry BVH Layered rear mane lock.006 66/173 | Building BVH
Fra:1 Mem:29.11M (Peak 36.08M) | Time:00:00.12 | Mem:1.92M, Peak:1.92M | Scene, ViewLayer | Updating Geometry BVH Layered rear mane lock.006 66/173 | Building mesh BLAS |      60 tris | Layered rear mane lock.004
Fra:1 Mem:29.11M (Peak 36.08M) | Time:00:00.12 | Mem:1.92M, Peak:1.92M | Scene, ViewLayer | Updating Geometry BVH Layered rear mane lock.006 66/173 | Building mesh BLAS |      44 tris | Flame tail tuft.003
Fra:1 Mem:29.11M (Peak 36.08M) | Time:00:00.12 | Mem:1.92M, Peak:1.92M | Scene, ViewLayer | Updating Geometry BVH Layered rear mane lock.007 67/173 | Building BVH
Fra:1 Mem:29.11M (Peak 36.08M) | Time:00:00.12 | Mem:1.92M, Peak:1.92M | Scene, ViewLayer | Updating Geometry BVH Layered rear mane lock.007 67/173 | Building mesh BLAS |      60 tris | Layered rear mane lock.006
Fra:1 Mem:29.11M (Peak 36.08M) | Time:00:00.12 | Mem:1.92M, Peak:1.92M | Scene, ViewLayer | Updating Geometry BVH Layered rear mane lock.007 67/173 | Building mesh BLAS |      60 tris | Layered rear mane lock.007
Fra:1 Mem:29.11M (Peak 36.08M) | Time:00:00.12 | Mem:1.92M, Peak:1.92M | Scene, ViewLayer | Updating Geometry BVH Layered rear mane lock.007 67/173 | Building mesh BLAS |      60 tris | Layered rear mane lock.005
Fra:1 Mem:29.11M (Peak 36.08M) | Time:00:00.12 | Mem:1.92M, Peak:1.92M | Scene, ViewLayer | Updating Geometry BVH Layered rear mane lock.008 68/173 | Building BVH
Fra:1 Mem:29.11M (Peak 36.08M) | Time:00:00.12 | Mem:1.92M, Peak:1.92M | Scene, ViewLayer | Updating Geometry BVH Layered rear mane lock.008 68/173 | Building mesh BLAS |      60 tris | Layered rear mane lock.008
Fra:1 Mem:29.11M (Peak 36.08M) | Time:00:00.12 | Mem:1.92M, Peak:1.92M | Scene, ViewLayer | Updating Geometry BVH Layered rear mane lock.009 69/173 | Building BVH
Fra:1 Mem:29.11M (Peak 36.08M) | Time:00:00.12 | Mem:1.92M, Peak:1.92M | Scene, ViewLayer | Updating Geometry BVH Layered rear mane lock.009 69/173 | Building mesh BLAS |      60 tris | Layered rear mane lock.009
Fra:1 Mem:29.11M (Peak 36.08M) | Time:00:00.12 | Mem:1.92M, Peak:1.92M | Scene, ViewLayer | Updating Geometry BVH Layered rear mane lock.010 70/173 | Building BVH
Fra:1 Mem:29.11M (Peak 36.08M) | Time:00:00.12 | Mem:1.92M, Peak:1.92M | Scene, ViewLayer | Updating Geometry BVH Layered rear mane lock.010 70/173 | Building mesh BLAS |      60 tris | Layered rear mane lock.010
Fra:1 Mem:29.11M (Peak 36.08M) | Time:00:00.12 | Mem:1.92M, Peak:1.92M | Scene, ViewLayer | Updating Geometry BVH Flame tail tuft.002 161/173 | Building BVH
Fra:1 Mem:29.11M (Peak 36.08M) | Time:00:00.12 | Mem:1.92M, Peak:1.92M | Scene, ViewLayer | Updating Geometry BVH Flame tail tuft.002 161/173 | Building mesh BLAS |      44 tris | Flame tail tuft.002
Fra:1 Mem:29.11M (Peak 36.08M) | Time:00:00.12 | Mem:1.92M, Peak:1.92M | Scene, ViewLayer | Updating Geometry BVH Layered rear mane lock.011 71/173 | Building BVH
Fra:1 Mem:29.11M (Peak 36.08M) | Time:00:00.12 | Mem:1.92M, Peak:1.92M | Scene, ViewLayer | Updating Geometry BVH Layered rear mane lock.012 72/173 | Building BVH
Fra:1 Mem:29.11M (Peak 36.08M) | Time:00:00.12 | Mem:1.92M, Peak:1.92M | Scene, ViewLayer | Updating Geometry BVH Layered rear mane lock.012 72/173 | Building mesh BLAS |      60 tris | Layered rear mane lock.011
Fra:1 Mem:29.11M (Peak 36.08M) | Time:00:00.12 | Mem:1.92M, Peak:1.92M | Scene, ViewLayer | Updating Geometry BVH Layered rear mane lock.012 72/173 | Building mesh BLAS |      60 tris | Layered rear mane lock.012
Fra:1 Mem:29.11M (Peak 36.08M) | Time:00:00.12 | Mem:1.92M, Peak:1.92M | Scene, ViewLayer | Updating Geometry BVH Layered rear mane lock.013 73/173 | Building BVH
Fra:1 Mem:29.11M (Peak 36.08M) | Time:00:00.12 | Mem:1.92M, Peak:1.92M | Scene, ViewLayer | Updating Geometry BVH Layered rear mane lock.013 73/173 | Building mesh BLAS |      60 tris | Layered rear mane lock.013
Fra:1 Mem:29.11M (Peak 36.08M) | Time:00:00.12 | Mem:1.92M, Peak:1.92M | Scene, ViewLayer | Updating Geometry BVH Layered rear mane lock.014 74/173 | Building BVH
Fra:1 Mem:29.11M (Peak 36.08M) | Time:00:00.12 | Mem:1.92M, Peak:1.92M | Scene, ViewLayer | Updating Geometry BVH Layered rear mane lock.014 74/173 | Building mesh BLAS |      60 tris | Layered rear mane lock.014
Fra:1 Mem:29.11M (Peak 36.08M) | Time:00:00.12 | Mem:1.92M, Peak:1.92M | Scene, ViewLayer | Updating Geometry BVH Layered rear mane lock.015 75/173 | Building BVH
Fra:1 Mem:29.11M (Peak 36.08M) | Time:00:00.12 | Mem:1.92M, Peak:1.92M | Scene, ViewLayer | Updating Geometry BVH Layered rear mane lock.015 75/173 | Building mesh BLAS |      60 tris | Layered rear mane lock.015
Fra:1 Mem:29.11M (Peak 36.08M) | Time:00:00.12 | Mem:1.92M, Peak:1.92M | Scene, ViewLayer | Updating Geometry BVH Layered rear mane lock.016 76/173 | Building BVH
Fra:1 Mem:29.11M (Peak 36.08M) | Time:00:00.12 | Mem:1.92M, Peak:1.92M | Scene, ViewLayer | Updating Geometry BVH Layered rear mane lock.016 76/173 | Building mesh BLAS |      60 tris | Layered rear mane lock.016
Fra:1 Mem:29.11M (Peak 36.08M) | Time:00:00.12 | Mem:1.92M, Peak:1.92M | Scene, ViewLayer | Updating Geometry BVH Layered rear mane lock.017 77/173 | Building BVH
Fra:1 Mem:29.11M (Peak 36.08M) | Time:00:00.12 | Mem:1.92M, Peak:1.92M | Scene, ViewLayer | Updating Geometry BVH Layered rear mane lock.017 77/173 | Building mesh BLAS |      60 tris | Layered rear mane lock.017
Fra:1 Mem:29.11M (Peak 36.08M) | Time:00:00.12 | Mem:1.92M, Peak:1.92M | Scene, ViewLayer | Updating Geometry BVH Flame tail tuft.001 160/173 | Building BVH
Fra:1 Mem:29.11M (Peak 36.08M) | Time:00:00.12 | Mem:1.92M, Peak:1.92M | Scene, ViewLayer | Updating Geometry BVH Flame tail tuft.001 160/173 | Building mesh BLAS |      44 tris | Flame tail tuft.001
Fra:1 Mem:29.11M (Peak 36.08M) | Time:00:00.12 | Mem:1.92M, Peak:1.92M | Scene, ViewLayer | Updating Geometry BVH Layered rear mane lock.018 78/173 | Building BVH
Fra:1 Mem:29.11M (Peak 36.08M) | Time:00:00.12 | Mem:1.92M, Peak:1.92M | Scene, ViewLayer | Updating Geometry BVH Layered rear mane lock.018 78/173 | Building mesh BLAS |      60 tris | Layered rear mane lock.018
Fra:1 Mem:29.11M (Peak 36.08M) | Time:00:00.12 | Mem:1.92M, Peak:1.92M | Scene, ViewLayer | Updating Geometry BVH Layered rear mane lock.019 79/173 | Building BVH
Fra:1 Mem:29.11M (Peak 36.08M) | Time:00:00.12 | Mem:1.92M, Peak:1.92M | Scene, ViewLayer | Updating Geometry BVH Layered rear mane lock.019 79/173 | Building mesh BLAS |      60 tris | Layered rear mane lock.019
Fra:1 Mem:29.11M (Peak 36.08M) | Time:00:00.13 | Mem:1.92M, Peak:1.92M | Scene, ViewLayer | Updating Geometry BVH Layered rear mane lock.020 80/173 | Building BVH
Fra:1 Mem:29.11M (Peak 36.08M) | Time:00:00.13 | Mem:1.92M, Peak:1.92M | Scene, ViewLayer | Updating Geometry BVH Layered rear mane lock.020 80/173 | Building mesh BLAS |      60 tris | Layered rear mane lock.020
Fra:1 Mem:29.11M (Peak 36.08M) | Time:00:00.13 | Mem:1.92M, Peak:1.92M | Scene, ViewLayer | Updating Geometry BVH Layered rear mane lock.021 81/173 | Building BVH
Fra:1 Mem:29.11M (Peak 36.08M) | Time:00:00.13 | Mem:1.92M, Peak:1.92M | Scene, ViewLayer | Updating Geometry BVH Layered rear mane lock.021 81/173 | Building mesh BLAS |      60 tris | Layered rear mane lock.021
Fra:1 Mem:29.11M (Peak 36.08M) | Time:00:00.13 | Mem:1.92M, Peak:1.92M | Scene, ViewLayer | Updating Geometry BVH Layered rear mane lock.022 82/173 | Building BVH
Fra:1 Mem:29.11M (Peak 36.08M) | Time:00:00.13 | Mem:1.92M, Peak:1.92M | Scene, ViewLayer | Updating Geometry BVH Layered rear mane lock.022 82/173 | Building mesh BLAS |      60 tris | Layered rear mane lock.022
Fra:1 Mem:29.11M (Peak 36.08M) | Time:00:00.13 | Mem:1.92M, Peak:1.92M | Scene, ViewLayer | Updating Geometry BVH Sculpted mane lock 83/173 | Building BVH
Fra:1 Mem:29.11M (Peak 36.08M) | Time:00:00.13 | Mem:1.92M, Peak:1.92M | Scene, ViewLayer | Updating Geometry BVH Sculpted mane lock 83/173 | Building mesh BLAS |      60 tris | Sculpted mane lock
Fra:1 Mem:29.11M (Peak 36.08M) | Time:00:00.13 | Mem:1.92M, Peak:1.92M | Scene, ViewLayer | Updating Geometry BVH Sculpted mane lock.001 84/173 | Building BVH
Fra:1 Mem:29.11M (Peak 36.08M) | Time:00:00.13 | Mem:1.92M, Peak:1.92M | Scene, ViewLayer | Updating Geometry BVH Sculpted mane lock.001 84/173 | Building mesh BLAS |      60 tris | Sculpted mane lock.001
Fra:1 Mem:29.11M (Peak 36.08M) | Time:00:00.13 | Mem:2.13M, Peak:2.13M | Scene, ViewLayer | Updating Geometry BVH Flame tail tuft 159/173 | Building BVH
Fra:1 Mem:29.11M (Peak 36.08M) | Time:00:00.13 | Mem:2.13M, Peak:2.13M | Scene, ViewLayer | Updating Geometry BVH Flame tail tuft 159/173 | Building mesh BLAS |      44 tris | Flame tail tuft
Fra:1 Mem:29.11M (Peak 36.08M) | Time:00:00.13 | Mem:2.13M, Peak:2.13M | Scene, ViewLayer | Updating Geometry BVH Sculpted mane lock.002 85/173 | Building BVH
Fra:1 Mem:29.11M (Peak 36.08M) | Time:00:00.13 | Mem:2.13M, Peak:2.13M | Scene, ViewLayer | Updating Geometry BVH Sculpted mane lock.002 85/173 | Building mesh BLAS |      60 tris | Sculpted mane lock.002
Fra:1 Mem:29.11M (Peak 36.08M) | Time:00:00.13 | Mem:2.13M, Peak:2.13M | Scene, ViewLayer | Updating Geometry BVH Sculpted mane lock.003 86/173 | Building BVH
Fra:1 Mem:29.11M (Peak 36.08M) | Time:00:00.13 | Mem:2.13M, Peak:2.13M | Scene, ViewLayer | Updating Geometry BVH Sculpted mane lock.003 86/173 | Building mesh BLAS |      60 tris | Sculpted mane lock.003
Fra:1 Mem:29.11M (Peak 36.08M) | Time:00:00.13 | Mem:2.13M, Peak:2.13M | Scene, ViewLayer | Updating Geometry BVH Sculpted mane lock.004 87/173 | Building BVH
Fra:1 Mem:29.11M (Peak 36.08M) | Time:00:00.13 | Mem:2.13M, Peak:2.13M | Scene, ViewLayer | Updating Geometry BVH Sculpted mane lock.004 87/173 | Building mesh BLAS |      60 tris | Sculpted mane lock.004
Fra:1 Mem:29.11M (Peak 36.08M) | Time:00:00.13 | Mem:2.14M, Peak:2.14M | Scene, ViewLayer | Updating Geometry BVH Sculpted mane lock.005 88/173 | Building BVH
Fra:1 Mem:29.11M (Peak 36.08M) | Time:00:00.13 | Mem:2.14M, Peak:2.14M | Scene, ViewLayer | Updating Geometry BVH Sculpted mane lock.005 88/173 | Building mesh BLAS |      60 tris | Sculpted mane lock.005
Fra:1 Mem:29.11M (Peak 36.08M) | Time:00:00.13 | Mem:2.14M, Peak:2.14M | Scene, ViewLayer | Updating Geometry BVH Sculpted mane lock.006 89/173 | Building BVH
Fra:1 Mem:29.11M (Peak 36.08M) | Time:00:00.13 | Mem:2.14M, Peak:2.14M | Scene, ViewLayer | Updating Geometry BVH Sculpted mane lock.006 89/173 | Building mesh BLAS |      60 tris | Sculpted mane lock.006
Fra:1 Mem:29.11M (Peak 36.08M) | Time:00:00.13 | Mem:2.14M, Peak:2.14M | Scene, ViewLayer | Updating Geometry BVH Sculpted mane lock.007 90/173 | Building BVH
Fra:1 Mem:29.11M (Peak 36.08M) | Time:00:00.13 | Mem:2.14M, Peak:2.14M | Scene, ViewLayer | Updating Geometry BVH Sculpted mane lock.007 90/173 | Building mesh BLAS |      60 tris | Sculpted mane lock.007
Fra:1 Mem:29.11M (Peak 36.08M) | Time:00:00.13 | Mem:2.17M, Peak:2.17M | Scene, ViewLayer | Updating Geometry BVH Articulated tail 158/173 | Building BVH
Fra:1 Mem:29.11M (Peak 36.08M) | Time:00:00.13 | Mem:2.17M, Peak:2.17M | Scene, ViewLayer | Updating Geometry BVH Sculpted mane lock.008 91/173 | Building BVH
Fra:1 Mem:29.11M (Peak 36.08M) | Time:00:00.13 | Mem:2.17M, Peak:2.17M | Scene, ViewLayer | Updating Geometry BVH Sculpted mane lock.009 92/173 | Building mesh BLAS |      60 tris | Sculpted mane lock.008
Fra:1 Mem:29.11M (Peak 36.08M) | Time:00:00.13 | Mem:2.17M, Peak:2.17M | Scene, ViewLayer | Updating Geometry BVH Sculpted mane lock.010 93/173 | Building BVH
Fra:1 Mem:29.11M (Peak 36.08M) | Time:00:00.13 | Mem:2.18M, Peak:2.18M | Scene, ViewLayer | Updating Geometry BVH Sculpted mane lock.011 94/173 | Building BVH
Fra:1 Mem:29.11M (Peak 36.08M) | Time:00:00.13 | Mem:2.19M, Peak:2.19M | Scene, ViewLayer | Updating Geometry BVH Sculpted mane lock.011 94/173 | Building mesh BLAS |      60 tris | Sculpted mane lock.011
Fra:1 Mem:29.11M (Peak 36.08M) | Time:00:00.13 | Mem:2.19M, Peak:2.19M | Scene, ViewLayer | Updating Geometry BVH Sculpted mane lock.011 94/173 | Building mesh BLAS |      60 tris | Sculpted mane lock.009
Fra:1 Mem:29.11M (Peak 36.08M) | Time:00:00.13 | Mem:2.20M, Peak:2.20M | Scene, ViewLayer | Updating Geometry BVH Sculpted mane lock.012 95/173 | Building BVH
Fra:1 Mem:29.11M (Peak 36.08M) | Time:00:00.13 | Mem:2.20M, Peak:2.20M | Scene, ViewLayer | Updating Geometry BVH Sculpted mane lock.012 95/173 | Building mesh BLAS |      60 tris | Sculpted mane lock.012
Fra:1 Mem:29.11M (Peak 36.08M) | Time:00:00.13 | Mem:2.20M, Peak:2.20M | Scene, ViewLayer | Updating Geometry BVH Sculpted mane lock.013 96/173 | Building BVH
Fra:1 Mem:29.11M (Peak 36.08M) | Time:00:00.13 | Mem:2.20M, Peak:2.20M | Scene, ViewLayer | Updating Geometry BVH Sculpted mane lock.013 96/173 | Building mesh BLAS |      60 tris | Sculpted mane lock.013
Fra:1 Mem:29.11M (Peak 36.08M) | Time:00:00.13 | Mem:2.22M, Peak:2.22M | Scene, ViewLayer | Updating Geometry BVH Sculpted mane lock.014 97/173 | Building BVH
Fra:1 Mem:29.11M (Peak 36.08M) | Time:00:00.13 | Mem:2.22M, Peak:2.22M | Scene, ViewLayer | Updating Geometry BVH Sculpted mane lock.014 97/173 | Building mesh BLAS |      60 tris | Sculpted mane lock.014
Fra:1 Mem:29.11M (Peak 36.08M) | Time:00:00.13 | Mem:2.30M, Peak:2.30M | Scene, ViewLayer | Updating Geometry BVH Sculpted mane lock.015 98/173 | Building BVH
Fra:1 Mem:29.11M (Peak 36.08M) | Time:00:00.13 | Mem:2.44M, Peak:2.44M | Scene, ViewLayer | Updating Geometry BVH Sculpted mane lock.015 98/173 | Building mesh BLAS |      60 tris | Sculpted mane lock.015
Fra:1 Mem:29.11M (Peak 36.08M) | Time:00:00.13 | Mem:2.48M, Peak:2.48M | Scene, ViewLayer | Updating Geometry BVH Sculpted mane lock.016 99/173 | Building BVH
Fra:1 Mem:29.11M (Peak 36.08M) | Time:00:00.13 | Mem:2.48M, Peak:2.48M | Scene, ViewLayer | Updating Geometry BVH Sculpted mane lock.016 99/173 | Building mesh BLAS |      60 tris | Sculpted mane lock.016
Fra:1 Mem:29.11M (Peak 36.08M) | Time:00:00.13 | Mem:2.48M, Peak:2.48M | Scene, ViewLayer | Updating Geometry BVH Sculpted mane lock.017 100/173 | Building BVH
Fra:1 Mem:29.11M (Peak 36.08M) | Time:00:00.13 | Mem:2.51M, Peak:2.51M | Scene, ViewLayer | Updating Geometry BVH Sculpted mane lock.017 100/173 | Building mesh BLAS |      60 tris | Sculpted mane lock.017
Fra:1 Mem:29.11M (Peak 36.08M) | Time:00:00.13 | Mem:2.51M, Peak:2.51M | Scene, ViewLayer | Updating Geometry BVH Sculpted mane lock.018 101/173 | Building BVH
Fra:1 Mem:29.11M (Peak 36.08M) | Time:00:00.13 | Mem:2.51M, Peak:2.51M | Scene, ViewLayer | Updating Geometry BVH Wrist fur.011 157/173 | Building BVH
Fra:1 Mem:29.11M (Peak 36.08M) | Time:00:00.13 | Mem:2.51M, Peak:2.51M | Scene, ViewLayer | Updating Geometry BVH Wrist fur.011 157/173 | Building mesh BLAS |      60 tris | Sculpted mane lock.018
Fra:1 Mem:29.11M (Peak 36.08M) | Time:00:00.13 | Mem:2.54M, Peak:2.54M | Scene, ViewLayer | Updating Geometry BVH Wrist fur.011 157/173 | Building mesh BLAS |      44 tris | Wrist fur.011
Fra:1 Mem:29.11M (Peak 36.08M) | Time:00:00.13 | Mem:2.55M, Peak:2.55M | Scene, ViewLayer | Updating Geometry BVH Sculpted mane lock.019 102/173 | Building BVH
Fra:1 Mem:29.11M (Peak 36.08M) | Time:00:00.13 | Mem:2.55M, Peak:2.55M | Scene, ViewLayer | Updating Geometry BVH Sculpted mane lock.019 102/173 | Building mesh BLAS |      60 tris | Sculpted mane lock.019
Fra:1 Mem:29.11M (Peak 36.08M) | Time:00:00.13 | Mem:2.56M, Peak:2.56M | Scene, ViewLayer | Updating Geometry BVH Sculpted mane lock.020 103/173 | Building BVH
Fra:1 Mem:29.11M (Peak 36.08M) | Time:00:00.13 | Mem:2.56M, Peak:2.56M | Scene, ViewLayer | Updating Geometry BVH Sculpted mane lock.020 103/173 | Building mesh BLAS |      60 tris | Sculpted mane lock.020
Fra:1 Mem:29.11M (Peak 36.08M) | Time:00:00.13 | Mem:2.57M, Peak:2.57M | Scene, ViewLayer | Updating Geometry BVH Sculpted mane lock.021 104/173 | Building BVH
Fra:1 Mem:29.11M (Peak 36.08M) | Time:00:00.13 | Mem:2.57M, Peak:2.57M | Scene, ViewLayer | Updating Geometry BVH Sculpted mane lock.021 104/173 | Building mesh BLAS |      60 tris | Sculpted mane lock.021
Fra:1 Mem:29.11M (Peak 36.08M) | Time:00:00.13 | Mem:2.60M, Peak:2.60M | Scene, ViewLayer | Updating Geometry BVH Sculpted mane lock.022 105/173 | Building BVH
Fra:1 Mem:29.11M (Peak 36.08M) | Time:00:00.13 | Mem:2.60M, Peak:2.60M | Scene, ViewLayer | Updating Geometry BVH Sculpted mane lock.022 105/173 | Building mesh BLAS |      60 tris | Sculpted mane lock.022
Fra:1 Mem:29.11M (Peak 36.08M) | Time:00:00.13 | Mem:2.60M, Peak:2.60M | Scene, ViewLayer | Updating Geometry BVH Sculpted mane lock.023 106/173 | Building BVH
Fra:1 Mem:29.11M (Peak 36.08M) | Time:00:00.13 | Mem:2.60M, Peak:2.60M | Scene, ViewLayer | Updating Geometry BVH Sculpted mane lock.024 107/173 | Building BVH
Fra:1 Mem:29.11M (Peak 36.08M) | Time:00:00.13 | Mem:2.60M, Peak:2.60M | Scene, ViewLayer | Updating Geometry BVH Sculpted mane lock.024 107/173 | Building mesh BLAS |      60 tris | Sculpted mane lock.023
Fra:1 Mem:29.11M (Peak 36.08M) | Time:00:00.13 | Mem:2.60M, Peak:2.60M | Scene, ViewLayer | Updating Geometry BVH Sculpted mane lock.024 107/173 | Building mesh BLAS |      60 tris | Sculpted mane lock.024
Fra:1 Mem:29.11M (Peak 36.08M) | Time:00:00.13 | Mem:2.67M, Peak:2.67M | Scene, ViewLayer | Updating Geometry BVH Wrist fur.010 156/173 | Building BVH
Fra:1 Mem:29.11M (Peak 36.08M) | Time:00:00.13 | Mem:2.68M, Peak:2.68M | Scene, ViewLayer | Updating Geometry BVH Sculpted mane lock.025 108/173 | Building BVH
Fra:1 Mem:29.11M (Peak 36.08M) | Time:00:00.13 | Mem:2.69M, Peak:2.69M | Scene, ViewLayer | Updating Geometry BVH Sculpted mane lock.025 108/173 | Building mesh BLAS |      60 tris | Sculpted mane lock.025
Fra:1 Mem:29.11M (Peak 36.08M) | Time:00:00.13 | Mem:2.69M, Peak:2.69M | Scene, ViewLayer | Updating Geometry BVH Sculpted mane lock.026 109/173 | Building BVH
Fra:1 Mem:29.11M (Peak 36.08M) | Time:00:00.13 | Mem:2.69M, Peak:2.69M | Scene, ViewLayer | Updating Geometry BVH Sculpted mane lock.028 111/173 | Building BVH
Fra:1 Mem:29.11M (Peak 36.08M) | Time:00:00.13 | Mem:2.69M, Peak:2.69M | Scene, ViewLayer | Updating Geometry BVH Sculpted mane lock.029 112/173 | Building mesh BLAS |      60 tris | Sculpted mane lock.026
Fra:1 Mem:29.11M (Peak 36.08M) | Time:00:00.13 | Mem:2.69M, Peak:2.69M | Scene, ViewLayer | Updating Geometry BVH Sculpted mane lock.029 112/173 | Building mesh BLAS |      60 tris | Sculpted mane lock.028
Fra:1 Mem:29.11M (Peak 36.08M) | Time:00:00.13 | Mem:2.70M, Peak:2.70M | Scene, ViewLayer | Updating Geometry BVH Sculpted mane lock.029 112/173 | Building mesh BLAS |      60 tris | Sculpted mane lock.027
Fra:1 Mem:29.11M (Peak 36.08M) | Time:00:00.13 | Mem:2.70M, Peak:2.70M | Scene, ViewLayer | Updating Geometry BVH Sculpted mane lock.030 113/173 | Building BVH
Fra:1 Mem:29.11M (Peak 36.08M) | Time:00:00.13 | Mem:2.70M, Peak:2.70M | Scene, ViewLayer | Updating Geometry BVH Sculpted mane lock.031 114/173 | Building BVH
Fra:1 Mem:29.11M (Peak 36.08M) | Time:00:00.13 | Mem:2.70M, Peak:2.70M | Scene, ViewLayer | Updating Geometry BVH Sculpted mane lock.032 115/173 | Building BVH
Fra:1 Mem:29.11M (Peak 36.08M) | Time:00:00.13 | Mem:2.71M, Peak:2.71M | Scene, ViewLayer | Updating Geometry BVH Sculpted mane lock.034 117/173 | Building mesh BLAS |      60 tris | Sculpted mane lock.032
Fra:1 Mem:29.11M (Peak 36.08M) | Time:00:00.13 | Mem:2.71M, Peak:2.71M | Scene, ViewLayer | Updating Geometry BVH Sculpted mane lock.034 117/173 | Building mesh BLAS |      60 tris | Sculpted mane lock.033
Fra:1 Mem:29.11M (Peak 36.08M) | Time:00:00.13 | Mem:2.71M, Peak:2.71M | Scene, ViewLayer | Updating Geometry BVH Sculpted mane lock.034 117/173 | Building mesh BLAS |      44 tris | Wrist fur.009
Fra:1 Mem:29.11M (Peak 36.08M) | Time:00:00.13 | Mem:2.71M, Peak:2.71M | Scene, ViewLayer | Updating Geometry BVH Sculpted mane lock.034 117/173 | Building mesh BLAS |      60 tris | Sculpted mane lock.034
Fra:1 Mem:29.11M (Peak 36.08M) | Time:00:00.13 | Mem:2.76M, Peak:2.76M | Scene, ViewLayer | Updating Geometry BVH Sculpted mane lock.035 118/173 | Building BVH
Fra:1 Mem:29.11M (Peak 36.08M) | Time:00:00.13 | Mem:2.77M, Peak:2.77M | Scene, ViewLayer | Updating Geometry BVH Sculpted mane lock.036 119/173 | Building BVH
Fra:1 Mem:29.11M (Peak 36.08M) | Time:00:00.13 | Mem:2.77M, Peak:2.77M | Scene, ViewLayer | Updating Geometry BVH Sculpted mane lock.036 119/173 | Building mesh BLAS |      60 tris | Sculpted mane lock.035
Fra:1 Mem:29.11M (Peak 36.08M) | Time:00:00.13 | Mem:2.81M, Peak:2.81M | Scene, ViewLayer | Updating Geometry BVH Sculpted mane lock.036 119/173 | Building mesh BLAS |      60 tris | Sculpted mane lock.036
Fra:1 Mem:29.11M (Peak 36.08M) | Time:00:00.13 | Mem:2.84M, Peak:2.84M | Scene, ViewLayer | Updating Geometry BVH Sculpted mane lock.040 123/173 | Building BVH
Fra:1 Mem:29.11M (Peak 36.08M) | Time:00:00.13 | Mem:2.85M, Peak:2.85M | Scene, ViewLayer | Updating Geometry BVH Sculpted mane lock.041 124/173 | Building BVH
Fra:1 Mem:29.11M (Peak 36.08M) | Time:00:00.13 | Mem:2.85M, Peak:2.85M | Scene, ViewLayer | Updating Geometry BVH Sculpted mane lock.041 124/173 | Building mesh BLAS |      60 tris | Sculpted mane lock.040
Fra:1 Mem:29.11M (Peak 36.08M) | Time:00:00.13 | Mem:2.85M, Peak:2.85M | Scene, ViewLayer | Updating Geometry BVH Sculpted mane lock.042 125/173 | Building BVH
Fra:1 Mem:29.11M (Peak 36.08M) | Time:00:00.13 | Mem:2.86M, Peak:2.86M | Scene, ViewLayer | Updating Geometry BVH Sculpted mane lock.042 125/173 | Building mesh BLAS |      60 tris | Sculpted mane lock.038
Fra:1 Mem:29.11M (Peak 36.08M) | Time:00:00.13 | Mem:2.86M, Peak:2.86M | Scene, ViewLayer | Updating Geometry BVH Sculpted mane lock.043 126/173 | Building BVH
Fra:1 Mem:29.11M (Peak 36.08M) | Time:00:00.13 | Mem:2.86M, Peak:2.86M | Scene, ViewLayer | Updating Geometry BVH Sculpted mane lock.043 126/173 | Building mesh BLAS |      60 tris | Sculpted mane lock.042
Fra:1 Mem:29.11M (Peak 36.08M) | Time:00:00.13 | Mem:2.86M, Peak:2.86M | Scene, ViewLayer | Updating Geometry BVH Sculpted mane lock.044 127/173 | Building BVH
Fra:1 Mem:29.11M (Peak 36.08M) | Time:00:00.13 | Mem:2.86M, Peak:2.86M | Scene, ViewLayer | Updating Geometry BVH Sculpted mane lock.046 129/173 | Building BVH
Fra:1 Mem:29.11M (Peak 36.08M) | Time:00:00.13 | Mem:2.86M, Peak:2.86M | Scene, ViewLayer | Updating Geometry BVH Sculpted mane lock.046 129/173 | Building mesh BLAS |      60 tris | Sculpted mane lock.044
Fra:1 Mem:29.11M (Peak 36.08M) | Time:00:00.13 | Mem:2.86M, Peak:2.86M | Scene, ViewLayer | Updating Geometry BVH Sculpted mane lock.046 129/173 | Building mesh BLAS |      60 tris | Sculpted mane lock.046
Fra:1 Mem:29.11M (Peak 36.08M) | Time:00:00.13 | Mem:2.86M, Peak:2.86M | Scene, ViewLayer | Updating Geometry BVH Sculpted mane lock.047 130/173 | Building BVH
Fra:1 Mem:29.11M (Peak 36.08M) | Time:00:00.13 | Mem:2.86M, Peak:2.86M | Scene, ViewLayer | Updating Geometry BVH Sculpted mane lock.048 131/173 | Building BVH
Fra:1 Mem:29.11M (Peak 36.08M) | Time:00:00.13 | Mem:2.86M, Peak:2.86M | Scene, ViewLayer | Updating Geometry BVH Sculpted mane lock.049 132/173 | Building BVH
Fra:1 Mem:29.11M (Peak 36.08M) | Time:00:00.13 | Mem:2.86M, Peak:2.86M | Scene, ViewLayer | Updating Geometry BVH Sculpted mane lock.049 132/173 | Building mesh BLAS |      60 tris | Sculpted mane lock.048
Fra:1 Mem:29.11M (Peak 36.08M) | Time:00:00.13 | Mem:2.86M, Peak:2.86M | Scene, ViewLayer | Updating Geometry BVH Sculpted mane lock.049 132/173 | Building mesh BLAS |      60 tris | Sculpted mane lock.045
Fra:1 Mem:29.11M (Peak 36.08M) | Time:00:00.13 | Mem:2.86M, Peak:2.86M | Scene, ViewLayer | Updating Geometry BVH Sculpted mane lock.049 132/173 | Building mesh BLAS |      60 tris | Sculpted mane lock.049
Fra:1 Mem:29.11M (Peak 36.08M) | Time:00:00.13 | Mem:2.86M, Peak:2.86M | Scene, ViewLayer | Updating Geometry BVH Sculpted mane lock.049 132/173 | Building mesh BLAS |      60 tris | Sculpted mane lock.039
Fra:1 Mem:29.11M (Peak 36.08M) | Time:00:00.13 | Mem:2.86M, Peak:2.86M | Scene, ViewLayer | Updating Geometry BVH Layered shoulder fur.010 153/173 | Building BVH
Fra:1 Mem:29.11M (Peak 36.08M) | Time:00:00.13 | Mem:2.86M, Peak:2.86M | Scene, ViewLayer | Updating Geometry BVH Layered shoulder fur.010 153/173 | Building mesh BLAS |      44 tris | Layered shoulder fur.010
Fra:1 Mem:29.11M (Peak 36.08M) | Time:00:00.13 | Mem:2.87M, Peak:2.87M | Scene, ViewLayer | Updating Geometry BVH Sculpted mane lock.050 133/173 | Building BVH
Fra:1 Mem:29.11M (Peak 36.08M) | Time:00:00.13 | Mem:2.87M, Peak:2.87M | Scene, ViewLayer | Updating Geometry BVH Sculpted mane lock.050 133/173 | Building mesh BLAS |      60 tris | Sculpted mane lock.050
Fra:1 Mem:29.11M (Peak 36.08M) | Time:00:00.13 | Mem:2.87M, Peak:2.87M | Scene, ViewLayer | Updating Geometry BVH Layered shoulder fur 134/173 | Building BVH
Fra:1 Mem:29.11M (Peak 36.08M) | Time:00:00.13 | Mem:2.87M, Peak:2.87M | Scene, ViewLayer | Updating Geometry BVH Layered shoulder fur.001 135/173 | Building BVH
Fra:1 Mem:29.11M (Peak 36.08M) | Time:00:00.13 | Mem:2.87M, Peak:2.87M | Scene, ViewLayer | Updating Geometry BVH Layered shoulder fur.001 135/173 | Building mesh BLAS |      44 tris | Layered shoulder fur
Fra:1 Mem:29.11M (Peak 36.08M) | Time:00:00.13 | Mem:2.87M, Peak:2.87M | Scene, ViewLayer | Updating Geometry BVH Layered shoulder fur.001 135/173 | Building mesh BLAS |      44 tris | Layered shoulder fur.001
Fra:1 Mem:29.11M (Peak 36.08M) | Time:00:00.13 | Mem:2.87M, Peak:2.87M | Scene, ViewLayer | Updating Geometry BVH Layered shoulder fur.002 136/173 | Building BVH
Fra:1 Mem:29.11M (Peak 36.08M) | Time:00:00.13 | Mem:2.87M, Peak:2.87M | Scene, ViewLayer | Updating Geometry BVH Wrist fur 137/173 | Building BVH
Fra:1 Mem:29.11M (Peak 36.08M) | Time:00:00.13 | Mem:2.87M, Peak:2.87M | Scene, ViewLayer | Updating Geometry BVH Wrist fur 137/173 | Building mesh BLAS |      44 tris | Layered shoulder fur.002
Fra:1 Mem:29.11M (Peak 36.08M) | Time:00:00.13 | Mem:2.87M, Peak:2.87M | Scene, ViewLayer | Updating Geometry BVH Wrist fur 137/173 | Building mesh BLAS |      44 tris | Wrist fur
Fra:1 Mem:29.11M (Peak 36.08M) | Time:00:00.14 | Mem:2.87M, Peak:2.87M | Scene, ViewLayer | Updating Geometry BVH Wrist fur.001 138/173 | Building BVH
Fra:1 Mem:29.11M (Peak 36.08M) | Time:00:00.14 | Mem:2.87M, Peak:2.87M | Scene, ViewLayer | Updating Geometry BVH Wrist fur.002 139/173 | Building BVH
Fra:1 Mem:29.11M (Peak 36.08M) | Time:00:00.14 | Mem:2.87M, Peak:2.87M | Scene, ViewLayer | Updating Geometry BVH Wrist fur.002 139/173 | Building mesh BLAS |      44 tris | Wrist fur.002
Fra:1 Mem:29.11M (Peak 36.08M) | Time:00:00.14 | Mem:2.87M, Peak:2.87M | Scene, ViewLayer | Updating Geometry BVH Layered shoulder fur.009 152/173 | Building BVH
Fra:1 Mem:29.11M (Peak 36.08M) | Time:00:00.14 | Mem:2.87M, Peak:2.87M | Scene, ViewLayer | Updating Geometry BVH Layered shoulder fur.009 152/173 | Building mesh BLAS |      44 tris | Layered shoulder fur.009
Fra:1 Mem:29.11M (Peak 36.08M) | Time:00:00.14 | Mem:2.87M, Peak:2.87M | Scene, ViewLayer | Updating Geometry BVH Layered shoulder fur.003 140/173 | Building BVH
Fra:1 Mem:29.11M (Peak 36.08M) | Time:00:00.14 | Mem:2.87M, Peak:2.87M | Scene, ViewLayer | Updating Geometry BVH Layered shoulder fur.003 140/173 | Building mesh BLAS |      44 tris | Layered shoulder fur.003
Fra:1 Mem:29.11M (Peak 36.08M) | Time:00:00.14 | Mem:2.87M, Peak:2.87M | Scene, ViewLayer | Updating Geometry BVH Layered shoulder fur.004 141/173 | Building BVH
Fra:1 Mem:29.11M (Peak 36.08M) | Time:00:00.14 | Mem:2.87M, Peak:2.87M | Scene, ViewLayer | Updating Geometry BVH Layered shoulder fur.004 141/173 | Building mesh BLAS |      44 tris | Layered shoulder fur.004
Fra:1 Mem:29.11M (Peak 36.08M) | Time:00:00.14 | Mem:2.87M, Peak:2.87M | Scene, ViewLayer | Updating Geometry BVH Layered shoulder fur.005 142/173 | Building BVH
Fra:1 Mem:29.11M (Peak 36.08M) | Time:00:00.14 | Mem:2.87M, Peak:2.87M | Scene, ViewLayer | Updating Geometry BVH Wrist fur.003 143/173 | Building BVH
Fra:1 Mem:29.11M (Peak 36.08M) | Time:00:00.14 | Mem:2.87M, Peak:2.87M | Scene, ViewLayer | Updating Geometry BVH Wrist fur.003 143/173 | Building mesh BLAS |      44 tris | Wrist fur.003
Fra:1 Mem:29.11M (Peak 36.08M) | Time:00:00.14 | Mem:2.88M, Peak:2.88M | Scene, ViewLayer | Updating Geometry BVH Wrist fur.004 144/173 | Building BVH
Fra:1 Mem:29.11M (Peak 36.08M) | Time:00:00.14 | Mem:2.89M, Peak:2.89M | Scene, ViewLayer | Updating Geometry BVH Wrist fur.004 144/173 | Building mesh BLAS |      44 tris | Wrist fur.004
Fra:1 Mem:29.11M (Peak 36.08M) | Time:00:00.14 | Mem:2.89M, Peak:2.89M | Scene, ViewLayer | Updating Geometry BVH Wrist fur.005 145/173 | Building BVH
Fra:1 Mem:29.11M (Peak 36.08M) | Time:00:00.14 | Mem:2.89M, Peak:2.89M | Scene, ViewLayer | Updating Geometry BVH Wrist fur.005 145/173 | Building mesh BLAS |      44 tris | Wrist fur.005
Fra:1 Mem:29.11M (Peak 36.08M) | Time:00:00.14 | Mem:2.89M, Peak:2.89M | Scene, ViewLayer | Updating Geometry BVH Layered shoulder fur.006 146/173 | Building BVH
Fra:1 Mem:29.11M (Peak 36.08M) | Time:00:00.14 | Mem:2.89M, Peak:2.89M | Scene, ViewLayer | Updating Geometry BVH Layered shoulder fur.006 146/173 | Building mesh BLAS |      44 tris | Layered shoulder fur.006
Fra:1 Mem:29.11M (Peak 36.08M) | Time:00:00.14 | Mem:2.89M, Peak:2.89M | Scene, ViewLayer | Updating Geometry BVH Wrist fur.008 151/173 | Building BVH
Fra:1 Mem:29.11M (Peak 36.08M) | Time:00:00.14 | Mem:2.89M, Peak:2.89M | Scene, ViewLayer | Updating Geometry BVH Wrist fur.008 151/173 | Building mesh BLAS |      44 tris | Wrist fur.008
Fra:1 Mem:29.11M (Peak 36.08M) | Time:00:00.14 | Mem:2.89M, Peak:2.89M | Scene, ViewLayer | Updating Geometry BVH Layered shoulder fur.007 147/173 | Building BVH
Fra:1 Mem:29.11M (Peak 36.08M) | Time:00:00.14 | Mem:2.89M, Peak:2.89M | Scene, ViewLayer | Updating Geometry BVH Layered shoulder fur.007 147/173 | Building mesh BLAS |      44 tris | Layered shoulder fur.007
Fra:1 Mem:29.11M (Peak 36.08M) | Time:00:00.14 | Mem:2.89M, Peak:2.89M | Scene, ViewLayer | Updating Geometry BVH Layered shoulder fur.008 148/173 | Building BVH
Fra:1 Mem:29.11M (Peak 36.08M) | Time:00:00.14 | Mem:2.89M, Peak:2.89M | Scene, ViewLayer | Updating Geometry BVH Layered shoulder fur.008 148/173 | Building mesh BLAS |      44 tris | Layered shoulder fur.008
Fra:1 Mem:29.11M (Peak 36.08M) | Time:00:00.14 | Mem:2.90M, Peak:2.90M | Scene, ViewLayer | Updating Geometry BVH Wrist fur.006 149/173 | Building BVH
Fra:1 Mem:29.11M (Peak 36.08M) | Time:00:00.14 | Mem:2.90M, Peak:2.90M | Scene, ViewLayer | Updating Geometry BVH Wrist fur.007 150/173 | Building BVH
Fra:1 Mem:29.11M (Peak 36.08M) | Time:00:00.14 | Mem:2.90M, Peak:2.90M | Scene, ViewLayer | Updating Geometry BVH Wrist fur.007 150/173 | Building mesh BLAS |      44 tris | Wrist fur.006
Fra:1 Mem:29.11M (Peak 36.08M) | Time:00:00.14 | Mem:2.90M, Peak:2.90M | Scene, ViewLayer | Updating Geometry BVH Wrist fur.007 150/173 | Building mesh BLAS |      44 tris | Wrist fur.007
Fra:1 Mem:29.11M (Peak 36.08M) | Time:00:00.14 | Mem:2.91M, Peak:2.91M | Scene, ViewLayer | Updating Scene BVH | Building
Fra:1 Mem:29.12M (Peak 36.08M) | Time:00:00.15 | Mem:3.09M, Peak:3.09M | Scene, ViewLayer | Updating Scene BVH | Building TLAS      |     173 instances
Fra:1 Mem:29.12M (Peak 36.08M) | Time:00:00.15 | Mem:3.14M, Peak:3.14M | Scene, ViewLayer | Updating Scene BVH | Copying BVH to device
Fra:1 Mem:29.12M (Peak 36.08M) | Time:00:00.15 | Mem:3.14M, Peak:3.14M | Scene, ViewLayer | Updating Mesh | Computing normals
Fra:1 Mem:29.79M (Peak 36.08M) | Time:00:00.15 | Mem:3.14M, Peak:3.14M | Scene, ViewLayer | Updating Mesh | Copying Mesh to device
Fra:1 Mem:29.12M (Peak 36.08M) | Time:00:00.15 | Mem:3.83M, Peak:3.83M | Scene, ViewLayer | Updating Objects Flags
Fra:1 Mem:29.12M (Peak 36.08M) | Time:00:00.15 | Mem:3.83M, Peak:3.83M | Scene, ViewLayer | Updating Primitive Offsets
Fra:1 Mem:29.12M (Peak 36.08M) | Time:00:00.15 | Mem:3.83M, Peak:3.83M | Scene, ViewLayer | Updating Images
Fra:1 Mem:29.12M (Peak 36.08M) | Time:00:00.15 | Mem:3.83M, Peak:3.83M | Scene, ViewLayer | Updating Camera Volume
Fra:1 Mem:29.12M (Peak 36.08M) | Time:00:00.15 | Mem:3.83M, Peak:3.83M | Scene, ViewLayer | Updating Lookup Tables
Fra:1 Mem:29.04M (Peak 36.08M) | Time:00:00.15 | Mem:3.92M, Peak:3.92M | Scene, ViewLayer | Updating Lights
Fra:1 Mem:29.04M (Peak 36.08M) | Time:00:00.15 | Mem:3.92M, Peak:3.92M | Scene, ViewLayer | Updating Lights | Computing tree
Fra:1 Mem:29.04M (Peak 36.08M) | Time:00:00.15 | Mem:3.92M, Peak:3.92M | Scene, ViewLayer | Updating Integrator
Fra:1 Mem:29.04M (Peak 36.08M) | Time:00:00.15 | Mem:3.92M, Peak:3.92M | Scene, ViewLayer | Updating Film
Fra:1 Mem:29.12M (Peak 36.08M) | Time:00:00.15 | Mem:3.83M, Peak:3.92M | Scene, ViewLayer | Updating Lookup Tables
Fra:1 Mem:29.04M (Peak 36.08M) | Time:00:00.15 | Mem:3.92M, Peak:3.92M | Scene, ViewLayer | Updating Baking
Fra:1 Mem:29.04M (Peak 36.08M) | Time:00:00.15 | Mem:3.92M, Peak:3.92M | Scene, ViewLayer | Updating Device | Writing constant memory
Fra:1 Mem:29.04M (Peak 36.08M) | Time:00:00.17 | Mem:3.92M, Peak:3.92M | Scene, ViewLayer | Loading denoising kernels (may take a few minutes the first time)
Fra:1 Mem:29.04M (Peak 61.04M) | Time:00:00.18 | Mem:2819.94M, Peak:2819.94M | Scene, ViewLayer | Sample 0/12 (Using optimized kernels)
Fra:1 Mem:29.03M (Peak 64.55M) | Time:00:00.43 | Remaining:00:02.82 | Mem:2855.48M, Peak:2855.48M | Scene, ViewLayer | Sample 1/12 (Using optimized kernels)
Fra:1 Mem:43.99M (Peak 66.42M) | Time:00:02.42 | Mem:2855.48M, Peak:2855.48M | Scene, ViewLayer | Sample 12/12 (Using optimized kernels)
Fra:1 Mem:43.99M (Peak 66.42M) | Time:00:02.42 | Mem:2855.48M, Peak:2855.48M | Scene, ViewLayer | Finished
Saved: '/Users/chikumatsuboi/Code/animal-racers-western/assets/source/western/qa/form-cycle-3/after/lion-race_idle-01.png'
Time: 00:03.19 (Saving: 00:00.62)

Fra:1 Mem:33.99M (Peak 33.99M) | Time:00:00.03 | Mem:0.02M, Peak:0.02M | Scene, ViewLayer | Synchronizing object | Body • continuous sculpted skin
Fra:1 Mem:33.99M (Peak 33.99M) | Time:00:00.03 | Mem:0.02M, Peak:0.02M | Scene, ViewLayer | Synchronizing object | Ivory claw.002
Fra:1 Mem:34.27M (Peak 34.27M) | Time:00:00.03 | Mem:0.02M, Peak:0.02M | Scene, ViewLayer | Synchronizing object | Paw toe.003
Fra:1 Mem:34.27M (Peak 34.27M) | Time:00:00.03 | Mem:0.02M, Peak:0.02M | Scene, ViewLayer | Synchronizing object | Ivory claw.003
Fra:1 Mem:34.29M (Peak 34.29M) | Time:00:00.03 | Mem:0.02M, Peak:0.02M | Scene, ViewLayer | Synchronizing object | Paw toe.004
Fra:1 Mem:34.29M (Peak 34.29M) | Time:00:00.03 | Mem:0.02M, Peak:0.02M | Scene, ViewLayer | Synchronizing object | Ivory claw.004
Fra:1 Mem:34.31M (Peak 34.31M) | Time:00:00.03 | Mem:0.02M, Peak:0.02M | Scene, ViewLayer | Synchronizing object | Paw toe.005
Fra:1 Mem:34.32M (Peak 34.32M) | Time:00:00.03 | Mem:0.02M, Peak:0.02M | Scene, ViewLayer | Synchronizing object | Ivory claw.005
Fra:1 Mem:34.37M (Peak 34.37M) | Time:00:00.03 | Mem:0.02M, Peak:0.02M | Scene, ViewLayer | Synchronizing object | Paw toe.006
Fra:1 Mem:34.38M (Peak 34.38M) | Time:00:00.03 | Mem:0.02M, Peak:0.02M | Scene, ViewLayer | Synchronizing object | Ivory claw.006
Fra:1 Mem:34.38M (Peak 34.38M) | Time:00:00.03 | Mem:0.02M, Peak:0.02M | Scene, ViewLayer | Synchronizing object | Ivory claw.007
Fra:1 Mem:34.42M (Peak 34.42M) | Time:00:00.03 | Mem:0.02M, Peak:0.02M | Scene, ViewLayer | Synchronizing object | Paw toe.008
Fra:1 Mem:34.53M (Peak 34.53M) | Time:00:00.03 | Mem:0.02M, Peak:0.02M | Scene, ViewLayer | Synchronizing object | Ivory claw.008
Fra:1 Mem:34.53M (Peak 34.53M) | Time:00:00.03 | Mem:0.02M, Peak:0.02M | Scene, ViewLayer | Synchronizing object | Paw toe.009
Fra:1 Mem:34.55M (Peak 34.55M) | Time:00:00.03 | Mem:0.02M, Peak:0.02M | Scene, ViewLayer | Synchronizing object | Ivory claw.009
Fra:1 Mem:34.56M (Peak 34.56M) | Time:00:00.03 | Mem:0.02M, Peak:0.02M | Scene, ViewLayer | Synchronizing object | Paw toe.010
Fra:1 Mem:34.56M (Peak 34.56M) | Time:00:00.03 | Mem:0.02M, Peak:0.02M | Scene, ViewLayer | Synchronizing object | Paw toe.011
Fra:1 Mem:34.58M (Peak 34.58M) | Time:00:00.03 | Mem:0.02M, Peak:0.02M | Scene, ViewLayer | Synchronizing object | Ivory claw.011
Fra:1 Mem:34.60M (Peak 34.60M) | Time:00:00.03 | Mem:0.02M, Peak:0.02M | Scene, ViewLayer | Synchronizing object | Head • species sculpt
Fra:1 Mem:34.60M (Peak 34.60M) | Time:00:00.03 | Mem:0.02M, Peak:0.02M | Scene, ViewLayer | Synchronizing object | Cream muzzle pad
Fra:1 Mem:34.78M (Peak 34.78M) | Time:00:00.03 | Mem:0.02M, Peak:0.02M | Scene, ViewLayer | Synchronizing object | Cream muzzle pad.001
Fra:1 Mem:34.83M (Peak 34.83M) | Time:00:00.03 | Mem:0.02M, Peak:0.02M | Scene, ViewLayer | Synchronizing object | Heart shaped nose
Fra:1 Mem:34.83M (Peak 34.83M) | Time:00:00.03 | Mem:0.02M, Peak:0.02M | Scene, ViewLayer | Synchronizing object | Eye socket
Fra:1 Mem:35.02M (Peak 35.02M) | Time:00:00.03 | Mem:0.02M, Peak:0.02M | Scene, ViewLayer | Synchronizing object | Ivory eye
Fra:1 Mem:34.97M (Peak 35.02M) | Time:00:00.03 | Mem:0.02M, Peak:0.02M | Scene, ViewLayer | Synchronizing object | Pupil
Fra:1 Mem:35.02M (Peak 35.02M) | Time:00:00.03 | Mem:0.02M, Peak:0.02M | Scene, ViewLayer | Synchronizing object | Eye glint
Fra:1 Mem:35.02M (Peak 35.02M) | Time:00:00.03 | Mem:0.02M, Peak:0.02M | Scene, ViewLayer | Synchronizing object | Expressive brow
Fra:1 Mem:35.03M (Peak 35.03M) | Time:00:00.03 | Mem:0.02M, Peak:0.02M | Scene, ViewLayer | Synchronizing object | Smiling mouth
Fra:1 Mem:35.04M (Peak 35.04M) | Time:00:00.03 | Mem:0.02M, Peak:0.02M | Scene, ViewLayer | Synchronizing object | Whisker pore
Fra:1 Mem:35.04M (Peak 35.04M) | Time:00:00.03 | Mem:0.02M, Peak:0.02M | Scene, ViewLayer | Synchronizing object | Whisker pore.001
Fra:1 Mem:35.04M (Peak 35.04M) | Time:00:00.03 | Mem:0.02M, Peak:0.02M | Scene, ViewLayer | Synchronizing object | Whisker pore.002
Fra:1 Mem:35.05M (Peak 35.05M) | Time:00:00.03 | Mem:0.02M, Peak:0.02M | Scene, ViewLayer | Synchronizing object | Eye socket.001
Fra:1 Mem:35.11M (Peak 35.11M) | Time:00:00.03 | Mem:0.02M, Peak:0.02M | Scene, ViewLayer | Synchronizing object | Ivory eye.001
Fra:1 Mem:35.13M (Peak 35.13M) | Time:00:00.03 | Mem:0.02M, Peak:0.02M | Scene, ViewLayer | Synchronizing object | Iris.001
Fra:1 Mem:35.16M (Peak 35.16M) | Time:00:00.03 | Mem:0.02M, Peak:0.02M | Scene, ViewLayer | Synchronizing object | Pupil.001
Fra:1 Mem:35.18M (Peak 35.18M) | Time:00:00.03 | Mem:0.02M, Peak:0.02M | Scene, ViewLayer | Synchronizing object | Eye glint.001
Fra:1 Mem:35.20M (Peak 35.20M) | Time:00:00.03 | Mem:0.02M, Peak:0.02M | Scene, ViewLayer | Synchronizing object | Expressive brow.001
Fra:1 Mem:35.20M (Peak 35.20M) | Time:00:00.03 | Mem:0.02M, Peak:0.02M | Scene, ViewLayer | Synchronizing object | Smiling mouth.001
Fra:1 Mem:35.21M (Peak 35.21M) | Time:00:00.03 | Mem:0.02M, Peak:0.02M | Scene, ViewLayer | Synchronizing object | Whisker pore.003
Fra:1 Mem:35.21M (Peak 35.21M) | Time:00:00.03 | Mem:0.02M, Peak:0.02M | Scene, ViewLayer | Synchronizing object | Whisker pore.004
Fra:1 Mem:35.21M (Peak 35.21M) | Time:00:00.03 | Mem:0.02M, Peak:0.02M | Scene, ViewLayer | Synchronizing object | Lower jaw
Fra:1 Mem:35.22M (Peak 35.22M) | Time:00:00.03 | Mem:0.02M, Peak:0.02M | Scene, ViewLayer | Synchronizing object | Mouth cavity
Fra:1 Mem:35.25M (Peak 35.25M) | Time:00:00.04 | Mem:0.02M, Peak:0.02M | Scene, ViewLayer | Synchronizing object | Lower canine
Fra:1 Mem:35.25M (Peak 35.25M) | Time:00:00.04 | Mem:0.02M, Peak:0.02M | Scene, ViewLayer | Synchronizing object | Lower canine.001
Fra:1 Mem:35.26M (Peak 35.26M) | Time:00:00.04 | Mem:0.02M, Peak:0.02M | Scene, ViewLayer | Synchronizing object | Rounded lion ear
Fra:1 Mem:35.28M (Peak 35.28M) | Time:00:00.04 | Mem:0.02M, Peak:0.02M | Scene, ViewLayer | Synchronizing object | Warm rim
Fra:1 Mem:35.29M (Peak 35.29M) | Time:00:00.04 | Mem:0.02M, Peak:0.02M | Scene, ViewLayer | Synchronizing object | Sky fill
Fra:1 Mem:35.30M (Peak 35.30M) | Time:00:00.04 | Mem:0.02M, Peak:0.02M | Scene, ViewLayer | Synchronizing object | Sunset key
Fra:1 Mem:35.30M (Peak 35.30M) | Time:00:00.04 | Mem:0.02M, Peak:0.02M | Scene, ViewLayer | Synchronizing object | Inner lion ear
Fra:1 Mem:35.31M (Peak 35.31M) | Time:00:00.04 | Mem:0.02M, Peak:0.02M | Scene, ViewLayer | Synchronizing object | Plane
Fra:1 Mem:35.30M (Peak 35.31M) | Time:00:00.04 | Mem:0.02M, Peak:0.02M | Scene, ViewLayer | Synchronizing object | Rounded lion ear.001
Fra:1 Mem:35.32M (Peak 35.32M) | Time:00:00.04 | Mem:0.02M, Peak:0.02M | Scene, ViewLayer | Synchronizing object | Inner lion ear.001
Fra:1 Mem:35.33M (Peak 35.33M) | Time:00:00.04 | Mem:0.02M, Peak:0.02M | Scene, ViewLayer | Synchronizing object | Raised elemental crest
Fra:1 Mem:35.36M (Peak 35.36M) | Time:00:00.04 | Mem:0.02M, Peak:0.02M | Scene, ViewLayer | Synchronizing object | Closed sculpted rear mane cap
Fra:1 Mem:35.38M (Peak 35.38M) | Time:00:00.04 | Mem:0.02M, Peak:0.02M | Scene, ViewLayer | Synchronizing object | Layered rear mane lock
Fra:1 Mem:35.43M (Peak 35.43M) | Time:00:00.04 | Mem:0.02M, Peak:0.02M | Scene, ViewLayer | Synchronizing object | Layered rear mane lock.001
Fra:1 Mem:35.46M (Peak 35.46M) | Time:00:00.04 | Mem:0.02M, Peak:0.02M | Scene, ViewLayer | Synchronizing object | Layered rear mane lock.002
Fra:1 Mem:35.45M (Peak 35.46M) | Time:00:00.04 | Mem:0.02M, Peak:0.02M | Scene, ViewLayer | Synchronizing object | Layered rear mane lock.004
Fra:1 Mem:35.46M (Peak 35.46M) | Time:00:00.04 | Mem:0.02M, Peak:0.02M | Scene, ViewLayer | Synchronizing object | Layered rear mane lock.005
Fra:1 Mem:35.47M (Peak 35.47M) | Time:00:00.04 | Mem:0.02M, Peak:0.02M | Scene, ViewLayer | Synchronizing object | Layered rear mane lock.006
Fra:1 Mem:35.49M (Peak 35.49M) | Time:00:00.04 | Mem:0.02M, Peak:0.02M | Scene, ViewLayer | Synchronizing object | Layered rear mane lock.008
Fra:1 Mem:35.50M (Peak 35.50M) | Time:00:00.04 | Mem:0.02M, Peak:0.02M | Scene, ViewLayer | Synchronizing object | Layered rear mane lock.009
Fra:1 Mem:35.52M (Peak 35.52M) | Time:00:00.04 | Mem:0.02M, Peak:0.02M | Scene, ViewLayer | Synchronizing object | Layered rear mane lock.010
Fra:1 Mem:35.52M (Peak 35.52M) | Time:00:00.04 | Mem:0.02M, Peak:0.02M | Scene, ViewLayer | Synchronizing object | Layered rear mane lock.011
Fra:1 Mem:35.53M (Peak 35.53M) | Time:00:00.04 | Mem:0.02M, Peak:0.02M | Scene, ViewLayer | Synchronizing object | Layered rear mane lock.012
Fra:1 Mem:35.55M (Peak 35.55M) | Time:00:00.04 | Mem:0.02M, Peak:0.02M | Scene, ViewLayer | Synchronizing object | Layered rear mane lock.013
Fra:1 Mem:35.57M (Peak 35.57M) | Time:00:00.04 | Mem:0.02M, Peak:0.02M | Scene, ViewLayer | Synchronizing object | Layered rear mane lock.014
Fra:1 Mem:35.57M (Peak 35.57M) | Time:00:00.04 | Mem:0.02M, Peak:0.02M | Scene, ViewLayer | Synchronizing object | Layered rear mane lock.015
Fra:1 Mem:35.61M (Peak 35.61M) | Time:00:00.04 | Mem:0.02M, Peak:0.02M | Scene, ViewLayer | Synchronizing object | Layered rear mane lock.016
Fra:1 Mem:35.62M (Peak 35.62M) | Time:00:00.04 | Mem:0.02M, Peak:0.02M | Scene, ViewLayer | Synchronizing object | Layered rear mane lock.019
Fra:1 Mem:35.62M (Peak 35.62M) | Time:00:00.04 | Mem:0.02M, Peak:0.02M | Scene, ViewLayer | Synchronizing object | Layered rear mane lock.020
Fra:1 Mem:35.64M (Peak 35.64M) | Time:00:00.04 | Mem:0.02M, Peak:0.02M | Scene, ViewLayer | Synchronizing object | Layered rear mane lock.021
Fra:1 Mem:35.66M (Peak 35.66M) | Time:00:00.04 | Mem:0.02M, Peak:0.02M | Scene, ViewLayer | Synchronizing object | Neckerchief folded point
Fra:1 Mem:35.67M (Peak 35.67M) | Time:00:00.04 | Mem:0.02M, Peak:0.02M | Scene, ViewLayer | Synchronizing object | Leather neckerchief roll
Fra:1 Mem:35.67M (Peak 35.67M) | Time:00:00.04 | Mem:0.02M, Peak:0.02M | Scene, ViewLayer | Synchronizing object | Sculpted mane lock
Fra:1 Mem:35.68M (Peak 35.68M) | Time:00:00.04 | Mem:0.02M, Peak:0.02M | Scene, ViewLayer | Synchronizing object | Sculpted mane lock.001
Fra:1 Mem:35.68M (Peak 35.68M) | Time:00:00.04 | Mem:0.02M, Peak:0.02M | Scene, ViewLayer | Synchronizing object | Flame tail tuft.006
Fra:1 Mem:35.69M (Peak 35.69M) | Time:00:00.04 | Mem:0.02M, Peak:0.02M | Scene, ViewLayer | Synchronizing object | Sculpted mane lock.002
Fra:1 Mem:35.69M (Peak 35.69M) | Time:00:00.04 | Mem:0.02M, Peak:0.02M | Scene, ViewLayer | Synchronizing object | Sculpted mane lock.003
Fra:1 Mem:35.70M (Peak 35.70M) | Time:00:00.04 | Mem:0.02M, Peak:0.02M | Scene, ViewLayer | Synchronizing object | Sculpted mane lock.004
Fra:1 Mem:35.70M (Peak 35.70M) | Time:00:00.04 | Mem:0.02M, Peak:0.02M | Scene, ViewLayer | Synchronizing object | Flame tail tuft.005
Fra:1 Mem:35.71M (Peak 35.71M) | Time:00:00.04 | Mem:0.02M, Peak:0.02M | Scene, ViewLayer | Synchronizing object | Sculpted mane lock.005
Fra:1 Mem:35.71M (Peak 35.71M) | Time:00:00.04 | Mem:0.02M, Peak:0.02M | Scene, ViewLayer | Synchronizing object | Sculpted mane lock.006
Fra:1 Mem:35.71M (Peak 35.71M) | Time:00:00.04 | Mem:0.02M, Peak:0.02M | Scene, ViewLayer | Synchronizing object | Flame tail tuft.004
Fra:1 Mem:35.73M (Peak 35.73M) | Time:00:00.04 | Mem:0.02M, Peak:0.02M | Scene, ViewLayer | Synchronizing object | Flame tail tuft.003
Fra:1 Mem:35.73M (Peak 35.73M) | Time:00:00.04 | Mem:0.02M, Peak:0.02M | Scene, ViewLayer | Synchronizing object | Sculpted mane lock.008
Fra:1 Mem:35.75M (Peak 35.75M) | Time:00:00.04 | Mem:0.02M, Peak:0.02M | Scene, ViewLayer | Synchronizing object | Flame tail tuft.002
Fra:1 Mem:35.75M (Peak 35.75M) | Time:00:00.04 | Mem:0.02M, Peak:0.02M | Scene, ViewLayer | Synchronizing object | Sculpted mane lock.009
Fra:1 Mem:35.75M (Peak 35.75M) | Time:00:00.04 | Mem:0.02M, Peak:0.02M | Scene, ViewLayer | Synchronizing object | Flame tail tuft.001
Fra:1 Mem:35.76M (Peak 35.76M) | Time:00:00.04 | Mem:0.02M, Peak:0.02M | Scene, ViewLayer | Synchronizing object | Sculpted mane lock.011
Fra:1 Mem:35.76M (Peak 35.76M) | Time:00:00.04 | Mem:0.02M, Peak:0.02M | Scene, ViewLayer | Synchronizing object | Sculpted mane lock.012
Fra:1 Mem:35.77M (Peak 35.77M) | Time:00:00.04 | Mem:0.02M, Peak:0.02M | Scene, ViewLayer | Synchronizing object | Flame tail tuft
Fra:1 Mem:35.77M (Peak 35.77M) | Time:00:00.04 | Mem:0.02M, Peak:0.02M | Scene, ViewLayer | Synchronizing object | Sculpted mane lock.014
Fra:1 Mem:35.78M (Peak 35.78M) | Time:00:00.04 | Mem:0.02M, Peak:0.02M | Scene, ViewLayer | Synchronizing object | Articulated tail
Fra:1 Mem:35.79M (Peak 35.79M) | Time:00:00.04 | Mem:0.02M, Peak:0.02M | Scene, ViewLayer | Synchronizing object | Sculpted mane lock.015
Fra:1 Mem:35.82M (Peak 35.82M) | Time:00:00.04 | Mem:0.02M, Peak:0.02M | Scene, ViewLayer | Synchronizing object | Sculpted mane lock.016
Fra:1 Mem:35.81M (Peak 35.82M) | Time:00:00.04 | Mem:0.02M, Peak:0.02M | Scene, ViewLayer | Synchronizing object | Sculpted mane lock.017
Fra:1 Mem:35.82M (Peak 35.82M) | Time:00:00.04 | Mem:0.02M, Peak:0.02M | Scene, ViewLayer | Synchronizing object | Sculpted mane lock.018
Fra:1 Mem:35.83M (Peak 35.83M) | Time:00:00.04 | Mem:0.02M, Peak:0.02M | Scene, ViewLayer | Synchronizing object | Sculpted mane lock.019
Fra:1 Mem:35.83M (Peak 35.83M) | Time:00:00.04 | Mem:0.02M, Peak:0.02M | Scene, ViewLayer | Synchronizing object | Sculpted mane lock.020
Fra:1 Mem:35.84M (Peak 35.84M) | Time:00:00.04 | Mem:0.02M, Peak:0.02M | Scene, ViewLayer | Synchronizing object | Sculpted mane lock.021
Fra:1 Mem:35.84M (Peak 35.84M) | Time:00:00.04 | Mem:0.02M, Peak:0.02M | Scene, ViewLayer | Synchronizing object | Sculpted mane lock.022
Fra:1 Mem:35.85M (Peak 35.85M) | Time:00:00.04 | Mem:0.02M, Peak:0.02M | Scene, ViewLayer | Synchronizing object | Sculpted mane lock.023
Fra:1 Mem:35.85M (Peak 35.85M) | Time:00:00.04 | Mem:0.02M, Peak:0.02M | Scene, ViewLayer | Synchronizing object | Sculpted mane lock.024
Fra:1 Mem:35.85M (Peak 35.85M) | Time:00:00.04 | Mem:0.02M, Peak:0.02M | Scene, ViewLayer | Synchronizing object | Sculpted mane lock.025
Fra:1 Mem:35.86M (Peak 35.86M) | Time:00:00.04 | Mem:0.02M, Peak:0.02M | Scene, ViewLayer | Synchronizing object | Wrist fur.011
Fra:1 Mem:35.86M (Peak 35.86M) | Time:00:00.04 | Mem:0.02M, Peak:0.02M | Scene, ViewLayer | Synchronizing object | Sculpted mane lock.026
Fra:1 Mem:35.87M (Peak 35.87M) | Time:00:00.04 | Mem:0.02M, Peak:0.02M | Scene, ViewLayer | Synchronizing object | Sculpted mane lock.027
Fra:1 Mem:35.87M (Peak 35.87M) | Time:00:00.04 | Mem:0.02M, Peak:0.02M | Scene, ViewLayer | Synchronizing object | Wrist fur.010
Fra:1 Mem:35.88M (Peak 35.88M) | Time:00:00.04 | Mem:0.02M, Peak:0.02M | Scene, ViewLayer | Synchronizing object | Sculpted mane lock.028
Fra:1 Mem:35.88M (Peak 35.88M) | Time:00:00.04 | Mem:0.02M, Peak:0.02M | Scene, ViewLayer | Synchronizing object | Sculpted mane lock.029
Fra:1 Mem:35.89M (Peak 35.89M) | Time:00:00.04 | Mem:0.02M, Peak:0.02M | Scene, ViewLayer | Synchronizing object | Wrist fur.009
Fra:1 Mem:35.89M (Peak 35.89M) | Time:00:00.04 | Mem:0.02M, Peak:0.02M | Scene, ViewLayer | Synchronizing object | Sculpted mane lock.030
Fra:1 Mem:35.90M (Peak 35.90M) | Time:00:00.04 | Mem:0.02M, Peak:0.02M | Scene, ViewLayer | Synchronizing object | Sculpted mane lock.031
Fra:1 Mem:35.90M (Peak 35.90M) | Time:00:00.04 | Mem:0.02M, Peak:0.02M | Scene, ViewLayer | Synchronizing object | Layered shoulder fur.011
Fra:1 Mem:35.91M (Peak 35.91M) | Time:00:00.04 | Mem:0.02M, Peak:0.02M | Scene, ViewLayer | Synchronizing object | Sculpted mane lock.033
Fra:1 Mem:35.91M (Peak 35.91M) | Time:00:00.04 | Mem:0.02M, Peak:0.02M | Scene, ViewLayer | Synchronizing object | Layered shoulder fur.010
Fra:1 Mem:35.92M (Peak 35.92M) | Time:00:00.04 | Mem:0.02M, Peak:0.02M | Scene, ViewLayer | Synchronizing object | Sculpted mane lock.034
Fra:1 Mem:35.92M (Peak 35.92M) | Time:00:00.04 | Mem:0.02M, Peak:0.02M | Scene, ViewLayer | Synchronizing object | Layered shoulder fur.009
Fra:1 Mem:35.93M (Peak 35.93M) | Time:00:00.04 | Mem:0.02M, Peak:0.02M | Scene, ViewLayer | Synchronizing object | Sculpted mane lock.035
Fra:1 Mem:35.93M (Peak 35.93M) | Time:00:00.04 | Mem:0.02M, Peak:0.02M | Scene, ViewLayer | Synchronizing object | Sculpted mane lock.036
Fra:1 Mem:35.94M (Peak 35.94M) | Time:00:00.04 | Mem:0.02M, Peak:0.02M | Scene, ViewLayer | Synchronizing object | Wrist fur.008
Fra:1 Mem:35.94M (Peak 35.94M) | Time:00:00.04 | Mem:0.02M, Peak:0.02M | Scene, ViewLayer | Synchronizing object | Sculpted mane lock.037
Fra:1 Mem:35.95M (Peak 35.95M) | Time:00:00.04 | Mem:0.02M, Peak:0.02M | Scene, ViewLayer | Synchronizing object | Sculpted mane lock.038
Fra:1 Mem:35.95M (Peak 35.95M) | Time:00:00.04 | Mem:0.02M, Peak:0.02M | Scene, ViewLayer | Synchronizing object | Wrist fur.007
Fra:1 Mem:35.95M (Peak 35.95M) | Time:00:00.04 | Mem:0.02M, Peak:0.02M | Scene, ViewLayer | Synchronizing object | Sculpted mane lock.039
Fra:1 Mem:35.96M (Peak 35.96M) | Time:00:00.04 | Mem:0.02M, Peak:0.02M | Scene, ViewLayer | Synchronizing object | Sculpted mane lock.040
Fra:1 Mem:35.96M (Peak 35.96M) | Time:00:00.04 | Mem:0.02M, Peak:0.02M | Scene, ViewLayer | Synchronizing object | Wrist fur.006
Fra:1 Mem:35.97M (Peak 35.97M) | Time:00:00.04 | Mem:0.02M, Peak:0.02M | Scene, ViewLayer | Synchronizing object | Sculpted mane lock.041
Fra:1 Mem:35.98M (Peak 35.98M) | Time:00:00.04 | Mem:0.02M, Peak:0.02M | Scene, ViewLayer | Synchronizing object | Layered shoulder fur.008
Fra:1 Mem:35.99M (Peak 35.99M) | Time:00:00.04 | Mem:0.02M, Peak:0.02M | Scene, ViewLayer | Synchronizing object | Sculpted mane lock.042
Fra:1 Mem:35.98M (Peak 35.99M) | Time:00:00.04 | Mem:0.02M, Peak:0.02M | Scene, ViewLayer | Synchronizing object | Layered shoulder fur.007
Fra:1 Mem:35.99M (Peak 35.99M) | Time:00:00.04 | Mem:0.02M, Peak:0.02M | Scene, ViewLayer | Synchronizing object | Sculpted mane lock.043
Fra:1 Mem:35.99M (Peak 35.99M) | Time:00:00.04 | Mem:0.02M, Peak:0.02M | Scene, ViewLayer | Synchronizing object | Layered shoulder fur.006
Fra:1 Mem:36.01M (Peak 36.01M) | Time:00:00.04 | Mem:0.02M, Peak:0.02M | Scene, ViewLayer | Synchronizing object | Sculpted mane lock.044
Fra:1 Mem:36.00M (Peak 36.01M) | Time:00:00.04 | Mem:0.02M, Peak:0.02M | Scene, ViewLayer | Synchronizing object | Wrist fur.005
Fra:1 Mem:36.01M (Peak 36.01M) | Time:00:00.04 | Mem:0.02M, Peak:0.02M | Scene, ViewLayer | Synchronizing object | Sculpted mane lock.045
Fra:1 Mem:36.01M (Peak 36.01M) | Time:00:00.04 | Mem:0.02M, Peak:0.02M | Scene, ViewLayer | Synchronizing object | Wrist fur.004
Fra:1 Mem:36.01M (Peak 36.01M) | Time:00:00.04 | Mem:0.02M, Peak:0.02M | Scene, ViewLayer | Synchronizing object | Sculpted mane lock.046
Fra:1 Mem:36.02M (Peak 36.02M) | Time:00:00.04 | Mem:0.02M, Peak:0.02M | Scene, ViewLayer | Synchronizing object | Wrist fur.003
Fra:1 Mem:36.02M (Peak 36.02M) | Time:00:00.04 | Mem:0.02M, Peak:0.02M | Scene, ViewLayer | Synchronizing object | Layered shoulder fur.005
Fra:1 Mem:36.03M (Peak 36.03M) | Time:00:00.04 | Mem:0.02M, Peak:0.02M | Scene, ViewLayer | Synchronizing object | Layered shoulder fur.004
Fra:1 Mem:36.03M (Peak 36.03M) | Time:00:00.04 | Mem:0.02M, Peak:0.02M | Scene, ViewLayer | Synchronizing object | Layered shoulder fur.003
Fra:1 Mem:36.04M (Peak 36.04M) | Time:00:00.04 | Mem:0.02M, Peak:0.02M | Scene, ViewLayer | Synchronizing object | Wrist fur.002
Fra:1 Mem:36.04M (Peak 36.04M) | Time:00:00.04 | Mem:0.02M, Peak:0.02M | Scene, ViewLayer | Synchronizing object | Wrist fur.001
Fra:1 Mem:36.04M (Peak 36.04M) | Time:00:00.04 | Mem:0.02M, Peak:0.02M | Scene, ViewLayer | Synchronizing object | Wrist fur
Fra:1 Mem:36.05M (Peak 36.05M) | Time:00:00.04 | Mem:0.02M, Peak:0.02M | Scene, ViewLayer | Synchronizing object | Layered shoulder fur.002
Fra:1 Mem:36.05M (Peak 36.05M) | Time:00:00.04 | Mem:0.02M, Peak:0.02M | Scene, ViewLayer | Synchronizing object | Layered shoulder fur.001
Fra:1 Mem:36.05M (Peak 36.05M) | Time:00:00.04 | Mem:0.02M, Peak:0.02M | Scene, ViewLayer | Synchronizing object | Layered shoulder fur
Fra:1 Mem:36.06M (Peak 36.06M) | Time:00:00.04 | Mem:0.02M, Peak:0.02M | Scene, ViewLayer | Synchronizing object | Sculpted mane lock.050
Fra:1 Mem:36.06M (Peak 36.06M) | Time:00:00.04 | Mem:0.02M, Peak:0.02M | Scene, ViewLayer | Synchronizing object | Sculpted mane lock.049
Fra:1 Mem:36.07M (Peak 36.07M) | Time:00:00.04 | Mem:0.02M, Peak:0.02M | Scene, ViewLayer | Synchronizing object | Sculpted mane lock.048
Fra:1 Mem:36.07M (Peak 36.07M) | Time:00:00.04 | Mem:0.02M, Peak:0.02M | Scene, ViewLayer | Synchronizing object | Sculpted mane lock.047
Fra:1 Mem:36.08M (Peak 36.08M) | Time:00:00.04 | Mem:0.02M, Peak:0.02M | Scene, ViewLayer | Initializing
Fra:1 Mem:33.61M (Peak 36.08M) | Time:00:00.04 | Mem:0.02M, Peak:0.02M | Scene, ViewLayer | Updating Images | Loading Authored short-fur normal
Fra:1 Mem:27.91M (Peak 36.08M) | Time:00:00.06 | Mem:0.27M, Peak:0.27M | Scene, ViewLayer | Waiting for render to start
Fra:1 Mem:27.91M (Peak 36.08M) | Time:00:00.06 | Mem:0.27M, Peak:0.27M | Scene, ViewLayer | Updating Scene
Fra:1 Mem:27.91M (Peak 36.08M) | Time:00:00.06 | Mem:0.27M, Peak:0.27M | Scene, ViewLayer | Updating Shaders
Fra:1 Mem:27.91M (Peak 36.08M) | Time:00:00.06 | Mem:0.27M, Peak:0.27M | Scene, ViewLayer | Loading render kernels (may take a few minutes the first time)
Fra:1 Mem:27.99M (Peak 36.08M) | Time:00:00.16 | Mem:0.28M, Peak:0.28M | Scene, ViewLayer | Updating Procedurals
Fra:1 Mem:27.99M (Peak 36.08M) | Time:00:00.16 | Mem:0.28M, Peak:0.28M | Scene, ViewLayer | Updating Background
Fra:1 Mem:27.99M (Peak 36.08M) | Time:00:00.16 | Mem:0.28M, Peak:0.28M | Scene, ViewLayer | Updating Camera
Fra:1 Mem:27.99M (Peak 36.08M) | Time:00:00.16 | Mem:0.28M, Peak:0.28M | Scene, ViewLayer | Updating Meshes Flags
Fra:1 Mem:27.99M (Peak 36.08M) | Time:00:00.16 | Mem:0.28M, Peak:0.28M | Scene, ViewLayer | Updating Objects
Fra:1 Mem:27.99M (Peak 36.08M) | Time:00:00.16 | Mem:0.28M, Peak:0.28M | Scene, ViewLayer | Updating Objects | Copying Transformations to device
Fra:1 Mem:27.99M (Peak 36.08M) | Time:00:00.16 | Mem:0.33M, Peak:0.33M | Scene, ViewLayer | Updating Particle Systems
Fra:1 Mem:27.99M (Peak 36.08M) | Time:00:00.16 | Mem:0.33M, Peak:0.33M | Scene, ViewLayer | Updating Particle Systems | Copying Particles to device
Fra:1 Mem:27.99M (Peak 36.08M) | Time:00:00.16 | Mem:0.33M, Peak:0.33M | Scene, ViewLayer | Updating Meshes
Fra:1 Mem:29.11M (Peak 36.08M) | Time:00:00.18 | Mem:0.33M, Peak:0.33M | Scene, ViewLayer | Updating Objects | Applying Static Transformations
Fra:1 Mem:29.11M (Peak 36.08M) | Time:00:00.18 | Mem:0.33M, Peak:0.33M | Scene, ViewLayer | Updating Mesh | Computing attributes
Fra:1 Mem:30.67M (Peak 36.08M) | Time:00:00.18 | Mem:0.36M, Peak:0.36M | Scene, ViewLayer | Updating Mesh | Copying Attributes to device
Fra:1 Mem:29.11M (Peak 36.08M) | Time:00:00.34 | Mem:1.92M, Peak:1.92M | Scene, ViewLayer | Updating Geometry BVH Paw toe 3/49 | Building BVH
Fra:1 Mem:29.11M (Peak 36.08M) | Time:00:00.35 | Mem:1.92M, Peak:1.92M | Scene, ViewLayer | Updating Geometry BVH Ivory claw.002 8/173 | Building BVH
Fra:1 Mem:29.11M (Peak 36.08M) | Time:00:00.35 | Mem:1.92M, Peak:1.92M | Scene, ViewLayer | Updating Geometry BVH Ivory claw.002 8/173 | Building mesh BLAS |     192 tris | Paw toe
Fra:1 Mem:29.11M (Peak 36.08M) | Time:00:00.35 | Mem:1.92M, Peak:1.92M | Scene, ViewLayer | Updating Geometry BVH Ivory claw.002 8/173 | Building mesh BLAS |     192 tris | Paw toe.001
Fra:1 Mem:29.11M (Peak 36.08M) | Time:00:00.35 | Mem:1.92M, Peak:1.92M | Scene, ViewLayer | Updating Geometry BVH Ivory claw.002 8/173 | Building mesh BLAS |    4170 tris | ribcage
Fra:1 Mem:29.11M (Peak 36.08M) | Time:00:00.35 | Mem:1.92M, Peak:1.92M | Scene, ViewLayer | Updating Geometry BVH Ivory claw.002 8/173 | Building mesh BLAS |      32 tris | Ivory claw.001
Fra:1 Mem:29.11M (Peak 36.08M) | Time:00:00.35 | Mem:1.92M, Peak:1.92M | Scene, ViewLayer | Updating Geometry BVH Ivory claw.002 8/173 | Building mesh BLAS |      32 tris | Ivory claw.002
Fra:1 Mem:29.11M (Peak 36.08M) | Time:00:00.35 | Mem:1.92M, Peak:1.92M | Scene, ViewLayer | Updating Geometry BVH Ivory claw.003 10/173 | Building BVH
Fra:1 Mem:29.11M (Peak 36.08M) | Time:00:00.35 | Mem:1.92M, Peak:1.92M | Scene, ViewLayer | Updating Geometry BVH Paw toe.003 9/173 | Building mesh BLAS |      32 tris | Ivory claw.003
Fra:1 Mem:29.11M (Peak 36.08M) | Time:00:00.35 | Mem:1.92M, Peak:1.92M | Scene, ViewLayer | Updating Geometry BVH Paw toe.004 11/173 | Building BVH
Fra:1 Mem:29.11M (Peak 36.08M) | Time:00:00.35 | Mem:1.92M, Peak:1.92M | Scene, ViewLayer | Updating Geometry BVH Paw toe.004 11/173 | Building mesh BLAS |     192 tris | Paw toe.004
Fra:1 Mem:29.11M (Peak 36.08M) | Time:00:00.35 | Mem:1.92M, Peak:1.92M | Scene, ViewLayer | Updating Geometry BVH Paw toe.004 11/173 | Building mesh BLAS |     192 tris | Paw toe.002
Fra:1 Mem:29.11M (Peak 36.08M) | Time:00:00.35 | Mem:1.92M, Peak:1.92M | Scene, ViewLayer | Updating Geometry BVH Paw toe.004 11/173 | Building mesh BLAS |     192 tris | Paw toe.003
Fra:1 Mem:29.11M (Peak 36.08M) | Time:00:00.35 | Mem:1.92M, Peak:1.92M | Scene, ViewLayer | Updating Geometry BVH Ivory claw.004 12/173 | Building BVH
Fra:1 Mem:29.11M (Peak 36.08M) | Time:00:00.35 | Mem:1.92M, Peak:1.92M | Scene, ViewLayer | Updating Geometry BVH Paw toe.005 13/173 | Building BVH
Fra:1 Mem:29.11M (Peak 36.08M) | Time:00:00.35 | Mem:1.92M, Peak:1.92M | Scene, ViewLayer | Updating Geometry BVH Paw toe.005 13/173 | Building mesh BLAS |      32 tris | Ivory claw.004
Fra:1 Mem:29.11M (Peak 36.08M) | Time:00:00.35 | Mem:1.92M, Peak:1.92M | Scene, ViewLayer | Updating Geometry BVH Ivory claw.005 14/173 | Building BVH
Fra:1 Mem:29.11M (Peak 36.08M) | Time:00:00.35 | Mem:1.92M, Peak:1.92M | Scene, ViewLayer | Updating Geometry BVH Sky fill 172/173 | Building BVH
Fra:1 Mem:29.11M (Peak 36.08M) | Time:00:00.35 | Mem:1.92M, Peak:1.92M | Scene, ViewLayer | Updating Geometry BVH Paw toe.006 15/173 | Building mesh BLAS |      32 tris | Ivory claw.005
Fra:1 Mem:29.11M (Peak 36.08M) | Time:00:00.35 | Mem:1.92M, Peak:1.92M | Scene, ViewLayer | Updating Geometry BVH Sunset key 171/173 | Building BVH
Fra:1 Mem:29.11M (Peak 36.08M) | Time:00:00.35 | Mem:1.92M, Peak:1.92M | Scene, ViewLayer | Updating Geometry BVH Plane 170/173 | Building BVH
Fra:1 Mem:29.11M (Peak 36.08M) | Time:00:00.35 | Mem:1.92M, Peak:1.92M | Scene, ViewLayer | Updating Geometry BVH Plane 170/173 | Building mesh BLAS |       2 tris | Plane
Fra:1 Mem:29.11M (Peak 36.08M) | Time:00:00.35 | Mem:1.92M, Peak:1.92M | Scene, ViewLayer | Updating Geometry BVH Ivory claw.006 16/173 | Building BVH
Fra:1 Mem:29.11M (Peak 36.08M) | Time:00:00.35 | Mem:1.92M, Peak:1.92M | Scene, ViewLayer | Updating Geometry BVH Ivory claw.006 16/173 | Building mesh BLAS |      32 tris | Ivory claw.006
Fra:1 Mem:29.11M (Peak 36.08M) | Time:00:00.35 | Mem:1.92M, Peak:1.92M | Scene, ViewLayer | Updating Geometry BVH Paw toe.007 17/173 | Building BVH
Fra:1 Mem:29.11M (Peak 36.08M) | Time:00:00.35 | Mem:1.92M, Peak:1.92M | Scene, ViewLayer | Updating Geometry BVH Ivory claw.007 18/173 | Building BVH
Fra:1 Mem:29.11M (Peak 36.08M) | Time:00:00.35 | Mem:1.92M, Peak:1.92M | Scene, ViewLayer | Updating Geometry BVH Ivory claw.007 18/173 | Building mesh BLAS |      32 tris | Ivory claw.007
Fra:1 Mem:29.11M (Peak 36.08M) | Time:00:00.35 | Mem:1.92M, Peak:1.92M | Scene, ViewLayer | Updating Geometry BVH Paw toe.008 19/173 | Building BVH
Fra:1 Mem:29.11M (Peak 36.08M) | Time:00:00.35 | Mem:1.92M, Peak:1.92M | Scene, ViewLayer | Updating Geometry BVH Ivory claw.008 20/173 | Building BVH
Fra:1 Mem:29.11M (Peak 36.08M) | Time:00:00.35 | Mem:1.92M, Peak:1.92M | Scene, ViewLayer | Updating Geometry BVH Paw toe.009 21/173 | Building BVH
Fra:1 Mem:29.11M (Peak 36.08M) | Time:00:00.35 | Mem:1.92M, Peak:1.92M | Scene, ViewLayer | Updating Geometry BVH Ivory claw.009 22/173 | Building BVH
Fra:1 Mem:29.11M (Peak 36.08M) | Time:00:00.35 | Mem:1.92M, Peak:1.92M | Scene, ViewLayer | Updating Geometry BVH Ivory claw.009 22/173 | Building mesh BLAS |      32 tris | Ivory claw.009
Fra:1 Mem:29.11M (Peak 36.08M) | Time:00:00.35 | Mem:1.92M, Peak:1.92M | Scene, ViewLayer | Updating Geometry BVH Paw toe.010 23/173 | Building BVH
Fra:1 Mem:29.11M (Peak 36.08M) | Time:00:00.35 | Mem:1.92M, Peak:1.92M | Scene, ViewLayer | Updating Geometry BVH Paw toe.010 23/173 | Building mesh BLAS |     192 tris | Paw toe.010
Fra:1 Mem:29.11M (Peak 36.08M) | Time:00:00.35 | Mem:1.92M, Peak:1.92M | Scene, ViewLayer | Updating Geometry BVH Ivory claw.010 24/173 | Building mesh BLAS |     192 tris | Paw toe.009
Fra:1 Mem:29.11M (Peak 36.08M) | Time:00:00.35 | Mem:1.92M, Peak:1.92M | Scene, ViewLayer | Updating Geometry BVH Paw toe.011 25/173 | Building BVH
Fra:1 Mem:29.11M (Peak 36.08M) | Time:00:00.35 | Mem:1.92M, Peak:1.92M | Scene, ViewLayer | Updating Geometry BVH Paw toe.011 25/173 | Building mesh BLAS |      32 tris | Ivory claw.010
Fra:1 Mem:29.11M (Peak 36.08M) | Time:00:00.35 | Mem:1.92M, Peak:1.92M | Scene, ViewLayer | Updating Geometry BVH Ivory claw.011 26/173 | Building BVH
Fra:1 Mem:29.11M (Peak 36.08M) | Time:00:00.35 | Mem:1.92M, Peak:1.92M | Scene, ViewLayer | Updating Geometry BVH Ivory claw.011 26/173 | Building mesh BLAS |      32 tris | Ivory claw.011
Fra:1 Mem:29.11M (Peak 36.08M) | Time:00:00.35 | Mem:1.92M, Peak:1.92M | Scene, ViewLayer | Updating Geometry BVH Skull 27/173 | Building BVH
Fra:1 Mem:29.11M (Peak 36.08M) | Time:00:00.35 | Mem:1.92M, Peak:1.92M | Scene, ViewLayer | Updating Geometry BVH Cream muzzle pad 28/173 | Building BVH
Fra:1 Mem:29.11M (Peak 36.08M) | Time:00:00.35 | Mem:1.92M, Peak:1.92M | Scene, ViewLayer | Updating Geometry BVH Cream muzzle pad 28/173 | Building mesh BLAS |    2832 tris | Skull
Fra:1 Mem:29.11M (Peak 36.08M) | Time:00:00.35 | Mem:1.92M, Peak:1.92M | Scene, ViewLayer | Updating Geometry BVH Cream muzzle pad.001 29/173 | Building BVH
Fra:1 Mem:29.11M (Peak 36.08M) | Time:00:00.35 | Mem:1.92M, Peak:1.92M | Scene, ViewLayer | Updating Geometry BVH Raised elemental crest 169/173 | Building BVH
Fra:1 Mem:29.11M (Peak 36.08M) | Time:00:00.35 | Mem:1.92M, Peak:1.92M | Scene, ViewLayer | Updating Geometry BVH Heart shaped nose 30/173 | Building BVH
Fra:1 Mem:29.11M (Peak 36.08M) | Time:00:00.35 | Mem:1.92M, Peak:1.92M | Scene, ViewLayer | Updating Geometry BVH Heart shaped nose 30/173 | Building mesh BLAS |      36 tris | Raised elemental crest
Fra:1 Mem:29.11M (Peak 36.08M) | Time:00:00.35 | Mem:1.92M, Peak:1.92M | Scene, ViewLayer | Updating Geometry BVH Eye socket 31/173 | Building BVH
Fra:1 Mem:29.11M (Peak 36.08M) | Time:00:00.35 | Mem:1.92M, Peak:1.92M | Scene, ViewLayer | Updating Geometry BVH Eye socket 31/173 | Building mesh BLAS |     480 tris | Eye socket
Fra:1 Mem:29.11M (Peak 36.08M) | Time:00:00.35 | Mem:1.92M, Peak:1.92M | Scene, ViewLayer | Updating Geometry BVH Eye socket 31/173 | Building mesh BLAS |       6 tris | Heart shaped nose
Fra:1 Mem:29.11M (Peak 36.08M) | Time:00:00.35 | Mem:1.92M, Peak:1.92M | Scene, ViewLayer | Updating Geometry BVH Ivory eye 32/173 | Building BVH
Fra:1 Mem:29.11M (Peak 36.08M) | Time:00:00.35 | Mem:1.92M, Peak:1.92M | Scene, ViewLayer | Updating Geometry BVH Ivory eye 32/173 | Building mesh BLAS |     480 tris | Ivory eye
Fra:1 Mem:29.11M (Peak 36.08M) | Time:00:00.35 | Mem:1.92M, Peak:1.92M | Scene, ViewLayer | Updating Geometry BVH Iris 33/173 | Building BVH
Fra:1 Mem:29.11M (Peak 36.08M) | Time:00:00.35 | Mem:1.92M, Peak:1.92M | Scene, ViewLayer | Updating Geometry BVH Iris 33/173 | Building mesh BLAS |     480 tris | Iris
Fra:1 Mem:29.11M (Peak 36.08M) | Time:00:00.35 | Mem:1.92M, Peak:1.92M | Scene, ViewLayer | Updating Geometry BVH Pupil 34/173 | Building BVH
Fra:1 Mem:29.11M (Peak 36.08M) | Time:00:00.35 | Mem:1.92M, Peak:1.92M | Scene, ViewLayer | Updating Geometry BVH Pupil 34/173 | Building mesh BLAS |     320 tris | Pupil
Fra:1 Mem:29.11M (Peak 36.08M) | Time:00:00.35 | Mem:1.92M, Peak:1.92M | Scene, ViewLayer | Updating Geometry BVH Expressive brow 36/173 | Building BVH
Fra:1 Mem:29.11M (Peak 36.08M) | Time:00:00.35 | Mem:1.92M, Peak:1.92M | Scene, ViewLayer | Updating Geometry BVH Expressive brow 36/173 | Building mesh BLAS |     192 tris | Eye glint
Fra:1 Mem:29.11M (Peak 36.08M) | Time:00:00.35 | Mem:1.92M, Peak:1.92M | Scene, ViewLayer | Updating Geometry BVH Smiling mouth 37/173 | Building BVH
Fra:1 Mem:29.11M (Peak 36.08M) | Time:00:00.35 | Mem:1.92M, Peak:1.92M | Scene, ViewLayer | Updating Geometry BVH Smiling mouth 37/173 | Building mesh BLAS |      32 tris | Smiling mouth
Fra:1 Mem:29.11M (Peak 36.08M) | Time:00:00.35 | Mem:1.92M, Peak:1.92M | Scene, ViewLayer | Updating Geometry BVH Whisker pore 38/173 | Building BVH
Fra:1 Mem:29.11M (Peak 36.08M) | Time:00:00.35 | Mem:1.92M, Peak:1.92M | Scene, ViewLayer | Updating Geometry BVH Whisker pore.001 39/173 | Building BVH
Fra:1 Mem:29.11M (Peak 36.08M) | Time:00:00.35 | Mem:1.92M, Peak:1.92M | Scene, ViewLayer | Updating Geometry BVH Whisker pore.001 39/173 | Building mesh BLAS |      64 tris | Whisker pore.001
Fra:1 Mem:29.11M (Peak 36.08M) | Time:00:00.35 | Mem:1.92M, Peak:1.92M | Scene, ViewLayer | Updating Geometry BVH Whisker pore.002 40/173 | Building BVH
Fra:1 Mem:29.11M (Peak 36.08M) | Time:00:00.35 | Mem:1.92M, Peak:1.92M | Scene, ViewLayer | Updating Geometry BVH Whisker pore.002 40/173 | Building mesh BLAS |      64 tris | Whisker pore.002
Fra:1 Mem:29.11M (Peak 36.08M) | Time:00:00.35 | Mem:1.92M, Peak:1.92M | Scene, ViewLayer | Updating Geometry BVH Eye socket.001 41/173 | Building BVH
Fra:1 Mem:29.11M (Peak 36.08M) | Time:00:00.35 | Mem:1.92M, Peak:1.92M | Scene, ViewLayer | Updating Geometry BVH Ivory eye.001 42/173 | Building BVH
Fra:1 Mem:29.11M (Peak 36.08M) | Time:00:00.35 | Mem:1.92M, Peak:1.92M | Scene, ViewLayer | Updating Geometry BVH Ivory eye.001 42/173 | Building mesh BLAS |     480 tris | Eye socket.001
Fra:1 Mem:29.11M (Peak 36.08M) | Time:00:00.35 | Mem:1.92M, Peak:1.92M | Scene, ViewLayer | Updating Geometry BVH Iris.001 43/173 | Building BVH
Fra:1 Mem:29.11M (Peak 36.08M) | Time:00:00.35 | Mem:1.92M, Peak:1.92M | Scene, ViewLayer | Updating Geometry BVH Iris.001 43/173 | Building mesh BLAS |     480 tris | Iris.001
Fra:1 Mem:29.11M (Peak 36.08M) | Time:00:00.35 | Mem:1.92M, Peak:1.92M | Scene, ViewLayer | Updating Geometry BVH Pupil.001 44/173 | Building BVH
Fra:1 Mem:29.11M (Peak 36.08M) | Time:00:00.35 | Mem:1.92M, Peak:1.92M | Scene, ViewLayer | Updating Geometry BVH Pupil.001 44/173 | Building mesh BLAS |     320 tris | Pupil.001
Fra:1 Mem:29.11M (Peak 36.08M) | Time:00:00.35 | Mem:1.92M, Peak:1.92M | Scene, ViewLayer | Updating Geometry BVH Eye glint.001 45/173 | Building BVH
Fra:1 Mem:29.11M (Peak 36.08M) | Time:00:00.35 | Mem:1.92M, Peak:1.92M | Scene, ViewLayer | Updating Geometry BVH Eye glint.001 45/173 | Building mesh BLAS |      44 tris | Expressive brow
Fra:1 Mem:29.11M (Peak 36.08M) | Time:00:00.35 | Mem:1.92M, Peak:1.92M | Scene, ViewLayer | Updating Geometry BVH Eye glint.001 45/173 | Building mesh BLAS |     192 tris | Eye glint.001
Fra:1 Mem:29.11M (Peak 36.08M) | Time:00:00.35 | Mem:1.92M, Peak:1.92M | Scene, ViewLayer | Updating Geometry BVH Expressive brow.001 46/173 | Building BVH
Fra:1 Mem:29.11M (Peak 36.08M) | Time:00:00.35 | Mem:1.92M, Peak:1.92M | Scene, ViewLayer | Updating Geometry BVH Expressive brow.001 46/173 | Building mesh BLAS |      44 tris | Expressive brow.001
Fra:1 Mem:29.11M (Peak 36.08M) | Time:00:00.35 | Mem:1.92M, Peak:1.92M | Scene, ViewLayer | Updating Geometry BVH Smiling mouth.001 47/173 | Building BVH
Fra:1 Mem:29.11M (Peak 36.08M) | Time:00:00.35 | Mem:1.92M, Peak:1.92M | Scene, ViewLayer | Updating Geometry BVH Smiling mouth.001 47/173 | Building mesh BLAS |      32 tris | Smiling mouth.001
Fra:1 Mem:29.11M (Peak 36.08M) | Time:00:00.35 | Mem:1.92M, Peak:1.92M | Scene, ViewLayer | Updating Geometry BVH Smiling mouth.001 47/173 | Building mesh BLAS |     320 tris | Brass crest clasp
Fra:1 Mem:29.11M (Peak 36.08M) | Time:00:00.35 | Mem:1.92M, Peak:1.92M | Scene, ViewLayer | Updating Geometry BVH Whisker pore.004 49/173 | Building BVH
Fra:1 Mem:29.11M (Peak 36.08M) | Time:00:00.35 | Mem:1.92M, Peak:1.92M | Scene, ViewLayer | Updating Geometry BVH Whisker pore.003 48/173 | Building mesh BLAS |      64 tris | Whisker pore.004
Fra:1 Mem:29.11M (Peak 36.08M) | Time:00:00.35 | Mem:1.92M, Peak:1.92M | Scene, ViewLayer | Updating Geometry BVH Whisker pore.005 50/173 | Building BVH
Fra:1 Mem:29.11M (Peak 36.08M) | Time:00:00.35 | Mem:1.92M, Peak:1.92M | Scene, ViewLayer | Updating Geometry BVH Whisker pore.005 50/173 | Building mesh BLAS |      64 tris | Whisker pore.005
Fra:1 Mem:29.11M (Peak 36.08M) | Time:00:00.35 | Mem:1.92M, Peak:1.92M | Scene, ViewLayer | Updating Geometry BVH Lower jaw 51/173 | Building BVH
Fra:1 Mem:29.11M (Peak 36.08M) | Time:00:00.35 | Mem:1.92M, Peak:1.92M | Scene, ViewLayer | Updating Geometry BVH Lower jaw 51/173 | Building mesh BLAS |     400 tris | Lower jaw
Fra:1 Mem:29.11M (Peak 36.08M) | Time:00:00.35 | Mem:1.92M, Peak:1.92M | Scene, ViewLayer | Updating Geometry BVH Lower jaw 51/173 | Building mesh BLAS |      64 tris | Whisker pore.003
Fra:1 Mem:29.11M (Peak 36.08M) | Time:00:00.35 | Mem:1.92M, Peak:1.92M | Scene, ViewLayer | Updating Geometry BVH Mouth cavity 52/173 | Building BVH
Fra:1 Mem:29.11M (Peak 36.08M) | Time:00:00.35 | Mem:1.92M, Peak:1.92M | Scene, ViewLayer | Updating Geometry BVH Mouth cavity 52/173 | Building mesh BLAS |     360 tris | Mouth cavity
Fra:1 Mem:29.11M (Peak 36.08M) | Time:00:00.35 | Mem:1.92M, Peak:1.92M | Scene, ViewLayer | Updating Geometry BVH Lower canine 53/173 | Building BVH
Fra:1 Mem:29.11M (Peak 36.08M) | Time:00:00.35 | Mem:1.92M, Peak:1.92M | Scene, ViewLayer | Updating Geometry BVH Lower canine 53/173 | Building mesh BLAS |      38 tris | Lower canine
Fra:1 Mem:29.11M (Peak 36.08M) | Time:00:00.35 | Mem:1.92M, Peak:1.92M | Scene, ViewLayer | Updating Geometry BVH Rounded lion ear 55/173 | Building BVH
Fra:1 Mem:29.11M (Peak 36.08M) | Time:00:00.35 | Mem:1.92M, Peak:1.92M | Scene, ViewLayer | Updating Geometry BVH Rounded lion ear 55/173 | Building mesh BLAS |     432 tris | Rounded lion ear
Fra:1 Mem:29.11M (Peak 36.08M) | Time:00:00.35 | Mem:1.92M, Peak:1.92M | Scene, ViewLayer | Updating Geometry BVH Inner lion ear 56/173 | Building BVH
Fra:1 Mem:29.11M (Peak 36.08M) | Time:00:00.35 | Mem:1.92M, Peak:1.92M | Scene, ViewLayer | Updating Geometry BVH Inner lion ear 56/173 | Building mesh BLAS |     320 tris | Inner lion ear
Fra:1 Mem:29.11M (Peak 36.08M) | Time:00:00.35 | Mem:1.92M, Peak:1.92M | Scene, ViewLayer | Updating Geometry BVH Rounded lion ear.001 57/173 | Building BVH
Fra:1 Mem:29.11M (Peak 36.08M) | Time:00:00.35 | Mem:1.92M, Peak:1.92M | Scene, ViewLayer | Updating Geometry BVH Rounded lion ear.001 57/173 | Building mesh BLAS |     432 tris | Rounded lion ear.001
Fra:1 Mem:29.11M (Peak 36.08M) | Time:00:00.35 | Mem:1.92M, Peak:1.92M | Scene, ViewLayer | Updating Geometry BVH Rounded lion ear.001 57/173 | Building mesh BLAS |      38 tris | Lower canine.001
Fra:1 Mem:29.11M (Peak 36.08M) | Time:00:00.35 | Mem:1.92M, Peak:1.92M | Scene, ViewLayer | Updating Geometry BVH Neckerchief folded point 167/173 | Building BVH
Fra:1 Mem:29.11M (Peak 36.08M) | Time:00:00.35 | Mem:1.92M, Peak:1.92M | Scene, ViewLayer | Updating Geometry BVH Neckerchief folded point 167/173 | Building mesh BLAS |       4 tris | Neckerchief folded point
Fra:1 Mem:29.11M (Peak 36.08M) | Time:00:00.35 | Mem:1.92M, Peak:1.92M | Scene, ViewLayer | Updating Geometry BVH Inner lion ear.001 58/173 | Building BVH
Fra:1 Mem:29.11M (Peak 36.08M) | Time:00:00.35 | Mem:1.92M, Peak:1.92M | Scene, ViewLayer | Updating Geometry BVH Closed sculpted rear mane cap 59/173 | Building mesh BLAS |     320 tris | Inner lion ear.001
Fra:1 Mem:29.11M (Peak 36.08M) | Time:00:00.35 | Mem:1.92M, Peak:1.92M | Scene, ViewLayer | Updating Geometry BVH Leather neckerchief roll 166/173 | Building BVH
Fra:1 Mem:29.11M (Peak 36.08M) | Time:00:00.35 | Mem:1.92M, Peak:1.92M | Scene, ViewLayer | Updating Geometry BVH Leather neckerchief roll 166/173 | Building mesh BLAS |      76 tris | Leather neckerchief roll
Fra:1 Mem:29.11M (Peak 36.08M) | Time:00:00.35 | Mem:1.92M, Peak:1.92M | Scene, ViewLayer | Updating Geometry BVH Layered rear mane lock 60/173 | Building BVH
Fra:1 Mem:29.11M (Peak 36.08M) | Time:00:00.35 | Mem:1.92M, Peak:1.92M | Scene, ViewLayer | Updating Geometry BVH Layered rear mane lock 60/173 | Building mesh BLAS |      60 tris | Layered rear mane lock
Fra:1 Mem:29.11M (Peak 36.08M) | Time:00:00.35 | Mem:1.92M, Peak:1.92M | Scene, ViewLayer | Updating Geometry BVH Layered rear mane lock.001 61/173 | Building BVH
Fra:1 Mem:29.11M (Peak 36.08M) | Time:00:00.35 | Mem:1.92M, Peak:1.92M | Scene, ViewLayer | Updating Geometry BVH Layered rear mane lock.001 61/173 | Building mesh BLAS |      60 tris | Layered rear mane lock.001
Fra:1 Mem:29.11M (Peak 36.08M) | Time:00:00.35 | Mem:1.92M, Peak:1.92M | Scene, ViewLayer | Updating Geometry BVH Layered rear mane lock.002 62/173 | Building BVH
Fra:1 Mem:29.11M (Peak 36.08M) | Time:00:00.35 | Mem:1.92M, Peak:1.92M | Scene, ViewLayer | Updating Geometry BVH Layered rear mane lock.002 62/173 | Building mesh BLAS |      60 tris | Layered rear mane lock.002
Fra:1 Mem:29.11M (Peak 36.08M) | Time:00:00.35 | Mem:1.92M, Peak:1.92M | Scene, ViewLayer | Updating Geometry BVH Layered rear mane lock.003 63/173 | Building BVH
Fra:1 Mem:29.11M (Peak 36.08M) | Time:00:00.35 | Mem:1.92M, Peak:1.92M | Scene, ViewLayer | Updating Geometry BVH Layered rear mane lock.003 63/173 | Building mesh BLAS |      60 tris | Layered rear mane lock.003
Fra:1 Mem:29.11M (Peak 36.08M) | Time:00:00.35 | Mem:1.92M, Peak:1.92M | Scene, ViewLayer | Updating Geometry BVH Layered rear mane lock.004 64/173 | Building BVH
Fra:1 Mem:29.11M (Peak 36.08M) | Time:00:00.35 | Mem:1.92M, Peak:1.92M | Scene, ViewLayer | Updating Geometry BVH Layered rear mane lock.004 64/173 | Building mesh BLAS |      60 tris | Layered rear mane lock.004
Fra:1 Mem:29.11M (Peak 36.08M) | Time:00:00.35 | Mem:1.92M, Peak:1.92M | Scene, ViewLayer | Updating Geometry BVH Layered rear mane lock.005 65/173 | Building BVH
Fra:1 Mem:29.11M (Peak 36.08M) | Time:00:00.35 | Mem:1.92M, Peak:1.92M | Scene, ViewLayer | Updating Geometry BVH Layered rear mane lock.006 66/173 | Building BVH
Fra:1 Mem:29.11M (Peak 36.08M) | Time:00:00.35 | Mem:1.92M, Peak:1.92M | Scene, ViewLayer | Updating Geometry BVH Layered rear mane lock.006 66/173 | Building mesh BLAS |      60 tris | Layered rear mane lock.006
Fra:1 Mem:29.11M (Peak 36.08M) | Time:00:00.35 | Mem:1.92M, Peak:1.92M | Scene, ViewLayer | Updating Geometry BVH Flame tail tuft.006 165/173 | Building BVH
Fra:1 Mem:29.11M (Peak 36.08M) | Time:00:00.35 | Mem:1.92M, Peak:1.92M | Scene, ViewLayer | Updating Geometry BVH Flame tail tuft.006 165/173 | Building mesh BLAS |      44 tris | Flame tail tuft.006
Fra:1 Mem:29.11M (Peak 36.08M) | Time:00:00.35 | Mem:1.92M, Peak:1.92M | Scene, ViewLayer | Updating Geometry BVH Layered rear mane lock.007 67/173 | Building BVH
Fra:1 Mem:29.11M (Peak 36.08M) | Time:00:00.35 | Mem:1.92M, Peak:1.92M | Scene, ViewLayer | Updating Geometry BVH Layered rear mane lock.007 67/173 | Building mesh BLAS |      60 tris | Layered rear mane lock.007
Fra:1 Mem:29.11M (Peak 36.08M) | Time:00:00.35 | Mem:1.92M, Peak:1.92M | Scene, ViewLayer | Updating Geometry BVH Layered rear mane lock.008 68/173 | Building BVH
Fra:1 Mem:29.11M (Peak 36.08M) | Time:00:00.35 | Mem:1.92M, Peak:1.92M | Scene, ViewLayer | Updating Geometry BVH Layered rear mane lock.008 68/173 | Building mesh BLAS |      60 tris | Layered rear mane lock.008
Fra:1 Mem:29.11M (Peak 36.08M) | Time:00:00.36 | Mem:1.92M, Peak:1.92M | Scene, ViewLayer | Updating Geometry BVH Layered rear mane lock.009 69/173 | Building BVH
Fra:1 Mem:29.11M (Peak 36.08M) | Time:00:00.36 | Mem:1.92M, Peak:1.92M | Scene, ViewLayer | Updating Geometry BVH Layered rear mane lock.010 70/173 | Building BVH
Fra:1 Mem:29.11M (Peak 36.08M) | Time:00:00.36 | Mem:1.92M, Peak:1.92M | Scene, ViewLayer | Updating Geometry BVH Layered rear mane lock.010 70/173 | Building mesh BLAS |      60 tris | Layered rear mane lock.009
Fra:1 Mem:29.11M (Peak 36.08M) | Time:00:00.36 | Mem:1.92M, Peak:1.92M | Scene, ViewLayer | Updating Geometry BVH Layered rear mane lock.010 70/173 | Building mesh BLAS |      60 tris | Layered rear mane lock.010
Fra:1 Mem:29.11M (Peak 36.08M) | Time:00:00.36 | Mem:1.92M, Peak:1.92M | Scene, ViewLayer | Updating Geometry BVH Layered rear mane lock.011 71/173 | Building BVH
Fra:1 Mem:29.11M (Peak 36.08M) | Time:00:00.36 | Mem:1.92M, Peak:1.92M | Scene, ViewLayer | Updating Geometry BVH Flame tail tuft.005 164/173 | Building BVH
Fra:1 Mem:29.11M (Peak 36.08M) | Time:00:00.36 | Mem:1.92M, Peak:1.92M | Scene, ViewLayer | Updating Geometry BVH Flame tail tuft.005 164/173 | Building mesh BLAS |      60 tris | Layered rear mane lock.011
Fra:1 Mem:29.11M (Peak 36.08M) | Time:00:00.36 | Mem:1.92M, Peak:1.92M | Scene, ViewLayer | Updating Geometry BVH Flame tail tuft.005 164/173 | Building mesh BLAS |      60 tris | Layered rear mane lock.012
Fra:1 Mem:29.11M (Peak 36.08M) | Time:00:00.36 | Mem:1.92M, Peak:1.92M | Scene, ViewLayer | Updating Geometry BVH Flame tail tuft.005 164/173 | Building mesh BLAS |      44 tris | Flame tail tuft.005
Fra:1 Mem:29.11M (Peak 36.08M) | Time:00:00.36 | Mem:1.92M, Peak:1.92M | Scene, ViewLayer | Updating Geometry BVH Layered rear mane lock.013 73/173 | Building BVH
Fra:1 Mem:29.11M (Peak 36.08M) | Time:00:00.36 | Mem:1.92M, Peak:1.92M | Scene, ViewLayer | Updating Geometry BVH Layered rear mane lock.015 75/173 | Building BVH
Fra:1 Mem:29.11M (Peak 36.08M) | Time:00:00.36 | Mem:1.92M, Peak:1.92M | Scene, ViewLayer | Updating Geometry BVH Layered rear mane lock.015 75/173 | Building mesh BLAS |      60 tris | Layered rear mane lock.013
Fra:1 Mem:29.11M (Peak 36.08M) | Time:00:00.36 | Mem:1.92M, Peak:1.92M | Scene, ViewLayer | Updating Geometry BVH Layered rear mane lock.015 75/173 | Building mesh BLAS |      60 tris | Layered rear mane lock.014
Fra:1 Mem:29.11M (Peak 36.08M) | Time:00:00.36 | Mem:1.92M, Peak:1.92M | Scene, ViewLayer | Updating Geometry BVH Layered rear mane lock.016 76/173 | Building mesh BLAS |      60 tris | Layered rear mane lock.015
Fra:1 Mem:29.11M (Peak 36.08M) | Time:00:00.36 | Mem:1.92M, Peak:1.92M | Scene, ViewLayer | Updating Geometry BVH Layered rear mane lock.016 76/173 | Building mesh BLAS |      60 tris | Layered rear mane lock.016
Fra:1 Mem:29.11M (Peak 36.08M) | Time:00:00.36 | Mem:1.93M, Peak:1.93M | Scene, ViewLayer | Updating Geometry BVH Layered rear mane lock.017 77/173 | Building BVH
Fra:1 Mem:29.11M (Peak 36.08M) | Time:00:00.36 | Mem:1.93M, Peak:1.93M | Scene, ViewLayer | Updating Geometry BVH Layered rear mane lock.017 77/173 | Building mesh BLAS |      60 tris | Layered rear mane lock.017
Fra:1 Mem:29.11M (Peak 36.08M) | Time:00:00.36 | Mem:1.93M, Peak:1.93M | Scene, ViewLayer | Updating Geometry BVH Layered rear mane lock.018 78/173 | Building BVH
Fra:1 Mem:29.11M (Peak 36.08M) | Time:00:00.36 | Mem:1.93M, Peak:1.93M | Scene, ViewLayer | Updating Geometry BVH Layered rear mane lock.018 78/173 | Building mesh BLAS |      60 tris | Layered rear mane lock.018
Fra:1 Mem:29.11M (Peak 36.08M) | Time:00:00.36 | Mem:1.93M, Peak:1.93M | Scene, ViewLayer | Updating Geometry BVH Layered rear mane lock.019 79/173 | Building BVH
Fra:1 Mem:29.11M (Peak 36.08M) | Time:00:00.36 | Mem:1.93M, Peak:1.93M | Scene, ViewLayer | Updating Geometry BVH Flame tail tuft.004 163/173 | Building BVH
Fra:1 Mem:29.11M (Peak 36.08M) | Time:00:00.36 | Mem:1.93M, Peak:1.93M | Scene, ViewLayer | Updating Geometry BVH Flame tail tuft.004 163/173 | Building mesh BLAS |      60 tris | Layered rear mane lock.019
Fra:1 Mem:29.11M (Peak 36.08M) | Time:00:00.36 | Mem:1.93M, Peak:1.93M | Scene, ViewLayer | Updating Geometry BVH Flame tail tuft.004 163/173 | Building mesh BLAS |      44 tris | Flame tail tuft.004
Fra:1 Mem:29.11M (Peak 36.08M) | Time:00:00.36 | Mem:1.93M, Peak:1.93M | Scene, ViewLayer | Updating Geometry BVH Layered rear mane lock.020 80/173 | Building BVH
Fra:1 Mem:29.11M (Peak 36.08M) | Time:00:00.36 | Mem:1.93M, Peak:1.93M | Scene, ViewLayer | Updating Geometry BVH Layered rear mane lock.020 80/173 | Building mesh BLAS |      60 tris | Layered rear mane lock.020
Fra:1 Mem:29.11M (Peak 36.08M) | Time:00:00.36 | Mem:2.13M, Peak:2.13M | Scene, ViewLayer | Updating Geometry BVH Layered rear mane lock.021 81/173 | Building BVH
Fra:1 Mem:29.11M (Peak 36.08M) | Time:00:00.36 | Mem:2.14M, Peak:2.14M | Scene, ViewLayer | Updating Geometry BVH Layered rear mane lock.022 82/173 | Building BVH
Fra:1 Mem:29.11M (Peak 36.08M) | Time:00:00.36 | Mem:2.14M, Peak:2.14M | Scene, ViewLayer | Updating Geometry BVH Sculpted mane lock 83/173 | Building BVH
Fra:1 Mem:29.11M (Peak 36.08M) | Time:00:00.36 | Mem:2.14M, Peak:2.14M | Scene, ViewLayer | Updating Geometry BVH Sculpted mane lock 83/173 | Building mesh BLAS |      60 tris | Layered rear mane lock.022
Fra:1 Mem:29.11M (Peak 36.08M) | Time:00:00.36 | Mem:2.14M, Peak:2.14M | Scene, ViewLayer | Updating Geometry BVH Sculpted mane lock.001 84/173 | Building BVH
Fra:1 Mem:29.11M (Peak 36.08M) | Time:00:00.36 | Mem:2.14M, Peak:2.14M | Scene, ViewLayer | Updating Geometry BVH Sculpted mane lock.001 84/173 | Building mesh BLAS |      60 tris | Sculpted mane lock.001
Fra:1 Mem:29.11M (Peak 36.08M) | Time:00:00.36 | Mem:2.14M, Peak:2.14M | Scene, ViewLayer | Updating Geometry BVH Sculpted mane lock.002 85/173 | Building BVH
Fra:1 Mem:29.11M (Peak 36.08M) | Time:00:00.36 | Mem:2.14M, Peak:2.14M | Scene, ViewLayer | Updating Geometry BVH Sculpted mane lock.002 85/173 | Building mesh BLAS |      60 tris | Sculpted mane lock.002
Fra:1 Mem:29.11M (Peak 36.08M) | Time:00:00.36 | Mem:2.14M, Peak:2.14M | Scene, ViewLayer | Updating Geometry BVH Sculpted mane lock.003 86/173 | Building BVH
Fra:1 Mem:29.11M (Peak 36.08M) | Time:00:00.36 | Mem:2.15M, Peak:2.15M | Scene, ViewLayer | Updating Geometry BVH Sculpted mane lock.003 86/173 | Building mesh BLAS |      60 tris | Sculpted mane lock.003
Fra:1 Mem:29.11M (Peak 36.08M) | Time:00:00.36 | Mem:2.15M, Peak:2.15M | Scene, ViewLayer | Updating Geometry BVH Flame tail tuft.003 162/173 | Building BVH
Fra:1 Mem:29.11M (Peak 36.08M) | Time:00:00.36 | Mem:2.15M, Peak:2.15M | Scene, ViewLayer | Updating Geometry BVH Flame tail tuft.003 162/173 | Building mesh BLAS |      44 tris | Flame tail tuft.003
Fra:1 Mem:29.11M (Peak 36.08M) | Time:00:00.37 | Mem:2.15M, Peak:2.15M | Scene, ViewLayer | Updating Geometry BVH Sculpted mane lock.004 87/173 | Building BVH
Fra:1 Mem:29.11M (Peak 36.08M) | Time:00:00.37 | Mem:2.15M, Peak:2.15M | Scene, ViewLayer | Updating Geometry BVH Sculpted mane lock.004 87/173 | Building mesh BLAS |      60 tris | Sculpted mane lock.004
Fra:1 Mem:29.11M (Peak 36.08M) | Time:00:00.37 | Mem:2.15M, Peak:2.15M | Scene, ViewLayer | Updating Geometry BVH Sculpted mane lock.005 88/173 | Building BVH
Fra:1 Mem:29.11M (Peak 36.08M) | Time:00:00.37 | Mem:2.15M, Peak:2.15M | Scene, ViewLayer | Updating Geometry BVH Sculpted mane lock.005 88/173 | Building mesh BLAS |      60 tris | Sculpted mane lock.005
Fra:1 Mem:29.11M (Peak 36.08M) | Time:00:00.37 | Mem:2.16M, Peak:2.16M | Scene, ViewLayer | Updating Geometry BVH Sculpted mane lock.006 89/173 | Building BVH
Fra:1 Mem:29.11M (Peak 36.08M) | Time:00:00.37 | Mem:2.16M, Peak:2.16M | Scene, ViewLayer | Updating Geometry BVH Sculpted mane lock.008 91/173 | Building BVH
Fra:1 Mem:29.11M (Peak 36.08M) | Time:00:00.37 | Mem:2.16M, Peak:2.16M | Scene, ViewLayer | Updating Geometry BVH Sculpted mane lock.009 92/173 | Building mesh BLAS |      60 tris | Sculpted mane lock.006
Fra:1 Mem:29.11M (Peak 36.08M) | Time:00:00.37 | Mem:2.17M, Peak:2.17M | Scene, ViewLayer | Updating Geometry BVH Sculpted mane lock.009 92/173 | Building mesh BLAS |      60 tris | Sculpted mane lock.007
Fra:1 Mem:29.11M (Peak 36.08M) | Time:00:00.37 | Mem:2.17M, Peak:2.17M | Scene, ViewLayer | Updating Geometry BVH Sculpted mane lock.009 92/173 | Building mesh BLAS |      60 tris | Sculpted mane lock.008
Fra:1 Mem:29.11M (Peak 36.08M) | Time:00:00.37 | Mem:2.17M, Peak:2.17M | Scene, ViewLayer | Updating Geometry BVH Sculpted mane lock.009 92/173 | Building mesh BLAS |      60 tris | Sculpted mane lock.009
Fra:1 Mem:29.11M (Peak 36.08M) | Time:00:00.37 | Mem:2.17M, Peak:2.17M | Scene, ViewLayer | Updating Geometry BVH Sculpted mane lock.010 93/173 | Building BVH
Fra:1 Mem:29.11M (Peak 36.08M) | Time:00:00.37 | Mem:2.17M, Peak:2.17M | Scene, ViewLayer | Updating Geometry BVH Flame tail tuft.002 161/173 | Building BVH
Fra:1 Mem:29.11M (Peak 36.08M) | Time:00:00.37 | Mem:2.17M, Peak:2.17M | Scene, ViewLayer | Updating Geometry BVH Flame tail tuft.002 161/173 | Building mesh BLAS |      60 tris | Sculpted mane lock.010
Fra:1 Mem:29.11M (Peak 36.08M) | Time:00:00.37 | Mem:2.17M, Peak:2.17M | Scene, ViewLayer | Updating Geometry BVH Flame tail tuft.002 161/173 | Building mesh BLAS |      44 tris | Flame tail tuft.002
Fra:1 Mem:29.11M (Peak 36.08M) | Time:00:00.37 | Mem:2.18M, Peak:2.18M | Scene, ViewLayer | Updating Geometry BVH Sculpted mane lock.011 94/173 | Building BVH
Fra:1 Mem:29.11M (Peak 36.08M) | Time:00:00.37 | Mem:2.19M, Peak:2.19M | Scene, ViewLayer | Updating Geometry BVH Sculpted mane lock.011 94/173 | Building mesh BLAS |      60 tris | Sculpted mane lock.011
Fra:1 Mem:29.11M (Peak 36.08M) | Time:00:00.37 | Mem:2.20M, Peak:2.20M | Scene, ViewLayer | Updating Geometry BVH Sculpted mane lock.012 95/173 | Building BVH
Fra:1 Mem:29.11M (Peak 36.08M) | Time:00:00.37 | Mem:2.20M, Peak:2.20M | Scene, ViewLayer | Updating Geometry BVH Sculpted mane lock.012 95/173 | Building mesh BLAS |      60 tris | Sculpted mane lock.012
Fra:1 Mem:29.11M (Peak 36.08M) | Time:00:00.37 | Mem:2.21M, Peak:2.21M | Scene, ViewLayer | Updating Geometry BVH Sculpted mane lock.013 96/173 | Building BVH
Fra:1 Mem:29.11M (Peak 36.08M) | Time:00:00.37 | Mem:2.21M, Peak:2.21M | Scene, ViewLayer | Updating Geometry BVH Sculpted mane lock.016 99/173 | Building BVH
Fra:1 Mem:29.11M (Peak 36.08M) | Time:00:00.37 | Mem:2.21M, Peak:2.21M | Scene, ViewLayer | Updating Geometry BVH Sculpted mane lock.016 99/173 | Building mesh BLAS |      60 tris | Sculpted mane lock.013
Fra:1 Mem:29.11M (Peak 36.08M) | Time:00:00.37 | Mem:2.21M, Peak:2.21M | Scene, ViewLayer | Updating Geometry BVH Sculpted mane lock.016 99/173 | Building mesh BLAS |      60 tris | Sculpted mane lock.016
Fra:1 Mem:29.11M (Peak 36.08M) | Time:00:00.37 | Mem:2.21M, Peak:2.21M | Scene, ViewLayer | Updating Geometry BVH Sculpted mane lock.016 99/173 | Building mesh BLAS |      60 tris | Sculpted mane lock.015
Fra:1 Mem:29.11M (Peak 36.08M) | Time:00:00.37 | Mem:2.21M, Peak:2.21M | Scene, ViewLayer | Updating Geometry BVH Sculpted mane lock.016 99/173 | Building mesh BLAS |      60 tris | Sculpted mane lock.014
Fra:1 Mem:29.11M (Peak 36.08M) | Time:00:00.37 | Mem:2.42M, Peak:2.42M | Scene, ViewLayer | Updating Geometry BVH Flame tail tuft.001 160/173 | Building BVH
Fra:1 Mem:29.11M (Peak 36.08M) | Time:00:00.37 | Mem:2.42M, Peak:2.42M | Scene, ViewLayer | Updating Geometry BVH Sculpted mane lock.017 100/173 | Building BVH
Fra:1 Mem:29.11M (Peak 36.08M) | Time:00:00.37 | Mem:2.42M, Peak:2.42M | Scene, ViewLayer | Updating Geometry BVH Sculpted mane lock.017 100/173 | Building mesh BLAS |      44 tris | Flame tail tuft.001
Fra:1 Mem:29.11M (Peak 36.08M) | Time:00:00.37 | Mem:2.42M, Peak:2.42M | Scene, ViewLayer | Updating Geometry BVH Sculpted mane lock.017 100/173 | Building mesh BLAS |      60 tris | Sculpted mane lock.017
Fra:1 Mem:29.11M (Peak 36.08M) | Time:00:00.37 | Mem:2.51M, Peak:2.51M | Scene, ViewLayer | Updating Geometry BVH Sculpted mane lock.018 101/173 | Building BVH
Fra:1 Mem:29.11M (Peak 36.08M) | Time:00:00.37 | Mem:2.55M, Peak:2.55M | Scene, ViewLayer | Updating Geometry BVH Sculpted mane lock.020 103/173 | Building BVH
Fra:1 Mem:29.11M (Peak 36.08M) | Time:00:00.37 | Mem:2.55M, Peak:2.55M | Scene, ViewLayer | Updating Geometry BVH Sculpted mane lock.020 103/173 | Building mesh BLAS |      60 tris | Sculpted mane lock.018
Fra:1 Mem:29.11M (Peak 36.08M) | Time:00:00.37 | Mem:2.58M, Peak:2.58M | Scene, ViewLayer | Updating Geometry BVH Sculpted mane lock.020 103/173 | Building mesh BLAS |      60 tris | Sculpted mane lock.020
Fra:1 Mem:29.11M (Peak 36.08M) | Time:00:00.37 | Mem:2.60M, Peak:2.60M | Scene, ViewLayer | Updating Geometry BVH Sculpted mane lock.023 106/173 | Building BVH
Fra:1 Mem:29.11M (Peak 36.08M) | Time:00:00.37 | Mem:2.60M, Peak:2.60M | Scene, ViewLayer | Updating Geometry BVH Sculpted mane lock.023 106/173 | Building mesh BLAS |      60 tris | Sculpted mane lock.023
Fra:1 Mem:29.11M (Peak 36.08M) | Time:00:00.37 | Mem:2.60M, Peak:2.60M | Scene, ViewLayer | Updating Geometry BVH Sculpted mane lock.023 106/173 | Building mesh BLAS |      60 tris | Sculpted mane lock.021
Fra:1 Mem:29.11M (Peak 36.08M) | Time:00:00.37 | Mem:2.60M, Peak:2.60M | Scene, ViewLayer | Updating Geometry BVH Flame tail tuft 159/173 | Building BVH
Fra:1 Mem:29.11M (Peak 36.08M) | Time:00:00.37 | Mem:2.60M, Peak:2.60M | Scene, ViewLayer | Updating Geometry BVH Flame tail tuft 159/173 | Building mesh BLAS |      44 tris | Flame tail tuft
Fra:1 Mem:29.11M (Peak 36.08M) | Time:00:00.37 | Mem:2.60M, Peak:2.60M | Scene, ViewLayer | Updating Geometry BVH Flame tail tuft 159/173 | Building mesh BLAS |      60 tris | Sculpted mane lock.019
Fra:1 Mem:29.11M (Peak 36.08M) | Time:00:00.37 | Mem:2.60M, Peak:2.60M | Scene, ViewLayer | Updating Geometry BVH Flame tail tuft 159/173 | Building mesh BLAS |      60 tris | Sculpted mane lock.022
Fra:1 Mem:29.11M (Peak 36.08M) | Time:00:00.38 | Mem:2.60M, Peak:2.60M | Scene, ViewLayer | Updating Geometry BVH Sculpted mane lock.024 107/173 | Building BVH
Fra:1 Mem:29.11M (Peak 36.08M) | Time:00:00.38 | Mem:2.60M, Peak:2.60M | Scene, ViewLayer | Updating Geometry BVH Sculpted mane lock.024 107/173 | Building mesh BLAS |      60 tris | Sculpted mane lock.024
Fra:1 Mem:29.11M (Peak 36.08M) | Time:00:00.38 | Mem:2.66M, Peak:2.66M | Scene, ViewLayer | Updating Geometry BVH Sculpted mane lock.025 108/173 | Building BVH
Fra:1 Mem:29.11M (Peak 36.08M) | Time:00:00.38 | Mem:2.72M, Peak:2.72M | Scene, ViewLayer | Updating Geometry BVH Sculpted mane lock.025 108/173 | Building mesh BLAS |      60 tris | Sculpted mane lock.025
Fra:1 Mem:29.11M (Peak 36.08M) | Time:00:00.38 | Mem:2.73M, Peak:2.73M | Scene, ViewLayer | Updating Geometry BVH Sculpted mane lock.026 109/173 | Building BVH
Fra:1 Mem:29.11M (Peak 36.08M) | Time:00:00.38 | Mem:2.75M, Peak:2.75M | Scene, ViewLayer | Updating Geometry BVH Sculpted mane lock.029 112/173 | Building BVH
Fra:1 Mem:29.11M (Peak 36.08M) | Time:00:00.38 | Mem:2.76M, Peak:2.76M | Scene, ViewLayer | Updating Geometry BVH Sculpted mane lock.030 113/173 | Building BVH
Fra:1 Mem:29.11M (Peak 36.08M) | Time:00:00.38 | Mem:2.76M, Peak:2.76M | Scene, ViewLayer | Updating Geometry BVH Sculpted mane lock.031 114/173 | Building BVH
Fra:1 Mem:29.11M (Peak 36.08M) | Time:00:00.38 | Mem:2.77M, Peak:2.77M | Scene, ViewLayer | Updating Geometry BVH Sculpted mane lock.032 115/173 | Building mesh BLAS |      60 tris | Sculpted mane lock.031
Fra:1 Mem:29.11M (Peak 36.08M) | Time:00:00.38 | Mem:2.82M, Peak:2.82M | Scene, ViewLayer | Updating Geometry BVH Sculpted mane lock.032 115/173 | Building mesh BLAS |      60 tris | Sculpted mane lock.027
Fra:1 Mem:29.11M (Peak 36.08M) | Time:00:00.38 | Mem:2.82M, Peak:2.82M | Scene, ViewLayer | Updating Geometry BVH Sculpted mane lock.032 115/173 | Building mesh BLAS |      60 tris | Sculpted mane lock.028
Fra:1 Mem:29.11M (Peak 36.08M) | Time:00:00.38 | Mem:2.82M, Peak:2.82M | Scene, ViewLayer | Updating Geometry BVH Sculpted mane lock.033 116/173 | Building BVH
Fra:1 Mem:29.11M (Peak 36.08M) | Time:00:00.38 | Mem:2.82M, Peak:2.82M | Scene, ViewLayer | Updating Geometry BVH Sculpted mane lock.034 117/173 | Building BVH
Fra:1 Mem:29.11M (Peak 36.08M) | Time:00:00.38 | Mem:2.82M, Peak:2.82M | Scene, ViewLayer | Updating Geometry BVH Sculpted mane lock.034 117/173 | Building mesh BLAS |      60 tris | Sculpted mane lock.033
Fra:1 Mem:29.11M (Peak 36.08M) | Time:00:00.38 | Mem:2.82M, Peak:2.82M | Scene, ViewLayer | Updating Geometry BVH Sculpted mane lock.034 117/173 | Building mesh BLAS |      60 tris | Sculpted mane lock.034
Fra:1 Mem:29.11M (Peak 36.08M) | Time:00:00.38 | Mem:2.82M, Peak:2.82M | Scene, ViewLayer | Updating Geometry BVH Sculpted mane lock.034 117/173 | Building mesh BLAS |      60 tris | Sculpted mane lock.032
Fra:1 Mem:29.11M (Peak 36.08M) | Time:00:00.38 | Mem:2.82M, Peak:2.82M | Scene, ViewLayer | Updating Geometry BVH Sculpted mane lock.035 118/173 | Building BVH
Fra:1 Mem:29.11M (Peak 36.08M) | Time:00:00.38 | Mem:2.82M, Peak:2.82M | Scene, ViewLayer | Updating Geometry BVH Sculpted mane lock.035 118/173 | Building mesh BLAS |      60 tris | Sculpted mane lock.035
Fra:1 Mem:29.11M (Peak 36.08M) | Time:00:00.38 | Mem:2.82M, Peak:2.82M | Scene, ViewLayer | Updating Geometry BVH Sculpted mane lock.036 119/173 | Building BVH
Fra:1 Mem:29.11M (Peak 36.08M) | Time:00:00.38 | Mem:2.82M, Peak:2.82M | Scene, ViewLayer | Updating Geometry BVH Wrist fur.011 157/173 | Building BVH
Fra:1 Mem:29.11M (Peak 36.08M) | Time:00:00.38 | Mem:2.82M, Peak:2.82M | Scene, ViewLayer | Updating Geometry BVH Sculpted mane lock.037 120/173 | Building BVH
Fra:1 Mem:29.11M (Peak 36.08M) | Time:00:00.38 | Mem:2.82M, Peak:2.82M | Scene, ViewLayer | Updating Geometry BVH Sculpted mane lock.037 120/173 | Building mesh BLAS |      44 tris | Wrist fur.011
Fra:1 Mem:29.11M (Peak 36.08M) | Time:00:00.38 | Mem:2.82M, Peak:2.82M | Scene, ViewLayer | Updating Geometry BVH Sculpted mane lock.038 121/173 | Building BVH
Fra:1 Mem:29.11M (Peak 36.08M) | Time:00:00.38 | Mem:2.82M, Peak:2.82M | Scene, ViewLayer | Updating Geometry BVH Sculpted mane lock.038 121/173 | Building mesh BLAS |      60 tris | Sculpted mane lock.038
Fra:1 Mem:29.11M (Peak 36.08M) | Time:00:00.38 | Mem:2.84M, Peak:2.84M | Scene, ViewLayer | Updating Geometry BVH Wrist fur.010 156/173 | Building BVH
Fra:1 Mem:29.11M (Peak 36.08M) | Time:00:00.38 | Mem:2.84M, Peak:2.84M | Scene, ViewLayer | Updating Geometry BVH Sculpted mane lock.039 122/173 | Building BVH
Fra:1 Mem:29.11M (Peak 36.08M) | Time:00:00.38 | Mem:2.84M, Peak:2.84M | Scene, ViewLayer | Updating Geometry BVH Sculpted mane lock.040 123/173 | Building BVH
Fra:1 Mem:29.11M (Peak 36.08M) | Time:00:00.38 | Mem:2.84M, Peak:2.84M | Scene, ViewLayer | Updating Geometry BVH Sculpted mane lock.040 123/173 | Building mesh BLAS |      60 tris | Sculpted mane lock.039
Fra:1 Mem:29.11M (Peak 36.08M) | Time:00:00.38 | Mem:2.84M, Peak:2.84M | Scene, ViewLayer | Updating Geometry BVH Sculpted mane lock.041 124/173 | Building BVH
Fra:1 Mem:29.11M (Peak 36.08M) | Time:00:00.38 | Mem:2.84M, Peak:2.84M | Scene, ViewLayer | Updating Geometry BVH Sculpted mane lock.041 124/173 | Building mesh BLAS |      60 tris | Sculpted mane lock.037
Fra:1 Mem:29.11M (Peak 36.08M) | Time:00:00.38 | Mem:2.85M, Peak:2.85M | Scene, ViewLayer | Updating Geometry BVH Sculpted mane lock.042 125/173 | Building BVH
Fra:1 Mem:29.11M (Peak 36.08M) | Time:00:00.38 | Mem:2.85M, Peak:2.85M | Scene, ViewLayer | Updating Geometry BVH Sculpted mane lock.043 126/173 | Building BVH
Fra:1 Mem:29.11M (Peak 36.08M) | Time:00:00.38 | Mem:2.85M, Peak:2.85M | Scene, ViewLayer | Updating Geometry BVH Sculpted mane lock.043 126/173 | Building mesh BLAS |      60 tris | Sculpted mane lock.040
Fra:1 Mem:29.11M (Peak 36.08M) | Time:00:00.38 | Mem:2.85M, Peak:2.85M | Scene, ViewLayer | Updating Geometry BVH Sculpted mane lock.043 126/173 | Building mesh BLAS |      60 tris | Sculpted mane lock.041
Fra:1 Mem:29.11M (Peak 36.08M) | Time:00:00.38 | Mem:2.85M, Peak:2.85M | Scene, ViewLayer | Updating Geometry BVH Sculpted mane lock.045 128/173 | Building BVH
Fra:1 Mem:29.11M (Peak 36.08M) | Time:00:00.38 | Mem:2.85M, Peak:2.85M | Scene, ViewLayer | Updating Geometry BVH Sculpted mane lock.046 129/173 | Building BVH
Fra:1 Mem:29.11M (Peak 36.08M) | Time:00:00.38 | Mem:2.85M, Peak:2.85M | Scene, ViewLayer | Updating Geometry BVH Sculpted mane lock.046 129/173 | Building mesh BLAS |      60 tris | Sculpted mane lock.045
Fra:1 Mem:29.11M (Peak 36.08M) | Time:00:00.38 | Mem:2.85M, Peak:2.85M | Scene, ViewLayer | Updating Geometry BVH Sculpted mane lock.046 129/173 | Building mesh BLAS |      60 tris | Sculpted mane lock.046
Fra:1 Mem:29.11M (Peak 36.08M) | Time:00:00.38 | Mem:2.85M, Peak:2.85M | Scene, ViewLayer | Updating Geometry BVH Sculpted mane lock.047 130/173 | Building BVH
Fra:1 Mem:29.11M (Peak 36.08M) | Time:00:00.38 | Mem:2.85M, Peak:2.85M | Scene, ViewLayer | Updating Geometry BVH Sculpted mane lock.047 130/173 | Building mesh BLAS |      60 tris | Sculpted mane lock.043
Fra:1 Mem:29.11M (Peak 36.08M) | Time:00:00.38 | Mem:2.86M, Peak:2.86M | Scene, ViewLayer | Updating Geometry BVH Sculpted mane lock.047 130/173 | Building mesh BLAS |      60 tris | Sculpted mane lock.047
Fra:1 Mem:29.11M (Peak 36.08M) | Time:00:00.38 | Mem:2.86M, Peak:2.86M | Scene, ViewLayer | Updating Geometry BVH Wrist fur.009 155/173 | Building BVH
Fra:1 Mem:29.11M (Peak 36.08M) | Time:00:00.38 | Mem:2.86M, Peak:2.86M | Scene, ViewLayer | Updating Geometry BVH Sculpted mane lock.048 131/173 | Building BVH
Fra:1 Mem:29.11M (Peak 36.08M) | Time:00:00.38 | Mem:2.86M, Peak:2.86M | Scene, ViewLayer | Updating Geometry BVH Sculpted mane lock.048 131/173 | Building mesh BLAS |      60 tris | Sculpted mane lock.048
Fra:1 Mem:29.11M (Peak 36.08M) | Time:00:00.38 | Mem:2.86M, Peak:2.86M | Scene, ViewLayer | Updating Geometry BVH Sculpted mane lock.049 132/173 | Building BVH
Fra:1 Mem:29.11M (Peak 36.08M) | Time:00:00.38 | Mem:2.86M, Peak:2.86M | Scene, ViewLayer | Updating Geometry BVH Sculpted mane lock.050 133/173 | Building BVH
Fra:1 Mem:29.11M (Peak 36.08M) | Time:00:00.38 | Mem:2.86M, Peak:2.86M | Scene, ViewLayer | Updating Geometry BVH Sculpted mane lock.050 133/173 | Building mesh BLAS |      60 tris | Sculpted mane lock.049
Fra:1 Mem:29.11M (Peak 36.08M) | Time:00:00.38 | Mem:2.86M, Peak:2.86M | Scene, ViewLayer | Updating Geometry BVH Sculpted mane lock.050 133/173 | Building mesh BLAS |      60 tris | Sculpted mane lock.050
Fra:1 Mem:29.11M (Peak 36.08M) | Time:00:00.38 | Mem:2.86M, Peak:2.86M | Scene, ViewLayer | Updating Geometry BVH Layered shoulder fur 134/173 | Building BVH
Fra:1 Mem:29.11M (Peak 36.08M) | Time:00:00.38 | Mem:2.86M, Peak:2.86M | Scene, ViewLayer | Updating Geometry BVH Layered shoulder fur 134/173 | Building mesh BLAS |      44 tris | Layered shoulder fur
Fra:1 Mem:29.11M (Peak 36.08M) | Time:00:00.38 | Mem:2.87M, Peak:2.87M | Scene, ViewLayer | Updating Geometry BVH Layered shoulder fur.001 135/173 | Building BVH
Fra:1 Mem:29.11M (Peak 36.08M) | Time:00:00.38 | Mem:2.87M, Peak:2.87M | Scene, ViewLayer | Updating Geometry BVH Wrist fur.001 138/173 | Building BVH
Fra:1 Mem:29.11M (Peak 36.08M) | Time:00:00.38 | Mem:2.87M, Peak:2.87M | Scene, ViewLayer | Updating Geometry BVH Wrist fur.001 138/173 | Building mesh BLAS |      44 tris | Wrist fur.001
Fra:1 Mem:29.11M (Peak 36.08M) | Time:00:00.38 | Mem:2.87M, Peak:2.87M | Scene, ViewLayer | Updating Geometry BVH Wrist fur.002 139/173 | Building BVH
Fra:1 Mem:29.11M (Peak 36.08M) | Time:00:00.38 | Mem:2.87M, Peak:2.87M | Scene, ViewLayer | Updating Geometry BVH Layered shoulder fur.003 140/173 | Building BVH
Fra:1 Mem:29.11M (Peak 36.08M) | Time:00:00.38 | Mem:2.87M, Peak:2.87M | Scene, ViewLayer | Updating Geometry BVH Layered shoulder fur.003 140/173 | Building mesh BLAS |      44 tris | Layered shoulder fur.002
Fra:1 Mem:29.11M (Peak 36.08M) | Time:00:00.38 | Mem:2.87M, Peak:2.87M | Scene, ViewLayer | Updating Geometry BVH Layered shoulder fur.003 140/173 | Building mesh BLAS |      44 tris | Wrist fur.002
Fra:1 Mem:29.11M (Peak 36.08M) | Time:00:00.38 | Mem:2.87M, Peak:2.87M | Scene, ViewLayer | Updating Geometry BVH Layered shoulder fur.003 140/173 | Building mesh BLAS |      44 tris | Layered shoulder fur.003
Fra:1 Mem:29.11M (Peak 36.08M) | Time:00:00.38 | Mem:2.87M, Peak:2.87M | Scene, ViewLayer | Updating Geometry BVH Layered shoulder fur.003 140/173 | Building mesh BLAS |      44 tris | Wrist fur
Fra:1 Mem:29.11M (Peak 36.08M) | Time:00:00.38 | Mem:2.88M, Peak:2.88M | Scene, ViewLayer | Updating Geometry BVH Layered shoulder fur.004 141/173 | Building BVH
Fra:1 Mem:29.11M (Peak 36.08M) | Time:00:00.38 | Mem:2.88M, Peak:2.88M | Scene, ViewLayer | Updating Geometry BVH Layered shoulder fur.004 141/173 | Building mesh BLAS |      44 tris | Layered shoulder fur.004
Fra:1 Mem:29.11M (Peak 36.08M) | Time:00:00.38 | Mem:2.88M, Peak:2.88M | Scene, ViewLayer | Updating Geometry BVH Layered shoulder fur.005 142/173 | Building BVH
Fra:1 Mem:29.11M (Peak 36.08M) | Time:00:00.38 | Mem:2.88M, Peak:2.88M | Scene, ViewLayer | Updating Geometry BVH Layered shoulder fur.005 142/173 | Building mesh BLAS |      44 tris | Layered shoulder fur.005
Fra:1 Mem:29.11M (Peak 36.08M) | Time:00:00.38 | Mem:2.89M, Peak:2.89M | Scene, ViewLayer | Updating Geometry BVH Wrist fur.003 143/173 | Building BVH
Fra:1 Mem:29.11M (Peak 36.08M) | Time:00:00.38 | Mem:2.89M, Peak:2.89M | Scene, ViewLayer | Updating Geometry BVH Layered shoulder fur.010 153/173 | Building BVH
Fra:1 Mem:29.11M (Peak 36.08M) | Time:00:00.38 | Mem:2.89M, Peak:2.89M | Scene, ViewLayer | Updating Geometry BVH Layered shoulder fur.010 153/173 | Building mesh BLAS |      44 tris | Wrist fur.003
Fra:1 Mem:29.11M (Peak 36.08M) | Time:00:00.38 | Mem:2.89M, Peak:2.89M | Scene, ViewLayer | Updating Geometry BVH Layered shoulder fur.006 146/173 | Building BVH
Fra:1 Mem:29.11M (Peak 36.08M) | Time:00:00.38 | Mem:2.89M, Peak:2.89M | Scene, ViewLayer | Updating Geometry BVH Layered shoulder fur.006 146/173 | Building mesh BLAS |      44 tris | Layered shoulder fur.006
Fra:1 Mem:29.11M (Peak 36.08M) | Time:00:00.38 | Mem:2.89M, Peak:2.89M | Scene, ViewLayer | Updating Geometry BVH Layered shoulder fur.006 146/173 | Building mesh BLAS |      44 tris | Layered shoulder fur.010
Fra:1 Mem:29.11M (Peak 36.08M) | Time:00:00.38 | Mem:2.89M, Peak:2.89M | Scene, ViewLayer | Updating Geometry BVH Layered shoulder fur.006 146/173 | Building mesh BLAS |      44 tris | Wrist fur.005
Fra:1 Mem:29.11M (Peak 36.08M) | Time:00:00.38 | Mem:2.89M, Peak:2.89M | Scene, ViewLayer | Updating Geometry BVH Layered shoulder fur.007 147/173 | Building BVH
Fra:1 Mem:29.11M (Peak 36.08M) | Time:00:00.38 | Mem:2.89M, Peak:2.89M | Scene, ViewLayer | Updating Geometry BVH Layered shoulder fur.008 148/173 | Building BVH
Fra:1 Mem:29.11M (Peak 36.08M) | Time:00:00.38 | Mem:2.89M, Peak:2.89M | Scene, ViewLayer | Updating Geometry BVH Layered shoulder fur.008 148/173 | Building mesh BLAS |      44 tris | Layered shoulder fur.007
Fra:1 Mem:29.11M (Peak 36.08M) | Time:00:00.38 | Mem:2.89M, Peak:2.89M | Scene, ViewLayer | Updating Geometry BVH Layered shoulder fur.008 148/173 | Building mesh BLAS |      44 tris | Layered shoulder fur.008
Fra:1 Mem:29.11M (Peak 36.08M) | Time:00:00.38 | Mem:2.89M, Peak:2.89M | Scene, ViewLayer | Updating Geometry BVH Wrist fur.006 149/173 | Building BVH
Fra:1 Mem:29.11M (Peak 36.08M) | Time:00:00.38 | Mem:2.89M, Peak:2.89M | Scene, ViewLayer | Updating Geometry BVH Wrist fur.006 149/173 | Building mesh BLAS |      44 tris | Wrist fur.006
Fra:1 Mem:29.11M (Peak 36.08M) | Time:00:00.38 | Mem:2.89M, Peak:2.89M | Scene, ViewLayer | Updating Geometry BVH Wrist fur.007 150/173 | Building BVH
Fra:1 Mem:29.11M (Peak 36.08M) | Time:00:00.38 | Mem:2.89M, Peak:2.89M | Scene, ViewLayer | Updating Geometry BVH Wrist fur.007 150/173 | Building mesh BLAS |      44 tris | Wrist fur.007
Fra:1 Mem:29.11M (Peak 36.08M) | Time:00:00.38 | Mem:2.89M, Peak:2.89M | Scene, ViewLayer | Updating Geometry BVH Wrist fur.008 151/173 | Building BVH
Fra:1 Mem:29.11M (Peak 36.08M) | Time:00:00.38 | Mem:2.89M, Peak:2.89M | Scene, ViewLayer | Updating Geometry BVH Wrist fur.008 151/173 | Building mesh BLAS |      44 tris | Wrist fur.008
Fra:1 Mem:29.11M (Peak 36.08M) | Time:00:00.39 | Mem:2.89M, Peak:2.89M | Scene, ViewLayer | Updating Geometry BVH Layered shoulder fur.009 152/173 | Building BVH
Fra:1 Mem:29.11M (Peak 36.08M) | Time:00:00.39 | Mem:2.89M, Peak:2.89M | Scene, ViewLayer | Updating Geometry BVH Layered shoulder fur.009 152/173 | Building mesh BLAS |      44 tris | Layered shoulder fur.009
Fra:1 Mem:29.11M (Peak 36.08M) | Time:00:00.39 | Mem:2.92M, Peak:2.92M | Scene, ViewLayer | Updating Scene BVH | Building
Fra:1 Mem:29.12M (Peak 36.08M) | Time:00:00.40 | Mem:3.09M, Peak:3.09M | Scene, ViewLayer | Updating Scene BVH | Building TLAS      |     173 instances
Fra:1 Mem:29.12M (Peak 36.08M) | Time:00:00.41 | Mem:3.14M, Peak:3.14M | Scene, ViewLayer | Updating Scene BVH | Copying BVH to device
Fra:1 Mem:29.12M (Peak 36.08M) | Time:00:00.41 | Mem:3.14M, Peak:3.14M | Scene, ViewLayer | Updating Mesh | Computing normals
Fra:1 Mem:29.79M (Peak 36.08M) | Time:00:00.41 | Mem:3.14M, Peak:3.14M | Scene, ViewLayer | Updating Mesh | Copying Mesh to device
Fra:1 Mem:29.12M (Peak 36.08M) | Time:00:00.41 | Mem:3.83M, Peak:3.83M | Scene, ViewLayer | Updating Objects Flags
Fra:1 Mem:29.12M (Peak 36.08M) | Time:00:00.41 | Mem:3.83M, Peak:3.83M | Scene, ViewLayer | Updating Primitive Offsets
Fra:1 Mem:29.12M (Peak 36.08M) | Time:00:00.41 | Mem:3.83M, Peak:3.83M | Scene, ViewLayer | Updating Images
Fra:1 Mem:29.12M (Peak 36.08M) | Time:00:00.41 | Mem:3.83M, Peak:3.83M | Scene, ViewLayer | Updating Camera Volume
Fra:1 Mem:29.12M (Peak 36.08M) | Time:00:00.41 | Mem:3.83M, Peak:3.83M | Scene, ViewLayer | Updating Lookup Tables
Fra:1 Mem:29.04M (Peak 36.08M) | Time:00:00.41 | Mem:3.93M, Peak:3.93M | Scene, ViewLayer | Updating Lights
Fra:1 Mem:29.04M (Peak 36.08M) | Time:00:00.41 | Mem:3.93M, Peak:3.93M | Scene, ViewLayer | Updating Lights | Computing tree
Fra:1 Mem:29.04M (Peak 36.08M) | Time:00:00.41 | Mem:3.93M, Peak:3.93M | Scene, ViewLayer | Updating Integrator
Fra:1 Mem:29.04M (Peak 36.08M) | Time:00:00.41 | Mem:3.93M, Peak:3.93M | Scene, ViewLayer | Updating Film
Fra:1 Mem:29.12M (Peak 36.08M) | Time:00:00.41 | Mem:3.83M, Peak:3.93M | Scene, ViewLayer | Updating Lookup Tables
Fra:1 Mem:29.04M (Peak 36.08M) | Time:00:00.41 | Mem:3.93M, Peak:3.93M | Scene, ViewLayer | Updating Baking
Fra:1 Mem:29.04M (Peak 36.08M) | Time:00:00.41 | Mem:3.93M, Peak:3.93M | Scene, ViewLayer | Updating Device | Writing constant memory
Fra:1 Mem:29.04M (Peak 36.08M) | Time:00:00.46 | Mem:3.93M, Peak:3.93M | Scene, ViewLayer | Loading denoising kernels (may take a few minutes the first time)
Fra:1 Mem:29.04M (Peak 61.04M) | Time:00:00.48 | Mem:2819.94M, Peak:2819.94M | Scene, ViewLayer | Sample 0/12 (Using optimized kernels)
Fra:1 Mem:29.03M (Peak 64.55M) | Time:00:00.84 | Remaining:00:03.93 | Mem:2855.48M, Peak:2855.48M | Scene, ViewLayer | Sample 1/12 (Using optimized kernels)
Fra:1 Mem:43.99M (Peak 66.42M) | Time:00:03.31 | Mem:2855.49M, Peak:2855.49M | Scene, ViewLayer | Sample 12/12 (Using optimized kernels)
Fra:1 Mem:43.99M (Peak 66.42M) | Time:00:03.31 | Mem:2855.49M, Peak:2855.49M | Scene, ViewLayer | Finished
Saved: '/Users/chikumatsuboi/Code/animal-racers-western/assets/source/western/qa/form-cycle-3/after/lion-fight_idle-01.png'
Time: 00:03.41 (Saving: 00:00.05)

Fra:11 Mem:33.01M (Peak 33.01M) | Time:00:00.00 | Mem:0.02M, Peak:0.02M | Scene, ViewLayer | Synchronizing object | Body • continuous sculpted skin
Fra:11 Mem:33.25M (Peak 33.25M) | Time:00:00.00 | Mem:0.02M, Peak:0.02M | Scene, ViewLayer | Synchronizing object | Ivory claw.002
Fra:11 Mem:33.30M (Peak 33.30M) | Time:00:00.00 | Mem:0.02M, Peak:0.02M | Scene, ViewLayer | Synchronizing object | Paw toe.003
Fra:11 Mem:33.33M (Peak 33.33M) | Time:00:00.00 | Mem:0.02M, Peak:0.02M | Scene, ViewLayer | Synchronizing object | Ivory claw.003
Fra:11 Mem:33.34M (Peak 33.34M) | Time:00:00.00 | Mem:0.02M, Peak:0.02M | Scene, ViewLayer | Synchronizing object | Ivory claw.004
Fra:11 Mem:33.34M (Peak 33.34M) | Time:00:00.00 | Mem:0.02M, Peak:0.02M | Scene, ViewLayer | Synchronizing object | Ivory claw.005
Fra:11 Mem:33.34M (Peak 33.34M) | Time:00:00.00 | Mem:0.02M, Peak:0.02M | Scene, ViewLayer | Synchronizing object | Paw toe.006
Fra:11 Mem:33.36M (Peak 33.36M) | Time:00:00.01 | Mem:0.02M, Peak:0.02M | Scene, ViewLayer | Synchronizing object | Ivory claw.006
Fra:11 Mem:33.42M (Peak 33.42M) | Time:00:00.01 | Mem:0.02M, Peak:0.02M | Scene, ViewLayer | Synchronizing object | Paw toe.007
Fra:11 Mem:33.57M (Peak 33.57M) | Time:00:00.01 | Mem:0.02M, Peak:0.02M | Scene, ViewLayer | Synchronizing object | Ivory claw.007
Fra:11 Mem:33.67M (Peak 33.67M) | Time:00:00.01 | Mem:0.02M, Peak:0.02M | Scene, ViewLayer | Synchronizing object | Paw toe.008
Fra:11 Mem:33.56M (Peak 33.67M) | Time:00:00.01 | Mem:0.02M, Peak:0.02M | Scene, ViewLayer | Synchronizing object | Paw toe.009
Fra:11 Mem:33.57M (Peak 33.67M) | Time:00:00.01 | Mem:0.02M, Peak:0.02M | Scene, ViewLayer | Synchronizing object | Ivory claw.009
Fra:11 Mem:33.59M (Peak 33.67M) | Time:00:00.01 | Mem:0.02M, Peak:0.02M | Scene, ViewLayer | Synchronizing object | Ivory claw.010
Fra:11 Mem:33.59M (Peak 33.67M) | Time:00:00.01 | Mem:0.02M, Peak:0.02M | Scene, ViewLayer | Synchronizing object | Paw toe.011
Fra:11 Mem:33.59M (Peak 33.67M) | Time:00:00.01 | Mem:0.02M, Peak:0.02M | Scene, ViewLayer | Synchronizing object | Ivory claw.011
Fra:11 Mem:33.61M (Peak 33.67M) | Time:00:00.01 | Mem:0.02M, Peak:0.02M | Scene, ViewLayer | Synchronizing object | Head • species sculpt
Fra:11 Mem:33.62M (Peak 33.67M) | Time:00:00.01 | Mem:0.02M, Peak:0.02M | Scene, ViewLayer | Synchronizing object | Cream muzzle pad
Fra:11 Mem:33.65M (Peak 33.67M) | Time:00:00.01 | Mem:0.02M, Peak:0.02M | Scene, ViewLayer | Synchronizing object | Cream muzzle pad.001
Fra:11 Mem:33.68M (Peak 33.68M) | Time:00:00.01 | Mem:0.02M, Peak:0.02M | Scene, ViewLayer | Synchronizing object | Eye socket
Fra:11 Mem:33.86M (Peak 33.87M) | Time:00:00.01 | Mem:0.02M, Peak:0.02M | Scene, ViewLayer | Synchronizing object | Ivory eye
Fra:11 Mem:33.93M (Peak 33.93M) | Time:00:00.01 | Mem:0.02M, Peak:0.02M | Scene, ViewLayer | Synchronizing object | Iris
Fra:11 Mem:33.96M (Peak 33.96M) | Time:00:00.01 | Mem:0.02M, Peak:0.02M | Scene, ViewLayer | Synchronizing object | Pupil
Fra:11 Mem:34.02M (Peak 34.02M) | Time:00:00.01 | Mem:0.02M, Peak:0.02M | Scene, ViewLayer | Synchronizing object | Eye glint
Fra:11 Mem:34.03M (Peak 34.03M) | Time:00:00.01 | Mem:0.02M, Peak:0.02M | Scene, ViewLayer | Synchronizing object | Expressive brow
Fra:11 Mem:34.04M (Peak 34.04M) | Time:00:00.01 | Mem:0.02M, Peak:0.02M | Scene, ViewLayer | Synchronizing object | Whisker pore
Fra:11 Mem:34.06M (Peak 34.06M) | Time:00:00.01 | Mem:0.02M, Peak:0.02M | Scene, ViewLayer | Synchronizing object | Whisker pore.002
Fra:11 Mem:34.09M (Peak 34.09M) | Time:00:00.01 | Mem:0.02M, Peak:0.02M | Scene, ViewLayer | Synchronizing object | Eye socket.001
Fra:11 Mem:34.16M (Peak 34.16M) | Time:00:00.01 | Mem:0.02M, Peak:0.02M | Scene, ViewLayer | Synchronizing object | Ivory eye.001
Fra:11 Mem:34.16M (Peak 34.16M) | Time:00:00.01 | Mem:0.02M, Peak:0.02M | Scene, ViewLayer | Synchronizing object | Pupil.001
Fra:11 Mem:34.18M (Peak 34.18M) | Time:00:00.01 | Mem:0.02M, Peak:0.02M | Scene, ViewLayer | Synchronizing object | Eye glint.001
Fra:11 Mem:34.19M (Peak 34.19M) | Time:00:00.01 | Mem:0.02M, Peak:0.02M | Scene, ViewLayer | Synchronizing object | Smiling mouth.001
Fra:11 Mem:34.24M (Peak 34.24M) | Time:00:00.01 | Mem:0.02M, Peak:0.02M | Scene, ViewLayer | Synchronizing object | Whisker pore.003
Fra:11 Mem:34.27M (Peak 34.27M) | Time:00:00.01 | Mem:0.02M, Peak:0.02M | Scene, ViewLayer | Synchronizing object | Whisker pore.004
Fra:11 Mem:34.28M (Peak 34.28M) | Time:00:00.01 | Mem:0.02M, Peak:0.02M | Scene, ViewLayer | Synchronizing object | Mouth cavity
Fra:11 Mem:34.29M (Peak 34.29M) | Time:00:00.01 | Mem:0.02M, Peak:0.02M | Scene, ViewLayer | Synchronizing object | Lower canine
Fra:11 Mem:34.33M (Peak 34.33M) | Time:00:00.01 | Mem:0.02M, Peak:0.02M | Scene, ViewLayer | Synchronizing object | Lower canine.001
Fra:11 Mem:34.33M (Peak 34.33M) | Time:00:00.01 | Mem:0.02M, Peak:0.02M | Scene, ViewLayer | Synchronizing object | Inner lion ear
Fra:11 Mem:34.35M (Peak 34.35M) | Time:00:00.01 | Mem:0.02M, Peak:0.02M | Scene, ViewLayer | Synchronizing object | Rounded lion ear.001
Fra:11 Mem:34.39M (Peak 34.39M) | Time:00:00.01 | Mem:0.02M, Peak:0.02M | Scene, ViewLayer | Synchronizing object | Inner lion ear.001
Fra:11 Mem:34.43M (Peak 34.43M) | Time:00:00.01 | Mem:0.02M, Peak:0.02M | Scene, ViewLayer | Synchronizing object | Sky fill
Fra:11 Mem:34.46M (Peak 34.46M) | Time:00:00.01 | Mem:0.02M, Peak:0.02M | Scene, ViewLayer | Synchronizing object | Layered rear mane lock.001
Fra:11 Mem:34.50M (Peak 34.50M) | Time:00:00.01 | Mem:0.02M, Peak:0.02M | Scene, ViewLayer | Synchronizing object | Layered rear mane lock.002
Fra:11 Mem:34.50M (Peak 34.50M) | Time:00:00.01 | Mem:0.02M, Peak:0.02M | Scene, ViewLayer | Synchronizing object | Layered rear mane lock.003
Fra:11 Mem:34.53M (Peak 34.53M) | Time:00:00.01 | Mem:0.02M, Peak:0.02M | Scene, ViewLayer | Synchronizing object | Layered rear mane lock.004
Fra:11 Mem:34.54M (Peak 34.54M) | Time:00:00.01 | Mem:0.02M, Peak:0.02M | Scene, ViewLayer | Synchronizing object | Layered rear mane lock.006
Fra:11 Mem:34.57M (Peak 34.57M) | Time:00:00.01 | Mem:0.02M, Peak:0.02M | Scene, ViewLayer | Synchronizing object | Layered rear mane lock.008
Fra:11 Mem:34.58M (Peak 34.58M) | Time:00:00.01 | Mem:0.02M, Peak:0.02M | Scene, ViewLayer | Synchronizing object | Layered rear mane lock.009
Fra:11 Mem:34.59M (Peak 34.59M) | Time:00:00.01 | Mem:0.02M, Peak:0.02M | Scene, ViewLayer | Synchronizing object | Layered rear mane lock.010
Fra:11 Mem:34.60M (Peak 34.60M) | Time:00:00.01 | Mem:0.02M, Peak:0.02M | Scene, ViewLayer | Synchronizing object | Layered rear mane lock.012
Fra:11 Mem:34.60M (Peak 34.60M) | Time:00:00.01 | Mem:0.02M, Peak:0.02M | Scene, ViewLayer | Synchronizing object | Layered rear mane lock.013
Fra:11 Mem:34.61M (Peak 34.61M) | Time:00:00.01 | Mem:0.02M, Peak:0.02M | Scene, ViewLayer | Synchronizing object | Layered rear mane lock.014
Fra:11 Mem:34.61M (Peak 34.61M) | Time:00:00.01 | Mem:0.02M, Peak:0.02M | Scene, ViewLayer | Synchronizing object | Layered rear mane lock.015
Fra:11 Mem:34.62M (Peak 34.62M) | Time:00:00.01 | Mem:0.02M, Peak:0.02M | Scene, ViewLayer | Synchronizing object | Layered rear mane lock.016
Fra:11 Mem:34.63M (Peak 34.63M) | Time:00:00.01 | Mem:0.02M, Peak:0.02M | Scene, ViewLayer | Synchronizing object | Layered rear mane lock.017
Fra:11 Mem:34.63M (Peak 34.63M) | Time:00:00.01 | Mem:0.02M, Peak:0.02M | Scene, ViewLayer | Synchronizing object | Raised elemental crest
Fra:11 Mem:34.64M (Peak 34.64M) | Time:00:00.01 | Mem:0.02M, Peak:0.02M | Scene, ViewLayer | Synchronizing object | Brass crest clasp
Fra:11 Mem:34.65M (Peak 34.65M) | Time:00:00.01 | Mem:0.02M, Peak:0.02M | Scene, ViewLayer | Synchronizing object | Layered rear mane lock.022
Fra:11 Mem:34.66M (Peak 34.66M) | Time:00:00.01 | Mem:0.02M, Peak:0.02M | Scene, ViewLayer | Synchronizing object | Sculpted mane lock
Fra:11 Mem:34.68M (Peak 34.68M) | Time:00:00.01 | Mem:0.02M, Peak:0.02M | Scene, ViewLayer | Synchronizing object | Sculpted mane lock.002
Fra:11 Mem:34.67M (Peak 34.68M) | Time:00:00.01 | Mem:0.02M, Peak:0.02M | Scene, ViewLayer | Synchronizing object | Sculpted mane lock.003
Fra:11 Mem:34.69M (Peak 34.69M) | Time:00:00.01 | Mem:0.02M, Peak:0.02M | Scene, ViewLayer | Synchronizing object | Neckerchief folded point
Fra:11 Mem:34.70M (Peak 34.70M) | Time:00:00.01 | Mem:0.02M, Peak:0.02M | Scene, ViewLayer | Synchronizing object | Sculpted mane lock.004
Fra:11 Mem:34.71M (Peak 34.71M) | Time:00:00.01 | Mem:0.02M, Peak:0.02M | Scene, ViewLayer | Synchronizing object | Sculpted mane lock.005
Fra:11 Mem:34.70M (Peak 34.71M) | Time:00:00.01 | Mem:0.02M, Peak:0.02M | Scene, ViewLayer | Synchronizing object | Sculpted mane lock.006
Fra:11 Mem:34.71M (Peak 34.71M) | Time:00:00.01 | Mem:0.02M, Peak:0.02M | Scene, ViewLayer | Synchronizing object | Sculpted mane lock.008
Fra:11 Mem:34.72M (Peak 34.72M) | Time:00:00.01 | Mem:0.02M, Peak:0.02M | Scene, ViewLayer | Synchronizing object | Sculpted mane lock.009
Fra:11 Mem:34.74M (Peak 34.74M) | Time:00:00.01 | Mem:0.02M, Peak:0.02M | Scene, ViewLayer | Synchronizing object | Sculpted mane lock.010
Fra:11 Mem:34.74M (Peak 34.74M) | Time:00:00.01 | Mem:0.02M, Peak:0.02M | Scene, ViewLayer | Synchronizing object | Sculpted mane lock.012
Fra:11 Mem:34.75M (Peak 34.75M) | Time:00:00.01 | Mem:0.02M, Peak:0.02M | Scene, ViewLayer | Synchronizing object | Flame tail tuft.006
Fra:11 Mem:34.75M (Peak 34.75M) | Time:00:00.01 | Mem:0.02M, Peak:0.02M | Scene, ViewLayer | Synchronizing object | Sculpted mane lock.015
Fra:11 Mem:34.76M (Peak 34.76M) | Time:00:00.01 | Mem:0.02M, Peak:0.02M | Scene, ViewLayer | Synchronizing object | Sculpted mane lock.016
Fra:11 Mem:34.77M (Peak 34.77M) | Time:00:00.01 | Mem:0.02M, Peak:0.02M | Scene, ViewLayer | Synchronizing object | Sculpted mane lock.017
Fra:11 Mem:34.77M (Peak 34.77M) | Time:00:00.01 | Mem:0.02M, Peak:0.02M | Scene, ViewLayer | Synchronizing object | Sculpted mane lock.018
Fra:11 Mem:34.78M (Peak 34.78M) | Time:00:00.01 | Mem:0.02M, Peak:0.02M | Scene, ViewLayer | Synchronizing object | Sculpted mane lock.019
Fra:11 Mem:34.79M (Peak 34.79M) | Time:00:00.01 | Mem:0.02M, Peak:0.02M | Scene, ViewLayer | Synchronizing object | Sculpted mane lock.020
Fra:11 Mem:34.79M (Peak 34.79M) | Time:00:00.01 | Mem:0.02M, Peak:0.02M | Scene, ViewLayer | Synchronizing object | Sculpted mane lock.021
Fra:11 Mem:34.81M (Peak 34.81M) | Time:00:00.01 | Mem:0.02M, Peak:0.02M | Scene, ViewLayer | Synchronizing object | Sculpted mane lock.023
Fra:11 Mem:34.81M (Peak 34.81M) | Time:00:00.01 | Mem:0.02M, Peak:0.02M | Scene, ViewLayer | Synchronizing object | Sculpted mane lock.024
Fra:11 Mem:34.81M (Peak 34.81M) | Time:00:00.01 | Mem:0.02M, Peak:0.02M | Scene, ViewLayer | Synchronizing object | Sculpted mane lock.025
Fra:11 Mem:34.82M (Peak 34.82M) | Time:00:00.01 | Mem:0.02M, Peak:0.02M | Scene, ViewLayer | Synchronizing object | Sculpted mane lock.026
Fra:11 Mem:34.83M (Peak 34.83M) | Time:00:00.01 | Mem:0.02M, Peak:0.02M | Scene, ViewLayer | Synchronizing object | Sculpted mane lock.028
Fra:11 Mem:34.83M (Peak 34.83M) | Time:00:00.01 | Mem:0.02M, Peak:0.02M | Scene, ViewLayer | Synchronizing object | Sculpted mane lock.029
Fra:11 Mem:34.85M (Peak 34.85M) | Time:00:00.01 | Mem:0.02M, Peak:0.02M | Scene, ViewLayer | Synchronizing object | Sculpted mane lock.030
Fra:11 Mem:34.86M (Peak 34.86M) | Time:00:00.01 | Mem:0.02M, Peak:0.02M | Scene, ViewLayer | Synchronizing object | Sculpted mane lock.033
Fra:11 Mem:34.86M (Peak 34.86M) | Time:00:00.01 | Mem:0.02M, Peak:0.02M | Scene, ViewLayer | Synchronizing object | Flame tail tuft.003
Fra:11 Mem:34.87M (Peak 34.87M) | Time:00:00.01 | Mem:0.02M, Peak:0.02M | Scene, ViewLayer | Synchronizing object | Sculpted mane lock.034
Fra:11 Mem:34.87M (Peak 34.87M) | Time:00:00.01 | Mem:0.02M, Peak:0.02M | Scene, ViewLayer | Synchronizing object | Flame tail tuft.002
Fra:11 Mem:34.88M (Peak 34.88M) | Time:00:00.01 | Mem:0.02M, Peak:0.02M | Scene, ViewLayer | Synchronizing object | Sculpted mane lock.035
Fra:11 Mem:34.88M (Peak 34.88M) | Time:00:00.01 | Mem:0.02M, Peak:0.02M | Scene, ViewLayer | Synchronizing object | Sculpted mane lock.037
Fra:11 Mem:34.89M (Peak 34.89M) | Time:00:00.01 | Mem:0.02M, Peak:0.02M | Scene, ViewLayer | Synchronizing object | Sculpted mane lock.038
Fra:11 Mem:34.89M (Peak 34.89M) | Time:00:00.01 | Mem:0.02M, Peak:0.02M | Scene, ViewLayer | Synchronizing object | Sculpted mane lock.039
Fra:11 Mem:34.91M (Peak 34.91M) | Time:00:00.01 | Mem:0.02M, Peak:0.02M | Scene, ViewLayer | Synchronizing object | Sculpted mane lock.040
Fra:11 Mem:34.91M (Peak 34.91M) | Time:00:00.01 | Mem:0.02M, Peak:0.02M | Scene, ViewLayer | Synchronizing object | Sculpted mane lock.041
Fra:11 Mem:34.92M (Peak 34.92M) | Time:00:00.01 | Mem:0.02M, Peak:0.02M | Scene, ViewLayer | Synchronizing object | Sculpted mane lock.042
Fra:11 Mem:34.93M (Peak 34.93M) | Time:00:00.01 | Mem:0.02M, Peak:0.02M | Scene, ViewLayer | Synchronizing object | Sculpted mane lock.043
Fra:11 Mem:34.93M (Peak 34.93M) | Time:00:00.01 | Mem:0.02M, Peak:0.02M | Scene, ViewLayer | Synchronizing object | Sculpted mane lock.045
Fra:11 Mem:34.94M (Peak 34.94M) | Time:00:00.01 | Mem:0.02M, Peak:0.02M | Scene, ViewLayer | Synchronizing object | Sculpted mane lock.047
Fra:11 Mem:34.94M (Peak 34.94M) | Time:00:00.01 | Mem:0.02M, Peak:0.02M | Scene, ViewLayer | Synchronizing object | Sculpted mane lock.049
Fra:11 Mem:34.96M (Peak 34.96M) | Time:00:00.01 | Mem:0.02M, Peak:0.02M | Scene, ViewLayer | Synchronizing object | Sculpted mane lock.050
Fra:11 Mem:34.96M (Peak 34.96M) | Time:00:00.01 | Mem:0.02M, Peak:0.02M | Scene, ViewLayer | Synchronizing object | Layered shoulder fur
Fra:11 Mem:34.97M (Peak 34.97M) | Time:00:00.01 | Mem:0.02M, Peak:0.02M | Scene, ViewLayer | Synchronizing object | Layered shoulder fur.001
Fra:11 Mem:34.99M (Peak 34.99M) | Time:00:00.01 | Mem:0.02M, Peak:0.02M | Scene, ViewLayer | Synchronizing object | Layered shoulder fur.002
Fra:11 Mem:34.98M (Peak 34.99M) | Time:00:00.01 | Mem:0.02M, Peak:0.02M | Scene, ViewLayer | Synchronizing object | Wrist fur
Fra:11 Mem:34.98M (Peak 34.99M) | Time:00:00.01 | Mem:0.02M, Peak:0.02M | Scene, ViewLayer | Synchronizing object | Wrist fur.001
Fra:11 Mem:34.99M (Peak 34.99M) | Time:00:00.01 | Mem:0.02M, Peak:0.02M | Scene, ViewLayer | Synchronizing object | Wrist fur.002
Fra:11 Mem:35.00M (Peak 35.00M) | Time:00:00.01 | Mem:0.02M, Peak:0.02M | Scene, ViewLayer | Synchronizing object | Wrist fur.003
Fra:11 Mem:35.01M (Peak 35.01M) | Time:00:00.01 | Mem:0.02M, Peak:0.02M | Scene, ViewLayer | Synchronizing object | Articulated tail
Fra:11 Mem:35.06M (Peak 35.06M) | Time:00:00.01 | Mem:0.02M, Peak:0.02M | Scene, ViewLayer | Synchronizing object | Layered shoulder fur.006
Fra:11 Mem:35.04M (Peak 35.06M) | Time:00:00.01 | Mem:0.02M, Peak:0.02M | Scene, ViewLayer | Synchronizing object | Layered shoulder fur.007
Fra:11 Mem:35.05M (Peak 35.06M) | Time:00:00.01 | Mem:0.02M, Peak:0.02M | Scene, ViewLayer | Synchronizing object | Layered shoulder fur.008
Fra:11 Mem:35.05M (Peak 35.06M) | Time:00:00.01 | Mem:0.02M, Peak:0.02M | Scene, ViewLayer | Synchronizing object | Wrist fur.007
Fra:11 Mem:35.06M (Peak 35.06M) | Time:00:00.01 | Mem:0.02M, Peak:0.02M | Scene, ViewLayer | Synchronizing object | Wrist fur.008
Fra:11 Mem:35.06M (Peak 35.06M) | Time:00:00.01 | Mem:0.02M, Peak:0.02M | Scene, ViewLayer | Synchronizing object | Layered shoulder fur.009
Fra:11 Mem:35.08M (Peak 35.08M) | Time:00:00.01 | Mem:0.02M, Peak:0.02M | Scene, ViewLayer | Synchronizing object | Layered shoulder fur.011
Fra:11 Mem:35.07M (Peak 35.08M) | Time:00:00.01 | Mem:0.02M, Peak:0.02M | Scene, ViewLayer | Synchronizing object | Wrist fur.009
Fra:11 Mem:35.10M (Peak 35.10M) | Time:00:00.01 | Mem:0.02M, Peak:0.02M | Scene, ViewLayer | Initializing
Fra:11 Mem:32.64M (Peak 35.10M) | Time:00:00.01 | Mem:0.02M, Peak:0.02M | Scene, ViewLayer | Updating Images | Loading Authored short-fur normal
Fra:11 Mem:27.42M (Peak 35.10M) | Time:00:00.01 | Mem:0.27M, Peak:0.27M | Scene, ViewLayer | Waiting for render to start
Fra:11 Mem:27.42M (Peak 35.10M) | Time:00:00.01 | Mem:0.27M, Peak:0.27M | Scene, ViewLayer | Updating Scene
Fra:11 Mem:27.42M (Peak 35.10M) | Time:00:00.01 | Mem:0.27M, Peak:0.27M | Scene, ViewLayer | Updating Shaders
Fra:11 Mem:27.42M (Peak 35.10M) | Time:00:00.01 | Mem:0.27M, Peak:0.27M | Scene, ViewLayer | Loading render kernels (may take a few minutes the first time)
Fra:11 Mem:27.50M (Peak 35.10M) | Time:00:00.06 | Mem:0.28M, Peak:0.28M | Scene, ViewLayer | Updating Procedurals
Fra:11 Mem:27.50M (Peak 35.10M) | Time:00:00.06 | Mem:0.28M, Peak:0.28M | Scene, ViewLayer | Updating Background
Fra:11 Mem:27.50M (Peak 35.10M) | Time:00:00.06 | Mem:0.28M, Peak:0.28M | Scene, ViewLayer | Updating Camera
Fra:11 Mem:27.50M (Peak 35.10M) | Time:00:00.06 | Mem:0.28M, Peak:0.28M | Scene, ViewLayer | Updating Meshes Flags
Fra:11 Mem:27.50M (Peak 35.10M) | Time:00:00.06 | Mem:0.28M, Peak:0.28M | Scene, ViewLayer | Updating Objects
Fra:11 Mem:27.50M (Peak 35.10M) | Time:00:00.06 | Mem:0.28M, Peak:0.28M | Scene, ViewLayer | Updating Objects | Copying Transformations to device
Fra:11 Mem:27.50M (Peak 35.10M) | Time:00:00.06 | Mem:0.33M, Peak:0.33M | Scene, ViewLayer | Updating Particle Systems
Fra:11 Mem:27.50M (Peak 35.10M) | Time:00:00.06 | Mem:0.33M, Peak:0.33M | Scene, ViewLayer | Updating Particle Systems | Copying Particles to device
Fra:11 Mem:27.50M (Peak 35.10M) | Time:00:00.06 | Mem:0.33M, Peak:0.33M | Scene, ViewLayer | Updating Meshes
Fra:11 Mem:28.62M (Peak 35.10M) | Time:00:00.07 | Mem:0.33M, Peak:0.33M | Scene, ViewLayer | Updating Objects | Applying Static Transformations
Fra:11 Mem:28.62M (Peak 35.10M) | Time:00:00.07 | Mem:0.33M, Peak:0.33M | Scene, ViewLayer | Updating Mesh | Computing attributes
Fra:11 Mem:30.18M (Peak 35.10M) | Time:00:00.07 | Mem:0.36M, Peak:0.36M | Scene, ViewLayer | Updating Mesh | Copying Attributes to device
Fra:11 Mem:28.62M (Peak 35.10M) | Time:00:00.17 | Mem:1.92M, Peak:1.92M | Scene, ViewLayer | Updating Geometry BVH light 174/173 | Building BVH
Fra:11 Mem:28.62M (Peak 35.10M) | Time:00:00.17 | Mem:1.92M, Peak:1.92M | Scene, ViewLayer | Updating Geometry BVH Paw toe 3/173 | Building BVH
Fra:11 Mem:28.62M (Peak 35.10M) | Time:00:00.17 | Mem:1.92M, Peak:1.92M | Scene, ViewLayer | Updating Geometry BVH Paw toe.002 7/173 | Building BVH
Fra:11 Mem:28.62M (Peak 35.10M) | Time:00:00.17 | Mem:1.92M, Peak:1.92M | Scene, ViewLayer | Updating Geometry BVH Paw toe.002 7/173 | Building mesh BLAS |      32 tris | Ivory claw.001
Fra:11 Mem:28.62M (Peak 35.10M) | Time:00:00.17 | Mem:1.92M, Peak:1.92M | Scene, ViewLayer | Updating Geometry BVH Paw toe.002 7/173 | Building mesh BLAS |    4170 tris | ribcage
Fra:11 Mem:28.62M (Peak 35.10M) | Time:00:00.17 | Mem:1.92M, Peak:1.92M | Scene, ViewLayer | Updating Geometry BVH Paw toe.002 7/173 | Building mesh BLAS |      32 tris | Ivory claw
Fra:11 Mem:28.62M (Peak 35.10M) | Time:00:00.17 | Mem:1.92M, Peak:1.92M | Scene, ViewLayer | Updating Geometry BVH Paw toe.002 7/173 | Building mesh BLAS |     192 tris | Paw toe
Fra:11 Mem:28.62M (Peak 35.10M) | Time:00:00.17 | Mem:1.92M, Peak:1.92M | Scene, ViewLayer | Updating Geometry BVH Paw toe.002 7/173 | Building mesh BLAS |     192 tris | Paw toe.001
Fra:11 Mem:28.62M (Peak 35.10M) | Time:00:00.17 | Mem:1.92M, Peak:1.92M | Scene, ViewLayer | Updating Geometry BVH Sky fill 172/173 | Building BVH
Fra:11 Mem:28.62M (Peak 35.10M) | Time:00:00.17 | Mem:1.92M, Peak:1.92M | Scene, ViewLayer | Updating Geometry BVH Sky fill 172/173 | Building mesh BLAS |     192 tris | Paw toe.002
Fra:11 Mem:28.62M (Peak 35.10M) | Time:00:00.17 | Mem:1.92M, Peak:1.92M | Scene, ViewLayer | Updating Geometry BVH Sky fill 172/173 | Building mesh BLAS |      32 tris | Ivory claw.002
Fra:11 Mem:28.62M (Peak 35.10M) | Time:00:00.17 | Mem:1.92M, Peak:1.92M | Scene, ViewLayer | Updating Geometry BVH Paw toe.003 9/173 | Building BVH
Fra:11 Mem:28.62M (Peak 35.10M) | Time:00:00.17 | Mem:1.92M, Peak:1.92M | Scene, ViewLayer | Updating Geometry BVH Paw toe.003 9/173 | Building mesh BLAS |     192 tris | Paw toe.003
Fra:11 Mem:28.62M (Peak 35.10M) | Time:00:00.17 | Mem:1.92M, Peak:1.92M | Scene, ViewLayer | Updating Geometry BVH Sunset key 171/173 | Building BVH
Fra:11 Mem:28.62M (Peak 35.10M) | Time:00:00.17 | Mem:1.92M, Peak:1.92M | Scene, ViewLayer | Updating Geometry BVH Plane 170/173 | Building BVH
Fra:11 Mem:28.62M (Peak 35.10M) | Time:00:00.17 | Mem:1.92M, Peak:1.92M | Scene, ViewLayer | Updating Geometry BVH Plane 170/173 | Building mesh BLAS |       2 tris | Plane
Fra:11 Mem:28.62M (Peak 35.10M) | Time:00:00.17 | Mem:1.92M, Peak:1.92M | Scene, ViewLayer | Updating Geometry BVH Ivory claw.003 10/173 | Building BVH
Fra:11 Mem:28.62M (Peak 35.10M) | Time:00:00.17 | Mem:1.92M, Peak:1.92M | Scene, ViewLayer | Updating Geometry BVH Ivory claw.003 10/173 | Building mesh BLAS |      32 tris | Ivory claw.003
Fra:11 Mem:28.62M (Peak 35.10M) | Time:00:00.17 | Mem:1.92M, Peak:1.92M | Scene, ViewLayer | Updating Geometry BVH Paw toe.004 11/173 | Building BVH
Fra:11 Mem:28.62M (Peak 35.10M) | Time:00:00.17 | Mem:1.92M, Peak:1.92M | Scene, ViewLayer | Updating Geometry BVH Paw toe.004 11/173 | Building mesh BLAS |     192 tris | Paw toe.004
Fra:11 Mem:28.62M (Peak 35.10M) | Time:00:00.17 | Mem:1.92M, Peak:1.92M | Scene, ViewLayer | Updating Geometry BVH Ivory claw.004 12/173 | Building BVH
Fra:11 Mem:28.62M (Peak 35.10M) | Time:00:00.17 | Mem:1.92M, Peak:1.92M | Scene, ViewLayer | Updating Geometry BVH Ivory claw.004 12/173 | Building mesh BLAS |      32 tris | Ivory claw.004
Fra:11 Mem:28.62M (Peak 35.10M) | Time:00:00.17 | Mem:1.92M, Peak:1.92M | Scene, ViewLayer | Updating Geometry BVH Raised elemental crest 169/173 | Building BVH
Fra:11 Mem:28.62M (Peak 35.10M) | Time:00:00.17 | Mem:1.92M, Peak:1.92M | Scene, ViewLayer | Updating Geometry BVH Ivory claw.005 14/173 | Building BVH
Fra:11 Mem:28.62M (Peak 35.10M) | Time:00:00.17 | Mem:1.92M, Peak:1.92M | Scene, ViewLayer | Updating Geometry BVH Ivory claw.005 14/173 | Building mesh BLAS |      36 tris | Raised elemental crest
Fra:11 Mem:28.62M (Peak 35.10M) | Time:00:00.17 | Mem:1.92M, Peak:1.92M | Scene, ViewLayer | Updating Geometry BVH Ivory claw.005 14/173 | Building mesh BLAS |      32 tris | Ivory claw.005
Fra:11 Mem:28.62M (Peak 35.10M) | Time:00:00.17 | Mem:1.92M, Peak:1.92M | Scene, ViewLayer | Updating Geometry BVH Ivory claw.006 16/173 | Building BVH
Fra:11 Mem:28.62M (Peak 35.10M) | Time:00:00.17 | Mem:1.92M, Peak:1.92M | Scene, ViewLayer | Updating Geometry BVH Paw toe.007 17/173 | Building BVH
Fra:11 Mem:28.62M (Peak 35.10M) | Time:00:00.17 | Mem:1.92M, Peak:1.92M | Scene, ViewLayer | Updating Geometry BVH Ivory claw.007 18/173 | Building mesh BLAS |     192 tris | Paw toe.007
Fra:11 Mem:28.62M (Peak 35.10M) | Time:00:00.17 | Mem:1.92M, Peak:1.92M | Scene, ViewLayer | Updating Geometry BVH Ivory claw.007 18/173 | Building mesh BLAS |     192 tris | Paw toe.006
Fra:11 Mem:28.62M (Peak 35.10M) | Time:00:00.17 | Mem:1.92M, Peak:1.92M | Scene, ViewLayer | Updating Geometry BVH Paw toe.008 19/173 | Building BVH
Fra:11 Mem:28.62M (Peak 35.10M) | Time:00:00.17 | Mem:1.92M, Peak:1.92M | Scene, ViewLayer | Updating Geometry BVH Paw toe.008 19/173 | Building mesh BLAS |     192 tris | Paw toe.008
Fra:11 Mem:28.62M (Peak 35.10M) | Time:00:00.17 | Mem:1.92M, Peak:1.92M | Scene, ViewLayer | Updating Geometry BVH Brass crest clasp 168/173 | Building BVH
Fra:11 Mem:28.62M (Peak 35.10M) | Time:00:00.17 | Mem:1.92M, Peak:1.92M | Scene, ViewLayer | Updating Geometry BVH Brass crest clasp 168/173 | Building mesh BLAS |     320 tris | Brass crest clasp
Fra:11 Mem:28.62M (Peak 35.10M) | Time:00:00.17 | Mem:1.92M, Peak:1.92M | Scene, ViewLayer | Updating Geometry BVH Brass crest clasp 168/173 | Building mesh BLAS |      32 tris | Ivory claw.007
Fra:11 Mem:28.62M (Peak 35.10M) | Time:00:00.17 | Mem:1.92M, Peak:1.92M | Scene, ViewLayer | Updating Geometry BVH Ivory claw.008 20/173 | Building BVH
Fra:11 Mem:28.62M (Peak 35.10M) | Time:00:00.17 | Mem:1.92M, Peak:1.92M | Scene, ViewLayer | Updating Geometry BVH Ivory claw.008 20/173 | Building mesh BLAS |      32 tris | Ivory claw.008
Fra:11 Mem:28.62M (Peak 35.10M) | Time:00:00.17 | Mem:1.92M, Peak:1.92M | Scene, ViewLayer | Updating Geometry BVH Paw toe.009 21/173 | Building BVH
Fra:11 Mem:28.62M (Peak 35.10M) | Time:00:00.17 | Mem:1.92M, Peak:1.92M | Scene, ViewLayer | Updating Geometry BVH Paw toe.009 21/173 | Building mesh BLAS |     192 tris | Paw toe.009
Fra:11 Mem:28.62M (Peak 35.10M) | Time:00:00.17 | Mem:1.92M, Peak:1.92M | Scene, ViewLayer | Updating Geometry BVH Ivory claw.009 22/173 | Building BVH
Fra:11 Mem:28.62M (Peak 35.10M) | Time:00:00.17 | Mem:1.92M, Peak:1.92M | Scene, ViewLayer | Updating Geometry BVH Ivory claw.009 22/173 | Building mesh BLAS |      32 tris | Ivory claw.009
Fra:11 Mem:28.62M (Peak 35.10M) | Time:00:00.17 | Mem:1.92M, Peak:1.92M | Scene, ViewLayer | Updating Geometry BVH Paw toe.010 23/173 | Building BVH
Fra:11 Mem:28.62M (Peak 35.10M) | Time:00:00.17 | Mem:1.92M, Peak:1.92M | Scene, ViewLayer | Updating Geometry BVH Paw toe.010 23/173 | Building mesh BLAS |     192 tris | Paw toe.010
Fra:11 Mem:28.62M (Peak 35.10M) | Time:00:00.17 | Mem:1.92M, Peak:1.92M | Scene, ViewLayer | Updating Geometry BVH Ivory claw.010 24/173 | Building BVH
Fra:11 Mem:28.62M (Peak 35.10M) | Time:00:00.17 | Mem:1.92M, Peak:1.92M | Scene, ViewLayer | Updating Geometry BVH Ivory claw.010 24/173 | Building mesh BLAS |      32 tris | Ivory claw.010
Fra:11 Mem:28.62M (Peak 35.10M) | Time:00:00.17 | Mem:1.92M, Peak:1.92M | Scene, ViewLayer | Updating Geometry BVH Paw toe.011 25/173 | Building BVH
Fra:11 Mem:28.62M (Peak 35.10M) | Time:00:00.17 | Mem:1.92M, Peak:1.92M | Scene, ViewLayer | Updating Geometry BVH Paw toe.011 25/173 | Building mesh BLAS |     192 tris | Paw toe.011
Fra:11 Mem:28.62M (Peak 35.10M) | Time:00:00.17 | Mem:1.92M, Peak:1.92M | Scene, ViewLayer | Updating Geometry BVH Ivory claw.011 26/173 | Building BVH
Fra:11 Mem:28.62M (Peak 35.10M) | Time:00:00.17 | Mem:1.92M, Peak:1.92M | Scene, ViewLayer | Updating Geometry BVH Neckerchief folded point 167/173 | Building BVH
Fra:11 Mem:28.62M (Peak 35.10M) | Time:00:00.17 | Mem:1.92M, Peak:1.92M | Scene, ViewLayer | Updating Geometry BVH Neckerchief folded point 167/173 | Building mesh BLAS |       4 tris | Neckerchief folded point
Fra:11 Mem:28.62M (Peak 35.10M) | Time:00:00.17 | Mem:1.92M, Peak:1.92M | Scene, ViewLayer | Updating Geometry BVH Skull 27/173 | Building BVH
Fra:11 Mem:28.62M (Peak 35.10M) | Time:00:00.17 | Mem:1.92M, Peak:1.92M | Scene, ViewLayer | Updating Geometry BVH Cream muzzle pad 28/173 | Building BVH
Fra:11 Mem:28.62M (Peak 35.10M) | Time:00:00.17 | Mem:1.92M, Peak:1.92M | Scene, ViewLayer | Updating Geometry BVH Cream muzzle pad.001 29/173 | Building mesh BLAS |    2832 tris | Skull
Fra:11 Mem:28.62M (Peak 35.10M) | Time:00:00.17 | Mem:1.92M, Peak:1.92M | Scene, ViewLayer | Updating Geometry BVH Cream muzzle pad.001 29/173 | Building mesh BLAS |     480 tris | Cream muzzle pad
Fra:11 Mem:28.62M (Peak 35.10M) | Time:00:00.17 | Mem:1.92M, Peak:1.92M | Scene, ViewLayer | Updating Geometry BVH Heart shaped nose 30/173 | Building BVH
Fra:11 Mem:28.62M (Peak 35.10M) | Time:00:00.17 | Mem:1.92M, Peak:1.92M | Scene, ViewLayer | Updating Geometry BVH Leather neckerchief roll 166/173 | Building BVH
Fra:11 Mem:28.62M (Peak 35.10M) | Time:00:00.17 | Mem:1.92M, Peak:1.92M | Scene, ViewLayer | Updating Geometry BVH Eye socket 31/173 | Building BVH
Fra:11 Mem:28.62M (Peak 35.10M) | Time:00:00.17 | Mem:1.92M, Peak:1.92M | Scene, ViewLayer | Updating Geometry BVH Eye socket 31/173 | Building mesh BLAS |      76 tris | Leather neckerchief roll
Fra:11 Mem:28.62M (Peak 35.10M) | Time:00:00.17 | Mem:1.92M, Peak:1.92M | Scene, ViewLayer | Updating Geometry BVH Eye socket 31/173 | Building mesh BLAS |     480 tris | Eye socket
Fra:11 Mem:28.62M (Peak 35.10M) | Time:00:00.17 | Mem:1.92M, Peak:1.92M | Scene, ViewLayer | Updating Geometry BVH Ivory eye 32/173 | Building BVH
Fra:11 Mem:28.62M (Peak 35.10M) | Time:00:00.17 | Mem:1.92M, Peak:1.92M | Scene, ViewLayer | Updating Geometry BVH Iris 33/173 | Building BVH
Fra:11 Mem:28.62M (Peak 35.10M) | Time:00:00.17 | Mem:1.92M, Peak:1.92M | Scene, ViewLayer | Updating Geometry BVH Iris 33/173 | Building mesh BLAS |     480 tris | Ivory eye
Fra:11 Mem:28.62M (Peak 35.10M) | Time:00:00.17 | Mem:1.92M, Peak:1.92M | Scene, ViewLayer | Updating Geometry BVH Iris 33/173 | Building mesh BLAS |     480 tris | Iris
Fra:11 Mem:28.62M (Peak 35.10M) | Time:00:00.17 | Mem:1.92M, Peak:1.92M | Scene, ViewLayer | Updating Geometry BVH Iris 33/173 | Building mesh BLAS |     480 tris | Cream muzzle pad.001
Fra:11 Mem:28.62M (Peak 35.10M) | Time:00:00.17 | Mem:1.92M, Peak:1.92M | Scene, ViewLayer | Updating Geometry BVH Pupil 34/173 | Building BVH
Fra:11 Mem:28.62M (Peak 35.10M) | Time:00:00.17 | Mem:1.92M, Peak:1.92M | Scene, ViewLayer | Updating Geometry BVH Pupil 34/173 | Building mesh BLAS |     320 tris | Pupil
Fra:11 Mem:28.62M (Peak 35.10M) | Time:00:00.17 | Mem:1.92M, Peak:1.92M | Scene, ViewLayer | Updating Geometry BVH Eye glint 35/173 | Building BVH
Fra:11 Mem:28.62M (Peak 35.10M) | Time:00:00.17 | Mem:1.92M, Peak:1.92M | Scene, ViewLayer | Updating Geometry BVH Eye glint 35/173 | Building mesh BLAS |     192 tris | Eye glint
Fra:11 Mem:28.62M (Peak 35.10M) | Time:00:00.17 | Mem:1.92M, Peak:1.92M | Scene, ViewLayer | Updating Geometry BVH Expressive brow 36/173 | Building BVH
Fra:11 Mem:28.62M (Peak 35.10M) | Time:00:00.17 | Mem:1.92M, Peak:1.92M | Scene, ViewLayer | Updating Geometry BVH Expressive brow 36/173 | Building mesh BLAS |      44 tris | Expressive brow
Fra:11 Mem:28.62M (Peak 35.10M) | Time:00:00.17 | Mem:1.92M, Peak:1.92M | Scene, ViewLayer | Updating Geometry BVH Smiling mouth 37/173 | Building BVH
Fra:11 Mem:28.62M (Peak 35.10M) | Time:00:00.17 | Mem:1.92M, Peak:1.92M | Scene, ViewLayer | Updating Geometry BVH Whisker pore 38/173 | Building BVH
Fra:11 Mem:28.62M (Peak 35.10M) | Time:00:00.17 | Mem:1.92M, Peak:1.92M | Scene, ViewLayer | Updating Geometry BVH Whisker pore 38/173 | Building mesh BLAS |      64 tris | Whisker pore
Fra:11 Mem:28.62M (Peak 35.10M) | Time:00:00.17 | Mem:1.92M, Peak:1.92M | Scene, ViewLayer | Updating Geometry BVH Whisker pore.001 39/173 | Building BVH
Fra:11 Mem:28.62M (Peak 35.10M) | Time:00:00.17 | Mem:1.92M, Peak:1.92M | Scene, ViewLayer | Updating Geometry BVH Whisker pore.001 39/173 | Building mesh BLAS |      64 tris | Whisker pore.001
Fra:11 Mem:28.62M (Peak 35.10M) | Time:00:00.17 | Mem:1.92M, Peak:1.92M | Scene, ViewLayer | Updating Geometry BVH Whisker pore.002 40/173 | Building BVH
Fra:11 Mem:28.62M (Peak 35.10M) | Time:00:00.17 | Mem:1.92M, Peak:1.92M | Scene, ViewLayer | Updating Geometry BVH Whisker pore.002 40/173 | Building mesh BLAS |      64 tris | Whisker pore.002
Fra:11 Mem:28.62M (Peak 35.10M) | Time:00:00.17 | Mem:1.92M, Peak:1.92M | Scene, ViewLayer | Updating Geometry BVH Eye socket.001 41/173 | Building BVH
Fra:11 Mem:28.62M (Peak 35.10M) | Time:00:00.17 | Mem:1.92M, Peak:1.92M | Scene, ViewLayer | Updating Geometry BVH Ivory eye.001 42/173 | Building BVH
Fra:11 Mem:28.62M (Peak 35.10M) | Time:00:00.17 | Mem:1.92M, Peak:1.92M | Scene, ViewLayer | Updating Geometry BVH Ivory eye.001 42/173 | Building mesh BLAS |     480 tris | Ivory eye.001
Fra:11 Mem:28.62M (Peak 35.10M) | Time:00:00.17 | Mem:1.92M, Peak:1.92M | Scene, ViewLayer | Updating Geometry BVH Iris.001 43/173 | Building BVH
Fra:11 Mem:28.62M (Peak 35.10M) | Time:00:00.17 | Mem:1.92M, Peak:1.92M | Scene, ViewLayer | Updating Geometry BVH Pupil.001 44/173 | Building BVH
Fra:11 Mem:28.62M (Peak 35.10M) | Time:00:00.17 | Mem:1.92M, Peak:1.92M | Scene, ViewLayer | Updating Geometry BVH Pupil.001 44/173 | Building mesh BLAS |     480 tris | Iris.001
Fra:11 Mem:28.62M (Peak 35.10M) | Time:00:00.17 | Mem:1.92M, Peak:1.92M | Scene, ViewLayer | Updating Geometry BVH Eye glint.001 45/173 | Building mesh BLAS |     320 tris | Pupil.001
Fra:11 Mem:28.62M (Peak 35.10M) | Time:00:00.17 | Mem:1.92M, Peak:1.92M | Scene, ViewLayer | Updating Geometry BVH Eye glint.001 45/173 | Building mesh BLAS |     192 tris | Eye glint.001
Fra:11 Mem:28.62M (Peak 35.10M) | Time:00:00.17 | Mem:1.92M, Peak:1.92M | Scene, ViewLayer | Updating Geometry BVH Flame tail tuft.006 165/173 | Building BVH
Fra:11 Mem:28.62M (Peak 35.10M) | Time:00:00.17 | Mem:1.92M, Peak:1.92M | Scene, ViewLayer | Updating Geometry BVH Flame tail tuft.006 165/173 | Building mesh BLAS |      44 tris | Flame tail tuft.006
Fra:11 Mem:28.62M (Peak 35.10M) | Time:00:00.17 | Mem:1.92M, Peak:1.92M | Scene, ViewLayer | Updating Geometry BVH Expressive brow.001 46/173 | Building BVH
Fra:11 Mem:28.62M (Peak 35.10M) | Time:00:00.17 | Mem:1.92M, Peak:1.92M | Scene, ViewLayer | Updating Geometry BVH Smiling mouth.001 47/173 | Building BVH
Fra:11 Mem:28.62M (Peak 35.10M) | Time:00:00.17 | Mem:1.92M, Peak:1.92M | Scene, ViewLayer | Updating Geometry BVH Smiling mouth.001 47/173 | Building mesh BLAS |      32 tris | Smiling mouth.001
Fra:11 Mem:28.62M (Peak 35.10M) | Time:00:00.17 | Mem:1.92M, Peak:1.92M | Scene, ViewLayer | Updating Geometry BVH Smiling mouth.001 47/173 | Building mesh BLAS |      44 tris | Expressive brow.001
Fra:11 Mem:28.62M (Peak 35.10M) | Time:00:00.17 | Mem:1.92M, Peak:1.92M | Scene, ViewLayer | Updating Geometry BVH Whisker pore.004 49/173 | Building BVH
Fra:11 Mem:28.62M (Peak 35.10M) | Time:00:00.17 | Mem:1.92M, Peak:1.92M | Scene, ViewLayer | Updating Geometry BVH Whisker pore.003 48/173 | Building BVH
Fra:11 Mem:28.62M (Peak 35.10M) | Time:00:00.17 | Mem:1.92M, Peak:1.92M | Scene, ViewLayer | Updating Geometry BVH Whisker pore.003 48/173 | Building mesh BLAS |      64 tris | Whisker pore.004
Fra:11 Mem:28.62M (Peak 35.10M) | Time:00:00.17 | Mem:1.92M, Peak:1.92M | Scene, ViewLayer | Updating Geometry BVH Whisker pore.003 48/173 | Building mesh BLAS |      64 tris | Whisker pore.003
Fra:11 Mem:28.62M (Peak 35.10M) | Time:00:00.17 | Mem:1.92M, Peak:1.92M | Scene, ViewLayer | Updating Geometry BVH Whisker pore.005 50/173 | Building BVH
Fra:11 Mem:28.62M (Peak 35.10M) | Time:00:00.17 | Mem:1.92M, Peak:1.92M | Scene, ViewLayer | Updating Geometry BVH Whisker pore.005 50/173 | Building mesh BLAS |      64 tris | Whisker pore.005
Fra:11 Mem:28.62M (Peak 35.10M) | Time:00:00.17 | Mem:1.92M, Peak:1.92M | Scene, ViewLayer | Updating Geometry BVH Lower jaw 51/173 | Building BVH
Fra:11 Mem:28.62M (Peak 35.10M) | Time:00:00.17 | Mem:1.92M, Peak:1.92M | Scene, ViewLayer | Updating Geometry BVH Lower jaw 51/173 | Building mesh BLAS |     400 tris | Lower jaw
Fra:11 Mem:28.62M (Peak 35.10M) | Time:00:00.17 | Mem:1.92M, Peak:1.92M | Scene, ViewLayer | Updating Geometry BVH Flame tail tuft.005 164/173 | Building BVH
Fra:11 Mem:28.62M (Peak 35.10M) | Time:00:00.17 | Mem:1.92M, Peak:1.92M | Scene, ViewLayer | Updating Geometry BVH Mouth cavity 52/173 | Building BVH
Fra:11 Mem:28.62M (Peak 35.10M) | Time:00:00.17 | Mem:1.92M, Peak:1.92M | Scene, ViewLayer | Updating Geometry BVH Lower canine 53/173 | Building BVH
Fra:11 Mem:28.62M (Peak 35.10M) | Time:00:00.17 | Mem:1.92M, Peak:1.92M | Scene, ViewLayer | Updating Geometry BVH Lower canine.001 54/173 | Building BVH
Fra:11 Mem:28.62M (Peak 35.10M) | Time:00:00.17 | Mem:1.92M, Peak:1.92M | Scene, ViewLayer | Updating Geometry BVH Rounded lion ear 55/173 | Building BVH
Fra:11 Mem:28.62M (Peak 35.10M) | Time:00:00.17 | Mem:1.92M, Peak:1.92M | Scene, ViewLayer | Updating Geometry BVH Rounded lion ear 55/173 | Building mesh BLAS |      38 tris | Lower canine
Fra:11 Mem:28.62M (Peak 35.10M) | Time:00:00.17 | Mem:1.92M, Peak:1.92M | Scene, ViewLayer | Updating Geometry BVH Rounded lion ear 55/173 | Building mesh BLAS |     432 tris | Rounded lion ear
Fra:11 Mem:28.62M (Peak 35.10M) | Time:00:00.17 | Mem:1.92M, Peak:1.92M | Scene, ViewLayer | Updating Geometry BVH Inner lion ear 56/173 | Building BVH
Fra:11 Mem:28.62M (Peak 35.10M) | Time:00:00.17 | Mem:1.92M, Peak:1.92M | Scene, ViewLayer | Updating Geometry BVH Inner lion ear 56/173 | Building mesh BLAS |     320 tris | Inner lion ear
Fra:11 Mem:28.62M (Peak 35.10M) | Time:00:00.17 | Mem:1.92M, Peak:1.92M | Scene, ViewLayer | Updating Geometry BVH Rounded lion ear.001 57/173 | Building BVH
Fra:11 Mem:28.62M (Peak 35.10M) | Time:00:00.17 | Mem:1.92M, Peak:1.92M | Scene, ViewLayer | Updating Geometry BVH Rounded lion ear.001 57/173 | Building mesh BLAS |     432 tris | Rounded lion ear.001
Fra:11 Mem:28.62M (Peak 35.10M) | Time:00:00.17 | Mem:1.92M, Peak:1.92M | Scene, ViewLayer | Updating Geometry BVH Inner lion ear.001 58/173 | Building BVH
Fra:11 Mem:28.62M (Peak 35.10M) | Time:00:00.17 | Mem:1.92M, Peak:1.92M | Scene, ViewLayer | Updating Geometry BVH Inner lion ear.001 58/173 | Building mesh BLAS |     320 tris | Inner lion ear.001
Fra:11 Mem:28.62M (Peak 35.10M) | Time:00:00.17 | Mem:1.92M, Peak:1.92M | Scene, ViewLayer | Updating Geometry BVH Flame tail tuft.004 163/173 | Building BVH
Fra:11 Mem:28.62M (Peak 35.10M) | Time:00:00.17 | Mem:1.92M, Peak:1.92M | Scene, ViewLayer | Updating Geometry BVH Flame tail tuft.004 163/173 | Building mesh BLAS |      44 tris | Flame tail tuft.004
Fra:11 Mem:28.62M (Peak 35.10M) | Time:00:00.17 | Mem:1.92M, Peak:1.92M | Scene, ViewLayer | Updating Geometry BVH Closed sculpted rear mane cap 59/173 | Building BVH
Fra:11 Mem:28.62M (Peak 35.10M) | Time:00:00.17 | Mem:1.92M, Peak:1.92M | Scene, ViewLayer | Updating Geometry BVH Closed sculpted rear mane cap 59/173 | Building mesh BLAS |     332 tris | Closed sculpted rear mane cap
Fra:11 Mem:28.62M (Peak 35.10M) | Time:00:00.17 | Mem:1.92M, Peak:1.92M | Scene, ViewLayer | Updating Geometry BVH Layered rear mane lock 60/173 | Building BVH
Fra:11 Mem:28.62M (Peak 35.10M) | Time:00:00.17 | Mem:1.92M, Peak:1.92M | Scene, ViewLayer | Updating Geometry BVH Layered rear mane lock.001 61/173 | Building BVH
Fra:11 Mem:28.62M (Peak 35.10M) | Time:00:00.17 | Mem:1.92M, Peak:1.92M | Scene, ViewLayer | Updating Geometry BVH Layered rear mane lock.001 61/173 | Building mesh BLAS |      60 tris | Layered rear mane lock
Fra:11 Mem:28.62M (Peak 35.10M) | Time:00:00.17 | Mem:1.92M, Peak:1.92M | Scene, ViewLayer | Updating Geometry BVH Layered rear mane lock.002 62/173 | Building mesh BLAS |      60 tris | Layered rear mane lock.001
Fra:11 Mem:28.62M (Peak 35.10M) | Time:00:00.17 | Mem:1.92M, Peak:1.92M | Scene, ViewLayer | Updating Geometry BVH Layered rear mane lock.004 64/173 | Building BVH
Fra:11 Mem:28.62M (Peak 35.10M) | Time:00:00.17 | Mem:1.92M, Peak:1.92M | Scene, ViewLayer | Updating Geometry BVH Layered rear mane lock.004 64/173 | Building mesh BLAS |      60 tris | Layered rear mane lock.004
Fra:11 Mem:28.62M (Peak 35.10M) | Time:00:00.17 | Mem:1.92M, Peak:1.92M | Scene, ViewLayer | Updating Geometry BVH Layered rear mane lock.004 64/173 | Building mesh BLAS |      60 tris | Layered rear mane lock.002
Fra:11 Mem:28.62M (Peak 35.10M) | Time:00:00.17 | Mem:1.92M, Peak:1.92M | Scene, ViewLayer | Updating Geometry BVH Layered rear mane lock.004 64/173 | Building mesh BLAS |      60 tris | Layered rear mane lock.003
Fra:11 Mem:28.62M (Peak 35.10M) | Time:00:00.17 | Mem:1.92M, Peak:1.92M | Scene, ViewLayer | Updating Geometry BVH Layered rear mane lock.005 65/173 | Building BVH
Fra:11 Mem:28.62M (Peak 35.10M) | Time:00:00.17 | Mem:1.92M, Peak:1.92M | Scene, ViewLayer | Updating Geometry BVH Layered rear mane lock.005 65/173 | Building mesh BLAS |      60 tris | Layered rear mane lock.005
Fra:11 Mem:28.62M (Peak 35.10M) | Time:00:00.17 | Mem:1.92M, Peak:1.92M | Scene, ViewLayer | Updating Geometry BVH Flame tail tuft.003 162/173 | Building BVH
Fra:11 Mem:28.63M (Peak 35.10M) | Time:00:00.17 | Mem:1.92M, Peak:1.92M | Scene, ViewLayer | Updating Geometry BVH Flame tail tuft.003 162/173 | Building mesh BLAS |      44 tris | Flame tail tuft.003
Fra:11 Mem:28.63M (Peak 35.10M) | Time:00:00.17 | Mem:1.92M, Peak:1.92M | Scene, ViewLayer | Updating Geometry BVH Layered rear mane lock.006 66/173 | Building BVH
Fra:11 Mem:28.63M (Peak 35.10M) | Time:00:00.17 | Mem:1.92M, Peak:1.92M | Scene, ViewLayer | Updating Geometry BVH Layered rear mane lock.006 66/173 | Building mesh BLAS |      60 tris | Layered rear mane lock.006
Fra:11 Mem:28.63M (Peak 35.10M) | Time:00:00.17 | Mem:1.92M, Peak:1.92M | Scene, ViewLayer | Updating Geometry BVH Layered rear mane lock.007 67/173 | Building BVH
Fra:11 Mem:28.63M (Peak 35.10M) | Time:00:00.17 | Mem:1.92M, Peak:1.92M | Scene, ViewLayer | Updating Geometry BVH Layered rear mane lock.008 68/173 | Building mesh BLAS |      60 tris | Layered rear mane lock.007
Fra:11 Mem:28.63M (Peak 35.10M) | Time:00:00.17 | Mem:1.92M, Peak:1.92M | Scene, ViewLayer | Updating Geometry BVH Layered rear mane lock.008 68/173 | Building mesh BLAS |      60 tris | Layered rear mane lock.008
Fra:11 Mem:28.63M (Peak 35.10M) | Time:00:00.17 | Mem:1.92M, Peak:1.92M | Scene, ViewLayer | Updating Geometry BVH Layered rear mane lock.009 69/173 | Building BVH
Fra:11 Mem:28.63M (Peak 35.10M) | Time:00:00.17 | Mem:1.92M, Peak:1.92M | Scene, ViewLayer | Updating Geometry BVH Layered rear mane lock.011 71/173 | Building BVH
Fra:11 Mem:28.63M (Peak 35.10M) | Time:00:00.17 | Mem:1.92M, Peak:1.92M | Scene, ViewLayer | Updating Geometry BVH Layered rear mane lock.011 71/173 | Building mesh BLAS |      60 tris | Layered rear mane lock.010
Fra:11 Mem:28.63M (Peak 35.10M) | Time:00:00.17 | Mem:1.92M, Peak:1.92M | Scene, ViewLayer | Updating Geometry BVH Layered rear mane lock.011 71/173 | Building mesh BLAS |      60 tris | Layered rear mane lock.009
Fra:11 Mem:28.63M (Peak 35.10M) | Time:00:00.17 | Mem:1.92M, Peak:1.92M | Scene, ViewLayer | Updating Geometry BVH Layered rear mane lock.011 71/173 | Building mesh BLAS |      60 tris | Layered rear mane lock.011
Fra:11 Mem:28.63M (Peak 35.10M) | Time:00:00.17 | Mem:1.92M, Peak:1.92M | Scene, ViewLayer | Updating Geometry BVH Layered rear mane lock.012 72/173 | Building BVH
Fra:11 Mem:28.63M (Peak 35.10M) | Time:00:00.17 | Mem:1.92M, Peak:1.92M | Scene, ViewLayer | Updating Geometry BVH Layered rear mane lock.012 72/173 | Building mesh BLAS |      60 tris | Layered rear mane lock.012
Fra:11 Mem:28.63M (Peak 35.10M) | Time:00:00.17 | Mem:1.92M, Peak:1.92M | Scene, ViewLayer | Updating Geometry BVH Flame tail tuft.002 161/173 | Building BVH
Fra:11 Mem:28.63M (Peak 35.10M) | Time:00:00.17 | Mem:1.92M, Peak:1.92M | Scene, ViewLayer | Updating Geometry BVH Flame tail tuft.002 161/173 | Building mesh BLAS |      44 tris | Flame tail tuft.002
Fra:11 Mem:28.63M (Peak 35.10M) | Time:00:00.17 | Mem:1.92M, Peak:1.92M | Scene, ViewLayer | Updating Geometry BVH Layered rear mane lock.013 73/173 | Building BVH
Fra:11 Mem:28.63M (Peak 35.10M) | Time:00:00.17 | Mem:1.92M, Peak:1.92M | Scene, ViewLayer | Updating Geometry BVH Layered rear mane lock.013 73/173 | Building mesh BLAS |      60 tris | Layered rear mane lock.013
Fra:11 Mem:28.63M (Peak 35.10M) | Time:00:00.17 | Mem:1.92M, Peak:1.92M | Scene, ViewLayer | Updating Geometry BVH Layered rear mane lock.014 74/173 | Building BVH
Fra:11 Mem:28.63M (Peak 35.10M) | Time:00:00.17 | Mem:1.92M, Peak:1.92M | Scene, ViewLayer | Updating Geometry BVH Layered rear mane lock.014 74/173 | Building mesh BLAS |      60 tris | Layered rear mane lock.014
Fra:11 Mem:28.63M (Peak 35.10M) | Time:00:00.17 | Mem:1.92M, Peak:1.92M | Scene, ViewLayer | Updating Geometry BVH Layered rear mane lock.015 75/173 | Building BVH
Fra:11 Mem:28.63M (Peak 35.10M) | Time:00:00.17 | Mem:1.92M, Peak:1.92M | Scene, ViewLayer | Updating Geometry BVH Layered rear mane lock.015 75/173 | Building mesh BLAS |      60 tris | Layered rear mane lock.015
Fra:11 Mem:28.63M (Peak 35.10M) | Time:00:00.18 | Mem:1.92M, Peak:1.92M | Scene, ViewLayer | Updating Geometry BVH Layered rear mane lock.016 76/173 | Building BVH
Fra:11 Mem:28.63M (Peak 35.10M) | Time:00:00.18 | Mem:1.92M, Peak:1.92M | Scene, ViewLayer | Updating Geometry BVH Layered rear mane lock.016 76/173 | Building mesh BLAS |      60 tris | Layered rear mane lock.016
Fra:11 Mem:28.63M (Peak 35.10M) | Time:00:00.18 | Mem:1.92M, Peak:1.92M | Scene, ViewLayer | Updating Geometry BVH Layered rear mane lock.017 77/173 | Building BVH
Fra:11 Mem:28.63M (Peak 35.10M) | Time:00:00.18 | Mem:1.92M, Peak:1.92M | Scene, ViewLayer | Updating Geometry BVH Layered rear mane lock.017 77/173 | Building mesh BLAS |      60 tris | Layered rear mane lock.017
Fra:11 Mem:28.63M (Peak 35.10M) | Time:00:00.18 | Mem:1.92M, Peak:1.92M | Scene, ViewLayer | Updating Geometry BVH Layered rear mane lock.018 78/173 | Building BVH
Fra:11 Mem:28.63M (Peak 35.10M) | Time:00:00.18 | Mem:1.92M, Peak:1.92M | Scene, ViewLayer | Updating Geometry BVH Layered rear mane lock.018 78/173 | Building mesh BLAS |      60 tris | Layered rear mane lock.018
Fra:11 Mem:28.63M (Peak 35.10M) | Time:00:00.18 | Mem:1.92M, Peak:1.92M | Scene, ViewLayer | Updating Geometry BVH Layered rear mane lock.019 79/173 | Building BVH
Fra:11 Mem:28.63M (Peak 35.10M) | Time:00:00.18 | Mem:1.92M, Peak:1.92M | Scene, ViewLayer | Updating Geometry BVH Layered rear mane lock.019 79/173 | Building mesh BLAS |      60 tris | Layered rear mane lock.019
Fra:11 Mem:28.63M (Peak 35.10M) | Time:00:00.18 | Mem:1.92M, Peak:1.92M | Scene, ViewLayer | Updating Geometry BVH Flame tail tuft.001 160/173 | Building BVH
Fra:11 Mem:28.63M (Peak 35.10M) | Time:00:00.18 | Mem:1.92M, Peak:1.92M | Scene, ViewLayer | Updating Geometry BVH Flame tail tuft.001 160/173 | Building mesh BLAS |      44 tris | Flame tail tuft.001
Fra:11 Mem:28.63M (Peak 35.10M) | Time:00:00.18 | Mem:1.92M, Peak:1.92M | Scene, ViewLayer | Updating Geometry BVH Layered rear mane lock.020 80/173 | Building BVH
Fra:11 Mem:28.63M (Peak 35.10M) | Time:00:00.18 | Mem:1.92M, Peak:1.92M | Scene, ViewLayer | Updating Geometry BVH Layered rear mane lock.020 80/173 | Building mesh BLAS |      60 tris | Layered rear mane lock.020
Fra:11 Mem:28.63M (Peak 35.10M) | Time:00:00.18 | Mem:1.92M, Peak:1.92M | Scene, ViewLayer | Updating Geometry BVH Layered rear mane lock.021 81/173 | Building BVH
Fra:11 Mem:28.63M (Peak 35.10M) | Time:00:00.18 | Mem:1.92M, Peak:1.92M | Scene, ViewLayer | Updating Geometry BVH Layered rear mane lock.021 81/173 | Building mesh BLAS |      60 tris | Layered rear mane lock.021
Fra:11 Mem:28.63M (Peak 35.10M) | Time:00:00.18 | Mem:1.92M, Peak:1.92M | Scene, ViewLayer | Updating Geometry BVH Layered rear mane lock.022 82/173 | Building BVH
Fra:11 Mem:28.63M (Peak 35.10M) | Time:00:00.18 | Mem:1.92M, Peak:1.92M | Scene, ViewLayer | Updating Geometry BVH Layered rear mane lock.022 82/173 | Building mesh BLAS |      60 tris | Layered rear mane lock.022
Fra:11 Mem:28.63M (Peak 35.10M) | Time:00:00.18 | Mem:1.92M, Peak:1.92M | Scene, ViewLayer | Updating Geometry BVH Sculpted mane lock 83/173 | Building BVH
Fra:11 Mem:28.63M (Peak 35.10M) | Time:00:00.18 | Mem:1.92M, Peak:1.92M | Scene, ViewLayer | Updating Geometry BVH Sculpted mane lock 83/173 | Building mesh BLAS |      60 tris | Sculpted mane lock
Fra:11 Mem:28.63M (Peak 35.10M) | Time:00:00.18 | Mem:1.92M, Peak:1.92M | Scene, ViewLayer | Updating Geometry BVH Sculpted mane lock.001 84/173 | Building BVH
Fra:11 Mem:28.63M (Peak 35.10M) | Time:00:00.18 | Mem:1.92M, Peak:1.92M | Scene, ViewLayer | Updating Geometry BVH Sculpted mane lock.002 85/173 | Building BVH
Fra:11 Mem:28.63M (Peak 35.10M) | Time:00:00.18 | Mem:1.92M, Peak:1.92M | Scene, ViewLayer | Updating Geometry BVH Sculpted mane lock.002 85/173 | Building mesh BLAS |      60 tris | Sculpted mane lock.001
Fra:11 Mem:28.63M (Peak 35.10M) | Time:00:00.18 | Mem:1.92M, Peak:1.92M | Scene, ViewLayer | Updating Geometry BVH Sculpted mane lock.002 85/173 | Building mesh BLAS |      60 tris | Sculpted mane lock.002
Fra:11 Mem:28.63M (Peak 35.10M) | Time:00:00.19 | Mem:1.92M, Peak:1.92M | Scene, ViewLayer | Updating Geometry BVH Sculpted mane lock.003 86/173 | Building BVH
Fra:11 Mem:28.63M (Peak 35.10M) | Time:00:00.19 | Mem:1.92M, Peak:1.92M | Scene, ViewLayer | Updating Geometry BVH Sculpted mane lock.003 86/173 | Building mesh BLAS |      60 tris | Sculpted mane lock.003
Fra:11 Mem:28.63M (Peak 35.10M) | Time:00:00.19 | Mem:1.92M, Peak:1.92M | Scene, ViewLayer | Updating Geometry BVH Flame tail tuft 159/173 | Building BVH
Fra:11 Mem:28.63M (Peak 35.10M) | Time:00:00.19 | Mem:1.92M, Peak:1.92M | Scene, ViewLayer | Updating Geometry BVH Flame tail tuft 159/173 | Building mesh BLAS |      44 tris | Flame tail tuft
Fra:11 Mem:28.63M (Peak 35.10M) | Time:00:00.19 | Mem:1.92M, Peak:1.92M | Scene, ViewLayer | Updating Geometry BVH Sculpted mane lock.004 87/173 | Building BVH
Fra:11 Mem:28.63M (Peak 35.10M) | Time:00:00.19 | Mem:1.92M, Peak:1.92M | Scene, ViewLayer | Updating Geometry BVH Sculpted mane lock.004 87/173 | Building mesh BLAS |      60 tris | Sculpted mane lock.004
Fra:11 Mem:28.63M (Peak 35.10M) | Time:00:00.19 | Mem:1.92M, Peak:1.92M | Scene, ViewLayer | Updating Geometry BVH Sculpted mane lock.005 88/173 | Building BVH
Fra:11 Mem:28.63M (Peak 35.10M) | Time:00:00.19 | Mem:1.92M, Peak:1.92M | Scene, ViewLayer | Updating Geometry BVH Sculpted mane lock.005 88/173 | Building mesh BLAS |      60 tris | Sculpted mane lock.005
Fra:11 Mem:28.63M (Peak 35.10M) | Time:00:00.19 | Mem:1.92M, Peak:1.92M | Scene, ViewLayer | Updating Geometry BVH Sculpted mane lock.006 89/173 | Building BVH
Fra:11 Mem:28.63M (Peak 35.10M) | Time:00:00.19 | Mem:1.92M, Peak:1.92M | Scene, ViewLayer | Updating Geometry BVH Sculpted mane lock.006 89/173 | Building mesh BLAS |      60 tris | Sculpted mane lock.006
Fra:11 Mem:28.63M (Peak 35.10M) | Time:00:00.19 | Mem:2.14M, Peak:2.14M | Scene, ViewLayer | Updating Geometry BVH Sculpted mane lock.007 90/173 | Building BVH
Fra:11 Mem:28.63M (Peak 35.10M) | Time:00:00.19 | Mem:2.14M, Peak:2.14M | Scene, ViewLayer | Updating Geometry BVH Sculpted mane lock.007 90/173 | Building mesh BLAS |      60 tris | Sculpted mane lock.007
Fra:11 Mem:28.63M (Peak 35.10M) | Time:00:00.19 | Mem:2.14M, Peak:2.14M | Scene, ViewLayer | Updating Geometry BVH Sculpted mane lock.008 91/173 | Building BVH
Fra:11 Mem:28.63M (Peak 35.10M) | Time:00:00.19 | Mem:2.14M, Peak:2.14M | Scene, ViewLayer | Updating Geometry BVH Sculpted mane lock.008 91/173 | Building mesh BLAS |      60 tris | Sculpted mane lock.008
Fra:11 Mem:28.63M (Peak 35.10M) | Time:00:00.19 | Mem:2.15M, Peak:2.15M | Scene, ViewLayer | Updating Geometry BVH Sculpted mane lock.009 92/173 | Building BVH
Fra:11 Mem:28.63M (Peak 35.10M) | Time:00:00.19 | Mem:2.15M, Peak:2.15M | Scene, ViewLayer | Updating Geometry BVH Sculpted mane lock.009 92/173 | Building mesh BLAS |      60 tris | Sculpted mane lock.009
Fra:11 Mem:28.63M (Peak 35.10M) | Time:00:00.19 | Mem:2.16M, Peak:2.16M | Scene, ViewLayer | Updating Geometry BVH Sculpted mane lock.010 93/173 | Building BVH
Fra:11 Mem:28.63M (Peak 35.10M) | Time:00:00.19 | Mem:2.16M, Peak:2.16M | Scene, ViewLayer | Updating Geometry BVH Sculpted mane lock.010 93/173 | Building mesh BLAS |      60 tris | Sculpted mane lock.010
Fra:11 Mem:28.63M (Peak 35.10M) | Time:00:00.19 | Mem:2.17M, Peak:2.17M | Scene, ViewLayer | Updating Geometry BVH Articulated tail 158/173 | Building BVH
Fra:11 Mem:28.63M (Peak 35.10M) | Time:00:00.19 | Mem:2.17M, Peak:2.17M | Scene, ViewLayer | Updating Geometry BVH Articulated tail 158/173 | Building mesh BLAS |     268 tris | Articulated tail
Fra:11 Mem:28.63M (Peak 35.10M) | Time:00:00.19 | Mem:2.17M, Peak:2.17M | Scene, ViewLayer | Updating Geometry BVH Sculpted mane lock.011 94/173 | Building BVH
Fra:11 Mem:28.63M (Peak 35.10M) | Time:00:00.19 | Mem:2.17M, Peak:2.17M | Scene, ViewLayer | Updating Geometry BVH Sculpted mane lock.011 94/173 | Building mesh BLAS |      60 tris | Sculpted mane lock.011
Fra:11 Mem:28.63M (Peak 35.10M) | Time:00:00.19 | Mem:2.18M, Peak:2.18M | Scene, ViewLayer | Updating Geometry BVH Sculpted mane lock.012 95/173 | Building BVH
Fra:11 Mem:28.63M (Peak 35.10M) | Time:00:00.19 | Mem:2.18M, Peak:2.18M | Scene, ViewLayer | Updating Geometry BVH Sculpted mane lock.012 95/173 | Building mesh BLAS |      60 tris | Sculpted mane lock.012
Fra:11 Mem:28.63M (Peak 35.10M) | Time:00:00.19 | Mem:2.22M, Peak:2.22M | Scene, ViewLayer | Updating Geometry BVH Sculpted mane lock.013 96/173 | Building BVH
Fra:11 Mem:28.63M (Peak 35.10M) | Time:00:00.19 | Mem:2.22M, Peak:2.22M | Scene, ViewLayer | Updating Geometry BVH Sculpted mane lock.013 96/173 | Building mesh BLAS |      60 tris | Sculpted mane lock.013
Fra:11 Mem:28.63M (Peak 35.10M) | Time:00:00.19 | Mem:2.23M, Peak:2.23M | Scene, ViewLayer | Updating Geometry BVH Sculpted mane lock.014 97/173 | Building BVH
Fra:11 Mem:28.63M (Peak 35.10M) | Time:00:00.19 | Mem:2.24M, Peak:2.24M | Scene, ViewLayer | Updating Geometry BVH Sculpted mane lock.014 97/173 | Building mesh BLAS |      60 tris | Sculpted mane lock.014
Fra:11 Mem:28.63M (Peak 35.10M) | Time:00:00.19 | Mem:2.45M, Peak:2.45M | Scene, ViewLayer | Updating Geometry BVH Sculpted mane lock.016 99/173 | Building BVH
Fra:11 Mem:28.63M (Peak 35.10M) | Time:00:00.19 | Mem:2.45M, Peak:2.45M | Scene, ViewLayer | Updating Geometry BVH Sculpted mane lock.018 101/173 | Building BVH
Fra:11 Mem:28.63M (Peak 35.10M) | Time:00:00.19 | Mem:2.48M, Peak:2.48M | Scene, ViewLayer | Updating Geometry BVH Sculpted mane lock.018 101/173 | Building mesh BLAS |      60 tris | Sculpted mane lock.015
Fra:11 Mem:28.63M (Peak 35.10M) | Time:00:00.19 | Mem:2.54M, Peak:2.54M | Scene, ViewLayer | Updating Geometry BVH Sculpted mane lock.018 101/173 | Building mesh BLAS |      44 tris | Wrist fur.011
Fra:11 Mem:28.63M (Peak 35.10M) | Time:00:00.19 | Mem:2.55M, Peak:2.55M | Scene, ViewLayer | Updating Geometry BVH Sculpted mane lock.019 102/173 | Building BVH
Fra:11 Mem:28.63M (Peak 35.10M) | Time:00:00.19 | Mem:2.56M, Peak:2.56M | Scene, ViewLayer | Updating Geometry BVH Sculpted mane lock.019 102/173 | Building mesh BLAS |      60 tris | Sculpted mane lock.018
Fra:11 Mem:28.63M (Peak 35.10M) | Time:00:00.19 | Mem:2.57M, Peak:2.57M | Scene, ViewLayer | Updating Geometry BVH Sculpted mane lock.020 103/173 | Building BVH
Fra:11 Mem:28.63M (Peak 35.10M) | Time:00:00.19 | Mem:2.57M, Peak:2.57M | Scene, ViewLayer | Updating Geometry BVH Sculpted mane lock.020 103/173 | Building mesh BLAS |      60 tris | Sculpted mane lock.019
Fra:11 Mem:28.63M (Peak 35.10M) | Time:00:00.19 | Mem:2.57M, Peak:2.57M | Scene, ViewLayer | Updating Geometry BVH Sculpted mane lock.022 105/173 | Building BVH
Fra:11 Mem:28.63M (Peak 35.10M) | Time:00:00.19 | Mem:2.57M, Peak:2.57M | Scene, ViewLayer | Updating Geometry BVH Sculpted mane lock.022 105/173 | Building mesh BLAS |      60 tris | Sculpted mane lock.022
Fra:11 Mem:28.63M (Peak 35.10M) | Time:00:00.19 | Mem:2.57M, Peak:2.57M | Scene, ViewLayer | Updating Geometry BVH Sculpted mane lock.022 105/173 | Building mesh BLAS |      60 tris | Sculpted mane lock.021
Fra:11 Mem:28.63M (Peak 35.10M) | Time:00:00.19 | Mem:2.63M, Peak:2.63M | Scene, ViewLayer | Updating Geometry BVH Wrist fur.010 156/173 | Building BVH
Fra:11 Mem:28.63M (Peak 35.10M) | Time:00:00.19 | Mem:2.65M, Peak:2.65M | Scene, ViewLayer | Updating Geometry BVH Wrist fur.010 156/173 | Building mesh BLAS |      44 tris | Wrist fur.010
Fra:11 Mem:28.63M (Peak 35.10M) | Time:00:00.19 | Mem:2.68M, Peak:2.68M | Scene, ViewLayer | Updating Geometry BVH Sculpted mane lock.023 106/173 | Building BVH
Fra:11 Mem:28.63M (Peak 35.10M) | Time:00:00.19 | Mem:2.69M, Peak:2.69M | Scene, ViewLayer | Updating Geometry BVH Sculpted mane lock.023 106/173 | Building mesh BLAS |      60 tris | Sculpted mane lock.023
Fra:11 Mem:28.63M (Peak 35.10M) | Time:00:00.19 | Mem:2.69M, Peak:2.69M | Scene, ViewLayer | Updating Geometry BVH Sculpted mane lock.024 107/173 | Building BVH
Fra:11 Mem:28.63M (Peak 35.10M) | Time:00:00.19 | Mem:2.69M, Peak:2.69M | Scene, ViewLayer | Updating Geometry BVH Sculpted mane lock.024 107/173 | Building mesh BLAS |      60 tris | Sculpted mane lock.024
Fra:11 Mem:28.63M (Peak 35.10M) | Time:00:00.19 | Mem:2.70M, Peak:2.70M | Scene, ViewLayer | Updating Geometry BVH Sculpted mane lock.025 108/173 | Building BVH
Fra:11 Mem:28.63M (Peak 35.10M) | Time:00:00.19 | Mem:2.71M, Peak:2.71M | Scene, ViewLayer | Updating Geometry BVH Sculpted mane lock.025 108/173 | Building mesh BLAS |      60 tris | Sculpted mane lock.025
Fra:11 Mem:28.63M (Peak 35.10M) | Time:00:00.19 | Mem:2.71M, Peak:2.71M | Scene, ViewLayer | Updating Geometry BVH Sculpted mane lock.026 109/173 | Building BVH
Fra:11 Mem:28.63M (Peak 35.10M) | Time:00:00.19 | Mem:2.73M, Peak:2.73M | Scene, ViewLayer | Updating Geometry BVH Sculpted mane lock.027 110/173 | Building mesh BLAS |      60 tris | Sculpted mane lock.026
Fra:11 Mem:28.63M (Peak 35.10M) | Time:00:00.19 | Mem:2.76M, Peak:2.76M | Scene, ViewLayer | Updating Geometry BVH Sculpted mane lock.028 111/173 | Building BVH
Fra:11 Mem:28.63M (Peak 35.10M) | Time:00:00.19 | Mem:2.76M, Peak:2.76M | Scene, ViewLayer | Updating Geometry BVH Sculpted mane lock.028 111/173 | Building mesh BLAS |      60 tris | Sculpted mane lock.028
Fra:11 Mem:28.63M (Peak 35.10M) | Time:00:00.19 | Mem:2.76M, Peak:2.76M | Scene, ViewLayer | Updating Geometry BVH Sculpted mane lock.029 112/173 | Building BVH
Fra:11 Mem:28.63M (Peak 35.10M) | Time:00:00.19 | Mem:2.76M, Peak:2.76M | Scene, ViewLayer | Updating Geometry BVH Sculpted mane lock.034 117/173 | Building BVH
Fra:11 Mem:28.63M (Peak 35.10M) | Time:00:00.19 | Mem:2.76M, Peak:2.76M | Scene, ViewLayer | Updating Geometry BVH Sculpted mane lock.034 117/173 | Building mesh BLAS |      60 tris | Sculpted mane lock.029
Fra:11 Mem:28.63M (Peak 35.10M) | Time:00:00.19 | Mem:2.76M, Peak:2.76M | Scene, ViewLayer | Updating Geometry BVH Sculpted mane lock.034 117/173 | Building mesh BLAS |      60 tris | Sculpted mane lock.031
Fra:11 Mem:28.63M (Peak 35.10M) | Time:00:00.19 | Mem:2.77M, Peak:2.77M | Scene, ViewLayer | Updating Geometry BVH Sculpted mane lock.034 117/173 | Building mesh BLAS |      60 tris | Sculpted mane lock.027
Fra:11 Mem:28.63M (Peak 35.10M) | Time:00:00.19 | Mem:2.82M, Peak:2.82M | Scene, ViewLayer | Updating Geometry BVH Sculpted mane lock.035 118/173 | Building BVH
Fra:11 Mem:28.63M (Peak 35.10M) | Time:00:00.19 | Mem:2.84M, Peak:2.84M | Scene, ViewLayer | Updating Geometry BVH Sculpted mane lock.036 119/173 | Building BVH
Fra:11 Mem:28.63M (Peak 35.10M) | Time:00:00.19 | Mem:2.84M, Peak:2.84M | Scene, ViewLayer | Updating Geometry BVH Sculpted mane lock.036 119/173 | Building mesh BLAS |      60 tris | Sculpted mane lock.032
Fra:11 Mem:28.63M (Peak 35.10M) | Time:00:00.19 | Mem:2.84M, Peak:2.84M | Scene, ViewLayer | Updating Geometry BVH Sculpted mane lock.036 119/173 | Building mesh BLAS |      60 tris | Sculpted mane lock.036
Fra:11 Mem:28.63M (Peak 35.10M) | Time:00:00.19 | Mem:2.84M, Peak:2.84M | Scene, ViewLayer | Updating Geometry BVH Sculpted mane lock.036 119/173 | Building mesh BLAS |      60 tris | Sculpted mane lock.034
Fra:11 Mem:28.63M (Peak 35.10M) | Time:00:00.19 | Mem:2.84M, Peak:2.84M | Scene, ViewLayer | Updating Geometry BVH Sculpted mane lock.037 120/173 | Building BVH
Fra:11 Mem:28.63M (Peak 35.10M) | Time:00:00.19 | Mem:2.84M, Peak:2.84M | Scene, ViewLayer | Updating Geometry BVH Sculpted mane lock.038 121/173 | Building BVH
Fra:11 Mem:28.63M (Peak 35.10M) | Time:00:00.19 | Mem:2.84M, Peak:2.84M | Scene, ViewLayer | Updating Geometry BVH Sculpted mane lock.038 121/173 | Building mesh BLAS |      60 tris | Sculpted mane lock.037
Fra:11 Mem:28.63M (Peak 35.10M) | Time:00:00.19 | Mem:2.84M, Peak:2.84M | Scene, ViewLayer | Updating Geometry BVH Sculpted mane lock.039 122/173 | Building mesh BLAS |      60 tris | Sculpted mane lock.038
Fra:11 Mem:28.63M (Peak 35.10M) | Time:00:00.19 | Mem:2.84M, Peak:2.84M | Scene, ViewLayer | Updating Geometry BVH Sculpted mane lock.040 123/173 | Building BVH
Fra:11 Mem:28.63M (Peak 35.10M) | Time:00:00.19 | Mem:2.84M, Peak:2.84M | Scene, ViewLayer | Updating Geometry BVH Layered shoulder fur.011 154/173 | Building BVH
Fra:11 Mem:28.63M (Peak 35.10M) | Time:00:00.19 | Mem:2.84M, Peak:2.84M | Scene, ViewLayer | Updating Geometry BVH Sculpted mane lock.041 124/173 | Building BVH
Fra:11 Mem:28.63M (Peak 35.10M) | Time:00:00.19 | Mem:2.84M, Peak:2.84M | Scene, ViewLayer | Updating Geometry BVH Sculpted mane lock.041 124/173 | Building mesh BLAS |      44 tris | Layered shoulder fur.011
Fra:11 Mem:28.63M (Peak 35.10M) | Time:00:00.19 | Mem:2.84M, Peak:2.84M | Scene, ViewLayer | Updating Geometry BVH Sculpted mane lock.041 124/173 | Building mesh BLAS |      60 tris | Sculpted mane lock.033
Fra:11 Mem:28.63M (Peak 35.10M) | Time:00:00.19 | Mem:2.84M, Peak:2.84M | Scene, ViewLayer | Updating Geometry BVH Sculpted mane lock.041 124/173 | Building mesh BLAS |      60 tris | Sculpted mane lock.040
Fra:11 Mem:28.63M (Peak 35.10M) | Time:00:00.19 | Mem:2.85M, Peak:2.85M | Scene, ViewLayer | Updating Geometry BVH Sculpted mane lock.042 125/173 | Building BVH
Fra:11 Mem:28.63M (Peak 35.10M) | Time:00:00.19 | Mem:2.85M, Peak:2.85M | Scene, ViewLayer | Updating Geometry BVH Sculpted mane lock.043 126/173 | Building BVH
Fra:11 Mem:28.63M (Peak 35.10M) | Time:00:00.19 | Mem:2.85M, Peak:2.85M | Scene, ViewLayer | Updating Geometry BVH Sculpted mane lock.043 126/173 | Building mesh BLAS |      60 tris | Sculpted mane lock.042
Fra:11 Mem:28.63M (Peak 35.10M) | Time:00:00.19 | Mem:2.85M, Peak:2.85M | Scene, ViewLayer | Updating Geometry BVH Sculpted mane lock.044 127/173 | Building BVH
Fra:11 Mem:28.63M (Peak 35.10M) | Time:00:00.19 | Mem:2.85M, Peak:2.85M | Scene, ViewLayer | Updating Geometry BVH Layered shoulder fur.010 153/173 | Building BVH
Fra:11 Mem:28.63M (Peak 35.10M) | Time:00:00.19 | Mem:2.85M, Peak:2.85M | Scene, ViewLayer | Updating Geometry BVH Layered shoulder fur.010 153/173 | Building mesh BLAS |      60 tris | Sculpted mane lock.041
Fra:11 Mem:28.63M (Peak 35.10M) | Time:00:00.19 | Mem:2.85M, Peak:2.85M | Scene, ViewLayer | Updating Geometry BVH Sculpted mane lock.046 129/173 | Building BVH
Fra:11 Mem:28.63M (Peak 35.10M) | Time:00:00.19 | Mem:2.85M, Peak:2.85M | Scene, ViewLayer | Updating Geometry BVH Sculpted mane lock.046 129/173 | Building mesh BLAS |      60 tris | Sculpted mane lock.046
Fra:11 Mem:28.63M (Peak 35.10M) | Time:00:00.19 | Mem:2.85M, Peak:2.85M | Scene, ViewLayer | Updating Geometry BVH Sculpted mane lock.046 129/173 | Building mesh BLAS |      60 tris | Sculpted mane lock.044
Fra:11 Mem:28.63M (Peak 35.10M) | Time:00:00.19 | Mem:2.85M, Peak:2.85M | Scene, ViewLayer | Updating Geometry BVH Sculpted mane lock.046 129/173 | Building mesh BLAS |      60 tris | Sculpted mane lock.045
Fra:11 Mem:28.63M (Peak 35.10M) | Time:00:00.19 | Mem:2.85M, Peak:2.85M | Scene, ViewLayer | Updating Geometry BVH Sculpted mane lock.047 130/173 | Building BVH
Fra:11 Mem:28.63M (Peak 35.10M) | Time:00:00.19 | Mem:2.85M, Peak:2.85M | Scene, ViewLayer | Updating Geometry BVH Sculpted mane lock.047 130/173 | Building mesh BLAS |      60 tris | Sculpted mane lock.047
Fra:11 Mem:28.63M (Peak 35.10M) | Time:00:00.19 | Mem:2.87M, Peak:2.87M | Scene, ViewLayer | Updating Geometry BVH Sculpted mane lock.048 131/173 | Building BVH
Fra:11 Mem:28.63M (Peak 35.10M) | Time:00:00.19 | Mem:2.87M, Peak:2.87M | Scene, ViewLayer | Updating Geometry BVH Layered shoulder fur.009 152/173 | Building BVH
Fra:11 Mem:28.63M (Peak 35.10M) | Time:00:00.19 | Mem:2.87M, Peak:2.87M | Scene, ViewLayer | Updating Geometry BVH Layered shoulder fur.001 135/173 | Building BVH
Fra:11 Mem:28.63M (Peak 35.10M) | Time:00:00.19 | Mem:2.88M, Peak:2.88M | Scene, ViewLayer | Updating Geometry BVH Wrist fur 137/173 | Building BVH
Fra:11 Mem:28.63M (Peak 35.10M) | Time:00:00.19 | Mem:2.88M, Peak:2.88M | Scene, ViewLayer | Updating Geometry BVH Wrist fur 137/173 | Building mesh BLAS |      44 tris | Layered shoulder fur.001
Fra:11 Mem:28.63M (Peak 35.10M) | Time:00:00.19 | Mem:2.88M, Peak:2.88M | Scene, ViewLayer | Updating Geometry BVH Wrist fur 137/173 | Building mesh BLAS |      44 tris | Wrist fur
Fra:11 Mem:28.63M (Peak 35.10M) | Time:00:00.19 | Mem:2.88M, Peak:2.88M | Scene, ViewLayer | Updating Geometry BVH Wrist fur 137/173 | Building mesh BLAS |      60 tris | Sculpted mane lock.049
Fra:11 Mem:28.63M (Peak 35.10M) | Time:00:00.19 | Mem:2.88M, Peak:2.88M | Scene, ViewLayer | Updating Geometry BVH Wrist fur 137/173 | Building mesh BLAS |      44 tris | Layered shoulder fur.002
Fra:11 Mem:28.63M (Peak 35.10M) | Time:00:00.19 | Mem:2.89M, Peak:2.89M | Scene, ViewLayer | Updating Geometry BVH Wrist fur.001 138/173 | Building BVH
Fra:11 Mem:28.63M (Peak 35.10M) | Time:00:00.19 | Mem:2.89M, Peak:2.89M | Scene, ViewLayer | Updating Geometry BVH Wrist fur.002 139/173 | Building BVH
Fra:11 Mem:28.63M (Peak 35.10M) | Time:00:00.19 | Mem:2.89M, Peak:2.89M | Scene, ViewLayer | Updating Geometry BVH Wrist fur.002 139/173 | Building mesh BLAS |      44 tris | Wrist fur.001
Fra:11 Mem:28.63M (Peak 35.10M) | Time:00:00.19 | Mem:2.89M, Peak:2.89M | Scene, ViewLayer | Updating Geometry BVH Wrist fur.002 139/173 | Building mesh BLAS |      60 tris | Sculpted mane lock.050
Fra:11 Mem:28.63M (Peak 35.10M) | Time:00:00.19 | Mem:2.90M, Peak:2.90M | Scene, ViewLayer | Updating Geometry BVH Layered shoulder fur.003 140/173 | Building BVH
Fra:11 Mem:28.63M (Peak 35.10M) | Time:00:00.19 | Mem:2.90M, Peak:2.90M | Scene, ViewLayer | Updating Geometry BVH Layered shoulder fur.004 141/173 | Building BVH
Fra:11 Mem:28.63M (Peak 35.10M) | Time:00:00.19 | Mem:2.90M, Peak:2.90M | Scene, ViewLayer | Updating Geometry BVH Layered shoulder fur.004 141/173 | Building mesh BLAS |      44 tris | Wrist fur.002
Fra:11 Mem:28.63M (Peak 35.10M) | Time:00:00.19 | Mem:2.90M, Peak:2.90M | Scene, ViewLayer | Updating Geometry BVH Layered shoulder fur.005 142/173 | Building BVH
Fra:11 Mem:28.63M (Peak 35.10M) | Time:00:00.19 | Mem:2.90M, Peak:2.90M | Scene, ViewLayer | Updating Geometry BVH Wrist fur.003 143/173 | Building mesh BLAS |      44 tris | Layered shoulder fur
Fra:11 Mem:28.63M (Peak 35.10M) | Time:00:00.19 | Mem:2.90M, Peak:2.90M | Scene, ViewLayer | Updating Geometry BVH Wrist fur.003 143/173 | Building mesh BLAS |      44 tris | Layered shoulder fur.005
Fra:11 Mem:28.63M (Peak 35.10M) | Time:00:00.19 | Mem:2.90M, Peak:2.90M | Scene, ViewLayer | Updating Geometry BVH Wrist fur.004 144/173 | Building BVH
Fra:11 Mem:28.63M (Peak 35.10M) | Time:00:00.20 | Mem:2.90M, Peak:2.90M | Scene, ViewLayer | Updating Geometry BVH Wrist fur.004 144/173 | Building mesh BLAS |      44 tris | Wrist fur.004
Fra:11 Mem:28.63M (Peak 35.10M) | Time:00:00.20 | Mem:2.90M, Peak:2.90M | Scene, ViewLayer | Updating Geometry BVH Wrist fur.005 145/173 | Building BVH
Fra:11 Mem:28.63M (Peak 35.10M) | Time:00:00.20 | Mem:2.90M, Peak:2.90M | Scene, ViewLayer | Updating Geometry BVH Wrist fur.005 145/173 | Building mesh BLAS |      44 tris | Wrist fur.005
Fra:11 Mem:28.63M (Peak 35.10M) | Time:00:00.20 | Mem:2.90M, Peak:2.90M | Scene, ViewLayer | Updating Geometry BVH Layered shoulder fur.006 146/173 | Building BVH
Fra:11 Mem:28.63M (Peak 35.10M) | Time:00:00.20 | Mem:2.90M, Peak:2.90M | Scene, ViewLayer | Updating Geometry BVH Layered shoulder fur.006 146/173 | Building mesh BLAS |      44 tris | Layered shoulder fur.006
Fra:11 Mem:28.63M (Peak 35.10M) | Time:00:00.20 | Mem:2.90M, Peak:2.90M | Scene, ViewLayer | Updating Geometry BVH Layered shoulder fur.006 146/173 | Building mesh BLAS |      44 tris | Wrist fur.003
Fra:11 Mem:28.63M (Peak 35.10M) | Time:00:00.20 | Mem:2.90M, Peak:2.90M | Scene, ViewLayer | Updating Geometry BVH Layered shoulder fur.007 147/173 | Building BVH
Fra:11 Mem:28.63M (Peak 35.10M) | Time:00:00.20 | Mem:2.90M, Peak:2.90M | Scene, ViewLayer | Updating Geometry BVH Layered shoulder fur.007 147/173 | Building mesh BLAS |      44 tris | Layered shoulder fur.007
Fra:11 Mem:28.63M (Peak 35.10M) | Time:00:00.20 | Mem:2.90M, Peak:2.90M | Scene, ViewLayer | Updating Geometry BVH Layered shoulder fur.008 148/173 | Building BVH
Fra:11 Mem:28.63M (Peak 35.10M) | Time:00:00.20 | Mem:2.90M, Peak:2.90M | Scene, ViewLayer | Updating Geometry BVH Layered shoulder fur.008 148/173 | Building mesh BLAS |      44 tris | Layered shoulder fur.008
Fra:11 Mem:28.63M (Peak 35.10M) | Time:00:00.20 | Mem:2.90M, Peak:2.90M | Scene, ViewLayer | Updating Geometry BVH Wrist fur.006 149/173 | Building BVH
Fra:11 Mem:28.63M (Peak 35.10M) | Time:00:00.20 | Mem:2.90M, Peak:2.90M | Scene, ViewLayer | Updating Geometry BVH Wrist fur.007 150/173 | Building BVH
Fra:11 Mem:28.63M (Peak 35.10M) | Time:00:00.20 | Mem:2.90M, Peak:2.90M | Scene, ViewLayer | Updating Geometry BVH Wrist fur.007 150/173 | Building mesh BLAS |      44 tris | Wrist fur.006
Fra:11 Mem:28.63M (Peak 35.10M) | Time:00:00.20 | Mem:2.91M, Peak:2.91M | Scene, ViewLayer | Updating Geometry BVH Wrist fur.007 150/173 | Building mesh BLAS |      44 tris | Wrist fur.007
Fra:11 Mem:28.63M (Peak 35.10M) | Time:00:00.20 | Mem:2.91M, Peak:2.91M | Scene, ViewLayer | Updating Geometry BVH Wrist fur.008 151/173 | Building BVH
Fra:11 Mem:28.63M (Peak 35.10M) | Time:00:00.20 | Mem:2.91M, Peak:2.91M | Scene, ViewLayer | Updating Geometry BVH Wrist fur.008 151/173 | Building mesh BLAS |      44 tris | Wrist fur.008
Fra:11 Mem:28.63M (Peak 35.10M) | Time:00:00.20 | Mem:2.92M, Peak:2.92M | Scene, ViewLayer | Updating Scene BVH | Building
Fra:11 Mem:28.63M (Peak 35.10M) | Time:00:00.21 | Mem:3.09M, Peak:3.09M | Scene, ViewLayer | Updating Scene BVH | Building TLAS      |     173 instances
Fra:11 Mem:28.63M (Peak 35.10M) | Time:00:00.21 | Mem:3.14M, Peak:3.14M | Scene, ViewLayer | Updating Scene BVH | Copying BVH to device
Fra:11 Mem:28.63M (Peak 35.10M) | Time:00:00.21 | Mem:3.14M, Peak:3.14M | Scene, ViewLayer | Updating Mesh | Computing normals
Fra:11 Mem:29.30M (Peak 35.10M) | Time:00:00.21 | Mem:3.14M, Peak:3.14M | Scene, ViewLayer | Updating Mesh | Copying Mesh to device
Fra:11 Mem:28.63M (Peak 35.10M) | Time:00:00.21 | Mem:3.83M, Peak:3.83M | Scene, ViewLayer | Updating Objects Flags
Fra:11 Mem:28.63M (Peak 35.10M) | Time:00:00.21 | Mem:3.83M, Peak:3.83M | Scene, ViewLayer | Updating Primitive Offsets
Fra:11 Mem:28.63M (Peak 35.10M) | Time:00:00.21 | Mem:3.83M, Peak:3.83M | Scene, ViewLayer | Updating Images
Fra:11 Mem:28.63M (Peak 35.10M) | Time:00:00.21 | Mem:3.83M, Peak:3.83M | Scene, ViewLayer | Updating Camera Volume
Fra:11 Mem:28.63M (Peak 35.10M) | Time:00:00.21 | Mem:3.83M, Peak:3.83M | Scene, ViewLayer | Updating Lookup Tables
Fra:11 Mem:28.55M (Peak 35.10M) | Time:00:00.21 | Mem:3.93M, Peak:3.93M | Scene, ViewLayer | Updating Lights
Fra:11 Mem:28.55M (Peak 35.10M) | Time:00:00.21 | Mem:3.93M, Peak:3.93M | Scene, ViewLayer | Updating Lights | Computing tree
Fra:11 Mem:28.55M (Peak 35.10M) | Time:00:00.21 | Mem:3.93M, Peak:3.93M | Scene, ViewLayer | Updating Integrator
Fra:11 Mem:28.55M (Peak 35.10M) | Time:00:00.21 | Mem:3.93M, Peak:3.93M | Scene, ViewLayer | Updating Film
Fra:11 Mem:28.64M (Peak 35.10M) | Time:00:00.21 | Mem:3.83M, Peak:3.93M | Scene, ViewLayer | Updating Lookup Tables
Fra:11 Mem:28.55M (Peak 35.10M) | Time:00:00.21 | Mem:3.93M, Peak:3.93M | Scene, ViewLayer | Updating Baking
Fra:11 Mem:28.55M (Peak 35.10M) | Time:00:00.21 | Mem:3.93M, Peak:3.93M | Scene, ViewLayer | Updating Device | Writing constant memory
Fra:11 Mem:28.56M (Peak 35.10M) | Time:00:00.24 | Mem:3.93M, Peak:3.93M | Scene, ViewLayer | Loading denoising kernels (may take a few minutes the first time)
Fra:11 Mem:28.56M (Peak 60.56M) | Time:00:00.24 | Mem:2819.94M, Peak:2819.94M | Scene, ViewLayer | Sample 0/12 (Using optimized kernels)
Fra:11 Mem:28.55M (Peak 64.06M) | Time:00:00.40 | Remaining:00:01.68 | Mem:2855.48M, Peak:2855.48M | Scene, ViewLayer | Sample 1/12 (Using optimized kernels)
Fra:11 Mem:43.50M (Peak 65.94M) | Time:00:03.56 | Mem:2855.48M, Peak:2855.48M | Scene, ViewLayer | Sample 12/12 (Using optimized kernels)
Fra:11 Mem:43.50M (Peak 65.94M) | Time:00:03.56 | Mem:2855.48M, Peak:2855.48M | Scene, ViewLayer | Finished
Saved: '/Users/chikumatsuboi/Code/animal-racers-western/assets/source/western/qa/form-cycle-3/after/lion-special-11.png'
Time: 00:03.69 (Saving: 00:00.06)

Fra:16 Mem:33.99M (Peak 33.99M) | Time:00:00.01 | Mem:0.02M, Peak:0.02M | Scene, ViewLayer | Synchronizing object | Body • continuous sculpted skin
Fra:16 Mem:34.04M (Peak 34.04M) | Time:00:00.01 | Mem:0.02M, Peak:0.02M | Scene, ViewLayer | Synchronizing object | Paw toe.002
Fra:16 Mem:34.24M (Peak 34.24M) | Time:00:00.01 | Mem:0.02M, Peak:0.02M | Scene, ViewLayer | Synchronizing object | Ivory claw.002
Fra:16 Mem:34.28M (Peak 34.28M) | Time:00:00.01 | Mem:0.02M, Peak:0.02M | Scene, ViewLayer | Synchronizing object | Paw toe.003
Fra:16 Mem:34.30M (Peak 34.30M) | Time:00:00.01 | Mem:0.02M, Peak:0.02M | Scene, ViewLayer | Synchronizing object | Paw toe.004
Fra:16 Mem:34.31M (Peak 34.31M) | Time:00:00.01 | Mem:0.02M, Peak:0.02M | Scene, ViewLayer | Synchronizing object | Ivory claw.004
Fra:16 Mem:34.33M (Peak 34.33M) | Time:00:00.01 | Mem:0.02M, Peak:0.02M | Scene, ViewLayer | Synchronizing object | Paw toe.005
Fra:16 Mem:34.38M (Peak 34.38M) | Time:00:00.01 | Mem:0.02M, Peak:0.02M | Scene, ViewLayer | Synchronizing object | Ivory claw.006
Fra:16 Mem:34.52M (Peak 34.52M) | Time:00:00.01 | Mem:0.02M, Peak:0.02M | Scene, ViewLayer | Synchronizing object | Paw toe.008
Fra:16 Mem:34.52M (Peak 34.52M) | Time:00:00.01 | Mem:0.02M, Peak:0.02M | Scene, ViewLayer | Synchronizing object | Paw toe.009
Fra:16 Mem:34.55M (Peak 34.55M) | Time:00:00.01 | Mem:0.02M, Peak:0.02M | Scene, ViewLayer | Synchronizing object | Ivory claw.009
Fra:16 Mem:34.55M (Peak 34.55M) | Time:00:00.01 | Mem:0.02M, Peak:0.02M | Scene, ViewLayer | Synchronizing object | Paw toe.010
Fra:16 Mem:34.57M (Peak 34.57M) | Time:00:00.01 | Mem:0.02M, Peak:0.02M | Scene, ViewLayer | Synchronizing object | Ivory claw.010
Fra:16 Mem:34.58M (Peak 34.58M) | Time:00:00.01 | Mem:0.02M, Peak:0.02M | Scene, ViewLayer | Synchronizing object | Ivory claw.011
Fra:16 Mem:34.60M (Peak 34.60M) | Time:00:00.01 | Mem:0.02M, Peak:0.02M | Scene, ViewLayer | Synchronizing object | Head • species sculpt
Fra:16 Mem:34.63M (Peak 34.63M) | Time:00:00.01 | Mem:0.02M, Peak:0.02M | Scene, ViewLayer | Synchronizing object | Cream muzzle pad
Fra:16 Mem:34.83M (Peak 34.83M) | Time:00:00.01 | Mem:0.02M, Peak:0.02M | Scene, ViewLayer | Synchronizing object | Cream muzzle pad.001
Fra:16 Mem:34.86M (Peak 34.86M) | Time:00:00.01 | Mem:0.02M, Peak:0.02M | Scene, ViewLayer | Synchronizing object | Heart shaped nose
Fra:16 Mem:34.87M (Peak 34.87M) | Time:00:00.01 | Mem:0.02M, Peak:0.02M | Scene, ViewLayer | Synchronizing object | Eye socket
Fra:16 Mem:34.90M (Peak 34.90M) | Time:00:00.01 | Mem:0.02M, Peak:0.02M | Scene, ViewLayer | Synchronizing object | Iris
Fra:16 Mem:34.97M (Peak 34.97M) | Time:00:00.01 | Mem:0.02M, Peak:0.02M | Scene, ViewLayer | Synchronizing object | Eye glint
Fra:16 Mem:35.04M (Peak 35.04M) | Time:00:00.01 | Mem:0.02M, Peak:0.02M | Scene, ViewLayer | Synchronizing object | Expressive brow
Fra:16 Mem:35.06M (Peak 35.06M) | Time:00:00.01 | Mem:0.02M, Peak:0.02M | Scene, ViewLayer | Synchronizing object | Smiling mouth
Fra:16 Mem:35.06M (Peak 35.06M) | Time:00:00.01 | Mem:0.02M, Peak:0.02M | Scene, ViewLayer | Synchronizing object | Whisker pore
Fra:16 Mem:35.06M (Peak 35.06M) | Time:00:00.01 | Mem:0.02M, Peak:0.02M | Scene, ViewLayer | Synchronizing object | Whisker pore.001
Fra:16 Mem:35.07M (Peak 35.07M) | Time:00:00.01 | Mem:0.02M, Peak:0.02M | Scene, ViewLayer | Synchronizing object | Whisker pore.002
Fra:16 Mem:35.07M (Peak 35.07M) | Time:00:00.01 | Mem:0.02M, Peak:0.02M | Scene, ViewLayer | Synchronizing object | Eye socket.001
Fra:16 Mem:35.12M (Peak 35.12M) | Time:00:00.01 | Mem:0.02M, Peak:0.02M | Scene, ViewLayer | Synchronizing object | Ivory eye.001
Fra:16 Mem:35.15M (Peak 35.15M) | Time:00:00.01 | Mem:0.02M, Peak:0.02M | Scene, ViewLayer | Synchronizing object | Iris.001
Fra:16 Mem:35.18M (Peak 35.18M) | Time:00:00.01 | Mem:0.02M, Peak:0.02M | Scene, ViewLayer | Synchronizing object | Warm rim
Fra:16 Mem:35.19M (Peak 35.19M) | Time:00:00.01 | Mem:0.02M, Peak:0.02M | Scene, ViewLayer | Synchronizing object | Sky fill
Fra:16 Mem:35.19M (Peak 35.19M) | Time:00:00.01 | Mem:0.02M, Peak:0.02M | Scene, ViewLayer | Synchronizing object | Sunset key
Fra:16 Mem:35.22M (Peak 35.22M) | Time:00:00.01 | Mem:0.02M, Peak:0.02M | Scene, ViewLayer | Synchronizing object | Smiling mouth.001
Fra:16 Mem:35.22M (Peak 35.22M) | Time:00:00.01 | Mem:0.02M, Peak:0.02M | Scene, ViewLayer | Synchronizing object | Whisker pore.003
Fra:16 Mem:35.22M (Peak 35.22M) | Time:00:00.01 | Mem:0.02M, Peak:0.02M | Scene, ViewLayer | Synchronizing object | Whisker pore.004
Fra:16 Mem:35.24M (Peak 35.24M) | Time:00:00.01 | Mem:0.02M, Peak:0.02M | Scene, ViewLayer | Synchronizing object | Whisker pore.005
Fra:16 Mem:35.26M (Peak 35.26M) | Time:00:00.01 | Mem:0.02M, Peak:0.02M | Scene, ViewLayer | Synchronizing object | Mouth cavity
Fra:16 Mem:35.29M (Peak 35.29M) | Time:00:00.01 | Mem:0.02M, Peak:0.02M | Scene, ViewLayer | Synchronizing object | Lower canine
Fra:16 Mem:35.31M (Peak 35.31M) | Time:00:00.01 | Mem:0.02M, Peak:0.02M | Scene, ViewLayer | Synchronizing object | Lower canine.001
Fra:16 Mem:35.30M (Peak 35.31M) | Time:00:00.01 | Mem:0.02M, Peak:0.02M | Scene, ViewLayer | Synchronizing object | Inner lion ear
Fra:16 Mem:35.30M (Peak 35.31M) | Time:00:00.01 | Mem:0.02M, Peak:0.02M | Scene, ViewLayer | Synchronizing object | Plane
Fra:16 Mem:35.30M (Peak 35.31M) | Time:00:00.01 | Mem:0.02M, Peak:0.02M | Scene, ViewLayer | Synchronizing object | Rounded lion ear.001
Fra:16 Mem:35.30M (Peak 35.31M) | Time:00:00.01 | Mem:0.02M, Peak:0.02M | Scene, ViewLayer | Synchronizing object | Raised elemental crest
Fra:16 Mem:35.39M (Peak 35.39M) | Time:00:00.01 | Mem:0.02M, Peak:0.02M | Scene, ViewLayer | Synchronizing object | Inner lion ear.001
Fra:16 Mem:35.40M (Peak 35.40M) | Time:00:00.01 | Mem:0.02M, Peak:0.02M | Scene, ViewLayer | Synchronizing object | Closed sculpted rear mane cap
Fra:16 Mem:35.45M (Peak 35.45M) | Time:00:00.01 | Mem:0.02M, Peak:0.02M | Scene, ViewLayer | Synchronizing object | Layered rear mane lock.003
Fra:16 Mem:35.47M (Peak 35.47M) | Time:00:00.01 | Mem:0.02M, Peak:0.02M | Scene, ViewLayer | Synchronizing object | Layered rear mane lock.004
Fra:16 Mem:35.48M (Peak 35.48M) | Time:00:00.01 | Mem:0.02M, Peak:0.02M | Scene, ViewLayer | Synchronizing object | Layered rear mane lock.006
Fra:16 Mem:35.49M (Peak 35.49M) | Time:00:00.01 | Mem:0.02M, Peak:0.02M | Scene, ViewLayer | Synchronizing object | Layered rear mane lock.005
Fra:16 Mem:35.51M (Peak 35.51M) | Time:00:00.01 | Mem:0.02M, Peak:0.02M | Scene, ViewLayer | Synchronizing object | Layered rear mane lock.007
Fra:16 Mem:35.58M (Peak 35.58M) | Time:00:00.01 | Mem:0.02M, Peak:0.02M | Scene, ViewLayer | Synchronizing object | Layered rear mane lock.009
Fra:16 Mem:35.57M (Peak 35.58M) | Time:00:00.01 | Mem:0.02M, Peak:0.02M | Scene, ViewLayer | Synchronizing object | Brass crest clasp
Fra:16 Mem:35.57M (Peak 35.58M) | Time:00:00.01 | Mem:0.02M, Peak:0.02M | Scene, ViewLayer | Synchronizing object | Layered rear mane lock.012
Fra:16 Mem:35.60M (Peak 35.60M) | Time:00:00.01 | Mem:0.02M, Peak:0.02M | Scene, ViewLayer | Synchronizing object | Layered rear mane lock.013
Fra:16 Mem:35.59M (Peak 35.60M) | Time:00:00.01 | Mem:0.02M, Peak:0.02M | Scene, ViewLayer | Synchronizing object | Layered rear mane lock.015
Fra:16 Mem:35.59M (Peak 35.60M) | Time:00:00.01 | Mem:0.02M, Peak:0.02M | Scene, ViewLayer | Synchronizing object | Layered rear mane lock.016
Fra:16 Mem:35.60M (Peak 35.60M) | Time:00:00.01 | Mem:0.02M, Peak:0.02M | Scene, ViewLayer | Synchronizing object | Layered rear mane lock.017
Fra:16 Mem:35.61M (Peak 35.61M) | Time:00:00.01 | Mem:0.02M, Peak:0.02M | Scene, ViewLayer | Synchronizing object | Layered rear mane lock.019
Fra:16 Mem:35.61M (Peak 35.61M) | Time:00:00.01 | Mem:0.02M, Peak:0.02M | Scene, ViewLayer | Synchronizing object | Layered rear mane lock.020
Fra:16 Mem:35.62M (Peak 35.62M) | Time:00:00.01 | Mem:0.02M, Peak:0.02M | Scene, ViewLayer | Synchronizing object | Layered rear mane lock.021
Fra:16 Mem:35.63M (Peak 35.63M) | Time:00:00.01 | Mem:0.02M, Peak:0.02M | Scene, ViewLayer | Synchronizing object | Layered rear mane lock.022
Fra:16 Mem:35.63M (Peak 35.63M) | Time:00:00.01 | Mem:0.02M, Peak:0.02M | Scene, ViewLayer | Synchronizing object | Sculpted mane lock
Fra:16 Mem:35.65M (Peak 35.65M) | Time:00:00.01 | Mem:0.02M, Peak:0.02M | Scene, ViewLayer | Synchronizing object | Sculpted mane lock.001
Fra:16 Mem:35.66M (Peak 35.66M) | Time:00:00.01 | Mem:0.02M, Peak:0.02M | Scene, ViewLayer | Synchronizing object | Sculpted mane lock.002
Fra:16 Mem:35.66M (Peak 35.66M) | Time:00:00.01 | Mem:0.02M, Peak:0.02M | Scene, ViewLayer | Synchronizing object | Neckerchief folded point
Fra:16 Mem:35.67M (Peak 35.67M) | Time:00:00.01 | Mem:0.02M, Peak:0.02M | Scene, ViewLayer | Synchronizing object | Sculpted mane lock.004
Fra:16 Mem:35.68M (Peak 35.68M) | Time:00:00.01 | Mem:0.02M, Peak:0.02M | Scene, ViewLayer | Synchronizing object | Sculpted mane lock.005
Fra:16 Mem:35.68M (Peak 35.68M) | Time:00:00.01 | Mem:0.02M, Peak:0.02M | Scene, ViewLayer | Synchronizing object | Sculpted mane lock.006
Fra:16 Mem:35.69M (Peak 35.69M) | Time:00:00.01 | Mem:0.02M, Peak:0.02M | Scene, ViewLayer | Synchronizing object | Sculpted mane lock.007
Fra:16 Mem:35.69M (Peak 35.69M) | Time:00:00.01 | Mem:0.02M, Peak:0.02M | Scene, ViewLayer | Synchronizing object | Leather neckerchief roll
Fra:16 Mem:35.69M (Peak 35.69M) | Time:00:00.01 | Mem:0.02M, Peak:0.02M | Scene, ViewLayer | Synchronizing object | Sculpted mane lock.008
Fra:16 Mem:35.72M (Peak 35.72M) | Time:00:00.01 | Mem:0.02M, Peak:0.02M | Scene, ViewLayer | Synchronizing object | Flame tail tuft.006
Fra:16 Mem:35.71M (Peak 35.72M) | Time:00:00.01 | Mem:0.02M, Peak:0.02M | Scene, ViewLayer | Synchronizing object | Sculpted mane lock.011
Fra:16 Mem:35.72M (Peak 35.72M) | Time:00:00.01 | Mem:0.02M, Peak:0.02M | Scene, ViewLayer | Synchronizing object | Sculpted mane lock.012
Fra:16 Mem:35.73M (Peak 35.73M) | Time:00:00.01 | Mem:0.02M, Peak:0.02M | Scene, ViewLayer | Synchronizing object | Sculpted mane lock.013
Fra:16 Mem:35.73M (Peak 35.73M) | Time:00:00.01 | Mem:0.02M, Peak:0.02M | Scene, ViewLayer | Synchronizing object | Sculpted mane lock.015
Fra:16 Mem:35.74M (Peak 35.74M) | Time:00:00.01 | Mem:0.02M, Peak:0.02M | Scene, ViewLayer | Synchronizing object | Sculpted mane lock.016
Fra:16 Mem:35.74M (Peak 35.74M) | Time:00:00.01 | Mem:0.02M, Peak:0.02M | Scene, ViewLayer | Synchronizing object | Sculpted mane lock.017
Fra:16 Mem:35.76M (Peak 35.76M) | Time:00:00.01 | Mem:0.02M, Peak:0.02M | Scene, ViewLayer | Synchronizing object | Sculpted mane lock.018
Fra:16 Mem:35.76M (Peak 35.76M) | Time:00:00.01 | Mem:0.02M, Peak:0.02M | Scene, ViewLayer | Synchronizing object | Flame tail tuft.005
Fra:16 Mem:35.77M (Peak 35.77M) | Time:00:00.01 | Mem:0.02M, Peak:0.02M | Scene, ViewLayer | Synchronizing object | Sculpted mane lock.021
Fra:16 Mem:35.77M (Peak 35.77M) | Time:00:00.01 | Mem:0.02M, Peak:0.02M | Scene, ViewLayer | Synchronizing object | Sculpted mane lock.022
Fra:16 Mem:35.78M (Peak 35.78M) | Time:00:00.01 | Mem:0.02M, Peak:0.02M | Scene, ViewLayer | Synchronizing object | Sculpted mane lock.023
Fra:16 Mem:35.79M (Peak 35.79M) | Time:00:00.01 | Mem:0.02M, Peak:0.02M | Scene, ViewLayer | Synchronizing object | Sculpted mane lock.025
Fra:16 Mem:35.79M (Peak 35.79M) | Time:00:00.01 | Mem:0.02M, Peak:0.02M | Scene, ViewLayer | Synchronizing object | Sculpted mane lock.026
Fra:16 Mem:35.81M (Peak 35.81M) | Time:00:00.01 | Mem:0.02M, Peak:0.02M | Scene, ViewLayer | Synchronizing object | Sculpted mane lock.027
Fra:16 Mem:35.82M (Peak 35.82M) | Time:00:00.01 | Mem:0.02M, Peak:0.02M | Scene, ViewLayer | Synchronizing object | Sculpted mane lock.028
Fra:16 Mem:35.81M (Peak 35.82M) | Time:00:00.01 | Mem:0.02M, Peak:0.02M | Scene, ViewLayer | Synchronizing object | Sculpted mane lock.029
Fra:16 Mem:35.81M (Peak 35.82M) | Time:00:00.01 | Mem:0.02M, Peak:0.02M | Scene, ViewLayer | Synchronizing object | Flame tail tuft.004
Fra:16 Mem:35.84M (Peak 35.84M) | Time:00:00.01 | Mem:0.02M, Peak:0.02M | Scene, ViewLayer | Synchronizing object | Sculpted mane lock.030
Fra:16 Mem:35.83M (Peak 35.84M) | Time:00:00.01 | Mem:0.02M, Peak:0.02M | Scene, ViewLayer | Synchronizing object | Sculpted mane lock.031
Fra:16 Mem:35.83M (Peak 35.84M) | Time:00:00.01 | Mem:0.02M, Peak:0.02M | Scene, ViewLayer | Synchronizing object | Sculpted mane lock.033
Fra:16 Mem:35.84M (Peak 35.84M) | Time:00:00.01 | Mem:0.02M, Peak:0.02M | Scene, ViewLayer | Synchronizing object | Sculpted mane lock.034
Fra:16 Mem:35.85M (Peak 35.85M) | Time:00:00.01 | Mem:0.02M, Peak:0.02M | Scene, ViewLayer | Synchronizing object | Sculpted mane lock.036
Fra:16 Mem:35.86M (Peak 35.86M) | Time:00:00.01 | Mem:0.02M, Peak:0.02M | Scene, ViewLayer | Synchronizing object | Sculpted mane lock.037
Fra:16 Mem:35.86M (Peak 35.86M) | Time:00:00.01 | Mem:0.02M, Peak:0.02M | Scene, ViewLayer | Synchronizing object | Sculpted mane lock.038
Fra:16 Mem:35.86M (Peak 35.86M) | Time:00:00.01 | Mem:0.02M, Peak:0.02M | Scene, ViewLayer | Synchronizing object | Sculpted mane lock.039
Fra:16 Mem:35.87M (Peak 35.87M) | Time:00:00.01 | Mem:0.02M, Peak:0.02M | Scene, ViewLayer | Synchronizing object | Sculpted mane lock.040
Fra:16 Mem:35.87M (Peak 35.87M) | Time:00:00.01 | Mem:0.02M, Peak:0.02M | Scene, ViewLayer | Synchronizing object | Flame tail tuft.003
Fra:16 Mem:35.88M (Peak 35.88M) | Time:00:00.01 | Mem:0.02M, Peak:0.02M | Scene, ViewLayer | Synchronizing object | Sculpted mane lock.041
Fra:16 Mem:35.88M (Peak 35.88M) | Time:00:00.01 | Mem:0.02M, Peak:0.02M | Scene, ViewLayer | Synchronizing object | Flame tail tuft.002
Fra:16 Mem:35.89M (Peak 35.89M) | Time:00:00.01 | Mem:0.02M, Peak:0.02M | Scene, ViewLayer | Synchronizing object | Sculpted mane lock.043
Fra:16 Mem:35.91M (Peak 35.91M) | Time:00:00.01 | Mem:0.02M, Peak:0.02M | Scene, ViewLayer | Synchronizing object | Flame tail tuft.001
Fra:16 Mem:35.90M (Peak 35.91M) | Time:00:00.01 | Mem:0.02M, Peak:0.02M | Scene, ViewLayer | Synchronizing object | Sculpted mane lock.044
Fra:16 Mem:35.91M (Peak 35.91M) | Time:00:00.01 | Mem:0.02M, Peak:0.02M | Scene, ViewLayer | Synchronizing object | Sculpted mane lock.045
Fra:16 Mem:35.91M (Peak 35.91M) | Time:00:00.01 | Mem:0.02M, Peak:0.02M | Scene, ViewLayer | Synchronizing object | Sculpted mane lock.046
Fra:16 Mem:35.93M (Peak 35.93M) | Time:00:00.01 | Mem:0.02M, Peak:0.02M | Scene, ViewLayer | Synchronizing object | Sculpted mane lock.047
Fra:16 Mem:35.93M (Peak 35.93M) | Time:00:00.01 | Mem:0.02M, Peak:0.02M | Scene, ViewLayer | Synchronizing object | Sculpted mane lock.048
Fra:16 Mem:35.92M (Peak 35.93M) | Time:00:00.01 | Mem:0.02M, Peak:0.02M | Scene, ViewLayer | Synchronizing object | Flame tail tuft
Fra:16 Mem:35.94M (Peak 35.94M) | Time:00:00.01 | Mem:0.02M, Peak:0.02M | Scene, ViewLayer | Synchronizing object | Sculpted mane lock.050
Fra:16 Mem:35.94M (Peak 35.94M) | Time:00:00.01 | Mem:0.02M, Peak:0.02M | Scene, ViewLayer | Synchronizing object | Layered shoulder fur
Fra:16 Mem:35.94M (Peak 35.94M) | Time:00:00.01 | Mem:0.02M, Peak:0.02M | Scene, ViewLayer | Synchronizing object | Layered shoulder fur.002
Fra:16 Mem:35.95M (Peak 35.95M) | Time:00:00.01 | Mem:0.02M, Peak:0.02M | Scene, ViewLayer | Synchronizing object | Wrist fur
Fra:16 Mem:35.97M (Peak 35.97M) | Time:00:00.01 | Mem:0.02M, Peak:0.02M | Scene, ViewLayer | Synchronizing object | Wrist fur.001
Fra:16 Mem:35.98M (Peak 35.98M) | Time:00:00.01 | Mem:0.02M, Peak:0.02M | Scene, ViewLayer | Synchronizing object | Wrist fur.002
Fra:16 Mem:35.99M (Peak 35.99M) | Time:00:00.01 | Mem:0.02M, Peak:0.02M | Scene, ViewLayer | Synchronizing object | Layered shoulder fur.003
Fra:16 Mem:35.98M (Peak 35.99M) | Time:00:00.01 | Mem:0.02M, Peak:0.02M | Scene, ViewLayer | Synchronizing object | Wrist fur.005
Fra:16 Mem:35.99M (Peak 35.99M) | Time:00:00.01 | Mem:0.02M, Peak:0.02M | Scene, ViewLayer | Synchronizing object | Layered shoulder fur.006
Fra:16 Mem:36.00M (Peak 36.00M) | Time:00:00.01 | Mem:0.02M, Peak:0.02M | Scene, ViewLayer | Synchronizing object | Layered shoulder fur.008
Fra:16 Mem:36.04M (Peak 36.04M) | Time:00:00.01 | Mem:0.02M, Peak:0.02M | Scene, ViewLayer | Synchronizing object | Wrist fur.006
Fra:16 Mem:36.04M (Peak 36.04M) | Time:00:00.01 | Mem:0.02M, Peak:0.02M | Scene, ViewLayer | Synchronizing object | Wrist fur.007
Fra:16 Mem:36.03M (Peak 36.04M) | Time:00:00.01 | Mem:0.02M, Peak:0.02M | Scene, ViewLayer | Synchronizing object | Wrist fur.008
Fra:16 Mem:36.04M (Peak 36.04M) | Time:00:00.01 | Mem:0.02M, Peak:0.02M | Scene, ViewLayer | Synchronizing object | Layered shoulder fur.009
Fra:16 Mem:36.04M (Peak 36.04M) | Time:00:00.01 | Mem:0.02M, Peak:0.02M | Scene, ViewLayer | Synchronizing object | Layered shoulder fur.010
Fra:16 Mem:36.05M (Peak 36.05M) | Time:00:00.01 | Mem:0.02M, Peak:0.02M | Scene, ViewLayer | Synchronizing object | Layered shoulder fur.011
Fra:16 Mem:36.05M (Peak 36.05M) | Time:00:00.01 | Mem:0.02M, Peak:0.02M | Scene, ViewLayer | Synchronizing object | Wrist fur.009
Fra:16 Mem:36.05M (Peak 36.05M) | Time:00:00.01 | Mem:0.02M, Peak:0.02M | Scene, ViewLayer | Synchronizing object | Wrist fur.010
Fra:16 Mem:36.08M (Peak 36.08M) | Time:00:00.01 | Mem:0.02M, Peak:0.02M | Scene, ViewLayer | Initializing
Fra:16 Mem:33.61M (Peak 36.08M) | Time:00:00.01 | Mem:0.02M, Peak:0.02M | Scene, ViewLayer | Updating Images | Loading Authored short-fur normal
Fra:16 Mem:27.91M (Peak 36.08M) | Time:00:00.02 | Mem:0.27M, Peak:0.27M | Scene, ViewLayer | Waiting for render to start
Fra:16 Mem:27.91M (Peak 36.08M) | Time:00:00.02 | Mem:0.27M, Peak:0.27M | Scene, ViewLayer | Updating Scene
Fra:16 Mem:27.91M (Peak 36.08M) | Time:00:00.02 | Mem:0.27M, Peak:0.27M | Scene, ViewLayer | Updating Shaders
Fra:16 Mem:27.91M (Peak 36.08M) | Time:00:00.02 | Mem:0.27M, Peak:0.27M | Scene, ViewLayer | Loading render kernels (may take a few minutes the first time)
Fra:16 Mem:27.99M (Peak 36.08M) | Time:00:00.08 | Mem:0.28M, Peak:0.28M | Scene, ViewLayer | Updating Procedurals
Fra:16 Mem:27.99M (Peak 36.08M) | Time:00:00.08 | Mem:0.28M, Peak:0.28M | Scene, ViewLayer | Updating Background
Fra:16 Mem:27.99M (Peak 36.08M) | Time:00:00.08 | Mem:0.28M, Peak:0.28M | Scene, ViewLayer | Updating Camera
Fra:16 Mem:27.99M (Peak 36.08M) | Time:00:00.08 | Mem:0.28M, Peak:0.28M | Scene, ViewLayer | Updating Meshes Flags
Fra:16 Mem:27.99M (Peak 36.08M) | Time:00:00.08 | Mem:0.28M, Peak:0.28M | Scene, ViewLayer | Updating Objects
Fra:16 Mem:27.99M (Peak 36.08M) | Time:00:00.08 | Mem:0.28M, Peak:0.28M | Scene, ViewLayer | Updating Objects | Copying Transformations to device
Fra:16 Mem:27.99M (Peak 36.08M) | Time:00:00.08 | Mem:0.33M, Peak:0.33M | Scene, ViewLayer | Updating Particle Systems
Fra:16 Mem:27.99M (Peak 36.08M) | Time:00:00.08 | Mem:0.33M, Peak:0.33M | Scene, ViewLayer | Updating Particle Systems | Copying Particles to device
Fra:16 Mem:27.99M (Peak 36.08M) | Time:00:00.08 | Mem:0.33M, Peak:0.33M | Scene, ViewLayer | Updating Meshes
Fra:16 Mem:29.11M (Peak 36.08M) | Time:00:00.09 | Mem:0.33M, Peak:0.33M | Scene, ViewLayer | Updating Objects | Applying Static Transformations
Fra:16 Mem:29.11M (Peak 36.08M) | Time:00:00.09 | Mem:0.33M, Peak:0.33M | Scene, ViewLayer | Updating Mesh | Computing attributes
Fra:16 Mem:30.67M (Peak 36.08M) | Time:00:00.09 | Mem:0.36M, Peak:0.36M | Scene, ViewLayer | Updating Mesh | Copying Attributes to device
Fra:16 Mem:29.11M (Peak 36.08M) | Time:00:00.23 | Mem:1.92M, Peak:1.92M | Scene, ViewLayer | Updating Geometry BVH Ivory claw.001 6/164 | Building BVH
Fra:16 Mem:29.11M (Peak 36.08M) | Time:00:00.23 | Mem:1.92M, Peak:1.92M | Scene, ViewLayer | Updating Geometry BVH Ivory claw.002 8/173 | Building BVH
Fra:16 Mem:29.11M (Peak 36.08M) | Time:00:00.23 | Mem:1.92M, Peak:1.92M | Scene, ViewLayer | Updating Geometry BVH Ivory claw.002 8/173 | Building mesh BLAS |     192 tris | Paw toe.001
Fra:16 Mem:29.11M (Peak 36.08M) | Time:00:00.23 | Mem:1.92M, Peak:1.92M | Scene, ViewLayer | Updating Geometry BVH Ivory claw.002 8/173 | Building mesh BLAS |      32 tris | Ivory claw.001
Fra:16 Mem:29.11M (Peak 36.08M) | Time:00:00.23 | Mem:1.92M, Peak:1.92M | Scene, ViewLayer | Updating Geometry BVH Ivory claw.002 8/173 | Building mesh BLAS |      32 tris | Ivory claw
Fra:16 Mem:29.11M (Peak 36.08M) | Time:00:00.23 | Mem:1.92M, Peak:1.92M | Scene, ViewLayer | Updating Geometry BVH Ivory claw.002 8/173 | Building mesh BLAS |     192 tris | Paw toe
Fra:16 Mem:29.11M (Peak 36.08M) | Time:00:00.23 | Mem:1.92M, Peak:1.92M | Scene, ViewLayer | Updating Geometry BVH Warm rim 173/173 | Building mesh BLAS |     192 tris | Paw toe.002
Fra:16 Mem:29.11M (Peak 36.08M) | Time:00:00.23 | Mem:1.92M, Peak:1.92M | Scene, ViewLayer | Updating Geometry BVH Warm rim 173/173 | Building mesh BLAS |      32 tris | Ivory claw.002
Fra:16 Mem:29.11M (Peak 36.08M) | Time:00:00.23 | Mem:1.92M, Peak:1.92M | Scene, ViewLayer | Updating Geometry BVH Sky fill 172/173 | Building BVH
Fra:16 Mem:29.11M (Peak 36.08M) | Time:00:00.23 | Mem:1.92M, Peak:1.92M | Scene, ViewLayer | Updating Geometry BVH Sunset key 171/173 | Building BVH
Fra:16 Mem:29.11M (Peak 36.08M) | Time:00:00.23 | Mem:1.92M, Peak:1.92M | Scene, ViewLayer | Updating Geometry BVH Plane 170/173 | Building BVH
Fra:16 Mem:29.11M (Peak 36.08M) | Time:00:00.23 | Mem:1.92M, Peak:1.92M | Scene, ViewLayer | Updating Geometry BVH Plane 170/173 | Building mesh BLAS |       2 tris | Plane
Fra:16 Mem:29.11M (Peak 36.08M) | Time:00:00.23 | Mem:1.92M, Peak:1.92M | Scene, ViewLayer | Updating Geometry BVH Plane 170/173 | Building mesh BLAS |     192 tris | Paw toe.003
Fra:16 Mem:29.11M (Peak 36.08M) | Time:00:00.24 | Mem:1.92M, Peak:1.92M | Scene, ViewLayer | Updating Geometry BVH Paw toe.004 11/173 | Building BVH
Fra:16 Mem:29.11M (Peak 36.08M) | Time:00:00.24 | Mem:1.92M, Peak:1.92M | Scene, ViewLayer | Updating Geometry BVH Paw toe.004 11/173 | Building mesh BLAS |     192 tris | Paw toe.004
Fra:16 Mem:29.11M (Peak 36.08M) | Time:00:00.24 | Mem:1.92M, Peak:1.92M | Scene, ViewLayer | Updating Geometry BVH Ivory claw.004 12/173 | Building BVH
Fra:16 Mem:29.11M (Peak 36.08M) | Time:00:00.24 | Mem:1.92M, Peak:1.92M | Scene, ViewLayer | Updating Geometry BVH Ivory claw.004 12/173 | Building mesh BLAS |      32 tris | Ivory claw.004
Fra:16 Mem:29.11M (Peak 36.08M) | Time:00:00.24 | Mem:1.92M, Peak:1.92M | Scene, ViewLayer | Updating Geometry BVH Ivory claw.004 12/173 | Building mesh BLAS |      32 tris | Ivory claw.003
Fra:16 Mem:29.11M (Peak 36.08M) | Time:00:00.24 | Mem:1.92M, Peak:1.92M | Scene, ViewLayer | Updating Geometry BVH Paw toe.005 13/173 | Building BVH
Fra:16 Mem:29.11M (Peak 36.08M) | Time:00:00.24 | Mem:1.92M, Peak:1.92M | Scene, ViewLayer | Updating Geometry BVH Raised elemental crest 169/173 | Building BVH
Fra:16 Mem:29.11M (Peak 36.08M) | Time:00:00.24 | Mem:1.92M, Peak:1.92M | Scene, ViewLayer | Updating Geometry BVH Ivory claw.005 14/173 | Building BVH
Fra:16 Mem:29.11M (Peak 36.08M) | Time:00:00.24 | Mem:1.92M, Peak:1.92M | Scene, ViewLayer | Updating Geometry BVH Ivory claw.005 14/173 | Building mesh BLAS |      32 tris | Ivory claw.005
Fra:16 Mem:29.11M (Peak 36.08M) | Time:00:00.24 | Mem:1.92M, Peak:1.92M | Scene, ViewLayer | Updating Geometry BVH Paw toe.006 15/173 | Building BVH
Fra:16 Mem:29.11M (Peak 36.08M) | Time:00:00.24 | Mem:1.92M, Peak:1.92M | Scene, ViewLayer | Updating Geometry BVH Paw toe.006 15/173 | Building mesh BLAS |     192 tris | Paw toe.006
Fra:16 Mem:29.11M (Peak 36.08M) | Time:00:00.24 | Mem:1.92M, Peak:1.92M | Scene, ViewLayer | Updating Geometry BVH Ivory claw.006 16/173 | Building BVH
Fra:16 Mem:29.11M (Peak 36.08M) | Time:00:00.24 | Mem:1.92M, Peak:1.92M | Scene, ViewLayer | Updating Geometry BVH Ivory claw.006 16/173 | Building mesh BLAS |      32 tris | Ivory claw.006
Fra:16 Mem:29.11M (Peak 36.08M) | Time:00:00.24 | Mem:1.92M, Peak:1.92M | Scene, ViewLayer | Updating Geometry BVH Paw toe.007 17/173 | Building BVH
Fra:16 Mem:29.11M (Peak 36.08M) | Time:00:00.24 | Mem:1.92M, Peak:1.92M | Scene, ViewLayer | Updating Geometry BVH Paw toe.007 17/173 | Building mesh BLAS |     192 tris | Paw toe.007
Fra:16 Mem:29.11M (Peak 36.08M) | Time:00:00.24 | Mem:1.92M, Peak:1.92M | Scene, ViewLayer | Updating Geometry BVH Ivory claw.007 18/173 | Building BVH
Fra:16 Mem:29.11M (Peak 36.08M) | Time:00:00.24 | Mem:1.92M, Peak:1.92M | Scene, ViewLayer | Updating Geometry BVH Ivory claw.007 18/173 | Building mesh BLAS |      32 tris | Ivory claw.007
Fra:16 Mem:29.11M (Peak 36.08M) | Time:00:00.24 | Mem:1.92M, Peak:1.92M | Scene, ViewLayer | Updating Geometry BVH Paw toe.008 19/173 | Building BVH
Fra:16 Mem:29.11M (Peak 36.08M) | Time:00:00.24 | Mem:1.92M, Peak:1.92M | Scene, ViewLayer | Updating Geometry BVH Ivory claw.008 20/173 | Building BVH
Fra:16 Mem:29.11M (Peak 36.08M) | Time:00:00.24 | Mem:1.92M, Peak:1.92M | Scene, ViewLayer | Updating Geometry BVH Ivory claw.008 20/173 | Building mesh BLAS |     192 tris | Paw toe.008
Fra:16 Mem:29.11M (Peak 36.08M) | Time:00:00.24 | Mem:1.92M, Peak:1.92M | Scene, ViewLayer | Updating Geometry BVH Paw toe.009 21/173 | Building BVH
Fra:16 Mem:29.11M (Peak 36.08M) | Time:00:00.24 | Mem:1.92M, Peak:1.92M | Scene, ViewLayer | Updating Geometry BVH Brass crest clasp 168/173 | Building BVH
Fra:16 Mem:29.11M (Peak 36.08M) | Time:00:00.24 | Mem:1.92M, Peak:1.92M | Scene, ViewLayer | Updating Geometry BVH Brass crest clasp 168/173 | Building mesh BLAS |     192 tris | Paw toe.009
Fra:16 Mem:29.11M (Peak 36.08M) | Time:00:00.24 | Mem:1.92M, Peak:1.92M | Scene, ViewLayer | Updating Geometry BVH Paw toe.010 23/173 | Building BVH
Fra:16 Mem:29.11M (Peak 36.08M) | Time:00:00.24 | Mem:1.92M, Peak:1.92M | Scene, ViewLayer | Updating Geometry BVH Ivory claw.010 24/173 | Building BVH
Fra:16 Mem:29.11M (Peak 36.08M) | Time:00:00.24 | Mem:1.92M, Peak:1.92M | Scene, ViewLayer | Updating Geometry BVH Ivory claw.010 24/173 | Building mesh BLAS |     192 tris | Paw toe.010
Fra:16 Mem:29.11M (Peak 36.08M) | Time:00:00.24 | Mem:1.92M, Peak:1.92M | Scene, ViewLayer | Updating Geometry BVH Ivory claw.010 24/173 | Building mesh BLAS |      32 tris | Ivory claw.010
Fra:16 Mem:29.11M (Peak 36.08M) | Time:00:00.24 | Mem:1.92M, Peak:1.92M | Scene, ViewLayer | Updating Geometry BVH Ivory claw.010 24/173 | Building mesh BLAS |      32 tris | Ivory claw.009
Fra:16 Mem:29.11M (Peak 36.08M) | Time:00:00.24 | Mem:1.92M, Peak:1.92M | Scene, ViewLayer | Updating Geometry BVH Paw toe.011 25/173 | Building BVH
Fra:16 Mem:29.11M (Peak 36.08M) | Time:00:00.24 | Mem:1.92M, Peak:1.92M | Scene, ViewLayer | Updating Geometry BVH Paw toe.011 25/173 | Building mesh BLAS |     320 tris | Brass crest clasp
Fra:16 Mem:29.11M (Peak 36.08M) | Time:00:00.24 | Mem:1.92M, Peak:1.92M | Scene, ViewLayer | Updating Geometry BVH Paw toe.011 25/173 | Building mesh BLAS |     192 tris | Paw toe.011
Fra:16 Mem:29.11M (Peak 36.08M) | Time:00:00.24 | Mem:1.92M, Peak:1.92M | Scene, ViewLayer | Updating Geometry BVH Ivory claw.011 26/173 | Building BVH
Fra:16 Mem:29.11M (Peak 36.08M) | Time:00:00.24 | Mem:1.92M, Peak:1.92M | Scene, ViewLayer | Updating Geometry BVH Ivory claw.011 26/173 | Building mesh BLAS |      32 tris | Ivory claw.011
Fra:16 Mem:29.11M (Peak 36.08M) | Time:00:00.24 | Mem:1.92M, Peak:1.92M | Scene, ViewLayer | Updating Geometry BVH Skull 27/173 | Building BVH
Fra:16 Mem:29.11M (Peak 36.08M) | Time:00:00.24 | Mem:1.92M, Peak:1.92M | Scene, ViewLayer | Updating Geometry BVH Skull 27/173 | Building mesh BLAS |    2832 tris | Skull
Fra:16 Mem:29.11M (Peak 36.08M) | Time:00:00.24 | Mem:1.92M, Peak:1.92M | Scene, ViewLayer | Updating Geometry BVH Neckerchief folded point 167/173 | Building BVH
Fra:16 Mem:29.11M (Peak 36.08M) | Time:00:00.24 | Mem:1.92M, Peak:1.92M | Scene, ViewLayer | Updating Geometry BVH Neckerchief folded point 167/173 | Building mesh BLAS |       4 tris | Neckerchief folded point
Fra:16 Mem:29.11M (Peak 36.08M) | Time:00:00.24 | Mem:1.92M, Peak:1.92M | Scene, ViewLayer | Updating Geometry BVH Cream muzzle pad 28/173 | Building BVH
Fra:16 Mem:29.11M (Peak 36.08M) | Time:00:00.24 | Mem:1.92M, Peak:1.92M | Scene, ViewLayer | Updating Geometry BVH Cream muzzle pad.001 29/173 | Building BVH
Fra:16 Mem:29.11M (Peak 36.08M) | Time:00:00.24 | Mem:1.92M, Peak:1.92M | Scene, ViewLayer | Updating Geometry BVH Cream muzzle pad.001 29/173 | Building mesh BLAS |     480 tris | Cream muzzle pad.001
Fra:16 Mem:29.11M (Peak 36.08M) | Time:00:00.24 | Mem:1.92M, Peak:1.92M | Scene, ViewLayer | Updating Geometry BVH Heart shaped nose 30/173 | Building BVH
Fra:16 Mem:29.11M (Peak 36.08M) | Time:00:00.24 | Mem:1.92M, Peak:1.92M | Scene, ViewLayer | Updating Geometry BVH Heart shaped nose 30/173 | Building mesh BLAS |       6 tris | Heart shaped nose
Fra:16 Mem:29.11M (Peak 36.08M) | Time:00:00.24 | Mem:1.92M, Peak:1.92M | Scene, ViewLayer | Updating Geometry BVH Eye socket 31/173 | Building BVH
Fra:16 Mem:29.11M (Peak 36.08M) | Time:00:00.24 | Mem:1.92M, Peak:1.92M | Scene, ViewLayer | Updating Geometry BVH Ivory eye 32/173 | Building mesh BLAS |     480 tris | Eye socket
Fra:16 Mem:29.11M (Peak 36.08M) | Time:00:00.24 | Mem:1.92M, Peak:1.92M | Scene, ViewLayer | Updating Geometry BVH Iris 33/173 | Building BVH
Fra:16 Mem:29.11M (Peak 36.08M) | Time:00:00.24 | Mem:1.92M, Peak:1.92M | Scene, ViewLayer | Updating Geometry BVH Pupil 34/173 | Building BVH
Fra:16 Mem:29.11M (Peak 36.08M) | Time:00:00.24 | Mem:1.92M, Peak:1.92M | Scene, ViewLayer | Updating Geometry BVH Pupil 34/173 | Building mesh BLAS |     480 tris | Iris
Fra:16 Mem:29.11M (Peak 36.08M) | Time:00:00.24 | Mem:1.92M, Peak:1.92M | Scene, ViewLayer | Updating Geometry BVH Eye glint 35/173 | Building BVH
Fra:16 Mem:29.11M (Peak 36.08M) | Time:00:00.24 | Mem:1.92M, Peak:1.92M | Scene, ViewLayer | Updating Geometry BVH Eye glint 35/173 | Building mesh BLAS |     192 tris | Eye glint
Fra:16 Mem:29.11M (Peak 36.08M) | Time:00:00.24 | Mem:1.92M, Peak:1.92M | Scene, ViewLayer | Updating Geometry BVH Expressive brow 36/173 | Building BVH
Fra:16 Mem:29.11M (Peak 36.08M) | Time:00:00.24 | Mem:1.92M, Peak:1.92M | Scene, ViewLayer | Updating Geometry BVH Expressive brow 36/173 | Building mesh BLAS |      44 tris | Expressive brow
Fra:16 Mem:29.11M (Peak 36.08M) | Time:00:00.24 | Mem:1.92M, Peak:1.92M | Scene, ViewLayer | Updating Geometry BVH Expressive brow 36/173 | Building mesh BLAS |      76 tris | Leather neckerchief roll
Fra:16 Mem:29.11M (Peak 36.08M) | Time:00:00.24 | Mem:1.92M, Peak:1.92M | Scene, ViewLayer | Updating Geometry BVH Expressive brow 36/173 | Building mesh BLAS |     320 tris | Pupil
Fra:16 Mem:29.11M (Peak 36.08M) | Time:00:00.24 | Mem:1.92M, Peak:1.92M | Scene, ViewLayer | Updating Geometry BVH Smiling mouth 37/173 | Building BVH
Fra:16 Mem:29.11M (Peak 36.08M) | Time:00:00.24 | Mem:1.92M, Peak:1.92M | Scene, ViewLayer | Updating Geometry BVH Smiling mouth 37/173 | Building mesh BLAS |      32 tris | Smiling mouth
Fra:16 Mem:29.11M (Peak 36.08M) | Time:00:00.24 | Mem:1.92M, Peak:1.92M | Scene, ViewLayer | Updating Geometry BVH Whisker pore 38/173 | Building BVH
Fra:16 Mem:29.11M (Peak 36.08M) | Time:00:00.24 | Mem:1.92M, Peak:1.92M | Scene, ViewLayer | Updating Geometry BVH Whisker pore 38/173 | Building mesh BLAS |      64 tris | Whisker pore
Fra:16 Mem:29.11M (Peak 36.08M) | Time:00:00.24 | Mem:1.92M, Peak:1.92M | Scene, ViewLayer | Updating Geometry BVH Whisker pore.001 39/173 | Building BVH
Fra:16 Mem:29.11M (Peak 36.08M) | Time:00:00.24 | Mem:1.92M, Peak:1.92M | Scene, ViewLayer | Updating Geometry BVH Whisker pore.001 39/173 | Building mesh BLAS |      64 tris | Whisker pore.001
Fra:16 Mem:29.11M (Peak 36.08M) | Time:00:00.24 | Mem:1.92M, Peak:1.92M | Scene, ViewLayer | Updating Geometry BVH Flame tail tuft.006 165/173 | Building BVH
Fra:16 Mem:29.11M (Peak 36.08M) | Time:00:00.24 | Mem:1.92M, Peak:1.92M | Scene, ViewLayer | Updating Geometry BVH Flame tail tuft.006 165/173 | Building mesh BLAS |      44 tris | Flame tail tuft.006
Fra:16 Mem:29.11M (Peak 36.08M) | Time:00:00.24 | Mem:1.92M, Peak:1.92M | Scene, ViewLayer | Updating Geometry BVH Whisker pore.002 40/173 | Building BVH
Fra:16 Mem:29.11M (Peak 36.08M) | Time:00:00.24 | Mem:1.92M, Peak:1.92M | Scene, ViewLayer | Updating Geometry BVH Pupil.001 44/173 | Building BVH
Fra:16 Mem:29.11M (Peak 36.08M) | Time:00:00.24 | Mem:1.92M, Peak:1.92M | Scene, ViewLayer | Updating Geometry BVH Eye glint.001 45/173 | Building BVH
Fra:16 Mem:29.11M (Peak 36.08M) | Time:00:00.24 | Mem:1.92M, Peak:1.92M | Scene, ViewLayer | Updating Geometry BVH Eye glint.001 45/173 | Building mesh BLAS |     320 tris | Pupil.001
Fra:16 Mem:29.11M (Peak 36.08M) | Time:00:00.24 | Mem:1.92M, Peak:1.92M | Scene, ViewLayer | Updating Geometry BVH Eye glint.001 45/173 | Building mesh BLAS |     192 tris | Eye glint.001
Fra:16 Mem:29.11M (Peak 36.08M) | Time:00:00.24 | Mem:1.92M, Peak:1.92M | Scene, ViewLayer | Updating Geometry BVH Eye glint.001 45/173 | Building mesh BLAS |     480 tris | Ivory eye.001
Fra:16 Mem:29.11M (Peak 36.08M) | Time:00:00.24 | Mem:1.92M, Peak:1.92M | Scene, ViewLayer | Updating Geometry BVH Expressive brow.001 46/173 | Building BVH
Fra:16 Mem:29.11M (Peak 36.08M) | Time:00:00.24 | Mem:1.92M, Peak:1.92M | Scene, ViewLayer | Updating Geometry BVH Expressive brow.001 46/173 | Building mesh BLAS |      44 tris | Expressive brow.001
Fra:16 Mem:29.11M (Peak 36.08M) | Time:00:00.24 | Mem:1.92M, Peak:1.92M | Scene, ViewLayer | Updating Geometry BVH Expressive brow.001 46/173 | Building mesh BLAS |     480 tris | Eye socket.001
Fra:16 Mem:29.11M (Peak 36.08M) | Time:00:00.24 | Mem:1.92M, Peak:1.92M | Scene, ViewLayer | Updating Geometry BVH Smiling mouth.001 47/173 | Building BVH
Fra:16 Mem:29.11M (Peak 36.08M) | Time:00:00.24 | Mem:1.92M, Peak:1.92M | Scene, ViewLayer | Updating Geometry BVH Smiling mouth.001 47/173 | Building mesh BLAS |      32 tris | Smiling mouth.001
Fra:16 Mem:29.11M (Peak 36.08M) | Time:00:00.24 | Mem:1.92M, Peak:1.92M | Scene, ViewLayer | Updating Geometry BVH Smiling mouth.001 47/173 | Building mesh BLAS |      44 tris | Flame tail tuft.005
Fra:16 Mem:29.11M (Peak 36.08M) | Time:00:00.24 | Mem:1.92M, Peak:1.92M | Scene, ViewLayer | Updating Geometry BVH Smiling mouth.001 47/173 | Building mesh BLAS |     480 tris | Iris.001
Fra:16 Mem:29.11M (Peak 36.08M) | Time:00:00.24 | Mem:1.92M, Peak:1.92M | Scene, ViewLayer | Updating Geometry BVH Whisker pore.003 48/173 | Building BVH
Fra:16 Mem:29.11M (Peak 36.08M) | Time:00:00.24 | Mem:1.92M, Peak:1.92M | Scene, ViewLayer | Updating Geometry BVH Whisker pore.003 48/173 | Building mesh BLAS |      64 tris | Whisker pore.003
Fra:16 Mem:29.11M (Peak 36.08M) | Time:00:00.24 | Mem:1.92M, Peak:1.92M | Scene, ViewLayer | Updating Geometry BVH Whisker pore.004 49/173 | Building BVH
Fra:16 Mem:29.11M (Peak 36.08M) | Time:00:00.24 | Mem:1.92M, Peak:1.92M | Scene, ViewLayer | Updating Geometry BVH Whisker pore.004 49/173 | Building mesh BLAS |      64 tris | Whisker pore.004
Fra:16 Mem:29.11M (Peak 36.08M) | Time:00:00.24 | Mem:1.92M, Peak:1.92M | Scene, ViewLayer | Updating Geometry BVH Whisker pore.005 50/173 | Building BVH
Fra:16 Mem:29.11M (Peak 36.08M) | Time:00:00.24 | Mem:1.92M, Peak:1.92M | Scene, ViewLayer | Updating Geometry BVH Whisker pore.005 50/173 | Building mesh BLAS |      64 tris | Whisker pore.005
Fra:16 Mem:29.11M (Peak 36.08M) | Time:00:00.24 | Mem:1.92M, Peak:1.92M | Scene, ViewLayer | Updating Geometry BVH Lower jaw 51/173 | Building BVH
Fra:16 Mem:29.11M (Peak 36.08M) | Time:00:00.24 | Mem:1.92M, Peak:1.92M | Scene, ViewLayer | Updating Geometry BVH Mouth cavity 52/173 | Building BVH
Fra:16 Mem:29.11M (Peak 36.08M) | Time:00:00.24 | Mem:1.92M, Peak:1.92M | Scene, ViewLayer | Updating Geometry BVH Mouth cavity 52/173 | Building mesh BLAS |     400 tris | Lower jaw
Fra:16 Mem:29.11M (Peak 36.08M) | Time:00:00.24 | Mem:1.92M, Peak:1.92M | Scene, ViewLayer | Updating Geometry BVH Mouth cavity 52/173 | Building mesh BLAS |     360 tris | Mouth cavity
Fra:16 Mem:29.11M (Peak 36.08M) | Time:00:00.24 | Mem:1.92M, Peak:1.92M | Scene, ViewLayer | Updating Geometry BVH Lower canine 53/173 | Building BVH
Fra:16 Mem:29.11M (Peak 36.08M) | Time:00:00.24 | Mem:1.92M, Peak:1.92M | Scene, ViewLayer | Updating Geometry BVH Lower canine 53/173 | Building mesh BLAS |      38 tris | Lower canine
Fra:16 Mem:29.11M (Peak 36.08M) | Time:00:00.24 | Mem:1.92M, Peak:1.92M | Scene, ViewLayer | Updating Geometry BVH Lower canine.001 54/173 | Building BVH
Fra:16 Mem:29.11M (Peak 36.08M) | Time:00:00.24 | Mem:1.92M, Peak:1.92M | Scene, ViewLayer | Updating Geometry BVH Lower canine.001 54/173 | Building mesh BLAS |      38 tris | Lower canine.001
Fra:16 Mem:29.11M (Peak 36.08M) | Time:00:00.24 | Mem:1.92M, Peak:1.92M | Scene, ViewLayer | Updating Geometry BVH Lower canine.001 54/173 | Building mesh BLAS |      44 tris | Flame tail tuft.004
Fra:16 Mem:29.11M (Peak 36.08M) | Time:00:00.24 | Mem:1.92M, Peak:1.92M | Scene, ViewLayer | Updating Geometry BVH Rounded lion ear 55/173 | Building BVH
Fra:16 Mem:29.11M (Peak 36.08M) | Time:00:00.24 | Mem:1.92M, Peak:1.92M | Scene, ViewLayer | Updating Geometry BVH Inner lion ear 56/173 | Building mesh BLAS |     432 tris | Rounded lion ear
Fra:16 Mem:29.11M (Peak 36.08M) | Time:00:00.24 | Mem:1.92M, Peak:1.92M | Scene, ViewLayer | Updating Geometry BVH Rounded lion ear.001 57/173 | Building BVH
Fra:16 Mem:29.11M (Peak 36.08M) | Time:00:00.24 | Mem:1.92M, Peak:1.92M | Scene, ViewLayer | Updating Geometry BVH Rounded lion ear.001 57/173 | Building mesh BLAS |     432 tris | Rounded lion ear.001
Fra:16 Mem:29.11M (Peak 36.08M) | Time:00:00.24 | Mem:1.92M, Peak:1.92M | Scene, ViewLayer | Updating Geometry BVH Rounded lion ear.001 57/173 | Building mesh BLAS |     320 tris | Inner lion ear
Fra:16 Mem:29.11M (Peak 36.08M) | Time:00:00.24 | Mem:1.92M, Peak:1.92M | Scene, ViewLayer | Updating Geometry BVH Inner lion ear.001 58/173 | Building BVH
Fra:16 Mem:29.11M (Peak 36.08M) | Time:00:00.24 | Mem:1.92M, Peak:1.92M | Scene, ViewLayer | Updating Geometry BVH Inner lion ear.001 58/173 | Building mesh BLAS |     320 tris | Inner lion ear.001
Fra:16 Mem:29.11M (Peak 36.08M) | Time:00:00.24 | Mem:1.92M, Peak:1.92M | Scene, ViewLayer | Updating Geometry BVH Flame tail tuft.003 162/173 | Building BVH
Fra:16 Mem:29.11M (Peak 36.08M) | Time:00:00.24 | Mem:1.92M, Peak:1.92M | Scene, ViewLayer | Updating Geometry BVH Flame tail tuft.003 162/173 | Building mesh BLAS |      44 tris | Flame tail tuft.003
Fra:16 Mem:29.11M (Peak 36.08M) | Time:00:00.24 | Mem:1.92M, Peak:1.92M | Scene, ViewLayer | Updating Geometry BVH Closed sculpted rear mane cap 59/173 | Building BVH
Fra:16 Mem:29.11M (Peak 36.08M) | Time:00:00.24 | Mem:1.92M, Peak:1.92M | Scene, ViewLayer | Updating Geometry BVH Closed sculpted rear mane cap 59/173 | Building mesh BLAS |     332 tris | Closed sculpted rear mane cap
Fra:16 Mem:29.11M (Peak 36.08M) | Time:00:00.24 | Mem:1.92M, Peak:1.92M | Scene, ViewLayer | Updating Geometry BVH Layered rear mane lock 60/173 | Building BVH
Fra:16 Mem:29.11M (Peak 36.08M) | Time:00:00.24 | Mem:1.92M, Peak:1.92M | Scene, ViewLayer | Updating Geometry BVH Layered rear mane lock 60/173 | Building mesh BLAS |      60 tris | Layered rear mane lock
Fra:16 Mem:29.11M (Peak 36.08M) | Time:00:00.24 | Mem:1.92M, Peak:1.92M | Scene, ViewLayer | Updating Geometry BVH Layered rear mane lock.001 61/173 | Building BVH
Fra:16 Mem:29.11M (Peak 36.08M) | Time:00:00.24 | Mem:1.92M, Peak:1.92M | Scene, ViewLayer | Updating Geometry BVH Layered rear mane lock.001 61/173 | Building mesh BLAS |      60 tris | Layered rear mane lock.001
Fra:16 Mem:29.11M (Peak 36.08M) | Time:00:00.24 | Mem:1.92M, Peak:1.92M | Scene, ViewLayer | Updating Geometry BVH Layered rear mane lock.002 62/173 | Building BVH
Fra:16 Mem:29.11M (Peak 36.08M) | Time:00:00.24 | Mem:1.92M, Peak:1.92M | Scene, ViewLayer | Updating Geometry BVH Layered rear mane lock.003 63/173 | Building BVH
Fra:16 Mem:29.11M (Peak 36.08M) | Time:00:00.24 | Mem:1.92M, Peak:1.92M | Scene, ViewLayer | Updating Geometry BVH Layered rear mane lock.005 65/173 | Building BVH
Fra:16 Mem:29.11M (Peak 36.08M) | Time:00:00.24 | Mem:1.92M, Peak:1.92M | Scene, ViewLayer | Updating Geometry BVH Flame tail tuft.002 161/173 | Building mesh BLAS |      60 tris | Layered rear mane lock.003
Fra:16 Mem:29.11M (Peak 36.08M) | Time:00:00.24 | Mem:1.92M, Peak:1.92M | Scene, ViewLayer | Updating Geometry BVH Layered rear mane lock.006 66/173 | Building BVH
Fra:16 Mem:29.11M (Peak 36.08M) | Time:00:00.24 | Mem:1.92M, Peak:1.92M | Scene, ViewLayer | Updating Geometry BVH Layered rear mane lock.007 67/173 | Building BVH
Fra:16 Mem:29.11M (Peak 36.08M) | Time:00:00.24 | Mem:1.92M, Peak:1.92M | Scene, ViewLayer | Updating Geometry BVH Layered rear mane lock.007 67/173 | Building mesh BLAS |      60 tris | Layered rear mane lock.006
Fra:16 Mem:29.11M (Peak 36.08M) | Time:00:00.24 | Mem:1.92M, Peak:1.92M | Scene, ViewLayer | Updating Geometry BVH Layered rear mane lock.007 67/173 | Building mesh BLAS |      60 tris | Layered rear mane lock.007
Fra:16 Mem:29.11M (Peak 36.08M) | Time:00:00.24 | Mem:1.92M, Peak:1.92M | Scene, ViewLayer | Updating Geometry BVH Layered rear mane lock.007 67/173 | Building mesh BLAS |      44 tris | Flame tail tuft.002
Fra:16 Mem:29.11M (Peak 36.08M) | Time:00:00.24 | Mem:1.92M, Peak:1.92M | Scene, ViewLayer | Updating Geometry BVH Layered rear mane lock.008 68/173 | Building BVH
Fra:16 Mem:29.11M (Peak 36.08M) | Time:00:00.24 | Mem:1.92M, Peak:1.92M | Scene, ViewLayer | Updating Geometry BVH Layered rear mane lock.008 68/173 | Building mesh BLAS |      60 tris | Layered rear mane lock.008
Fra:16 Mem:29.11M (Peak 36.08M) | Time:00:00.24 | Mem:1.92M, Peak:1.92M | Scene, ViewLayer | Updating Geometry BVH Layered rear mane lock.009 69/173 | Building BVH
Fra:16 Mem:29.11M (Peak 36.08M) | Time:00:00.24 | Mem:1.92M, Peak:1.92M | Scene, ViewLayer | Updating Geometry BVH Layered rear mane lock.009 69/173 | Building mesh BLAS |      60 tris | Layered rear mane lock.009
Fra:16 Mem:29.11M (Peak 36.08M) | Time:00:00.24 | Mem:1.92M, Peak:1.92M | Scene, ViewLayer | Updating Geometry BVH Layered rear mane lock.010 70/173 | Building BVH
Fra:16 Mem:29.11M (Peak 36.08M) | Time:00:00.24 | Mem:1.92M, Peak:1.92M | Scene, ViewLayer | Updating Geometry BVH Layered rear mane lock.010 70/173 | Building mesh BLAS |      60 tris | Layered rear mane lock.010
Fra:16 Mem:29.11M (Peak 36.08M) | Time:00:00.24 | Mem:1.92M, Peak:1.92M | Scene, ViewLayer | Updating Geometry BVH Layered rear mane lock.011 71/173 | Building BVH
Fra:16 Mem:29.11M (Peak 36.08M) | Time:00:00.24 | Mem:1.92M, Peak:1.92M | Scene, ViewLayer | Updating Geometry BVH Layered rear mane lock.011 71/173 | Building mesh BLAS |      60 tris | Layered rear mane lock.011
Fra:16 Mem:29.11M (Peak 36.08M) | Time:00:00.24 | Mem:1.92M, Peak:1.92M | Scene, ViewLayer | Updating Geometry BVH Layered rear mane lock.012 72/173 | Building BVH
Fra:16 Mem:29.11M (Peak 36.08M) | Time:00:00.24 | Mem:1.92M, Peak:1.92M | Scene, ViewLayer | Updating Geometry BVH Layered rear mane lock.012 72/173 | Building mesh BLAS |      60 tris | Layered rear mane lock.012
Fra:16 Mem:29.11M (Peak 36.08M) | Time:00:00.24 | Mem:1.92M, Peak:1.92M | Scene, ViewLayer | Updating Geometry BVH Layered rear mane lock.013 73/173 | Building BVH
Fra:16 Mem:29.11M (Peak 36.08M) | Time:00:00.24 | Mem:1.92M, Peak:1.92M | Scene, ViewLayer | Updating Geometry BVH Layered rear mane lock.013 73/173 | Building mesh BLAS |      60 tris | Layered rear mane lock.013
Fra:16 Mem:29.11M (Peak 36.08M) | Time:00:00.24 | Mem:1.92M, Peak:1.92M | Scene, ViewLayer | Updating Geometry BVH Flame tail tuft.001 160/173 | Building BVH
Fra:16 Mem:29.11M (Peak 36.08M) | Time:00:00.24 | Mem:1.92M, Peak:1.92M | Scene, ViewLayer | Updating Geometry BVH Flame tail tuft.001 160/173 | Building mesh BLAS |      44 tris | Flame tail tuft.001
Fra:16 Mem:29.11M (Peak 36.08M) | Time:00:00.25 | Mem:1.92M, Peak:1.92M | Scene, ViewLayer | Updating Geometry BVH Layered rear mane lock.014 74/173 | Building BVH
Fra:16 Mem:29.11M (Peak 36.08M) | Time:00:00.25 | Mem:1.92M, Peak:1.92M | Scene, ViewLayer | Updating Geometry BVH Layered rear mane lock.015 75/173 | Building BVH
Fra:16 Mem:29.11M (Peak 36.08M) | Time:00:00.25 | Mem:1.92M, Peak:1.92M | Scene, ViewLayer | Updating Geometry BVH Layered rear mane lock.015 75/173 | Building mesh BLAS |      60 tris | Layered rear mane lock.014
Fra:16 Mem:29.11M (Peak 36.08M) | Time:00:00.25 | Mem:1.92M, Peak:1.92M | Scene, ViewLayer | Updating Geometry BVH Layered rear mane lock.015 75/173 | Building mesh BLAS |      60 tris | Layered rear mane lock.015
Fra:16 Mem:29.11M (Peak 36.08M) | Time:00:00.25 | Mem:1.92M, Peak:1.92M | Scene, ViewLayer | Updating Geometry BVH Layered rear mane lock.016 76/173 | Building BVH
Fra:16 Mem:29.11M (Peak 36.08M) | Time:00:00.25 | Mem:1.92M, Peak:1.92M | Scene, ViewLayer | Updating Geometry BVH Layered rear mane lock.016 76/173 | Building mesh BLAS |      60 tris | Layered rear mane lock.016
Fra:16 Mem:29.11M (Peak 36.08M) | Time:00:00.25 | Mem:1.92M, Peak:1.92M | Scene, ViewLayer | Updating Geometry BVH Layered rear mane lock.017 77/173 | Building BVH
Fra:16 Mem:29.11M (Peak 36.08M) | Time:00:00.25 | Mem:1.92M, Peak:1.92M | Scene, ViewLayer | Updating Geometry BVH Layered rear mane lock.017 77/173 | Building mesh BLAS |      60 tris | Layered rear mane lock.017
Fra:16 Mem:29.11M (Peak 36.08M) | Time:00:00.25 | Mem:1.92M, Peak:1.92M | Scene, ViewLayer | Updating Geometry BVH Layered rear mane lock.018 78/173 | Building BVH
Fra:16 Mem:29.11M (Peak 36.08M) | Time:00:00.25 | Mem:1.92M, Peak:1.92M | Scene, ViewLayer | Updating Geometry BVH Layered rear mane lock.018 78/173 | Building mesh BLAS |      60 tris | Layered rear mane lock.018
Fra:16 Mem:29.11M (Peak 36.08M) | Time:00:00.25 | Mem:1.92M, Peak:1.92M | Scene, ViewLayer | Updating Geometry BVH Layered rear mane lock.019 79/173 | Building BVH
Fra:16 Mem:29.11M (Peak 36.08M) | Time:00:00.25 | Mem:1.92M, Peak:1.92M | Scene, ViewLayer | Updating Geometry BVH Layered rear mane lock.020 80/173 | Building BVH
Fra:16 Mem:29.11M (Peak 36.08M) | Time:00:00.25 | Mem:1.92M, Peak:1.92M | Scene, ViewLayer | Updating Geometry BVH Layered rear mane lock.020 80/173 | Building mesh BLAS |      60 tris | Layered rear mane lock.019
Fra:16 Mem:29.11M (Peak 36.08M) | Time:00:00.25 | Mem:1.92M, Peak:1.92M | Scene, ViewLayer | Updating Geometry BVH Layered rear mane lock.020 80/173 | Building mesh BLAS |      60 tris | Layered rear mane lock.020
Fra:16 Mem:29.11M (Peak 36.08M) | Time:00:00.25 | Mem:1.93M, Peak:1.93M | Scene, ViewLayer | Updating Geometry BVH Layered rear mane lock.020 80/173 | Building mesh BLAS |      44 tris | Flame tail tuft
Fra:16 Mem:29.11M (Peak 36.08M) | Time:00:00.25 | Mem:1.93M, Peak:1.93M | Scene, ViewLayer | Updating Geometry BVH Layered rear mane lock.021 81/173 | Building BVH
Fra:16 Mem:29.11M (Peak 36.08M) | Time:00:00.25 | Mem:1.93M, Peak:1.93M | Scene, ViewLayer | Updating Geometry BVH Layered rear mane lock.022 82/173 | Building BVH
Fra:16 Mem:29.11M (Peak 36.08M) | Time:00:00.25 | Mem:1.93M, Peak:1.93M | Scene, ViewLayer | Updating Geometry BVH Layered rear mane lock.022 82/173 | Building mesh BLAS |      60 tris | Layered rear mane lock.021
Fra:16 Mem:29.11M (Peak 36.08M) | Time:00:00.25 | Mem:1.93M, Peak:1.93M | Scene, ViewLayer | Updating Geometry BVH Layered rear mane lock.022 82/173 | Building mesh BLAS |      60 tris | Layered rear mane lock.022
Fra:16 Mem:29.11M (Peak 36.08M) | Time:00:00.25 | Mem:1.94M, Peak:1.94M | Scene, ViewLayer | Updating Geometry BVH Sculpted mane lock 83/173 | Building BVH
Fra:16 Mem:29.11M (Peak 36.08M) | Time:00:00.25 | Mem:1.94M, Peak:1.94M | Scene, ViewLayer | Updating Geometry BVH Sculpted mane lock.001 84/173 | Building BVH
Fra:16 Mem:29.11M (Peak 36.08M) | Time:00:00.25 | Mem:1.94M, Peak:1.94M | Scene, ViewLayer | Updating Geometry BVH Sculpted mane lock.001 84/173 | Building mesh BLAS |      60 tris | Sculpted mane lock
Fra:16 Mem:29.11M (Peak 36.08M) | Time:00:00.25 | Mem:1.94M, Peak:1.94M | Scene, ViewLayer | Updating Geometry BVH Sculpted mane lock.001 84/173 | Building mesh BLAS |      60 tris | Sculpted mane lock.001
Fra:16 Mem:29.11M (Peak 36.08M) | Time:00:00.25 | Mem:1.94M, Peak:1.94M | Scene, ViewLayer | Updating Geometry BVH Sculpted mane lock.002 85/173 | Building BVH
Fra:16 Mem:29.11M (Peak 36.08M) | Time:00:00.25 | Mem:1.94M, Peak:1.94M | Scene, ViewLayer | Updating Geometry BVH Sculpted mane lock.002 85/173 | Building mesh BLAS |      60 tris | Sculpted mane lock.002
Fra:16 Mem:29.11M (Peak 36.08M) | Time:00:00.26 | Mem:1.94M, Peak:1.94M | Scene, ViewLayer | Updating Geometry BVH Sculpted mane lock.003 86/173 | Building BVH
Fra:16 Mem:29.11M (Peak 36.08M) | Time:00:00.26 | Mem:1.94M, Peak:1.94M | Scene, ViewLayer | Updating Geometry BVH Sculpted mane lock.003 86/173 | Building mesh BLAS |      60 tris | Sculpted mane lock.003
Fra:16 Mem:29.11M (Peak 36.08M) | Time:00:00.26 | Mem:2.14M, Peak:2.14M | Scene, ViewLayer | Updating Geometry BVH Articulated tail 158/173 | Building BVH
Fra:16 Mem:29.11M (Peak 36.08M) | Time:00:00.26 | Mem:2.14M, Peak:2.14M | Scene, ViewLayer | Updating Geometry BVH Sculpted mane lock.004 87/173 | Building BVH
Fra:16 Mem:29.11M (Peak 36.08M) | Time:00:00.26 | Mem:2.14M, Peak:2.14M | Scene, ViewLayer | Updating Geometry BVH Sculpted mane lock.004 87/173 | Building mesh BLAS |     268 tris | Articulated tail
Fra:16 Mem:29.11M (Peak 36.08M) | Time:00:00.26 | Mem:2.14M, Peak:2.14M | Scene, ViewLayer | Updating Geometry BVH Sculpted mane lock.004 87/173 | Building mesh BLAS |      60 tris | Sculpted mane lock.004
Fra:16 Mem:29.11M (Peak 36.08M) | Time:00:00.26 | Mem:2.15M, Peak:2.15M | Scene, ViewLayer | Updating Geometry BVH Sculpted mane lock.005 88/173 | Building BVH
Fra:16 Mem:29.11M (Peak 36.08M) | Time:00:00.26 | Mem:2.15M, Peak:2.15M | Scene, ViewLayer | Updating Geometry BVH Sculpted mane lock.005 88/173 | Building mesh BLAS |      60 tris | Sculpted mane lock.005
Fra:16 Mem:29.11M (Peak 36.08M) | Time:00:00.26 | Mem:2.15M, Peak:2.15M | Scene, ViewLayer | Updating Geometry BVH Sculpted mane lock.006 89/173 | Building BVH
Fra:16 Mem:29.11M (Peak 36.08M) | Time:00:00.26 | Mem:2.15M, Peak:2.15M | Scene, ViewLayer | Updating Geometry BVH Sculpted mane lock.006 89/173 | Building mesh BLAS |      60 tris | Sculpted mane lock.006
Fra:16 Mem:29.11M (Peak 36.08M) | Time:00:00.26 | Mem:2.16M, Peak:2.16M | Scene, ViewLayer | Updating Geometry BVH Sculpted mane lock.007 90/173 | Building BVH
Fra:16 Mem:29.11M (Peak 36.08M) | Time:00:00.26 | Mem:2.16M, Peak:2.16M | Scene, ViewLayer | Updating Geometry BVH Sculpted mane lock.007 90/173 | Building mesh BLAS |      60 tris | Sculpted mane lock.007
Fra:16 Mem:29.11M (Peak 36.08M) | Time:00:00.26 | Mem:2.16M, Peak:2.16M | Scene, ViewLayer | Updating Geometry BVH Sculpted mane lock.008 91/173 | Building BVH
Fra:16 Mem:29.11M (Peak 36.08M) | Time:00:00.26 | Mem:2.16M, Peak:2.16M | Scene, ViewLayer | Updating Geometry BVH Sculpted mane lock.008 91/173 | Building mesh BLAS |      60 tris | Sculpted mane lock.008
Fra:16 Mem:29.11M (Peak 36.08M) | Time:00:00.26 | Mem:2.16M, Peak:2.16M | Scene, ViewLayer | Updating Geometry BVH Sculpted mane lock.009 92/173 | Building BVH
Fra:16 Mem:29.11M (Peak 36.08M) | Time:00:00.26 | Mem:2.17M, Peak:2.17M | Scene, ViewLayer | Updating Geometry BVH Sculpted mane lock.009 92/173 | Building mesh BLAS |      60 tris | Sculpted mane lock.009
Fra:16 Mem:29.11M (Peak 36.08M) | Time:00:00.26 | Mem:2.20M, Peak:2.20M | Scene, ViewLayer | Updating Geometry BVH Sculpted mane lock.010 93/173 | Building BVH
Fra:16 Mem:29.11M (Peak 36.08M) | Time:00:00.26 | Mem:2.20M, Peak:2.20M | Scene, ViewLayer | Updating Geometry BVH Sculpted mane lock.010 93/173 | Building mesh BLAS |      60 tris | Sculpted mane lock.010
Fra:16 Mem:29.11M (Peak 36.08M) | Time:00:00.26 | Mem:2.21M, Peak:2.21M | Scene, ViewLayer | Updating Geometry BVH Wrist fur.011 157/173 | Building BVH
Fra:16 Mem:29.11M (Peak 36.08M) | Time:00:00.26 | Mem:2.23M, Peak:2.23M | Scene, ViewLayer | Updating Geometry BVH Wrist fur.011 157/173 | Building mesh BLAS |      44 tris | Wrist fur.011
Fra:16 Mem:29.11M (Peak 36.08M) | Time:00:00.26 | Mem:2.23M, Peak:2.23M | Scene, ViewLayer | Updating Geometry BVH Sculpted mane lock.011 94/173 | Building BVH
Fra:16 Mem:29.11M (Peak 36.08M) | Time:00:00.26 | Mem:2.23M, Peak:2.23M | Scene, ViewLayer | Updating Geometry BVH Sculpted mane lock.011 94/173 | Building mesh BLAS |      60 tris | Sculpted mane lock.011
Fra:16 Mem:29.11M (Peak 36.08M) | Time:00:00.26 | Mem:2.23M, Peak:2.23M | Scene, ViewLayer | Updating Geometry BVH Sculpted mane lock.012 95/173 | Building BVH
Fra:16 Mem:29.11M (Peak 36.08M) | Time:00:00.26 | Mem:2.38M, Peak:2.38M | Scene, ViewLayer | Updating Geometry BVH Sculpted mane lock.013 96/173 | Building BVH
Fra:16 Mem:29.11M (Peak 36.08M) | Time:00:00.26 | Mem:2.41M, Peak:2.41M | Scene, ViewLayer | Updating Geometry BVH Sculpted mane lock.013 96/173 | Building mesh BLAS |      60 tris | Sculpted mane lock.012
Fra:16 Mem:29.11M (Peak 36.08M) | Time:00:00.26 | Mem:2.52M, Peak:2.52M | Scene, ViewLayer | Updating Geometry BVH Sculpted mane lock.014 97/173 | Building BVH
Fra:16 Mem:29.11M (Peak 36.08M) | Time:00:00.26 | Mem:2.52M, Peak:2.52M | Scene, ViewLayer | Updating Geometry BVH Sculpted mane lock.014 97/173 | Building mesh BLAS |      60 tris | Sculpted mane lock.014
Fra:16 Mem:29.11M (Peak 36.08M) | Time:00:00.26 | Mem:2.56M, Peak:2.56M | Scene, ViewLayer | Updating Geometry BVH Wrist fur.010 156/173 | Building BVH
Fra:16 Mem:29.11M (Peak 36.08M) | Time:00:00.26 | Mem:2.57M, Peak:2.57M | Scene, ViewLayer | Updating Geometry BVH Sculpted mane lock.016 99/173 | Building BVH
Fra:16 Mem:29.11M (Peak 36.08M) | Time:00:00.26 | Mem:2.57M, Peak:2.57M | Scene, ViewLayer | Updating Geometry BVH Sculpted mane lock.016 99/173 | Building mesh BLAS |      44 tris | Wrist fur.010
Fra:16 Mem:29.11M (Peak 36.08M) | Time:00:00.26 | Mem:2.57M, Peak:2.57M | Scene, ViewLayer | Updating Geometry BVH Sculpted mane lock.017 100/173 | Building mesh BLAS |      60 tris | Sculpted mane lock.016
Fra:16 Mem:29.11M (Peak 36.08M) | Time:00:00.26 | Mem:2.57M, Peak:2.57M | Scene, ViewLayer | Updating Geometry BVH Sculpted mane lock.017 100/173 | Building mesh BLAS |      60 tris | Sculpted mane lock.017
Fra:16 Mem:29.11M (Peak 36.08M) | Time:00:00.26 | Mem:2.57M, Peak:2.57M | Scene, ViewLayer | Updating Geometry BVH Sculpted mane lock.018 101/173 | Building BVH
Fra:16 Mem:29.11M (Peak 36.08M) | Time:00:00.26 | Mem:2.58M, Peak:2.58M | Scene, ViewLayer | Updating Geometry BVH Sculpted mane lock.018 101/173 | Building mesh BLAS |      60 tris | Sculpted mane lock.015
Fra:16 Mem:29.11M (Peak 36.08M) | Time:00:00.26 | Mem:2.58M, Peak:2.58M | Scene, ViewLayer | Updating Geometry BVH Sculpted mane lock.020 103/173 | Building BVH
Fra:16 Mem:29.11M (Peak 36.08M) | Time:00:00.26 | Mem:2.58M, Peak:2.58M | Scene, ViewLayer | Updating Geometry BVH Sculpted mane lock.020 103/173 | Building mesh BLAS |      60 tris | Sculpted mane lock.018
Fra:16 Mem:29.11M (Peak 36.08M) | Time:00:00.26 | Mem:2.58M, Peak:2.58M | Scene, ViewLayer | Updating Geometry BVH Sculpted mane lock.020 103/173 | Building mesh BLAS |      60 tris | Sculpted mane lock.020
Fra:16 Mem:29.11M (Peak 36.08M) | Time:00:00.26 | Mem:2.58M, Peak:2.58M | Scene, ViewLayer | Updating Geometry BVH Wrist fur.009 155/173 | Building BVH
Fra:16 Mem:29.11M (Peak 36.08M) | Time:00:00.26 | Mem:2.58M, Peak:2.58M | Scene, ViewLayer | Updating Geometry BVH Wrist fur.009 155/173 | Building mesh BLAS |      44 tris | Wrist fur.009
Fra:16 Mem:29.11M (Peak 36.08M) | Time:00:00.26 | Mem:2.61M, Peak:2.61M | Scene, ViewLayer | Updating Geometry BVH Sculpted mane lock.021 104/173 | Building BVH
Fra:16 Mem:29.11M (Peak 36.08M) | Time:00:00.26 | Mem:2.61M, Peak:2.61M | Scene, ViewLayer | Updating Geometry BVH Sculpted mane lock.021 104/173 | Building mesh BLAS |      60 tris | Sculpted mane lock.021
Fra:16 Mem:29.11M (Peak 36.08M) | Time:00:00.26 | Mem:2.61M, Peak:2.61M | Scene, ViewLayer | Updating Geometry BVH Sculpted mane lock.021 104/173 | Building mesh BLAS |      60 tris | Sculpted mane lock.019
Fra:16 Mem:29.11M (Peak 36.08M) | Time:00:00.26 | Mem:2.66M, Peak:2.66M | Scene, ViewLayer | Updating Geometry BVH Sculpted mane lock.022 105/173 | Building BVH
Fra:16 Mem:29.11M (Peak 36.08M) | Time:00:00.26 | Mem:2.66M, Peak:2.66M | Scene, ViewLayer | Updating Geometry BVH Sculpted mane lock.023 106/173 | Building BVH
Fra:16 Mem:29.11M (Peak 36.08M) | Time:00:00.26 | Mem:2.69M, Peak:2.69M | Scene, ViewLayer | Updating Geometry BVH Layered shoulder fur.011 154/173 | Building BVH
Fra:16 Mem:29.11M (Peak 36.08M) | Time:00:00.26 | Mem:2.69M, Peak:2.69M | Scene, ViewLayer | Updating Geometry BVH Sculpted mane lock.025 108/173 | Building mesh BLAS |      44 tris | Layered shoulder fur.011
Fra:16 Mem:29.11M (Peak 36.08M) | Time:00:00.26 | Mem:2.69M, Peak:2.69M | Scene, ViewLayer | Updating Geometry BVH Sculpted mane lock.027 110/173 | Building BVH
Fra:16 Mem:29.11M (Peak 36.08M) | Time:00:00.26 | Mem:2.69M, Peak:2.69M | Scene, ViewLayer | Updating Geometry BVH Sculpted mane lock.027 110/173 | Building mesh BLAS |      60 tris | Sculpted mane lock.027
Fra:16 Mem:29.11M (Peak 36.08M) | Time:00:00.26 | Mem:2.69M, Peak:2.69M | Scene, ViewLayer | Updating Geometry BVH Sculpted mane lock.027 110/173 | Building mesh BLAS |      60 tris | Sculpted mane lock.024
Fra:16 Mem:29.11M (Peak 36.08M) | Time:00:00.26 | Mem:2.69M, Peak:2.69M | Scene, ViewLayer | Updating Geometry BVH Sculpted mane lock.027 110/173 | Building mesh BLAS |      60 tris | Sculpted mane lock.026
Fra:16 Mem:29.11M (Peak 36.08M) | Time:00:00.26 | Mem:2.69M, Peak:2.69M | Scene, ViewLayer | Updating Geometry BVH Sculpted mane lock.028 111/173 | Building mesh BLAS |      60 tris | Sculpted mane lock.025
Fra:16 Mem:29.11M (Peak 36.08M) | Time:00:00.26 | Mem:2.69M, Peak:2.69M | Scene, ViewLayer | Updating Geometry BVH Sculpted mane lock.028 111/173 | Building mesh BLAS |      60 tris | Sculpted mane lock.028
Fra:16 Mem:29.11M (Peak 36.08M) | Time:00:00.26 | Mem:2.73M, Peak:2.73M | Scene, ViewLayer | Updating Geometry BVH Layered shoulder fur.010 153/173 | Building BVH
Fra:16 Mem:29.11M (Peak 36.08M) | Time:00:00.26 | Mem:2.73M, Peak:2.73M | Scene, ViewLayer | Updating Geometry BVH Sculpted mane lock.029 112/173 | Building BVH
Fra:16 Mem:29.11M (Peak 36.08M) | Time:00:00.26 | Mem:2.73M, Peak:2.73M | Scene, ViewLayer | Updating Geometry BVH Sculpted mane lock.029 112/173 | Building mesh BLAS |      44 tris | Layered shoulder fur.010
Fra:16 Mem:29.11M (Peak 36.08M) | Time:00:00.26 | Mem:2.74M, Peak:2.74M | Scene, ViewLayer | Updating Geometry BVH Sculpted mane lock.029 112/173 | Building mesh BLAS |      60 tris | Sculpted mane lock.029
Fra:16 Mem:29.11M (Peak 36.08M) | Time:00:00.26 | Mem:2.82M, Peak:2.82M | Scene, ViewLayer | Updating Geometry BVH Sculpted mane lock.030 113/173 | Building BVH
Fra:16 Mem:29.11M (Peak 36.08M) | Time:00:00.26 | Mem:2.84M, Peak:2.84M | Scene, ViewLayer | Updating Geometry BVH Sculpted mane lock.034 117/173 | Building BVH
Fra:16 Mem:29.11M (Peak 36.08M) | Time:00:00.26 | Mem:2.84M, Peak:2.84M | Scene, ViewLayer | Updating Geometry BVH Sculpted mane lock.035 118/173 | Building mesh BLAS |      60 tris | Sculpted mane lock.030
Fra:16 Mem:29.11M (Peak 36.08M) | Time:00:00.26 | Mem:2.84M, Peak:2.84M | Scene, ViewLayer | Updating Geometry BVH Sculpted mane lock.035 118/173 | Building mesh BLAS |      60 tris | Sculpted mane lock.031
Fra:16 Mem:29.11M (Peak 36.08M) | Time:00:00.26 | Mem:2.84M, Peak:2.84M | Scene, ViewLayer | Updating Geometry BVH Layered shoulder fur.009 152/173 | Building BVH
Fra:16 Mem:29.11M (Peak 36.08M) | Time:00:00.26 | Mem:2.84M, Peak:2.84M | Scene, ViewLayer | Updating Geometry BVH Sculpted mane lock.036 119/173 | Building BVH
Fra:16 Mem:29.11M (Peak 36.08M) | Time:00:00.26 | Mem:2.84M, Peak:2.84M | Scene, ViewLayer | Updating Geometry BVH Sculpted mane lock.036 119/173 | Building mesh BLAS |      44 tris | Layered shoulder fur.009
Fra:16 Mem:29.11M (Peak 36.08M) | Time:00:00.26 | Mem:2.84M, Peak:2.84M | Scene, ViewLayer | Updating Geometry BVH Sculpted mane lock.036 119/173 | Building mesh BLAS |      60 tris | Sculpted mane lock.035
Fra:16 Mem:29.11M (Peak 36.08M) | Time:00:00.26 | Mem:2.84M, Peak:2.84M | Scene, ViewLayer | Updating Geometry BVH Sculpted mane lock.037 120/173 | Building BVH
Fra:16 Mem:29.11M (Peak 36.08M) | Time:00:00.26 | Mem:2.85M, Peak:2.85M | Scene, ViewLayer | Updating Geometry BVH Sculpted mane lock.038 121/173 | Building BVH
Fra:16 Mem:29.11M (Peak 36.08M) | Time:00:00.26 | Mem:2.85M, Peak:2.85M | Scene, ViewLayer | Updating Geometry BVH Sculpted mane lock.039 122/173 | Building BVH
Fra:16 Mem:29.11M (Peak 36.08M) | Time:00:00.26 | Mem:2.85M, Peak:2.85M | Scene, ViewLayer | Updating Geometry BVH Sculpted mane lock.039 122/173 | Building mesh BLAS |      60 tris | Sculpted mane lock.036
Fra:16 Mem:29.11M (Peak 36.08M) | Time:00:00.26 | Mem:2.85M, Peak:2.85M | Scene, ViewLayer | Updating Geometry BVH Sculpted mane lock.039 122/173 | Building mesh BLAS |      60 tris | Sculpted mane lock.039
Fra:16 Mem:29.11M (Peak 36.08M) | Time:00:00.26 | Mem:2.85M, Peak:2.85M | Scene, ViewLayer | Updating Geometry BVH Sculpted mane lock.039 122/173 | Building mesh BLAS |      60 tris | Sculpted mane lock.033
Fra:16 Mem:29.11M (Peak 36.08M) | Time:00:00.26 | Mem:2.85M, Peak:2.85M | Scene, ViewLayer | Updating Geometry BVH Sculpted mane lock.039 122/173 | Building mesh BLAS |      60 tris | Sculpted mane lock.034
Fra:16 Mem:29.11M (Peak 36.08M) | Time:00:00.26 | Mem:2.85M, Peak:2.85M | Scene, ViewLayer | Updating Geometry BVH Sculpted mane lock.039 122/173 | Building mesh BLAS |      60 tris | Sculpted mane lock.038
Fra:16 Mem:29.11M (Peak 36.08M) | Time:00:00.26 | Mem:2.85M, Peak:2.85M | Scene, ViewLayer | Updating Geometry BVH Sculpted mane lock.039 122/173 | Building mesh BLAS |      44 tris | Wrist fur.008
Fra:16 Mem:29.11M (Peak 36.08M) | Time:00:00.26 | Mem:2.85M, Peak:2.85M | Scene, ViewLayer | Updating Geometry BVH Sculpted mane lock.040 123/173 | Building BVH
Fra:16 Mem:29.11M (Peak 36.08M) | Time:00:00.26 | Mem:2.85M, Peak:2.85M | Scene, ViewLayer | Updating Geometry BVH Sculpted mane lock.041 124/173 | Building mesh BLAS |      60 tris | Sculpted mane lock.032
Fra:16 Mem:29.11M (Peak 36.08M) | Time:00:00.26 | Mem:2.85M, Peak:2.85M | Scene, ViewLayer | Updating Geometry BVH Sculpted mane lock.043 126/173 | Building BVH
Fra:16 Mem:29.11M (Peak 36.08M) | Time:00:00.26 | Mem:2.86M, Peak:2.86M | Scene, ViewLayer | Updating Geometry BVH Sculpted mane lock.044 127/173 | Building BVH
Fra:16 Mem:29.11M (Peak 36.08M) | Time:00:00.26 | Mem:2.86M, Peak:2.86M | Scene, ViewLayer | Updating Geometry BVH Wrist fur.007 150/173 | Building BVH
Fra:16 Mem:29.11M (Peak 36.08M) | Time:00:00.26 | Mem:2.86M, Peak:2.86M | Scene, ViewLayer | Updating Geometry BVH Wrist fur.007 150/173 | Building mesh BLAS |      60 tris | Sculpted mane lock.044
Fra:16 Mem:29.11M (Peak 36.08M) | Time:00:00.26 | Mem:2.86M, Peak:2.86M | Scene, ViewLayer | Updating Geometry BVH Sculpted mane lock.045 128/173 | Building BVH
Fra:16 Mem:29.11M (Peak 36.08M) | Time:00:00.26 | Mem:2.86M, Peak:2.86M | Scene, ViewLayer | Updating Geometry BVH Sculpted mane lock.045 128/173 | Building mesh BLAS |      60 tris | Sculpted mane lock.045
Fra:16 Mem:29.11M (Peak 36.08M) | Time:00:00.26 | Mem:2.86M, Peak:2.86M | Scene, ViewLayer | Updating Geometry BVH Sculpted mane lock.046 129/173 | Building BVH
Fra:16 Mem:29.11M (Peak 36.08M) | Time:00:00.26 | Mem:2.86M, Peak:2.86M | Scene, ViewLayer | Updating Geometry BVH Sculpted mane lock.046 129/173 | Building mesh BLAS |      60 tris | Sculpted mane lock.041
Fra:16 Mem:29.11M (Peak 36.08M) | Time:00:00.26 | Mem:2.86M, Peak:2.86M | Scene, ViewLayer | Updating Geometry BVH Sculpted mane lock.046 129/173 | Building mesh BLAS |      60 tris | Sculpted mane lock.046
Fra:16 Mem:29.11M (Peak 36.08M) | Time:00:00.26 | Mem:2.87M, Peak:2.87M | Scene, ViewLayer | Updating Geometry BVH Sculpted mane lock.047 130/173 | Building BVH
Fra:16 Mem:29.11M (Peak 36.08M) | Time:00:00.26 | Mem:2.87M, Peak:2.87M | Scene, ViewLayer | Updating Geometry BVH Sculpted mane lock.047 130/173 | Building mesh BLAS |      44 tris | Wrist fur.007
Fra:16 Mem:29.11M (Peak 36.08M) | Time:00:00.26 | Mem:2.87M, Peak:2.87M | Scene, ViewLayer | Updating Geometry BVH Sculpted mane lock.047 130/173 | Building mesh BLAS |      60 tris | Sculpted mane lock.047
Fra:16 Mem:29.11M (Peak 36.08M) | Time:00:00.26 | Mem:2.87M, Peak:2.87M | Scene, ViewLayer | Updating Geometry BVH Sculpted mane lock.049 132/173 | Building BVH
Fra:16 Mem:29.11M (Peak 36.08M) | Time:00:00.26 | Mem:2.87M, Peak:2.87M | Scene, ViewLayer | Updating Geometry BVH Sculpted mane lock.049 132/173 | Building mesh BLAS |      60 tris | Sculpted mane lock.042
Fra:16 Mem:29.11M (Peak 36.08M) | Time:00:00.26 | Mem:2.88M, Peak:2.88M | Scene, ViewLayer | Updating Geometry BVH Wrist fur.006 149/173 | Building BVH
Fra:16 Mem:29.11M (Peak 36.08M) | Time:00:00.26 | Mem:2.88M, Peak:2.88M | Scene, ViewLayer | Updating Geometry BVH Wrist fur.006 149/173 | Building mesh BLAS |      60 tris | Sculpted mane lock.049
Fra:16 Mem:29.11M (Peak 36.08M) | Time:00:00.26 | Mem:2.88M, Peak:2.88M | Scene, ViewLayer | Updating Geometry BVH Wrist fur.006 149/173 | Building mesh BLAS |      44 tris | Wrist fur.006
Fra:16 Mem:29.11M (Peak 36.08M) | Time:00:00.26 | Mem:2.88M, Peak:2.88M | Scene, ViewLayer | Updating Geometry BVH Sculpted mane lock.050 133/173 | Building mesh BLAS |      60 tris | Sculpted mane lock.048
Fra:16 Mem:29.11M (Peak 36.08M) | Time:00:00.26 | Mem:2.88M, Peak:2.88M | Scene, ViewLayer | Updating Geometry BVH Layered shoulder fur 134/173 | Building BVH
Fra:16 Mem:29.11M (Peak 36.08M) | Time:00:00.26 | Mem:2.88M, Peak:2.88M | Scene, ViewLayer | Updating Geometry BVH Layered shoulder fur 134/173 | Building mesh BLAS |      44 tris | Layered shoulder fur
Fra:16 Mem:29.11M (Peak 36.08M) | Time:00:00.26 | Mem:2.88M, Peak:2.88M | Scene, ViewLayer | Updating Geometry BVH Layered shoulder fur.001 135/173 | Building BVH
Fra:16 Mem:29.11M (Peak 36.08M) | Time:00:00.26 | Mem:2.88M, Peak:2.88M | Scene, ViewLayer | Updating Geometry BVH Layered shoulder fur.001 135/173 | Building mesh BLAS |      60 tris | Sculpted mane lock.050
Fra:16 Mem:29.11M (Peak 36.08M) | Time:00:00.26 | Mem:2.88M, Peak:2.88M | Scene, ViewLayer | Updating Geometry BVH Layered shoulder fur.002 136/173 | Building BVH
Fra:16 Mem:29.11M (Peak 36.08M) | Time:00:00.26 | Mem:2.88M, Peak:2.88M | Scene, ViewLayer | Updating Geometry BVH Layered shoulder fur.002 136/173 | Building mesh BLAS |      44 tris | Layered shoulder fur.001
Fra:16 Mem:29.11M (Peak 36.08M) | Time:00:00.26 | Mem:2.89M, Peak:2.89M | Scene, ViewLayer | Updating Geometry BVH Wrist fur 137/173 | Building BVH
Fra:16 Mem:29.11M (Peak 36.08M) | Time:00:00.26 | Mem:2.89M, Peak:2.89M | Scene, ViewLayer | Updating Geometry BVH Wrist fur 137/173 | Building mesh BLAS |      44 tris | Wrist fur
Fra:16 Mem:29.11M (Peak 36.08M) | Time:00:00.26 | Mem:2.89M, Peak:2.89M | Scene, ViewLayer | Updating Geometry BVH Wrist fur.001 138/173 | Building BVH
Fra:16 Mem:29.11M (Peak 36.08M) | Time:00:00.26 | Mem:2.89M, Peak:2.89M | Scene, ViewLayer | Updating Geometry BVH Wrist fur.001 138/173 | Building mesh BLAS |      44 tris | Wrist fur.001
Fra:16 Mem:29.11M (Peak 36.08M) | Time:00:00.26 | Mem:2.89M, Peak:2.89M | Scene, ViewLayer | Updating Geometry BVH Wrist fur.002 139/173 | Building BVH
Fra:16 Mem:29.11M (Peak 36.08M) | Time:00:00.26 | Mem:2.89M, Peak:2.89M | Scene, ViewLayer | Updating Geometry BVH Layered shoulder fur.003 140/173 | Building BVH
Fra:16 Mem:29.11M (Peak 36.08M) | Time:00:00.26 | Mem:2.89M, Peak:2.89M | Scene, ViewLayer | Updating Geometry BVH Layered shoulder fur.003 140/173 | Building mesh BLAS |      44 tris | Wrist fur.002
Fra:16 Mem:29.11M (Peak 36.08M) | Time:00:00.26 | Mem:2.89M, Peak:2.89M | Scene, ViewLayer | Updating Geometry BVH Layered shoulder fur.003 140/173 | Building mesh BLAS |      44 tris | Layered shoulder fur.008
Fra:16 Mem:29.11M (Peak 36.08M) | Time:00:00.26 | Mem:2.90M, Peak:2.90M | Scene, ViewLayer | Updating Geometry BVH Layered shoulder fur.004 141/173 | Building BVH
Fra:16 Mem:29.11M (Peak 36.08M) | Time:00:00.26 | Mem:2.90M, Peak:2.90M | Scene, ViewLayer | Updating Geometry BVH Layered shoulder fur.004 141/173 | Building mesh BLAS |      44 tris | Layered shoulder fur.003
Fra:16 Mem:29.11M (Peak 36.08M) | Time:00:00.26 | Mem:2.90M, Peak:2.90M | Scene, ViewLayer | Updating Geometry BVH Layered shoulder fur.005 142/173 | Building BVH
Fra:16 Mem:29.11M (Peak 36.08M) | Time:00:00.26 | Mem:2.90M, Peak:2.90M | Scene, ViewLayer | Updating Geometry BVH Wrist fur.003 143/173 | Building BVH
Fra:16 Mem:29.11M (Peak 36.08M) | Time:00:00.26 | Mem:2.90M, Peak:2.90M | Scene, ViewLayer | Updating Geometry BVH Wrist fur.004 144/173 | Building BVH
Fra:16 Mem:29.11M (Peak 36.08M) | Time:00:00.26 | Mem:2.90M, Peak:2.90M | Scene, ViewLayer | Updating Geometry BVH Wrist fur.004 144/173 | Building mesh BLAS |      44 tris | Wrist fur.003
Fra:16 Mem:29.11M (Peak 36.08M) | Time:00:00.26 | Mem:2.90M, Peak:2.90M | Scene, ViewLayer | Updating Geometry BVH Wrist fur.004 144/173 | Building mesh BLAS |      44 tris | Wrist fur.004
Fra:16 Mem:29.11M (Peak 36.08M) | Time:00:00.26 | Mem:2.90M, Peak:2.90M | Scene, ViewLayer | Updating Geometry BVH Wrist fur.005 145/173 | Building BVH
Fra:16 Mem:29.11M (Peak 36.08M) | Time:00:00.26 | Mem:2.90M, Peak:2.90M | Scene, ViewLayer | Updating Geometry BVH Wrist fur.005 145/173 | Building mesh BLAS |      44 tris | Wrist fur.005
Fra:16 Mem:29.11M (Peak 36.08M) | Time:00:00.26 | Mem:2.90M, Peak:2.90M | Scene, ViewLayer | Updating Geometry BVH Layered shoulder fur.006 146/173 | Building BVH
Fra:16 Mem:29.11M (Peak 36.08M) | Time:00:00.26 | Mem:2.90M, Peak:2.90M | Scene, ViewLayer | Updating Geometry BVH Layered shoulder fur.006 146/173 | Building mesh BLAS |      44 tris | Layered shoulder fur.006
Fra:16 Mem:29.11M (Peak 36.08M) | Time:00:00.26 | Mem:2.90M, Peak:2.90M | Scene, ViewLayer | Updating Geometry BVH Layered shoulder fur.007 147/173 | Building BVH
Fra:16 Mem:29.11M (Peak 36.08M) | Time:00:00.26 | Mem:2.90M, Peak:2.90M | Scene, ViewLayer | Updating Geometry BVH Layered shoulder fur.007 147/173 | Building mesh BLAS |      44 tris | Layered shoulder fur.007
Fra:16 Mem:29.11M (Peak 36.08M) | Time:00:00.26 | Mem:2.92M, Peak:2.92M | Scene, ViewLayer | Updating Scene BVH | Building
Fra:16 Mem:29.12M (Peak 36.08M) | Time:00:00.28 | Mem:3.09M, Peak:3.09M | Scene, ViewLayer | Updating Scene BVH | Building TLAS      |     173 instances
Fra:16 Mem:29.12M (Peak 36.08M) | Time:00:00.28 | Mem:3.14M, Peak:3.14M | Scene, ViewLayer | Updating Scene BVH | Copying BVH to device
Fra:16 Mem:29.12M (Peak 36.08M) | Time:00:00.28 | Mem:3.14M, Peak:3.14M | Scene, ViewLayer | Updating Mesh | Computing normals
Fra:16 Mem:29.79M (Peak 36.08M) | Time:00:00.28 | Mem:3.14M, Peak:3.14M | Scene, ViewLayer | Updating Mesh | Copying Mesh to device
Fra:16 Mem:29.12M (Peak 36.08M) | Time:00:00.28 | Mem:3.83M, Peak:3.83M | Scene, ViewLayer | Updating Objects Flags
Fra:16 Mem:29.12M (Peak 36.08M) | Time:00:00.28 | Mem:3.83M, Peak:3.83M | Scene, ViewLayer | Updating Primitive Offsets
Fra:16 Mem:29.12M (Peak 36.08M) | Time:00:00.28 | Mem:3.83M, Peak:3.83M | Scene, ViewLayer | Updating Images
Fra:16 Mem:29.12M (Peak 36.08M) | Time:00:00.28 | Mem:3.83M, Peak:3.83M | Scene, ViewLayer | Updating Camera Volume
Fra:16 Mem:29.12M (Peak 36.08M) | Time:00:00.28 | Mem:3.83M, Peak:3.83M | Scene, ViewLayer | Updating Lookup Tables
Fra:16 Mem:29.04M (Peak 36.08M) | Time:00:00.28 | Mem:3.93M, Peak:3.93M | Scene, ViewLayer | Updating Lights
Fra:16 Mem:29.04M (Peak 36.08M) | Time:00:00.28 | Mem:3.93M, Peak:3.93M | Scene, ViewLayer | Updating Lights | Computing tree
Fra:16 Mem:29.04M (Peak 36.08M) | Time:00:00.28 | Mem:3.93M, Peak:3.93M | Scene, ViewLayer | Updating Integrator
Fra:16 Mem:29.04M (Peak 36.08M) | Time:00:00.28 | Mem:3.93M, Peak:3.93M | Scene, ViewLayer | Updating Film
Fra:16 Mem:29.12M (Peak 36.08M) | Time:00:00.28 | Mem:3.83M, Peak:3.93M | Scene, ViewLayer | Updating Lookup Tables
Fra:16 Mem:29.04M (Peak 36.08M) | Time:00:00.28 | Mem:3.93M, Peak:3.93M | Scene, ViewLayer | Updating Baking
Fra:16 Mem:29.04M (Peak 36.08M) | Time:00:00.28 | Mem:3.93M, Peak:3.93M | Scene, ViewLayer | Updating Device | Writing constant memory
Fra:16 Mem:29.04M (Peak 36.08M) | Time:00:00.31 | Mem:3.93M, Peak:3.93M | Scene, ViewLayer | Loading denoising kernels (may take a few minutes the first time)
Fra:16 Mem:29.04M (Peak 61.04M) | Time:00:00.32 | Mem:2819.94M, Peak:2819.94M | Scene, ViewLayer | Sample 0/12 (Using optimized kernels)
Fra:16 Mem:29.03M (Peak 64.55M) | Time:00:00.48 | Remaining:00:01.83 | Mem:2855.48M, Peak:2855.48M | Scene, ViewLayer | Sample 1/12 (Using optimized kernels)
Fra:16 Mem:43.99M (Peak 66.42M) | Time:00:02.77 | Mem:2855.49M, Peak:2855.49M | Scene, ViewLayer | Sample 12/12 (Using optimized kernels)
Fra:16 Mem:43.99M (Peak 66.42M) | Time:00:02.77 | Mem:2855.49M, Peak:2855.49M | Scene, ViewLayer | Finished
Saved: '/Users/chikumatsuboi/Code/animal-racers-western/assets/source/western/qa/form-cycle-3/after/lion-celebrate-16.png'
Time: 00:02.93 (Saving: 00:00.08)

Fra:1 Mem:33.99M (Peak 33.99M) | Time:00:00.01 | Mem:0.02M, Peak:0.02M | Scene, ViewLayer | Synchronizing object | Body • continuous sculpted skin
Fra:1 Mem:34.04M (Peak 34.04M) | Time:00:00.01 | Mem:0.02M, Peak:0.02M | Scene, ViewLayer | Synchronizing object | Paw toe.002
Fra:1 Mem:34.26M (Peak 34.26M) | Time:00:00.01 | Mem:0.02M, Peak:0.02M | Scene, ViewLayer | Synchronizing object | Paw toe.003
Fra:1 Mem:34.28M (Peak 34.28M) | Time:00:00.01 | Mem:0.02M, Peak:0.02M | Scene, ViewLayer | Synchronizing object | Paw toe.004
Fra:1 Mem:34.30M (Peak 34.30M) | Time:00:00.01 | Mem:0.02M, Peak:0.02M | Scene, ViewLayer | Synchronizing object | Ivory claw.004
Fra:1 Mem:34.31M (Peak 34.31M) | Time:00:00.01 | Mem:0.02M, Peak:0.02M | Scene, ViewLayer | Synchronizing object | Paw toe.005
Fra:1 Mem:34.31M (Peak 34.31M) | Time:00:00.01 | Mem:0.02M, Peak:0.02M | Scene, ViewLayer | Synchronizing object | Paw toe.006
Fra:1 Mem:34.33M (Peak 34.33M) | Time:00:00.01 | Mem:0.02M, Peak:0.02M | Scene, ViewLayer | Synchronizing object | Ivory claw.006
Fra:1 Mem:34.34M (Peak 34.34M) | Time:00:00.01 | Mem:0.02M, Peak:0.02M | Scene, ViewLayer | Synchronizing object | Ivory claw.007
Fra:1 Mem:34.38M (Peak 34.38M) | Time:00:00.01 | Mem:0.02M, Peak:0.02M | Scene, ViewLayer | Synchronizing object | Paw toe.008
Fra:1 Mem:34.38M (Peak 34.38M) | Time:00:00.01 | Mem:0.02M, Peak:0.02M | Scene, ViewLayer | Synchronizing object | Paw toe.009
Fra:1 Mem:34.57M (Peak 34.57M) | Time:00:00.01 | Mem:0.02M, Peak:0.02M | Scene, ViewLayer | Synchronizing object | Paw toe.010
Fra:1 Mem:34.58M (Peak 34.58M) | Time:00:00.01 | Mem:0.02M, Peak:0.02M | Scene, ViewLayer | Synchronizing object | Ivory claw.011
Fra:1 Mem:34.60M (Peak 34.62M) | Time:00:00.01 | Mem:0.02M, Peak:0.02M | Scene, ViewLayer | Synchronizing object | Cream muzzle pad
Fra:1 Mem:34.60M (Peak 34.62M) | Time:00:00.01 | Mem:0.02M, Peak:0.02M | Scene, ViewLayer | Synchronizing object | Cream muzzle pad.001
Fra:1 Mem:34.64M (Peak 34.64M) | Time:00:00.01 | Mem:0.02M, Peak:0.02M | Scene, ViewLayer | Synchronizing object | Heart shaped nose
Fra:1 Mem:34.85M (Peak 34.85M) | Time:00:00.01 | Mem:0.02M, Peak:0.02M | Scene, ViewLayer | Synchronizing object | Eye socket
Fra:1 Mem:34.86M (Peak 34.86M) | Time:00:00.01 | Mem:0.02M, Peak:0.02M | Scene, ViewLayer | Synchronizing object | Ivory eye
Fra:1 Mem:34.86M (Peak 34.86M) | Time:00:00.01 | Mem:0.02M, Peak:0.02M | Scene, ViewLayer | Synchronizing object | Pupil
Fra:1 Mem:34.88M (Peak 34.88M) | Time:00:00.01 | Mem:0.02M, Peak:0.02M | Scene, ViewLayer | Synchronizing object | Eye glint
Fra:1 Mem:34.95M (Peak 34.95M) | Time:00:00.01 | Mem:0.02M, Peak:0.02M | Scene, ViewLayer | Synchronizing object | Expressive brow
Fra:1 Mem:34.96M (Peak 34.96M) | Time:00:00.01 | Mem:0.02M, Peak:0.02M | Scene, ViewLayer | Synchronizing object | Whisker pore
Fra:1 Mem:35.01M (Peak 35.01M) | Time:00:00.01 | Mem:0.02M, Peak:0.02M | Scene, ViewLayer | Synchronizing object | Whisker pore.001
Fra:1 Mem:35.11M (Peak 35.11M) | Time:00:00.01 | Mem:0.02M, Peak:0.02M | Scene, ViewLayer | Synchronizing object | Ivory eye.001
Fra:1 Mem:35.12M (Peak 35.12M) | Time:00:00.01 | Mem:0.02M, Peak:0.02M | Scene, ViewLayer | Synchronizing object | Eye socket.001
Fra:1 Mem:35.14M (Peak 35.14M) | Time:00:00.01 | Mem:0.02M, Peak:0.02M | Scene, ViewLayer | Synchronizing object | Iris.001
Fra:1 Mem:35.15M (Peak 35.15M) | Time:00:00.01 | Mem:0.02M, Peak:0.02M | Scene, ViewLayer | Synchronizing object | Pupil.001
Fra:1 Mem:35.18M (Peak 35.18M) | Time:00:00.01 | Mem:0.02M, Peak:0.02M | Scene, ViewLayer | Synchronizing object | Eye glint.001
Fra:1 Mem:35.19M (Peak 35.19M) | Time:00:00.01 | Mem:0.02M, Peak:0.02M | Scene, ViewLayer | Synchronizing object | Smiling mouth.001
Fra:1 Mem:35.20M (Peak 35.20M) | Time:00:00.01 | Mem:0.02M, Peak:0.02M | Scene, ViewLayer | Synchronizing object | Whisker pore.003
Fra:1 Mem:35.21M (Peak 35.21M) | Time:00:00.01 | Mem:0.02M, Peak:0.02M | Scene, ViewLayer | Synchronizing object | Whisker pore.004
Fra:1 Mem:35.21M (Peak 35.21M) | Time:00:00.01 | Mem:0.02M, Peak:0.02M | Scene, ViewLayer | Synchronizing object | Whisker pore.005
Fra:1 Mem:35.22M (Peak 35.22M) | Time:00:00.01 | Mem:0.02M, Peak:0.02M | Scene, ViewLayer | Synchronizing object | Lower jaw
Fra:1 Mem:35.25M (Peak 35.25M) | Time:00:00.01 | Mem:0.02M, Peak:0.02M | Scene, ViewLayer | Synchronizing object | Mouth cavity
Fra:1 Mem:35.29M (Peak 35.29M) | Time:00:00.01 | Mem:0.02M, Peak:0.02M | Scene, ViewLayer | Synchronizing object | Lower canine
Fra:1 Mem:35.29M (Peak 35.29M) | Time:00:00.01 | Mem:0.02M, Peak:0.02M | Scene, ViewLayer | Synchronizing object | Rounded lion ear
Fra:1 Mem:35.30M (Peak 35.30M) | Time:00:00.01 | Mem:0.02M, Peak:0.02M | Scene, ViewLayer | Synchronizing object | Inner lion ear
Fra:1 Mem:35.30M (Peak 35.30M) | Time:00:00.01 | Mem:0.02M, Peak:0.02M | Scene, ViewLayer | Synchronizing object | Inner lion ear.001
Fra:1 Mem:35.39M (Peak 35.39M) | Time:00:00.01 | Mem:0.02M, Peak:0.02M | Scene, ViewLayer | Synchronizing object | Closed sculpted rear mane cap
Fra:1 Mem:35.42M (Peak 35.42M) | Time:00:00.01 | Mem:0.02M, Peak:0.02M | Scene, ViewLayer | Synchronizing object | Layered rear mane lock
Fra:1 Mem:35.49M (Peak 35.49M) | Time:00:00.01 | Mem:0.02M, Peak:0.02M | Scene, ViewLayer | Synchronizing object | Layered rear mane lock.001
Fra:1 Mem:35.53M (Peak 35.53M) | Time:00:00.01 | Mem:0.02M, Peak:0.02M | Scene, ViewLayer | Synchronizing object | Layered rear mane lock.004
Fra:1 Mem:35.53M (Peak 35.53M) | Time:00:00.01 | Mem:0.02M, Peak:0.02M | Scene, ViewLayer | Synchronizing object | Layered rear mane lock.007
Fra:1 Mem:35.54M (Peak 35.54M) | Time:00:00.01 | Mem:0.02M, Peak:0.02M | Scene, ViewLayer | Synchronizing object | Layered rear mane lock.008
Fra:1 Mem:35.54M (Peak 35.54M) | Time:00:00.01 | Mem:0.02M, Peak:0.02M | Scene, ViewLayer | Synchronizing object | Layered rear mane lock.009
Fra:1 Mem:35.56M (Peak 35.56M) | Time:00:00.01 | Mem:0.02M, Peak:0.02M | Scene, ViewLayer | Synchronizing object | Layered rear mane lock.010
Fra:1 Mem:35.57M (Peak 35.57M) | Time:00:00.01 | Mem:0.02M, Peak:0.02M | Scene, ViewLayer | Synchronizing object | Layered rear mane lock.011
Fra:1 Mem:35.57M (Peak 35.57M) | Time:00:00.01 | Mem:0.02M, Peak:0.02M | Scene, ViewLayer | Synchronizing object | Layered rear mane lock.014
Fra:1 Mem:35.58M (Peak 35.58M) | Time:00:00.01 | Mem:0.02M, Peak:0.02M | Scene, ViewLayer | Synchronizing object | Layered rear mane lock.015
Fra:1 Mem:35.59M (Peak 35.59M) | Time:00:00.01 | Mem:0.02M, Peak:0.02M | Scene, ViewLayer | Synchronizing object | Layered rear mane lock.016
Fra:1 Mem:35.60M (Peak 35.60M) | Time:00:00.01 | Mem:0.02M, Peak:0.02M | Scene, ViewLayer | Synchronizing object | Layered rear mane lock.018
Fra:1 Mem:35.61M (Peak 35.61M) | Time:00:00.01 | Mem:0.02M, Peak:0.02M | Scene, ViewLayer | Synchronizing object | Layered rear mane lock.019
Fra:1 Mem:35.62M (Peak 35.62M) | Time:00:00.01 | Mem:0.02M, Peak:0.02M | Scene, ViewLayer | Synchronizing object | Layered rear mane lock.021
Fra:1 Mem:35.62M (Peak 35.62M) | Time:00:00.01 | Mem:0.02M, Peak:0.02M | Scene, ViewLayer | Synchronizing object | Layered rear mane lock.022
Fra:1 Mem:35.63M (Peak 35.63M) | Time:00:00.01 | Mem:0.02M, Peak:0.02M | Scene, ViewLayer | Synchronizing object | Sculpted mane lock
Fra:1 Mem:35.63M (Peak 35.63M) | Time:00:00.01 | Mem:0.02M, Peak:0.02M | Scene, ViewLayer | Synchronizing object | Sculpted mane lock.001
Fra:1 Mem:35.64M (Peak 35.64M) | Time:00:00.01 | Mem:0.02M, Peak:0.02M | Scene, ViewLayer | Synchronizing object | Sculpted mane lock.002
Fra:1 Mem:35.65M (Peak 35.65M) | Time:00:00.01 | Mem:0.02M, Peak:0.02M | Scene, ViewLayer | Synchronizing object | Sculpted mane lock.003
Fra:1 Mem:35.65M (Peak 35.65M) | Time:00:00.01 | Mem:0.02M, Peak:0.02M | Scene, ViewLayer | Synchronizing object | Sculpted mane lock.005
Fra:1 Mem:35.66M (Peak 35.66M) | Time:00:00.01 | Mem:0.02M, Peak:0.02M | Scene, ViewLayer | Synchronizing object | Sculpted mane lock.007
Fra:1 Mem:35.66M (Peak 35.66M) | Time:00:00.01 | Mem:0.02M, Peak:0.02M | Scene, ViewLayer | Synchronizing object | Sky fill
Fra:1 Mem:35.67M (Peak 35.67M) | Time:00:00.01 | Mem:0.02M, Peak:0.02M | Scene, ViewLayer | Synchronizing object | Sunset key
Fra:1 Mem:35.67M (Peak 35.67M) | Time:00:00.01 | Mem:0.02M, Peak:0.02M | Scene, ViewLayer | Synchronizing object | Sculpted mane lock.009
Fra:1 Mem:35.67M (Peak 35.67M) | Time:00:00.01 | Mem:0.02M, Peak:0.02M | Scene, ViewLayer | Synchronizing object | Plane
Fra:1 Mem:35.68M (Peak 35.68M) | Time:00:00.01 | Mem:0.02M, Peak:0.02M | Scene, ViewLayer | Synchronizing object | Sculpted mane lock.010
Fra:1 Mem:35.68M (Peak 35.68M) | Time:00:00.01 | Mem:0.02M, Peak:0.02M | Scene, ViewLayer | Synchronizing object | Sculpted mane lock.011
Fra:1 Mem:35.69M (Peak 35.69M) | Time:00:00.01 | Mem:0.02M, Peak:0.02M | Scene, ViewLayer | Synchronizing object | Sculpted mane lock.012
Fra:1 Mem:35.69M (Peak 35.69M) | Time:00:00.01 | Mem:0.02M, Peak:0.02M | Scene, ViewLayer | Synchronizing object | Sculpted mane lock.013
Fra:1 Mem:35.70M (Peak 35.70M) | Time:00:00.01 | Mem:0.02M, Peak:0.02M | Scene, ViewLayer | Synchronizing object | Raised elemental crest
Fra:1 Mem:35.72M (Peak 35.72M) | Time:00:00.01 | Mem:0.02M, Peak:0.02M | Scene, ViewLayer | Synchronizing object | Sculpted mane lock.014
Fra:1 Mem:35.71M (Peak 35.72M) | Time:00:00.01 | Mem:0.02M, Peak:0.02M | Scene, ViewLayer | Synchronizing object | Brass crest clasp
Fra:1 Mem:35.73M (Peak 35.73M) | Time:00:00.01 | Mem:0.02M, Peak:0.02M | Scene, ViewLayer | Synchronizing object | Sculpted mane lock.017
Fra:1 Mem:35.76M (Peak 35.76M) | Time:00:00.01 | Mem:0.02M, Peak:0.02M | Scene, ViewLayer | Synchronizing object | Sculpted mane lock.018
Fra:1 Mem:35.75M (Peak 35.76M) | Time:00:00.01 | Mem:0.02M, Peak:0.02M | Scene, ViewLayer | Synchronizing object | Sculpted mane lock.019
Fra:1 Mem:35.75M (Peak 35.76M) | Time:00:00.01 | Mem:0.02M, Peak:0.02M | Scene, ViewLayer | Synchronizing object | Sculpted mane lock.020
Fra:1 Mem:35.77M (Peak 35.77M) | Time:00:00.01 | Mem:0.02M, Peak:0.02M | Scene, ViewLayer | Synchronizing object | Sculpted mane lock.021
Fra:1 Mem:35.78M (Peak 35.78M) | Time:00:00.01 | Mem:0.02M, Peak:0.02M | Scene, ViewLayer | Synchronizing object | Leather neckerchief roll
Fra:1 Mem:35.78M (Peak 35.78M) | Time:00:00.01 | Mem:0.02M, Peak:0.02M | Scene, ViewLayer | Synchronizing object | Sculpted mane lock.026
Fra:1 Mem:35.80M (Peak 35.80M) | Time:00:00.01 | Mem:0.02M, Peak:0.02M | Scene, ViewLayer | Synchronizing object | Sculpted mane lock.027
Fra:1 Mem:35.81M (Peak 35.81M) | Time:00:00.01 | Mem:0.02M, Peak:0.02M | Scene, ViewLayer | Synchronizing object | Sculpted mane lock.029
Fra:1 Mem:35.81M (Peak 35.81M) | Time:00:00.01 | Mem:0.02M, Peak:0.02M | Scene, ViewLayer | Synchronizing object | Sculpted mane lock.031
Fra:1 Mem:35.82M (Peak 35.82M) | Time:00:00.01 | Mem:0.02M, Peak:0.02M | Scene, ViewLayer | Synchronizing object | Flame tail tuft.006
Fra:1 Mem:35.84M (Peak 35.84M) | Time:00:00.01 | Mem:0.02M, Peak:0.02M | Scene, ViewLayer | Synchronizing object | Sculpted mane lock.032
Fra:1 Mem:35.83M (Peak 35.84M) | Time:00:00.01 | Mem:0.02M, Peak:0.02M | Scene, ViewLayer | Synchronizing object | Flame tail tuft.005
Fra:1 Mem:35.84M (Peak 35.84M) | Time:00:00.01 | Mem:0.02M, Peak:0.02M | Scene, ViewLayer | Synchronizing object | Sculpted mane lock.033
Fra:1 Mem:35.84M (Peak 35.84M) | Time:00:00.01 | Mem:0.02M, Peak:0.02M | Scene, ViewLayer | Synchronizing object | Sculpted mane lock.035
Fra:1 Mem:35.85M (Peak 35.85M) | Time:00:00.01 | Mem:0.02M, Peak:0.02M | Scene, ViewLayer | Synchronizing object | Sculpted mane lock.037
Fra:1 Mem:35.85M (Peak 35.85M) | Time:00:00.01 | Mem:0.02M, Peak:0.02M | Scene, ViewLayer | Synchronizing object | Sculpted mane lock.038
Fra:1 Mem:35.86M (Peak 35.86M) | Time:00:00.01 | Mem:0.02M, Peak:0.02M | Scene, ViewLayer | Synchronizing object | Sculpted mane lock.039
Fra:1 Mem:35.87M (Peak 35.87M) | Time:00:00.01 | Mem:0.02M, Peak:0.02M | Scene, ViewLayer | Synchronizing object | Sculpted mane lock.040
Fra:1 Mem:35.88M (Peak 35.88M) | Time:00:00.01 | Mem:0.02M, Peak:0.02M | Scene, ViewLayer | Synchronizing object | Sculpted mane lock.043
Fra:1 Mem:35.88M (Peak 35.88M) | Time:00:00.01 | Mem:0.02M, Peak:0.02M | Scene, ViewLayer | Synchronizing object | Sculpted mane lock.044
Fra:1 Mem:35.89M (Peak 35.89M) | Time:00:00.01 | Mem:0.02M, Peak:0.02M | Scene, ViewLayer | Synchronizing object | Sculpted mane lock.046
Fra:1 Mem:35.90M (Peak 35.90M) | Time:00:00.01 | Mem:0.02M, Peak:0.02M | Scene, ViewLayer | Synchronizing object | Flame tail tuft.004
Fra:1 Mem:35.90M (Peak 35.90M) | Time:00:00.01 | Mem:0.02M, Peak:0.02M | Scene, ViewLayer | Synchronizing object | Sculpted mane lock.048
Fra:1 Mem:35.91M (Peak 35.91M) | Time:00:00.01 | Mem:0.02M, Peak:0.02M | Scene, ViewLayer | Synchronizing object | Sculpted mane lock.049
Fra:1 Mem:35.92M (Peak 35.92M) | Time:00:00.01 | Mem:0.02M, Peak:0.02M | Scene, ViewLayer | Synchronizing object | Sculpted mane lock.050
Fra:1 Mem:35.93M (Peak 35.93M) | Time:00:00.01 | Mem:0.02M, Peak:0.02M | Scene, ViewLayer | Synchronizing object | Layered shoulder fur.001
Fra:1 Mem:35.93M (Peak 35.93M) | Time:00:00.01 | Mem:0.02M, Peak:0.02M | Scene, ViewLayer | Synchronizing object | Layered shoulder fur.002
Fra:1 Mem:35.94M (Peak 35.94M) | Time:00:00.01 | Mem:0.02M, Peak:0.02M | Scene, ViewLayer | Synchronizing object | Wrist fur
Fra:1 Mem:35.94M (Peak 35.94M) | Time:00:00.02 | Mem:0.02M, Peak:0.02M | Scene, ViewLayer | Synchronizing object | Wrist fur.001
Fra:1 Mem:35.94M (Peak 35.94M) | Time:00:00.02 | Mem:0.02M, Peak:0.02M | Scene, ViewLayer | Synchronizing object | Wrist fur.002
Fra:1 Mem:35.95M (Peak 35.95M) | Time:00:00.02 | Mem:0.02M, Peak:0.02M | Scene, ViewLayer | Synchronizing object | Layered shoulder fur.003
Fra:1 Mem:35.95M (Peak 35.95M) | Time:00:00.02 | Mem:0.02M, Peak:0.02M | Scene, ViewLayer | Synchronizing object | Flame tail tuft.003
Fra:1 Mem:35.96M (Peak 35.96M) | Time:00:00.02 | Mem:0.02M, Peak:0.02M | Scene, ViewLayer | Synchronizing object | Layered shoulder fur.004
Fra:1 Mem:35.98M (Peak 35.98M) | Time:00:00.02 | Mem:0.02M, Peak:0.02M | Scene, ViewLayer | Synchronizing object | Layered shoulder fur.005
Fra:1 Mem:35.97M (Peak 35.98M) | Time:00:00.02 | Mem:0.02M, Peak:0.02M | Scene, ViewLayer | Synchronizing object | Wrist fur.003
Fra:1 Mem:35.98M (Peak 35.98M) | Time:00:00.02 | Mem:0.02M, Peak:0.02M | Scene, ViewLayer | Synchronizing object | Layered shoulder fur.006
Fra:1 Mem:35.98M (Peak 35.98M) | Time:00:00.02 | Mem:0.02M, Peak:0.02M | Scene, ViewLayer | Synchronizing object | Layered shoulder fur.007
Fra:1 Mem:35.98M (Peak 35.98M) | Time:00:00.02 | Mem:0.02M, Peak:0.02M | Scene, ViewLayer | Synchronizing object | Layered shoulder fur.008
Fra:1 Mem:35.98M (Peak 35.98M) | Time:00:00.02 | Mem:0.02M, Peak:0.02M | Scene, ViewLayer | Synchronizing object | Wrist fur.006
Fra:1 Mem:35.99M (Peak 35.99M) | Time:00:00.02 | Mem:0.02M, Peak:0.02M | Scene, ViewLayer | Synchronizing object | Wrist fur.007
Fra:1 Mem:36.00M (Peak 36.00M) | Time:00:00.02 | Mem:0.02M, Peak:0.02M | Scene, ViewLayer | Synchronizing object | Wrist fur.008
Fra:1 Mem:36.00M (Peak 36.00M) | Time:00:00.02 | Mem:0.02M, Peak:0.02M | Scene, ViewLayer | Synchronizing object | Layered shoulder fur.009
Fra:1 Mem:36.01M (Peak 36.01M) | Time:00:00.02 | Mem:0.02M, Peak:0.02M | Scene, ViewLayer | Synchronizing object | Layered shoulder fur.010
Fra:1 Mem:36.01M (Peak 36.01M) | Time:00:00.02 | Mem:0.02M, Peak:0.02M | Scene, ViewLayer | Synchronizing object | Layered shoulder fur.011
Fra:1 Mem:36.01M (Peak 36.01M) | Time:00:00.02 | Mem:0.02M, Peak:0.02M | Scene, ViewLayer | Synchronizing object | Wrist fur.010
Fra:1 Mem:36.02M (Peak 36.02M) | Time:00:00.02 | Mem:0.02M, Peak:0.02M | Scene, ViewLayer | Synchronizing object | Flame tail tuft.001
Fra:1 Mem:36.02M (Peak 36.02M) | Time:00:00.02 | Mem:0.02M, Peak:0.02M | Scene, ViewLayer | Synchronizing object | Wrist fur.011
Fra:1 Mem:36.03M (Peak 36.03M) | Time:00:00.02 | Mem:0.02M, Peak:0.02M | Scene, ViewLayer | Synchronizing object | Flame tail tuft
Fra:1 Mem:36.03M (Peak 36.03M) | Time:00:00.02 | Mem:0.02M, Peak:0.02M | Scene, ViewLayer | Synchronizing object | Articulated tail
Fra:1 Mem:36.08M (Peak 36.08M) | Time:00:00.02 | Mem:0.02M, Peak:0.02M | Scene, ViewLayer | Initializing
Fra:1 Mem:33.61M (Peak 36.08M) | Time:00:00.02 | Mem:0.02M, Peak:0.02M | Scene, ViewLayer | Updating Images | Loading Authored short-fur normal
Fra:1 Mem:27.91M (Peak 36.08M) | Time:00:00.03 | Mem:0.27M, Peak:0.27M | Scene, ViewLayer | Waiting for render to start
Fra:1 Mem:27.91M (Peak 36.08M) | Time:00:00.03 | Mem:0.27M, Peak:0.27M | Scene, ViewLayer | Updating Scene
Fra:1 Mem:27.91M (Peak 36.08M) | Time:00:00.03 | Mem:0.27M, Peak:0.27M | Scene, ViewLayer | Updating Shaders
Fra:1 Mem:27.91M (Peak 36.08M) | Time:00:00.03 | Mem:0.27M, Peak:0.27M | Scene, ViewLayer | Loading render kernels (may take a few minutes the first time)
Fra:1 Mem:27.99M (Peak 36.08M) | Time:00:00.09 | Mem:0.28M, Peak:0.28M | Scene, ViewLayer | Updating Procedurals
Fra:1 Mem:27.99M (Peak 36.08M) | Time:00:00.09 | Mem:0.28M, Peak:0.28M | Scene, ViewLayer | Updating Background
Fra:1 Mem:27.99M (Peak 36.08M) | Time:00:00.09 | Mem:0.28M, Peak:0.28M | Scene, ViewLayer | Updating Camera
Fra:1 Mem:27.99M (Peak 36.08M) | Time:00:00.09 | Mem:0.28M, Peak:0.28M | Scene, ViewLayer | Updating Meshes Flags
Fra:1 Mem:27.99M (Peak 36.08M) | Time:00:00.09 | Mem:0.28M, Peak:0.28M | Scene, ViewLayer | Updating Objects
Fra:1 Mem:27.99M (Peak 36.08M) | Time:00:00.09 | Mem:0.28M, Peak:0.28M | Scene, ViewLayer | Updating Objects | Copying Transformations to device
Fra:1 Mem:27.99M (Peak 36.08M) | Time:00:00.09 | Mem:0.33M, Peak:0.33M | Scene, ViewLayer | Updating Particle Systems
Fra:1 Mem:27.99M (Peak 36.08M) | Time:00:00.09 | Mem:0.33M, Peak:0.33M | Scene, ViewLayer | Updating Particle Systems | Copying Particles to device
Fra:1 Mem:27.99M (Peak 36.08M) | Time:00:00.09 | Mem:0.33M, Peak:0.33M | Scene, ViewLayer | Updating Meshes
Fra:1 Mem:29.11M (Peak 36.08M) | Time:00:00.10 | Mem:0.33M, Peak:0.33M | Scene, ViewLayer | Updating Objects | Applying Static Transformations
Fra:1 Mem:29.11M (Peak 36.08M) | Time:00:00.10 | Mem:0.33M, Peak:0.33M | Scene, ViewLayer | Updating Mesh | Computing attributes
Fra:1 Mem:30.67M (Peak 36.08M) | Time:00:00.10 | Mem:0.36M, Peak:0.36M | Scene, ViewLayer | Updating Mesh | Copying Attributes to device
Fra:1 Mem:29.11M (Peak 36.08M) | Time:00:00.26 | Mem:1.92M, Peak:1.92M | Scene, ViewLayer | Updating Geometry BVH Paw toe 3/160 | Building BVH
Fra:1 Mem:29.11M (Peak 36.08M) | Time:00:00.26 | Mem:1.92M, Peak:1.92M | Scene, ViewLayer | Updating Geometry BVH Paw toe.002 7/173 | Building BVH
Fra:1 Mem:29.11M (Peak 36.08M) | Time:00:00.26 | Mem:1.92M, Peak:1.92M | Scene, ViewLayer | Updating Geometry BVH Paw toe.002 7/173 | Building mesh BLAS |     192 tris | Paw toe
Fra:1 Mem:29.11M (Peak 36.08M) | Time:00:00.26 | Mem:1.92M, Peak:1.92M | Scene, ViewLayer | Updating Geometry BVH Paw toe.002 7/173 | Building mesh BLAS |     192 tris | Paw toe.001
Fra:1 Mem:29.11M (Peak 36.08M) | Time:00:00.26 | Mem:1.92M, Peak:1.92M | Scene, ViewLayer | Updating Geometry BVH Paw toe.002 7/173 | Building mesh BLAS |      32 tris | Ivory claw.001
Fra:1 Mem:29.11M (Peak 36.08M) | Time:00:00.26 | Mem:1.92M, Peak:1.92M | Scene, ViewLayer | Updating Geometry BVH Paw toe.002 7/173 | Building mesh BLAS |      32 tris | Ivory claw
Fra:1 Mem:29.11M (Peak 36.08M) | Time:00:00.26 | Mem:1.92M, Peak:1.92M | Scene, ViewLayer | Updating Geometry BVH Paw toe.002 7/173 | Building mesh BLAS |     192 tris | Paw toe.002
Fra:1 Mem:29.11M (Peak 36.08M) | Time:00:00.26 | Mem:1.92M, Peak:1.92M | Scene, ViewLayer | Updating Geometry BVH Paw toe.002 7/173 | Building mesh BLAS |      32 tris | Ivory claw.002
Fra:1 Mem:29.11M (Peak 36.08M) | Time:00:00.26 | Mem:1.92M, Peak:1.92M | Scene, ViewLayer | Updating Geometry BVH Paw toe.002 7/173 | Building mesh BLAS |    4170 tris | ribcage
Fra:1 Mem:29.11M (Peak 36.08M) | Time:00:00.26 | Mem:1.92M, Peak:1.92M | Scene, ViewLayer | Updating Geometry BVH Warm rim 173/173 | Building BVH
Fra:1 Mem:29.11M (Peak 36.08M) | Time:00:00.26 | Mem:1.92M, Peak:1.92M | Scene, ViewLayer | Updating Geometry BVH Paw toe.003 9/173 | Building BVH
Fra:1 Mem:29.11M (Peak 36.08M) | Time:00:00.26 | Mem:1.92M, Peak:1.92M | Scene, ViewLayer | Updating Geometry BVH Ivory claw.003 10/173 | Building BVH
Fra:1 Mem:29.11M (Peak 36.08M) | Time:00:00.26 | Mem:1.92M, Peak:1.92M | Scene, ViewLayer | Updating Geometry BVH Sky fill 172/173 | Building BVH
Fra:1 Mem:29.11M (Peak 36.08M) | Time:00:00.26 | Mem:1.92M, Peak:1.92M | Scene, ViewLayer | Updating Geometry BVH Sky fill 172/173 | Building mesh BLAS |     192 tris | Paw toe.003
Fra:1 Mem:29.11M (Peak 36.08M) | Time:00:00.26 | Mem:1.92M, Peak:1.92M | Scene, ViewLayer | Updating Geometry BVH Sunset key 171/173 | Building BVH
Fra:1 Mem:29.11M (Peak 36.08M) | Time:00:00.26 | Mem:1.92M, Peak:1.92M | Scene, ViewLayer | Updating Geometry BVH Plane 170/173 | Building BVH
Fra:1 Mem:29.11M (Peak 36.08M) | Time:00:00.26 | Mem:1.92M, Peak:1.92M | Scene, ViewLayer | Updating Geometry BVH Plane 170/173 | Building mesh BLAS |       2 tris | Plane
Fra:1 Mem:29.11M (Peak 36.08M) | Time:00:00.26 | Mem:1.92M, Peak:1.92M | Scene, ViewLayer | Updating Geometry BVH Plane 170/173 | Building mesh BLAS |     192 tris | Paw toe.004
Fra:1 Mem:29.11M (Peak 36.08M) | Time:00:00.26 | Mem:1.92M, Peak:1.92M | Scene, ViewLayer | Updating Geometry BVH Ivory claw.004 12/173 | Building BVH
Fra:1 Mem:29.11M (Peak 36.08M) | Time:00:00.26 | Mem:1.92M, Peak:1.92M | Scene, ViewLayer | Updating Geometry BVH Ivory claw.004 12/173 | Building mesh BLAS |      32 tris | Ivory claw.004
Fra:1 Mem:29.11M (Peak 36.08M) | Time:00:00.26 | Mem:1.92M, Peak:1.92M | Scene, ViewLayer | Updating Geometry BVH Paw toe.005 13/173 | Building BVH
Fra:1 Mem:29.11M (Peak 36.08M) | Time:00:00.26 | Mem:1.92M, Peak:1.92M | Scene, ViewLayer | Updating Geometry BVH Paw toe.005 13/173 | Building mesh BLAS |     192 tris | Paw toe.005
Fra:1 Mem:29.11M (Peak 36.08M) | Time:00:00.26 | Mem:1.92M, Peak:1.92M | Scene, ViewLayer | Updating Geometry BVH Raised elemental crest 169/173 | Building BVH
Fra:1 Mem:29.11M (Peak 36.08M) | Time:00:00.26 | Mem:1.92M, Peak:1.92M | Scene, ViewLayer | Updating Geometry BVH Raised elemental crest 169/173 | Building mesh BLAS |      36 tris | Raised elemental crest
Fra:1 Mem:29.11M (Peak 36.08M) | Time:00:00.26 | Mem:1.92M, Peak:1.92M | Scene, ViewLayer | Updating Geometry BVH Ivory claw.007 18/173 | Building BVH
Fra:1 Mem:29.11M (Peak 36.08M) | Time:00:00.26 | Mem:1.92M, Peak:1.92M | Scene, ViewLayer | Updating Geometry BVH Ivory claw.007 18/173 | Building mesh BLAS |     192 tris | Paw toe.007
Fra:1 Mem:29.11M (Peak 36.08M) | Time:00:00.26 | Mem:1.92M, Peak:1.92M | Scene, ViewLayer | Updating Geometry BVH Paw toe.008 19/173 | Building BVH
Fra:1 Mem:29.11M (Peak 36.08M) | Time:00:00.26 | Mem:1.92M, Peak:1.92M | Scene, ViewLayer | Updating Geometry BVH Paw toe.008 19/173 | Building mesh BLAS |      32 tris | Ivory claw.005
Fra:1 Mem:29.11M (Peak 36.08M) | Time:00:00.26 | Mem:1.92M, Peak:1.92M | Scene, ViewLayer | Updating Geometry BVH Brass crest clasp 168/173 | Building BVH
Fra:1 Mem:29.11M (Peak 36.08M) | Time:00:00.26 | Mem:1.92M, Peak:1.92M | Scene, ViewLayer | Updating Geometry BVH Brass crest clasp 168/173 | Building mesh BLAS |      32 tris | Ivory claw.007
Fra:1 Mem:29.11M (Peak 36.08M) | Time:00:00.26 | Mem:1.92M, Peak:1.92M | Scene, ViewLayer | Updating Geometry BVH Ivory claw.008 20/173 | Building BVH
Fra:1 Mem:29.11M (Peak 36.08M) | Time:00:00.26 | Mem:1.92M, Peak:1.92M | Scene, ViewLayer | Updating Geometry BVH Ivory claw.008 20/173 | Building mesh BLAS |      32 tris | Ivory claw.008
Fra:1 Mem:29.11M (Peak 36.08M) | Time:00:00.26 | Mem:1.92M, Peak:1.92M | Scene, ViewLayer | Updating Geometry BVH Ivory claw.008 20/173 | Building mesh BLAS |     192 tris | Paw toe.008
Fra:1 Mem:29.11M (Peak 36.08M) | Time:00:00.26 | Mem:1.92M, Peak:1.92M | Scene, ViewLayer | Updating Geometry BVH Paw toe.009 21/173 | Building BVH
Fra:1 Mem:29.11M (Peak 36.08M) | Time:00:00.26 | Mem:1.92M, Peak:1.92M | Scene, ViewLayer | Updating Geometry BVH Ivory claw.009 22/173 | Building mesh BLAS |     192 tris | Paw toe.009
Fra:1 Mem:29.11M (Peak 36.08M) | Time:00:00.26 | Mem:1.92M, Peak:1.92M | Scene, ViewLayer | Updating Geometry BVH Ivory claw.009 22/173 | Building mesh BLAS |      32 tris | Ivory claw.009
Fra:1 Mem:29.11M (Peak 36.08M) | Time:00:00.26 | Mem:1.92M, Peak:1.92M | Scene, ViewLayer | Updating Geometry BVH Ivory claw.009 22/173 | Building mesh BLAS |      32 tris | Ivory claw.006
Fra:1 Mem:29.11M (Peak 36.08M) | Time:00:00.26 | Mem:1.92M, Peak:1.92M | Scene, ViewLayer | Updating Geometry BVH Ivory claw.009 22/173 | Building mesh BLAS |     192 tris | Paw toe.006
Fra:1 Mem:29.11M (Peak 36.08M) | Time:00:00.26 | Mem:1.92M, Peak:1.92M | Scene, ViewLayer | Updating Geometry BVH Paw toe.010 23/173 | Building BVH
Fra:1 Mem:29.11M (Peak 36.08M) | Time:00:00.26 | Mem:1.92M, Peak:1.92M | Scene, ViewLayer | Updating Geometry BVH Paw toe.010 23/173 | Building mesh BLAS |     192 tris | Paw toe.010
Fra:1 Mem:29.11M (Peak 36.08M) | Time:00:00.26 | Mem:1.92M, Peak:1.92M | Scene, ViewLayer | Updating Geometry BVH Ivory claw.010 24/173 | Building BVH
Fra:1 Mem:29.11M (Peak 36.08M) | Time:00:00.26 | Mem:1.92M, Peak:1.92M | Scene, ViewLayer | Updating Geometry BVH Ivory claw.010 24/173 | Building mesh BLAS |      32 tris | Ivory claw.010
Fra:1 Mem:29.11M (Peak 36.08M) | Time:00:00.26 | Mem:1.92M, Peak:1.92M | Scene, ViewLayer | Updating Geometry BVH Paw toe.011 25/173 | Building BVH
Fra:1 Mem:29.11M (Peak 36.08M) | Time:00:00.26 | Mem:1.92M, Peak:1.92M | Scene, ViewLayer | Updating Geometry BVH Paw toe.011 25/173 | Building mesh BLAS |     192 tris | Paw toe.011
Fra:1 Mem:29.11M (Peak 36.08M) | Time:00:00.26 | Mem:1.92M, Peak:1.92M | Scene, ViewLayer | Updating Geometry BVH Neckerchief folded point 167/173 | Building BVH
Fra:1 Mem:29.11M (Peak 36.08M) | Time:00:00.26 | Mem:1.92M, Peak:1.92M | Scene, ViewLayer | Updating Geometry BVH Neckerchief folded point 167/173 | Building mesh BLAS |       4 tris | Neckerchief folded point
Fra:1 Mem:29.11M (Peak 36.08M) | Time:00:00.26 | Mem:1.92M, Peak:1.92M | Scene, ViewLayer | Updating Geometry BVH Ivory claw.011 26/173 | Building BVH
Fra:1 Mem:29.11M (Peak 36.08M) | Time:00:00.26 | Mem:1.92M, Peak:1.92M | Scene, ViewLayer | Updating Geometry BVH Skull 27/173 | Building BVH
Fra:1 Mem:29.11M (Peak 36.08M) | Time:00:00.26 | Mem:1.92M, Peak:1.92M | Scene, ViewLayer | Updating Geometry BVH Cream muzzle pad 28/173 | Building mesh BLAS |    2832 tris | Skull
Fra:1 Mem:29.11M (Peak 36.08M) | Time:00:00.26 | Mem:1.92M, Peak:1.92M | Scene, ViewLayer | Updating Geometry BVH Cream muzzle pad 28/173 | Building mesh BLAS |     480 tris | Cream muzzle pad
Fra:1 Mem:29.11M (Peak 36.08M) | Time:00:00.26 | Mem:1.92M, Peak:1.92M | Scene, ViewLayer | Updating Geometry BVH Heart shaped nose 30/173 | Building BVH
Fra:1 Mem:29.11M (Peak 36.08M) | Time:00:00.26 | Mem:1.92M, Peak:1.92M | Scene, ViewLayer | Updating Geometry BVH Eye socket 31/173 | Building BVH
Fra:1 Mem:29.11M (Peak 36.08M) | Time:00:00.26 | Mem:1.92M, Peak:1.92M | Scene, ViewLayer | Updating Geometry BVH Iris 33/173 | Building BVH
Fra:1 Mem:29.11M (Peak 36.08M) | Time:00:00.26 | Mem:1.92M, Peak:1.92M | Scene, ViewLayer | Updating Geometry BVH Pupil 34/173 | Building BVH
Fra:1 Mem:29.11M (Peak 36.08M) | Time:00:00.26 | Mem:1.92M, Peak:1.92M | Scene, ViewLayer | Updating Geometry BVH Pupil 34/173 | Building mesh BLAS |     320 tris | Pupil
Fra:1 Mem:29.11M (Peak 36.08M) | Time:00:00.26 | Mem:1.92M, Peak:1.92M | Scene, ViewLayer | Updating Geometry BVH Eye glint 35/173 | Building BVH
Fra:1 Mem:29.11M (Peak 36.08M) | Time:00:00.26 | Mem:1.92M, Peak:1.92M | Scene, ViewLayer | Updating Geometry BVH Eye glint 35/173 | Building mesh BLAS |     192 tris | Eye glint
Fra:1 Mem:29.11M (Peak 36.08M) | Time:00:00.26 | Mem:1.92M, Peak:1.92M | Scene, ViewLayer | Updating Geometry BVH Expressive brow 36/173 | Building BVH
Fra:1 Mem:29.11M (Peak 36.08M) | Time:00:00.26 | Mem:1.92M, Peak:1.92M | Scene, ViewLayer | Updating Geometry BVH Expressive brow 36/173 | Building mesh BLAS |      44 tris | Expressive brow
Fra:1 Mem:29.11M (Peak 36.08M) | Time:00:00.26 | Mem:1.92M, Peak:1.92M | Scene, ViewLayer | Updating Geometry BVH Expressive brow 36/173 | Building mesh BLAS |      76 tris | Leather neckerchief roll
Fra:1 Mem:29.11M (Peak 36.08M) | Time:00:00.26 | Mem:1.92M, Peak:1.92M | Scene, ViewLayer | Updating Geometry BVH Expressive brow 36/173 | Building mesh BLAS |     480 tris | Eye socket
Fra:1 Mem:29.11M (Peak 36.08M) | Time:00:00.26 | Mem:1.92M, Peak:1.92M | Scene, ViewLayer | Updating Geometry BVH Expressive brow 36/173 | Building mesh BLAS |     480 tris | Ivory eye
Fra:1 Mem:29.11M (Peak 36.08M) | Time:00:00.26 | Mem:1.92M, Peak:1.92M | Scene, ViewLayer | Updating Geometry BVH Smiling mouth 37/173 | Building BVH
Fra:1 Mem:29.11M (Peak 36.08M) | Time:00:00.26 | Mem:1.92M, Peak:1.92M | Scene, ViewLayer | Updating Geometry BVH Whisker pore 38/173 | Building BVH
Fra:1 Mem:29.11M (Peak 36.08M) | Time:00:00.26 | Mem:1.92M, Peak:1.92M | Scene, ViewLayer | Updating Geometry BVH Whisker pore 38/173 | Building mesh BLAS |      64 tris | Whisker pore
Fra:1 Mem:29.11M (Peak 36.08M) | Time:00:00.26 | Mem:1.92M, Peak:1.92M | Scene, ViewLayer | Updating Geometry BVH Whisker pore.001 39/173 | Building BVH
Fra:1 Mem:29.11M (Peak 36.08M) | Time:00:00.26 | Mem:1.92M, Peak:1.92M | Scene, ViewLayer | Updating Geometry BVH Whisker pore.002 40/173 | Building BVH
Fra:1 Mem:29.11M (Peak 36.08M) | Time:00:00.26 | Mem:1.92M, Peak:1.92M | Scene, ViewLayer | Updating Geometry BVH Whisker pore.002 40/173 | Building mesh BLAS |      64 tris | Whisker pore.001
Fra:1 Mem:29.11M (Peak 36.08M) | Time:00:00.26 | Mem:1.92M, Peak:1.92M | Scene, ViewLayer | Updating Geometry BVH Whisker pore.002 40/173 | Building mesh BLAS |      64 tris | Whisker pore.002
Fra:1 Mem:29.11M (Peak 36.08M) | Time:00:00.26 | Mem:1.92M, Peak:1.92M | Scene, ViewLayer | Updating Geometry BVH Eye socket.001 41/173 | Building BVH
Fra:1 Mem:29.11M (Peak 36.08M) | Time:00:00.26 | Mem:1.92M, Peak:1.92M | Scene, ViewLayer | Updating Geometry BVH Eye socket.001 41/173 | Building mesh BLAS |     480 tris | Eye socket.001
Fra:1 Mem:29.11M (Peak 36.08M) | Time:00:00.26 | Mem:1.92M, Peak:1.92M | Scene, ViewLayer | Updating Geometry BVH Flame tail tuft.006 165/173 | Building BVH
Fra:1 Mem:29.11M (Peak 36.08M) | Time:00:00.26 | Mem:1.92M, Peak:1.92M | Scene, ViewLayer | Updating Geometry BVH Iris.001 43/173 | Building BVH
Fra:1 Mem:29.11M (Peak 36.08M) | Time:00:00.26 | Mem:1.92M, Peak:1.92M | Scene, ViewLayer | Updating Geometry BVH Iris.001 43/173 | Building mesh BLAS |      44 tris | Flame tail tuft.006
Fra:1 Mem:29.11M (Peak 36.08M) | Time:00:00.26 | Mem:1.92M, Peak:1.92M | Scene, ViewLayer | Updating Geometry BVH Iris.001 43/173 | Building mesh BLAS |     480 tris | Ivory eye.001
Fra:1 Mem:29.11M (Peak 36.08M) | Time:00:00.26 | Mem:1.92M, Peak:1.92M | Scene, ViewLayer | Updating Geometry BVH Pupil.001 44/173 | Building BVH
Fra:1 Mem:29.11M (Peak 36.08M) | Time:00:00.26 | Mem:1.92M, Peak:1.92M | Scene, ViewLayer | Updating Geometry BVH Eye glint.001 45/173 | Building BVH
Fra:1 Mem:29.11M (Peak 36.08M) | Time:00:00.26 | Mem:1.92M, Peak:1.92M | Scene, ViewLayer | Updating Geometry BVH Eye glint.001 45/173 | Building mesh BLAS |     480 tris | Iris.001
Fra:1 Mem:29.11M (Peak 36.08M) | Time:00:00.26 | Mem:1.92M, Peak:1.92M | Scene, ViewLayer | Updating Geometry BVH Expressive brow.001 46/173 | Building mesh BLAS |     192 tris | Eye glint.001
Fra:1 Mem:29.11M (Peak 36.08M) | Time:00:00.26 | Mem:1.92M, Peak:1.92M | Scene, ViewLayer | Updating Geometry BVH Smiling mouth.001 47/173 | Building BVH
Fra:1 Mem:29.11M (Peak 36.08M) | Time:00:00.26 | Mem:1.92M, Peak:1.92M | Scene, ViewLayer | Updating Geometry BVH Smiling mouth.001 47/173 | Building mesh BLAS |      32 tris | Smiling mouth.001
Fra:1 Mem:29.11M (Peak 36.08M) | Time:00:00.26 | Mem:1.92M, Peak:1.92M | Scene, ViewLayer | Updating Geometry BVH Whisker pore.003 48/173 | Building BVH
Fra:1 Mem:29.11M (Peak 36.08M) | Time:00:00.26 | Mem:1.92M, Peak:1.92M | Scene, ViewLayer | Updating Geometry BVH Whisker pore.004 49/173 | Building BVH
Fra:1 Mem:29.11M (Peak 36.08M) | Time:00:00.26 | Mem:1.92M, Peak:1.92M | Scene, ViewLayer | Updating Geometry BVH Whisker pore.004 49/173 | Building mesh BLAS |      64 tris | Whisker pore.004
Fra:1 Mem:29.11M (Peak 36.08M) | Time:00:00.26 | Mem:1.92M, Peak:1.92M | Scene, ViewLayer | Updating Geometry BVH Whisker pore.004 49/173 | Building mesh BLAS |      44 tris | Expressive brow.001
Fra:1 Mem:29.11M (Peak 36.08M) | Time:00:00.26 | Mem:1.92M, Peak:1.92M | Scene, ViewLayer | Updating Geometry BVH Whisker pore.005 50/173 | Building BVH
Fra:1 Mem:29.11M (Peak 36.08M) | Time:00:00.26 | Mem:1.92M, Peak:1.92M | Scene, ViewLayer | Updating Geometry BVH Whisker pore.005 50/173 | Building mesh BLAS |      64 tris | Whisker pore.005
Fra:1 Mem:29.11M (Peak 36.08M) | Time:00:00.26 | Mem:1.92M, Peak:1.92M | Scene, ViewLayer | Updating Geometry BVH Lower jaw 51/173 | Building BVH
Fra:1 Mem:29.11M (Peak 36.08M) | Time:00:00.26 | Mem:1.92M, Peak:1.92M | Scene, ViewLayer | Updating Geometry BVH Lower jaw 51/173 | Building mesh BLAS |     400 tris | Lower jaw
Fra:1 Mem:29.11M (Peak 36.08M) | Time:00:00.26 | Mem:1.92M, Peak:1.92M | Scene, ViewLayer | Updating Geometry BVH Mouth cavity 52/173 | Building BVH
Fra:1 Mem:29.11M (Peak 36.08M) | Time:00:00.26 | Mem:1.92M, Peak:1.92M | Scene, ViewLayer | Updating Geometry BVH Mouth cavity 52/173 | Building mesh BLAS |     360 tris | Mouth cavity
Fra:1 Mem:29.11M (Peak 36.08M) | Time:00:00.26 | Mem:1.92M, Peak:1.92M | Scene, ViewLayer | Updating Geometry BVH Flame tail tuft.005 164/173 | Building BVH
Fra:1 Mem:29.11M (Peak 36.08M) | Time:00:00.26 | Mem:1.92M, Peak:1.92M | Scene, ViewLayer | Updating Geometry BVH Flame tail tuft.005 164/173 | Building mesh BLAS |      44 tris | Flame tail tuft.005
Fra:1 Mem:29.11M (Peak 36.08M) | Time:00:00.26 | Mem:1.92M, Peak:1.92M | Scene, ViewLayer | Updating Geometry BVH Lower canine 53/173 | Building BVH
Fra:1 Mem:29.11M (Peak 36.08M) | Time:00:00.26 | Mem:1.92M, Peak:1.92M | Scene, ViewLayer | Updating Geometry BVH Lower canine 53/173 | Building mesh BLAS |      38 tris | Lower canine
Fra:1 Mem:29.11M (Peak 36.08M) | Time:00:00.26 | Mem:1.92M, Peak:1.92M | Scene, ViewLayer | Updating Geometry BVH Lower canine.001 54/173 | Building BVH
Fra:1 Mem:29.11M (Peak 36.08M) | Time:00:00.26 | Mem:1.92M, Peak:1.92M | Scene, ViewLayer | Updating Geometry BVH Rounded lion ear 55/173 | Building BVH
Fra:1 Mem:29.11M (Peak 36.08M) | Time:00:00.26 | Mem:1.92M, Peak:1.92M | Scene, ViewLayer | Updating Geometry BVH Rounded lion ear 55/173 | Building mesh BLAS |      38 tris | Lower canine.001
Fra:1 Mem:29.11M (Peak 36.08M) | Time:00:00.26 | Mem:1.92M, Peak:1.92M | Scene, ViewLayer | Updating Geometry BVH Inner lion ear 56/173 | Building BVH
Fra:1 Mem:29.11M (Peak 36.08M) | Time:00:00.26 | Mem:1.92M, Peak:1.92M | Scene, ViewLayer | Updating Geometry BVH Rounded lion ear.001 57/173 | Building BVH
Fra:1 Mem:29.11M (Peak 36.08M) | Time:00:00.26 | Mem:1.92M, Peak:1.92M | Scene, ViewLayer | Updating Geometry BVH Inner lion ear.001 58/173 | Building mesh BLAS |     320 tris | Inner lion ear
Fra:1 Mem:29.11M (Peak 36.08M) | Time:00:00.26 | Mem:1.92M, Peak:1.92M | Scene, ViewLayer | Updating Geometry BVH Flame tail tuft.004 163/173 | Building BVH
Fra:1 Mem:29.11M (Peak 36.08M) | Time:00:00.26 | Mem:1.92M, Peak:1.92M | Scene, ViewLayer | Updating Geometry BVH Flame tail tuft.004 163/173 | Building mesh BLAS |     432 tris | Rounded lion ear.001
Fra:1 Mem:29.11M (Peak 36.08M) | Time:00:00.26 | Mem:1.92M, Peak:1.92M | Scene, ViewLayer | Updating Geometry BVH Closed sculpted rear mane cap 59/173 | Building BVH
Fra:1 Mem:29.11M (Peak 36.08M) | Time:00:00.26 | Mem:1.92M, Peak:1.92M | Scene, ViewLayer | Updating Geometry BVH Closed sculpted rear mane cap 59/173 | Building mesh BLAS |      44 tris | Flame tail tuft.004
Fra:1 Mem:29.11M (Peak 36.08M) | Time:00:00.26 | Mem:1.92M, Peak:1.92M | Scene, ViewLayer | Updating Geometry BVH Closed sculpted rear mane cap 59/173 | Building mesh BLAS |     320 tris | Inner lion ear.001
Fra:1 Mem:29.11M (Peak 36.08M) | Time:00:00.26 | Mem:1.92M, Peak:1.92M | Scene, ViewLayer | Updating Geometry BVH Closed sculpted rear mane cap 59/173 | Building mesh BLAS |     332 tris | Closed sculpted rear mane cap
Fra:1 Mem:29.11M (Peak 36.08M) | Time:00:00.26 | Mem:1.92M, Peak:1.92M | Scene, ViewLayer | Updating Geometry BVH Layered rear mane lock 60/173 | Building BVH
Fra:1 Mem:29.11M (Peak 36.08M) | Time:00:00.26 | Mem:1.92M, Peak:1.92M | Scene, ViewLayer | Updating Geometry BVH Layered rear mane lock 60/173 | Building mesh BLAS |      60 tris | Layered rear mane lock
Fra:1 Mem:29.11M (Peak 36.08M) | Time:00:00.26 | Mem:1.92M, Peak:1.92M | Scene, ViewLayer | Updating Geometry BVH Layered rear mane lock.001 61/173 | Building BVH
Fra:1 Mem:29.11M (Peak 36.08M) | Time:00:00.27 | Mem:1.92M, Peak:1.92M | Scene, ViewLayer | Updating Geometry BVH Layered rear mane lock.002 62/173 | Building BVH
Fra:1 Mem:29.11M (Peak 36.08M) | Time:00:00.27 | Mem:1.92M, Peak:1.92M | Scene, ViewLayer | Updating Geometry BVH Layered rear mane lock.003 63/173 | Building BVH
Fra:1 Mem:29.11M (Peak 36.08M) | Time:00:00.27 | Mem:1.92M, Peak:1.92M | Scene, ViewLayer | Updating Geometry BVH Layered rear mane lock.003 63/173 | Building mesh BLAS |      60 tris | Layered rear mane lock.002
Fra:1 Mem:29.11M (Peak 36.08M) | Time:00:00.27 | Mem:1.92M, Peak:1.92M | Scene, ViewLayer | Updating Geometry BVH Layered rear mane lock.005 65/173 | Building BVH
Fra:1 Mem:29.11M (Peak 36.08M) | Time:00:00.27 | Mem:1.92M, Peak:1.92M | Scene, ViewLayer | Updating Geometry BVH Flame tail tuft.003 162/173 | Building BVH
Fra:1 Mem:29.11M (Peak 36.08M) | Time:00:00.27 | Mem:1.92M, Peak:1.92M | Scene, ViewLayer | Updating Geometry BVH Flame tail tuft.003 162/173 | Building mesh BLAS |      60 tris | Layered rear mane lock.005
Fra:1 Mem:29.11M (Peak 36.08M) | Time:00:00.27 | Mem:1.92M, Peak:1.92M | Scene, ViewLayer | Updating Geometry BVH Flame tail tuft.003 162/173 | Building mesh BLAS |      60 tris | Layered rear mane lock.004
Fra:1 Mem:29.11M (Peak 36.08M) | Time:00:00.27 | Mem:1.92M, Peak:1.92M | Scene, ViewLayer | Updating Geometry BVH Flame tail tuft.003 162/173 | Building mesh BLAS |      44 tris | Flame tail tuft.003
Fra:1 Mem:29.11M (Peak 36.08M) | Time:00:00.27 | Mem:1.92M, Peak:1.92M | Scene, ViewLayer | Updating Geometry BVH Layered rear mane lock.006 66/173 | Building BVH
Fra:1 Mem:29.11M (Peak 36.08M) | Time:00:00.27 | Mem:1.92M, Peak:1.92M | Scene, ViewLayer | Updating Geometry BVH Layered rear mane lock.007 67/173 | Building BVH
Fra:1 Mem:29.11M (Peak 36.08M) | Time:00:00.27 | Mem:1.92M, Peak:1.92M | Scene, ViewLayer | Updating Geometry BVH Layered rear mane lock.007 67/173 | Building mesh BLAS |      60 tris | Layered rear mane lock.006
Fra:1 Mem:29.11M (Peak 36.08M) | Time:00:00.27 | Mem:1.92M, Peak:1.92M | Scene, ViewLayer | Updating Geometry BVH Layered rear mane lock.007 67/173 | Building mesh BLAS |      60 tris | Layered rear mane lock.007
Fra:1 Mem:29.11M (Peak 36.08M) | Time:00:00.27 | Mem:1.92M, Peak:1.92M | Scene, ViewLayer | Updating Geometry BVH Layered rear mane lock.008 68/173 | Building BVH
Fra:1 Mem:29.11M (Peak 36.08M) | Time:00:00.27 | Mem:1.92M, Peak:1.92M | Scene, ViewLayer | Updating Geometry BVH Layered rear mane lock.009 69/173 | Building BVH
Fra:1 Mem:29.11M (Peak 36.08M) | Time:00:00.27 | Mem:1.92M, Peak:1.92M | Scene, ViewLayer | Updating Geometry BVH Layered rear mane lock.009 69/173 | Building mesh BLAS |      60 tris | Layered rear mane lock.008
Fra:1 Mem:29.11M (Peak 36.08M) | Time:00:00.27 | Mem:1.92M, Peak:1.92M | Scene, ViewLayer | Updating Geometry BVH Layered rear mane lock.009 69/173 | Building mesh BLAS |      60 tris | Layered rear mane lock.009
Fra:1 Mem:29.11M (Peak 36.08M) | Time:00:00.27 | Mem:1.92M, Peak:1.92M | Scene, ViewLayer | Updating Geometry BVH Layered rear mane lock.010 70/173 | Building BVH
Fra:1 Mem:29.11M (Peak 36.08M) | Time:00:00.27 | Mem:1.92M, Peak:1.92M | Scene, ViewLayer | Updating Geometry BVH Layered rear mane lock.010 70/173 | Building mesh BLAS |      60 tris | Layered rear mane lock.010
Fra:1 Mem:29.11M (Peak 36.08M) | Time:00:00.27 | Mem:1.92M, Peak:1.92M | Scene, ViewLayer | Updating Geometry BVH Layered rear mane lock.011 71/173 | Building BVH
Fra:1 Mem:29.11M (Peak 36.08M) | Time:00:00.27 | Mem:1.92M, Peak:1.92M | Scene, ViewLayer | Updating Geometry BVH Layered rear mane lock.011 71/173 | Building mesh BLAS |      60 tris | Layered rear mane lock.011
Fra:1 Mem:29.11M (Peak 36.08M) | Time:00:00.27 | Mem:1.93M, Peak:1.93M | Scene, ViewLayer | Updating Geometry BVH Layered rear mane lock.012 72/173 | Building BVH
Fra:1 Mem:29.11M (Peak 36.08M) | Time:00:00.27 | Mem:1.93M, Peak:1.93M | Scene, ViewLayer | Updating Geometry BVH Flame tail tuft.002 161/173 | Building BVH
Fra:1 Mem:29.11M (Peak 36.08M) | Time:00:00.27 | Mem:1.93M, Peak:1.93M | Scene, ViewLayer | Updating Geometry BVH Flame tail tuft.002 161/173 | Building mesh BLAS |      60 tris | Layered rear mane lock.012
Fra:1 Mem:29.11M (Peak 36.08M) | Time:00:00.27 | Mem:1.93M, Peak:1.93M | Scene, ViewLayer | Updating Geometry BVH Flame tail tuft.002 161/173 | Building mesh BLAS |      44 tris | Flame tail tuft.002
Fra:1 Mem:29.11M (Peak 36.08M) | Time:00:00.27 | Mem:1.93M, Peak:1.93M | Scene, ViewLayer | Updating Geometry BVH Layered rear mane lock.013 73/173 | Building BVH
Fra:1 Mem:29.11M (Peak 36.08M) | Time:00:00.27 | Mem:1.93M, Peak:1.93M | Scene, ViewLayer | Updating Geometry BVH Layered rear mane lock.013 73/173 | Building mesh BLAS |      60 tris | Layered rear mane lock.013
Fra:1 Mem:29.11M (Peak 36.08M) | Time:00:00.27 | Mem:1.93M, Peak:1.93M | Scene, ViewLayer | Updating Geometry BVH Layered rear mane lock.014 74/173 | Building BVH
Fra:1 Mem:29.11M (Peak 36.08M) | Time:00:00.27 | Mem:1.93M, Peak:1.93M | Scene, ViewLayer | Updating Geometry BVH Layered rear mane lock.015 75/173 | Building BVH
Fra:1 Mem:29.11M (Peak 36.08M) | Time:00:00.27 | Mem:1.93M, Peak:1.93M | Scene, ViewLayer | Updating Geometry BVH Layered rear mane lock.015 75/173 | Building mesh BLAS |      60 tris | Layered rear mane lock.014
Fra:1 Mem:29.11M (Peak 36.08M) | Time:00:00.27 | Mem:1.93M, Peak:1.93M | Scene, ViewLayer | Updating Geometry BVH Layered rear mane lock.015 75/173 | Building mesh BLAS |      60 tris | Layered rear mane lock.015
Fra:1 Mem:29.11M (Peak 36.08M) | Time:00:00.27 | Mem:1.93M, Peak:1.93M | Scene, ViewLayer | Updating Geometry BVH Layered rear mane lock.016 76/173 | Building BVH
Fra:1 Mem:29.11M (Peak 36.08M) | Time:00:00.27 | Mem:1.93M, Peak:1.93M | Scene, ViewLayer | Updating Geometry BVH Layered rear mane lock.016 76/173 | Building mesh BLAS |      60 tris | Layered rear mane lock.016
Fra:1 Mem:29.11M (Peak 36.08M) | Time:00:00.27 | Mem:1.93M, Peak:1.93M | Scene, ViewLayer | Updating Geometry BVH Layered rear mane lock.018 78/173 | Building BVH
Fra:1 Mem:29.11M (Peak 36.08M) | Time:00:00.27 | Mem:1.93M, Peak:1.93M | Scene, ViewLayer | Updating Geometry BVH Layered rear mane lock.018 78/173 | Building mesh BLAS |      60 tris | Layered rear mane lock.018
Fra:1 Mem:29.11M (Peak 36.08M) | Time:00:00.27 | Mem:1.95M, Peak:1.95M | Scene, ViewLayer | Updating Geometry BVH Layered rear mane lock.018 78/173 | Building mesh BLAS |      60 tris | Layered rear mane lock.017
Fra:1 Mem:29.11M (Peak 36.08M) | Time:00:00.27 | Mem:1.95M, Peak:1.95M | Scene, ViewLayer | Updating Geometry BVH Flame tail tuft.001 160/173 | Building BVH
Fra:1 Mem:29.11M (Peak 36.08M) | Time:00:00.27 | Mem:1.95M, Peak:1.95M | Scene, ViewLayer | Updating Geometry BVH Layered rear mane lock.019 79/173 | Building BVH
Fra:1 Mem:29.11M (Peak 36.08M) | Time:00:00.27 | Mem:1.95M, Peak:1.95M | Scene, ViewLayer | Updating Geometry BVH Layered rear mane lock.019 79/173 | Building mesh BLAS |      60 tris | Layered rear mane lock.019
Fra:1 Mem:29.11M (Peak 36.08M) | Time:00:00.27 | Mem:1.95M, Peak:1.95M | Scene, ViewLayer | Updating Geometry BVH Layered rear mane lock.020 80/173 | Building BVH
Fra:1 Mem:29.11M (Peak 36.08M) | Time:00:00.27 | Mem:2.15M, Peak:2.15M | Scene, ViewLayer | Updating Geometry BVH Layered rear mane lock.020 80/173 | Building mesh BLAS |      60 tris | Layered rear mane lock.020
Fra:1 Mem:29.11M (Peak 36.08M) | Time:00:00.27 | Mem:2.15M, Peak:2.15M | Scene, ViewLayer | Updating Geometry BVH Layered rear mane lock.021 81/173 | Building BVH
Fra:1 Mem:29.11M (Peak 36.08M) | Time:00:00.27 | Mem:2.15M, Peak:2.15M | Scene, ViewLayer | Updating Geometry BVH Layered rear mane lock.022 82/173 | Building BVH
Fra:1 Mem:29.11M (Peak 36.08M) | Time:00:00.27 | Mem:2.15M, Peak:2.15M | Scene, ViewLayer | Updating Geometry BVH Layered rear mane lock.022 82/173 | Building mesh BLAS |      60 tris | Layered rear mane lock.021
Fra:1 Mem:29.11M (Peak 36.08M) | Time:00:00.27 | Mem:2.15M, Peak:2.15M | Scene, ViewLayer | Updating Geometry BVH Layered rear mane lock.022 82/173 | Building mesh BLAS |      60 tris | Layered rear mane lock.022
Fra:1 Mem:29.11M (Peak 36.08M) | Time:00:00.27 | Mem:2.16M, Peak:2.16M | Scene, ViewLayer | Updating Geometry BVH Sculpted mane lock 83/173 | Building BVH
Fra:1 Mem:29.11M (Peak 36.08M) | Time:00:00.27 | Mem:2.16M, Peak:2.16M | Scene, ViewLayer | Updating Geometry BVH Sculpted mane lock.001 84/173 | Building BVH
Fra:1 Mem:29.11M (Peak 36.08M) | Time:00:00.27 | Mem:2.16M, Peak:2.16M | Scene, ViewLayer | Updating Geometry BVH Sculpted mane lock.001 84/173 | Building mesh BLAS |      60 tris | Sculpted mane lock.001
Fra:1 Mem:29.11M (Peak 36.08M) | Time:00:00.27 | Mem:2.16M, Peak:2.16M | Scene, ViewLayer | Updating Geometry BVH Sculpted mane lock.002 85/173 | Building BVH
Fra:1 Mem:29.11M (Peak 36.08M) | Time:00:00.27 | Mem:2.16M, Peak:2.16M | Scene, ViewLayer | Updating Geometry BVH Sculpted mane lock.002 85/173 | Building mesh BLAS |      60 tris | Sculpted mane lock.002
Fra:1 Mem:29.11M (Peak 36.08M) | Time:00:00.28 | Mem:2.16M, Peak:2.16M | Scene, ViewLayer | Updating Geometry BVH Sculpted mane lock.003 86/173 | Building BVH
Fra:1 Mem:29.11M (Peak 36.08M) | Time:00:00.28 | Mem:2.16M, Peak:2.16M | Scene, ViewLayer | Updating Geometry BVH Sculpted mane lock.003 86/173 | Building mesh BLAS |      60 tris | Sculpted mane lock.003
Fra:1 Mem:29.11M (Peak 36.08M) | Time:00:00.28 | Mem:2.16M, Peak:2.16M | Scene, ViewLayer | Updating Geometry BVH Flame tail tuft 159/173 | Building BVH
Fra:1 Mem:29.11M (Peak 36.08M) | Time:00:00.28 | Mem:2.16M, Peak:2.16M | Scene, ViewLayer | Updating Geometry BVH Flame tail tuft 159/173 | Building mesh BLAS |      44 tris | Flame tail tuft
Fra:1 Mem:29.11M (Peak 36.08M) | Time:00:00.28 | Mem:2.16M, Peak:2.16M | Scene, ViewLayer | Updating Geometry BVH Sculpted mane lock.004 87/173 | Building BVH
Fra:1 Mem:29.11M (Peak 36.08M) | Time:00:00.28 | Mem:2.16M, Peak:2.16M | Scene, ViewLayer | Updating Geometry BVH Sculpted mane lock.004 87/173 | Building mesh BLAS |      60 tris | Sculpted mane lock.004
Fra:1 Mem:29.11M (Peak 36.08M) | Time:00:00.28 | Mem:2.16M, Peak:2.16M | Scene, ViewLayer | Updating Geometry BVH Sculpted mane lock.005 88/173 | Building BVH
Fra:1 Mem:29.11M (Peak 36.08M) | Time:00:00.28 | Mem:2.16M, Peak:2.16M | Scene, ViewLayer | Updating Geometry BVH Sculpted mane lock.005 88/173 | Building mesh BLAS |      60 tris | Sculpted mane lock.005
Fra:1 Mem:29.11M (Peak 36.08M) | Time:00:00.28 | Mem:2.16M, Peak:2.16M | Scene, ViewLayer | Updating Geometry BVH Sculpted mane lock.006 89/173 | Building BVH
Fra:1 Mem:29.11M (Peak 36.08M) | Time:00:00.28 | Mem:2.16M, Peak:2.16M | Scene, ViewLayer | Updating Geometry BVH Sculpted mane lock.006 89/173 | Building mesh BLAS |      60 tris | Sculpted mane lock.006
Fra:1 Mem:29.11M (Peak 36.08M) | Time:00:00.28 | Mem:2.21M, Peak:2.21M | Scene, ViewLayer | Updating Geometry BVH Sculpted mane lock.008 91/173 | Building BVH
Fra:1 Mem:29.11M (Peak 36.08M) | Time:00:00.28 | Mem:2.23M, Peak:2.23M | Scene, ViewLayer | Updating Geometry BVH Sculpted mane lock.009 92/173 | Building mesh BLAS |      60 tris | Sculpted mane lock.008
Fra:1 Mem:29.11M (Peak 36.08M) | Time:00:00.28 | Mem:2.24M, Peak:2.24M | Scene, ViewLayer | Updating Geometry BVH Articulated tail 158/173 | Building BVH
Fra:1 Mem:29.11M (Peak 36.08M) | Time:00:00.28 | Mem:2.24M, Peak:2.24M | Scene, ViewLayer | Updating Geometry BVH Sculpted mane lock.011 94/173 | Building mesh BLAS |     268 tris | Articulated tail
Fra:1 Mem:29.11M (Peak 36.08M) | Time:00:00.28 | Mem:2.24M, Peak:2.24M | Scene, ViewLayer | Updating Geometry BVH Sculpted mane lock.012 95/173 | Building BVH
Fra:1 Mem:29.11M (Peak 36.08M) | Time:00:00.28 | Mem:2.24M, Peak:2.24M | Scene, ViewLayer | Updating Geometry BVH Sculpted mane lock.013 96/173 | Building BVH
Fra:1 Mem:29.11M (Peak 36.08M) | Time:00:00.28 | Mem:2.24M, Peak:2.24M | Scene, ViewLayer | Updating Geometry BVH Sculpted mane lock.013 96/173 | Building mesh BLAS |      60 tris | Sculpted mane lock.007
Fra:1 Mem:29.11M (Peak 36.08M) | Time:00:00.28 | Mem:2.24M, Peak:2.24M | Scene, ViewLayer | Updating Geometry BVH Sculpted mane lock.013 96/173 | Building mesh BLAS |      60 tris | Sculpted mane lock.009
Fra:1 Mem:29.11M (Peak 36.08M) | Time:00:00.28 | Mem:2.24M, Peak:2.24M | Scene, ViewLayer | Updating Geometry BVH Sculpted mane lock.013 96/173 | Building mesh BLAS |      60 tris | Sculpted mane lock.013
Fra:1 Mem:29.11M (Peak 36.08M) | Time:00:00.28 | Mem:2.24M, Peak:2.24M | Scene, ViewLayer | Updating Geometry BVH Sculpted mane lock.013 96/173 | Building mesh BLAS |      60 tris | Sculpted mane lock.010
Fra:1 Mem:29.11M (Peak 36.08M) | Time:00:00.28 | Mem:2.24M, Peak:2.24M | Scene, ViewLayer | Updating Geometry BVH Sculpted mane lock.013 96/173 | Building mesh BLAS |      60 tris | Sculpted mane lock.011
Fra:1 Mem:29.11M (Peak 36.08M) | Time:00:00.28 | Mem:2.38M, Peak:2.38M | Scene, ViewLayer | Updating Geometry BVH Sculpted mane lock.014 97/173 | Building BVH
Fra:1 Mem:29.11M (Peak 36.08M) | Time:00:00.28 | Mem:2.38M, Peak:2.38M | Scene, ViewLayer | Updating Geometry BVH Sculpted mane lock.014 97/173 | Building mesh BLAS |      60 tris | Sculpted mane lock.014
Fra:1 Mem:29.11M (Peak 36.08M) | Time:00:00.28 | Mem:2.46M, Peak:2.46M | Scene, ViewLayer | Updating Geometry BVH Wrist fur.011 157/173 | Building BVH
Fra:1 Mem:29.11M (Peak 36.08M) | Time:00:00.28 | Mem:2.50M, Peak:2.50M | Scene, ViewLayer | Updating Geometry BVH Sculpted mane lock.017 100/173 | Building BVH
Fra:1 Mem:29.11M (Peak 36.08M) | Time:00:00.28 | Mem:2.50M, Peak:2.50M | Scene, ViewLayer | Updating Geometry BVH Sculpted mane lock.018 101/173 | Building BVH
Fra:1 Mem:29.11M (Peak 36.08M) | Time:00:00.28 | Mem:2.53M, Peak:2.53M | Scene, ViewLayer | Updating Geometry BVH Sculpted mane lock.019 102/173 | Building mesh BLAS |      60 tris | Sculpted mane lock.017
Fra:1 Mem:29.11M (Peak 36.08M) | Time:00:00.28 | Mem:2.53M, Peak:2.53M | Scene, ViewLayer | Updating Geometry BVH Sculpted mane lock.019 102/173 | Building mesh BLAS |      60 tris | Sculpted mane lock.018
Fra:1 Mem:29.11M (Peak 36.08M) | Time:00:00.28 | Mem:2.57M, Peak:2.57M | Scene, ViewLayer | Updating Geometry BVH Sculpted mane lock.020 103/173 | Building BVH
Fra:1 Mem:29.11M (Peak 36.08M) | Time:00:00.28 | Mem:2.60M, Peak:2.60M | Scene, ViewLayer | Updating Geometry BVH Sculpted mane lock.021 104/173 | Building BVH
Fra:1 Mem:29.11M (Peak 36.08M) | Time:00:00.28 | Mem:2.63M, Peak:2.63M | Scene, ViewLayer | Updating Geometry BVH Sculpted mane lock.021 104/173 | Building mesh BLAS |      60 tris | Sculpted mane lock.015
Fra:1 Mem:29.11M (Peak 36.08M) | Time:00:00.28 | Mem:2.67M, Peak:2.67M | Scene, ViewLayer | Updating Geometry BVH Wrist fur.010 156/173 | Building BVH
Fra:1 Mem:29.11M (Peak 36.08M) | Time:00:00.28 | Mem:2.67M, Peak:2.67M | Scene, ViewLayer | Updating Geometry BVH Sculpted mane lock.022 105/173 | Building mesh BLAS |      44 tris | Wrist fur.010
Fra:1 Mem:29.11M (Peak 36.08M) | Time:00:00.28 | Mem:2.67M, Peak:2.67M | Scene, ViewLayer | Updating Geometry BVH Sculpted mane lock.023 106/173 | Building BVH
Fra:1 Mem:29.11M (Peak 36.08M) | Time:00:00.28 | Mem:2.67M, Peak:2.67M | Scene, ViewLayer | Updating Geometry BVH Sculpted mane lock.023 106/173 | Building mesh BLAS |      60 tris | Sculpted mane lock.019
Fra:1 Mem:29.11M (Peak 36.08M) | Time:00:00.28 | Mem:2.67M, Peak:2.67M | Scene, ViewLayer | Updating Geometry BVH Sculpted mane lock.023 106/173 | Building mesh BLAS |      60 tris | Sculpted mane lock.023
Fra:1 Mem:29.11M (Peak 36.08M) | Time:00:00.28 | Mem:2.67M, Peak:2.67M | Scene, ViewLayer | Updating Geometry BVH Sculpted mane lock.024 107/173 | Building BVH
Fra:1 Mem:29.11M (Peak 36.08M) | Time:00:00.28 | Mem:2.67M, Peak:2.67M | Scene, ViewLayer | Updating Geometry BVH Sculpted mane lock.024 107/173 | Building mesh BLAS |      60 tris | Sculpted mane lock.020
Fra:1 Mem:29.11M (Peak 36.08M) | Time:00:00.28 | Mem:2.67M, Peak:2.67M | Scene, ViewLayer | Updating Geometry BVH Sculpted mane lock.025 108/173 | Building mesh BLAS |      60 tris | Sculpted mane lock.022
Fra:1 Mem:29.11M (Peak 36.08M) | Time:00:00.28 | Mem:2.67M, Peak:2.67M | Scene, ViewLayer | Updating Geometry BVH Sculpted mane lock.025 108/173 | Building mesh BLAS |      60 tris | Sculpted mane lock.024
Fra:1 Mem:29.11M (Peak 36.08M) | Time:00:00.28 | Mem:2.69M, Peak:2.69M | Scene, ViewLayer | Updating Geometry BVH Sculpted mane lock.025 108/173 | Building mesh BLAS |      60 tris | Sculpted mane lock.025
Fra:1 Mem:29.11M (Peak 36.08M) | Time:00:00.28 | Mem:2.69M, Peak:2.69M | Scene, ViewLayer | Updating Geometry BVH Sculpted mane lock.026 109/173 | Building BVH
Fra:1 Mem:29.11M (Peak 36.08M) | Time:00:00.28 | Mem:2.69M, Peak:2.69M | Scene, ViewLayer | Updating Geometry BVH Wrist fur.009 155/173 | Building BVH
Fra:1 Mem:29.11M (Peak 36.08M) | Time:00:00.28 | Mem:2.70M, Peak:2.70M | Scene, ViewLayer | Updating Geometry BVH Wrist fur.009 155/173 | Building mesh BLAS |      44 tris | Wrist fur.009
Fra:1 Mem:29.11M (Peak 36.08M) | Time:00:00.28 | Mem:2.70M, Peak:2.70M | Scene, ViewLayer | Updating Geometry BVH Sculpted mane lock.027 110/173 | Building BVH
Fra:1 Mem:29.11M (Peak 36.08M) | Time:00:00.28 | Mem:2.70M, Peak:2.70M | Scene, ViewLayer | Updating Geometry BVH Sculpted mane lock.028 111/173 | Building BVH
Fra:1 Mem:29.11M (Peak 36.08M) | Time:00:00.28 | Mem:2.70M, Peak:2.70M | Scene, ViewLayer | Updating Geometry BVH Sculpted mane lock.029 112/173 | Building BVH
Fra:1 Mem:29.11M (Peak 36.08M) | Time:00:00.28 | Mem:2.70M, Peak:2.70M | Scene, ViewLayer | Updating Geometry BVH Sculpted mane lock.030 113/173 | Building BVH
Fra:1 Mem:29.11M (Peak 36.08M) | Time:00:00.28 | Mem:2.72M, Peak:2.72M | Scene, ViewLayer | Updating Geometry BVH Sculpted mane lock.030 113/173 | Building mesh BLAS |      60 tris | Sculpted mane lock.028
Fra:1 Mem:29.11M (Peak 36.08M) | Time:00:00.28 | Mem:2.72M, Peak:2.72M | Scene, ViewLayer | Updating Geometry BVH Sculpted mane lock.030 113/173 | Building mesh BLAS |      60 tris | Sculpted mane lock.030
Fra:1 Mem:29.11M (Peak 36.08M) | Time:00:00.28 | Mem:2.78M, Peak:2.78M | Scene, ViewLayer | Updating Geometry BVH Sculpted mane lock.031 114/173 | Building BVH
Fra:1 Mem:29.11M (Peak 36.08M) | Time:00:00.28 | Mem:2.82M, Peak:2.82M | Scene, ViewLayer | Updating Geometry BVH Layered shoulder fur.011 154/173 | Building BVH
Fra:1 Mem:29.11M (Peak 36.08M) | Time:00:00.28 | Mem:2.83M, Peak:2.83M | Scene, ViewLayer | Updating Geometry BVH Layered shoulder fur.011 154/173 | Building mesh BLAS |      44 tris | Layered shoulder fur.011
Fra:1 Mem:29.11M (Peak 36.08M) | Time:00:00.28 | Mem:2.83M, Peak:2.83M | Scene, ViewLayer | Updating Geometry BVH Sculpted mane lock.032 115/173 | Building BVH
Fra:1 Mem:29.11M (Peak 36.08M) | Time:00:00.28 | Mem:2.83M, Peak:2.83M | Scene, ViewLayer | Updating Geometry BVH Sculpted mane lock.034 117/173 | Building BVH
Fra:1 Mem:29.11M (Peak 36.08M) | Time:00:00.28 | Mem:2.84M, Peak:2.84M | Scene, ViewLayer | Updating Geometry BVH Sculpted mane lock.034 117/173 | Building mesh BLAS |      60 tris | Sculpted mane lock.032
Fra:1 Mem:29.11M (Peak 36.08M) | Time:00:00.28 | Mem:2.84M, Peak:2.84M | Scene, ViewLayer | Updating Geometry BVH Layered shoulder fur.010 153/173 | Building BVH
Fra:1 Mem:29.11M (Peak 36.08M) | Time:00:00.28 | Mem:2.84M, Peak:2.84M | Scene, ViewLayer | Updating Geometry BVH Sculpted mane lock.035 118/173 | Building BVH
Fra:1 Mem:29.11M (Peak 36.08M) | Time:00:00.28 | Mem:2.84M, Peak:2.84M | Scene, ViewLayer | Updating Geometry BVH Sculpted mane lock.035 118/173 | Building mesh BLAS |      60 tris | Sculpted mane lock.033
Fra:1 Mem:29.11M (Peak 36.08M) | Time:00:00.28 | Mem:2.84M, Peak:2.84M | Scene, ViewLayer | Updating Geometry BVH Sculpted mane lock.035 118/173 | Building mesh BLAS |      60 tris | Sculpted mane lock.035
Fra:1 Mem:29.11M (Peak 36.08M) | Time:00:00.28 | Mem:2.84M, Peak:2.84M | Scene, ViewLayer | Updating Geometry BVH Sculpted mane lock.038 121/173 | Building BVH
Fra:1 Mem:29.11M (Peak 36.08M) | Time:00:00.28 | Mem:2.85M, Peak:2.85M | Scene, ViewLayer | Updating Geometry BVH Sculpted mane lock.039 122/173 | Building BVH
Fra:1 Mem:29.11M (Peak 36.08M) | Time:00:00.28 | Mem:2.85M, Peak:2.85M | Scene, ViewLayer | Updating Geometry BVH Sculpted mane lock.039 122/173 | Building mesh BLAS |      60 tris | Sculpted mane lock.038
Fra:1 Mem:29.11M (Peak 36.08M) | Time:00:00.28 | Mem:2.85M, Peak:2.85M | Scene, ViewLayer | Updating Geometry BVH Sculpted mane lock.039 122/173 | Building mesh BLAS |      60 tris | Sculpted mane lock.039
Fra:1 Mem:29.11M (Peak 36.08M) | Time:00:00.28 | Mem:2.85M, Peak:2.85M | Scene, ViewLayer | Updating Geometry BVH Sculpted mane lock.039 122/173 | Building mesh BLAS |      60 tris | Sculpted mane lock.036
Fra:1 Mem:29.11M (Peak 36.08M) | Time:00:00.28 | Mem:2.86M, Peak:2.86M | Scene, ViewLayer | Updating Geometry BVH Sculpted mane lock.039 122/173 | Building mesh BLAS |      60 tris | Sculpted mane lock.037
Fra:1 Mem:29.11M (Peak 36.08M) | Time:00:00.28 | Mem:2.87M, Peak:2.87M | Scene, ViewLayer | Updating Geometry BVH Sculpted mane lock.040 123/173 | Building BVH
Fra:1 Mem:29.11M (Peak 36.08M) | Time:00:00.28 | Mem:2.87M, Peak:2.87M | Scene, ViewLayer | Updating Geometry BVH Sculpted mane lock.041 124/173 | Building BVH
Fra:1 Mem:29.11M (Peak 36.08M) | Time:00:00.28 | Mem:2.87M, Peak:2.87M | Scene, ViewLayer | Updating Geometry BVH Sculpted mane lock.042 125/173 | Building BVH
Fra:1 Mem:29.11M (Peak 36.08M) | Time:00:00.28 | Mem:2.87M, Peak:2.87M | Scene, ViewLayer | Updating Geometry BVH Sculpted mane lock.042 125/173 | Building mesh BLAS |      60 tris | Sculpted mane lock.034
Fra:1 Mem:29.11M (Peak 36.08M) | Time:00:00.28 | Mem:2.87M, Peak:2.87M | Scene, ViewLayer | Updating Geometry BVH Sculpted mane lock.042 125/173 | Building mesh BLAS |      60 tris | Sculpted mane lock.042
Fra:1 Mem:29.11M (Peak 36.08M) | Time:00:00.28 | Mem:2.87M, Peak:2.87M | Scene, ViewLayer | Updating Geometry BVH Sculpted mane lock.043 126/173 | Building BVH
Fra:1 Mem:29.11M (Peak 36.08M) | Time:00:00.28 | Mem:2.87M, Peak:2.87M | Scene, ViewLayer | Updating Geometry BVH Sculpted mane lock.044 127/173 | Building BVH
Fra:1 Mem:29.11M (Peak 36.08M) | Time:00:00.28 | Mem:2.87M, Peak:2.87M | Scene, ViewLayer | Updating Geometry BVH Sculpted mane lock.044 127/173 | Building mesh BLAS |      44 tris | Layered shoulder fur.010
Fra:1 Mem:29.11M (Peak 36.08M) | Time:00:00.28 | Mem:2.87M, Peak:2.87M | Scene, ViewLayer | Updating Geometry BVH Sculpted mane lock.044 127/173 | Building mesh BLAS |      60 tris | Sculpted mane lock.044
Fra:1 Mem:29.11M (Peak 36.08M) | Time:00:00.28 | Mem:2.87M, Peak:2.87M | Scene, ViewLayer | Updating Geometry BVH Sculpted mane lock.044 127/173 | Building mesh BLAS |      60 tris | Sculpted mane lock.040
Fra:1 Mem:29.11M (Peak 36.08M) | Time:00:00.28 | Mem:2.87M, Peak:2.87M | Scene, ViewLayer | Updating Geometry BVH Sculpted mane lock.045 128/173 | Building BVH
Fra:1 Mem:29.11M (Peak 36.08M) | Time:00:00.28 | Mem:2.87M, Peak:2.87M | Scene, ViewLayer | Updating Geometry BVH Sculpted mane lock.046 129/173 | Building mesh BLAS |      60 tris | Sculpted mane lock.043
Fra:1 Mem:29.11M (Peak 36.08M) | Time:00:00.28 | Mem:2.87M, Peak:2.87M | Scene, ViewLayer | Updating Geometry BVH Sculpted mane lock.046 129/173 | Building mesh BLAS |      60 tris | Sculpted mane lock.045
Fra:1 Mem:29.11M (Peak 36.08M) | Time:00:00.28 | Mem:2.87M, Peak:2.87M | Scene, ViewLayer | Updating Geometry BVH Layered shoulder fur.009 152/173 | Building BVH
Fra:1 Mem:29.11M (Peak 36.08M) | Time:00:00.28 | Mem:2.87M, Peak:2.87M | Scene, ViewLayer | Updating Geometry BVH Sculpted mane lock.047 130/173 | Building BVH
Fra:1 Mem:29.11M (Peak 36.08M) | Time:00:00.28 | Mem:2.87M, Peak:2.87M | Scene, ViewLayer | Updating Geometry BVH Sculpted mane lock.047 130/173 | Building mesh BLAS |      60 tris | Sculpted mane lock.047
Fra:1 Mem:29.11M (Peak 36.08M) | Time:00:00.28 | Mem:2.87M, Peak:2.87M | Scene, ViewLayer | Updating Geometry BVH Sculpted mane lock.047 130/173 | Building mesh BLAS |      44 tris | Layered shoulder fur.009
Fra:1 Mem:29.11M (Peak 36.08M) | Time:00:00.28 | Mem:2.87M, Peak:2.87M | Scene, ViewLayer | Updating Geometry BVH Sculpted mane lock.048 131/173 | Building BVH
Fra:1 Mem:29.11M (Peak 36.08M) | Time:00:00.28 | Mem:2.87M, Peak:2.87M | Scene, ViewLayer | Updating Geometry BVH Sculpted mane lock.049 132/173 | Building BVH
Fra:1 Mem:29.11M (Peak 36.08M) | Time:00:00.28 | Mem:2.87M, Peak:2.87M | Scene, ViewLayer | Updating Geometry BVH Sculpted mane lock.050 133/173 | Building BVH
Fra:1 Mem:29.11M (Peak 36.08M) | Time:00:00.28 | Mem:2.87M, Peak:2.87M | Scene, ViewLayer | Updating Geometry BVH Wrist fur.008 151/173 | Building BVH
Fra:1 Mem:29.11M (Peak 36.08M) | Time:00:00.28 | Mem:2.87M, Peak:2.87M | Scene, ViewLayer | Updating Geometry BVH Layered shoulder fur 134/173 | Building BVH
Fra:1 Mem:29.11M (Peak 36.08M) | Time:00:00.28 | Mem:2.87M, Peak:2.87M | Scene, ViewLayer | Updating Geometry BVH Layered shoulder fur 134/173 | Building mesh BLAS |      44 tris | Wrist fur.008
Fra:1 Mem:29.11M (Peak 36.08M) | Time:00:00.28 | Mem:2.87M, Peak:2.87M | Scene, ViewLayer | Updating Geometry BVH Layered shoulder fur.002 136/173 | Building BVH
Fra:1 Mem:29.11M (Peak 36.08M) | Time:00:00.28 | Mem:2.88M, Peak:2.88M | Scene, ViewLayer | Updating Geometry BVH Layered shoulder fur.002 136/173 | Building mesh BLAS |      44 tris | Layered shoulder fur
Fra:1 Mem:29.11M (Peak 36.08M) | Time:00:00.28 | Mem:2.88M, Peak:2.88M | Scene, ViewLayer | Updating Geometry BVH Wrist fur 137/173 | Building BVH
Fra:1 Mem:29.11M (Peak 36.08M) | Time:00:00.28 | Mem:2.88M, Peak:2.88M | Scene, ViewLayer | Updating Geometry BVH Wrist fur 137/173 | Building mesh BLAS |      60 tris | Sculpted mane lock.050
Fra:1 Mem:29.11M (Peak 36.08M) | Time:00:00.28 | Mem:2.89M, Peak:2.89M | Scene, ViewLayer | Updating Geometry BVH Wrist fur.001 138/173 | Building BVH
Fra:1 Mem:29.11M (Peak 36.08M) | Time:00:00.28 | Mem:2.89M, Peak:2.89M | Scene, ViewLayer | Updating Geometry BVH Wrist fur.007 150/173 | Building BVH
Fra:1 Mem:29.11M (Peak 36.08M) | Time:00:00.28 | Mem:2.89M, Peak:2.89M | Scene, ViewLayer | Updating Geometry BVH Wrist fur.007 150/173 | Building mesh BLAS |      44 tris | Wrist fur
Fra:1 Mem:29.11M (Peak 36.08M) | Time:00:00.28 | Mem:2.89M, Peak:2.89M | Scene, ViewLayer | Updating Geometry BVH Wrist fur.002 139/173 | Building BVH
Fra:1 Mem:29.11M (Peak 36.08M) | Time:00:00.28 | Mem:2.89M, Peak:2.89M | Scene, ViewLayer | Updating Geometry BVH Layered shoulder fur.004 141/173 | Building mesh BLAS |      44 tris | Wrist fur.001
Fra:1 Mem:29.11M (Peak 36.08M) | Time:00:00.28 | Mem:2.89M, Peak:2.89M | Scene, ViewLayer | Updating Geometry BVH Layered shoulder fur.004 141/173 | Building mesh BLAS |      44 tris | Wrist fur.002
Fra:1 Mem:29.11M (Peak 36.08M) | Time:00:00.28 | Mem:2.89M, Peak:2.89M | Scene, ViewLayer | Updating Geometry BVH Layered shoulder fur.004 141/173 | Building mesh BLAS |      44 tris | Wrist fur.007
Fra:1 Mem:29.11M (Peak 36.08M) | Time:00:00.28 | Mem:2.90M, Peak:2.90M | Scene, ViewLayer | Updating Geometry BVH Layered shoulder fur.005 142/173 | Building BVH
Fra:1 Mem:29.11M (Peak 36.08M) | Time:00:00.28 | Mem:2.90M, Peak:2.90M | Scene, ViewLayer | Updating Geometry BVH Layered shoulder fur.005 142/173 | Building mesh BLAS |      44 tris | Layered shoulder fur.003
Fra:1 Mem:29.11M (Peak 36.08M) | Time:00:00.28 | Mem:2.90M, Peak:2.90M | Scene, ViewLayer | Updating Geometry BVH Wrist fur.003 143/173 | Building BVH
Fra:1 Mem:29.11M (Peak 36.08M) | Time:00:00.28 | Mem:2.90M, Peak:2.90M | Scene, ViewLayer | Updating Geometry BVH Wrist fur.004 144/173 | Building mesh BLAS |      44 tris | Layered shoulder fur.005
Fra:1 Mem:29.11M (Peak 36.08M) | Time:00:00.28 | Mem:2.90M, Peak:2.90M | Scene, ViewLayer | Updating Geometry BVH Wrist fur.005 145/173 | Building mesh BLAS |      44 tris | Wrist fur.003
Fra:1 Mem:29.11M (Peak 36.08M) | Time:00:00.28 | Mem:2.90M, Peak:2.90M | Scene, ViewLayer | Updating Geometry BVH Wrist fur.006 149/173 | Building BVH
Fra:1 Mem:29.11M (Peak 36.08M) | Time:00:00.28 | Mem:2.90M, Peak:2.90M | Scene, ViewLayer | Updating Geometry BVH Layered shoulder fur.006 146/173 | Building BVH
Fra:1 Mem:29.11M (Peak 36.08M) | Time:00:00.28 | Mem:2.90M, Peak:2.90M | Scene, ViewLayer | Updating Geometry BVH Layered shoulder fur.006 146/173 | Building mesh BLAS |      44 tris | Wrist fur.004
Fra:1 Mem:29.11M (Peak 36.08M) | Time:00:00.28 | Mem:2.90M, Peak:2.90M | Scene, ViewLayer | Updating Geometry BVH Layered shoulder fur.006 146/173 | Building mesh BLAS |      44 tris | Layered shoulder fur.006
Fra:1 Mem:29.11M (Peak 36.08M) | Time:00:00.28 | Mem:2.90M, Peak:2.90M | Scene, ViewLayer | Updating Geometry BVH Layered shoulder fur.006 146/173 | Building mesh BLAS |      44 tris | Wrist fur.005
Fra:1 Mem:29.11M (Peak 36.08M) | Time:00:00.28 | Mem:2.90M, Peak:2.90M | Scene, ViewLayer | Updating Geometry BVH Layered shoulder fur.006 146/173 | Building mesh BLAS |      44 tris | Wrist fur.006
Fra:1 Mem:29.11M (Peak 36.08M) | Time:00:00.29 | Mem:2.91M, Peak:2.91M | Scene, ViewLayer | Updating Geometry BVH Layered shoulder fur.007 147/173 | Building BVH
Fra:1 Mem:29.11M (Peak 36.08M) | Time:00:00.29 | Mem:2.91M, Peak:2.91M | Scene, ViewLayer | Updating Geometry BVH Layered shoulder fur.008 148/173 | Building BVH
Fra:1 Mem:29.11M (Peak 36.08M) | Time:00:00.29 | Mem:2.91M, Peak:2.91M | Scene, ViewLayer | Updating Geometry BVH Layered shoulder fur.008 148/173 | Building mesh BLAS |      44 tris | Layered shoulder fur.007
Fra:1 Mem:29.11M (Peak 36.08M) | Time:00:00.29 | Mem:2.91M, Peak:2.91M | Scene, ViewLayer | Updating Geometry BVH Layered shoulder fur.008 148/173 | Building mesh BLAS |      44 tris | Layered shoulder fur.008
Fra:1 Mem:29.11M (Peak 36.08M) | Time:00:00.29 | Mem:2.92M, Peak:2.92M | Scene, ViewLayer | Updating Scene BVH | Building
Fra:1 Mem:29.12M (Peak 36.08M) | Time:00:00.30 | Mem:3.09M, Peak:3.09M | Scene, ViewLayer | Updating Scene BVH | Building TLAS      |     173 instances
Fra:1 Mem:29.12M (Peak 36.08M) | Time:00:00.30 | Mem:3.14M, Peak:3.14M | Scene, ViewLayer | Updating Scene BVH | Copying BVH to device
Fra:1 Mem:29.12M (Peak 36.08M) | Time:00:00.30 | Mem:3.14M, Peak:3.14M | Scene, ViewLayer | Updating Mesh | Computing normals
Fra:1 Mem:29.79M (Peak 36.08M) | Time:00:00.30 | Mem:3.14M, Peak:3.14M | Scene, ViewLayer | Updating Mesh | Copying Mesh to device
Fra:1 Mem:29.12M (Peak 36.08M) | Time:00:00.30 | Mem:3.83M, Peak:3.83M | Scene, ViewLayer | Updating Objects Flags
Fra:1 Mem:29.12M (Peak 36.08M) | Time:00:00.30 | Mem:3.83M, Peak:3.83M | Scene, ViewLayer | Updating Primitive Offsets
Fra:1 Mem:29.12M (Peak 36.08M) | Time:00:00.30 | Mem:3.83M, Peak:3.83M | Scene, ViewLayer | Updating Images
Fra:1 Mem:29.12M (Peak 36.08M) | Time:00:00.30 | Mem:3.83M, Peak:3.83M | Scene, ViewLayer | Updating Camera Volume
Fra:1 Mem:29.12M (Peak 36.08M) | Time:00:00.30 | Mem:3.83M, Peak:3.83M | Scene, ViewLayer | Updating Lookup Tables
Fra:1 Mem:29.04M (Peak 36.08M) | Time:00:00.30 | Mem:3.92M, Peak:3.92M | Scene, ViewLayer | Updating Lights
Fra:1 Mem:29.04M (Peak 36.08M) | Time:00:00.30 | Mem:3.92M, Peak:3.92M | Scene, ViewLayer | Updating Lights | Computing tree
Fra:1 Mem:29.04M (Peak 36.08M) | Time:00:00.30 | Mem:3.92M, Peak:3.92M | Scene, ViewLayer | Updating Integrator
Fra:1 Mem:29.04M (Peak 36.08M) | Time:00:00.30 | Mem:3.92M, Peak:3.92M | Scene, ViewLayer | Updating Film
Fra:1 Mem:29.12M (Peak 36.08M) | Time:00:00.30 | Mem:3.83M, Peak:3.92M | Scene, ViewLayer | Updating Lookup Tables
Fra:1 Mem:29.04M (Peak 36.08M) | Time:00:00.30 | Mem:3.92M, Peak:3.92M | Scene, ViewLayer | Updating Baking
Fra:1 Mem:29.04M (Peak 36.08M) | Time:00:00.30 | Mem:3.92M, Peak:3.92M | Scene, ViewLayer | Updating Device | Writing constant memory
Fra:1 Mem:29.04M (Peak 36.08M) | Time:00:00.34 | Mem:3.92M, Peak:3.92M | Scene, ViewLayer | Loading denoising kernels (may take a few minutes the first time)
Fra:1 Mem:29.04M (Peak 61.04M) | Time:00:00.34 | Mem:2819.94M, Peak:2819.94M | Scene, ViewLayer | Sample 0/12 (Using optimized kernels)
Fra:1 Mem:29.03M (Peak 64.55M) | Time:00:00.53 | Remaining:00:02.04 | Mem:2855.48M, Peak:2855.48M | Scene, ViewLayer | Sample 1/12 (Using optimized kernels)
Fra:1 Mem:43.99M (Peak 66.42M) | Time:00:02.95 | Mem:2855.49M, Peak:2855.49M | Scene, ViewLayer | Sample 12/12 (Using optimized kernels)
Fra:1 Mem:43.99M (Peak 66.42M) | Time:00:02.95 | Mem:2855.49M, Peak:2855.49M | Scene, ViewLayer | Finished
Saved: '/Users/chikumatsuboi/Code/animal-racers-western/assets/source/western/qa/form-cycle-3/after/lion-race-rear.png'
Time: 00:03.07 (Saving: 00:00.06)

Fra:1 Mem:33.99M (Peak 33.99M) | Time:00:00.01 | Mem:0.02M, Peak:0.02M | Scene, ViewLayer | Synchronizing object | Body • continuous sculpted skin
Fra:1 Mem:34.14M (Peak 34.14M) | Time:00:00.01 | Mem:0.02M, Peak:0.02M | Scene, ViewLayer | Synchronizing object | Ivory claw.002
Fra:1 Mem:34.26M (Peak 34.26M) | Time:00:00.01 | Mem:0.02M, Peak:0.02M | Scene, ViewLayer | Synchronizing object | Paw toe.003
Fra:1 Mem:34.31M (Peak 34.31M) | Time:00:00.01 | Mem:0.02M, Peak:0.02M | Scene, ViewLayer | Synchronizing object | Ivory claw.003
Fra:1 Mem:34.33M (Peak 34.33M) | Time:00:00.01 | Mem:0.02M, Peak:0.02M | Scene, ViewLayer | Synchronizing object | Paw toe.004
Fra:1 Mem:34.34M (Peak 34.34M) | Time:00:00.01 | Mem:0.02M, Peak:0.02M | Scene, ViewLayer | Synchronizing object | Paw toe.006
Fra:1 Mem:34.37M (Peak 34.37M) | Time:00:00.01 | Mem:0.02M, Peak:0.02M | Scene, ViewLayer | Synchronizing object | Ivory claw.006
Fra:1 Mem:34.40M (Peak 34.40M) | Time:00:00.01 | Mem:0.02M, Peak:0.02M | Scene, ViewLayer | Synchronizing object | Paw toe.007
Fra:1 Mem:34.53M (Peak 34.53M) | Time:00:00.01 | Mem:0.02M, Peak:0.02M | Scene, ViewLayer | Synchronizing object | Ivory claw.007
Fra:1 Mem:34.64M (Peak 34.64M) | Time:00:00.01 | Mem:0.02M, Peak:0.02M | Scene, ViewLayer | Synchronizing object | Ivory claw.008
Fra:1 Mem:34.57M (Peak 34.64M) | Time:00:00.01 | Mem:0.02M, Peak:0.02M | Scene, ViewLayer | Synchronizing object | Paw toe.010
Fra:1 Mem:34.55M (Peak 34.64M) | Time:00:00.01 | Mem:0.02M, Peak:0.02M | Scene, ViewLayer | Synchronizing object | Ivory claw.010
Fra:1 Mem:34.56M (Peak 34.64M) | Time:00:00.01 | Mem:0.02M, Peak:0.02M | Scene, ViewLayer | Synchronizing object | Paw toe.011
Fra:1 Mem:34.56M (Peak 34.64M) | Time:00:00.01 | Mem:0.02M, Peak:0.02M | Scene, ViewLayer | Synchronizing object | Head • species sculpt
Fra:1 Mem:34.77M (Peak 34.77M) | Time:00:00.01 | Mem:0.02M, Peak:0.02M | Scene, ViewLayer | Synchronizing object | Cream muzzle pad
Fra:1 Mem:34.79M (Peak 34.79M) | Time:00:00.01 | Mem:0.02M, Peak:0.02M | Scene, ViewLayer | Synchronizing object | Cream muzzle pad.001
Fra:1 Mem:34.82M (Peak 34.82M) | Time:00:00.01 | Mem:0.02M, Peak:0.02M | Scene, ViewLayer | Synchronizing object | Eye socket
Fra:1 Mem:34.85M (Peak 34.85M) | Time:00:00.01 | Mem:0.02M, Peak:0.02M | Scene, ViewLayer | Synchronizing object | Iris
Fra:1 Mem:34.89M (Peak 34.89M) | Time:00:00.01 | Mem:0.02M, Peak:0.02M | Scene, ViewLayer | Synchronizing object | Pupil
Fra:1 Mem:34.91M (Peak 34.91M) | Time:00:00.01 | Mem:0.02M, Peak:0.02M | Scene, ViewLayer | Synchronizing object | Eye glint
Fra:1 Mem:34.96M (Peak 34.96M) | Time:00:00.01 | Mem:0.02M, Peak:0.02M | Scene, ViewLayer | Synchronizing object | Expressive brow
Fra:1 Mem:34.99M (Peak 34.99M) | Time:00:00.01 | Mem:0.02M, Peak:0.02M | Scene, ViewLayer | Synchronizing object | Smiling mouth
Fra:1 Mem:35.09M (Peak 35.09M) | Time:00:00.01 | Mem:0.02M, Peak:0.02M | Scene, ViewLayer | Synchronizing object | Whisker pore.002
Fra:1 Mem:35.16M (Peak 35.16M) | Time:00:00.01 | Mem:0.02M, Peak:0.02M | Scene, ViewLayer | Synchronizing object | Eye socket.001
Fra:1 Mem:35.10M (Peak 35.16M) | Time:00:00.01 | Mem:0.02M, Peak:0.02M | Scene, ViewLayer | Synchronizing object | Iris.001
Fra:1 Mem:35.23M (Peak 35.23M) | Time:00:00.01 | Mem:0.02M, Peak:0.02M | Scene, ViewLayer | Synchronizing object | Eye glint.001
Fra:1 Mem:35.25M (Peak 35.25M) | Time:00:00.01 | Mem:0.02M, Peak:0.02M | Scene, ViewLayer | Synchronizing object | Whisker pore.004
Fra:1 Mem:35.26M (Peak 35.26M) | Time:00:00.01 | Mem:0.02M, Peak:0.02M | Scene, ViewLayer | Synchronizing object | Lower jaw
Fra:1 Mem:35.26M (Peak 35.26M) | Time:00:00.01 | Mem:0.02M, Peak:0.02M | Scene, ViewLayer | Synchronizing object | Mouth cavity
Fra:1 Mem:35.32M (Peak 35.32M) | Time:00:00.01 | Mem:0.02M, Peak:0.02M | Scene, ViewLayer | Synchronizing object | Lower canine.001
Fra:1 Mem:35.35M (Peak 35.35M) | Time:00:00.01 | Mem:0.02M, Peak:0.02M | Scene, ViewLayer | Synchronizing object | Rounded lion ear
Fra:1 Mem:35.34M (Peak 35.35M) | Time:00:00.01 | Mem:0.02M, Peak:0.02M | Scene, ViewLayer | Synchronizing object | Inner lion ear.001
Fra:1 Mem:35.37M (Peak 35.37M) | Time:00:00.01 | Mem:0.02M, Peak:0.02M | Scene, ViewLayer | Synchronizing object | Warm rim
Fra:1 Mem:35.39M (Peak 35.39M) | Time:00:00.01 | Mem:0.02M, Peak:0.02M | Scene, ViewLayer | Synchronizing object | Closed sculpted rear mane cap
Fra:1 Mem:35.45M (Peak 35.45M) | Time:00:00.01 | Mem:0.02M, Peak:0.02M | Scene, ViewLayer | Synchronizing object | Layered rear mane lock
Fra:1 Mem:35.48M (Peak 35.48M) | Time:00:00.01 | Mem:0.02M, Peak:0.02M | Scene, ViewLayer | Synchronizing object | Layered rear mane lock.001
Fra:1 Mem:35.49M (Peak 35.49M) | Time:00:00.01 | Mem:0.02M, Peak:0.02M | Scene, ViewLayer | Synchronizing object | Layered rear mane lock.002
Fra:1 Mem:35.50M (Peak 35.50M) | Time:00:00.01 | Mem:0.02M, Peak:0.02M | Scene, ViewLayer | Synchronizing object | Layered rear mane lock.005
Fra:1 Mem:35.50M (Peak 35.50M) | Time:00:00.01 | Mem:0.02M, Peak:0.02M | Scene, ViewLayer | Synchronizing object | Sky fill
Fra:1 Mem:35.53M (Peak 35.53M) | Time:00:00.01 | Mem:0.02M, Peak:0.02M | Scene, ViewLayer | Synchronizing object | Layered rear mane lock.006
Fra:1 Mem:35.56M (Peak 35.56M) | Time:00:00.01 | Mem:0.02M, Peak:0.02M | Scene, ViewLayer | Synchronizing object | Layered rear mane lock.007
Fra:1 Mem:35.56M (Peak 35.56M) | Time:00:00.01 | Mem:0.02M, Peak:0.02M | Scene, ViewLayer | Synchronizing object | Layered rear mane lock.010
Fra:1 Mem:35.57M (Peak 35.57M) | Time:00:00.01 | Mem:0.02M, Peak:0.02M | Scene, ViewLayer | Synchronizing object | Layered rear mane lock.012
Fra:1 Mem:35.57M (Peak 35.57M) | Time:00:00.01 | Mem:0.02M, Peak:0.02M | Scene, ViewLayer | Synchronizing object | Sunset key
Fra:1 Mem:35.58M (Peak 35.58M) | Time:00:00.01 | Mem:0.02M, Peak:0.02M | Scene, ViewLayer | Synchronizing object | Layered rear mane lock.013
Fra:1 Mem:35.58M (Peak 35.58M) | Time:00:00.01 | Mem:0.02M, Peak:0.02M | Scene, ViewLayer | Synchronizing object | Layered rear mane lock.014
Fra:1 Mem:35.58M (Peak 35.58M) | Time:00:00.01 | Mem:0.02M, Peak:0.02M | Scene, ViewLayer | Synchronizing object | Layered rear mane lock.015
Fra:1 Mem:35.59M (Peak 35.59M) | Time:00:00.01 | Mem:0.02M, Peak:0.02M | Scene, ViewLayer | Synchronizing object | Layered rear mane lock.016
Fra:1 Mem:35.60M (Peak 35.60M) | Time:00:00.01 | Mem:0.02M, Peak:0.02M | Scene, ViewLayer | Synchronizing object | Layered rear mane lock.017
Fra:1 Mem:35.60M (Peak 35.60M) | Time:00:00.01 | Mem:0.02M, Peak:0.02M | Scene, ViewLayer | Synchronizing object | Layered rear mane lock.018
Fra:1 Mem:35.60M (Peak 35.60M) | Time:00:00.01 | Mem:0.02M, Peak:0.02M | Scene, ViewLayer | Synchronizing object | Plane
Fra:1 Mem:35.60M (Peak 35.60M) | Time:00:00.01 | Mem:0.02M, Peak:0.02M | Scene, ViewLayer | Synchronizing object | Raised elemental crest
Fra:1 Mem:35.61M (Peak 35.61M) | Time:00:00.01 | Mem:0.02M, Peak:0.02M | Scene, ViewLayer | Synchronizing object | Layered rear mane lock.020
Fra:1 Mem:35.62M (Peak 35.62M) | Time:00:00.01 | Mem:0.02M, Peak:0.02M | Scene, ViewLayer | Synchronizing object | Brass crest clasp
Fra:1 Mem:35.65M (Peak 35.65M) | Time:00:00.01 | Mem:0.02M, Peak:0.02M | Scene, ViewLayer | Synchronizing object | Layered rear mane lock.021
Fra:1 Mem:35.64M (Peak 35.65M) | Time:00:00.01 | Mem:0.02M, Peak:0.02M | Scene, ViewLayer | Synchronizing object | Sculpted mane lock.001
Fra:1 Mem:35.64M (Peak 35.65M) | Time:00:00.01 | Mem:0.02M, Peak:0.02M | Scene, ViewLayer | Synchronizing object | Sculpted mane lock.002
Fra:1 Mem:35.65M (Peak 35.65M) | Time:00:00.01 | Mem:0.02M, Peak:0.02M | Scene, ViewLayer | Synchronizing object | Sculpted mane lock.003
Fra:1 Mem:35.66M (Peak 35.66M) | Time:00:00.01 | Mem:0.02M, Peak:0.02M | Scene, ViewLayer | Synchronizing object | Sculpted mane lock.004
Fra:1 Mem:35.66M (Peak 35.66M) | Time:00:00.01 | Mem:0.02M, Peak:0.02M | Scene, ViewLayer | Synchronizing object | Sculpted mane lock.005
Fra:1 Mem:35.68M (Peak 35.68M) | Time:00:00.01 | Mem:0.02M, Peak:0.02M | Scene, ViewLayer | Synchronizing object | Sculpted mane lock.006
Fra:1 Mem:35.67M (Peak 35.68M) | Time:00:00.01 | Mem:0.02M, Peak:0.02M | Scene, ViewLayer | Synchronizing object | Sculpted mane lock.007
Fra:1 Mem:35.67M (Peak 35.68M) | Time:00:00.01 | Mem:0.02M, Peak:0.02M | Scene, ViewLayer | Synchronizing object | Sculpted mane lock.008
Fra:1 Mem:35.68M (Peak 35.68M) | Time:00:00.01 | Mem:0.02M, Peak:0.02M | Scene, ViewLayer | Synchronizing object | Sculpted mane lock.009
Fra:1 Mem:35.68M (Peak 35.68M) | Time:00:00.01 | Mem:0.02M, Peak:0.02M | Scene, ViewLayer | Synchronizing object | Sculpted mane lock.010
Fra:1 Mem:35.71M (Peak 35.71M) | Time:00:00.01 | Mem:0.02M, Peak:0.02M | Scene, ViewLayer | Synchronizing object | Sculpted mane lock.011
Fra:1 Mem:35.72M (Peak 35.72M) | Time:00:00.01 | Mem:0.02M, Peak:0.02M | Scene, ViewLayer | Synchronizing object | Sculpted mane lock.013
Fra:1 Mem:35.74M (Peak 35.74M) | Time:00:00.01 | Mem:0.02M, Peak:0.02M | Scene, ViewLayer | Synchronizing object | Neckerchief folded point
Fra:1 Mem:35.73M (Peak 35.74M) | Time:00:00.01 | Mem:0.02M, Peak:0.02M | Scene, ViewLayer | Synchronizing object | Sculpted mane lock.015
Fra:1 Mem:35.74M (Peak 35.74M) | Time:00:00.01 | Mem:0.02M, Peak:0.02M | Scene, ViewLayer | Synchronizing object | Sculpted mane lock.016
Fra:1 Mem:35.74M (Peak 35.74M) | Time:00:00.01 | Mem:0.02M, Peak:0.02M | Scene, ViewLayer | Synchronizing object | Sculpted mane lock.018
Fra:1 Mem:35.77M (Peak 35.77M) | Time:00:00.01 | Mem:0.02M, Peak:0.02M | Scene, ViewLayer | Synchronizing object | Sculpted mane lock.019
Fra:1 Mem:35.76M (Peak 35.77M) | Time:00:00.01 | Mem:0.02M, Peak:0.02M | Scene, ViewLayer | Synchronizing object | Sculpted mane lock.021
Fra:1 Mem:35.77M (Peak 35.77M) | Time:00:00.01 | Mem:0.02M, Peak:0.02M | Scene, ViewLayer | Synchronizing object | Sculpted mane lock.022
Fra:1 Mem:35.77M (Peak 35.77M) | Time:00:00.01 | Mem:0.02M, Peak:0.02M | Scene, ViewLayer | Synchronizing object | Sculpted mane lock.023
Fra:1 Mem:35.78M (Peak 35.78M) | Time:00:00.01 | Mem:0.02M, Peak:0.02M | Scene, ViewLayer | Synchronizing object | Sculpted mane lock.024
Fra:1 Mem:35.80M (Peak 35.80M) | Time:00:00.01 | Mem:0.02M, Peak:0.02M | Scene, ViewLayer | Synchronizing object | Sculpted mane lock.025
Fra:1 Mem:35.80M (Peak 35.80M) | Time:00:00.01 | Mem:0.02M, Peak:0.02M | Scene, ViewLayer | Synchronizing object | Sculpted mane lock.026
Fra:1 Mem:35.81M (Peak 35.81M) | Time:00:00.01 | Mem:0.02M, Peak:0.02M | Scene, ViewLayer | Synchronizing object | Sculpted mane lock.030
Fra:1 Mem:35.81M (Peak 35.81M) | Time:00:00.01 | Mem:0.02M, Peak:0.02M | Scene, ViewLayer | Synchronizing object | Sculpted mane lock.031
Fra:1 Mem:35.82M (Peak 35.82M) | Time:00:00.01 | Mem:0.02M, Peak:0.02M | Scene, ViewLayer | Synchronizing object | Sculpted mane lock.032
Fra:1 Mem:35.82M (Peak 35.82M) | Time:00:00.01 | Mem:0.02M, Peak:0.02M | Scene, ViewLayer | Synchronizing object | Sculpted mane lock.033
Fra:1 Mem:35.83M (Peak 35.83M) | Time:00:00.01 | Mem:0.02M, Peak:0.02M | Scene, ViewLayer | Synchronizing object | Sculpted mane lock.034
Fra:1 Mem:35.83M (Peak 35.83M) | Time:00:00.01 | Mem:0.02M, Peak:0.02M | Scene, ViewLayer | Synchronizing object | Flame tail tuft.006
Fra:1 Mem:35.84M (Peak 35.84M) | Time:00:00.01 | Mem:0.02M, Peak:0.02M | Scene, ViewLayer | Synchronizing object | Sculpted mane lock.036
Fra:1 Mem:35.85M (Peak 35.85M) | Time:00:00.01 | Mem:0.02M, Peak:0.02M | Scene, ViewLayer | Synchronizing object | Sculpted mane lock.037
Fra:1 Mem:35.85M (Peak 35.85M) | Time:00:00.01 | Mem:0.02M, Peak:0.02M | Scene, ViewLayer | Synchronizing object | Sculpted mane lock.039
Fra:1 Mem:35.86M (Peak 35.86M) | Time:00:00.01 | Mem:0.02M, Peak:0.02M | Scene, ViewLayer | Synchronizing object | Sculpted mane lock.040
Fra:1 Mem:35.86M (Peak 35.86M) | Time:00:00.01 | Mem:0.02M, Peak:0.02M | Scene, ViewLayer | Synchronizing object | Sculpted mane lock.041
Fra:1 Mem:35.88M (Peak 35.88M) | Time:00:00.01 | Mem:0.02M, Peak:0.02M | Scene, ViewLayer | Synchronizing object | Sculpted mane lock.042
Fra:1 Mem:35.88M (Peak 35.88M) | Time:00:00.01 | Mem:0.02M, Peak:0.02M | Scene, ViewLayer | Synchronizing object | Sculpted mane lock.043
Fra:1 Mem:35.88M (Peak 35.88M) | Time:00:00.01 | Mem:0.02M, Peak:0.02M | Scene, ViewLayer | Synchronizing object | Sculpted mane lock.044
Fra:1 Mem:35.90M (Peak 35.90M) | Time:00:00.01 | Mem:0.02M, Peak:0.02M | Scene, ViewLayer | Synchronizing object | Sculpted mane lock.045
Fra:1 Mem:35.90M (Peak 35.90M) | Time:00:00.01 | Mem:0.02M, Peak:0.02M | Scene, ViewLayer | Synchronizing object | Sculpted mane lock.046
Fra:1 Mem:35.91M (Peak 35.91M) | Time:00:00.01 | Mem:0.02M, Peak:0.02M | Scene, ViewLayer | Synchronizing object | Sculpted mane lock.049
Fra:1 Mem:35.91M (Peak 35.91M) | Time:00:00.01 | Mem:0.02M, Peak:0.02M | Scene, ViewLayer | Synchronizing object | Sculpted mane lock.050
Fra:1 Mem:35.91M (Peak 35.91M) | Time:00:00.01 | Mem:0.02M, Peak:0.02M | Scene, ViewLayer | Synchronizing object | Layered shoulder fur
Fra:1 Mem:35.93M (Peak 35.93M) | Time:00:00.01 | Mem:0.02M, Peak:0.02M | Scene, ViewLayer | Synchronizing object | Layered shoulder fur.001
Fra:1 Mem:35.94M (Peak 35.94M) | Time:00:00.01 | Mem:0.02M, Peak:0.02M | Scene, ViewLayer | Synchronizing object | Layered shoulder fur.002
Fra:1 Mem:35.94M (Peak 35.94M) | Time:00:00.01 | Mem:0.02M, Peak:0.02M | Scene, ViewLayer | Synchronizing object | Wrist fur
Fra:1 Mem:35.95M (Peak 35.95M) | Time:00:00.01 | Mem:0.02M, Peak:0.02M | Scene, ViewLayer | Synchronizing object | Wrist fur.001
Fra:1 Mem:35.94M (Peak 35.95M) | Time:00:00.01 | Mem:0.02M, Peak:0.02M | Scene, ViewLayer | Synchronizing object | Layered shoulder fur.003
Fra:1 Mem:35.95M (Peak 35.95M) | Time:00:00.01 | Mem:0.02M, Peak:0.02M | Scene, ViewLayer | Synchronizing object | Layered shoulder fur.004
Fra:1 Mem:35.95M (Peak 35.95M) | Time:00:00.01 | Mem:0.02M, Peak:0.02M | Scene, ViewLayer | Synchronizing object | Wrist fur.004
Fra:1 Mem:35.98M (Peak 35.98M) | Time:00:00.01 | Mem:0.02M, Peak:0.02M | Scene, ViewLayer | Synchronizing object | Wrist fur.005
Fra:1 Mem:35.97M (Peak 35.98M) | Time:00:00.01 | Mem:0.02M, Peak:0.02M | Scene, ViewLayer | Synchronizing object | Layered shoulder fur.007
Fra:1 Mem:35.97M (Peak 35.98M) | Time:00:00.01 | Mem:0.02M, Peak:0.02M | Scene, ViewLayer | Synchronizing object | Layered shoulder fur.008
Fra:1 Mem:35.98M (Peak 35.98M) | Time:00:00.01 | Mem:0.02M, Peak:0.02M | Scene, ViewLayer | Synchronizing object | Flame tail tuft.005
Fra:1 Mem:35.98M (Peak 35.98M) | Time:00:00.01 | Mem:0.02M, Peak:0.02M | Scene, ViewLayer | Synchronizing object | Wrist fur.007
Fra:1 Mem:35.98M (Peak 35.98M) | Time:00:00.01 | Mem:0.02M, Peak:0.02M | Scene, ViewLayer | Synchronizing object | Flame tail tuft.004
Fra:1 Mem:35.99M (Peak 35.99M) | Time:00:00.01 | Mem:0.02M, Peak:0.02M | Scene, ViewLayer | Synchronizing object | Wrist fur.008
Fra:1 Mem:35.99M (Peak 35.99M) | Time:00:00.01 | Mem:0.02M, Peak:0.02M | Scene, ViewLayer | Synchronizing object | Layered shoulder fur.009
Fra:1 Mem:36.00M (Peak 36.00M) | Time:00:00.01 | Mem:0.02M, Peak:0.02M | Scene, ViewLayer | Synchronizing object | Layered shoulder fur.010
Fra:1 Mem:36.01M (Peak 36.01M) | Time:00:00.01 | Mem:0.02M, Peak:0.02M | Scene, ViewLayer | Synchronizing object | Layered shoulder fur.011
Fra:1 Mem:36.03M (Peak 36.03M) | Time:00:00.01 | Mem:0.02M, Peak:0.02M | Scene, ViewLayer | Synchronizing object | Wrist fur.010
Fra:1 Mem:36.02M (Peak 36.03M) | Time:00:00.01 | Mem:0.02M, Peak:0.02M | Scene, ViewLayer | Synchronizing object | Wrist fur.011
Fra:1 Mem:36.03M (Peak 36.03M) | Time:00:00.01 | Mem:0.02M, Peak:0.02M | Scene, ViewLayer | Synchronizing object | Articulated tail
Fra:1 Mem:36.03M (Peak 36.03M) | Time:00:00.01 | Mem:0.02M, Peak:0.02M | Scene, ViewLayer | Synchronizing object | Flame tail tuft
Fra:1 Mem:36.05M (Peak 36.05M) | Time:00:00.01 | Mem:0.02M, Peak:0.02M | Scene, ViewLayer | Synchronizing object | Flame tail tuft.001
Fra:1 Mem:36.07M (Peak 36.07M) | Time:00:00.01 | Mem:0.02M, Peak:0.02M | Scene, ViewLayer | Synchronizing object | Flame tail tuft.002
Fra:1 Mem:36.08M (Peak 36.08M) | Time:00:00.01 | Mem:0.02M, Peak:0.02M | Scene, ViewLayer | Initializing
Fra:1 Mem:33.61M (Peak 36.08M) | Time:00:00.01 | Mem:0.02M, Peak:0.02M | Scene, ViewLayer | Updating Images | Loading Authored short-fur normal
Fra:1 Mem:27.91M (Peak 36.08M) | Time:00:00.02 | Mem:0.27M, Peak:0.27M | Scene, ViewLayer | Waiting for render to start
Fra:1 Mem:27.91M (Peak 36.08M) | Time:00:00.02 | Mem:0.27M, Peak:0.27M | Scene, ViewLayer | Updating Scene
Fra:1 Mem:27.91M (Peak 36.08M) | Time:00:00.02 | Mem:0.27M, Peak:0.27M | Scene, ViewLayer | Updating Shaders
Fra:1 Mem:27.91M (Peak 36.08M) | Time:00:00.02 | Mem:0.27M, Peak:0.27M | Scene, ViewLayer | Loading render kernels (may take a few minutes the first time)
Fra:1 Mem:27.99M (Peak 36.08M) | Time:00:00.08 | Mem:0.28M, Peak:0.28M | Scene, ViewLayer | Updating Procedurals
Fra:1 Mem:27.99M (Peak 36.08M) | Time:00:00.08 | Mem:0.28M, Peak:0.28M | Scene, ViewLayer | Updating Background
Fra:1 Mem:27.99M (Peak 36.08M) | Time:00:00.08 | Mem:0.28M, Peak:0.28M | Scene, ViewLayer | Updating Camera
Fra:1 Mem:27.99M (Peak 36.08M) | Time:00:00.08 | Mem:0.28M, Peak:0.28M | Scene, ViewLayer | Updating Meshes Flags
Fra:1 Mem:27.99M (Peak 36.08M) | Time:00:00.08 | Mem:0.28M, Peak:0.28M | Scene, ViewLayer | Updating Objects
Fra:1 Mem:27.99M (Peak 36.08M) | Time:00:00.08 | Mem:0.28M, Peak:0.28M | Scene, ViewLayer | Updating Objects | Copying Transformations to device
Fra:1 Mem:27.99M (Peak 36.08M) | Time:00:00.08 | Mem:0.33M, Peak:0.33M | Scene, ViewLayer | Updating Particle Systems
Fra:1 Mem:27.99M (Peak 36.08M) | Time:00:00.08 | Mem:0.33M, Peak:0.33M | Scene, ViewLayer | Updating Particle Systems | Copying Particles to device
Fra:1 Mem:27.99M (Peak 36.08M) | Time:00:00.08 | Mem:0.33M, Peak:0.33M | Scene, ViewLayer | Updating Meshes
Fra:1 Mem:29.11M (Peak 36.08M) | Time:00:00.09 | Mem:0.33M, Peak:0.33M | Scene, ViewLayer | Updating Objects | Applying Static Transformations
Fra:1 Mem:29.11M (Peak 36.08M) | Time:00:00.09 | Mem:0.33M, Peak:0.33M | Scene, ViewLayer | Updating Mesh | Computing attributes
Fra:1 Mem:30.67M (Peak 36.08M) | Time:00:00.09 | Mem:0.36M, Peak:0.36M | Scene, ViewLayer | Updating Mesh | Copying Attributes to device
Fra:1 Mem:29.11M (Peak 36.08M) | Time:00:00.22 | Mem:1.92M, Peak:1.92M | Scene, ViewLayer | Updating Geometry BVH Ivory claw 4/120 | Building BVH
Fra:1 Mem:29.11M (Peak 36.08M) | Time:00:00.22 | Mem:1.92M, Peak:1.92M | Scene, ViewLayer | Updating Geometry BVH Paw toe 3/117 | Building BVH
Fra:1 Mem:29.11M (Peak 36.08M) | Time:00:00.22 | Mem:1.92M, Peak:1.92M | Scene, ViewLayer | Updating Geometry BVH Warm rim 173/173 | Building mesh BLAS |      32 tris | Ivory claw
Fra:1 Mem:29.11M (Peak 36.08M) | Time:00:00.22 | Mem:1.92M, Peak:1.92M | Scene, ViewLayer | Updating Geometry BVH Warm rim 173/173 | Building mesh BLAS |      32 tris | Ivory claw.001
Fra:1 Mem:29.11M (Peak 36.08M) | Time:00:00.22 | Mem:1.92M, Peak:1.92M | Scene, ViewLayer | Updating Geometry BVH Warm rim 173/173 | Building mesh BLAS |     192 tris | Paw toe.001
Fra:1 Mem:29.11M (Peak 36.08M) | Time:00:00.22 | Mem:1.92M, Peak:1.92M | Scene, ViewLayer | Updating Geometry BVH Warm rim 173/173 | Building mesh BLAS |    4170 tris | ribcage
Fra:1 Mem:29.11M (Peak 36.08M) | Time:00:00.22 | Mem:1.92M, Peak:1.92M | Scene, ViewLayer | Updating Geometry BVH Sky fill 172/173 | Building BVH
Fra:1 Mem:29.11M (Peak 36.08M) | Time:00:00.22 | Mem:1.92M, Peak:1.92M | Scene, ViewLayer | Updating Geometry BVH Sunset key 171/173 | Building BVH
Fra:1 Mem:29.11M (Peak 36.08M) | Time:00:00.22 | Mem:1.92M, Peak:1.92M | Scene, ViewLayer | Updating Geometry BVH Plane 170/173 | Building BVH
Fra:1 Mem:29.11M (Peak 36.08M) | Time:00:00.22 | Mem:1.92M, Peak:1.92M | Scene, ViewLayer | Updating Geometry BVH Plane 170/173 | Building mesh BLAS |     192 tris | Paw toe
Fra:1 Mem:29.11M (Peak 36.08M) | Time:00:00.22 | Mem:1.92M, Peak:1.92M | Scene, ViewLayer | Updating Geometry BVH Plane 170/173 | Building mesh BLAS |     192 tris | Paw toe.002
Fra:1 Mem:29.11M (Peak 36.08M) | Time:00:00.22 | Mem:1.92M, Peak:1.92M | Scene, ViewLayer | Updating Geometry BVH Paw toe.003 9/173 | Building BVH
Fra:1 Mem:29.11M (Peak 36.08M) | Time:00:00.22 | Mem:1.92M, Peak:1.92M | Scene, ViewLayer | Updating Geometry BVH Paw toe.003 9/173 | Building mesh BLAS |     192 tris | Paw toe.003
Fra:1 Mem:29.11M (Peak 36.08M) | Time:00:00.22 | Mem:1.92M, Peak:1.92M | Scene, ViewLayer | Updating Geometry BVH Ivory claw.003 10/173 | Building BVH
Fra:1 Mem:29.11M (Peak 36.08M) | Time:00:00.22 | Mem:1.92M, Peak:1.92M | Scene, ViewLayer | Updating Geometry BVH Ivory claw.003 10/173 | Building mesh BLAS |      32 tris | Ivory claw.002
Fra:1 Mem:29.11M (Peak 36.08M) | Time:00:00.22 | Mem:1.92M, Peak:1.92M | Scene, ViewLayer | Updating Geometry BVH Paw toe.004 11/173 | Building BVH
Fra:1 Mem:29.11M (Peak 36.08M) | Time:00:00.22 | Mem:1.92M, Peak:1.92M | Scene, ViewLayer | Updating Geometry BVH Raised elemental crest 169/173 | Building BVH
Fra:1 Mem:29.11M (Peak 36.08M) | Time:00:00.22 | Mem:1.92M, Peak:1.92M | Scene, ViewLayer | Updating Geometry BVH Raised elemental crest 169/173 | Building mesh BLAS |     192 tris | Paw toe.004
Fra:1 Mem:29.11M (Peak 36.08M) | Time:00:00.22 | Mem:1.92M, Peak:1.92M | Scene, ViewLayer | Updating Geometry BVH Raised elemental crest 169/173 | Building mesh BLAS |      36 tris | Raised elemental crest
Fra:1 Mem:29.11M (Peak 36.08M) | Time:00:00.22 | Mem:1.92M, Peak:1.92M | Scene, ViewLayer | Updating Geometry BVH Raised elemental crest 169/173 | Building mesh BLAS |      32 tris | Ivory claw.003
Fra:1 Mem:29.11M (Peak 36.08M) | Time:00:00.22 | Mem:1.92M, Peak:1.92M | Scene, ViewLayer | Updating Geometry BVH Ivory claw.004 12/173 | Building BVH
Fra:1 Mem:29.11M (Peak 36.08M) | Time:00:00.22 | Mem:1.92M, Peak:1.92M | Scene, ViewLayer | Updating Geometry BVH Paw toe.005 13/173 | Building BVH
Fra:1 Mem:29.11M (Peak 36.08M) | Time:00:00.22 | Mem:1.92M, Peak:1.92M | Scene, ViewLayer | Updating Geometry BVH Paw toe.005 13/173 | Building mesh BLAS |      32 tris | Ivory claw.004
Fra:1 Mem:29.11M (Peak 36.08M) | Time:00:00.22 | Mem:1.92M, Peak:1.92M | Scene, ViewLayer | Updating Geometry BVH Ivory claw.005 14/173 | Building BVH
Fra:1 Mem:29.11M (Peak 36.08M) | Time:00:00.22 | Mem:1.92M, Peak:1.92M | Scene, ViewLayer | Updating Geometry BVH Paw toe.006 15/173 | Building BVH
Fra:1 Mem:29.11M (Peak 36.08M) | Time:00:00.22 | Mem:1.92M, Peak:1.92M | Scene, ViewLayer | Updating Geometry BVH Brass crest clasp 168/173 | Building BVH
Fra:1 Mem:29.11M (Peak 36.08M) | Time:00:00.22 | Mem:1.92M, Peak:1.92M | Scene, ViewLayer | Updating Geometry BVH Brass crest clasp 168/173 | Building mesh BLAS |     192 tris | Paw toe.006
Fra:1 Mem:29.11M (Peak 36.08M) | Time:00:00.22 | Mem:1.92M, Peak:1.92M | Scene, ViewLayer | Updating Geometry BVH Brass crest clasp 168/173 | Building mesh BLAS |     320 tris | Brass crest clasp
Fra:1 Mem:29.11M (Peak 36.08M) | Time:00:00.22 | Mem:1.92M, Peak:1.92M | Scene, ViewLayer | Updating Geometry BVH Ivory claw.006 16/173 | Building BVH
Fra:1 Mem:29.11M (Peak 36.08M) | Time:00:00.22 | Mem:1.92M, Peak:1.92M | Scene, ViewLayer | Updating Geometry BVH Ivory claw.006 16/173 | Building mesh BLAS |      32 tris | Ivory claw.006
Fra:1 Mem:29.11M (Peak 36.08M) | Time:00:00.22 | Mem:1.92M, Peak:1.92M | Scene, ViewLayer | Updating Geometry BVH Paw toe.007 17/173 | Building BVH
Fra:1 Mem:29.11M (Peak 36.08M) | Time:00:00.22 | Mem:1.92M, Peak:1.92M | Scene, ViewLayer | Updating Geometry BVH Paw toe.007 17/173 | Building mesh BLAS |     192 tris | Paw toe.007
Fra:1 Mem:29.11M (Peak 36.08M) | Time:00:00.22 | Mem:1.92M, Peak:1.92M | Scene, ViewLayer | Updating Geometry BVH Ivory claw.007 18/173 | Building BVH
Fra:1 Mem:29.11M (Peak 36.08M) | Time:00:00.22 | Mem:1.92M, Peak:1.92M | Scene, ViewLayer | Updating Geometry BVH Ivory claw.007 18/173 | Building mesh BLAS |      32 tris | Ivory claw.007
Fra:1 Mem:29.11M (Peak 36.08M) | Time:00:00.22 | Mem:1.92M, Peak:1.92M | Scene, ViewLayer | Updating Geometry BVH Paw toe.008 19/173 | Building BVH
Fra:1 Mem:29.11M (Peak 36.08M) | Time:00:00.22 | Mem:1.92M, Peak:1.92M | Scene, ViewLayer | Updating Geometry BVH Ivory claw.008 20/173 | Building BVH
Fra:1 Mem:29.11M (Peak 36.08M) | Time:00:00.22 | Mem:1.92M, Peak:1.92M | Scene, ViewLayer | Updating Geometry BVH Ivory claw.008 20/173 | Building mesh BLAS |     192 tris | Paw toe.008
Fra:1 Mem:29.11M (Peak 36.08M) | Time:00:00.22 | Mem:1.92M, Peak:1.92M | Scene, ViewLayer | Updating Geometry BVH Ivory claw.008 20/173 | Building mesh BLAS |      32 tris | Ivory claw.008
Fra:1 Mem:29.11M (Peak 36.08M) | Time:00:00.22 | Mem:1.92M, Peak:1.92M | Scene, ViewLayer | Updating Geometry BVH Neckerchief folded point 167/173 | Building BVH
Fra:1 Mem:29.11M (Peak 36.08M) | Time:00:00.22 | Mem:1.92M, Peak:1.92M | Scene, ViewLayer | Updating Geometry BVH Ivory claw.009 22/173 | Building BVH
Fra:1 Mem:29.11M (Peak 36.08M) | Time:00:00.22 | Mem:1.92M, Peak:1.92M | Scene, ViewLayer | Updating Geometry BVH Ivory claw.009 22/173 | Building mesh BLAS |       4 tris | Neckerchief folded point
Fra:1 Mem:29.11M (Peak 36.08M) | Time:00:00.22 | Mem:1.92M, Peak:1.92M | Scene, ViewLayer | Updating Geometry BVH Ivory claw.009 22/173 | Building mesh BLAS |      32 tris | Ivory claw.009
Fra:1 Mem:29.11M (Peak 36.08M) | Time:00:00.22 | Mem:1.92M, Peak:1.92M | Scene, ViewLayer | Updating Geometry BVH Paw toe.010 23/173 | Building mesh BLAS |     192 tris | Paw toe.009
Fra:1 Mem:29.11M (Peak 36.08M) | Time:00:00.22 | Mem:1.92M, Peak:1.92M | Scene, ViewLayer | Updating Geometry BVH Ivory claw.010 24/173 | Building BVH
Fra:1 Mem:29.11M (Peak 36.08M) | Time:00:00.22 | Mem:1.92M, Peak:1.92M | Scene, ViewLayer | Updating Geometry BVH Ivory claw.010 24/173 | Building mesh BLAS |      32 tris | Ivory claw.010
Fra:1 Mem:29.11M (Peak 36.08M) | Time:00:00.22 | Mem:1.92M, Peak:1.92M | Scene, ViewLayer | Updating Geometry BVH Paw toe.011 25/173 | Building BVH
Fra:1 Mem:29.11M (Peak 36.08M) | Time:00:00.22 | Mem:1.92M, Peak:1.92M | Scene, ViewLayer | Updating Geometry BVH Paw toe.011 25/173 | Building mesh BLAS |     192 tris | Paw toe.011
Fra:1 Mem:29.11M (Peak 36.08M) | Time:00:00.22 | Mem:1.92M, Peak:1.92M | Scene, ViewLayer | Updating Geometry BVH Paw toe.011 25/173 | Building mesh BLAS |     192 tris | Paw toe.010
Fra:1 Mem:29.11M (Peak 36.08M) | Time:00:00.22 | Mem:1.92M, Peak:1.92M | Scene, ViewLayer | Updating Geometry BVH Ivory claw.011 26/173 | Building BVH
Fra:1 Mem:29.11M (Peak 36.08M) | Time:00:00.22 | Mem:1.92M, Peak:1.92M | Scene, ViewLayer | Updating Geometry BVH Leather neckerchief roll 166/173 | Building BVH
Fra:1 Mem:29.11M (Peak 36.08M) | Time:00:00.22 | Mem:1.92M, Peak:1.92M | Scene, ViewLayer | Updating Geometry BVH Skull 27/173 | Building mesh BLAS |      32 tris | Ivory claw.011
Fra:1 Mem:29.11M (Peak 36.08M) | Time:00:00.22 | Mem:1.92M, Peak:1.92M | Scene, ViewLayer | Updating Geometry BVH Cream muzzle pad 28/173 | Building BVH
Fra:1 Mem:29.11M (Peak 36.08M) | Time:00:00.22 | Mem:1.92M, Peak:1.92M | Scene, ViewLayer | Updating Geometry BVH Cream muzzle pad 28/173 | Building mesh BLAS |     480 tris | Cream muzzle pad
Fra:1 Mem:29.11M (Peak 36.08M) | Time:00:00.22 | Mem:1.92M, Peak:1.92M | Scene, ViewLayer | Updating Geometry BVH Cream muzzle pad.001 29/173 | Building BVH
Fra:1 Mem:29.11M (Peak 36.08M) | Time:00:00.22 | Mem:1.92M, Peak:1.92M | Scene, ViewLayer | Updating Geometry BVH Cream muzzle pad.001 29/173 | Building mesh BLAS |      76 tris | Leather neckerchief roll
Fra:1 Mem:29.11M (Peak 36.08M) | Time:00:00.22 | Mem:1.92M, Peak:1.92M | Scene, ViewLayer | Updating Geometry BVH Heart shaped nose 30/173 | Building mesh BLAS |     480 tris | Cream muzzle pad.001
Fra:1 Mem:29.11M (Peak 36.08M) | Time:00:00.22 | Mem:1.92M, Peak:1.92M | Scene, ViewLayer | Updating Geometry BVH Eye socket 31/173 | Building BVH
Fra:1 Mem:29.11M (Peak 36.08M) | Time:00:00.22 | Mem:1.92M, Peak:1.92M | Scene, ViewLayer | Updating Geometry BVH Ivory eye 32/173 | Building BVH
Fra:1 Mem:29.11M (Peak 36.08M) | Time:00:00.22 | Mem:1.92M, Peak:1.92M | Scene, ViewLayer | Updating Geometry BVH Iris 33/173 | Building mesh BLAS |     480 tris | Eye socket
Fra:1 Mem:29.11M (Peak 36.08M) | Time:00:00.22 | Mem:1.92M, Peak:1.92M | Scene, ViewLayer | Updating Geometry BVH Flame tail tuft.006 165/173 | Building BVH
Fra:1 Mem:29.11M (Peak 36.08M) | Time:00:00.23 | Mem:1.92M, Peak:1.92M | Scene, ViewLayer | Updating Geometry BVH Flame tail tuft.006 165/173 | Building mesh BLAS |      44 tris | Flame tail tuft.006
Fra:1 Mem:29.11M (Peak 36.08M) | Time:00:00.23 | Mem:1.92M, Peak:1.92M | Scene, ViewLayer | Updating Geometry BVH Flame tail tuft.006 165/173 | Building mesh BLAS |     480 tris | Ivory eye
Fra:1 Mem:29.11M (Peak 36.08M) | Time:00:00.23 | Mem:1.92M, Peak:1.92M | Scene, ViewLayer | Updating Geometry BVH Flame tail tuft.006 165/173 | Building mesh BLAS |     480 tris | Iris
Fra:1 Mem:29.11M (Peak 36.08M) | Time:00:00.23 | Mem:1.92M, Peak:1.92M | Scene, ViewLayer | Updating Geometry BVH Pupil 34/173 | Building BVH
Fra:1 Mem:29.11M (Peak 36.08M) | Time:00:00.23 | Mem:1.92M, Peak:1.92M | Scene, ViewLayer | Updating Geometry BVH Eye glint 35/173 | Building BVH
Fra:1 Mem:29.11M (Peak 36.08M) | Time:00:00.23 | Mem:1.92M, Peak:1.92M | Scene, ViewLayer | Updating Geometry BVH Eye glint 35/173 | Building mesh BLAS |     192 tris | Eye glint
Fra:1 Mem:29.11M (Peak 36.08M) | Time:00:00.23 | Mem:1.92M, Peak:1.92M | Scene, ViewLayer | Updating Geometry BVH Expressive brow 36/173 | Building BVH
Fra:1 Mem:29.11M (Peak 36.08M) | Time:00:00.23 | Mem:1.92M, Peak:1.92M | Scene, ViewLayer | Updating Geometry BVH Smiling mouth 37/173 | Building BVH
Fra:1 Mem:29.11M (Peak 36.08M) | Time:00:00.23 | Mem:1.92M, Peak:1.92M | Scene, ViewLayer | Updating Geometry BVH Smiling mouth 37/173 | Building mesh BLAS |      32 tris | Smiling mouth
Fra:1 Mem:29.11M (Peak 36.08M) | Time:00:00.23 | Mem:1.92M, Peak:1.92M | Scene, ViewLayer | Updating Geometry BVH Whisker pore 38/173 | Building BVH
Fra:1 Mem:29.11M (Peak 36.08M) | Time:00:00.23 | Mem:1.92M, Peak:1.92M | Scene, ViewLayer | Updating Geometry BVH Whisker pore 38/173 | Building mesh BLAS |      64 tris | Whisker pore
Fra:1 Mem:29.11M (Peak 36.08M) | Time:00:00.23 | Mem:1.92M, Peak:1.92M | Scene, ViewLayer | Updating Geometry BVH Whisker pore 38/173 | Building mesh BLAS |      44 tris | Expressive brow
Fra:1 Mem:29.11M (Peak 36.08M) | Time:00:00.23 | Mem:1.92M, Peak:1.92M | Scene, ViewLayer | Updating Geometry BVH Whisker pore.002 40/173 | Building BVH
Fra:1 Mem:29.11M (Peak 36.08M) | Time:00:00.23 | Mem:1.92M, Peak:1.92M | Scene, ViewLayer | Updating Geometry BVH Whisker pore.002 40/173 | Building mesh BLAS |      64 tris | Whisker pore.002
Fra:1 Mem:29.11M (Peak 36.08M) | Time:00:00.23 | Mem:1.92M, Peak:1.92M | Scene, ViewLayer | Updating Geometry BVH Eye socket.001 41/173 | Building BVH
Fra:1 Mem:29.11M (Peak 36.08M) | Time:00:00.23 | Mem:1.92M, Peak:1.92M | Scene, ViewLayer | Updating Geometry BVH Eye socket.001 41/173 | Building mesh BLAS |     480 tris | Eye socket.001
Fra:1 Mem:29.11M (Peak 36.08M) | Time:00:00.23 | Mem:1.92M, Peak:1.92M | Scene, ViewLayer | Updating Geometry BVH Ivory eye.001 42/173 | Building BVH
Fra:1 Mem:29.11M (Peak 36.08M) | Time:00:00.23 | Mem:1.92M, Peak:1.92M | Scene, ViewLayer | Updating Geometry BVH Iris.001 43/173 | Building BVH
Fra:1 Mem:29.11M (Peak 36.08M) | Time:00:00.23 | Mem:1.92M, Peak:1.92M | Scene, ViewLayer | Updating Geometry BVH Iris.001 43/173 | Building mesh BLAS |      64 tris | Whisker pore.001
Fra:1 Mem:29.11M (Peak 36.08M) | Time:00:00.23 | Mem:1.92M, Peak:1.92M | Scene, ViewLayer | Updating Geometry BVH Iris.001 43/173 | Building mesh BLAS |     480 tris | Iris.001
Fra:1 Mem:29.11M (Peak 36.08M) | Time:00:00.23 | Mem:1.92M, Peak:1.92M | Scene, ViewLayer | Updating Geometry BVH Pupil.001 44/173 | Building BVH
Fra:1 Mem:29.11M (Peak 36.08M) | Time:00:00.23 | Mem:1.92M, Peak:1.92M | Scene, ViewLayer | Updating Geometry BVH Pupil.001 44/173 | Building mesh BLAS |     320 tris | Pupil.001
Fra:1 Mem:29.11M (Peak 36.08M) | Time:00:00.23 | Mem:1.92M, Peak:1.92M | Scene, ViewLayer | Updating Geometry BVH Eye glint.001 45/173 | Building BVH
Fra:1 Mem:29.11M (Peak 36.08M) | Time:00:00.23 | Mem:1.92M, Peak:1.92M | Scene, ViewLayer | Updating Geometry BVH Eye glint.001 45/173 | Building mesh BLAS |     192 tris | Eye glint.001
Fra:1 Mem:29.11M (Peak 36.08M) | Time:00:00.23 | Mem:1.92M, Peak:1.92M | Scene, ViewLayer | Updating Geometry BVH Expressive brow.001 46/173 | Building BVH
Fra:1 Mem:29.11M (Peak 36.08M) | Time:00:00.23 | Mem:1.92M, Peak:1.92M | Scene, ViewLayer | Updating Geometry BVH Expressive brow.001 46/173 | Building mesh BLAS |      44 tris | Expressive brow.001
Fra:1 Mem:29.11M (Peak 36.08M) | Time:00:00.23 | Mem:1.92M, Peak:1.92M | Scene, ViewLayer | Updating Geometry BVH Smiling mouth.001 47/173 | Building BVH
Fra:1 Mem:29.11M (Peak 36.08M) | Time:00:00.23 | Mem:1.92M, Peak:1.92M | Scene, ViewLayer | Updating Geometry BVH Whisker pore.003 48/173 | Building BVH
Fra:1 Mem:29.11M (Peak 36.08M) | Time:00:00.23 | Mem:1.92M, Peak:1.92M | Scene, ViewLayer | Updating Geometry BVH Whisker pore.003 48/173 | Building mesh BLAS |      32 tris | Smiling mouth.001
Fra:1 Mem:29.11M (Peak 36.08M) | Time:00:00.23 | Mem:1.92M, Peak:1.92M | Scene, ViewLayer | Updating Geometry BVH Whisker pore.003 48/173 | Building mesh BLAS |      64 tris | Whisker pore.003
Fra:1 Mem:29.11M (Peak 36.08M) | Time:00:00.23 | Mem:1.92M, Peak:1.92M | Scene, ViewLayer | Updating Geometry BVH Whisker pore.004 49/173 | Building BVH
Fra:1 Mem:29.11M (Peak 36.08M) | Time:00:00.23 | Mem:1.92M, Peak:1.92M | Scene, ViewLayer | Updating Geometry BVH Lower jaw 51/173 | Building BVH
Fra:1 Mem:29.11M (Peak 36.08M) | Time:00:00.23 | Mem:1.92M, Peak:1.92M | Scene, ViewLayer | Updating Geometry BVH Mouth cavity 52/173 | Building BVH
Fra:1 Mem:29.11M (Peak 36.08M) | Time:00:00.23 | Mem:1.92M, Peak:1.92M | Scene, ViewLayer | Updating Geometry BVH Lower canine 53/173 | Building mesh BLAS |      64 tris | Whisker pore.004
Fra:1 Mem:29.11M (Peak 36.08M) | Time:00:00.23 | Mem:1.92M, Peak:1.92M | Scene, ViewLayer | Updating Geometry BVH Lower canine 53/173 | Building mesh BLAS |     360 tris | Mouth cavity
Fra:1 Mem:29.11M (Peak 36.08M) | Time:00:00.23 | Mem:1.92M, Peak:1.92M | Scene, ViewLayer | Updating Geometry BVH Lower canine.001 54/173 | Building mesh BLAS |      64 tris | Whisker pore.005
Fra:1 Mem:29.11M (Peak 36.08M) | Time:00:00.23 | Mem:1.92M, Peak:1.92M | Scene, ViewLayer | Updating Geometry BVH Lower canine.001 54/173 | Building mesh BLAS |     400 tris | Lower jaw
Fra:1 Mem:29.11M (Peak 36.08M) | Time:00:00.23 | Mem:1.92M, Peak:1.92M | Scene, ViewLayer | Updating Geometry BVH Lower canine.001 54/173 | Building mesh BLAS |      38 tris | Lower canine
Fra:1 Mem:29.11M (Peak 36.08M) | Time:00:00.23 | Mem:1.92M, Peak:1.92M | Scene, ViewLayer | Updating Geometry BVH Rounded lion ear 55/173 | Building BVH
Fra:1 Mem:29.11M (Peak 36.08M) | Time:00:00.23 | Mem:1.92M, Peak:1.92M | Scene, ViewLayer | Updating Geometry BVH Rounded lion ear 55/173 | Building mesh BLAS |     432 tris | Rounded lion ear
Fra:1 Mem:29.11M (Peak 36.08M) | Time:00:00.23 | Mem:1.92M, Peak:1.92M | Scene, ViewLayer | Updating Geometry BVH Rounded lion ear 55/173 | Building mesh BLAS |      38 tris | Lower canine.001
Fra:1 Mem:29.11M (Peak 36.08M) | Time:00:00.23 | Mem:1.92M, Peak:1.92M | Scene, ViewLayer | Updating Geometry BVH Inner lion ear 56/173 | Building BVH
Fra:1 Mem:29.11M (Peak 36.08M) | Time:00:00.23 | Mem:1.92M, Peak:1.92M | Scene, ViewLayer | Updating Geometry BVH Inner lion ear 56/173 | Building mesh BLAS |     320 tris | Inner lion ear
Fra:1 Mem:29.11M (Peak 36.08M) | Time:00:00.23 | Mem:1.92M, Peak:1.92M | Scene, ViewLayer | Updating Geometry BVH Rounded lion ear.001 57/173 | Building BVH
Fra:1 Mem:29.11M (Peak 36.08M) | Time:00:00.23 | Mem:1.92M, Peak:1.92M | Scene, ViewLayer | Updating Geometry BVH Rounded lion ear.001 57/173 | Building mesh BLAS |     432 tris | Rounded lion ear.001
Fra:1 Mem:29.11M (Peak 36.08M) | Time:00:00.23 | Mem:1.92M, Peak:1.92M | Scene, ViewLayer | Updating Geometry BVH Flame tail tuft.004 163/173 | Building BVH
Fra:1 Mem:29.11M (Peak 36.08M) | Time:00:00.23 | Mem:1.92M, Peak:1.92M | Scene, ViewLayer | Updating Geometry BVH Closed sculpted rear mane cap 59/173 | Building BVH
Fra:1 Mem:29.11M (Peak 36.08M) | Time:00:00.23 | Mem:1.92M, Peak:1.92M | Scene, ViewLayer | Updating Geometry BVH Closed sculpted rear mane cap 59/173 | Building mesh BLAS |      44 tris | Flame tail tuft.004
Fra:1 Mem:29.11M (Peak 36.08M) | Time:00:00.23 | Mem:1.92M, Peak:1.92M | Scene, ViewLayer | Updating Geometry BVH Closed sculpted rear mane cap 59/173 | Building mesh BLAS |     332 tris | Closed sculpted rear mane cap
Fra:1 Mem:29.11M (Peak 36.08M) | Time:00:00.23 | Mem:1.92M, Peak:1.92M | Scene, ViewLayer | Updating Geometry BVH Layered rear mane lock 60/173 | Building mesh BLAS |     320 tris | Inner lion ear.001
Fra:1 Mem:29.11M (Peak 36.08M) | Time:00:00.23 | Mem:1.92M, Peak:1.92M | Scene, ViewLayer | Updating Geometry BVH Layered rear mane lock 60/173 | Building mesh BLAS |      60 tris | Layered rear mane lock
Fra:1 Mem:29.11M (Peak 36.08M) | Time:00:00.23 | Mem:1.92M, Peak:1.92M | Scene, ViewLayer | Updating Geometry BVH Layered rear mane lock.001 61/173 | Building BVH
Fra:1 Mem:29.11M (Peak 36.08M) | Time:00:00.23 | Mem:1.92M, Peak:1.92M | Scene, ViewLayer | Updating Geometry BVH Layered rear mane lock.001 61/173 | Building mesh BLAS |      60 tris | Layered rear mane lock.001
Fra:1 Mem:29.11M (Peak 36.08M) | Time:00:00.23 | Mem:1.92M, Peak:1.92M | Scene, ViewLayer | Updating Geometry BVH Layered rear mane lock.002 62/173 | Building BVH
Fra:1 Mem:29.11M (Peak 36.08M) | Time:00:00.23 | Mem:1.92M, Peak:1.92M | Scene, ViewLayer | Updating Geometry BVH Layered rear mane lock.003 63/173 | Building BVH
Fra:1 Mem:29.11M (Peak 36.08M) | Time:00:00.23 | Mem:1.92M, Peak:1.92M | Scene, ViewLayer | Updating Geometry BVH Layered rear mane lock.004 64/173 | Building BVH
Fra:1 Mem:29.11M (Peak 36.08M) | Time:00:00.23 | Mem:1.92M, Peak:1.92M | Scene, ViewLayer | Updating Geometry BVH Layered rear mane lock.004 64/173 | Building mesh BLAS |      60 tris | Layered rear mane lock.003
Fra:1 Mem:29.11M (Peak 36.08M) | Time:00:00.23 | Mem:1.92M, Peak:1.92M | Scene, ViewLayer | Updating Geometry BVH Layered rear mane lock.005 65/173 | Building BVH
Fra:1 Mem:29.11M (Peak 36.08M) | Time:00:00.23 | Mem:1.92M, Peak:1.92M | Scene, ViewLayer | Updating Geometry BVH Layered rear mane lock.006 66/173 | Building BVH
Fra:1 Mem:29.11M (Peak 36.08M) | Time:00:00.23 | Mem:1.92M, Peak:1.92M | Scene, ViewLayer | Updating Geometry BVH Layered rear mane lock.006 66/173 | Building mesh BLAS |      60 tris | Layered rear mane lock.005
Fra:1 Mem:29.11M (Peak 36.08M) | Time:00:00.23 | Mem:1.92M, Peak:1.92M | Scene, ViewLayer | Updating Geometry BVH Flame tail tuft.003 162/173 | Building mesh BLAS |      60 tris | Layered rear mane lock.006
Fra:1 Mem:29.11M (Peak 36.08M) | Time:00:00.23 | Mem:1.92M, Peak:1.92M | Scene, ViewLayer | Updating Geometry BVH Layered rear mane lock.007 67/173 | Building BVH
Fra:1 Mem:29.11M (Peak 36.08M) | Time:00:00.23 | Mem:1.92M, Peak:1.92M | Scene, ViewLayer | Updating Geometry BVH Layered rear mane lock.007 67/173 | Building mesh BLAS |      44 tris | Flame tail tuft.003
Fra:1 Mem:29.11M (Peak 36.08M) | Time:00:00.23 | Mem:1.92M, Peak:1.92M | Scene, ViewLayer | Updating Geometry BVH Layered rear mane lock.007 67/173 | Building mesh BLAS |      60 tris | Layered rear mane lock.007
Fra:1 Mem:29.11M (Peak 36.08M) | Time:00:00.23 | Mem:1.92M, Peak:1.92M | Scene, ViewLayer | Updating Geometry BVH Layered rear mane lock.008 68/173 | Building BVH
Fra:1 Mem:29.11M (Peak 36.08M) | Time:00:00.23 | Mem:1.92M, Peak:1.92M | Scene, ViewLayer | Updating Geometry BVH Layered rear mane lock.008 68/173 | Building mesh BLAS |      60 tris | Layered rear mane lock.008
Fra:1 Mem:29.11M (Peak 36.08M) | Time:00:00.23 | Mem:1.92M, Peak:1.92M | Scene, ViewLayer | Updating Geometry BVH Layered rear mane lock.009 69/173 | Building BVH
Fra:1 Mem:29.11M (Peak 36.08M) | Time:00:00.23 | Mem:1.92M, Peak:1.92M | Scene, ViewLayer | Updating Geometry BVH Layered rear mane lock.009 69/173 | Building mesh BLAS |      60 tris | Layered rear mane lock.009
Fra:1 Mem:29.11M (Peak 36.08M) | Time:00:00.23 | Mem:1.92M, Peak:1.92M | Scene, ViewLayer | Updating Geometry BVH Layered rear mane lock.010 70/173 | Building BVH
Fra:1 Mem:29.11M (Peak 36.08M) | Time:00:00.23 | Mem:1.92M, Peak:1.92M | Scene, ViewLayer | Updating Geometry BVH Layered rear mane lock.011 71/173 | Building BVH
Fra:1 Mem:29.11M (Peak 36.08M) | Time:00:00.23 | Mem:1.92M, Peak:1.92M | Scene, ViewLayer | Updating Geometry BVH Layered rear mane lock.011 71/173 | Building mesh BLAS |      60 tris | Layered rear mane lock.010
Fra:1 Mem:29.11M (Peak 36.08M) | Time:00:00.23 | Mem:1.92M, Peak:1.92M | Scene, ViewLayer | Updating Geometry BVH Layered rear mane lock.011 71/173 | Building mesh BLAS |      60 tris | Layered rear mane lock.011
Fra:1 Mem:29.11M (Peak 36.08M) | Time:00:00.23 | Mem:1.92M, Peak:1.92M | Scene, ViewLayer | Updating Geometry BVH Layered rear mane lock.012 72/173 | Building BVH
Fra:1 Mem:29.11M (Peak 36.08M) | Time:00:00.23 | Mem:1.92M, Peak:1.92M | Scene, ViewLayer | Updating Geometry BVH Layered rear mane lock.012 72/173 | Building mesh BLAS |      60 tris | Layered rear mane lock.012
Fra:1 Mem:29.11M (Peak 36.08M) | Time:00:00.23 | Mem:1.92M, Peak:1.92M | Scene, ViewLayer | Updating Geometry BVH Layered rear mane lock.013 73/173 | Building BVH
Fra:1 Mem:29.11M (Peak 36.08M) | Time:00:00.23 | Mem:1.92M, Peak:1.92M | Scene, ViewLayer | Updating Geometry BVH Layered rear mane lock.013 73/173 | Building mesh BLAS |      60 tris | Layered rear mane lock.013
Fra:1 Mem:29.11M (Peak 36.08M) | Time:00:00.23 | Mem:1.92M, Peak:1.92M | Scene, ViewLayer | Updating Geometry BVH Flame tail tuft.002 161/173 | Building BVH
Fra:1 Mem:29.11M (Peak 36.08M) | Time:00:00.23 | Mem:1.92M, Peak:1.92M | Scene, ViewLayer | Updating Geometry BVH Layered rear mane lock.014 74/173 | Building BVH
Fra:1 Mem:29.11M (Peak 36.08M) | Time:00:00.23 | Mem:1.92M, Peak:1.92M | Scene, ViewLayer | Updating Geometry BVH Layered rear mane lock.014 74/173 | Building mesh BLAS |      44 tris | Flame tail tuft.002
Fra:1 Mem:29.11M (Peak 36.08M) | Time:00:00.23 | Mem:1.92M, Peak:1.92M | Scene, ViewLayer | Updating Geometry BVH Layered rear mane lock.014 74/173 | Building mesh BLAS |      60 tris | Layered rear mane lock.014
Fra:1 Mem:29.11M (Peak 36.08M) | Time:00:00.23 | Mem:1.92M, Peak:1.92M | Scene, ViewLayer | Updating Geometry BVH Layered rear mane lock.015 75/173 | Building BVH
Fra:1 Mem:29.11M (Peak 36.08M) | Time:00:00.23 | Mem:1.92M, Peak:1.92M | Scene, ViewLayer | Updating Geometry BVH Layered rear mane lock.015 75/173 | Building mesh BLAS |      60 tris | Layered rear mane lock.015
Fra:1 Mem:29.11M (Peak 36.08M) | Time:00:00.23 | Mem:1.92M, Peak:1.92M | Scene, ViewLayer | Updating Geometry BVH Layered rear mane lock.016 76/173 | Building BVH
Fra:1 Mem:29.11M (Peak 36.08M) | Time:00:00.23 | Mem:1.92M, Peak:1.92M | Scene, ViewLayer | Updating Geometry BVH Layered rear mane lock.016 76/173 | Building mesh BLAS |      60 tris | Layered rear mane lock.016
Fra:1 Mem:29.11M (Peak 36.08M) | Time:00:00.23 | Mem:1.93M, Peak:1.93M | Scene, ViewLayer | Updating Geometry BVH Layered rear mane lock.017 77/173 | Building BVH
Fra:1 Mem:29.11M (Peak 36.08M) | Time:00:00.23 | Mem:1.93M, Peak:1.93M | Scene, ViewLayer | Updating Geometry BVH Layered rear mane lock.018 78/173 | Building BVH
Fra:1 Mem:29.11M (Peak 36.08M) | Time:00:00.23 | Mem:1.93M, Peak:1.93M | Scene, ViewLayer | Updating Geometry BVH Layered rear mane lock.018 78/173 | Building mesh BLAS |      60 tris | Layered rear mane lock.017
Fra:1 Mem:29.11M (Peak 36.08M) | Time:00:00.23 | Mem:1.93M, Peak:1.93M | Scene, ViewLayer | Updating Geometry BVH Layered rear mane lock.018 78/173 | Building mesh BLAS |      60 tris | Layered rear mane lock.018
Fra:1 Mem:29.11M (Peak 36.08M) | Time:00:00.23 | Mem:1.93M, Peak:1.93M | Scene, ViewLayer | Updating Geometry BVH Layered rear mane lock.019 79/173 | Building BVH
Fra:1 Mem:29.11M (Peak 36.08M) | Time:00:00.23 | Mem:1.93M, Peak:1.93M | Scene, ViewLayer | Updating Geometry BVH Layered rear mane lock.019 79/173 | Building mesh BLAS |      60 tris | Layered rear mane lock.019
Fra:1 Mem:29.11M (Peak 36.08M) | Time:00:00.24 | Mem:1.93M, Peak:1.93M | Scene, ViewLayer | Updating Geometry BVH Layered rear mane lock.020 80/173 | Building BVH
Fra:1 Mem:29.11M (Peak 36.08M) | Time:00:00.24 | Mem:1.93M, Peak:1.93M | Scene, ViewLayer | Updating Geometry BVH Layered rear mane lock.020 80/173 | Building mesh BLAS |      60 tris | Layered rear mane lock.020
Fra:1 Mem:29.11M (Peak 36.08M) | Time:00:00.24 | Mem:1.93M, Peak:1.93M | Scene, ViewLayer | Updating Geometry BVH Layered rear mane lock.021 81/173 | Building BVH
Fra:1 Mem:29.11M (Peak 36.08M) | Time:00:00.24 | Mem:1.93M, Peak:1.93M | Scene, ViewLayer | Updating Geometry BVH Flame tail tuft.001 160/173 | Building BVH
Fra:1 Mem:29.11M (Peak 36.08M) | Time:00:00.24 | Mem:1.93M, Peak:1.93M | Scene, ViewLayer | Updating Geometry BVH Flame tail tuft.001 160/173 | Building mesh BLAS |      60 tris | Layered rear mane lock.021
Fra:1 Mem:29.11M (Peak 36.08M) | Time:00:00.24 | Mem:1.93M, Peak:1.93M | Scene, ViewLayer | Updating Geometry BVH Flame tail tuft.001 160/173 | Building mesh BLAS |      44 tris | Flame tail tuft.001
Fra:1 Mem:29.11M (Peak 36.08M) | Time:00:00.24 | Mem:1.93M, Peak:1.93M | Scene, ViewLayer | Updating Geometry BVH Layered rear mane lock.022 82/173 | Building BVH
Fra:1 Mem:29.11M (Peak 36.08M) | Time:00:00.24 | Mem:1.93M, Peak:1.93M | Scene, ViewLayer | Updating Geometry BVH Layered rear mane lock.022 82/173 | Building mesh BLAS |      60 tris | Layered rear mane lock.022
Fra:1 Mem:29.11M (Peak 36.08M) | Time:00:00.24 | Mem:1.93M, Peak:1.93M | Scene, ViewLayer | Updating Geometry BVH Sculpted mane lock 83/173 | Building BVH
Fra:1 Mem:29.11M (Peak 36.08M) | Time:00:00.24 | Mem:1.93M, Peak:1.93M | Scene, ViewLayer | Updating Geometry BVH Sculpted mane lock 83/173 | Building mesh BLAS |      60 tris | Sculpted mane lock
Fra:1 Mem:29.11M (Peak 36.08M) | Time:00:00.24 | Mem:1.93M, Peak:1.93M | Scene, ViewLayer | Updating Geometry BVH Sculpted mane lock.001 84/173 | Building BVH
Fra:1 Mem:29.11M (Peak 36.08M) | Time:00:00.24 | Mem:1.94M, Peak:1.94M | Scene, ViewLayer | Updating Geometry BVH Sculpted mane lock.001 84/173 | Building mesh BLAS |      60 tris | Sculpted mane lock.001
Fra:1 Mem:29.11M (Peak 36.08M) | Time:00:00.24 | Mem:1.94M, Peak:1.94M | Scene, ViewLayer | Updating Geometry BVH Sculpted mane lock.002 85/173 | Building BVH
Fra:1 Mem:29.11M (Peak 36.08M) | Time:00:00.24 | Mem:1.94M, Peak:1.94M | Scene, ViewLayer | Updating Geometry BVH Sculpted mane lock.002 85/173 | Building mesh BLAS |      60 tris | Sculpted mane lock.002
Fra:1 Mem:29.11M (Peak 36.08M) | Time:00:00.24 | Mem:1.95M, Peak:1.95M | Scene, ViewLayer | Updating Geometry BVH Sculpted mane lock.003 86/173 | Building BVH
Fra:1 Mem:29.11M (Peak 36.08M) | Time:00:00.24 | Mem:1.95M, Peak:1.95M | Scene, ViewLayer | Updating Geometry BVH Sculpted mane lock.003 86/173 | Building mesh BLAS |      60 tris | Sculpted mane lock.003
Fra:1 Mem:29.11M (Peak 36.08M) | Time:00:00.24 | Mem:1.96M, Peak:1.96M | Scene, ViewLayer | Updating Geometry BVH Sculpted mane lock.004 87/173 | Building BVH
Fra:1 Mem:29.11M (Peak 36.08M) | Time:00:00.24 | Mem:1.96M, Peak:1.96M | Scene, ViewLayer | Updating Geometry BVH Sculpted mane lock.004 87/173 | Building mesh BLAS |      60 tris | Sculpted mane lock.004
Fra:1 Mem:29.11M (Peak 36.08M) | Time:00:00.24 | Mem:2.16M, Peak:2.16M | Scene, ViewLayer | Updating Geometry BVH Flame tail tuft 159/173 | Building BVH
Fra:1 Mem:29.11M (Peak 36.08M) | Time:00:00.24 | Mem:2.16M, Peak:2.16M | Scene, ViewLayer | Updating Geometry BVH Flame tail tuft 159/173 | Building mesh BLAS |      44 tris | Flame tail tuft
Fra:1 Mem:29.11M (Peak 36.08M) | Time:00:00.24 | Mem:2.16M, Peak:2.16M | Scene, ViewLayer | Updating Geometry BVH Flame tail tuft 159/173 | Building mesh BLAS |      60 tris | Sculpted mane lock.005
Fra:1 Mem:29.11M (Peak 36.08M) | Time:00:00.24 | Mem:2.16M, Peak:2.16M | Scene, ViewLayer | Updating Geometry BVH Sculpted mane lock.006 89/173 | Building BVH
Fra:1 Mem:29.11M (Peak 36.08M) | Time:00:00.24 | Mem:2.16M, Peak:2.16M | Scene, ViewLayer | Updating Geometry BVH Sculpted mane lock.006 89/173 | Building mesh BLAS |      60 tris | Sculpted mane lock.006
Fra:1 Mem:29.11M (Peak 36.08M) | Time:00:00.24 | Mem:2.20M, Peak:2.20M | Scene, ViewLayer | Updating Geometry BVH Sculpted mane lock.007 90/173 | Building BVH
Fra:1 Mem:29.11M (Peak 36.08M) | Time:00:00.24 | Mem:2.20M, Peak:2.20M | Scene, ViewLayer | Updating Geometry BVH Sculpted mane lock.007 90/173 | Building mesh BLAS |      60 tris | Sculpted mane lock.007
Fra:1 Mem:29.11M (Peak 36.08M) | Time:00:00.24 | Mem:2.21M, Peak:2.21M | Scene, ViewLayer | Updating Geometry BVH Sculpted mane lock.008 91/173 | Building BVH
Fra:1 Mem:29.11M (Peak 36.08M) | Time:00:00.24 | Mem:2.21M, Peak:2.21M | Scene, ViewLayer | Updating Geometry BVH Sculpted mane lock.008 91/173 | Building mesh BLAS |      60 tris | Sculpted mane lock.008
Fra:1 Mem:29.11M (Peak 36.08M) | Time:00:00.24 | Mem:2.21M, Peak:2.21M | Scene, ViewLayer | Updating Geometry BVH Sculpted mane lock.009 92/173 | Building BVH
Fra:1 Mem:29.11M (Peak 36.08M) | Time:00:00.24 | Mem:2.21M, Peak:2.21M | Scene, ViewLayer | Updating Geometry BVH Sculpted mane lock.011 94/173 | Building mesh BLAS |      60 tris | Sculpted mane lock.010
Fra:1 Mem:29.11M (Peak 36.08M) | Time:00:00.24 | Mem:2.21M, Peak:2.21M | Scene, ViewLayer | Updating Geometry BVH Articulated tail 158/173 | Building BVH
Fra:1 Mem:29.11M (Peak 36.08M) | Time:00:00.24 | Mem:2.21M, Peak:2.21M | Scene, ViewLayer | Updating Geometry BVH Sculpted mane lock.012 95/173 | Building mesh BLAS |     268 tris | Articulated tail
Fra:1 Mem:29.11M (Peak 36.08M) | Time:00:00.24 | Mem:2.22M, Peak:2.22M | Scene, ViewLayer | Updating Geometry BVH Sculpted mane lock.012 95/173 | Building mesh BLAS |      60 tris | Sculpted mane lock.009
Fra:1 Mem:29.11M (Peak 36.08M) | Time:00:00.24 | Mem:2.22M, Peak:2.22M | Scene, ViewLayer | Updating Geometry BVH Sculpted mane lock.012 95/173 | Building mesh BLAS |      60 tris | Sculpted mane lock.011
Fra:1 Mem:29.11M (Peak 36.08M) | Time:00:00.24 | Mem:2.22M, Peak:2.22M | Scene, ViewLayer | Updating Geometry BVH Sculpted mane lock.012 95/173 | Building mesh BLAS |      60 tris | Sculpted mane lock.012
Fra:1 Mem:29.11M (Peak 36.08M) | Time:00:00.24 | Mem:2.22M, Peak:2.22M | Scene, ViewLayer | Updating Geometry BVH Sculpted mane lock.013 96/173 | Building BVH
Fra:1 Mem:29.11M (Peak 36.08M) | Time:00:00.24 | Mem:2.22M, Peak:2.22M | Scene, ViewLayer | Updating Geometry BVH Sculpted mane lock.013 96/173 | Building mesh BLAS |      60 tris | Sculpted mane lock.013
Fra:1 Mem:29.11M (Peak 36.08M) | Time:00:00.24 | Mem:2.22M, Peak:2.22M | Scene, ViewLayer | Updating Geometry BVH Sculpted mane lock.014 97/173 | Building BVH
Fra:1 Mem:29.11M (Peak 36.08M) | Time:00:00.24 | Mem:2.22M, Peak:2.22M | Scene, ViewLayer | Updating Geometry BVH Sculpted mane lock.014 97/173 | Building mesh BLAS |      60 tris | Sculpted mane lock.014
Fra:1 Mem:29.11M (Peak 36.08M) | Time:00:00.24 | Mem:2.28M, Peak:2.28M | Scene, ViewLayer | Updating Geometry BVH Sculpted mane lock.015 98/173 | Building BVH
Fra:1 Mem:29.11M (Peak 36.08M) | Time:00:00.24 | Mem:2.28M, Peak:2.28M | Scene, ViewLayer | Updating Geometry BVH Sculpted mane lock.016 99/173 | Building BVH
Fra:1 Mem:29.11M (Peak 36.08M) | Time:00:00.24 | Mem:2.28M, Peak:2.28M | Scene, ViewLayer | Updating Geometry BVH Wrist fur.011 157/173 | Building BVH
Fra:1 Mem:29.11M (Peak 36.08M) | Time:00:00.24 | Mem:2.28M, Peak:2.28M | Scene, ViewLayer | Updating Geometry BVH Wrist fur.011 157/173 | Building mesh BLAS |      60 tris | Sculpted mane lock.016
Fra:1 Mem:29.11M (Peak 36.08M) | Time:00:00.24 | Mem:2.28M, Peak:2.28M | Scene, ViewLayer | Updating Geometry BVH Wrist fur.011 157/173 | Building mesh BLAS |      44 tris | Wrist fur.011
Fra:1 Mem:29.11M (Peak 36.08M) | Time:00:00.24 | Mem:2.48M, Peak:2.48M | Scene, ViewLayer | Updating Geometry BVH Sculpted mane lock.017 100/173 | Building BVH
Fra:1 Mem:29.11M (Peak 36.08M) | Time:00:00.24 | Mem:2.54M, Peak:2.54M | Scene, ViewLayer | Updating Geometry BVH Sculpted mane lock.017 100/173 | Building mesh BLAS |      60 tris | Sculpted mane lock.017
Fra:1 Mem:29.11M (Peak 36.08M) | Time:00:00.24 | Mem:2.56M, Peak:2.56M | Scene, ViewLayer | Updating Geometry BVH Sculpted mane lock.018 101/173 | Building BVH
Fra:1 Mem:29.11M (Peak 36.08M) | Time:00:00.24 | Mem:2.57M, Peak:2.57M | Scene, ViewLayer | Updating Geometry BVH Sculpted mane lock.018 101/173 | Building mesh BLAS |      60 tris | Sculpted mane lock.018
Fra:1 Mem:29.11M (Peak 36.08M) | Time:00:00.24 | Mem:2.57M, Peak:2.57M | Scene, ViewLayer | Updating Geometry BVH Sculpted mane lock.020 103/173 | Building BVH
Fra:1 Mem:29.11M (Peak 36.08M) | Time:00:00.24 | Mem:2.57M, Peak:2.57M | Scene, ViewLayer | Updating Geometry BVH Sculpted mane lock.021 104/173 | Building BVH
Fra:1 Mem:29.11M (Peak 36.08M) | Time:00:00.24 | Mem:2.57M, Peak:2.57M | Scene, ViewLayer | Updating Geometry BVH Sculpted mane lock.021 104/173 | Building mesh BLAS |      60 tris | Sculpted mane lock.020
Fra:1 Mem:29.11M (Peak 36.08M) | Time:00:00.24 | Mem:2.57M, Peak:2.57M | Scene, ViewLayer | Updating Geometry BVH Sculpted mane lock.021 104/173 | Building mesh BLAS |      60 tris | Sculpted mane lock.019
Fra:1 Mem:29.11M (Peak 36.08M) | Time:00:00.24 | Mem:2.57M, Peak:2.57M | Scene, ViewLayer | Updating Geometry BVH Sculpted mane lock.021 104/173 | Building mesh BLAS |      60 tris | Sculpted mane lock.021
Fra:1 Mem:29.11M (Peak 36.08M) | Time:00:00.24 | Mem:2.61M, Peak:2.61M | Scene, ViewLayer | Updating Geometry BVH Sculpted mane lock.022 105/173 | Building BVH
Fra:1 Mem:29.11M (Peak 36.08M) | Time:00:00.24 | Mem:2.62M, Peak:2.62M | Scene, ViewLayer | Updating Geometry BVH Sculpted mane lock.022 105/173 | Building mesh BLAS |      60 tris | Sculpted mane lock.022
Fra:1 Mem:29.11M (Peak 36.08M) | Time:00:00.24 | Mem:2.62M, Peak:2.62M | Scene, ViewLayer | Updating Geometry BVH Sculpted mane lock.023 106/173 | Building BVH
Fra:1 Mem:29.11M (Peak 36.08M) | Time:00:00.24 | Mem:2.62M, Peak:2.62M | Scene, ViewLayer | Updating Geometry BVH Wrist fur.010 156/173 | Building BVH
Fra:1 Mem:29.11M (Peak 36.08M) | Time:00:00.24 | Mem:2.62M, Peak:2.62M | Scene, ViewLayer | Updating Geometry BVH Sculpted mane lock.024 107/173 | Building BVH
Fra:1 Mem:29.11M (Peak 36.08M) | Time:00:00.24 | Mem:2.62M, Peak:2.62M | Scene, ViewLayer | Updating Geometry BVH Sculpted mane lock.025 108/173 | Building mesh BLAS |      44 tris | Wrist fur.010
Fra:1 Mem:29.11M (Peak 36.08M) | Time:00:00.24 | Mem:2.62M, Peak:2.62M | Scene, ViewLayer | Updating Geometry BVH Sculpted mane lock.025 108/173 | Building mesh BLAS |      60 tris | Sculpted mane lock.024
Fra:1 Mem:29.11M (Peak 36.08M) | Time:00:00.24 | Mem:2.62M, Peak:2.62M | Scene, ViewLayer | Updating Geometry BVH Sculpted mane lock.025 108/173 | Building mesh BLAS |      60 tris | Sculpted mane lock.025
Fra:1 Mem:29.11M (Peak 36.08M) | Time:00:00.24 | Mem:2.62M, Peak:2.62M | Scene, ViewLayer | Updating Geometry BVH Sculpted mane lock.026 109/173 | Building BVH
Fra:1 Mem:29.11M (Peak 36.08M) | Time:00:00.24 | Mem:2.62M, Peak:2.62M | Scene, ViewLayer | Updating Geometry BVH Sculpted mane lock.026 109/173 | Building mesh BLAS |      60 tris | Sculpted mane lock.026
Fra:1 Mem:29.11M (Peak 36.08M) | Time:00:00.24 | Mem:2.69M, Peak:2.69M | Scene, ViewLayer | Updating Geometry BVH Sculpted mane lock.027 110/173 | Building BVH
Fra:1 Mem:29.11M (Peak 36.08M) | Time:00:00.24 | Mem:2.69M, Peak:2.69M | Scene, ViewLayer | Updating Geometry BVH Sculpted mane lock.028 111/173 | Building BVH
Fra:1 Mem:29.11M (Peak 36.08M) | Time:00:00.24 | Mem:2.71M, Peak:2.71M | Scene, ViewLayer | Updating Geometry BVH Sculpted mane lock.030 113/173 | Building BVH
Fra:1 Mem:29.11M (Peak 36.08M) | Time:00:00.24 | Mem:2.71M, Peak:2.71M | Scene, ViewLayer | Updating Geometry BVH Sculpted mane lock.030 113/173 | Building mesh BLAS |      60 tris | Sculpted mane lock.028
Fra:1 Mem:29.11M (Peak 36.08M) | Time:00:00.24 | Mem:2.71M, Peak:2.71M | Scene, ViewLayer | Updating Geometry BVH Sculpted mane lock.032 115/173 | Building BVH
Fra:1 Mem:29.11M (Peak 36.08M) | Time:00:00.24 | Mem:2.71M, Peak:2.71M | Scene, ViewLayer | Updating Geometry BVH Sculpted mane lock.033 116/173 | Building BVH
Fra:1 Mem:29.11M (Peak 36.08M) | Time:00:00.24 | Mem:2.71M, Peak:2.71M | Scene, ViewLayer | Updating Geometry BVH Sculpted mane lock.033 116/173 | Building mesh BLAS |      60 tris | Sculpted mane lock.029
Fra:1 Mem:29.11M (Peak 36.08M) | Time:00:00.24 | Mem:2.71M, Peak:2.71M | Scene, ViewLayer | Updating Geometry BVH Sculpted mane lock.033 116/173 | Building mesh BLAS |      44 tris | Wrist fur.009
Fra:1 Mem:29.11M (Peak 36.08M) | Time:00:00.24 | Mem:2.73M, Peak:2.73M | Scene, ViewLayer | Updating Geometry BVH Sculpted mane lock.033 116/173 | Building mesh BLAS |      60 tris | Sculpted mane lock.032
Fra:1 Mem:29.11M (Peak 36.08M) | Time:00:00.24 | Mem:2.73M, Peak:2.73M | Scene, ViewLayer | Updating Geometry BVH Sculpted mane lock.033 116/173 | Building mesh BLAS |      60 tris | Sculpted mane lock.033
Fra:1 Mem:29.11M (Peak 36.08M) | Time:00:00.24 | Mem:2.73M, Peak:2.73M | Scene, ViewLayer | Updating Geometry BVH Sculpted mane lock.033 116/173 | Building mesh BLAS |      60 tris | Sculpted mane lock.031
Fra:1 Mem:29.11M (Peak 36.08M) | Time:00:00.24 | Mem:2.73M, Peak:2.73M | Scene, ViewLayer | Updating Geometry BVH Sculpted mane lock.035 118/173 | Building BVH
Fra:1 Mem:29.11M (Peak 36.08M) | Time:00:00.24 | Mem:2.77M, Peak:2.77M | Scene, ViewLayer | Updating Geometry BVH Sculpted mane lock.035 118/173 | Building mesh BLAS |      60 tris | Sculpted mane lock.035
Fra:1 Mem:29.11M (Peak 36.08M) | Time:00:00.25 | Mem:2.77M, Peak:2.77M | Scene, ViewLayer | Updating Geometry BVH Sculpted mane lock.035 118/173 | Building mesh BLAS |      60 tris | Sculpted mane lock.034
Fra:1 Mem:29.11M (Peak 36.08M) | Time:00:00.25 | Mem:2.77M, Peak:2.77M | Scene, ViewLayer | Updating Geometry BVH Sculpted mane lock.036 119/173 | Building BVH
Fra:1 Mem:29.11M (Peak 36.08M) | Time:00:00.25 | Mem:2.77M, Peak:2.77M | Scene, ViewLayer | Updating Geometry BVH Layered shoulder fur.011 154/173 | Building BVH
Fra:1 Mem:29.11M (Peak 36.08M) | Time:00:00.25 | Mem:2.77M, Peak:2.77M | Scene, ViewLayer | Updating Geometry BVH Layered shoulder fur.011 154/173 | Building mesh BLAS |      60 tris | Sculpted mane lock.036
Fra:1 Mem:29.11M (Peak 36.08M) | Time:00:00.25 | Mem:2.77M, Peak:2.77M | Scene, ViewLayer | Updating Geometry BVH Layered shoulder fur.011 154/173 | Building mesh BLAS |      44 tris | Layered shoulder fur.011
Fra:1 Mem:29.11M (Peak 36.08M) | Time:00:00.25 | Mem:2.82M, Peak:2.82M | Scene, ViewLayer | Updating Geometry BVH Sculpted mane lock.037 120/173 | Building BVH
Fra:1 Mem:29.11M (Peak 36.08M) | Time:00:00.25 | Mem:2.83M, Peak:2.83M | Scene, ViewLayer | Updating Geometry BVH Sculpted mane lock.038 121/173 | Building BVH
Fra:1 Mem:29.11M (Peak 36.08M) | Time:00:00.25 | Mem:2.84M, Peak:2.84M | Scene, ViewLayer | Updating Geometry BVH Sculpted mane lock.038 121/173 | Building mesh BLAS |      60 tris | Sculpted mane lock.038
Fra:1 Mem:29.11M (Peak 36.08M) | Time:00:00.25 | Mem:2.85M, Peak:2.85M | Scene, ViewLayer | Updating Geometry BVH Layered shoulder fur.010 153/173 | Building BVH
Fra:1 Mem:29.11M (Peak 36.08M) | Time:00:00.25 | Mem:2.85M, Peak:2.85M | Scene, ViewLayer | Updating Geometry BVH Sculpted mane lock.041 124/173 | Building BVH
Fra:1 Mem:29.11M (Peak 36.08M) | Time:00:00.25 | Mem:2.86M, Peak:2.86M | Scene, ViewLayer | Updating Geometry BVH Sculpted mane lock.042 125/173 | Building BVH
Fra:1 Mem:29.11M (Peak 36.08M) | Time:00:00.25 | Mem:2.86M, Peak:2.86M | Scene, ViewLayer | Updating Geometry BVH Sculpted mane lock.043 126/173 | Building BVH
Fra:1 Mem:29.11M (Peak 36.08M) | Time:00:00.25 | Mem:2.86M, Peak:2.86M | Scene, ViewLayer | Updating Geometry BVH Sculpted mane lock.044 127/173 | Building BVH
Fra:1 Mem:29.11M (Peak 36.08M) | Time:00:00.25 | Mem:2.86M, Peak:2.86M | Scene, ViewLayer | Updating Geometry BVH Sculpted mane lock.044 127/173 | Building mesh BLAS |      60 tris | Sculpted mane lock.039
Fra:1 Mem:29.11M (Peak 36.08M) | Time:00:00.25 | Mem:2.86M, Peak:2.86M | Scene, ViewLayer | Updating Geometry BVH Sculpted mane lock.044 127/173 | Building mesh BLAS |      60 tris | Sculpted mane lock.042
Fra:1 Mem:29.11M (Peak 36.08M) | Time:00:00.25 | Mem:2.86M, Peak:2.86M | Scene, ViewLayer | Updating Geometry BVH Sculpted mane lock.044 127/173 | Building mesh BLAS |      60 tris | Sculpted mane lock.043
Fra:1 Mem:29.11M (Peak 36.08M) | Time:00:00.25 | Mem:2.86M, Peak:2.86M | Scene, ViewLayer | Updating Geometry BVH Sculpted mane lock.045 128/173 | Building BVH
Fra:1 Mem:29.11M (Peak 36.08M) | Time:00:00.25 | Mem:2.86M, Peak:2.86M | Scene, ViewLayer | Updating Geometry BVH Layered shoulder fur.009 152/173 | Building BVH
Fra:1 Mem:29.11M (Peak 36.08M) | Time:00:00.25 | Mem:2.86M, Peak:2.86M | Scene, ViewLayer | Updating Geometry BVH Sculpted mane lock.047 130/173 | Building BVH
Fra:1 Mem:29.11M (Peak 36.08M) | Time:00:00.25 | Mem:2.86M, Peak:2.86M | Scene, ViewLayer | Updating Geometry BVH Sculpted mane lock.047 130/173 | Building mesh BLAS |      60 tris | Sculpted mane lock.044
Fra:1 Mem:29.11M (Peak 36.08M) | Time:00:00.25 | Mem:2.86M, Peak:2.86M | Scene, ViewLayer | Updating Geometry BVH Sculpted mane lock.047 130/173 | Building mesh BLAS |      60 tris | Sculpted mane lock.040
Fra:1 Mem:29.11M (Peak 36.08M) | Time:00:00.25 | Mem:2.87M, Peak:2.87M | Scene, ViewLayer | Updating Geometry BVH Sculpted mane lock.047 130/173 | Building mesh BLAS |      44 tris | Layered shoulder fur.009
Fra:1 Mem:29.11M (Peak 36.08M) | Time:00:00.25 | Mem:2.87M, Peak:2.87M | Scene, ViewLayer | Updating Geometry BVH Sculpted mane lock.049 132/173 | Building BVH
Fra:1 Mem:29.11M (Peak 36.08M) | Time:00:00.25 | Mem:2.87M, Peak:2.87M | Scene, ViewLayer | Updating Geometry BVH Sculpted mane lock.049 132/173 | Building mesh BLAS |      60 tris | Sculpted mane lock.046
Fra:1 Mem:29.11M (Peak 36.08M) | Time:00:00.25 | Mem:2.87M, Peak:2.87M | Scene, ViewLayer | Updating Geometry BVH Sculpted mane lock.050 133/173 | Building BVH
Fra:1 Mem:29.11M (Peak 36.08M) | Time:00:00.25 | Mem:2.87M, Peak:2.87M | Scene, ViewLayer | Updating Geometry BVH Sculpted mane lock.050 133/173 | Building mesh BLAS |      60 tris | Sculpted mane lock.041
Fra:1 Mem:29.11M (Peak 36.08M) | Time:00:00.25 | Mem:2.88M, Peak:2.88M | Scene, ViewLayer | Updating Geometry BVH Layered shoulder fur 134/173 | Building BVH
Fra:1 Mem:29.11M (Peak 36.08M) | Time:00:00.25 | Mem:2.88M, Peak:2.88M | Scene, ViewLayer | Updating Geometry BVH Layered shoulder fur 134/173 | Building mesh BLAS |      60 tris | Sculpted mane lock.049
Fra:1 Mem:29.11M (Peak 36.08M) | Time:00:00.25 | Mem:2.88M, Peak:2.88M | Scene, ViewLayer | Updating Geometry BVH Layered shoulder fur 134/173 | Building mesh BLAS |      44 tris | Layered shoulder fur
Fra:1 Mem:29.11M (Peak 36.08M) | Time:00:00.25 | Mem:2.88M, Peak:2.88M | Scene, ViewLayer | Updating Geometry BVH Layered shoulder fur.001 135/173 | Building BVH
Fra:1 Mem:29.11M (Peak 36.08M) | Time:00:00.25 | Mem:2.89M, Peak:2.89M | Scene, ViewLayer | Updating Geometry BVH Layered shoulder fur.002 136/173 | Building BVH
Fra:1 Mem:29.11M (Peak 36.08M) | Time:00:00.25 | Mem:2.89M, Peak:2.89M | Scene, ViewLayer | Updating Geometry BVH Wrist fur 137/173 | Building BVH
Fra:1 Mem:29.11M (Peak 36.08M) | Time:00:00.25 | Mem:2.89M, Peak:2.89M | Scene, ViewLayer | Updating Geometry BVH Wrist fur.002 139/173 | Building BVH
Fra:1 Mem:29.11M (Peak 36.08M) | Time:00:00.25 | Mem:2.89M, Peak:2.89M | Scene, ViewLayer | Updating Geometry BVH Wrist fur.002 139/173 | Building mesh BLAS |      44 tris | Wrist fur.002
Fra:1 Mem:29.11M (Peak 36.08M) | Time:00:00.25 | Mem:2.89M, Peak:2.89M | Scene, ViewLayer | Updating Geometry BVH Layered shoulder fur.003 140/173 | Building BVH
Fra:1 Mem:29.11M (Peak 36.08M) | Time:00:00.25 | Mem:2.89M, Peak:2.89M | Scene, ViewLayer | Updating Geometry BVH Layered shoulder fur.005 142/173 | Building BVH
Fra:1 Mem:29.11M (Peak 36.08M) | Time:00:00.25 | Mem:2.89M, Peak:2.89M | Scene, ViewLayer | Updating Geometry BVH Layered shoulder fur.005 142/173 | Building mesh BLAS |      44 tris | Wrist fur
Fra:1 Mem:29.11M (Peak 36.08M) | Time:00:00.25 | Mem:2.89M, Peak:2.89M | Scene, ViewLayer | Updating Geometry BVH Layered shoulder fur.005 142/173 | Building mesh BLAS |      44 tris | Layered shoulder fur.005
Fra:1 Mem:29.11M (Peak 36.08M) | Time:00:00.25 | Mem:2.89M, Peak:2.89M | Scene, ViewLayer | Updating Geometry BVH Layered shoulder fur.005 142/173 | Building mesh BLAS |      44 tris | Layered shoulder fur.002
Fra:1 Mem:29.11M (Peak 36.08M) | Time:00:00.25 | Mem:2.89M, Peak:2.89M | Scene, ViewLayer | Updating Geometry BVH Layered shoulder fur.005 142/173 | Building mesh BLAS |      44 tris | Layered shoulder fur.003
Fra:1 Mem:29.11M (Peak 36.08M) | Time:00:00.25 | Mem:2.89M, Peak:2.89M | Scene, ViewLayer | Updating Geometry BVH Layered shoulder fur.005 142/173 | Building mesh BLAS |      44 tris | Layered shoulder fur.004
Fra:1 Mem:29.11M (Peak 36.08M) | Time:00:00.25 | Mem:2.90M, Peak:2.90M | Scene, ViewLayer | Updating Geometry BVH Wrist fur.003 143/173 | Building BVH
Fra:1 Mem:29.11M (Peak 36.08M) | Time:00:00.25 | Mem:2.90M, Peak:2.90M | Scene, ViewLayer | Updating Geometry BVH Wrist fur.004 144/173 | Building BVH
Fra:1 Mem:29.11M (Peak 36.08M) | Time:00:00.25 | Mem:2.90M, Peak:2.90M | Scene, ViewLayer | Updating Geometry BVH Wrist fur.004 144/173 | Building mesh BLAS |      44 tris | Wrist fur.004
Fra:1 Mem:29.11M (Peak 36.08M) | Time:00:00.25 | Mem:2.90M, Peak:2.90M | Scene, ViewLayer | Updating Geometry BVH Layered shoulder fur.006 146/173 | Building BVH
Fra:1 Mem:29.11M (Peak 36.08M) | Time:00:00.25 | Mem:2.90M, Peak:2.90M | Scene, ViewLayer | Updating Geometry BVH Layered shoulder fur.007 147/173 | Building BVH
Fra:1 Mem:29.11M (Peak 36.08M) | Time:00:00.25 | Mem:2.90M, Peak:2.90M | Scene, ViewLayer | Updating Geometry BVH Layered shoulder fur.007 147/173 | Building mesh BLAS |      44 tris | Layered shoulder fur.006
Fra:1 Mem:29.11M (Peak 36.08M) | Time:00:00.25 | Mem:2.90M, Peak:2.90M | Scene, ViewLayer | Updating Geometry BVH Layered shoulder fur.007 147/173 | Building mesh BLAS |      44 tris | Layered shoulder fur.007
Fra:1 Mem:29.11M (Peak 36.08M) | Time:00:00.25 | Mem:2.90M, Peak:2.90M | Scene, ViewLayer | Updating Geometry BVH Layered shoulder fur.007 147/173 | Building mesh BLAS |      44 tris | Wrist fur.005
Fra:1 Mem:29.11M (Peak 36.08M) | Time:00:00.25 | Mem:2.90M, Peak:2.90M | Scene, ViewLayer | Updating Geometry BVH Layered shoulder fur.008 148/173 | Building BVH
Fra:1 Mem:29.11M (Peak 36.08M) | Time:00:00.25 | Mem:2.90M, Peak:2.90M | Scene, ViewLayer | Updating Geometry BVH Layered shoulder fur.008 148/173 | Building mesh BLAS |      44 tris | Layered shoulder fur.008
Fra:1 Mem:29.11M (Peak 36.08M) | Time:00:00.25 | Mem:2.90M, Peak:2.90M | Scene, ViewLayer | Updating Geometry BVH Wrist fur.007 150/173 | Building BVH
Fra:1 Mem:29.11M (Peak 36.08M) | Time:00:00.25 | Mem:2.90M, Peak:2.90M | Scene, ViewLayer | Updating Geometry BVH Wrist fur.007 150/173 | Building mesh BLAS |      44 tris | Wrist fur.007
Fra:1 Mem:29.11M (Peak 36.08M) | Time:00:00.25 | Mem:2.90M, Peak:2.90M | Scene, ViewLayer | Updating Geometry BVH Wrist fur.006 149/173 | Building BVH
Fra:1 Mem:29.11M (Peak 36.08M) | Time:00:00.25 | Mem:2.90M, Peak:2.90M | Scene, ViewLayer | Updating Geometry BVH Wrist fur.006 149/173 | Building mesh BLAS |      44 tris | Wrist fur.006
Fra:1 Mem:29.11M (Peak 36.08M) | Time:00:00.25 | Mem:2.92M, Peak:2.92M | Scene, ViewLayer | Updating Scene BVH | Building
Fra:1 Mem:29.12M (Peak 36.08M) | Time:00:00.26 | Mem:3.09M, Peak:3.09M | Scene, ViewLayer | Updating Scene BVH | Building TLAS      |     173 instances
Fra:1 Mem:29.12M (Peak 36.08M) | Time:00:00.26 | Mem:3.14M, Peak:3.14M | Scene, ViewLayer | Updating Scene BVH | Copying BVH to device
Fra:1 Mem:29.12M (Peak 36.08M) | Time:00:00.26 | Mem:3.14M, Peak:3.14M | Scene, ViewLayer | Updating Mesh | Computing normals
Fra:1 Mem:29.79M (Peak 36.08M) | Time:00:00.26 | Mem:3.14M, Peak:3.14M | Scene, ViewLayer | Updating Mesh | Copying Mesh to device
Fra:1 Mem:29.12M (Peak 36.08M) | Time:00:00.26 | Mem:3.83M, Peak:3.83M | Scene, ViewLayer | Updating Objects Flags
Fra:1 Mem:29.12M (Peak 36.08M) | Time:00:00.26 | Mem:3.83M, Peak:3.83M | Scene, ViewLayer | Updating Primitive Offsets
Fra:1 Mem:29.12M (Peak 36.08M) | Time:00:00.26 | Mem:3.83M, Peak:3.83M | Scene, ViewLayer | Updating Images
Fra:1 Mem:29.12M (Peak 36.08M) | Time:00:00.26 | Mem:3.83M, Peak:3.83M | Scene, ViewLayer | Updating Camera Volume
Fra:1 Mem:29.12M (Peak 36.08M) | Time:00:00.26 | Mem:3.83M, Peak:3.83M | Scene, ViewLayer | Updating Lookup Tables
Fra:1 Mem:29.04M (Peak 36.08M) | Time:00:00.26 | Mem:3.93M, Peak:3.93M | Scene, ViewLayer | Updating Lights
Fra:1 Mem:29.04M (Peak 36.08M) | Time:00:00.26 | Mem:3.93M, Peak:3.93M | Scene, ViewLayer | Updating Lights | Computing tree
Fra:1 Mem:29.04M (Peak 36.08M) | Time:00:00.26 | Mem:3.93M, Peak:3.93M | Scene, ViewLayer | Updating Integrator
Fra:1 Mem:29.04M (Peak 36.08M) | Time:00:00.26 | Mem:3.93M, Peak:3.93M | Scene, ViewLayer | Updating Film
Fra:1 Mem:29.12M (Peak 36.08M) | Time:00:00.26 | Mem:3.83M, Peak:3.93M | Scene, ViewLayer | Updating Lookup Tables
Fra:1 Mem:29.04M (Peak 36.08M) | Time:00:00.26 | Mem:3.93M, Peak:3.93M | Scene, ViewLayer | Updating Baking
Fra:1 Mem:29.04M (Peak 36.08M) | Time:00:00.26 | Mem:3.93M, Peak:3.93M | Scene, ViewLayer | Updating Device | Writing constant memory
Fra:1 Mem:29.04M (Peak 36.08M) | Time:00:00.29 | Mem:3.93M, Peak:3.93M | Scene, ViewLayer | Loading denoising kernels (may take a few minutes the first time)
Fra:1 Mem:29.04M (Peak 61.04M) | Time:00:00.30 | Mem:2819.94M, Peak:2819.94M | Scene, ViewLayer | Sample 0/12 (Using optimized kernels)
Fra:1 Mem:29.04M (Peak 64.55M) | Time:00:00.46 | Remaining:00:01.72 | Mem:2855.48M, Peak:2855.48M | Scene, ViewLayer | Sample 1/12 (Using optimized kernels)
Fra:1 Mem:43.99M (Peak 66.42M) | Time:00:03.41 | Mem:2855.49M, Peak:2855.49M | Scene, ViewLayer | Sample 12/12 (Using optimized kernels)
Fra:1 Mem:43.99M (Peak 66.42M) | Time:00:03.41 | Mem:2855.49M, Peak:2855.49M | Scene, ViewLayer | Finished
Saved: '/Users/chikumatsuboi/Code/animal-racers-western/assets/source/western/qa/form-cycle-3/after/lion-fight-side.png'
Time: 00:03.54 (Saving: 00:00.06)

RENDERED lion

Blender quit
