Blender 4.5.9 LTS (hash 8bf95cbd38d1 built 2026-04-21 01:30:46)
Read blend: "/Users/chikumatsuboi/Code/animal-racers-western/assets/source/western/unicorn.blend"
Fra:1 Mem:27.67M (Peak 27.67M) | Time:00:00.01 | Mem:0.02M, Peak:0.02M | Scene, ViewLayer | Synchronizing object | Body • continuous sculpted skin
Fra:1 Mem:27.72M (Peak 27.72M) | Time:00:00.01 | Mem:0.02M, Peak:0.02M | Scene, ViewLayer | Synchronizing object | Hoof cleft.002
Fra:1 Mem:27.96M (Peak 27.96M) | Time:00:00.01 | Mem:0.02M, Peak:0.02M | Scene, ViewLayer | Synchronizing object | Bronzed hoof.003
Fra:1 Mem:28.00M (Peak 28.00M) | Time:00:00.01 | Mem:0.02M, Peak:0.02M | Scene, ViewLayer | Synchronizing object | Velvet muzzle
Fra:1 Mem:28.01M (Peak 28.01M) | Time:00:00.01 | Mem:0.02M, Peak:0.02M | Scene, ViewLayer | Synchronizing object | Nostril.001
Fra:1 Mem:28.15M (Peak 28.15M) | Time:00:00.01 | Mem:0.02M, Peak:0.02M | Scene, ViewLayer | Synchronizing object | Eye socket
Fra:1 Mem:28.22M (Peak 28.22M) | Time:00:00.01 | Mem:0.02M, Peak:0.02M | Scene, ViewLayer | Synchronizing object | Ivory eye
Fra:1 Mem:28.33M (Peak 28.33M) | Time:00:00.01 | Mem:0.02M, Peak:0.02M | Scene, ViewLayer | Synchronizing object | Iris
Fra:1 Mem:28.38M (Peak 28.38M) | Time:00:00.01 | Mem:0.02M, Peak:0.02M | Scene, ViewLayer | Synchronizing object | Eye glint
Fra:1 Mem:28.44M (Peak 28.44M) | Time:00:00.01 | Mem:0.02M, Peak:0.02M | Scene, ViewLayer | Synchronizing object | Expressive brow
Fra:1 Mem:28.51M (Peak 28.51M) | Time:00:00.01 | Mem:0.02M, Peak:0.02M | Scene, ViewLayer | Synchronizing object | Smiling mouth
Fra:1 Mem:28.52M (Peak 28.52M) | Time:00:00.01 | Mem:0.02M, Peak:0.02M | Scene, ViewLayer | Synchronizing object | Eye socket.001
Fra:1 Mem:28.57M (Peak 28.57M) | Time:00:00.01 | Mem:0.02M, Peak:0.02M | Scene, ViewLayer | Synchronizing object | Ivory eye.001
Fra:1 Mem:28.64M (Peak 28.64M) | Time:00:00.01 | Mem:0.02M, Peak:0.02M | Scene, ViewLayer | Synchronizing object | Iris.001
Fra:1 Mem:28.75M (Peak 28.75M) | Time:00:00.01 | Mem:0.02M, Peak:0.02M | Scene, ViewLayer | Synchronizing object | Pupil.001
Fra:1 Mem:28.79M (Peak 28.79M) | Time:00:00.01 | Mem:0.02M, Peak:0.02M | Scene, ViewLayer | Synchronizing object | Expressive brow.001
Fra:1 Mem:28.81M (Peak 28.81M) | Time:00:00.01 | Mem:0.02M, Peak:0.02M | Scene, ViewLayer | Synchronizing object | Smiling mouth.001
Fra:1 Mem:28.94M (Peak 28.94M) | Time:00:00.01 | Mem:0.02M, Peak:0.02M | Scene, ViewLayer | Synchronizing object | Lower jaw
Fra:1 Mem:28.97M (Peak 28.97M) | Time:00:00.01 | Mem:0.02M, Peak:0.02M | Scene, ViewLayer | Synchronizing object | Inner ear
Fra:1 Mem:28.98M (Peak 28.98M) | Time:00:00.01 | Mem:0.02M, Peak:0.02M | Scene, ViewLayer | Synchronizing object | Inner ear.001
Fra:1 Mem:28.99M (Peak 28.99M) | Time:00:00.01 | Mem:0.02M, Peak:0.02M | Scene, ViewLayer | Synchronizing object | Sunset key
Fra:1 Mem:28.99M (Peak 28.99M) | Time:00:00.01 | Mem:0.02M, Peak:0.02M | Scene, ViewLayer | Synchronizing object | Plane
Fra:1 Mem:28.99M (Peak 28.99M) | Time:00:00.01 | Mem:0.02M, Peak:0.02M | Scene, ViewLayer | Synchronizing object | Raised elemental crest
Fra:1 Mem:28.99M (Peak 28.99M) | Time:00:00.01 | Mem:0.02M, Peak:0.02M | Scene, ViewLayer | Synchronizing object | Brass crest clasp
Fra:1 Mem:29.00M (Peak 29.00M) | Time:00:00.01 | Mem:0.02M, Peak:0.02M | Scene, ViewLayer | Synchronizing object | Ribbon mane.001
Fra:1 Mem:29.03M (Peak 29.03M) | Time:00:00.01 | Mem:0.02M, Peak:0.02M | Scene, ViewLayer | Synchronizing object | Rainbow swept forelock.002
Fra:1 Mem:29.03M (Peak 29.03M) | Time:00:00.01 | Mem:0.02M, Peak:0.02M | Scene, ViewLayer | Synchronizing object | Rainbow swept forelock.003
Fra:1 Mem:29.03M (Peak 29.03M) | Time:00:00.01 | Mem:0.02M, Peak:0.02M | Scene, ViewLayer | Synchronizing object | Ribbon mane.003
Fra:1 Mem:29.04M (Peak 29.04M) | Time:00:00.01 | Mem:0.02M, Peak:0.02M | Scene, ViewLayer | Synchronizing object | Rainbow swept forelock.004
Fra:1 Mem:29.05M (Peak 29.05M) | Time:00:00.01 | Mem:0.02M, Peak:0.02M | Scene, ViewLayer | Synchronizing object | Ribbon mane.004
Fra:1 Mem:29.06M (Peak 29.06M) | Time:00:00.01 | Mem:0.02M, Peak:0.02M | Scene, ViewLayer | Synchronizing object | Ribbon mane.005
Fra:1 Mem:29.06M (Peak 29.06M) | Time:00:00.01 | Mem:0.02M, Peak:0.02M | Scene, ViewLayer | Synchronizing object | Golden unicorn horn
Fra:1 Mem:29.07M (Peak 29.07M) | Time:00:00.01 | Mem:0.02M, Peak:0.02M | Scene, ViewLayer | Synchronizing object | Horn spiral ridge
Fra:1 Mem:29.12M (Peak 29.12M) | Time:00:00.01 | Mem:0.02M, Peak:0.02M | Scene, ViewLayer | Synchronizing object | Fetlock feather
Fra:1 Mem:29.12M (Peak 29.12M) | Time:00:00.01 | Mem:0.02M, Peak:0.02M | Scene, ViewLayer | Synchronizing object | Fetlock feather.001
Fra:1 Mem:29.14M (Peak 29.14M) | Time:00:00.01 | Mem:0.02M, Peak:0.02M | Scene, ViewLayer | Synchronizing object | Fetlock feather.002
Fra:1 Mem:29.16M (Peak 29.16M) | Time:00:00.01 | Mem:0.02M, Peak:0.02M | Scene, ViewLayer | Synchronizing object | Fetlock feather.003
Fra:1 Mem:29.15M (Peak 29.16M) | Time:00:00.01 | Mem:0.02M, Peak:0.02M | Scene, ViewLayer | Synchronizing object | Fetlock feather.004
Fra:1 Mem:29.15M (Peak 29.16M) | Time:00:00.01 | Mem:0.02M, Peak:0.02M | Scene, ViewLayer | Synchronizing object | Fetlock feather.005
Fra:1 Mem:29.15M (Peak 29.16M) | Time:00:00.01 | Mem:0.02M, Peak:0.02M | Scene, ViewLayer | Synchronizing object | Fetlock feather.006
Fra:1 Mem:29.16M (Peak 29.16M) | Time:00:00.01 | Mem:0.02M, Peak:0.02M | Scene, ViewLayer | Synchronizing object | Fetlock feather.007
Fra:1 Mem:29.17M (Peak 29.17M) | Time:00:00.01 | Mem:0.02M, Peak:0.02M | Scene, ViewLayer | Synchronizing object | Fetlock feather.008
Fra:1 Mem:29.17M (Peak 29.17M) | Time:00:00.01 | Mem:0.02M, Peak:0.02M | Scene, ViewLayer | Synchronizing object | Fetlock feather.009
Fra:1 Mem:29.17M (Peak 29.17M) | Time:00:00.01 | Mem:0.02M, Peak:0.02M | Scene, ViewLayer | Synchronizing object | Rainbow tail ribbon.006
Fra:1 Mem:29.18M (Peak 29.18M) | Time:00:00.01 | Mem:0.02M, Peak:0.02M | Scene, ViewLayer | Synchronizing object | Fetlock feather.010
Fra:1 Mem:29.18M (Peak 29.18M) | Time:00:00.01 | Mem:0.02M, Peak:0.02M | Scene, ViewLayer | Synchronizing object | Fetlock feather.011
Fra:1 Mem:29.19M (Peak 29.19M) | Time:00:00.01 | Mem:0.02M, Peak:0.02M | Scene, ViewLayer | Synchronizing object | Fetlock feather.013
Fra:1 Mem:29.20M (Peak 29.20M) | Time:00:00.01 | Mem:0.02M, Peak:0.02M | Scene, ViewLayer | Synchronizing object | Rainbow tail ribbon.005
Fra:1 Mem:29.21M (Peak 29.21M) | Time:00:00.01 | Mem:0.02M, Peak:0.02M | Scene, ViewLayer | Synchronizing object | Fetlock feather.015
Fra:1 Mem:29.22M (Peak 29.22M) | Time:00:00.01 | Mem:0.02M, Peak:0.02M | Scene, ViewLayer | Synchronizing object | Fetlock feather.016
Fra:1 Mem:29.22M (Peak 29.22M) | Time:00:00.01 | Mem:0.02M, Peak:0.02M | Scene, ViewLayer | Synchronizing object | Fetlock feather.018
Fra:1 Mem:29.23M (Peak 29.23M) | Time:00:00.01 | Mem:0.02M, Peak:0.02M | Scene, ViewLayer | Synchronizing object | Fetlock feather.019
Fra:1 Mem:29.23M (Peak 29.23M) | Time:00:00.01 | Mem:0.02M, Peak:0.02M | Scene, ViewLayer | Synchronizing object | Rainbow tail ribbon.001
Fra:1 Mem:29.24M (Peak 29.24M) | Time:00:00.01 | Mem:0.02M, Peak:0.02M | Scene, ViewLayer | Synchronizing object | Rainbow tail ribbon.004
Fra:1 Mem:29.25M (Peak 29.25M) | Time:00:00.01 | Mem:0.02M, Peak:0.02M | Scene, ViewLayer | Synchronizing object | Rainbow tail ribbon.002
Fra:1 Mem:29.26M (Peak 29.26M) | Time:00:00.01 | Mem:0.02M, Peak:0.02M | Scene, ViewLayer | Synchronizing object | Rainbow tail ribbon.003
Fra:1 Mem:29.30M (Peak 29.30M) | Time:00:00.01 | Mem:0.02M, Peak:0.02M | Scene, ViewLayer | Initializing
Fra:1 Mem:27.89M (Peak 29.30M) | Time:00:00.01 | Mem:0.02M, Peak:0.02M | Scene, ViewLayer | Updating Images | Loading Authored short-fur normal
Fra:1 Mem:24.04M (Peak 29.30M) | Time:00:00.03 | Mem:0.27M, Peak:0.27M | Scene, ViewLayer | Waiting for render to start
Fra:1 Mem:24.04M (Peak 29.30M) | Time:00:00.03 | Mem:0.27M, Peak:0.27M | Scene, ViewLayer | Updating Scene
Fra:1 Mem:24.04M (Peak 29.30M) | Time:00:00.03 | Mem:0.27M, Peak:0.27M | Scene, ViewLayer | Updating Shaders
Fra:1 Mem:24.04M (Peak 29.30M) | Time:00:00.03 | Mem:0.27M, Peak:0.27M | Scene, ViewLayer | Loading render kernels (may take a few minutes the first time)
Fra:1 Mem:24.12M (Peak 29.30M) | Time:00:00.11 | Mem:0.29M, Peak:0.29M | Scene, ViewLayer | Updating Procedurals
Fra:1 Mem:24.12M (Peak 29.30M) | Time:00:00.11 | Mem:0.29M, Peak:0.29M | Scene, ViewLayer | Updating Background
Fra:1 Mem:24.12M (Peak 29.30M) | Time:00:00.11 | Mem:0.29M, Peak:0.29M | Scene, ViewLayer | Updating Camera
Fra:1 Mem:24.12M (Peak 29.30M) | Time:00:00.11 | Mem:0.29M, Peak:0.29M | Scene, ViewLayer | Updating Meshes Flags
Fra:1 Mem:24.12M (Peak 29.30M) | Time:00:00.11 | Mem:0.29M, Peak:0.29M | Scene, ViewLayer | Updating Objects
Fra:1 Mem:24.12M (Peak 29.30M) | Time:00:00.11 | Mem:0.29M, Peak:0.29M | Scene, ViewLayer | Updating Objects | Copying Transformations to device
Fra:1 Mem:24.12M (Peak 29.30M) | Time:00:00.11 | Mem:0.32M, Peak:0.32M | Scene, ViewLayer | Updating Particle Systems
Fra:1 Mem:24.12M (Peak 29.30M) | Time:00:00.11 | Mem:0.32M, Peak:0.32M | Scene, ViewLayer | Updating Particle Systems | Copying Particles to device
Fra:1 Mem:24.12M (Peak 29.30M) | Time:00:00.11 | Mem:0.32M, Peak:0.32M | Scene, ViewLayer | Updating Meshes
Fra:1 Mem:24.71M (Peak 29.30M) | Time:00:00.11 | Mem:0.32M, Peak:0.32M | Scene, ViewLayer | Updating Objects | Applying Static Transformations
Fra:1 Mem:24.71M (Peak 29.30M) | Time:00:00.11 | Mem:0.32M, Peak:0.32M | Scene, ViewLayer | Updating Mesh | Computing attributes
Fra:1 Mem:25.57M (Peak 29.30M) | Time:00:00.11 | Mem:0.33M, Peak:0.33M | Scene, ViewLayer | Updating Mesh | Copying Attributes to device
Fra:1 Mem:24.71M (Peak 29.30M) | Time:00:00.27 | Mem:1.22M, Peak:1.22M | Scene, ViewLayer | Updating Geometry BVH light 86/85 | Building BVH
Fra:1 Mem:24.71M (Peak 29.30M) | Time:00:00.27 | Mem:1.22M, Peak:1.22M | Scene, ViewLayer | Updating Geometry BVH Hoof cleft.002 8/85 | Building BVH
Fra:1 Mem:24.71M (Peak 29.30M) | Time:00:00.27 | Mem:1.22M, Peak:1.22M | Scene, ViewLayer | Updating Geometry BVH Warm rim 85/85 | Building BVH
Fra:1 Mem:24.71M (Peak 29.30M) | Time:00:00.27 | Mem:1.22M, Peak:1.22M | Scene, ViewLayer | Updating Geometry BVH Warm rim 85/85 | Building mesh BLAS |      44 tris | Hoof cleft.001
Fra:1 Mem:24.71M (Peak 29.30M) | Time:00:00.27 | Mem:1.22M, Peak:1.22M | Scene, ViewLayer | Updating Geometry BVH Warm rim 85/85 | Building mesh BLAS |      92 tris | Bronzed hoof
Fra:1 Mem:24.71M (Peak 29.30M) | Time:00:00.27 | Mem:1.22M, Peak:1.22M | Scene, ViewLayer | Updating Geometry BVH Warm rim 85/85 | Building mesh BLAS |      92 tris | Bronzed hoof.001
Fra:1 Mem:24.71M (Peak 29.30M) | Time:00:00.27 | Mem:1.22M, Peak:1.22M | Scene, ViewLayer | Updating Geometry BVH Sky fill 84/85 | Building mesh BLAS |      44 tris | Hoof cleft.002
Fra:1 Mem:24.71M (Peak 29.30M) | Time:00:00.27 | Mem:1.22M, Peak:1.22M | Scene, ViewLayer | Updating Geometry BVH Sky fill 84/85 | Building mesh BLAS |      44 tris | Hoof cleft
Fra:1 Mem:24.71M (Peak 29.30M) | Time:00:00.27 | Mem:1.22M, Peak:1.22M | Scene, ViewLayer | Updating Geometry BVH Sky fill 84/85 | Building mesh BLAS |      92 tris | Bronzed hoof.002
Fra:1 Mem:24.71M (Peak 29.30M) | Time:00:00.27 | Mem:1.22M, Peak:1.22M | Scene, ViewLayer | Updating Geometry BVH Sunset key 83/85 | Building BVH
Fra:1 Mem:24.71M (Peak 29.30M) | Time:00:00.27 | Mem:1.22M, Peak:1.22M | Scene, ViewLayer | Updating Geometry BVH Plane 82/85 | Building BVH
Fra:1 Mem:24.71M (Peak 29.30M) | Time:00:00.27 | Mem:1.22M, Peak:1.22M | Scene, ViewLayer | Updating Geometry BVH Plane 82/85 | Building mesh BLAS |       2 tris | Plane
Fra:1 Mem:24.71M (Peak 29.30M) | Time:00:00.27 | Mem:1.22M, Peak:1.22M | Scene, ViewLayer | Updating Geometry BVH Bronzed hoof.003 9/85 | Building BVH
Fra:1 Mem:24.71M (Peak 29.30M) | Time:00:00.27 | Mem:1.22M, Peak:1.22M | Scene, ViewLayer | Updating Geometry BVH Bronzed hoof.003 9/85 | Building mesh BLAS |      92 tris | Bronzed hoof.003
Fra:1 Mem:24.71M (Peak 29.30M) | Time:00:00.27 | Mem:1.22M, Peak:1.22M | Scene, ViewLayer | Updating Geometry BVH Raised elemental crest 81/85 | Building BVH
Fra:1 Mem:24.71M (Peak 29.30M) | Time:00:00.27 | Mem:1.22M, Peak:1.22M | Scene, ViewLayer | Updating Geometry BVH Nostril.001 14/85 | Building BVH
Fra:1 Mem:24.71M (Peak 29.30M) | Time:00:00.27 | Mem:1.22M, Peak:1.22M | Scene, ViewLayer | Updating Geometry BVH Nostril.001 14/85 | Building mesh BLAS |      46 tris | Raised elemental crest
Fra:1 Mem:24.71M (Peak 29.30M) | Time:00:00.27 | Mem:1.22M, Peak:1.22M | Scene, ViewLayer | Updating Geometry BVH Nostril.001 14/85 | Building mesh BLAS |     480 tris | Velvet muzzle
Fra:1 Mem:24.71M (Peak 29.30M) | Time:00:00.27 | Mem:1.22M, Peak:1.22M | Scene, ViewLayer | Updating Geometry BVH Nostril.001 14/85 | Building mesh BLAS |     320 tris | Nostril.001
Fra:1 Mem:24.71M (Peak 29.30M) | Time:00:00.27 | Mem:1.22M, Peak:1.22M | Scene, ViewLayer | Updating Geometry BVH Ivory eye 16/85 | Building BVH
Fra:1 Mem:24.71M (Peak 29.30M) | Time:00:00.27 | Mem:1.22M, Peak:1.22M | Scene, ViewLayer | Updating Geometry BVH Ivory eye 16/85 | Building mesh BLAS |     480 tris | Ivory eye
Fra:1 Mem:24.71M (Peak 29.30M) | Time:00:00.27 | Mem:1.22M, Peak:1.22M | Scene, ViewLayer | Updating Geometry BVH Iris 17/85 | Building BVH
Fra:1 Mem:24.72M (Peak 29.30M) | Time:00:00.27 | Mem:1.22M, Peak:1.22M | Scene, ViewLayer | Updating Geometry BVH Pupil 18/85 | Building BVH
Fra:1 Mem:24.72M (Peak 29.30M) | Time:00:00.27 | Mem:1.22M, Peak:1.22M | Scene, ViewLayer | Updating Geometry BVH Pupil 18/85 | Building mesh BLAS |     480 tris | Iris
Fra:1 Mem:24.72M (Peak 29.30M) | Time:00:00.27 | Mem:1.22M, Peak:1.22M | Scene, ViewLayer | Updating Geometry BVH Pupil 18/85 | Building mesh BLAS |     320 tris | Pupil
Fra:1 Mem:24.72M (Peak 29.30M) | Time:00:00.27 | Mem:1.22M, Peak:1.22M | Scene, ViewLayer | Updating Geometry BVH Eye glint 19/85 | Building BVH
Fra:1 Mem:24.72M (Peak 29.30M) | Time:00:00.27 | Mem:1.22M, Peak:1.22M | Scene, ViewLayer | Updating Geometry BVH Expressive brow 20/85 | Building BVH
Fra:1 Mem:24.72M (Peak 29.30M) | Time:00:00.27 | Mem:1.22M, Peak:1.22M | Scene, ViewLayer | Updating Geometry BVH Expressive brow 20/85 | Building mesh BLAS |      44 tris | Expressive brow
Fra:1 Mem:24.72M (Peak 29.30M) | Time:00:00.27 | Mem:1.22M, Peak:1.22M | Scene, ViewLayer | Updating Geometry BVH Expressive brow 20/85 | Building mesh BLAS |     192 tris | Eye glint
Fra:1 Mem:24.72M (Peak 29.30M) | Time:00:00.27 | Mem:1.22M, Peak:1.22M | Scene, ViewLayer | Updating Geometry BVH Eye socket.001 22/85 | Building BVH
Fra:1 Mem:24.72M (Peak 29.30M) | Time:00:00.27 | Mem:1.22M, Peak:1.22M | Scene, ViewLayer | Updating Geometry BVH Eye socket.001 22/85 | Building mesh BLAS |     480 tris | Eye socket.001
Fra:1 Mem:24.72M (Peak 29.30M) | Time:00:00.27 | Mem:1.22M, Peak:1.22M | Scene, ViewLayer | Updating Geometry BVH Brass crest clasp 80/85 | Building BVH
Fra:1 Mem:24.72M (Peak 29.30M) | Time:00:00.27 | Mem:1.22M, Peak:1.22M | Scene, ViewLayer | Updating Geometry BVH Brass crest clasp 80/85 | Building mesh BLAS |      32 tris | Smiling mouth
Fra:1 Mem:24.72M (Peak 29.30M) | Time:00:00.27 | Mem:1.22M, Peak:1.22M | Scene, ViewLayer | Updating Geometry BVH Brass crest clasp 80/85 | Building mesh BLAS |     320 tris | Brass crest clasp
Fra:1 Mem:24.72M (Peak 29.30M) | Time:00:00.27 | Mem:1.22M, Peak:1.22M | Scene, ViewLayer | Updating Geometry BVH Ivory eye.001 23/85 | Building BVH
Fra:1 Mem:24.72M (Peak 29.30M) | Time:00:00.27 | Mem:1.22M, Peak:1.22M | Scene, ViewLayer | Updating Geometry BVH Iris.001 24/85 | Building BVH
Fra:1 Mem:24.72M (Peak 29.30M) | Time:00:00.27 | Mem:1.22M, Peak:1.22M | Scene, ViewLayer | Updating Geometry BVH Iris.001 24/85 | Building mesh BLAS |     480 tris | Ivory eye.001
Fra:1 Mem:24.72M (Peak 29.30M) | Time:00:00.27 | Mem:1.22M, Peak:1.22M | Scene, ViewLayer | Updating Geometry BVH Iris.001 24/85 | Building mesh BLAS |     480 tris | Iris.001
Fra:1 Mem:24.72M (Peak 29.30M) | Time:00:00.27 | Mem:1.22M, Peak:1.22M | Scene, ViewLayer | Updating Geometry BVH Pupil.001 25/85 | Building BVH
Fra:1 Mem:24.72M (Peak 29.30M) | Time:00:00.27 | Mem:1.22M, Peak:1.22M | Scene, ViewLayer | Updating Geometry BVH Eye glint.001 26/85 | Building mesh BLAS |     320 tris | Pupil.001
Fra:1 Mem:24.72M (Peak 29.30M) | Time:00:00.27 | Mem:1.22M, Peak:1.22M | Scene, ViewLayer | Updating Geometry BVH Expressive brow.001 27/85 | Building BVH
Fra:1 Mem:24.72M (Peak 29.30M) | Time:00:00.27 | Mem:1.22M, Peak:1.22M | Scene, ViewLayer | Updating Geometry BVH Expressive brow.001 27/85 | Building mesh BLAS |      44 tris | Expressive brow.001
Fra:1 Mem:24.72M (Peak 29.30M) | Time:00:00.27 | Mem:1.22M, Peak:1.22M | Scene, ViewLayer | Updating Geometry BVH Smiling mouth.001 28/85 | Building BVH
Fra:1 Mem:24.72M (Peak 29.30M) | Time:00:00.27 | Mem:1.22M, Peak:1.22M | Scene, ViewLayer | Updating Geometry BVH Neckerchief folded point 79/85 | Building BVH
Fra:1 Mem:24.72M (Peak 29.30M) | Time:00:00.27 | Mem:1.22M, Peak:1.22M | Scene, ViewLayer | Updating Geometry BVH Neckerchief folded point 79/85 | Building mesh BLAS |      32 tris | Smiling mouth.001
Fra:1 Mem:24.72M (Peak 29.30M) | Time:00:00.27 | Mem:1.22M, Peak:1.22M | Scene, ViewLayer | Updating Geometry BVH Neckerchief folded point 79/85 | Building mesh BLAS |       4 tris | Neckerchief folded point
Fra:1 Mem:24.72M (Peak 29.30M) | Time:00:00.27 | Mem:1.22M, Peak:1.22M | Scene, ViewLayer | Updating Geometry BVH Lower jaw 29/85 | Building BVH
Fra:1 Mem:24.72M (Peak 29.30M) | Time:00:00.27 | Mem:1.22M, Peak:1.22M | Scene, ViewLayer | Updating Geometry BVH Lower jaw 29/85 | Building mesh BLAS |     400 tris | Lower jaw
Fra:1 Mem:24.72M (Peak 29.30M) | Time:00:00.27 | Mem:1.22M, Peak:1.22M | Scene, ViewLayer | Updating Geometry BVH Pointed species ear 30/85 | Building BVH
Fra:1 Mem:24.72M (Peak 29.30M) | Time:00:00.27 | Mem:1.22M, Peak:1.22M | Scene, ViewLayer | Updating Geometry BVH Pointed species ear 30/85 | Building mesh BLAS |       6 tris | Pointed species ear
Fra:1 Mem:24.72M (Peak 29.30M) | Time:00:00.27 | Mem:1.22M, Peak:1.22M | Scene, ViewLayer | Updating Geometry BVH Inner ear 31/85 | Building BVH
Fra:1 Mem:24.72M (Peak 29.30M) | Time:00:00.27 | Mem:1.22M, Peak:1.22M | Scene, ViewLayer | Updating Geometry BVH Inner ear 31/85 | Building mesh BLAS |       3 tris | Inner ear
Fra:1 Mem:24.72M (Peak 29.30M) | Time:00:00.27 | Mem:1.22M, Peak:1.22M | Scene, ViewLayer | Updating Geometry BVH Pointed species ear.001 32/85 | Building BVH
Fra:1 Mem:24.72M (Peak 29.30M) | Time:00:00.27 | Mem:1.22M, Peak:1.22M | Scene, ViewLayer | Updating Geometry BVH Pointed species ear.001 32/85 | Building mesh BLAS |       6 tris | Pointed species ear.001
Fra:1 Mem:24.72M (Peak 29.30M) | Time:00:00.27 | Mem:1.22M, Peak:1.22M | Scene, ViewLayer | Updating Geometry BVH Leather neckerchief roll 78/85 | Building BVH
Fra:1 Mem:24.72M (Peak 29.30M) | Time:00:00.27 | Mem:1.22M, Peak:1.22M | Scene, ViewLayer | Updating Geometry BVH Leather neckerchief roll 78/85 | Building mesh BLAS |      76 tris | Leather neckerchief roll
Fra:1 Mem:24.72M (Peak 29.30M) | Time:00:00.27 | Mem:1.22M, Peak:1.22M | Scene, ViewLayer | Updating Geometry BVH Inner ear.001 33/85 | Building BVH
Fra:1 Mem:24.72M (Peak 29.30M) | Time:00:00.27 | Mem:1.22M, Peak:1.22M | Scene, ViewLayer | Updating Geometry BVH Inner ear.001 33/85 | Building mesh BLAS |       3 tris | Inner ear.001
Fra:1 Mem:24.72M (Peak 29.30M) | Time:00:00.27 | Mem:1.22M, Peak:1.22M | Scene, ViewLayer | Updating Geometry BVH Rainbow swept forelock 34/85 | Building BVH
Fra:1 Mem:24.72M (Peak 29.30M) | Time:00:00.27 | Mem:1.22M, Peak:1.22M | Scene, ViewLayer | Updating Geometry BVH Ribbon mane 35/85 | Building BVH
Fra:1 Mem:24.72M (Peak 29.30M) | Time:00:00.27 | Mem:1.22M, Peak:1.22M | Scene, ViewLayer | Updating Geometry BVH Ribbon mane 35/85 | Building mesh BLAS |      60 tris | Ribbon mane
Fra:1 Mem:24.72M (Peak 29.30M) | Time:00:00.27 | Mem:1.22M, Peak:1.22M | Scene, ViewLayer | Updating Geometry BVH Rainbow swept forelock.001 36/85 | Building BVH
Fra:1 Mem:24.72M (Peak 29.30M) | Time:00:00.27 | Mem:1.22M, Peak:1.22M | Scene, ViewLayer | Updating Geometry BVH Ribbon mane.002 39/85 | Building BVH
Fra:1 Mem:24.72M (Peak 29.30M) | Time:00:00.27 | Mem:1.22M, Peak:1.22M | Scene, ViewLayer | Updating Geometry BVH Ribbon mane.002 39/85 | Building mesh BLAS |      60 tris | Ribbon mane.002
Fra:1 Mem:24.72M (Peak 29.30M) | Time:00:00.27 | Mem:1.22M, Peak:1.22M | Scene, ViewLayer | Updating Geometry BVH Rainbow swept forelock.003 40/85 | Building BVH
Fra:1 Mem:24.72M (Peak 29.30M) | Time:00:00.27 | Mem:1.22M, Peak:1.22M | Scene, ViewLayer | Updating Geometry BVH Ribbon mane.003 41/85 | Building mesh BLAS |      60 tris | Rainbow swept forelock.003
Fra:1 Mem:24.72M (Peak 29.30M) | Time:00:00.27 | Mem:1.22M, Peak:1.22M | Scene, ViewLayer | Updating Geometry BVH Ribbon mane.003 41/85 | Building mesh BLAS |      60 tris | Ribbon mane.003
Fra:1 Mem:24.72M (Peak 29.30M) | Time:00:00.27 | Mem:1.22M, Peak:1.22M | Scene, ViewLayer | Updating Geometry BVH Rainbow tail ribbon.006 77/85 | Building BVH
Fra:1 Mem:24.72M (Peak 29.30M) | Time:00:00.27 | Mem:1.22M, Peak:1.22M | Scene, ViewLayer | Updating Geometry BVH Ribbon mane.004 43/85 | Building BVH
Fra:1 Mem:24.72M (Peak 29.30M) | Time:00:00.27 | Mem:1.22M, Peak:1.22M | Scene, ViewLayer | Updating Geometry BVH Ribbon mane.004 43/85 | Building mesh BLAS |      60 tris | Ribbon mane.004
Fra:1 Mem:24.72M (Peak 29.30M) | Time:00:00.27 | Mem:1.22M, Peak:1.22M | Scene, ViewLayer | Updating Geometry BVH Rainbow swept forelock.005 44/85 | Building BVH
Fra:1 Mem:24.72M (Peak 29.30M) | Time:00:00.27 | Mem:1.22M, Peak:1.22M | Scene, ViewLayer | Updating Geometry BVH Rainbow swept forelock.005 44/85 | Building mesh BLAS |      60 tris | Rainbow swept forelock.005
Fra:1 Mem:24.72M (Peak 29.30M) | Time:00:00.27 | Mem:1.22M, Peak:1.22M | Scene, ViewLayer | Updating Geometry BVH Rainbow swept forelock.005 44/85 | Building mesh BLAS |      60 tris | Rainbow swept forelock.001
Fra:1 Mem:24.72M (Peak 29.30M) | Time:00:00.27 | Mem:1.22M, Peak:1.22M | Scene, ViewLayer | Updating Geometry BVH Ribbon mane.005 45/85 | Building BVH
Fra:1 Mem:24.72M (Peak 29.30M) | Time:00:00.27 | Mem:1.22M, Peak:1.22M | Scene, ViewLayer | Updating Geometry BVH Ribbon mane.005 45/85 | Building mesh BLAS |      60 tris | Ribbon mane.005
Fra:1 Mem:24.72M (Peak 29.30M) | Time:00:00.27 | Mem:1.22M, Peak:1.22M | Scene, ViewLayer | Updating Geometry BVH Rainbow swept forelock.006 46/85 | Building BVH
Fra:1 Mem:24.72M (Peak 29.30M) | Time:00:00.27 | Mem:1.22M, Peak:1.22M | Scene, ViewLayer | Updating Geometry BVH Rainbow swept forelock.006 46/85 | Building mesh BLAS |      60 tris | Rainbow swept forelock.006
Fra:1 Mem:24.72M (Peak 29.30M) | Time:00:00.27 | Mem:1.22M, Peak:1.22M | Scene, ViewLayer | Updating Geometry BVH Ribbon mane.006 47/85 | Building BVH
Fra:1 Mem:24.72M (Peak 29.30M) | Time:00:00.27 | Mem:1.22M, Peak:1.22M | Scene, ViewLayer | Updating Geometry BVH Ribbon mane.006 47/85 | Building mesh BLAS |      60 tris | Ribbon mane.006
Fra:1 Mem:24.72M (Peak 29.30M) | Time:00:00.27 | Mem:1.22M, Peak:1.22M | Scene, ViewLayer | Updating Geometry BVH Ribbon mane.006 47/85 | Building mesh BLAS |      60 tris | Ribbon mane.001
Fra:1 Mem:24.72M (Peak 29.30M) | Time:00:00.27 | Mem:1.22M, Peak:1.22M | Scene, ViewLayer | Updating Geometry BVH Ribbon mane.006 47/85 | Building mesh BLAS |      60 tris | Rainbow swept forelock.002
Fra:1 Mem:24.72M (Peak 29.30M) | Time:00:00.27 | Mem:1.22M, Peak:1.22M | Scene, ViewLayer | Updating Geometry BVH Golden unicorn horn 48/85 | Building BVH
Fra:1 Mem:24.72M (Peak 29.30M) | Time:00:00.27 | Mem:1.22M, Peak:1.22M | Scene, ViewLayer | Updating Geometry BVH Golden unicorn horn 48/85 | Building mesh BLAS |      92 tris | Golden unicorn horn
Fra:1 Mem:24.72M (Peak 29.30M) | Time:00:00.27 | Mem:1.22M, Peak:1.22M | Scene, ViewLayer | Updating Geometry BVH Horn spiral ridge 49/85 | Building BVH
Fra:1 Mem:24.72M (Peak 29.30M) | Time:00:00.27 | Mem:1.22M, Peak:1.22M | Scene, ViewLayer | Updating Geometry BVH Horn spiral ridge 49/85 | Building mesh BLAS |     776 tris | Horn spiral ridge
Fra:1 Mem:24.72M (Peak 29.30M) | Time:00:00.27 | Mem:1.22M, Peak:1.22M | Scene, ViewLayer | Updating Geometry BVH Fetlock feather.001 51/85 | Building BVH
Fra:1 Mem:24.72M (Peak 29.30M) | Time:00:00.27 | Mem:1.22M, Peak:1.22M | Scene, ViewLayer | Updating Geometry BVH Fetlock feather.002 52/85 | Building BVH
Fra:1 Mem:24.72M (Peak 29.30M) | Time:00:00.27 | Mem:1.22M, Peak:1.22M | Scene, ViewLayer | Updating Geometry BVH Fetlock feather.002 52/85 | Building mesh BLAS |      44 tris | Fetlock feather.002
Fra:1 Mem:24.72M (Peak 29.30M) | Time:00:00.27 | Mem:1.22M, Peak:1.22M | Scene, ViewLayer | Updating Geometry BVH Fetlock feather.003 53/85 | Building BVH
Fra:1 Mem:24.72M (Peak 29.30M) | Time:00:00.27 | Mem:1.22M, Peak:1.22M | Scene, ViewLayer | Updating Geometry BVH Fetlock feather.003 53/85 | Building mesh BLAS |      44 tris | Fetlock feather.003
Fra:1 Mem:24.72M (Peak 29.30M) | Time:00:00.27 | Mem:1.22M, Peak:1.22M | Scene, ViewLayer | Updating Geometry BVH Fetlock feather.004 54/85 | Building mesh BLAS |      44 tris | Fetlock feather
Fra:1 Mem:24.72M (Peak 29.30M) | Time:00:00.27 | Mem:1.22M, Peak:1.22M | Scene, ViewLayer | Updating Geometry BVH Fetlock feather.005 55/85 | Building BVH
Fra:1 Mem:24.72M (Peak 29.30M) | Time:00:00.27 | Mem:1.22M, Peak:1.22M | Scene, ViewLayer | Updating Geometry BVH Fetlock feather.005 55/85 | Building mesh BLAS |      44 tris | Fetlock feather.001
Fra:1 Mem:24.72M (Peak 29.30M) | Time:00:00.27 | Mem:1.22M, Peak:1.22M | Scene, ViewLayer | Updating Geometry BVH Fetlock feather.006 56/85 | Building BVH
Fra:1 Mem:24.72M (Peak 29.30M) | Time:00:00.27 | Mem:1.22M, Peak:1.22M | Scene, ViewLayer | Updating Geometry BVH Fetlock feather.006 56/85 | Building mesh BLAS |      44 tris | Fetlock feather.004
Fra:1 Mem:24.72M (Peak 29.30M) | Time:00:00.27 | Mem:1.22M, Peak:1.22M | Scene, ViewLayer | Updating Geometry BVH Fetlock feather.006 56/85 | Building mesh BLAS |      44 tris | Fetlock feather.006
Fra:1 Mem:24.72M (Peak 29.30M) | Time:00:00.27 | Mem:1.22M, Peak:1.22M | Scene, ViewLayer | Updating Geometry BVH Fetlock feather.006 56/85 | Building mesh BLAS |      60 tris | Rainbow tail ribbon.005
Fra:1 Mem:24.72M (Peak 29.30M) | Time:00:00.27 | Mem:1.22M, Peak:1.22M | Scene, ViewLayer | Updating Geometry BVH Fetlock feather.007 57/85 | Building BVH
Fra:1 Mem:24.72M (Peak 29.30M) | Time:00:00.27 | Mem:1.22M, Peak:1.22M | Scene, ViewLayer | Updating Geometry BVH Fetlock feather.007 57/85 | Building mesh BLAS |      44 tris | Fetlock feather.007
Fra:1 Mem:24.72M (Peak 29.30M) | Time:00:00.27 | Mem:1.22M, Peak:1.22M | Scene, ViewLayer | Updating Geometry BVH Fetlock feather.008 58/85 | Building BVH
Fra:1 Mem:24.72M (Peak 29.30M) | Time:00:00.27 | Mem:1.22M, Peak:1.22M | Scene, ViewLayer | Updating Geometry BVH Fetlock feather.008 58/85 | Building mesh BLAS |      44 tris | Fetlock feather.008
Fra:1 Mem:24.72M (Peak 29.30M) | Time:00:00.27 | Mem:1.22M, Peak:1.22M | Scene, ViewLayer | Updating Geometry BVH Fetlock feather.009 59/85 | Building BVH
Fra:1 Mem:24.72M (Peak 29.30M) | Time:00:00.27 | Mem:1.22M, Peak:1.22M | Scene, ViewLayer | Updating Geometry BVH Fetlock feather.009 59/85 | Building mesh BLAS |      44 tris | Fetlock feather.009
Fra:1 Mem:24.72M (Peak 29.30M) | Time:00:00.27 | Mem:1.22M, Peak:1.22M | Scene, ViewLayer | Updating Geometry BVH Fetlock feather.010 60/85 | Building BVH
Fra:1 Mem:24.72M (Peak 29.30M) | Time:00:00.27 | Mem:1.22M, Peak:1.22M | Scene, ViewLayer | Updating Geometry BVH Fetlock feather.010 60/85 | Building mesh BLAS |      44 tris | Fetlock feather.010
Fra:1 Mem:24.72M (Peak 29.30M) | Time:00:00.27 | Mem:1.22M, Peak:1.22M | Scene, ViewLayer | Updating Geometry BVH Fetlock feather.011 61/85 | Building BVH
Fra:1 Mem:24.72M (Peak 29.30M) | Time:00:00.27 | Mem:1.22M, Peak:1.22M | Scene, ViewLayer | Updating Geometry BVH Fetlock feather.012 62/85 | Building BVH
Fra:1 Mem:24.72M (Peak 29.30M) | Time:00:00.27 | Mem:1.22M, Peak:1.22M | Scene, ViewLayer | Updating Geometry BVH Fetlock feather.014 64/85 | Building BVH
Fra:1 Mem:24.72M (Peak 29.30M) | Time:00:00.27 | Mem:1.22M, Peak:1.22M | Scene, ViewLayer | Updating Geometry BVH Fetlock feather.015 65/85 | Building BVH
Fra:1 Mem:24.72M (Peak 29.30M) | Time:00:00.27 | Mem:1.22M, Peak:1.22M | Scene, ViewLayer | Updating Geometry BVH Fetlock feather.016 66/85 | Building BVH
Fra:1 Mem:24.72M (Peak 29.30M) | Time:00:00.28 | Mem:1.22M, Peak:1.22M | Scene, ViewLayer | Updating Geometry BVH Fetlock feather.016 66/85 | Building mesh BLAS |      44 tris | Fetlock feather.015
Fra:1 Mem:24.72M (Peak 29.30M) | Time:00:00.28 | Mem:1.22M, Peak:1.22M | Scene, ViewLayer | Updating Geometry BVH Fetlock feather.016 66/85 | Building mesh BLAS |      44 tris | Fetlock feather.016
Fra:1 Mem:24.72M (Peak 29.30M) | Time:00:00.28 | Mem:1.22M, Peak:1.22M | Scene, ViewLayer | Updating Geometry BVH Rainbow tail ribbon.004 75/85 | Building BVH
Fra:1 Mem:24.72M (Peak 29.30M) | Time:00:00.28 | Mem:1.22M, Peak:1.22M | Scene, ViewLayer | Updating Geometry BVH Fetlock feather.017 67/85 | Building BVH
Fra:1 Mem:24.72M (Peak 29.30M) | Time:00:00.28 | Mem:1.22M, Peak:1.22M | Scene, ViewLayer | Updating Geometry BVH Fetlock feather.017 67/85 | Building mesh BLAS |      44 tris | Fetlock feather.013
Fra:1 Mem:24.72M (Peak 29.30M) | Time:00:00.28 | Mem:1.22M, Peak:1.22M | Scene, ViewLayer | Updating Geometry BVH Fetlock feather.017 67/85 | Building mesh BLAS |      44 tris | Fetlock feather.017
Fra:1 Mem:24.72M (Peak 29.30M) | Time:00:00.28 | Mem:1.22M, Peak:1.22M | Scene, ViewLayer | Updating Geometry BVH Fetlock feather.017 67/85 | Building mesh BLAS |      60 tris | Rainbow tail ribbon.004
Fra:1 Mem:24.72M (Peak 29.30M) | Time:00:00.28 | Mem:1.22M, Peak:1.22M | Scene, ViewLayer | Updating Geometry BVH Fetlock feather.018 68/85 | Building BVH
Fra:1 Mem:24.72M (Peak 29.30M) | Time:00:00.28 | Mem:1.22M, Peak:1.22M | Scene, ViewLayer | Updating Geometry BVH Fetlock feather.018 68/85 | Building mesh BLAS |      44 tris | Fetlock feather.018
Fra:1 Mem:24.72M (Peak 29.30M) | Time:00:00.28 | Mem:1.22M, Peak:1.22M | Scene, ViewLayer | Updating Geometry BVH Fetlock feather.019 69/85 | Building BVH
Fra:1 Mem:24.72M (Peak 29.30M) | Time:00:00.28 | Mem:1.22M, Peak:1.22M | Scene, ViewLayer | Updating Geometry BVH Fetlock feather.019 69/85 | Building mesh BLAS |      44 tris | Fetlock feather.019
Fra:1 Mem:24.72M (Peak 29.30M) | Time:00:00.28 | Mem:1.22M, Peak:1.22M | Scene, ViewLayer | Updating Geometry BVH Articulated tail 70/85 | Building BVH
Fra:1 Mem:24.72M (Peak 29.30M) | Time:00:00.28 | Mem:1.22M, Peak:1.22M | Scene, ViewLayer | Updating Geometry BVH Articulated tail 70/85 | Building mesh BLAS |     268 tris | Articulated tail
Fra:1 Mem:24.72M (Peak 29.30M) | Time:00:00.28 | Mem:1.22M, Peak:1.22M | Scene, ViewLayer | Updating Geometry BVH Rainbow tail ribbon 71/85 | Building BVH
Fra:1 Mem:24.72M (Peak 29.30M) | Time:00:00.28 | Mem:1.22M, Peak:1.22M | Scene, ViewLayer | Updating Geometry BVH Rainbow tail ribbon 71/85 | Building mesh BLAS |      60 tris | Rainbow tail ribbon
Fra:1 Mem:24.72M (Peak 29.30M) | Time:00:00.28 | Mem:1.22M, Peak:1.22M | Scene, ViewLayer | Updating Geometry BVH Rainbow tail ribbon.001 72/85 | Building BVH
Fra:1 Mem:24.72M (Peak 29.30M) | Time:00:00.28 | Mem:1.22M, Peak:1.22M | Scene, ViewLayer | Updating Geometry BVH Rainbow tail ribbon.001 72/85 | Building mesh BLAS |      60 tris | Rainbow tail ribbon.001
Fra:1 Mem:24.72M (Peak 29.30M) | Time:00:00.28 | Mem:1.22M, Peak:1.22M | Scene, ViewLayer | Updating Geometry BVH Rainbow tail ribbon.002 73/85 | Building BVH
Fra:1 Mem:24.72M (Peak 29.30M) | Time:00:00.28 | Mem:1.22M, Peak:1.22M | Scene, ViewLayer | Updating Geometry BVH Rainbow tail ribbon.002 73/85 | Building mesh BLAS |      60 tris | Rainbow tail ribbon.002
Fra:1 Mem:24.72M (Peak 29.30M) | Time:00:00.28 | Mem:1.22M, Peak:1.22M | Scene, ViewLayer | Updating Geometry BVH Rainbow tail ribbon.003 74/85 | Building BVH
Fra:1 Mem:24.72M (Peak 29.30M) | Time:00:00.28 | Mem:1.22M, Peak:1.22M | Scene, ViewLayer | Updating Geometry BVH Rainbow tail ribbon.003 74/85 | Building mesh BLAS |      60 tris | Rainbow tail ribbon.003
Fra:1 Mem:24.72M (Peak 29.30M) | Time:00:00.29 | Mem:1.22M, Peak:1.22M | Scene, ViewLayer | Updating Scene BVH | Building
Fra:1 Mem:24.72M (Peak 29.30M) | Time:00:00.30 | Mem:2.07M, Peak:2.07M | Scene, ViewLayer | Updating Scene BVH | Building TLAS      |      85 instances
Fra:1 Mem:24.72M (Peak 29.30M) | Time:00:00.30 | Mem:2.10M, Peak:2.10M | Scene, ViewLayer | Updating Scene BVH | Copying BVH to device
Fra:1 Mem:24.72M (Peak 29.30M) | Time:00:00.30 | Mem:2.10M, Peak:2.10M | Scene, ViewLayer | Updating Mesh | Computing normals
Fra:1 Mem:25.19M (Peak 29.30M) | Time:00:00.30 | Mem:2.10M, Peak:2.10M | Scene, ViewLayer | Updating Mesh | Copying Mesh to device
Fra:1 Mem:24.72M (Peak 29.30M) | Time:00:00.30 | Mem:2.60M, Peak:2.60M | Scene, ViewLayer | Updating Objects Flags
Fra:1 Mem:24.72M (Peak 29.30M) | Time:00:00.30 | Mem:2.60M, Peak:2.60M | Scene, ViewLayer | Updating Primitive Offsets
Fra:1 Mem:24.72M (Peak 29.30M) | Time:00:00.30 | Mem:2.60M, Peak:2.60M | Scene, ViewLayer | Updating Images
Fra:1 Mem:24.72M (Peak 29.30M) | Time:00:00.30 | Mem:2.60M, Peak:2.60M | Scene, ViewLayer | Updating Camera Volume
Fra:1 Mem:24.72M (Peak 29.30M) | Time:00:00.30 | Mem:2.60M, Peak:2.60M | Scene, ViewLayer | Updating Lookup Tables
Fra:1 Mem:24.64M (Peak 29.30M) | Time:00:00.30 | Mem:2.70M, Peak:2.70M | Scene, ViewLayer | Updating Lights
Fra:1 Mem:24.64M (Peak 29.30M) | Time:00:00.30 | Mem:2.70M, Peak:2.70M | Scene, ViewLayer | Updating Lights | Computing tree
Fra:1 Mem:24.64M (Peak 29.30M) | Time:00:00.30 | Mem:2.70M, Peak:2.70M | Scene, ViewLayer | Updating Integrator
Fra:1 Mem:24.64M (Peak 29.30M) | Time:00:00.30 | Mem:2.70M, Peak:2.70M | Scene, ViewLayer | Updating Film
Fra:1 Mem:24.72M (Peak 29.30M) | Time:00:00.30 | Mem:2.60M, Peak:2.70M | Scene, ViewLayer | Updating Lookup Tables
Fra:1 Mem:24.64M (Peak 29.30M) | Time:00:00.30 | Mem:2.70M, Peak:2.70M | Scene, ViewLayer | Updating Baking
Fra:1 Mem:24.64M (Peak 29.30M) | Time:00:00.30 | Mem:2.70M, Peak:2.70M | Scene, ViewLayer | Updating Device | Writing constant memory
Fra:1 Mem:24.64M (Peak 29.30M) | Time:00:00.35 | Mem:2.70M, Peak:2.70M | Scene, ViewLayer | Loading denoising kernels (may take a few minutes the first time)
Fra:1 Mem:24.64M (Peak 56.64M) | Time:00:00.36 | Mem:2818.71M, Peak:2818.71M | Scene, ViewLayer | Sample 0/12 (Using optimized kernels)
Fra:1 Mem:24.63M (Peak 60.15M) | Time:00:00.64 | Remaining:00:03.10 | Mem:2854.25M, Peak:2854.25M | Scene, ViewLayer | Sample 1/12 (Using optimized kernels)
Fra:1 Mem:39.59M (Peak 62.02M) | Time:00:04.64 | Mem:2854.26M, Peak:2854.26M | Scene, ViewLayer | Sample 12/12 (Using optimized kernels)
Fra:1 Mem:39.59M (Peak 62.02M) | Time:00:04.64 | Mem:2854.26M, Peak:2854.26M | Scene, ViewLayer | Finished
Saved: '/Users/chikumatsuboi/Code/animal-racers-western/assets/source/western/qa/form-cycle-3/after/unicorn-race_idle-01.png'
Time: 00:04.90 (Saving: 00:00.19)

Fra:1 Mem:27.91M (Peak 27.91M) | Time:00:00.00 | Mem:0.02M, Peak:0.02M | Scene, ViewLayer | Synchronizing object | Body • continuous sculpted skin
Fra:1 Mem:27.91M (Peak 27.91M) | Time:00:00.00 | Mem:0.02M, Peak:0.02M | Scene, ViewLayer | Synchronizing object | Hoof cleft.001
Fra:1 Mem:27.91M (Peak 27.91M) | Time:00:00.00 | Mem:0.02M, Peak:0.02M | Scene, ViewLayer | Synchronizing object | Bronzed hoof.002
Fra:1 Mem:27.96M (Peak 27.96M) | Time:00:00.00 | Mem:0.02M, Peak:0.02M | Scene, ViewLayer | Synchronizing object | Hoof cleft.002
Fra:1 Mem:28.18M (Peak 28.18M) | Time:00:00.00 | Mem:0.02M, Peak:0.02M | Scene, ViewLayer | Synchronizing object | Bronzed hoof.003
Fra:1 Mem:28.18M (Peak 28.18M) | Time:00:00.00 | Mem:0.02M, Peak:0.02M | Scene, ViewLayer | Synchronizing object | Head • species sculpt
Fra:1 Mem:28.30M (Peak 28.30M) | Time:00:00.00 | Mem:0.02M, Peak:0.02M | Scene, ViewLayer | Synchronizing object | Velvet muzzle
Fra:1 Mem:28.39M (Peak 28.39M) | Time:00:00.00 | Mem:0.02M, Peak:0.02M | Scene, ViewLayer | Synchronizing object | Nostril
Fra:1 Mem:28.46M (Peak 28.46M) | Time:00:00.01 | Mem:0.02M, Peak:0.02M | Scene, ViewLayer | Synchronizing object | Eye socket
Fra:1 Mem:28.46M (Peak 28.46M) | Time:00:00.01 | Mem:0.02M, Peak:0.02M | Scene, ViewLayer | Synchronizing object | Ivory eye
Fra:1 Mem:28.67M (Peak 28.67M) | Time:00:00.01 | Mem:0.02M, Peak:0.02M | Scene, ViewLayer | Synchronizing object | Iris
Fra:1 Mem:28.75M (Peak 28.75M) | Time:00:00.01 | Mem:0.02M, Peak:0.02M | Scene, ViewLayer | Synchronizing object | Eye glint
Fra:1 Mem:28.77M (Peak 28.77M) | Time:00:00.01 | Mem:0.02M, Peak:0.02M | Scene, ViewLayer | Synchronizing object | Expressive brow
Fra:1 Mem:28.80M (Peak 28.80M) | Time:00:00.01 | Mem:0.02M, Peak:0.02M | Scene, ViewLayer | Synchronizing object | Smiling mouth
Fra:1 Mem:28.80M (Peak 28.80M) | Time:00:00.01 | Mem:0.02M, Peak:0.02M | Scene, ViewLayer | Synchronizing object | Iris.001
Fra:1 Mem:28.85M (Peak 28.85M) | Time:00:00.01 | Mem:0.02M, Peak:0.02M | Scene, ViewLayer | Synchronizing object | Pupil.001
Fra:1 Mem:28.88M (Peak 28.88M) | Time:00:00.01 | Mem:0.02M, Peak:0.02M | Scene, ViewLayer | Synchronizing object | Smiling mouth.001
Fra:1 Mem:28.95M (Peak 28.95M) | Time:00:00.01 | Mem:0.02M, Peak:0.02M | Scene, ViewLayer | Synchronizing object | Lower jaw
Fra:1 Mem:29.01M (Peak 29.01M) | Time:00:00.01 | Mem:0.02M, Peak:0.02M | Scene, ViewLayer | Synchronizing object | Pointed species ear
Fra:1 Mem:29.02M (Peak 29.02M) | Time:00:00.01 | Mem:0.02M, Peak:0.02M | Scene, ViewLayer | Synchronizing object | Pointed species ear.001
Fra:1 Mem:29.03M (Peak 29.03M) | Time:00:00.01 | Mem:0.02M, Peak:0.02M | Scene, ViewLayer | Synchronizing object | Ribbon mane
Fra:1 Mem:29.03M (Peak 29.03M) | Time:00:00.01 | Mem:0.02M, Peak:0.02M | Scene, ViewLayer | Synchronizing object | Rainbow swept forelock.001
Fra:1 Mem:29.05M (Peak 29.05M) | Time:00:00.01 | Mem:0.02M, Peak:0.02M | Scene, ViewLayer | Synchronizing object | Rainbow swept forelock.002
Fra:1 Mem:29.04M (Peak 29.05M) | Time:00:00.01 | Mem:0.02M, Peak:0.02M | Scene, ViewLayer | Synchronizing object | Ribbon mane.002
Fra:1 Mem:29.05M (Peak 29.05M) | Time:00:00.01 | Mem:0.02M, Peak:0.02M | Scene, ViewLayer | Synchronizing object | Rainbow swept forelock.003
Fra:1 Mem:29.07M (Peak 29.07M) | Time:00:00.01 | Mem:0.02M, Peak:0.02M | Scene, ViewLayer | Synchronizing object | Rainbow swept forelock.004
Fra:1 Mem:29.06M (Peak 29.07M) | Time:00:00.01 | Mem:0.02M, Peak:0.02M | Scene, ViewLayer | Synchronizing object | Ribbon mane.004
Fra:1 Mem:29.06M (Peak 29.07M) | Time:00:00.01 | Mem:0.02M, Peak:0.02M | Scene, ViewLayer | Synchronizing object | Rainbow swept forelock.005
Fra:1 Mem:29.07M (Peak 29.07M) | Time:00:00.01 | Mem:0.02M, Peak:0.02M | Scene, ViewLayer | Synchronizing object | Ribbon mane.005
Fra:1 Mem:29.07M (Peak 29.07M) | Time:00:00.01 | Mem:0.02M, Peak:0.02M | Scene, ViewLayer | Synchronizing object | Ribbon mane.006
Fra:1 Mem:29.08M (Peak 29.08M) | Time:00:00.01 | Mem:0.02M, Peak:0.02M | Scene, ViewLayer | Synchronizing object | Golden unicorn horn
Fra:1 Mem:29.08M (Peak 29.08M) | Time:00:00.01 | Mem:0.02M, Peak:0.02M | Scene, ViewLayer | Synchronizing object | Horn spiral ridge
Fra:1 Mem:29.10M (Peak 29.10M) | Time:00:00.01 | Mem:0.02M, Peak:0.02M | Scene, ViewLayer | Synchronizing object | Fetlock feather.001
Fra:1 Mem:29.09M (Peak 29.10M) | Time:00:00.01 | Mem:0.02M, Peak:0.02M | Scene, ViewLayer | Synchronizing object | Fetlock feather.002
Fra:1 Mem:29.14M (Peak 29.14M) | Time:00:00.01 | Mem:0.02M, Peak:0.02M | Scene, ViewLayer | Synchronizing object | Warm rim
Fra:1 Mem:29.14M (Peak 29.14M) | Time:00:00.01 | Mem:0.02M, Peak:0.02M | Scene, ViewLayer | Synchronizing object | Fetlock feather.004
Fra:1 Mem:29.14M (Peak 29.14M) | Time:00:00.01 | Mem:0.02M, Peak:0.02M | Scene, ViewLayer | Synchronizing object | Sky fill
Fra:1 Mem:29.16M (Peak 29.16M) | Time:00:00.01 | Mem:0.02M, Peak:0.02M | Scene, ViewLayer | Synchronizing object | Fetlock feather.005
Fra:1 Mem:29.16M (Peak 29.16M) | Time:00:00.01 | Mem:0.02M, Peak:0.02M | Scene, ViewLayer | Synchronizing object | Fetlock feather.008
Fra:1 Mem:29.16M (Peak 29.16M) | Time:00:00.01 | Mem:0.02M, Peak:0.02M | Scene, ViewLayer | Synchronizing object | Fetlock feather.009
Fra:1 Mem:29.18M (Peak 29.18M) | Time:00:00.01 | Mem:0.02M, Peak:0.02M | Scene, ViewLayer | Synchronizing object | Fetlock feather.010
Fra:1 Mem:29.18M (Peak 29.18M) | Time:00:00.01 | Mem:0.02M, Peak:0.02M | Scene, ViewLayer | Synchronizing object | Fetlock feather.011
Fra:1 Mem:29.18M (Peak 29.18M) | Time:00:00.01 | Mem:0.02M, Peak:0.02M | Scene, ViewLayer | Synchronizing object | Fetlock feather.013
Fra:1 Mem:29.18M (Peak 29.18M) | Time:00:00.01 | Mem:0.02M, Peak:0.02M | Scene, ViewLayer | Synchronizing object | Fetlock feather.015
Fra:1 Mem:29.19M (Peak 29.19M) | Time:00:00.01 | Mem:0.02M, Peak:0.02M | Scene, ViewLayer | Synchronizing object | Fetlock feather.016
Fra:1 Mem:29.20M (Peak 29.20M) | Time:00:00.01 | Mem:0.02M, Peak:0.02M | Scene, ViewLayer | Synchronizing object | Fetlock feather.017
Fra:1 Mem:29.20M (Peak 29.20M) | Time:00:00.01 | Mem:0.02M, Peak:0.02M | Scene, ViewLayer | Synchronizing object | Fetlock feather.018
Fra:1 Mem:29.20M (Peak 29.20M) | Time:00:00.01 | Mem:0.02M, Peak:0.02M | Scene, ViewLayer | Synchronizing object | Fetlock feather.019
Fra:1 Mem:29.21M (Peak 29.21M) | Time:00:00.01 | Mem:0.02M, Peak:0.02M | Scene, ViewLayer | Synchronizing object | Rainbow tail ribbon
Fra:1 Mem:29.21M (Peak 29.21M) | Time:00:00.01 | Mem:0.02M, Peak:0.02M | Scene, ViewLayer | Synchronizing object | Sunset key
Fra:1 Mem:29.21M (Peak 29.21M) | Time:00:00.01 | Mem:0.02M, Peak:0.02M | Scene, ViewLayer | Synchronizing object | Plane
Fra:1 Mem:29.21M (Peak 29.21M) | Time:00:00.01 | Mem:0.02M, Peak:0.02M | Scene, ViewLayer | Synchronizing object | Rainbow tail ribbon.002
Fra:1 Mem:29.22M (Peak 29.22M) | Time:00:00.01 | Mem:0.02M, Peak:0.02M | Scene, ViewLayer | Synchronizing object | Raised elemental crest
Fra:1 Mem:29.22M (Peak 29.22M) | Time:00:00.01 | Mem:0.02M, Peak:0.02M | Scene, ViewLayer | Synchronizing object | Rainbow tail ribbon.003
Fra:1 Mem:29.26M (Peak 29.26M) | Time:00:00.01 | Mem:0.02M, Peak:0.02M | Scene, ViewLayer | Synchronizing object | Rainbow tail ribbon.004
Fra:1 Mem:29.25M (Peak 29.26M) | Time:00:00.01 | Mem:0.02M, Peak:0.02M | Scene, ViewLayer | Synchronizing object | Rainbow tail ribbon.006
Fra:1 Mem:29.29M (Peak 29.29M) | Time:00:00.01 | Mem:0.02M, Peak:0.02M | Scene, ViewLayer | Synchronizing object | Leather neckerchief roll
Fra:1 Mem:29.26M (Peak 29.29M) | Time:00:00.01 | Mem:0.02M, Peak:0.02M | Scene, ViewLayer | Synchronizing object | Neckerchief folded point
Fra:1 Mem:29.26M (Peak 29.29M) | Time:00:00.01 | Mem:0.02M, Peak:0.02M | Scene, ViewLayer | Synchronizing object | Brass crest clasp
Fra:1 Mem:29.30M (Peak 29.30M) | Time:00:00.01 | Mem:0.02M, Peak:0.02M | Scene, ViewLayer | Initializing
Fra:1 Mem:27.89M (Peak 29.30M) | Time:00:00.01 | Mem:0.02M, Peak:0.02M | Scene, ViewLayer | Updating Images | Loading Authored short-fur normal
Fra:1 Mem:24.04M (Peak 29.30M) | Time:00:00.01 | Mem:0.27M, Peak:0.27M | Scene, ViewLayer | Waiting for render to start
Fra:1 Mem:24.04M (Peak 29.30M) | Time:00:00.01 | Mem:0.27M, Peak:0.27M | Scene, ViewLayer | Updating Scene
Fra:1 Mem:24.04M (Peak 29.30M) | Time:00:00.01 | Mem:0.27M, Peak:0.27M | Scene, ViewLayer | Updating Shaders
Fra:1 Mem:24.04M (Peak 29.30M) | Time:00:00.01 | Mem:0.27M, Peak:0.27M | Scene, ViewLayer | Loading render kernels (may take a few minutes the first time)
Fra:1 Mem:24.12M (Peak 29.30M) | Time:00:00.08 | Mem:0.29M, Peak:0.29M | Scene, ViewLayer | Updating Procedurals
Fra:1 Mem:24.12M (Peak 29.30M) | Time:00:00.08 | Mem:0.29M, Peak:0.29M | Scene, ViewLayer | Updating Background
Fra:1 Mem:24.12M (Peak 29.30M) | Time:00:00.08 | Mem:0.29M, Peak:0.29M | Scene, ViewLayer | Updating Camera
Fra:1 Mem:24.12M (Peak 29.30M) | Time:00:00.08 | Mem:0.29M, Peak:0.29M | Scene, ViewLayer | Updating Meshes Flags
Fra:1 Mem:24.12M (Peak 29.30M) | Time:00:00.08 | Mem:0.29M, Peak:0.29M | Scene, ViewLayer | Updating Objects
Fra:1 Mem:24.12M (Peak 29.30M) | Time:00:00.08 | Mem:0.29M, Peak:0.29M | Scene, ViewLayer | Updating Objects | Copying Transformations to device
Fra:1 Mem:24.12M (Peak 29.30M) | Time:00:00.08 | Mem:0.32M, Peak:0.32M | Scene, ViewLayer | Updating Particle Systems
Fra:1 Mem:24.12M (Peak 29.30M) | Time:00:00.08 | Mem:0.32M, Peak:0.32M | Scene, ViewLayer | Updating Particle Systems | Copying Particles to device
Fra:1 Mem:24.12M (Peak 29.30M) | Time:00:00.08 | Mem:0.32M, Peak:0.32M | Scene, ViewLayer | Updating Meshes
Fra:1 Mem:24.71M (Peak 29.30M) | Time:00:00.09 | Mem:0.32M, Peak:0.32M | Scene, ViewLayer | Updating Objects | Applying Static Transformations
Fra:1 Mem:24.71M (Peak 29.30M) | Time:00:00.09 | Mem:0.32M, Peak:0.32M | Scene, ViewLayer | Updating Mesh | Computing attributes
Fra:1 Mem:25.57M (Peak 29.30M) | Time:00:00.09 | Mem:0.33M, Peak:0.33M | Scene, ViewLayer | Updating Mesh | Copying Attributes to device
Fra:1 Mem:24.71M (Peak 29.30M) | Time:00:00.21 | Mem:1.22M, Peak:1.22M | Scene, ViewLayer | Updating Geometry BVH light 86/85 | Building BVH
Fra:1 Mem:24.71M (Peak 29.30M) | Time:00:00.21 | Mem:1.22M, Peak:1.22M | Scene, ViewLayer | Updating Geometry BVH Bronzed hoof.002 7/85 | Building BVH
Fra:1 Mem:24.71M (Peak 29.30M) | Time:00:00.21 | Mem:1.22M, Peak:1.22M | Scene, ViewLayer | Updating Geometry BVH Warm rim 85/85 | Building BVH
Fra:1 Mem:24.71M (Peak 29.30M) | Time:00:00.21 | Mem:1.22M, Peak:1.22M | Scene, ViewLayer | Updating Geometry BVH Warm rim 85/85 | Building mesh BLAS |      92 tris | Bronzed hoof.002
Fra:1 Mem:24.71M (Peak 29.30M) | Time:00:00.21 | Mem:1.22M, Peak:1.22M | Scene, ViewLayer | Updating Geometry BVH Warm rim 85/85 | Building mesh BLAS |      44 tris | Hoof cleft
Fra:1 Mem:24.71M (Peak 29.30M) | Time:00:00.21 | Mem:1.22M, Peak:1.22M | Scene, ViewLayer | Updating Geometry BVH Warm rim 85/85 | Building mesh BLAS |      44 tris | Hoof cleft.001
Fra:1 Mem:24.71M (Peak 29.30M) | Time:00:00.21 | Mem:1.22M, Peak:1.22M | Scene, ViewLayer | Updating Geometry BVH Warm rim 85/85 | Building mesh BLAS |      44 tris | Hoof cleft.002
Fra:1 Mem:24.71M (Peak 29.30M) | Time:00:00.21 | Mem:1.22M, Peak:1.22M | Scene, ViewLayer | Updating Geometry BVH Sky fill 84/85 | Building BVH
Fra:1 Mem:24.71M (Peak 29.30M) | Time:00:00.21 | Mem:1.22M, Peak:1.22M | Scene, ViewLayer | Updating Geometry BVH Sunset key 83/85 | Building BVH
Fra:1 Mem:24.71M (Peak 29.30M) | Time:00:00.21 | Mem:1.22M, Peak:1.22M | Scene, ViewLayer | Updating Geometry BVH Plane 82/85 | Building BVH
Fra:1 Mem:24.71M (Peak 29.30M) | Time:00:00.21 | Mem:1.22M, Peak:1.22M | Scene, ViewLayer | Updating Geometry BVH Plane 82/85 | Building mesh BLAS |    4170 tris | ribcage
Fra:1 Mem:24.71M (Peak 29.30M) | Time:00:00.21 | Mem:1.22M, Peak:1.22M | Scene, ViewLayer | Updating Geometry BVH Plane 82/85 | Building mesh BLAS |       2 tris | Plane
Fra:1 Mem:24.71M (Peak 29.30M) | Time:00:00.21 | Mem:1.22M, Peak:1.22M | Scene, ViewLayer | Updating Geometry BVH Bronzed hoof.003 9/85 | Building BVH
Fra:1 Mem:24.71M (Peak 29.30M) | Time:00:00.21 | Mem:1.22M, Peak:1.22M | Scene, ViewLayer | Updating Geometry BVH Bronzed hoof.003 9/85 | Building mesh BLAS |      92 tris | Bronzed hoof
Fra:1 Mem:24.71M (Peak 29.30M) | Time:00:00.21 | Mem:1.22M, Peak:1.22M | Scene, ViewLayer | Updating Geometry BVH Bronzed hoof.003 9/85 | Building mesh BLAS |      92 tris | Bronzed hoof.003
Fra:1 Mem:24.71M (Peak 29.30M) | Time:00:00.21 | Mem:1.22M, Peak:1.22M | Scene, ViewLayer | Updating Geometry BVH Hoof cleft.003 10/85 | Building BVH
Fra:1 Mem:24.71M (Peak 29.30M) | Time:00:00.21 | Mem:1.22M, Peak:1.22M | Scene, ViewLayer | Updating Geometry BVH Hoof cleft.003 10/85 | Building mesh BLAS |      44 tris | Hoof cleft.003
Fra:1 Mem:24.71M (Peak 29.30M) | Time:00:00.21 | Mem:1.22M, Peak:1.22M | Scene, ViewLayer | Updating Geometry BVH Skull 11/85 | Building BVH
Fra:1 Mem:24.71M (Peak 29.30M) | Time:00:00.21 | Mem:1.22M, Peak:1.22M | Scene, ViewLayer | Updating Geometry BVH Raised elemental crest 81/85 | Building BVH
Fra:1 Mem:24.71M (Peak 29.30M) | Time:00:00.21 | Mem:1.22M, Peak:1.22M | Scene, ViewLayer | Updating Geometry BVH Raised elemental crest 81/85 | Building mesh BLAS |     480 tris | Velvet muzzle
Fra:1 Mem:24.71M (Peak 29.30M) | Time:00:00.21 | Mem:1.22M, Peak:1.22M | Scene, ViewLayer | Updating Geometry BVH Nostril 13/85 | Building BVH
Fra:1 Mem:24.72M (Peak 29.30M) | Time:00:00.21 | Mem:1.22M, Peak:1.22M | Scene, ViewLayer | Updating Geometry BVH Nostril.001 14/85 | Building BVH
Fra:1 Mem:24.72M (Peak 29.30M) | Time:00:00.21 | Mem:1.22M, Peak:1.22M | Scene, ViewLayer | Updating Geometry BVH Eye socket 15/85 | Building BVH
Fra:1 Mem:24.72M (Peak 29.30M) | Time:00:00.21 | Mem:1.22M, Peak:1.22M | Scene, ViewLayer | Updating Geometry BVH Eye socket 15/85 | Building mesh BLAS |     320 tris | Nostril.001
Fra:1 Mem:24.72M (Peak 29.30M) | Time:00:00.21 | Mem:1.22M, Peak:1.22M | Scene, ViewLayer | Updating Geometry BVH Eye socket 15/85 | Building mesh BLAS |    3088 tris | Skull
Fra:1 Mem:24.72M (Peak 29.30M) | Time:00:00.21 | Mem:1.22M, Peak:1.22M | Scene, ViewLayer | Updating Geometry BVH Ivory eye 16/85 | Building BVH
Fra:1 Mem:24.72M (Peak 29.30M) | Time:00:00.21 | Mem:1.22M, Peak:1.22M | Scene, ViewLayer | Updating Geometry BVH Iris 17/85 | Building BVH
Fra:1 Mem:24.72M (Peak 29.30M) | Time:00:00.21 | Mem:1.22M, Peak:1.22M | Scene, ViewLayer | Updating Geometry BVH Pupil 18/85 | Building BVH
Fra:1 Mem:24.72M (Peak 29.30M) | Time:00:00.21 | Mem:1.22M, Peak:1.22M | Scene, ViewLayer | Updating Geometry BVH Eye glint 19/85 | Building mesh BLAS |     320 tris | Pupil
Fra:1 Mem:24.72M (Peak 29.30M) | Time:00:00.21 | Mem:1.22M, Peak:1.22M | Scene, ViewLayer | Updating Geometry BVH Eye glint 19/85 | Building mesh BLAS |     320 tris | Nostril
Fra:1 Mem:24.72M (Peak 29.30M) | Time:00:00.21 | Mem:1.22M, Peak:1.22M | Scene, ViewLayer | Updating Geometry BVH Expressive brow 20/85 | Building BVH
Fra:1 Mem:24.72M (Peak 29.30M) | Time:00:00.21 | Mem:1.22M, Peak:1.22M | Scene, ViewLayer | Updating Geometry BVH Expressive brow 20/85 | Building mesh BLAS |      44 tris | Expressive brow
Fra:1 Mem:24.72M (Peak 29.30M) | Time:00:00.21 | Mem:1.22M, Peak:1.22M | Scene, ViewLayer | Updating Geometry BVH Expressive brow 20/85 | Building mesh BLAS |      46 tris | Raised elemental crest
Fra:1 Mem:24.72M (Peak 29.30M) | Time:00:00.21 | Mem:1.22M, Peak:1.22M | Scene, ViewLayer | Updating Geometry BVH Smiling mouth 21/85 | Building BVH
Fra:1 Mem:24.72M (Peak 29.30M) | Time:00:00.21 | Mem:1.22M, Peak:1.22M | Scene, ViewLayer | Updating Geometry BVH Smiling mouth 21/85 | Building mesh BLAS |      32 tris | Smiling mouth
Fra:1 Mem:24.72M (Peak 29.30M) | Time:00:00.21 | Mem:1.22M, Peak:1.22M | Scene, ViewLayer | Updating Geometry BVH Smiling mouth 21/85 | Building mesh BLAS |     480 tris | Eye socket
Fra:1 Mem:24.72M (Peak 29.30M) | Time:00:00.21 | Mem:1.22M, Peak:1.22M | Scene, ViewLayer | Updating Geometry BVH Smiling mouth 21/85 | Building mesh BLAS |     192 tris | Eye glint
Fra:1 Mem:24.72M (Peak 29.30M) | Time:00:00.21 | Mem:1.22M, Peak:1.22M | Scene, ViewLayer | Updating Geometry BVH Brass crest clasp 80/85 | Building BVH
Fra:1 Mem:24.72M (Peak 29.30M) | Time:00:00.21 | Mem:1.22M, Peak:1.22M | Scene, ViewLayer | Updating Geometry BVH Brass crest clasp 80/85 | Building mesh BLAS |     320 tris | Brass crest clasp
Fra:1 Mem:24.72M (Peak 29.30M) | Time:00:00.21 | Mem:1.22M, Peak:1.22M | Scene, ViewLayer | Updating Geometry BVH Ivory eye.001 23/85 | Building BVH
Fra:1 Mem:24.72M (Peak 29.30M) | Time:00:00.21 | Mem:1.22M, Peak:1.22M | Scene, ViewLayer | Updating Geometry BVH Ivory eye.001 23/85 | Building mesh BLAS |     480 tris | Ivory eye.001
Fra:1 Mem:24.72M (Peak 29.30M) | Time:00:00.21 | Mem:1.22M, Peak:1.22M | Scene, ViewLayer | Updating Geometry BVH Iris.001 24/85 | Building BVH
Fra:1 Mem:24.72M (Peak 29.30M) | Time:00:00.21 | Mem:1.22M, Peak:1.22M | Scene, ViewLayer | Updating Geometry BVH Pupil.001 25/85 | Building BVH
Fra:1 Mem:24.72M (Peak 29.30M) | Time:00:00.21 | Mem:1.22M, Peak:1.22M | Scene, ViewLayer | Updating Geometry BVH Pupil.001 25/85 | Building mesh BLAS |     320 tris | Pupil.001
Fra:1 Mem:24.72M (Peak 29.30M) | Time:00:00.21 | Mem:1.22M, Peak:1.22M | Scene, ViewLayer | Updating Geometry BVH Pupil.001 25/85 | Building mesh BLAS |     480 tris | Iris.001
Fra:1 Mem:24.72M (Peak 29.30M) | Time:00:00.21 | Mem:1.22M, Peak:1.22M | Scene, ViewLayer | Updating Geometry BVH Eye glint.001 26/85 | Building BVH
Fra:1 Mem:24.72M (Peak 29.30M) | Time:00:00.21 | Mem:1.22M, Peak:1.22M | Scene, ViewLayer | Updating Geometry BVH Eye glint.001 26/85 | Building mesh BLAS |     192 tris | Eye glint.001
Fra:1 Mem:24.72M (Peak 29.30M) | Time:00:00.21 | Mem:1.22M, Peak:1.22M | Scene, ViewLayer | Updating Geometry BVH Expressive brow.001 27/85 | Building BVH
Fra:1 Mem:24.72M (Peak 29.30M) | Time:00:00.21 | Mem:1.22M, Peak:1.22M | Scene, ViewLayer | Updating Geometry BVH Expressive brow.001 27/85 | Building mesh BLAS |      44 tris | Expressive brow.001
Fra:1 Mem:24.72M (Peak 29.30M) | Time:00:00.21 | Mem:1.22M, Peak:1.22M | Scene, ViewLayer | Updating Geometry BVH Smiling mouth.001 28/85 | Building BVH
Fra:1 Mem:24.72M (Peak 29.30M) | Time:00:00.21 | Mem:1.22M, Peak:1.22M | Scene, ViewLayer | Updating Geometry BVH Smiling mouth.001 28/85 | Building mesh BLAS |      32 tris | Smiling mouth.001
Fra:1 Mem:24.72M (Peak 29.30M) | Time:00:00.21 | Mem:1.22M, Peak:1.22M | Scene, ViewLayer | Updating Geometry BVH Lower jaw 29/85 | Building BVH
Fra:1 Mem:24.72M (Peak 29.30M) | Time:00:00.21 | Mem:1.22M, Peak:1.22M | Scene, ViewLayer | Updating Geometry BVH Lower jaw 29/85 | Building mesh BLAS |     400 tris | Lower jaw
Fra:1 Mem:24.72M (Peak 29.30M) | Time:00:00.22 | Mem:1.22M, Peak:1.22M | Scene, ViewLayer | Updating Geometry BVH Pointed species ear 30/85 | Building BVH
Fra:1 Mem:24.72M (Peak 29.30M) | Time:00:00.22 | Mem:1.22M, Peak:1.22M | Scene, ViewLayer | Updating Geometry BVH Pointed species ear 30/85 | Building mesh BLAS |       6 tris | Pointed species ear
Fra:1 Mem:24.72M (Peak 29.30M) | Time:00:00.22 | Mem:1.22M, Peak:1.22M | Scene, ViewLayer | Updating Geometry BVH Pointed species ear 30/85 | Building mesh BLAS |     480 tris | Eye socket.001
Fra:1 Mem:24.72M (Peak 29.30M) | Time:00:00.22 | Mem:1.22M, Peak:1.22M | Scene, ViewLayer | Updating Geometry BVH Inner ear 31/85 | Building BVH
Fra:1 Mem:24.72M (Peak 29.30M) | Time:00:00.22 | Mem:1.22M, Peak:1.22M | Scene, ViewLayer | Updating Geometry BVH Pointed species ear.001 32/85 | Building mesh BLAS |       3 tris | Inner ear
Fra:1 Mem:24.72M (Peak 29.30M) | Time:00:00.22 | Mem:1.22M, Peak:1.22M | Scene, ViewLayer | Updating Geometry BVH Neckerchief folded point 79/85 | Building BVH
Fra:1 Mem:24.72M (Peak 29.30M) | Time:00:00.22 | Mem:1.22M, Peak:1.22M | Scene, ViewLayer | Updating Geometry BVH Neckerchief folded point 79/85 | Building mesh BLAS |       4 tris | Neckerchief folded point
Fra:1 Mem:24.72M (Peak 29.30M) | Time:00:00.22 | Mem:1.22M, Peak:1.22M | Scene, ViewLayer | Updating Geometry BVH Neckerchief folded point 79/85 | Building mesh BLAS |       6 tris | Pointed species ear.001
Fra:1 Mem:24.72M (Peak 29.30M) | Time:00:00.22 | Mem:1.22M, Peak:1.22M | Scene, ViewLayer | Updating Geometry BVH Inner ear.001 33/85 | Building BVH
Fra:1 Mem:24.72M (Peak 29.30M) | Time:00:00.22 | Mem:1.22M, Peak:1.22M | Scene, ViewLayer | Updating Geometry BVH Inner ear.001 33/85 | Building mesh BLAS |       3 tris | Inner ear.001
Fra:1 Mem:24.72M (Peak 29.30M) | Time:00:00.22 | Mem:1.22M, Peak:1.22M | Scene, ViewLayer | Updating Geometry BVH Rainbow swept forelock 34/85 | Building BVH
Fra:1 Mem:24.72M (Peak 29.30M) | Time:00:00.22 | Mem:1.22M, Peak:1.22M | Scene, ViewLayer | Updating Geometry BVH Rainbow swept forelock 34/85 | Building mesh BLAS |      60 tris | Rainbow swept forelock
Fra:1 Mem:24.72M (Peak 29.30M) | Time:00:00.22 | Mem:1.22M, Peak:1.22M | Scene, ViewLayer | Updating Geometry BVH Ribbon mane 35/85 | Building BVH
Fra:1 Mem:24.72M (Peak 29.30M) | Time:00:00.22 | Mem:1.22M, Peak:1.22M | Scene, ViewLayer | Updating Geometry BVH Rainbow swept forelock.001 36/85 | Building BVH
Fra:1 Mem:24.72M (Peak 29.30M) | Time:00:00.22 | Mem:1.22M, Peak:1.22M | Scene, ViewLayer | Updating Geometry BVH Ribbon mane.001 37/85 | Building BVH
Fra:1 Mem:24.72M (Peak 29.30M) | Time:00:00.22 | Mem:1.22M, Peak:1.22M | Scene, ViewLayer | Updating Geometry BVH Ribbon mane.001 37/85 | Building mesh BLAS |      60 tris | Rainbow swept forelock.001
Fra:1 Mem:24.72M (Peak 29.30M) | Time:00:00.22 | Mem:1.22M, Peak:1.22M | Scene, ViewLayer | Updating Geometry BVH Rainbow swept forelock.002 38/85 | Building BVH
Fra:1 Mem:24.72M (Peak 29.30M) | Time:00:00.22 | Mem:1.22M, Peak:1.22M | Scene, ViewLayer | Updating Geometry BVH Rainbow swept forelock.002 38/85 | Building mesh BLAS |      60 tris | Rainbow swept forelock.002
Fra:1 Mem:24.72M (Peak 29.30M) | Time:00:00.22 | Mem:1.22M, Peak:1.22M | Scene, ViewLayer | Updating Geometry BVH Ribbon mane.002 39/85 | Building BVH
Fra:1 Mem:24.72M (Peak 29.30M) | Time:00:00.22 | Mem:1.22M, Peak:1.22M | Scene, ViewLayer | Updating Geometry BVH Rainbow swept forelock.003 40/85 | Building BVH
Fra:1 Mem:24.72M (Peak 29.30M) | Time:00:00.22 | Mem:1.22M, Peak:1.22M | Scene, ViewLayer | Updating Geometry BVH Rainbow swept forelock.003 40/85 | Building mesh BLAS |      60 tris | Ribbon mane.002
Fra:1 Mem:24.72M (Peak 29.30M) | Time:00:00.22 | Mem:1.22M, Peak:1.22M | Scene, ViewLayer | Updating Geometry BVH Leather neckerchief roll 78/85 | Building BVH
Fra:1 Mem:24.72M (Peak 29.30M) | Time:00:00.22 | Mem:1.22M, Peak:1.22M | Scene, ViewLayer | Updating Geometry BVH Leather neckerchief roll 78/85 | Building mesh BLAS |      76 tris | Leather neckerchief roll
Fra:1 Mem:24.72M (Peak 29.30M) | Time:00:00.22 | Mem:1.22M, Peak:1.22M | Scene, ViewLayer | Updating Geometry BVH Ribbon mane.003 41/85 | Building BVH
Fra:1 Mem:24.72M (Peak 29.30M) | Time:00:00.22 | Mem:1.22M, Peak:1.22M | Scene, ViewLayer | Updating Geometry BVH Rainbow swept forelock.004 42/85 | Building BVH
Fra:1 Mem:24.72M (Peak 29.30M) | Time:00:00.22 | Mem:1.22M, Peak:1.22M | Scene, ViewLayer | Updating Geometry BVH Rainbow swept forelock.004 42/85 | Building mesh BLAS |      60 tris | Ribbon mane.003
Fra:1 Mem:24.72M (Peak 29.30M) | Time:00:00.22 | Mem:1.22M, Peak:1.22M | Scene, ViewLayer | Updating Geometry BVH Ribbon mane.004 43/85 | Building BVH
Fra:1 Mem:24.72M (Peak 29.30M) | Time:00:00.22 | Mem:1.22M, Peak:1.22M | Scene, ViewLayer | Updating Geometry BVH Ribbon mane.004 43/85 | Building mesh BLAS |      60 tris | Ribbon mane.004
Fra:1 Mem:24.72M (Peak 29.30M) | Time:00:00.22 | Mem:1.22M, Peak:1.22M | Scene, ViewLayer | Updating Geometry BVH Rainbow swept forelock.005 44/85 | Building BVH
Fra:1 Mem:24.72M (Peak 29.30M) | Time:00:00.22 | Mem:1.22M, Peak:1.22M | Scene, ViewLayer | Updating Geometry BVH Ribbon mane.005 45/85 | Building BVH
Fra:1 Mem:24.72M (Peak 29.30M) | Time:00:00.22 | Mem:1.22M, Peak:1.22M | Scene, ViewLayer | Updating Geometry BVH Ribbon mane.005 45/85 | Building mesh BLAS |      60 tris | Rainbow swept forelock.005
Fra:1 Mem:24.72M (Peak 29.30M) | Time:00:00.22 | Mem:1.22M, Peak:1.22M | Scene, ViewLayer | Updating Geometry BVH Rainbow tail ribbon.006 77/85 | Building BVH
Fra:1 Mem:24.72M (Peak 29.30M) | Time:00:00.22 | Mem:1.22M, Peak:1.22M | Scene, ViewLayer | Updating Geometry BVH Rainbow tail ribbon.006 77/85 | Building mesh BLAS |      60 tris | Rainbow tail ribbon.006
Fra:1 Mem:24.72M (Peak 29.30M) | Time:00:00.22 | Mem:1.22M, Peak:1.22M | Scene, ViewLayer | Updating Geometry BVH Rainbow swept forelock.006 46/85 | Building BVH
Fra:1 Mem:24.72M (Peak 29.30M) | Time:00:00.22 | Mem:1.22M, Peak:1.22M | Scene, ViewLayer | Updating Geometry BVH Rainbow swept forelock.006 46/85 | Building mesh BLAS |      60 tris | Rainbow swept forelock.006
Fra:1 Mem:24.72M (Peak 29.30M) | Time:00:00.22 | Mem:1.22M, Peak:1.22M | Scene, ViewLayer | Updating Geometry BVH Ribbon mane.006 47/85 | Building BVH
Fra:1 Mem:24.72M (Peak 29.30M) | Time:00:00.22 | Mem:1.22M, Peak:1.22M | Scene, ViewLayer | Updating Geometry BVH Ribbon mane.006 47/85 | Building mesh BLAS |      60 tris | Ribbon mane.006
Fra:1 Mem:24.72M (Peak 29.30M) | Time:00:00.22 | Mem:1.22M, Peak:1.22M | Scene, ViewLayer | Updating Geometry BVH Golden unicorn horn 48/85 | Building BVH
Fra:1 Mem:24.72M (Peak 29.30M) | Time:00:00.22 | Mem:1.22M, Peak:1.22M | Scene, ViewLayer | Updating Geometry BVH Golden unicorn horn 48/85 | Building mesh BLAS |      92 tris | Golden unicorn horn
Fra:1 Mem:24.72M (Peak 29.30M) | Time:00:00.22 | Mem:1.22M, Peak:1.22M | Scene, ViewLayer | Updating Geometry BVH Horn spiral ridge 49/85 | Building BVH
Fra:1 Mem:24.72M (Peak 29.30M) | Time:00:00.22 | Mem:1.22M, Peak:1.22M | Scene, ViewLayer | Updating Geometry BVH Rainbow tail ribbon.005 76/85 | Building BVH
Fra:1 Mem:24.72M (Peak 29.30M) | Time:00:00.22 | Mem:1.22M, Peak:1.22M | Scene, ViewLayer | Updating Geometry BVH Rainbow tail ribbon.005 76/85 | Building mesh BLAS |     776 tris | Horn spiral ridge
Fra:1 Mem:24.72M (Peak 29.30M) | Time:00:00.22 | Mem:1.22M, Peak:1.22M | Scene, ViewLayer | Updating Geometry BVH Rainbow tail ribbon.005 76/85 | Building mesh BLAS |      60 tris | Rainbow tail ribbon.005
Fra:1 Mem:24.72M (Peak 29.30M) | Time:00:00.22 | Mem:1.22M, Peak:1.22M | Scene, ViewLayer | Updating Geometry BVH Fetlock feather.001 51/85 | Building BVH
Fra:1 Mem:24.72M (Peak 29.30M) | Time:00:00.22 | Mem:1.22M, Peak:1.22M | Scene, ViewLayer | Updating Geometry BVH Fetlock feather.002 52/85 | Building BVH
Fra:1 Mem:24.72M (Peak 29.30M) | Time:00:00.22 | Mem:1.22M, Peak:1.22M | Scene, ViewLayer | Updating Geometry BVH Fetlock feather.003 53/85 | Building BVH
Fra:1 Mem:24.72M (Peak 29.30M) | Time:00:00.22 | Mem:1.22M, Peak:1.22M | Scene, ViewLayer | Updating Geometry BVH Fetlock feather.003 53/85 | Building mesh BLAS |      44 tris | Fetlock feather.003
Fra:1 Mem:24.72M (Peak 29.30M) | Time:00:00.22 | Mem:1.22M, Peak:1.22M | Scene, ViewLayer | Updating Geometry BVH Fetlock feather.003 53/85 | Building mesh BLAS |      44 tris | Fetlock feather.001
Fra:1 Mem:24.72M (Peak 29.30M) | Time:00:00.22 | Mem:1.22M, Peak:1.22M | Scene, ViewLayer | Updating Geometry BVH Fetlock feather.005 55/85 | Building BVH
Fra:1 Mem:24.72M (Peak 29.30M) | Time:00:00.22 | Mem:1.22M, Peak:1.22M | Scene, ViewLayer | Updating Geometry BVH Fetlock feather.005 55/85 | Building mesh BLAS |      44 tris | Fetlock feather.005
Fra:1 Mem:24.72M (Peak 29.30M) | Time:00:00.22 | Mem:1.22M, Peak:1.22M | Scene, ViewLayer | Updating Geometry BVH Fetlock feather.005 55/85 | Building mesh BLAS |      44 tris | Fetlock feather.004
Fra:1 Mem:24.72M (Peak 29.30M) | Time:00:00.22 | Mem:1.22M, Peak:1.22M | Scene, ViewLayer | Updating Geometry BVH Fetlock feather.006 56/85 | Building BVH
Fra:1 Mem:24.72M (Peak 29.30M) | Time:00:00.22 | Mem:1.22M, Peak:1.22M | Scene, ViewLayer | Updating Geometry BVH Fetlock feather.006 56/85 | Building mesh BLAS |      44 tris | Fetlock feather.006
Fra:1 Mem:24.72M (Peak 29.30M) | Time:00:00.22 | Mem:1.22M, Peak:1.22M | Scene, ViewLayer | Updating Geometry BVH Fetlock feather.007 57/85 | Building mesh BLAS |      60 tris | Rainbow tail ribbon.004
Fra:1 Mem:24.72M (Peak 29.30M) | Time:00:00.22 | Mem:1.22M, Peak:1.22M | Scene, ViewLayer | Updating Geometry BVH Fetlock feather.007 57/85 | Building mesh BLAS |      44 tris | Fetlock feather.007
Fra:1 Mem:24.72M (Peak 29.30M) | Time:00:00.22 | Mem:1.22M, Peak:1.22M | Scene, ViewLayer | Updating Geometry BVH Fetlock feather.008 58/85 | Building BVH
Fra:1 Mem:24.72M (Peak 29.30M) | Time:00:00.22 | Mem:1.22M, Peak:1.22M | Scene, ViewLayer | Updating Geometry BVH Fetlock feather.009 59/85 | Building BVH
Fra:1 Mem:24.72M (Peak 29.30M) | Time:00:00.22 | Mem:1.22M, Peak:1.22M | Scene, ViewLayer | Updating Geometry BVH Fetlock feather.009 59/85 | Building mesh BLAS |      44 tris | Fetlock feather.009
Fra:1 Mem:24.72M (Peak 29.30M) | Time:00:00.22 | Mem:1.22M, Peak:1.22M | Scene, ViewLayer | Updating Geometry BVH Fetlock feather.010 60/85 | Building BVH
Fra:1 Mem:24.72M (Peak 29.30M) | Time:00:00.22 | Mem:1.22M, Peak:1.22M | Scene, ViewLayer | Updating Geometry BVH Fetlock feather.010 60/85 | Building mesh BLAS |      44 tris | Fetlock feather.010
Fra:1 Mem:24.72M (Peak 29.30M) | Time:00:00.22 | Mem:1.22M, Peak:1.22M | Scene, ViewLayer | Updating Geometry BVH Fetlock feather.011 61/85 | Building BVH
Fra:1 Mem:24.72M (Peak 29.30M) | Time:00:00.22 | Mem:1.22M, Peak:1.22M | Scene, ViewLayer | Updating Geometry BVH Fetlock feather.011 61/85 | Building mesh BLAS |      44 tris | Fetlock feather.011
Fra:1 Mem:24.72M (Peak 29.30M) | Time:00:00.22 | Mem:1.22M, Peak:1.22M | Scene, ViewLayer | Updating Geometry BVH Fetlock feather.012 62/85 | Building BVH
Fra:1 Mem:24.72M (Peak 29.30M) | Time:00:00.22 | Mem:1.22M, Peak:1.22M | Scene, ViewLayer | Updating Geometry BVH Rainbow tail ribbon.003 74/85 | Building mesh BLAS |      44 tris | Fetlock feather.012
Fra:1 Mem:24.72M (Peak 29.30M) | Time:00:00.22 | Mem:1.22M, Peak:1.22M | Scene, ViewLayer | Updating Geometry BVH Fetlock feather.013 63/85 | Building BVH
Fra:1 Mem:24.72M (Peak 29.30M) | Time:00:00.22 | Mem:1.22M, Peak:1.22M | Scene, ViewLayer | Updating Geometry BVH Fetlock feather.013 63/85 | Building mesh BLAS |      60 tris | Rainbow tail ribbon.003
Fra:1 Mem:24.72M (Peak 29.30M) | Time:00:00.22 | Mem:1.22M, Peak:1.22M | Scene, ViewLayer | Updating Geometry BVH Fetlock feather.014 64/85 | Building mesh BLAS |      44 tris | Fetlock feather.013
Fra:1 Mem:24.72M (Peak 29.30M) | Time:00:00.22 | Mem:1.22M, Peak:1.22M | Scene, ViewLayer | Updating Geometry BVH Fetlock feather.014 64/85 | Building mesh BLAS |      44 tris | Fetlock feather.014
Fra:1 Mem:24.72M (Peak 29.30M) | Time:00:00.22 | Mem:1.22M, Peak:1.22M | Scene, ViewLayer | Updating Geometry BVH Fetlock feather.015 65/85 | Building BVH
Fra:1 Mem:24.72M (Peak 29.30M) | Time:00:00.22 | Mem:1.22M, Peak:1.22M | Scene, ViewLayer | Updating Geometry BVH Fetlock feather.015 65/85 | Building mesh BLAS |      44 tris | Fetlock feather.015
Fra:1 Mem:24.72M (Peak 29.30M) | Time:00:00.22 | Mem:1.22M, Peak:1.22M | Scene, ViewLayer | Updating Geometry BVH Fetlock feather.016 66/85 | Building BVH
Fra:1 Mem:24.72M (Peak 29.30M) | Time:00:00.22 | Mem:1.22M, Peak:1.22M | Scene, ViewLayer | Updating Geometry BVH Fetlock feather.016 66/85 | Building mesh BLAS |      44 tris | Fetlock feather.016
Fra:1 Mem:24.72M (Peak 29.30M) | Time:00:00.22 | Mem:1.22M, Peak:1.22M | Scene, ViewLayer | Updating Geometry BVH Fetlock feather.017 67/85 | Building BVH
Fra:1 Mem:24.72M (Peak 29.30M) | Time:00:00.22 | Mem:1.22M, Peak:1.22M | Scene, ViewLayer | Updating Geometry BVH Fetlock feather.017 67/85 | Building mesh BLAS |      44 tris | Fetlock feather.017
Fra:1 Mem:24.72M (Peak 29.30M) | Time:00:00.22 | Mem:1.22M, Peak:1.22M | Scene, ViewLayer | Updating Geometry BVH Fetlock feather.018 68/85 | Building BVH
Fra:1 Mem:24.72M (Peak 29.30M) | Time:00:00.22 | Mem:1.22M, Peak:1.22M | Scene, ViewLayer | Updating Geometry BVH Rainbow tail ribbon.002 73/85 | Building BVH
Fra:1 Mem:24.72M (Peak 29.30M) | Time:00:00.22 | Mem:1.22M, Peak:1.22M | Scene, ViewLayer | Updating Geometry BVH Fetlock feather.019 69/85 | Building mesh BLAS |      44 tris | Fetlock feather.018
Fra:1 Mem:24.72M (Peak 29.30M) | Time:00:00.22 | Mem:1.22M, Peak:1.22M | Scene, ViewLayer | Updating Geometry BVH Fetlock feather.019 69/85 | Building mesh BLAS |      60 tris | Rainbow tail ribbon.002
Fra:1 Mem:24.72M (Peak 29.30M) | Time:00:00.22 | Mem:1.22M, Peak:1.22M | Scene, ViewLayer | Updating Geometry BVH Fetlock feather.019 69/85 | Building mesh BLAS |      44 tris | Fetlock feather.019
Fra:1 Mem:24.72M (Peak 29.30M) | Time:00:00.22 | Mem:1.22M, Peak:1.22M | Scene, ViewLayer | Updating Geometry BVH Rainbow tail ribbon 71/85 | Building BVH
Fra:1 Mem:24.72M (Peak 29.30M) | Time:00:00.22 | Mem:1.22M, Peak:1.22M | Scene, ViewLayer | Updating Geometry BVH Rainbow tail ribbon.001 72/85 | Building BVH
Fra:1 Mem:24.72M (Peak 29.30M) | Time:00:00.22 | Mem:1.22M, Peak:1.22M | Scene, ViewLayer | Updating Geometry BVH Rainbow tail ribbon.001 72/85 | Building mesh BLAS |     268 tris | Articulated tail
Fra:1 Mem:24.72M (Peak 29.30M) | Time:00:00.22 | Mem:1.22M, Peak:1.22M | Scene, ViewLayer | Updating Geometry BVH Rainbow tail ribbon.001 72/85 | Building mesh BLAS |      60 tris | Rainbow tail ribbon
Fra:1 Mem:24.72M (Peak 29.30M) | Time:00:00.22 | Mem:1.22M, Peak:1.22M | Scene, ViewLayer | Updating Geometry BVH Rainbow tail ribbon.001 72/85 | Building mesh BLAS |      60 tris | Rainbow tail ribbon.001
Fra:1 Mem:24.72M (Peak 29.30M) | Time:00:00.23 | Mem:1.42M, Peak:1.42M | Scene, ViewLayer | Updating Scene BVH | Building
Fra:1 Mem:24.72M (Peak 29.30M) | Time:00:00.24 | Mem:2.07M, Peak:2.07M | Scene, ViewLayer | Updating Scene BVH | Building TLAS      |      85 instances
Fra:1 Mem:24.72M (Peak 29.30M) | Time:00:00.24 | Mem:2.10M, Peak:2.10M | Scene, ViewLayer | Updating Scene BVH | Copying BVH to device
Fra:1 Mem:24.72M (Peak 29.30M) | Time:00:00.24 | Mem:2.10M, Peak:2.10M | Scene, ViewLayer | Updating Mesh | Computing normals
Fra:1 Mem:25.19M (Peak 29.30M) | Time:00:00.24 | Mem:2.10M, Peak:2.10M | Scene, ViewLayer | Updating Mesh | Copying Mesh to device
Fra:1 Mem:24.72M (Peak 29.30M) | Time:00:00.24 | Mem:2.60M, Peak:2.60M | Scene, ViewLayer | Updating Objects Flags
Fra:1 Mem:24.72M (Peak 29.30M) | Time:00:00.24 | Mem:2.60M, Peak:2.60M | Scene, ViewLayer | Updating Primitive Offsets
Fra:1 Mem:24.72M (Peak 29.30M) | Time:00:00.24 | Mem:2.60M, Peak:2.60M | Scene, ViewLayer | Updating Images
Fra:1 Mem:24.72M (Peak 29.30M) | Time:00:00.24 | Mem:2.60M, Peak:2.60M | Scene, ViewLayer | Updating Camera Volume
Fra:1 Mem:24.72M (Peak 29.30M) | Time:00:00.24 | Mem:2.60M, Peak:2.60M | Scene, ViewLayer | Updating Lookup Tables
Fra:1 Mem:24.64M (Peak 29.30M) | Time:00:00.24 | Mem:2.70M, Peak:2.70M | Scene, ViewLayer | Updating Lights
Fra:1 Mem:24.64M (Peak 29.30M) | Time:00:00.24 | Mem:2.70M, Peak:2.70M | Scene, ViewLayer | Updating Lights | Computing tree
Fra:1 Mem:24.64M (Peak 29.30M) | Time:00:00.24 | Mem:2.70M, Peak:2.70M | Scene, ViewLayer | Updating Integrator
Fra:1 Mem:24.64M (Peak 29.30M) | Time:00:00.24 | Mem:2.70M, Peak:2.70M | Scene, ViewLayer | Updating Film
Fra:1 Mem:24.72M (Peak 29.30M) | Time:00:00.24 | Mem:2.61M, Peak:2.70M | Scene, ViewLayer | Updating Lookup Tables
Fra:1 Mem:24.64M (Peak 29.30M) | Time:00:00.24 | Mem:2.70M, Peak:2.70M | Scene, ViewLayer | Updating Baking
Fra:1 Mem:24.64M (Peak 29.30M) | Time:00:00.24 | Mem:2.70M, Peak:2.70M | Scene, ViewLayer | Updating Device | Writing constant memory
Fra:1 Mem:24.64M (Peak 29.30M) | Time:00:00.28 | Mem:2.70M, Peak:2.70M | Scene, ViewLayer | Loading denoising kernels (may take a few minutes the first time)
Fra:1 Mem:24.64M (Peak 56.64M) | Time:00:00.28 | Mem:2818.71M, Peak:2818.71M | Scene, ViewLayer | Sample 0/12 (Using optimized kernels)
Fra:1 Mem:24.63M (Peak 60.15M) | Time:00:00.51 | Remaining:00:02.51 | Mem:2854.26M, Peak:2854.26M | Scene, ViewLayer | Sample 1/12 (Using optimized kernels)
Fra:1 Mem:39.59M (Peak 62.02M) | Time:00:04.34 | Mem:2854.26M, Peak:2854.26M | Scene, ViewLayer | Sample 12/12 (Using optimized kernels)
Fra:1 Mem:39.59M (Peak 62.02M) | Time:00:04.34 | Mem:2854.26M, Peak:2854.26M | Scene, ViewLayer | Finished
Saved: '/Users/chikumatsuboi/Code/animal-racers-western/assets/source/western/qa/form-cycle-3/after/unicorn-fight_idle-01.png'
Time: 00:04.50 (Saving: 00:00.09)

Fra:13 Mem:26.94M (Peak 26.94M) | Time:00:00.00 | Mem:0.02M, Peak:0.02M | Scene, ViewLayer | Synchronizing object | Body • continuous sculpted skin
Fra:13 Mem:26.94M (Peak 26.94M) | Time:00:00.00 | Mem:0.02M, Peak:0.02M | Scene, ViewLayer | Synchronizing object | Hoof cleft.002
Fra:13 Mem:27.20M (Peak 27.20M) | Time:00:00.00 | Mem:0.02M, Peak:0.02M | Scene, ViewLayer | Synchronizing object | Bronzed hoof.003
Fra:13 Mem:27.21M (Peak 27.21M) | Time:00:00.00 | Mem:0.02M, Peak:0.02M | Scene, ViewLayer | Synchronizing object | Hoof cleft.003
Fra:13 Mem:27.24M (Peak 27.24M) | Time:00:00.00 | Mem:0.02M, Peak:0.02M | Scene, ViewLayer | Synchronizing object | Nostril
Fra:13 Mem:27.28M (Peak 27.28M) | Time:00:00.00 | Mem:0.02M, Peak:0.02M | Scene, ViewLayer | Synchronizing object | Nostril.001
Fra:13 Mem:27.63M (Peak 27.63M) | Time:00:00.00 | Mem:0.02M, Peak:0.02M | Scene, ViewLayer | Synchronizing object | Eye socket
Fra:13 Mem:27.63M (Peak 27.63M) | Time:00:00.00 | Mem:0.02M, Peak:0.02M | Scene, ViewLayer | Synchronizing object | Iris
Fra:13 Mem:27.72M (Peak 27.72M) | Time:00:00.00 | Mem:0.02M, Peak:0.02M | Scene, ViewLayer | Synchronizing object | Pupil
Fra:13 Mem:27.72M (Peak 27.72M) | Time:00:00.00 | Mem:0.02M, Peak:0.02M | Scene, ViewLayer | Synchronizing object | Expressive brow
Fra:13 Mem:27.87M (Peak 27.87M) | Time:00:00.00 | Mem:0.02M, Peak:0.02M | Scene, ViewLayer | Synchronizing object | Smiling mouth
Fra:13 Mem:27.84M (Peak 27.87M) | Time:00:00.00 | Mem:0.02M, Peak:0.02M | Scene, ViewLayer | Synchronizing object | Iris.001
Fra:13 Mem:27.85M (Peak 27.87M) | Time:00:00.00 | Mem:0.02M, Peak:0.02M | Scene, ViewLayer | Synchronizing object | Pupil.001
Fra:13 Mem:27.92M (Peak 27.92M) | Time:00:00.00 | Mem:0.02M, Peak:0.02M | Scene, ViewLayer | Synchronizing object | Eye glint.001
Fra:13 Mem:27.93M (Peak 27.93M) | Time:00:00.00 | Mem:0.02M, Peak:0.02M | Scene, ViewLayer | Synchronizing object | Expressive brow.001
Fra:13 Mem:27.97M (Peak 27.97M) | Time:00:00.00 | Mem:0.02M, Peak:0.02M | Scene, ViewLayer | Synchronizing object | Smiling mouth.001
Fra:13 Mem:27.98M (Peak 27.98M) | Time:00:00.00 | Mem:0.02M, Peak:0.02M | Scene, ViewLayer | Synchronizing object | Lower jaw
Fra:13 Mem:27.98M (Peak 27.98M) | Time:00:00.00 | Mem:0.02M, Peak:0.02M | Scene, ViewLayer | Synchronizing object | Inner ear
Fra:13 Mem:27.98M (Peak 27.98M) | Time:00:00.00 | Mem:0.02M, Peak:0.02M | Scene, ViewLayer | Synchronizing object | Pointed species ear.001
Fra:13 Mem:28.03M (Peak 28.03M) | Time:00:00.00 | Mem:0.02M, Peak:0.02M | Scene, ViewLayer | Synchronizing object | Inner ear.001
Fra:13 Mem:28.05M (Peak 28.05M) | Time:00:00.00 | Mem:0.02M, Peak:0.02M | Scene, ViewLayer | Synchronizing object | Rainbow swept forelock
Fra:13 Mem:28.05M (Peak 28.05M) | Time:00:00.00 | Mem:0.02M, Peak:0.02M | Scene, ViewLayer | Synchronizing object | Ribbon mane
Fra:13 Mem:28.07M (Peak 28.07M) | Time:00:00.00 | Mem:0.02M, Peak:0.02M | Scene, ViewLayer | Synchronizing object | Rainbow swept forelock.001
Fra:13 Mem:28.08M (Peak 28.08M) | Time:00:00.00 | Mem:0.02M, Peak:0.02M | Scene, ViewLayer | Synchronizing object | Ribbon mane.001
Fra:13 Mem:28.07M (Peak 28.08M) | Time:00:00.00 | Mem:0.02M, Peak:0.02M | Scene, ViewLayer | Synchronizing object | Ribbon mane.002
Fra:13 Mem:28.07M (Peak 28.08M) | Time:00:00.00 | Mem:0.02M, Peak:0.02M | Scene, ViewLayer | Synchronizing object | Ribbon mane.003
Fra:13 Mem:28.07M (Peak 28.08M) | Time:00:00.00 | Mem:0.02M, Peak:0.02M | Scene, ViewLayer | Synchronizing object | Sunset key
Fra:13 Mem:28.08M (Peak 28.08M) | Time:00:00.00 | Mem:0.02M, Peak:0.02M | Scene, ViewLayer | Synchronizing object | Ribbon mane.004
Fra:13 Mem:28.09M (Peak 28.09M) | Time:00:00.00 | Mem:0.02M, Peak:0.02M | Scene, ViewLayer | Synchronizing object | Rainbow swept forelock.005
Fra:13 Mem:28.09M (Peak 28.09M) | Time:00:00.00 | Mem:0.02M, Peak:0.02M | Scene, ViewLayer | Synchronizing object | Rainbow swept forelock.006
Fra:13 Mem:28.09M (Peak 28.09M) | Time:00:00.01 | Mem:0.02M, Peak:0.02M | Scene, ViewLayer | Synchronizing object | Ribbon mane.006
Fra:13 Mem:28.10M (Peak 28.10M) | Time:00:00.01 | Mem:0.02M, Peak:0.02M | Scene, ViewLayer | Synchronizing object | Plane
Fra:13 Mem:28.10M (Peak 28.10M) | Time:00:00.01 | Mem:0.02M, Peak:0.02M | Scene, ViewLayer | Synchronizing object | Golden unicorn horn
Fra:13 Mem:28.10M (Peak 28.10M) | Time:00:00.01 | Mem:0.02M, Peak:0.02M | Scene, ViewLayer | Synchronizing object | Raised elemental crest
Fra:13 Mem:28.11M (Peak 28.11M) | Time:00:00.01 | Mem:0.02M, Peak:0.02M | Scene, ViewLayer | Synchronizing object | Horn spiral ridge
Fra:13 Mem:28.12M (Peak 28.12M) | Time:00:00.01 | Mem:0.02M, Peak:0.02M | Scene, ViewLayer | Synchronizing object | Fetlock feather
Fra:13 Mem:28.16M (Peak 28.16M) | Time:00:00.01 | Mem:0.02M, Peak:0.02M | Scene, ViewLayer | Synchronizing object | Fetlock feather.001
Fra:13 Mem:28.17M (Peak 28.17M) | Time:00:00.01 | Mem:0.02M, Peak:0.02M | Scene, ViewLayer | Synchronizing object | Fetlock feather.003
Fra:13 Mem:28.17M (Peak 28.17M) | Time:00:00.01 | Mem:0.02M, Peak:0.02M | Scene, ViewLayer | Synchronizing object | Fetlock feather.004
Fra:13 Mem:28.17M (Peak 28.17M) | Time:00:00.01 | Mem:0.02M, Peak:0.02M | Scene, ViewLayer | Synchronizing object | Brass crest clasp
Fra:13 Mem:28.18M (Peak 28.18M) | Time:00:00.01 | Mem:0.02M, Peak:0.02M | Scene, ViewLayer | Synchronizing object | Fetlock feather.006
Fra:13 Mem:28.18M (Peak 28.18M) | Time:00:00.01 | Mem:0.02M, Peak:0.02M | Scene, ViewLayer | Synchronizing object | Fetlock feather.007
Fra:13 Mem:28.19M (Peak 28.19M) | Time:00:00.01 | Mem:0.02M, Peak:0.02M | Scene, ViewLayer | Synchronizing object | Fetlock feather.008
Fra:13 Mem:28.20M (Peak 28.20M) | Time:00:00.01 | Mem:0.02M, Peak:0.02M | Scene, ViewLayer | Synchronizing object | Fetlock feather.011
Fra:13 Mem:28.22M (Peak 28.22M) | Time:00:00.01 | Mem:0.02M, Peak:0.02M | Scene, ViewLayer | Synchronizing object | Fetlock feather.012
Fra:13 Mem:28.23M (Peak 28.23M) | Time:00:00.01 | Mem:0.02M, Peak:0.02M | Scene, ViewLayer | Synchronizing object | Neckerchief folded point
Fra:13 Mem:28.23M (Peak 28.23M) | Time:00:00.01 | Mem:0.02M, Peak:0.02M | Scene, ViewLayer | Synchronizing object | Fetlock feather.014
Fra:13 Mem:28.23M (Peak 28.23M) | Time:00:00.01 | Mem:0.02M, Peak:0.02M | Scene, ViewLayer | Synchronizing object | Leather neckerchief roll
Fra:13 Mem:28.25M (Peak 28.25M) | Time:00:00.01 | Mem:0.02M, Peak:0.02M | Scene, ViewLayer | Synchronizing object | Fetlock feather.015
Fra:13 Mem:28.24M (Peak 28.25M) | Time:00:00.01 | Mem:0.02M, Peak:0.02M | Scene, ViewLayer | Synchronizing object | Fetlock feather.016
Fra:13 Mem:28.24M (Peak 28.25M) | Time:00:00.01 | Mem:0.02M, Peak:0.02M | Scene, ViewLayer | Synchronizing object | Fetlock feather.017
Fra:13 Mem:28.25M (Peak 28.25M) | Time:00:00.01 | Mem:0.02M, Peak:0.02M | Scene, ViewLayer | Synchronizing object | Fetlock feather.018
Fra:13 Mem:28.25M (Peak 28.25M) | Time:00:00.01 | Mem:0.02M, Peak:0.02M | Scene, ViewLayer | Synchronizing object | Fetlock feather.019
Fra:13 Mem:28.27M (Peak 28.27M) | Time:00:00.01 | Mem:0.02M, Peak:0.02M | Scene, ViewLayer | Synchronizing object | Articulated tail
Fra:13 Mem:28.27M (Peak 28.27M) | Time:00:00.01 | Mem:0.02M, Peak:0.02M | Scene, ViewLayer | Synchronizing object | Rainbow tail ribbon.001
Fra:13 Mem:28.29M (Peak 28.29M) | Time:00:00.01 | Mem:0.02M, Peak:0.02M | Scene, ViewLayer | Synchronizing object | Rainbow tail ribbon.002
Fra:13 Mem:28.30M (Peak 28.30M) | Time:00:00.01 | Mem:0.02M, Peak:0.02M | Scene, ViewLayer | Synchronizing object | Rainbow tail ribbon.005
Fra:13 Mem:28.33M (Peak 28.33M) | Time:00:00.01 | Mem:0.02M, Peak:0.02M | Scene, ViewLayer | Initializing
Fra:13 Mem:26.92M (Peak 28.33M) | Time:00:00.01 | Mem:0.02M, Peak:0.02M | Scene, ViewLayer | Updating Images | Loading Authored short-fur normal
Fra:13 Mem:23.55M (Peak 28.33M) | Time:00:00.01 | Mem:0.27M, Peak:0.27M | Scene, ViewLayer | Waiting for render to start
Fra:13 Mem:23.55M (Peak 28.33M) | Time:00:00.01 | Mem:0.27M, Peak:0.27M | Scene, ViewLayer | Updating Scene
Fra:13 Mem:23.55M (Peak 28.33M) | Time:00:00.01 | Mem:0.27M, Peak:0.27M | Scene, ViewLayer | Updating Shaders
Fra:13 Mem:23.55M (Peak 28.33M) | Time:00:00.01 | Mem:0.27M, Peak:0.27M | Scene, ViewLayer | Loading render kernels (may take a few minutes the first time)
Fra:13 Mem:23.63M (Peak 28.33M) | Time:00:00.08 | Mem:0.29M, Peak:0.29M | Scene, ViewLayer | Updating Procedurals
Fra:13 Mem:23.63M (Peak 28.33M) | Time:00:00.08 | Mem:0.29M, Peak:0.29M | Scene, ViewLayer | Updating Background
Fra:13 Mem:23.63M (Peak 28.33M) | Time:00:00.08 | Mem:0.29M, Peak:0.29M | Scene, ViewLayer | Updating Camera
Fra:13 Mem:23.63M (Peak 28.33M) | Time:00:00.08 | Mem:0.29M, Peak:0.29M | Scene, ViewLayer | Updating Meshes Flags
Fra:13 Mem:23.63M (Peak 28.33M) | Time:00:00.08 | Mem:0.29M, Peak:0.29M | Scene, ViewLayer | Updating Objects
Fra:13 Mem:23.63M (Peak 28.33M) | Time:00:00.08 | Mem:0.29M, Peak:0.29M | Scene, ViewLayer | Updating Objects | Copying Transformations to device
Fra:13 Mem:23.63M (Peak 28.33M) | Time:00:00.08 | Mem:0.32M, Peak:0.32M | Scene, ViewLayer | Updating Particle Systems
Fra:13 Mem:23.63M (Peak 28.33M) | Time:00:00.08 | Mem:0.32M, Peak:0.32M | Scene, ViewLayer | Updating Particle Systems | Copying Particles to device
Fra:13 Mem:23.63M (Peak 28.33M) | Time:00:00.08 | Mem:0.32M, Peak:0.32M | Scene, ViewLayer | Updating Meshes
Fra:13 Mem:24.23M (Peak 28.33M) | Time:00:00.09 | Mem:0.32M, Peak:0.32M | Scene, ViewLayer | Updating Objects | Applying Static Transformations
Fra:13 Mem:24.23M (Peak 28.33M) | Time:00:00.09 | Mem:0.32M, Peak:0.32M | Scene, ViewLayer | Updating Mesh | Computing attributes
Fra:13 Mem:25.09M (Peak 28.33M) | Time:00:00.09 | Mem:0.33M, Peak:0.33M | Scene, ViewLayer | Updating Mesh | Copying Attributes to device
Fra:13 Mem:24.23M (Peak 28.33M) | Time:00:00.21 | Mem:1.22M, Peak:1.22M | Scene, ViewLayer | Updating Geometry BVH light 86/85 | Building BVH
Fra:13 Mem:24.23M (Peak 28.33M) | Time:00:00.21 | Mem:1.22M, Peak:1.22M | Scene, ViewLayer | Updating Geometry BVH Warm rim 85/85 | Building BVH
Fra:13 Mem:24.23M (Peak 28.33M) | Time:00:00.21 | Mem:1.22M, Peak:1.22M | Scene, ViewLayer | Updating Geometry BVH Warm rim 85/85 | Building mesh BLAS |      92 tris | Bronzed hoof
Fra:13 Mem:24.23M (Peak 28.33M) | Time:00:00.21 | Mem:1.22M, Peak:1.22M | Scene, ViewLayer | Updating Geometry BVH Warm rim 85/85 | Building mesh BLAS |      92 tris | Bronzed hoof.001
Fra:13 Mem:24.23M (Peak 28.33M) | Time:00:00.21 | Mem:1.22M, Peak:1.22M | Scene, ViewLayer | Updating Geometry BVH Warm rim 85/85 | Building mesh BLAS |    4170 tris | ribcage
Fra:13 Mem:24.23M (Peak 28.33M) | Time:00:00.21 | Mem:1.22M, Peak:1.22M | Scene, ViewLayer | Updating Geometry BVH Warm rim 85/85 | Building mesh BLAS |      44 tris | Hoof cleft.001
Fra:13 Mem:24.23M (Peak 28.33M) | Time:00:00.21 | Mem:1.22M, Peak:1.22M | Scene, ViewLayer | Updating Geometry BVH Warm rim 85/85 | Building mesh BLAS |      44 tris | Hoof cleft.002
Fra:13 Mem:24.23M (Peak 28.33M) | Time:00:00.21 | Mem:1.22M, Peak:1.22M | Scene, ViewLayer | Updating Geometry BVH Sky fill 84/85 | Building BVH
Fra:13 Mem:24.23M (Peak 28.33M) | Time:00:00.21 | Mem:1.22M, Peak:1.22M | Scene, ViewLayer | Updating Geometry BVH Sunset key 83/85 | Building BVH
Fra:13 Mem:24.23M (Peak 28.33M) | Time:00:00.21 | Mem:1.22M, Peak:1.22M | Scene, ViewLayer | Updating Geometry BVH Plane 82/85 | Building BVH
Fra:13 Mem:24.23M (Peak 28.33M) | Time:00:00.21 | Mem:1.22M, Peak:1.22M | Scene, ViewLayer | Updating Geometry BVH Bronzed hoof.003 9/85 | Building BVH
Fra:13 Mem:24.23M (Peak 28.33M) | Time:00:00.21 | Mem:1.22M, Peak:1.22M | Scene, ViewLayer | Updating Geometry BVH Bronzed hoof.003 9/85 | Building mesh BLAS |       2 tris | Plane
Fra:13 Mem:24.23M (Peak 28.33M) | Time:00:00.21 | Mem:1.22M, Peak:1.22M | Scene, ViewLayer | Updating Geometry BVH Bronzed hoof.003 9/85 | Building mesh BLAS |      92 tris | Bronzed hoof.003
Fra:13 Mem:24.23M (Peak 28.33M) | Time:00:00.21 | Mem:1.22M, Peak:1.22M | Scene, ViewLayer | Updating Geometry BVH Hoof cleft.003 10/85 | Building BVH
Fra:13 Mem:24.23M (Peak 28.33M) | Time:00:00.21 | Mem:1.22M, Peak:1.22M | Scene, ViewLayer | Updating Geometry BVH Skull 11/85 | Building BVH
Fra:13 Mem:24.23M (Peak 28.33M) | Time:00:00.21 | Mem:1.22M, Peak:1.22M | Scene, ViewLayer | Updating Geometry BVH Skull 11/85 | Building mesh BLAS |      44 tris | Hoof cleft.003
Fra:13 Mem:24.23M (Peak 28.33M) | Time:00:00.21 | Mem:1.22M, Peak:1.22M | Scene, ViewLayer | Updating Geometry BVH Skull 11/85 | Building mesh BLAS |    3088 tris | Skull
Fra:13 Mem:24.23M (Peak 28.33M) | Time:00:00.21 | Mem:1.22M, Peak:1.22M | Scene, ViewLayer | Updating Geometry BVH Velvet muzzle 12/85 | Building BVH
Fra:13 Mem:24.23M (Peak 28.33M) | Time:00:00.21 | Mem:1.22M, Peak:1.22M | Scene, ViewLayer | Updating Geometry BVH Nostril 13/85 | Building BVH
Fra:13 Mem:24.23M (Peak 28.33M) | Time:00:00.21 | Mem:1.22M, Peak:1.22M | Scene, ViewLayer | Updating Geometry BVH Nostril 13/85 | Building mesh BLAS |     320 tris | Nostril
Fra:13 Mem:24.23M (Peak 28.33M) | Time:00:00.21 | Mem:1.22M, Peak:1.22M | Scene, ViewLayer | Updating Geometry BVH Nostril.001 14/85 | Building BVH
Fra:13 Mem:24.23M (Peak 28.33M) | Time:00:00.21 | Mem:1.22M, Peak:1.22M | Scene, ViewLayer | Updating Geometry BVH Eye socket 15/85 | Building BVH
Fra:13 Mem:24.23M (Peak 28.33M) | Time:00:00.21 | Mem:1.22M, Peak:1.22M | Scene, ViewLayer | Updating Geometry BVH Raised elemental crest 81/85 | Building BVH
Fra:13 Mem:24.23M (Peak 28.33M) | Time:00:00.21 | Mem:1.22M, Peak:1.22M | Scene, ViewLayer | Updating Geometry BVH Raised elemental crest 81/85 | Building mesh BLAS |     480 tris | Eye socket
Fra:13 Mem:24.23M (Peak 28.33M) | Time:00:00.21 | Mem:1.22M, Peak:1.22M | Scene, ViewLayer | Updating Geometry BVH Ivory eye 16/85 | Building BVH
Fra:13 Mem:24.23M (Peak 28.33M) | Time:00:00.21 | Mem:1.22M, Peak:1.22M | Scene, ViewLayer | Updating Geometry BVH Iris 17/85 | Building BVH
Fra:13 Mem:24.23M (Peak 28.33M) | Time:00:00.21 | Mem:1.22M, Peak:1.22M | Scene, ViewLayer | Updating Geometry BVH Iris 17/85 | Building mesh BLAS |     480 tris | Ivory eye
Fra:13 Mem:24.23M (Peak 28.33M) | Time:00:00.21 | Mem:1.22M, Peak:1.22M | Scene, ViewLayer | Updating Geometry BVH Eye glint 19/85 | Building BVH
Fra:13 Mem:24.23M (Peak 28.33M) | Time:00:00.21 | Mem:1.22M, Peak:1.22M | Scene, ViewLayer | Updating Geometry BVH Eye glint 19/85 | Building mesh BLAS |     192 tris | Eye glint
Fra:13 Mem:24.23M (Peak 28.33M) | Time:00:00.21 | Mem:1.22M, Peak:1.22M | Scene, ViewLayer | Updating Geometry BVH Eye glint 19/85 | Building mesh BLAS |     480 tris | Iris
Fra:13 Mem:24.23M (Peak 28.33M) | Time:00:00.21 | Mem:1.22M, Peak:1.22M | Scene, ViewLayer | Updating Geometry BVH Eye glint 19/85 | Building mesh BLAS |     320 tris | Pupil
Fra:13 Mem:24.23M (Peak 28.33M) | Time:00:00.21 | Mem:1.22M, Peak:1.22M | Scene, ViewLayer | Updating Geometry BVH Expressive brow 20/85 | Building BVH
Fra:13 Mem:24.23M (Peak 28.33M) | Time:00:00.21 | Mem:1.22M, Peak:1.22M | Scene, ViewLayer | Updating Geometry BVH Expressive brow 20/85 | Building mesh BLAS |      44 tris | Expressive brow
Fra:13 Mem:24.23M (Peak 28.33M) | Time:00:00.21 | Mem:1.22M, Peak:1.22M | Scene, ViewLayer | Updating Geometry BVH Smiling mouth 21/85 | Building BVH
Fra:13 Mem:24.23M (Peak 28.33M) | Time:00:00.21 | Mem:1.22M, Peak:1.22M | Scene, ViewLayer | Updating Geometry BVH Smiling mouth 21/85 | Building mesh BLAS |      32 tris | Smiling mouth
Fra:13 Mem:24.23M (Peak 28.33M) | Time:00:00.21 | Mem:1.22M, Peak:1.22M | Scene, ViewLayer | Updating Geometry BVH Eye socket.001 22/85 | Building BVH
Fra:13 Mem:24.23M (Peak 28.33M) | Time:00:00.21 | Mem:1.22M, Peak:1.22M | Scene, ViewLayer | Updating Geometry BVH Ivory eye.001 23/85 | Building BVH
Fra:13 Mem:24.23M (Peak 28.33M) | Time:00:00.21 | Mem:1.22M, Peak:1.22M | Scene, ViewLayer | Updating Geometry BVH Ivory eye.001 23/85 | Building mesh BLAS |     480 tris | Eye socket.001
Fra:13 Mem:24.23M (Peak 28.33M) | Time:00:00.21 | Mem:1.22M, Peak:1.22M | Scene, ViewLayer | Updating Geometry BVH Ivory eye.001 23/85 | Building mesh BLAS |     480 tris | Ivory eye.001
Fra:13 Mem:24.23M (Peak 28.33M) | Time:00:00.21 | Mem:1.22M, Peak:1.22M | Scene, ViewLayer | Updating Geometry BVH Iris.001 24/85 | Building BVH
Fra:13 Mem:24.23M (Peak 28.33M) | Time:00:00.21 | Mem:1.22M, Peak:1.22M | Scene, ViewLayer | Updating Geometry BVH Iris.001 24/85 | Building mesh BLAS |     480 tris | Iris.001
Fra:13 Mem:24.23M (Peak 28.33M) | Time:00:00.21 | Mem:1.22M, Peak:1.22M | Scene, ViewLayer | Updating Geometry BVH Pupil.001 25/85 | Building BVH
Fra:13 Mem:24.23M (Peak 28.33M) | Time:00:00.21 | Mem:1.22M, Peak:1.22M | Scene, ViewLayer | Updating Geometry BVH Eye glint.001 26/85 | Building BVH
Fra:13 Mem:24.23M (Peak 28.33M) | Time:00:00.21 | Mem:1.22M, Peak:1.22M | Scene, ViewLayer | Updating Geometry BVH Expressive brow.001 27/85 | Building BVH
Fra:13 Mem:24.23M (Peak 28.33M) | Time:00:00.21 | Mem:1.22M, Peak:1.22M | Scene, ViewLayer | Updating Geometry BVH Expressive brow.001 27/85 | Building mesh BLAS |      44 tris | Expressive brow.001
Fra:13 Mem:24.23M (Peak 28.33M) | Time:00:00.21 | Mem:1.22M, Peak:1.22M | Scene, ViewLayer | Updating Geometry BVH Expressive brow.001 27/85 | Building mesh BLAS |     192 tris | Eye glint.001
Fra:13 Mem:24.23M (Peak 28.33M) | Time:00:00.21 | Mem:1.22M, Peak:1.22M | Scene, ViewLayer | Updating Geometry BVH Brass crest clasp 80/85 | Building BVH
Fra:13 Mem:24.23M (Peak 28.33M) | Time:00:00.21 | Mem:1.22M, Peak:1.22M | Scene, ViewLayer | Updating Geometry BVH Smiling mouth.001 28/85 | Building BVH
Fra:13 Mem:24.23M (Peak 28.33M) | Time:00:00.21 | Mem:1.22M, Peak:1.22M | Scene, ViewLayer | Updating Geometry BVH Smiling mouth.001 28/85 | Building mesh BLAS |      32 tris | Smiling mouth.001
Fra:13 Mem:24.23M (Peak 28.33M) | Time:00:00.21 | Mem:1.22M, Peak:1.22M | Scene, ViewLayer | Updating Geometry BVH Smiling mouth.001 28/85 | Building mesh BLAS |     320 tris | Brass crest clasp
Fra:13 Mem:24.23M (Peak 28.33M) | Time:00:00.21 | Mem:1.22M, Peak:1.22M | Scene, ViewLayer | Updating Geometry BVH Lower jaw 29/85 | Building BVH
Fra:13 Mem:24.23M (Peak 28.33M) | Time:00:00.21 | Mem:1.22M, Peak:1.22M | Scene, ViewLayer | Updating Geometry BVH Lower jaw 29/85 | Building mesh BLAS |     400 tris | Lower jaw
Fra:13 Mem:24.23M (Peak 28.33M) | Time:00:00.21 | Mem:1.22M, Peak:1.22M | Scene, ViewLayer | Updating Geometry BVH Pointed species ear 30/85 | Building BVH
Fra:13 Mem:24.23M (Peak 28.33M) | Time:00:00.21 | Mem:1.22M, Peak:1.22M | Scene, ViewLayer | Updating Geometry BVH Inner ear 31/85 | Building BVH
Fra:13 Mem:24.23M (Peak 28.33M) | Time:00:00.21 | Mem:1.22M, Peak:1.22M | Scene, ViewLayer | Updating Geometry BVH Inner ear 31/85 | Building mesh BLAS |       3 tris | Inner ear
Fra:13 Mem:24.23M (Peak 28.33M) | Time:00:00.21 | Mem:1.22M, Peak:1.22M | Scene, ViewLayer | Updating Geometry BVH Pointed species ear.001 32/85 | Building BVH
Fra:13 Mem:24.23M (Peak 28.33M) | Time:00:00.21 | Mem:1.22M, Peak:1.22M | Scene, ViewLayer | Updating Geometry BVH Inner ear.001 33/85 | Building BVH
Fra:13 Mem:24.23M (Peak 28.33M) | Time:00:00.21 | Mem:1.22M, Peak:1.22M | Scene, ViewLayer | Updating Geometry BVH Inner ear.001 33/85 | Building mesh BLAS |       3 tris | Inner ear.001
Fra:13 Mem:24.23M (Peak 28.33M) | Time:00:00.21 | Mem:1.22M, Peak:1.22M | Scene, ViewLayer | Updating Geometry BVH Rainbow swept forelock 34/85 | Building BVH
Fra:13 Mem:24.23M (Peak 28.33M) | Time:00:00.21 | Mem:1.22M, Peak:1.22M | Scene, ViewLayer | Updating Geometry BVH Rainbow swept forelock 34/85 | Building mesh BLAS |       6 tris | Pointed species ear.001
Fra:13 Mem:24.23M (Peak 28.33M) | Time:00:00.21 | Mem:1.22M, Peak:1.22M | Scene, ViewLayer | Updating Geometry BVH Rainbow swept forelock 34/85 | Building mesh BLAS |      60 tris | Rainbow swept forelock
Fra:13 Mem:24.23M (Peak 28.33M) | Time:00:00.21 | Mem:1.22M, Peak:1.22M | Scene, ViewLayer | Updating Geometry BVH Ribbon mane 35/85 | Building BVH
Fra:13 Mem:24.23M (Peak 28.33M) | Time:00:00.21 | Mem:1.22M, Peak:1.22M | Scene, ViewLayer | Updating Geometry BVH Ribbon mane 35/85 | Building mesh BLAS |      60 tris | Ribbon mane
Fra:13 Mem:24.23M (Peak 28.33M) | Time:00:00.21 | Mem:1.22M, Peak:1.22M | Scene, ViewLayer | Updating Geometry BVH Rainbow swept forelock.001 36/85 | Building BVH
Fra:13 Mem:24.23M (Peak 28.33M) | Time:00:00.21 | Mem:1.22M, Peak:1.22M | Scene, ViewLayer | Updating Geometry BVH Rainbow swept forelock.001 36/85 | Building mesh BLAS |      60 tris | Rainbow swept forelock.001
Fra:13 Mem:24.23M (Peak 28.33M) | Time:00:00.22 | Mem:1.22M, Peak:1.22M | Scene, ViewLayer | Updating Geometry BVH Rainbow swept forelock.002 38/85 | Building BVH
Fra:13 Mem:24.23M (Peak 28.33M) | Time:00:00.22 | Mem:1.22M, Peak:1.22M | Scene, ViewLayer | Updating Geometry BVH Rainbow swept forelock.002 38/85 | Building mesh BLAS |      60 tris | Rainbow swept forelock.002
Fra:13 Mem:24.23M (Peak 28.33M) | Time:00:00.22 | Mem:1.22M, Peak:1.22M | Scene, ViewLayer | Updating Geometry BVH Neckerchief folded point 79/85 | Building BVH
Fra:13 Mem:24.23M (Peak 28.33M) | Time:00:00.22 | Mem:1.22M, Peak:1.22M | Scene, ViewLayer | Updating Geometry BVH Ribbon mane.002 39/85 | Building BVH
Fra:13 Mem:24.23M (Peak 28.33M) | Time:00:00.22 | Mem:1.22M, Peak:1.22M | Scene, ViewLayer | Updating Geometry BVH Ribbon mane.002 39/85 | Building mesh BLAS |       4 tris | Neckerchief folded point
Fra:13 Mem:24.23M (Peak 28.33M) | Time:00:00.22 | Mem:1.22M, Peak:1.22M | Scene, ViewLayer | Updating Geometry BVH Ribbon mane.002 39/85 | Building mesh BLAS |      60 tris | Ribbon mane.001
Fra:13 Mem:24.23M (Peak 28.33M) | Time:00:00.22 | Mem:1.22M, Peak:1.22M | Scene, ViewLayer | Updating Geometry BVH Rainbow swept forelock.003 40/85 | Building BVH
Fra:13 Mem:24.23M (Peak 28.33M) | Time:00:00.22 | Mem:1.22M, Peak:1.22M | Scene, ViewLayer | Updating Geometry BVH Ribbon mane.003 41/85 | Building BVH
Fra:13 Mem:24.23M (Peak 28.33M) | Time:00:00.22 | Mem:1.22M, Peak:1.22M | Scene, ViewLayer | Updating Geometry BVH Ribbon mane.003 41/85 | Building mesh BLAS |      60 tris | Ribbon mane.003
Fra:13 Mem:24.23M (Peak 28.33M) | Time:00:00.22 | Mem:1.22M, Peak:1.22M | Scene, ViewLayer | Updating Geometry BVH Rainbow swept forelock.004 42/85 | Building BVH
Fra:13 Mem:24.23M (Peak 28.33M) | Time:00:00.22 | Mem:1.22M, Peak:1.22M | Scene, ViewLayer | Updating Geometry BVH Rainbow swept forelock.004 42/85 | Building mesh BLAS |      60 tris | Rainbow swept forelock.004
Fra:13 Mem:24.23M (Peak 28.33M) | Time:00:00.22 | Mem:1.22M, Peak:1.22M | Scene, ViewLayer | Updating Geometry BVH Ribbon mane.004 43/85 | Building BVH
Fra:13 Mem:24.23M (Peak 28.33M) | Time:00:00.22 | Mem:1.22M, Peak:1.22M | Scene, ViewLayer | Updating Geometry BVH Rainbow swept forelock.005 44/85 | Building BVH
Fra:13 Mem:24.23M (Peak 28.33M) | Time:00:00.22 | Mem:1.22M, Peak:1.22M | Scene, ViewLayer | Updating Geometry BVH Leather neckerchief roll 78/85 | Building mesh BLAS |      60 tris | Ribbon mane.004
Fra:13 Mem:24.23M (Peak 28.33M) | Time:00:00.22 | Mem:1.22M, Peak:1.22M | Scene, ViewLayer | Updating Geometry BVH Leather neckerchief roll 78/85 | Building mesh BLAS |      60 tris | Rainbow swept forelock.005
Fra:13 Mem:24.23M (Peak 28.33M) | Time:00:00.22 | Mem:1.22M, Peak:1.22M | Scene, ViewLayer | Updating Geometry BVH Leather neckerchief roll 78/85 | Building mesh BLAS |      76 tris | Leather neckerchief roll
Fra:13 Mem:24.23M (Peak 28.33M) | Time:00:00.22 | Mem:1.22M, Peak:1.22M | Scene, ViewLayer | Updating Geometry BVH Ribbon mane.005 45/85 | Building BVH
Fra:13 Mem:24.23M (Peak 28.33M) | Time:00:00.22 | Mem:1.22M, Peak:1.22M | Scene, ViewLayer | Updating Geometry BVH Ribbon mane.005 45/85 | Building mesh BLAS |      60 tris | Ribbon mane.005
Fra:13 Mem:24.23M (Peak 28.33M) | Time:00:00.22 | Mem:1.22M, Peak:1.22M | Scene, ViewLayer | Updating Geometry BVH Rainbow swept forelock.006 46/85 | Building BVH
Fra:13 Mem:24.23M (Peak 28.33M) | Time:00:00.22 | Mem:1.22M, Peak:1.22M | Scene, ViewLayer | Updating Geometry BVH Ribbon mane.006 47/85 | Building BVH
Fra:13 Mem:24.23M (Peak 28.33M) | Time:00:00.22 | Mem:1.22M, Peak:1.22M | Scene, ViewLayer | Updating Geometry BVH Golden unicorn horn 48/85 | Building BVH
Fra:13 Mem:24.23M (Peak 28.33M) | Time:00:00.22 | Mem:1.22M, Peak:1.22M | Scene, ViewLayer | Updating Geometry BVH Golden unicorn horn 48/85 | Building mesh BLAS |      60 tris | Ribbon mane.006
Fra:13 Mem:24.23M (Peak 28.33M) | Time:00:00.22 | Mem:1.22M, Peak:1.22M | Scene, ViewLayer | Updating Geometry BVH Golden unicorn horn 48/85 | Building mesh BLAS |      92 tris | Golden unicorn horn
Fra:13 Mem:24.23M (Peak 28.33M) | Time:00:00.22 | Mem:1.22M, Peak:1.22M | Scene, ViewLayer | Updating Geometry BVH Horn spiral ridge 49/85 | Building BVH
Fra:13 Mem:24.23M (Peak 28.33M) | Time:00:00.22 | Mem:1.22M, Peak:1.22M | Scene, ViewLayer | Updating Geometry BVH Horn spiral ridge 49/85 | Building mesh BLAS |     776 tris | Horn spiral ridge
Fra:13 Mem:24.23M (Peak 28.33M) | Time:00:00.22 | Mem:1.22M, Peak:1.22M | Scene, ViewLayer | Updating Geometry BVH Rainbow tail ribbon.006 77/85 | Building BVH
Fra:13 Mem:24.23M (Peak 28.33M) | Time:00:00.22 | Mem:1.22M, Peak:1.22M | Scene, ViewLayer | Updating Geometry BVH Fetlock feather 50/85 | Building BVH
Fra:13 Mem:24.23M (Peak 28.33M) | Time:00:00.22 | Mem:1.22M, Peak:1.22M | Scene, ViewLayer | Updating Geometry BVH Fetlock feather 50/85 | Building mesh BLAS |      44 tris | Fetlock feather
Fra:13 Mem:24.23M (Peak 28.33M) | Time:00:00.22 | Mem:1.22M, Peak:1.22M | Scene, ViewLayer | Updating Geometry BVH Fetlock feather.001 51/85 | Building BVH
Fra:13 Mem:24.23M (Peak 28.33M) | Time:00:00.22 | Mem:1.22M, Peak:1.22M | Scene, ViewLayer | Updating Geometry BVH Fetlock feather.002 52/85 | Building BVH
Fra:13 Mem:24.23M (Peak 28.33M) | Time:00:00.22 | Mem:1.22M, Peak:1.22M | Scene, ViewLayer | Updating Geometry BVH Fetlock feather.002 52/85 | Building mesh BLAS |      44 tris | Fetlock feather.002
Fra:13 Mem:24.23M (Peak 28.33M) | Time:00:00.22 | Mem:1.22M, Peak:1.22M | Scene, ViewLayer | Updating Geometry BVH Fetlock feather.003 53/85 | Building BVH
Fra:13 Mem:24.23M (Peak 28.33M) | Time:00:00.22 | Mem:1.22M, Peak:1.22M | Scene, ViewLayer | Updating Geometry BVH Fetlock feather.003 53/85 | Building mesh BLAS |      44 tris | Fetlock feather.003
Fra:13 Mem:24.23M (Peak 28.33M) | Time:00:00.22 | Mem:1.22M, Peak:1.22M | Scene, ViewLayer | Updating Geometry BVH Fetlock feather.004 54/85 | Building BVH
Fra:13 Mem:24.23M (Peak 28.33M) | Time:00:00.22 | Mem:1.22M, Peak:1.22M | Scene, ViewLayer | Updating Geometry BVH Fetlock feather.004 54/85 | Building mesh BLAS |      44 tris | Fetlock feather.004
Fra:13 Mem:24.23M (Peak 28.33M) | Time:00:00.22 | Mem:1.22M, Peak:1.22M | Scene, ViewLayer | Updating Geometry BVH Fetlock feather.005 55/85 | Building BVH
Fra:13 Mem:24.23M (Peak 28.33M) | Time:00:00.22 | Mem:1.22M, Peak:1.22M | Scene, ViewLayer | Updating Geometry BVH Fetlock feather.005 55/85 | Building mesh BLAS |      44 tris | Fetlock feather.001
Fra:13 Mem:24.23M (Peak 28.33M) | Time:00:00.22 | Mem:1.22M, Peak:1.22M | Scene, ViewLayer | Updating Geometry BVH Fetlock feather.006 56/85 | Building BVH
Fra:13 Mem:24.23M (Peak 28.33M) | Time:00:00.22 | Mem:1.22M, Peak:1.22M | Scene, ViewLayer | Updating Geometry BVH Fetlock feather.007 57/85 | Building BVH
Fra:13 Mem:24.23M (Peak 28.33M) | Time:00:00.22 | Mem:1.22M, Peak:1.22M | Scene, ViewLayer | Updating Geometry BVH Rainbow tail ribbon.005 76/85 | Building BVH
Fra:13 Mem:24.23M (Peak 28.33M) | Time:00:00.22 | Mem:1.22M, Peak:1.22M | Scene, ViewLayer | Updating Geometry BVH Fetlock feather.008 58/85 | Building mesh BLAS |      44 tris | Fetlock feather.007
Fra:13 Mem:24.23M (Peak 28.33M) | Time:00:00.22 | Mem:1.22M, Peak:1.22M | Scene, ViewLayer | Updating Geometry BVH Fetlock feather.008 58/85 | Building mesh BLAS |      44 tris | Fetlock feather.008
Fra:13 Mem:24.23M (Peak 28.33M) | Time:00:00.22 | Mem:1.22M, Peak:1.22M | Scene, ViewLayer | Updating Geometry BVH Fetlock feather.008 58/85 | Building mesh BLAS |      60 tris | Rainbow tail ribbon.005
Fra:13 Mem:24.23M (Peak 28.33M) | Time:00:00.22 | Mem:1.22M, Peak:1.22M | Scene, ViewLayer | Updating Geometry BVH Fetlock feather.009 59/85 | Building BVH
Fra:13 Mem:24.23M (Peak 28.33M) | Time:00:00.22 | Mem:1.22M, Peak:1.22M | Scene, ViewLayer | Updating Geometry BVH Fetlock feather.009 59/85 | Building mesh BLAS |      44 tris | Fetlock feather.009
Fra:13 Mem:24.23M (Peak 28.33M) | Time:00:00.22 | Mem:1.22M, Peak:1.22M | Scene, ViewLayer | Updating Geometry BVH Fetlock feather.010 60/85 | Building BVH
Fra:13 Mem:24.23M (Peak 28.33M) | Time:00:00.22 | Mem:1.22M, Peak:1.22M | Scene, ViewLayer | Updating Geometry BVH Fetlock feather.010 60/85 | Building mesh BLAS |      44 tris | Fetlock feather.010
Fra:13 Mem:24.23M (Peak 28.33M) | Time:00:00.22 | Mem:1.22M, Peak:1.22M | Scene, ViewLayer | Updating Geometry BVH Fetlock feather.011 61/85 | Building BVH
Fra:13 Mem:24.23M (Peak 28.33M) | Time:00:00.22 | Mem:1.22M, Peak:1.22M | Scene, ViewLayer | Updating Geometry BVH Fetlock feather.011 61/85 | Building mesh BLAS |      44 tris | Fetlock feather.011
Fra:13 Mem:24.23M (Peak 28.33M) | Time:00:00.22 | Mem:1.22M, Peak:1.22M | Scene, ViewLayer | Updating Geometry BVH Fetlock feather.012 62/85 | Building BVH
Fra:13 Mem:24.23M (Peak 28.33M) | Time:00:00.22 | Mem:1.22M, Peak:1.22M | Scene, ViewLayer | Updating Geometry BVH Fetlock feather.012 62/85 | Building mesh BLAS |      44 tris | Fetlock feather.012
Fra:13 Mem:24.23M (Peak 28.33M) | Time:00:00.22 | Mem:1.22M, Peak:1.22M | Scene, ViewLayer | Updating Geometry BVH Fetlock feather.013 63/85 | Building BVH
Fra:13 Mem:24.23M (Peak 28.33M) | Time:00:00.22 | Mem:1.22M, Peak:1.22M | Scene, ViewLayer | Updating Geometry BVH Fetlock feather.014 64/85 | Building BVH
Fra:13 Mem:24.23M (Peak 28.33M) | Time:00:00.22 | Mem:1.22M, Peak:1.22M | Scene, ViewLayer | Updating Geometry BVH Rainbow tail ribbon.004 75/85 | Building BVH
Fra:13 Mem:24.23M (Peak 28.33M) | Time:00:00.22 | Mem:1.22M, Peak:1.22M | Scene, ViewLayer | Updating Geometry BVH Rainbow tail ribbon.004 75/85 | Building mesh BLAS |      44 tris | Fetlock feather.014
Fra:13 Mem:24.23M (Peak 28.33M) | Time:00:00.22 | Mem:1.22M, Peak:1.22M | Scene, ViewLayer | Updating Geometry BVH Rainbow tail ribbon.004 75/85 | Building mesh BLAS |      60 tris | Rainbow tail ribbon.004
Fra:13 Mem:24.23M (Peak 28.33M) | Time:00:00.22 | Mem:1.22M, Peak:1.22M | Scene, ViewLayer | Updating Geometry BVH Fetlock feather.015 65/85 | Building BVH
Fra:13 Mem:24.23M (Peak 28.33M) | Time:00:00.22 | Mem:1.22M, Peak:1.22M | Scene, ViewLayer | Updating Geometry BVH Fetlock feather.015 65/85 | Building mesh BLAS |      44 tris | Fetlock feather.015
Fra:13 Mem:24.23M (Peak 28.33M) | Time:00:00.22 | Mem:1.22M, Peak:1.22M | Scene, ViewLayer | Updating Geometry BVH Fetlock feather.016 66/85 | Building BVH
Fra:13 Mem:24.23M (Peak 28.33M) | Time:00:00.22 | Mem:1.22M, Peak:1.22M | Scene, ViewLayer | Updating Geometry BVH Fetlock feather.016 66/85 | Building mesh BLAS |      44 tris | Fetlock feather.016
Fra:13 Mem:24.23M (Peak 28.33M) | Time:00:00.22 | Mem:1.22M, Peak:1.22M | Scene, ViewLayer | Updating Geometry BVH Fetlock feather.017 67/85 | Building BVH
Fra:13 Mem:24.23M (Peak 28.33M) | Time:00:00.22 | Mem:1.22M, Peak:1.22M | Scene, ViewLayer | Updating Geometry BVH Fetlock feather.019 69/85 | Building BVH
Fra:13 Mem:24.23M (Peak 28.33M) | Time:00:00.22 | Mem:1.22M, Peak:1.22M | Scene, ViewLayer | Updating Geometry BVH Articulated tail 70/85 | Building mesh BLAS |      44 tris | Fetlock feather.017
Fra:13 Mem:24.23M (Peak 28.33M) | Time:00:00.22 | Mem:1.22M, Peak:1.22M | Scene, ViewLayer | Updating Geometry BVH Articulated tail 70/85 | Building mesh BLAS |      44 tris | Fetlock feather.018
Fra:13 Mem:24.23M (Peak 28.33M) | Time:00:00.22 | Mem:1.22M, Peak:1.22M | Scene, ViewLayer | Updating Geometry BVH Articulated tail 70/85 | Building mesh BLAS |      44 tris | Fetlock feather.019
Fra:13 Mem:24.23M (Peak 28.33M) | Time:00:00.22 | Mem:1.22M, Peak:1.22M | Scene, ViewLayer | Updating Geometry BVH Articulated tail 70/85 | Building mesh BLAS |     268 tris | Articulated tail
Fra:13 Mem:24.23M (Peak 28.33M) | Time:00:00.22 | Mem:1.22M, Peak:1.22M | Scene, ViewLayer | Updating Geometry BVH Rainbow tail ribbon 71/85 | Building BVH
Fra:13 Mem:24.23M (Peak 28.33M) | Time:00:00.22 | Mem:1.22M, Peak:1.22M | Scene, ViewLayer | Updating Geometry BVH Rainbow tail ribbon 71/85 | Building mesh BLAS |      60 tris | Rainbow tail ribbon
Fra:13 Mem:24.23M (Peak 28.33M) | Time:00:00.22 | Mem:1.22M, Peak:1.22M | Scene, ViewLayer | Updating Geometry BVH Rainbow tail ribbon.003 74/85 | Building BVH
Fra:13 Mem:24.23M (Peak 28.33M) | Time:00:00.22 | Mem:1.22M, Peak:1.22M | Scene, ViewLayer | Updating Geometry BVH Rainbow tail ribbon.003 74/85 | Building mesh BLAS |      60 tris | Rainbow tail ribbon.003
Fra:13 Mem:24.23M (Peak 28.33M) | Time:00:00.22 | Mem:1.22M, Peak:1.22M | Scene, ViewLayer | Updating Geometry BVH Rainbow tail ribbon.001 72/85 | Building BVH
Fra:13 Mem:24.23M (Peak 28.33M) | Time:00:00.22 | Mem:1.22M, Peak:1.22M | Scene, ViewLayer | Updating Geometry BVH Rainbow tail ribbon.001 72/85 | Building mesh BLAS |      60 tris | Rainbow tail ribbon.001
Fra:13 Mem:24.23M (Peak 28.33M) | Time:00:00.22 | Mem:1.22M, Peak:1.22M | Scene, ViewLayer | Updating Geometry BVH Rainbow tail ribbon.002 73/85 | Building BVH
Fra:13 Mem:24.23M (Peak 28.33M) | Time:00:00.22 | Mem:1.22M, Peak:1.22M | Scene, ViewLayer | Updating Geometry BVH Rainbow tail ribbon.002 73/85 | Building mesh BLAS |      60 tris | Rainbow tail ribbon.002
Fra:13 Mem:24.23M (Peak 28.33M) | Time:00:00.23 | Mem:1.22M, Peak:1.22M | Scene, ViewLayer | Updating Scene BVH | Building
Fra:13 Mem:24.23M (Peak 28.33M) | Time:00:00.25 | Mem:2.07M, Peak:2.07M | Scene, ViewLayer | Updating Scene BVH | Building TLAS      |      85 instances
Fra:13 Mem:24.23M (Peak 28.33M) | Time:00:00.25 | Mem:2.10M, Peak:2.10M | Scene, ViewLayer | Updating Scene BVH | Copying BVH to device
Fra:13 Mem:24.23M (Peak 28.33M) | Time:00:00.25 | Mem:2.10M, Peak:2.10M | Scene, ViewLayer | Updating Mesh | Computing normals
Fra:13 Mem:24.70M (Peak 28.33M) | Time:00:00.25 | Mem:2.10M, Peak:2.10M | Scene, ViewLayer | Updating Mesh | Copying Mesh to device
Fra:13 Mem:24.23M (Peak 28.33M) | Time:00:00.25 | Mem:2.60M, Peak:2.60M | Scene, ViewLayer | Updating Objects Flags
Fra:13 Mem:24.23M (Peak 28.33M) | Time:00:00.25 | Mem:2.60M, Peak:2.60M | Scene, ViewLayer | Updating Primitive Offsets
Fra:13 Mem:24.23M (Peak 28.33M) | Time:00:00.25 | Mem:2.60M, Peak:2.60M | Scene, ViewLayer | Updating Images
Fra:13 Mem:24.23M (Peak 28.33M) | Time:00:00.25 | Mem:2.60M, Peak:2.60M | Scene, ViewLayer | Updating Camera Volume
Fra:13 Mem:24.23M (Peak 28.33M) | Time:00:00.25 | Mem:2.60M, Peak:2.60M | Scene, ViewLayer | Updating Lookup Tables
Fra:13 Mem:24.15M (Peak 28.33M) | Time:00:00.25 | Mem:2.70M, Peak:2.70M | Scene, ViewLayer | Updating Lights
Fra:13 Mem:24.15M (Peak 28.33M) | Time:00:00.25 | Mem:2.70M, Peak:2.70M | Scene, ViewLayer | Updating Lights | Computing tree
Fra:13 Mem:24.15M (Peak 28.33M) | Time:00:00.25 | Mem:2.70M, Peak:2.70M | Scene, ViewLayer | Updating Integrator
Fra:13 Mem:24.15M (Peak 28.33M) | Time:00:00.25 | Mem:2.70M, Peak:2.70M | Scene, ViewLayer | Updating Film
Fra:13 Mem:24.23M (Peak 28.33M) | Time:00:00.25 | Mem:2.61M, Peak:2.70M | Scene, ViewLayer | Updating Lookup Tables
Fra:13 Mem:24.15M (Peak 28.33M) | Time:00:00.25 | Mem:2.70M, Peak:2.70M | Scene, ViewLayer | Updating Baking
Fra:13 Mem:24.15M (Peak 28.33M) | Time:00:00.25 | Mem:2.70M, Peak:2.70M | Scene, ViewLayer | Updating Device | Writing constant memory
Fra:13 Mem:24.15M (Peak 28.33M) | Time:00:00.28 | Mem:2.70M, Peak:2.70M | Scene, ViewLayer | Loading denoising kernels (may take a few minutes the first time)
Fra:13 Mem:24.15M (Peak 56.15M) | Time:00:00.28 | Mem:2818.71M, Peak:2818.71M | Scene, ViewLayer | Sample 0/12 (Using optimized kernels)
Fra:13 Mem:24.14M (Peak 59.66M) | Time:00:00.45 | Remaining:00:01.84 | Mem:2854.26M, Peak:2854.26M | Scene, ViewLayer | Sample 1/12 (Using optimized kernels)
Fra:13 Mem:39.10M (Peak 61.53M) | Time:00:04.35 | Mem:2854.26M, Peak:2854.26M | Scene, ViewLayer | Sample 12/12 (Using optimized kernels)
Fra:13 Mem:39.10M (Peak 61.53M) | Time:00:04.35 | Mem:2854.26M, Peak:2854.26M | Scene, ViewLayer | Finished
Saved: '/Users/chikumatsuboi/Code/animal-racers-western/assets/source/western/qa/form-cycle-3/after/unicorn-special-13.png'
Time: 00:04.48 (Saving: 00:00.07)

Fra:16 Mem:27.91M (Peak 27.91M) | Time:00:00.01 | Mem:0.02M, Peak:0.02M | Scene, ViewLayer | Synchronizing object | Bronzed hoof
Fra:16 Mem:27.92M (Peak 27.92M) | Time:00:00.01 | Mem:0.02M, Peak:0.02M | Scene, ViewLayer | Synchronizing object | Hoof cleft.002
Fra:16 Mem:27.98M (Peak 27.98M) | Time:00:00.01 | Mem:0.02M, Peak:0.02M | Scene, ViewLayer | Synchronizing object | Bronzed hoof.003
Fra:16 Mem:28.19M (Peak 28.19M) | Time:00:00.01 | Mem:0.02M, Peak:0.02M | Scene, ViewLayer | Synchronizing object | Hoof cleft.003
Fra:16 Mem:28.19M (Peak 28.19M) | Time:00:00.01 | Mem:0.02M, Peak:0.02M | Scene, ViewLayer | Synchronizing object | Nostril
Fra:16 Mem:28.19M (Peak 28.19M) | Time:00:00.01 | Mem:0.02M, Peak:0.02M | Scene, ViewLayer | Synchronizing object | Nostril.001
Fra:16 Mem:28.24M (Peak 28.24M) | Time:00:00.01 | Mem:0.02M, Peak:0.02M | Scene, ViewLayer | Synchronizing object | Eye socket
Fra:16 Mem:28.45M (Peak 28.45M) | Time:00:00.01 | Mem:0.02M, Peak:0.02M | Scene, ViewLayer | Synchronizing object | Ivory eye
Fra:16 Mem:28.49M (Peak 28.49M) | Time:00:00.01 | Mem:0.02M, Peak:0.02M | Scene, ViewLayer | Synchronizing object | Iris
Fra:16 Mem:28.56M (Peak 28.56M) | Time:00:00.01 | Mem:0.02M, Peak:0.02M | Scene, ViewLayer | Synchronizing object | Eye glint
Fra:16 Mem:28.59M (Peak 28.59M) | Time:00:00.01 | Mem:0.02M, Peak:0.02M | Scene, ViewLayer | Synchronizing object | Expressive brow
Fra:16 Mem:28.63M (Peak 28.63M) | Time:00:00.01 | Mem:0.02M, Peak:0.02M | Scene, ViewLayer | Synchronizing object | Warm rim
Fra:16 Mem:28.89M (Peak 28.85M) | Time:00:00.01 | Mem:0.02M, Peak:0.02M | Scene, ViewLayer | Synchronizing object | Pupil.001
Fra:16 Mem:28.86M (Peak 28.86M) | Time:00:00.01 | Mem:0.02M, Peak:0.02M | Scene, ViewLayer | Synchronizing object | Eye glint.001
Fra:16 Mem:28.88M (Peak 28.88M) | Time:00:00.01 | Mem:0.02M, Peak:0.02M | Scene, ViewLayer | Synchronizing object | Expressive brow.001
Fra:16 Mem:28.88M (Peak 28.88M) | Time:00:00.01 | Mem:0.02M, Peak:0.02M | Scene, ViewLayer | Synchronizing object | Smiling mouth.001
Fra:16 Mem:28.89M (Peak 28.89M) | Time:00:00.01 | Mem:0.02M, Peak:0.02M | Scene, ViewLayer | Synchronizing object | Lower jaw
Fra:16 Mem:28.89M (Peak 28.89M) | Time:00:00.01 | Mem:0.02M, Peak:0.02M | Scene, ViewLayer | Synchronizing object | Inner ear
Fra:16 Mem:28.93M (Peak 28.93M) | Time:00:00.01 | Mem:0.02M, Peak:0.02M | Scene, ViewLayer | Synchronizing object | Sky fill
Fra:16 Mem:28.96M (Peak 28.96M) | Time:00:00.01 | Mem:0.02M, Peak:0.02M | Scene, ViewLayer | Synchronizing object | Sunset key
Fra:16 Mem:28.96M (Peak 28.96M) | Time:00:00.01 | Mem:0.02M, Peak:0.02M | Scene, ViewLayer | Synchronizing object | Plane
Fra:16 Mem:28.98M (Peak 28.98M) | Time:00:00.01 | Mem:0.02M, Peak:0.02M | Scene, ViewLayer | Synchronizing object | Raised elemental crest
Fra:16 Mem:28.98M (Peak 28.98M) | Time:00:00.01 | Mem:0.02M, Peak:0.02M | Scene, ViewLayer | Synchronizing object | Brass crest clasp
Fra:16 Mem:29.00M (Peak 29.00M) | Time:00:00.01 | Mem:0.02M, Peak:0.02M | Scene, ViewLayer | Synchronizing object | Neckerchief folded point
Fra:16 Mem:29.03M (Peak 29.03M) | Time:00:00.01 | Mem:0.02M, Peak:0.02M | Scene, ViewLayer | Synchronizing object | Leather neckerchief roll
Fra:16 Mem:29.03M (Peak 29.03M) | Time:00:00.01 | Mem:0.02M, Peak:0.02M | Scene, ViewLayer | Synchronizing object | Ribbon mane
Fra:16 Mem:29.04M (Peak 29.04M) | Time:00:00.01 | Mem:0.02M, Peak:0.02M | Scene, ViewLayer | Synchronizing object | Rainbow swept forelock.001
Fra:16 Mem:29.04M (Peak 29.04M) | Time:00:00.01 | Mem:0.02M, Peak:0.02M | Scene, ViewLayer | Synchronizing object | Ribbon mane.001
Fra:16 Mem:29.06M (Peak 29.06M) | Time:00:00.01 | Mem:0.02M, Peak:0.02M | Scene, ViewLayer | Synchronizing object | Ribbon mane.002
Fra:16 Mem:29.06M (Peak 29.06M) | Time:00:00.01 | Mem:0.02M, Peak:0.02M | Scene, ViewLayer | Synchronizing object | Rainbow swept forelock.003
Fra:16 Mem:29.05M (Peak 29.06M) | Time:00:00.01 | Mem:0.02M, Peak:0.02M | Scene, ViewLayer | Synchronizing object | Ribbon mane.003
Fra:16 Mem:29.06M (Peak 29.06M) | Time:00:00.01 | Mem:0.02M, Peak:0.02M | Scene, ViewLayer | Synchronizing object | Ribbon mane.004
Fra:16 Mem:29.09M (Peak 29.09M) | Time:00:00.01 | Mem:0.02M, Peak:0.02M | Scene, ViewLayer | Synchronizing object | Rainbow swept forelock.005
Fra:16 Mem:29.11M (Peak 29.11M) | Time:00:00.01 | Mem:0.02M, Peak:0.02M | Scene, ViewLayer | Synchronizing object | Rainbow swept forelock.006
Fra:16 Mem:29.11M (Peak 29.11M) | Time:00:00.01 | Mem:0.02M, Peak:0.02M | Scene, ViewLayer | Synchronizing object | Ribbon mane.006
Fra:16 Mem:29.11M (Peak 29.11M) | Time:00:00.01 | Mem:0.02M, Peak:0.02M | Scene, ViewLayer | Synchronizing object | Horn spiral ridge
Fra:16 Mem:29.12M (Peak 29.12M) | Time:00:00.01 | Mem:0.02M, Peak:0.02M | Scene, ViewLayer | Synchronizing object | Fetlock feather
Fra:16 Mem:29.12M (Peak 29.12M) | Time:00:00.01 | Mem:0.02M, Peak:0.02M | Scene, ViewLayer | Synchronizing object | Fetlock feather.002
Fra:16 Mem:29.13M (Peak 29.13M) | Time:00:00.01 | Mem:0.02M, Peak:0.02M | Scene, ViewLayer | Synchronizing object | Fetlock feather.004
Fra:16 Mem:29.13M (Peak 29.13M) | Time:00:00.01 | Mem:0.02M, Peak:0.02M | Scene, ViewLayer | Synchronizing object | Fetlock feather.005
Fra:16 Mem:29.14M (Peak 29.14M) | Time:00:00.01 | Mem:0.02M, Peak:0.02M | Scene, ViewLayer | Synchronizing object | Fetlock feather.006
Fra:16 Mem:29.15M (Peak 29.15M) | Time:00:00.01 | Mem:0.02M, Peak:0.02M | Scene, ViewLayer | Synchronizing object | Fetlock feather.007
Fra:16 Mem:29.15M (Peak 29.15M) | Time:00:00.01 | Mem:0.02M, Peak:0.02M | Scene, ViewLayer | Synchronizing object | Fetlock feather.008
Fra:16 Mem:29.15M (Peak 29.15M) | Time:00:00.01 | Mem:0.02M, Peak:0.02M | Scene, ViewLayer | Synchronizing object | Fetlock feather.009
Fra:16 Mem:29.15M (Peak 29.15M) | Time:00:00.01 | Mem:0.02M, Peak:0.02M | Scene, ViewLayer | Synchronizing object | Fetlock feather.011
Fra:16 Mem:29.20M (Peak 29.20M) | Time:00:00.01 | Mem:0.02M, Peak:0.02M | Scene, ViewLayer | Synchronizing object | Fetlock feather.012
Fra:16 Mem:29.21M (Peak 29.21M) | Time:00:00.01 | Mem:0.02M, Peak:0.02M | Scene, ViewLayer | Synchronizing object | Fetlock feather.013
Fra:16 Mem:29.21M (Peak 29.21M) | Time:00:00.01 | Mem:0.02M, Peak:0.02M | Scene, ViewLayer | Synchronizing object | Fetlock feather.014
Fra:16 Mem:29.23M (Peak 29.23M) | Time:00:00.01 | Mem:0.02M, Peak:0.02M | Scene, ViewLayer | Synchronizing object | Fetlock feather.016
Fra:16 Mem:29.22M (Peak 29.23M) | Time:00:00.01 | Mem:0.02M, Peak:0.02M | Scene, ViewLayer | Synchronizing object | Fetlock feather.017
Fra:16 Mem:29.22M (Peak 29.23M) | Time:00:00.01 | Mem:0.02M, Peak:0.02M | Scene, ViewLayer | Synchronizing object | Fetlock feather.018
Fra:16 Mem:29.23M (Peak 29.23M) | Time:00:00.01 | Mem:0.02M, Peak:0.02M | Scene, ViewLayer | Synchronizing object | Fetlock feather.019
Fra:16 Mem:29.24M (Peak 29.24M) | Time:00:00.01 | Mem:0.02M, Peak:0.02M | Scene, ViewLayer | Synchronizing object | Rainbow tail ribbon
Fra:16 Mem:29.24M (Peak 29.24M) | Time:00:00.01 | Mem:0.02M, Peak:0.02M | Scene, ViewLayer | Synchronizing object | Rainbow tail ribbon.001
Fra:16 Mem:29.25M (Peak 29.25M) | Time:00:00.01 | Mem:0.02M, Peak:0.02M | Scene, ViewLayer | Synchronizing object | Rainbow tail ribbon.003
Fra:16 Mem:29.25M (Peak 29.25M) | Time:00:00.01 | Mem:0.02M, Peak:0.02M | Scene, ViewLayer | Synchronizing object | Rainbow tail ribbon.004
Fra:16 Mem:29.27M (Peak 29.27M) | Time:00:00.01 | Mem:0.02M, Peak:0.02M | Scene, ViewLayer | Synchronizing object | Rainbow tail ribbon.005
Fra:16 Mem:29.30M (Peak 29.30M) | Time:00:00.01 | Mem:0.02M, Peak:0.02M | Scene, ViewLayer | Initializing
Fra:16 Mem:27.89M (Peak 29.30M) | Time:00:00.01 | Mem:0.02M, Peak:0.02M | Scene, ViewLayer | Updating Images | Loading Authored short-fur normal
Fra:16 Mem:24.04M (Peak 29.30M) | Time:00:00.01 | Mem:0.27M, Peak:0.27M | Scene, ViewLayer | Waiting for render to start
Fra:16 Mem:24.04M (Peak 29.30M) | Time:00:00.01 | Mem:0.27M, Peak:0.27M | Scene, ViewLayer | Updating Scene
Fra:16 Mem:24.04M (Peak 29.30M) | Time:00:00.01 | Mem:0.27M, Peak:0.27M | Scene, ViewLayer | Updating Shaders
Fra:16 Mem:24.04M (Peak 29.30M) | Time:00:00.01 | Mem:0.27M, Peak:0.27M | Scene, ViewLayer | Loading render kernels (may take a few minutes the first time)
Fra:16 Mem:24.12M (Peak 29.30M) | Time:00:00.09 | Mem:0.29M, Peak:0.29M | Scene, ViewLayer | Updating Procedurals
Fra:16 Mem:24.12M (Peak 29.30M) | Time:00:00.09 | Mem:0.29M, Peak:0.29M | Scene, ViewLayer | Updating Background
Fra:16 Mem:24.12M (Peak 29.30M) | Time:00:00.09 | Mem:0.29M, Peak:0.29M | Scene, ViewLayer | Updating Camera
Fra:16 Mem:24.12M (Peak 29.30M) | Time:00:00.09 | Mem:0.29M, Peak:0.29M | Scene, ViewLayer | Updating Meshes Flags
Fra:16 Mem:24.12M (Peak 29.30M) | Time:00:00.09 | Mem:0.29M, Peak:0.29M | Scene, ViewLayer | Updating Objects
Fra:16 Mem:24.12M (Peak 29.30M) | Time:00:00.09 | Mem:0.29M, Peak:0.29M | Scene, ViewLayer | Updating Objects | Copying Transformations to device
Fra:16 Mem:24.12M (Peak 29.30M) | Time:00:00.09 | Mem:0.32M, Peak:0.32M | Scene, ViewLayer | Updating Particle Systems
Fra:16 Mem:24.12M (Peak 29.30M) | Time:00:00.09 | Mem:0.32M, Peak:0.32M | Scene, ViewLayer | Updating Particle Systems | Copying Particles to device
Fra:16 Mem:24.12M (Peak 29.30M) | Time:00:00.09 | Mem:0.32M, Peak:0.32M | Scene, ViewLayer | Updating Meshes
Fra:16 Mem:24.71M (Peak 29.30M) | Time:00:00.10 | Mem:0.32M, Peak:0.32M | Scene, ViewLayer | Updating Objects | Applying Static Transformations
Fra:16 Mem:24.71M (Peak 29.30M) | Time:00:00.10 | Mem:0.32M, Peak:0.32M | Scene, ViewLayer | Updating Mesh | Computing attributes
Fra:16 Mem:25.57M (Peak 29.30M) | Time:00:00.10 | Mem:0.33M, Peak:0.33M | Scene, ViewLayer | Updating Mesh | Copying Attributes to device
Fra:16 Mem:24.71M (Peak 29.30M) | Time:00:00.25 | Mem:1.22M, Peak:1.22M | Scene, ViewLayer | Updating Geometry BVH light 86/85 | Building BVH
Fra:16 Mem:24.71M (Peak 29.30M) | Time:00:00.25 | Mem:1.22M, Peak:1.22M | Scene, ViewLayer | Updating Geometry BVH Hoof cleft.002 8/85 | Building BVH
Fra:16 Mem:24.71M (Peak 29.30M) | Time:00:00.25 | Mem:1.22M, Peak:1.22M | Scene, ViewLayer | Updating Geometry BVH Warm rim 85/85 | Building BVH
Fra:16 Mem:24.71M (Peak 29.30M) | Time:00:00.25 | Mem:1.22M, Peak:1.22M | Scene, ViewLayer | Updating Geometry BVH Warm rim 85/85 | Building mesh BLAS |      92 tris | Bronzed hoof
Fra:16 Mem:24.71M (Peak 29.30M) | Time:00:00.25 | Mem:1.22M, Peak:1.22M | Scene, ViewLayer | Updating Geometry BVH Warm rim 85/85 | Building mesh BLAS |      92 tris | Bronzed hoof.001
Fra:16 Mem:24.71M (Peak 29.30M) | Time:00:00.25 | Mem:1.22M, Peak:1.22M | Scene, ViewLayer | Updating Geometry BVH Warm rim 85/85 | Building mesh BLAS |    4170 tris | ribcage
Fra:16 Mem:24.72M (Peak 29.30M) | Time:00:00.25 | Mem:1.22M, Peak:1.22M | Scene, ViewLayer | Updating Geometry BVH Sky fill 84/85 | Building BVH
Fra:16 Mem:24.71M (Peak 29.30M) | Time:00:00.25 | Mem:1.22M, Peak:1.22M | Scene, ViewLayer | Updating Geometry BVH Sunset key 83/85 | Building BVH
Fra:16 Mem:24.71M (Peak 29.30M) | Time:00:00.25 | Mem:1.22M, Peak:1.22M | Scene, ViewLayer | Updating Geometry BVH Plane 82/85 | Building BVH
Fra:16 Mem:24.71M (Peak 29.30M) | Time:00:00.25 | Mem:1.22M, Peak:1.22M | Scene, ViewLayer | Updating Geometry BVH Plane 82/85 | Building mesh BLAS |       2 tris | Plane
Fra:16 Mem:24.71M (Peak 29.30M) | Time:00:00.25 | Mem:1.22M, Peak:1.22M | Scene, ViewLayer | Updating Geometry BVH Plane 82/85 | Building mesh BLAS |      92 tris | Bronzed hoof.002
Fra:16 Mem:24.71M (Peak 29.30M) | Time:00:00.25 | Mem:1.22M, Peak:1.22M | Scene, ViewLayer | Updating Geometry BVH Bronzed hoof.003 9/85 | Building BVH
Fra:16 Mem:24.71M (Peak 29.30M) | Time:00:00.25 | Mem:1.22M, Peak:1.22M | Scene, ViewLayer | Updating Geometry BVH Bronzed hoof.003 9/85 | Building mesh BLAS |      92 tris | Bronzed hoof.003
Fra:16 Mem:24.71M (Peak 29.30M) | Time:00:00.25 | Mem:1.22M, Peak:1.22M | Scene, ViewLayer | Updating Geometry BVH Hoof cleft.003 10/85 | Building BVH
Fra:16 Mem:24.71M (Peak 29.30M) | Time:00:00.25 | Mem:1.22M, Peak:1.22M | Scene, ViewLayer | Updating Geometry BVH Hoof cleft.003 10/85 | Building mesh BLAS |      44 tris | Hoof cleft.003
Fra:16 Mem:24.71M (Peak 29.30M) | Time:00:00.25 | Mem:1.22M, Peak:1.22M | Scene, ViewLayer | Updating Geometry BVH Skull 11/85 | Building BVH
Fra:16 Mem:24.72M (Peak 29.30M) | Time:00:00.26 | Mem:1.22M, Peak:1.22M | Scene, ViewLayer | Updating Geometry BVH Skull 11/85 | Building mesh BLAS |    3088 tris | Skull
Fra:16 Mem:24.72M (Peak 29.30M) | Time:00:00.26 | Mem:1.22M, Peak:1.22M | Scene, ViewLayer | Updating Geometry BVH Velvet muzzle 12/85 | Building BVH
Fra:16 Mem:24.72M (Peak 29.30M) | Time:00:00.26 | Mem:1.22M, Peak:1.22M | Scene, ViewLayer | Updating Geometry BVH Velvet muzzle 12/85 | Building mesh BLAS |     480 tris | Velvet muzzle
Fra:16 Mem:24.72M (Peak 29.30M) | Time:00:00.26 | Mem:1.22M, Peak:1.22M | Scene, ViewLayer | Updating Geometry BVH Nostril 13/85 | Building BVH
Fra:16 Mem:24.72M (Peak 29.30M) | Time:00:00.26 | Mem:1.22M, Peak:1.22M | Scene, ViewLayer | Updating Geometry BVH Nostril 13/85 | Building mesh BLAS |     320 tris | Nostril
Fra:16 Mem:24.72M (Peak 29.30M) | Time:00:00.26 | Mem:1.22M, Peak:1.22M | Scene, ViewLayer | Updating Geometry BVH Nostril.001 14/85 | Building BVH
Fra:16 Mem:24.72M (Peak 29.30M) | Time:00:00.26 | Mem:1.22M, Peak:1.22M | Scene, ViewLayer | Updating Geometry BVH Nostril.001 14/85 | Building mesh BLAS |     320 tris | Nostril.001
Fra:16 Mem:24.72M (Peak 29.30M) | Time:00:00.26 | Mem:1.22M, Peak:1.22M | Scene, ViewLayer | Updating Geometry BVH Eye socket 15/85 | Building BVH
Fra:16 Mem:24.72M (Peak 29.30M) | Time:00:00.26 | Mem:1.22M, Peak:1.22M | Scene, ViewLayer | Updating Geometry BVH Eye socket 15/85 | Building mesh BLAS |     480 tris | Eye socket
Fra:16 Mem:24.72M (Peak 29.30M) | Time:00:00.26 | Mem:1.22M, Peak:1.22M | Scene, ViewLayer | Updating Geometry BVH Ivory eye 16/85 | Building BVH
Fra:16 Mem:24.72M (Peak 29.30M) | Time:00:00.26 | Mem:1.22M, Peak:1.22M | Scene, ViewLayer | Updating Geometry BVH Iris 17/85 | Building BVH
Fra:16 Mem:24.72M (Peak 29.30M) | Time:00:00.26 | Mem:1.22M, Peak:1.22M | Scene, ViewLayer | Updating Geometry BVH Raised elemental crest 81/85 | Building BVH
Fra:16 Mem:24.72M (Peak 29.30M) | Time:00:00.26 | Mem:1.22M, Peak:1.22M | Scene, ViewLayer | Updating Geometry BVH Pupil 18/85 | Building BVH
Fra:16 Mem:24.72M (Peak 29.30M) | Time:00:00.26 | Mem:1.22M, Peak:1.22M | Scene, ViewLayer | Updating Geometry BVH Pupil 18/85 | Building mesh BLAS |     320 tris | Pupil
Fra:16 Mem:24.72M (Peak 29.30M) | Time:00:00.26 | Mem:1.22M, Peak:1.22M | Scene, ViewLayer | Updating Geometry BVH Eye glint 19/85 | Building BVH
Fra:16 Mem:24.72M (Peak 29.30M) | Time:00:00.26 | Mem:1.22M, Peak:1.22M | Scene, ViewLayer | Updating Geometry BVH Eye glint 19/85 | Building mesh BLAS |     192 tris | Eye glint
Fra:16 Mem:24.72M (Peak 29.30M) | Time:00:00.26 | Mem:1.22M, Peak:1.22M | Scene, ViewLayer | Updating Geometry BVH Expressive brow 20/85 | Building BVH
Fra:16 Mem:24.72M (Peak 29.30M) | Time:00:00.26 | Mem:1.22M, Peak:1.22M | Scene, ViewLayer | Updating Geometry BVH Smiling mouth 21/85 | Building BVH
Fra:16 Mem:24.72M (Peak 29.30M) | Time:00:00.26 | Mem:1.22M, Peak:1.22M | Scene, ViewLayer | Updating Geometry BVH Smiling mouth 21/85 | Building mesh BLAS |      44 tris | Expressive brow
Fra:16 Mem:24.72M (Peak 29.30M) | Time:00:00.26 | Mem:1.22M, Peak:1.22M | Scene, ViewLayer | Updating Geometry BVH Eye socket.001 22/85 | Building BVH
Fra:16 Mem:24.72M (Peak 29.30M) | Time:00:00.26 | Mem:1.22M, Peak:1.22M | Scene, ViewLayer | Updating Geometry BVH Eye socket.001 22/85 | Building mesh BLAS |     480 tris | Eye socket.001
Fra:16 Mem:24.72M (Peak 29.30M) | Time:00:00.26 | Mem:1.22M, Peak:1.22M | Scene, ViewLayer | Updating Geometry BVH Ivory eye.001 23/85 | Building BVH
Fra:16 Mem:24.72M (Peak 29.30M) | Time:00:00.26 | Mem:1.22M, Peak:1.22M | Scene, ViewLayer | Updating Geometry BVH Ivory eye.001 23/85 | Building mesh BLAS |     480 tris | Ivory eye.001
Fra:16 Mem:24.72M (Peak 29.30M) | Time:00:00.26 | Mem:1.22M, Peak:1.22M | Scene, ViewLayer | Updating Geometry BVH Iris.001 24/85 | Building BVH
Fra:16 Mem:24.72M (Peak 29.30M) | Time:00:00.26 | Mem:1.22M, Peak:1.22M | Scene, ViewLayer | Updating Geometry BVH Iris.001 24/85 | Building mesh BLAS |     480 tris | Iris.001
Fra:16 Mem:24.72M (Peak 29.30M) | Time:00:00.26 | Mem:1.22M, Peak:1.22M | Scene, ViewLayer | Updating Geometry BVH Iris.001 24/85 | Building mesh BLAS |      32 tris | Smiling mouth
Fra:16 Mem:24.72M (Peak 29.30M) | Time:00:00.26 | Mem:1.22M, Peak:1.22M | Scene, ViewLayer | Updating Geometry BVH Brass crest clasp 80/85 | Building BVH
Fra:16 Mem:24.72M (Peak 29.30M) | Time:00:00.26 | Mem:1.22M, Peak:1.22M | Scene, ViewLayer | Updating Geometry BVH Brass crest clasp 80/85 | Building mesh BLAS |     320 tris | Brass crest clasp
Fra:16 Mem:24.72M (Peak 29.30M) | Time:00:00.26 | Mem:1.22M, Peak:1.22M | Scene, ViewLayer | Updating Geometry BVH Pupil.001 25/85 | Building BVH
Fra:16 Mem:24.72M (Peak 29.30M) | Time:00:00.26 | Mem:1.22M, Peak:1.22M | Scene, ViewLayer | Updating Geometry BVH Pupil.001 25/85 | Building mesh BLAS |     320 tris | Pupil.001
Fra:16 Mem:24.72M (Peak 29.30M) | Time:00:00.26 | Mem:1.22M, Peak:1.22M | Scene, ViewLayer | Updating Geometry BVH Eye glint.001 26/85 | Building BVH
Fra:16 Mem:24.72M (Peak 29.30M) | Time:00:00.26 | Mem:1.22M, Peak:1.22M | Scene, ViewLayer | Updating Geometry BVH Expressive brow.001 27/85 | Building BVH
Fra:16 Mem:24.72M (Peak 29.30M) | Time:00:00.26 | Mem:1.22M, Peak:1.22M | Scene, ViewLayer | Updating Geometry BVH Expressive brow.001 27/85 | Building mesh BLAS |      44 tris | Expressive brow.001
Fra:16 Mem:24.72M (Peak 29.30M) | Time:00:00.26 | Mem:1.22M, Peak:1.22M | Scene, ViewLayer | Updating Geometry BVH Smiling mouth.001 28/85 | Building BVH
Fra:16 Mem:24.72M (Peak 29.30M) | Time:00:00.26 | Mem:1.22M, Peak:1.22M | Scene, ViewLayer | Updating Geometry BVH Smiling mouth.001 28/85 | Building mesh BLAS |      32 tris | Smiling mouth.001
Fra:16 Mem:24.72M (Peak 29.30M) | Time:00:00.26 | Mem:1.22M, Peak:1.22M | Scene, ViewLayer | Updating Geometry BVH Pointed species ear 30/85 | Building BVH
Fra:16 Mem:24.72M (Peak 29.30M) | Time:00:00.26 | Mem:1.22M, Peak:1.22M | Scene, ViewLayer | Updating Geometry BVH Pointed species ear 30/85 | Building mesh BLAS |       6 tris | Pointed species ear
Fra:16 Mem:24.72M (Peak 29.30M) | Time:00:00.26 | Mem:1.22M, Peak:1.22M | Scene, ViewLayer | Updating Geometry BVH Neckerchief folded point 79/85 | Building BVH
Fra:16 Mem:24.72M (Peak 29.30M) | Time:00:00.26 | Mem:1.22M, Peak:1.22M | Scene, ViewLayer | Updating Geometry BVH Neckerchief folded point 79/85 | Building mesh BLAS |       4 tris | Neckerchief folded point
Fra:16 Mem:24.72M (Peak 29.30M) | Time:00:00.26 | Mem:1.22M, Peak:1.22M | Scene, ViewLayer | Updating Geometry BVH Inner ear 31/85 | Building BVH
Fra:16 Mem:24.72M (Peak 29.30M) | Time:00:00.26 | Mem:1.22M, Peak:1.22M | Scene, ViewLayer | Updating Geometry BVH Inner ear 31/85 | Building mesh BLAS |       3 tris | Inner ear
Fra:16 Mem:24.72M (Peak 29.30M) | Time:00:00.26 | Mem:1.22M, Peak:1.22M | Scene, ViewLayer | Updating Geometry BVH Inner ear 31/85 | Building mesh BLAS |     400 tris | Lower jaw
Fra:16 Mem:24.72M (Peak 29.30M) | Time:00:00.26 | Mem:1.22M, Peak:1.22M | Scene, ViewLayer | Updating Geometry BVH Pointed species ear.001 32/85 | Building BVH
Fra:16 Mem:24.72M (Peak 29.30M) | Time:00:00.26 | Mem:1.22M, Peak:1.22M | Scene, ViewLayer | Updating Geometry BVH Inner ear.001 33/85 | Building BVH
Fra:16 Mem:24.72M (Peak 29.30M) | Time:00:00.26 | Mem:1.22M, Peak:1.22M | Scene, ViewLayer | Updating Geometry BVH Inner ear.001 33/85 | Building mesh BLAS |       3 tris | Inner ear.001
Fra:16 Mem:24.72M (Peak 29.30M) | Time:00:00.26 | Mem:1.22M, Peak:1.22M | Scene, ViewLayer | Updating Geometry BVH Rainbow swept forelock 34/85 | Building BVH
Fra:16 Mem:24.72M (Peak 29.30M) | Time:00:00.26 | Mem:1.22M, Peak:1.22M | Scene, ViewLayer | Updating Geometry BVH Leather neckerchief roll 78/85 | Building BVH
Fra:16 Mem:24.72M (Peak 29.30M) | Time:00:00.26 | Mem:1.22M, Peak:1.22M | Scene, ViewLayer | Updating Geometry BVH Leather neckerchief roll 78/85 | Building mesh BLAS |      76 tris | Leather neckerchief roll
Fra:16 Mem:24.72M (Peak 29.30M) | Time:00:00.26 | Mem:1.22M, Peak:1.22M | Scene, ViewLayer | Updating Geometry BVH Ribbon mane 35/85 | Building BVH
Fra:16 Mem:24.72M (Peak 29.30M) | Time:00:00.26 | Mem:1.22M, Peak:1.22M | Scene, ViewLayer | Updating Geometry BVH Rainbow swept forelock.001 36/85 | Building BVH
Fra:16 Mem:24.72M (Peak 29.30M) | Time:00:00.26 | Mem:1.22M, Peak:1.22M | Scene, ViewLayer | Updating Geometry BVH Rainbow swept forelock.001 36/85 | Building mesh BLAS |      60 tris | Ribbon mane
Fra:16 Mem:24.72M (Peak 29.30M) | Time:00:00.26 | Mem:1.22M, Peak:1.22M | Scene, ViewLayer | Updating Geometry BVH Rainbow swept forelock.001 36/85 | Building mesh BLAS |      60 tris | Rainbow swept forelock
Fra:16 Mem:24.72M (Peak 29.30M) | Time:00:00.26 | Mem:1.22M, Peak:1.22M | Scene, ViewLayer | Updating Geometry BVH Ribbon mane.001 37/85 | Building BVH
Fra:16 Mem:24.72M (Peak 29.30M) | Time:00:00.26 | Mem:1.22M, Peak:1.22M | Scene, ViewLayer | Updating Geometry BVH Ribbon mane.001 37/85 | Building mesh BLAS |      60 tris | Ribbon mane.001
Fra:16 Mem:24.72M (Peak 29.30M) | Time:00:00.26 | Mem:1.22M, Peak:1.22M | Scene, ViewLayer | Updating Geometry BVH Rainbow swept forelock.002 38/85 | Building BVH
Fra:16 Mem:24.72M (Peak 29.30M) | Time:00:00.26 | Mem:1.22M, Peak:1.22M | Scene, ViewLayer | Updating Geometry BVH Rainbow tail ribbon.006 77/85 | Building BVH
Fra:16 Mem:24.72M (Peak 29.30M) | Time:00:00.26 | Mem:1.22M, Peak:1.22M | Scene, ViewLayer | Updating Geometry BVH Rainbow tail ribbon.006 77/85 | Building mesh BLAS |      60 tris | Rainbow tail ribbon.006
Fra:16 Mem:24.72M (Peak 29.30M) | Time:00:00.26 | Mem:1.22M, Peak:1.22M | Scene, ViewLayer | Updating Geometry BVH Rainbow tail ribbon.006 77/85 | Building mesh BLAS |      60 tris | Rainbow swept forelock.002
Fra:16 Mem:24.72M (Peak 29.30M) | Time:00:00.26 | Mem:1.22M, Peak:1.22M | Scene, ViewLayer | Updating Geometry BVH Rainbow swept forelock.003 40/85 | Building BVH
Fra:16 Mem:24.72M (Peak 29.30M) | Time:00:00.26 | Mem:1.22M, Peak:1.22M | Scene, ViewLayer | Updating Geometry BVH Ribbon mane.003 41/85 | Building BVH
Fra:16 Mem:24.72M (Peak 29.30M) | Time:00:00.26 | Mem:1.22M, Peak:1.22M | Scene, ViewLayer | Updating Geometry BVH Ribbon mane.003 41/85 | Building mesh BLAS |      60 tris | Rainbow swept forelock.003
Fra:16 Mem:24.72M (Peak 29.30M) | Time:00:00.26 | Mem:1.22M, Peak:1.22M | Scene, ViewLayer | Updating Geometry BVH Rainbow swept forelock.004 42/85 | Building mesh BLAS |      60 tris | Ribbon mane.003
Fra:16 Mem:24.72M (Peak 29.30M) | Time:00:00.26 | Mem:1.22M, Peak:1.22M | Scene, ViewLayer | Updating Geometry BVH Rainbow swept forelock.004 42/85 | Building mesh BLAS |      60 tris | Ribbon mane.002
Fra:16 Mem:24.72M (Peak 29.30M) | Time:00:00.26 | Mem:1.22M, Peak:1.22M | Scene, ViewLayer | Updating Geometry BVH Ribbon mane.004 43/85 | Building BVH
Fra:16 Mem:24.72M (Peak 29.30M) | Time:00:00.26 | Mem:1.22M, Peak:1.22M | Scene, ViewLayer | Updating Geometry BVH Rainbow tail ribbon.005 76/85 | Building BVH
Fra:16 Mem:24.72M (Peak 29.30M) | Time:00:00.26 | Mem:1.22M, Peak:1.22M | Scene, ViewLayer | Updating Geometry BVH Rainbow tail ribbon.005 76/85 | Building mesh BLAS |      60 tris | Rainbow tail ribbon.005
Fra:16 Mem:24.72M (Peak 29.30M) | Time:00:00.26 | Mem:1.22M, Peak:1.22M | Scene, ViewLayer | Updating Geometry BVH Rainbow swept forelock.005 44/85 | Building BVH
Fra:16 Mem:24.72M (Peak 29.30M) | Time:00:00.26 | Mem:1.22M, Peak:1.22M | Scene, ViewLayer | Updating Geometry BVH Rainbow swept forelock.005 44/85 | Building mesh BLAS |      60 tris | Rainbow swept forelock.005
Fra:16 Mem:24.72M (Peak 29.30M) | Time:00:00.26 | Mem:1.22M, Peak:1.22M | Scene, ViewLayer | Updating Geometry BVH Rainbow swept forelock.005 44/85 | Building mesh BLAS |      60 tris | Ribbon mane.004
Fra:16 Mem:24.72M (Peak 29.30M) | Time:00:00.26 | Mem:1.22M, Peak:1.22M | Scene, ViewLayer | Updating Geometry BVH Ribbon mane.005 45/85 | Building BVH
Fra:16 Mem:24.72M (Peak 29.30M) | Time:00:00.26 | Mem:1.22M, Peak:1.22M | Scene, ViewLayer | Updating Geometry BVH Ribbon mane.005 45/85 | Building mesh BLAS |      60 tris | Ribbon mane.005
Fra:16 Mem:24.72M (Peak 29.30M) | Time:00:00.26 | Mem:1.22M, Peak:1.22M | Scene, ViewLayer | Updating Geometry BVH Rainbow swept forelock.006 46/85 | Building BVH
Fra:16 Mem:24.72M (Peak 29.30M) | Time:00:00.26 | Mem:1.22M, Peak:1.22M | Scene, ViewLayer | Updating Geometry BVH Rainbow swept forelock.006 46/85 | Building mesh BLAS |      60 tris | Rainbow swept forelock.006
Fra:16 Mem:24.72M (Peak 29.30M) | Time:00:00.26 | Mem:1.22M, Peak:1.22M | Scene, ViewLayer | Updating Geometry BVH Ribbon mane.006 47/85 | Building BVH
Fra:16 Mem:24.72M (Peak 29.30M) | Time:00:00.26 | Mem:1.22M, Peak:1.22M | Scene, ViewLayer | Updating Geometry BVH Ribbon mane.006 47/85 | Building mesh BLAS |      60 tris | Ribbon mane.006
Fra:16 Mem:24.72M (Peak 29.30M) | Time:00:00.26 | Mem:1.22M, Peak:1.22M | Scene, ViewLayer | Updating Geometry BVH Rainbow tail ribbon.004 75/85 | Building BVH
Fra:16 Mem:24.72M (Peak 29.30M) | Time:00:00.26 | Mem:1.22M, Peak:1.22M | Scene, ViewLayer | Updating Geometry BVH Rainbow tail ribbon.004 75/85 | Building mesh BLAS |      60 tris | Rainbow tail ribbon.004
Fra:16 Mem:24.72M (Peak 29.30M) | Time:00:00.26 | Mem:1.22M, Peak:1.22M | Scene, ViewLayer | Updating Geometry BVH Golden unicorn horn 48/85 | Building BVH
Fra:16 Mem:24.72M (Peak 29.30M) | Time:00:00.26 | Mem:1.22M, Peak:1.22M | Scene, ViewLayer | Updating Geometry BVH Golden unicorn horn 48/85 | Building mesh BLAS |      92 tris | Golden unicorn horn
Fra:16 Mem:24.72M (Peak 29.30M) | Time:00:00.26 | Mem:1.22M, Peak:1.22M | Scene, ViewLayer | Updating Geometry BVH Horn spiral ridge 49/85 | Building BVH
Fra:16 Mem:24.72M (Peak 29.30M) | Time:00:00.26 | Mem:1.22M, Peak:1.22M | Scene, ViewLayer | Updating Geometry BVH Fetlock feather 50/85 | Building BVH
Fra:16 Mem:24.72M (Peak 29.30M) | Time:00:00.26 | Mem:1.22M, Peak:1.22M | Scene, ViewLayer | Updating Geometry BVH Fetlock feather 50/85 | Building mesh BLAS |      44 tris | Fetlock feather
Fra:16 Mem:24.72M (Peak 29.30M) | Time:00:00.26 | Mem:1.22M, Peak:1.22M | Scene, ViewLayer | Updating Geometry BVH Fetlock feather.001 51/85 | Building BVH
Fra:16 Mem:24.72M (Peak 29.30M) | Time:00:00.26 | Mem:1.22M, Peak:1.22M | Scene, ViewLayer | Updating Geometry BVH Fetlock feather.002 52/85 | Building BVH
Fra:16 Mem:24.72M (Peak 29.30M) | Time:00:00.26 | Mem:1.22M, Peak:1.22M | Scene, ViewLayer | Updating Geometry BVH Fetlock feather.002 52/85 | Building mesh BLAS |      44 tris | Fetlock feather.002
Fra:16 Mem:24.72M (Peak 29.30M) | Time:00:00.26 | Mem:1.22M, Peak:1.22M | Scene, ViewLayer | Updating Geometry BVH Fetlock feather.003 53/85 | Building BVH
Fra:16 Mem:24.72M (Peak 29.30M) | Time:00:00.26 | Mem:1.22M, Peak:1.22M | Scene, ViewLayer | Updating Geometry BVH Fetlock feather.003 53/85 | Building mesh BLAS |      44 tris | Fetlock feather.003
Fra:16 Mem:24.72M (Peak 29.30M) | Time:00:00.26 | Mem:1.22M, Peak:1.22M | Scene, ViewLayer | Updating Geometry BVH Fetlock feather.004 54/85 | Building BVH
Fra:16 Mem:24.72M (Peak 29.30M) | Time:00:00.26 | Mem:1.22M, Peak:1.22M | Scene, ViewLayer | Updating Geometry BVH Fetlock feather.004 54/85 | Building mesh BLAS |      44 tris | Fetlock feather.004
Fra:16 Mem:24.72M (Peak 29.30M) | Time:00:00.26 | Mem:1.22M, Peak:1.22M | Scene, ViewLayer | Updating Geometry BVH Rainbow tail ribbon.003 74/85 | Building BVH
Fra:16 Mem:24.72M (Peak 29.30M) | Time:00:00.26 | Mem:1.22M, Peak:1.22M | Scene, ViewLayer | Updating Geometry BVH Rainbow tail ribbon.003 74/85 | Building mesh BLAS |      60 tris | Rainbow tail ribbon.003
Fra:16 Mem:24.72M (Peak 29.30M) | Time:00:00.26 | Mem:1.22M, Peak:1.22M | Scene, ViewLayer | Updating Geometry BVH Fetlock feather.005 55/85 | Building BVH
Fra:16 Mem:24.72M (Peak 29.30M) | Time:00:00.26 | Mem:1.22M, Peak:1.22M | Scene, ViewLayer | Updating Geometry BVH Fetlock feather.006 56/85 | Building BVH
Fra:16 Mem:24.72M (Peak 29.30M) | Time:00:00.26 | Mem:1.22M, Peak:1.22M | Scene, ViewLayer | Updating Geometry BVH Fetlock feather.006 56/85 | Building mesh BLAS |      44 tris | Fetlock feather.005
Fra:16 Mem:24.72M (Peak 29.30M) | Time:00:00.26 | Mem:1.22M, Peak:1.22M | Scene, ViewLayer | Updating Geometry BVH Fetlock feather.007 57/85 | Building BVH
Fra:16 Mem:24.72M (Peak 29.30M) | Time:00:00.26 | Mem:1.22M, Peak:1.22M | Scene, ViewLayer | Updating Geometry BVH Fetlock feather.008 58/85 | Building BVH
Fra:16 Mem:24.72M (Peak 29.30M) | Time:00:00.26 | Mem:1.22M, Peak:1.22M | Scene, ViewLayer | Updating Geometry BVH Fetlock feather.008 58/85 | Building mesh BLAS |      44 tris | Fetlock feather.007
Fra:16 Mem:24.72M (Peak 29.30M) | Time:00:00.26 | Mem:1.22M, Peak:1.22M | Scene, ViewLayer | Updating Geometry BVH Fetlock feather.008 58/85 | Building mesh BLAS |      44 tris | Fetlock feather.008
Fra:16 Mem:24.72M (Peak 29.30M) | Time:00:00.26 | Mem:1.22M, Peak:1.22M | Scene, ViewLayer | Updating Geometry BVH Fetlock feather.010 60/85 | Building BVH
Fra:16 Mem:24.72M (Peak 29.30M) | Time:00:00.26 | Mem:1.22M, Peak:1.22M | Scene, ViewLayer | Updating Geometry BVH Rainbow tail ribbon.002 73/85 | Building BVH
Fra:16 Mem:24.72M (Peak 29.30M) | Time:00:00.26 | Mem:1.22M, Peak:1.22M | Scene, ViewLayer | Updating Geometry BVH Rainbow tail ribbon.002 73/85 | Building mesh BLAS |      44 tris | Fetlock feather.010
Fra:16 Mem:24.72M (Peak 29.30M) | Time:00:00.26 | Mem:1.22M, Peak:1.22M | Scene, ViewLayer | Updating Geometry BVH Rainbow tail ribbon.002 73/85 | Building mesh BLAS |      44 tris | Fetlock feather.009
Fra:16 Mem:24.72M (Peak 29.30M) | Time:00:00.26 | Mem:1.22M, Peak:1.22M | Scene, ViewLayer | Updating Geometry BVH Fetlock feather.011 61/85 | Building BVH
Fra:16 Mem:24.72M (Peak 29.30M) | Time:00:00.26 | Mem:1.22M, Peak:1.22M | Scene, ViewLayer | Updating Geometry BVH Fetlock feather.011 61/85 | Building mesh BLAS |      60 tris | Rainbow tail ribbon.002
Fra:16 Mem:24.72M (Peak 29.30M) | Time:00:00.26 | Mem:1.22M, Peak:1.22M | Scene, ViewLayer | Updating Geometry BVH Fetlock feather.012 62/85 | Building BVH
Fra:16 Mem:24.72M (Peak 29.30M) | Time:00:00.26 | Mem:1.22M, Peak:1.22M | Scene, ViewLayer | Updating Geometry BVH Fetlock feather.012 62/85 | Building mesh BLAS |      44 tris | Fetlock feather.012
Fra:16 Mem:24.72M (Peak 29.30M) | Time:00:00.26 | Mem:1.22M, Peak:1.22M | Scene, ViewLayer | Updating Geometry BVH Fetlock feather.013 63/85 | Building BVH
Fra:16 Mem:24.72M (Peak 29.30M) | Time:00:00.26 | Mem:1.22M, Peak:1.22M | Scene, ViewLayer | Updating Geometry BVH Fetlock feather.013 63/85 | Building mesh BLAS |      44 tris | Fetlock feather.011
Fra:16 Mem:24.72M (Peak 29.30M) | Time:00:00.26 | Mem:1.22M, Peak:1.22M | Scene, ViewLayer | Updating Geometry BVH Fetlock feather.013 63/85 | Building mesh BLAS |      44 tris | Fetlock feather.013
Fra:16 Mem:24.72M (Peak 29.30M) | Time:00:00.26 | Mem:1.22M, Peak:1.22M | Scene, ViewLayer | Updating Geometry BVH Fetlock feather.014 64/85 | Building BVH
Fra:16 Mem:24.72M (Peak 29.30M) | Time:00:00.26 | Mem:1.22M, Peak:1.22M | Scene, ViewLayer | Updating Geometry BVH Fetlock feather.014 64/85 | Building mesh BLAS |      44 tris | Fetlock feather.014
Fra:16 Mem:24.72M (Peak 29.30M) | Time:00:00.26 | Mem:1.22M, Peak:1.22M | Scene, ViewLayer | Updating Geometry BVH Fetlock feather.015 65/85 | Building BVH
Fra:16 Mem:24.72M (Peak 29.30M) | Time:00:00.26 | Mem:1.22M, Peak:1.22M | Scene, ViewLayer | Updating Geometry BVH Fetlock feather.016 66/85 | Building BVH
Fra:16 Mem:24.72M (Peak 29.30M) | Time:00:00.26 | Mem:1.22M, Peak:1.22M | Scene, ViewLayer | Updating Geometry BVH Fetlock feather.016 66/85 | Building mesh BLAS |      44 tris | Fetlock feather.015
Fra:16 Mem:24.72M (Peak 29.30M) | Time:00:00.26 | Mem:1.22M, Peak:1.22M | Scene, ViewLayer | Updating Geometry BVH Fetlock feather.016 66/85 | Building mesh BLAS |      44 tris | Fetlock feather.016
Fra:16 Mem:24.72M (Peak 29.30M) | Time:00:00.26 | Mem:1.22M, Peak:1.22M | Scene, ViewLayer | Updating Geometry BVH Fetlock feather.017 67/85 | Building BVH
Fra:16 Mem:24.72M (Peak 29.30M) | Time:00:00.26 | Mem:1.22M, Peak:1.22M | Scene, ViewLayer | Updating Geometry BVH Fetlock feather.017 67/85 | Building mesh BLAS |      44 tris | Fetlock feather.017
Fra:16 Mem:24.72M (Peak 29.30M) | Time:00:00.26 | Mem:1.22M, Peak:1.22M | Scene, ViewLayer | Updating Geometry BVH Rainbow tail ribbon.001 72/85 | Building BVH
Fra:16 Mem:24.72M (Peak 29.30M) | Time:00:00.26 | Mem:1.22M, Peak:1.22M | Scene, ViewLayer | Updating Geometry BVH Rainbow tail ribbon.001 72/85 | Building mesh BLAS |      60 tris | Rainbow tail ribbon.001
Fra:16 Mem:24.72M (Peak 29.30M) | Time:00:00.26 | Mem:1.22M, Peak:1.22M | Scene, ViewLayer | Updating Geometry BVH Fetlock feather.018 68/85 | Building BVH
Fra:16 Mem:24.72M (Peak 29.30M) | Time:00:00.26 | Mem:1.22M, Peak:1.22M | Scene, ViewLayer | Updating Geometry BVH Fetlock feather.018 68/85 | Building mesh BLAS |      44 tris | Fetlock feather.018
Fra:16 Mem:24.72M (Peak 29.30M) | Time:00:00.26 | Mem:1.22M, Peak:1.22M | Scene, ViewLayer | Updating Geometry BVH Fetlock feather.019 69/85 | Building BVH
Fra:16 Mem:24.72M (Peak 29.30M) | Time:00:00.26 | Mem:1.22M, Peak:1.22M | Scene, ViewLayer | Updating Geometry BVH Fetlock feather.019 69/85 | Building mesh BLAS |      44 tris | Fetlock feather.019
Fra:16 Mem:24.72M (Peak 29.30M) | Time:00:00.27 | Mem:1.22M, Peak:1.22M | Scene, ViewLayer | Updating Geometry BVH Rainbow tail ribbon 71/85 | Building BVH
Fra:16 Mem:24.72M (Peak 29.30M) | Time:00:00.27 | Mem:1.22M, Peak:1.22M | Scene, ViewLayer | Updating Geometry BVH Articulated tail 70/85 | Building BVH
Fra:16 Mem:24.72M (Peak 29.30M) | Time:00:00.27 | Mem:1.22M, Peak:1.22M | Scene, ViewLayer | Updating Geometry BVH Articulated tail 70/85 | Building mesh BLAS |      60 tris | Rainbow tail ribbon
Fra:16 Mem:24.72M (Peak 29.30M) | Time:00:00.27 | Mem:1.22M, Peak:1.22M | Scene, ViewLayer | Updating Geometry BVH Articulated tail 70/85 | Building mesh BLAS |     268 tris | Articulated tail
Fra:16 Mem:24.72M (Peak 29.30M) | Time:00:00.27 | Mem:1.22M, Peak:1.22M | Scene, ViewLayer | Updating Scene BVH | Building
Fra:16 Mem:24.72M (Peak 29.30M) | Time:00:00.29 | Mem:2.07M, Peak:2.07M | Scene, ViewLayer | Updating Scene BVH | Building TLAS      |      85 instances
Fra:16 Mem:24.72M (Peak 29.30M) | Time:00:00.29 | Mem:2.10M, Peak:2.10M | Scene, ViewLayer | Updating Scene BVH | Copying BVH to device
Fra:16 Mem:24.72M (Peak 29.30M) | Time:00:00.29 | Mem:2.10M, Peak:2.10M | Scene, ViewLayer | Updating Mesh | Computing normals
Fra:16 Mem:25.19M (Peak 29.30M) | Time:00:00.29 | Mem:2.10M, Peak:2.10M | Scene, ViewLayer | Updating Mesh | Copying Mesh to device
Fra:16 Mem:24.72M (Peak 29.30M) | Time:00:00.29 | Mem:2.60M, Peak:2.60M | Scene, ViewLayer | Updating Objects Flags
Fra:16 Mem:24.72M (Peak 29.30M) | Time:00:00.29 | Mem:2.60M, Peak:2.60M | Scene, ViewLayer | Updating Primitive Offsets
Fra:16 Mem:24.72M (Peak 29.30M) | Time:00:00.29 | Mem:2.61M, Peak:2.61M | Scene, ViewLayer | Updating Images
Fra:16 Mem:24.72M (Peak 29.30M) | Time:00:00.29 | Mem:2.61M, Peak:2.61M | Scene, ViewLayer | Updating Camera Volume
Fra:16 Mem:24.72M (Peak 29.30M) | Time:00:00.29 | Mem:2.61M, Peak:2.61M | Scene, ViewLayer | Updating Lookup Tables
Fra:16 Mem:24.64M (Peak 29.30M) | Time:00:00.29 | Mem:2.70M, Peak:2.70M | Scene, ViewLayer | Updating Lights
Fra:16 Mem:24.64M (Peak 29.30M) | Time:00:00.29 | Mem:2.70M, Peak:2.70M | Scene, ViewLayer | Updating Lights | Computing tree
Fra:16 Mem:24.64M (Peak 29.30M) | Time:00:00.29 | Mem:2.70M, Peak:2.70M | Scene, ViewLayer | Updating Integrator
Fra:16 Mem:24.64M (Peak 29.30M) | Time:00:00.29 | Mem:2.70M, Peak:2.70M | Scene, ViewLayer | Updating Film
Fra:16 Mem:24.72M (Peak 29.30M) | Time:00:00.29 | Mem:2.61M, Peak:2.70M | Scene, ViewLayer | Updating Lookup Tables
Fra:16 Mem:24.64M (Peak 29.30M) | Time:00:00.29 | Mem:2.70M, Peak:2.70M | Scene, ViewLayer | Updating Baking
Fra:16 Mem:24.64M (Peak 29.30M) | Time:00:00.29 | Mem:2.70M, Peak:2.70M | Scene, ViewLayer | Updating Device | Writing constant memory
Fra:16 Mem:24.64M (Peak 29.30M) | Time:00:00.33 | Mem:2.70M, Peak:2.70M | Scene, ViewLayer | Loading denoising kernels (may take a few minutes the first time)
Fra:16 Mem:24.64M (Peak 56.64M) | Time:00:00.34 | Mem:2818.71M, Peak:2818.71M | Scene, ViewLayer | Sample 0/12 (Using optimized kernels)
Fra:16 Mem:24.63M (Peak 60.15M) | Time:00:00.58 | Remaining:00:02.69 | Mem:2854.26M, Peak:2854.26M | Scene, ViewLayer | Sample 1/12 (Using optimized kernels)
Fra:16 Mem:39.59M (Peak 62.02M) | Time:00:05.23 | Mem:2854.26M, Peak:2854.26M | Scene, ViewLayer | Sample 12/12 (Using optimized kernels)
Fra:16 Mem:39.59M (Peak 62.02M) | Time:00:05.23 | Mem:2854.26M, Peak:2854.26M | Scene, ViewLayer | Finished
Saved: '/Users/chikumatsuboi/Code/animal-racers-western/assets/source/western/qa/form-cycle-3/after/unicorn-celebrate-16.png'
Time: 00:05.37 (Saving: 00:00.08)

Fra:1 Mem:27.91M (Peak 27.91M) | Time:00:00.01 | Mem:0.02M, Peak:0.02M | Scene, ViewLayer | Synchronizing object | Body • continuous sculpted skin
Fra:1 Mem:27.92M (Peak 27.92M) | Time:00:00.01 | Mem:0.02M, Peak:0.02M | Scene, ViewLayer | Synchronizing object | Hoof cleft
Fra:1 Mem:27.96M (Peak 27.96M) | Time:00:00.01 | Mem:0.02M, Peak:0.02M | Scene, ViewLayer | Synchronizing object | Bronzed hoof.001
Fra:1 Mem:28.17M (Peak 28.17M) | Time:00:00.01 | Mem:0.02M, Peak:0.02M | Scene, ViewLayer | Synchronizing object | Hoof cleft.001
Fra:1 Mem:28.17M (Peak 28.17M) | Time:00:00.01 | Mem:0.02M, Peak:0.02M | Scene, ViewLayer | Synchronizing object | Bronzed hoof.002
Fra:1 Mem:28.18M (Peak 28.18M) | Time:00:00.01 | Mem:0.02M, Peak:0.02M | Scene, ViewLayer | Synchronizing object | Bronzed hoof.003
Fra:1 Mem:28.19M (Peak 28.19M) | Time:00:00.01 | Mem:0.02M, Peak:0.02M | Scene, ViewLayer | Synchronizing object | Hoof cleft.003
Fra:1 Mem:28.19M (Peak 28.19M) | Time:00:00.01 | Mem:0.02M, Peak:0.02M | Scene, ViewLayer | Synchronizing object | Head • species sculpt
Fra:1 Mem:28.20M (Peak 28.20M) | Time:00:00.01 | Mem:0.02M, Peak:0.02M | Scene, ViewLayer | Synchronizing object | Velvet muzzle
Fra:1 Mem:28.23M (Peak 28.23M) | Time:00:00.01 | Mem:0.02M, Peak:0.02M | Scene, ViewLayer | Synchronizing object | Nostril
Fra:1 Mem:28.38M (Peak 28.38M) | Time:00:00.01 | Mem:0.02M, Peak:0.02M | Scene, ViewLayer | Synchronizing object | Nostril.001
Fra:1 Mem:28.47M (Peak 28.47M) | Time:00:00.01 | Mem:0.02M, Peak:0.02M | Scene, ViewLayer | Synchronizing object | Eye socket
Fra:1 Mem:28.61M (Peak 28.61M) | Time:00:00.01 | Mem:0.02M, Peak:0.02M | Scene, ViewLayer | Synchronizing object | Ivory eye
Fra:1 Mem:28.67M (Peak 28.67M) | Time:00:00.01 | Mem:0.02M, Peak:0.02M | Scene, ViewLayer | Synchronizing object | Iris
Fra:1 Mem:28.70M (Peak 28.70M) | Time:00:00.01 | Mem:0.02M, Peak:0.02M | Scene, ViewLayer | Synchronizing object | Pupil
Fra:1 Mem:28.71M (Peak 28.71M) | Time:00:00.01 | Mem:0.02M, Peak:0.02M | Scene, ViewLayer | Synchronizing object | Warm rim
Fra:1 Mem:28.73M (Peak 28.73M) | Time:00:00.01 | Mem:0.02M, Peak:0.02M | Scene, ViewLayer | Synchronizing object | Expressive brow
Fra:1 Mem:28.73M (Peak 28.73M) | Time:00:00.01 | Mem:0.02M, Peak:0.02M | Scene, ViewLayer | Synchronizing object | Smiling mouth
Fra:1 Mem:28.85M (Peak 28.85M) | Time:00:00.01 | Mem:0.02M, Peak:0.02M | Scene, ViewLayer | Synchronizing object | Eye socket.001
Fra:1 Mem:28.85M (Peak 28.85M) | Time:00:00.01 | Mem:0.02M, Peak:0.02M | Scene, ViewLayer | Synchronizing object | Iris.001
Fra:1 Mem:28.92M (Peak 28.92M) | Time:00:00.01 | Mem:0.02M, Peak:0.02M | Scene, ViewLayer | Synchronizing object | Pupil.001
Fra:1 Mem:28.96M (Peak 28.96M) | Time:00:00.01 | Mem:0.02M, Peak:0.02M | Scene, ViewLayer | Synchronizing object | Eye glint.001
Fra:1 Mem:28.99M (Peak 28.99M) | Time:00:00.01 | Mem:0.02M, Peak:0.02M | Scene, ViewLayer | Synchronizing object | Smiling mouth.001
Fra:1 Mem:28.99M (Peak 28.99M) | Time:00:00.01 | Mem:0.02M, Peak:0.02M | Scene, ViewLayer | Synchronizing object | Pointed species ear
Fra:1 Mem:29.00M (Peak 29.00M) | Time:00:00.01 | Mem:0.02M, Peak:0.02M | Scene, ViewLayer | Synchronizing object | Pointed species ear.001
Fra:1 Mem:29.00M (Peak 29.00M) | Time:00:00.01 | Mem:0.02M, Peak:0.02M | Scene, ViewLayer | Synchronizing object | Inner ear.001
Fra:1 Mem:29.00M (Peak 29.00M) | Time:00:00.01 | Mem:0.02M, Peak:0.02M | Scene, ViewLayer | Synchronizing object | Ribbon mane
Fra:1 Mem:29.00M (Peak 29.00M) | Time:00:00.01 | Mem:0.02M, Peak:0.02M | Scene, ViewLayer | Synchronizing object | Sunset key
Fra:1 Mem:29.00M (Peak 29.00M) | Time:00:00.01 | Mem:0.02M, Peak:0.02M | Scene, ViewLayer | Synchronizing object | Plane
Fra:1 Mem:29.00M (Peak 29.00M) | Time:00:00.01 | Mem:0.02M, Peak:0.02M | Scene, ViewLayer | Synchronizing object | Raised elemental crest
Fra:1 Mem:29.00M (Peak 29.00M) | Time:00:00.01 | Mem:0.02M, Peak:0.02M | Scene, ViewLayer | Synchronizing object | Rainbow swept forelock.001
Fra:1 Mem:29.01M (Peak 29.01M) | Time:00:00.01 | Mem:0.02M, Peak:0.02M | Scene, ViewLayer | Synchronizing object | Brass crest clasp
Fra:1 Mem:29.01M (Peak 29.01M) | Time:00:00.01 | Mem:0.02M, Peak:0.02M | Scene, ViewLayer | Synchronizing object | Ribbon mane.001
Fra:1 Mem:29.05M (Peak 29.05M) | Time:00:00.01 | Mem:0.02M, Peak:0.02M | Scene, ViewLayer | Synchronizing object | Rainbow swept forelock.002
Fra:1 Mem:29.05M (Peak 29.05M) | Time:00:00.01 | Mem:0.02M, Peak:0.02M | Scene, ViewLayer | Synchronizing object | Ribbon mane.002
Fra:1 Mem:29.06M (Peak 29.06M) | Time:00:00.01 | Mem:0.02M, Peak:0.02M | Scene, ViewLayer | Synchronizing object | Ribbon mane.003
Fra:1 Mem:29.06M (Peak 29.06M) | Time:00:00.01 | Mem:0.02M, Peak:0.02M | Scene, ViewLayer | Synchronizing object | Rainbow swept forelock.004
Fra:1 Mem:29.06M (Peak 29.06M) | Time:00:00.01 | Mem:0.02M, Peak:0.02M | Scene, ViewLayer | Synchronizing object | Rainbow swept forelock.005
Fra:1 Mem:29.07M (Peak 29.07M) | Time:00:00.01 | Mem:0.02M, Peak:0.02M | Scene, ViewLayer | Synchronizing object | Ribbon mane.005
Fra:1 Mem:29.07M (Peak 29.07M) | Time:00:00.01 | Mem:0.02M, Peak:0.02M | Scene, ViewLayer | Synchronizing object | Rainbow swept forelock.006
Fra:1 Mem:29.08M (Peak 29.08M) | Time:00:00.01 | Mem:0.02M, Peak:0.02M | Scene, ViewLayer | Synchronizing object | Ribbon mane.006
Fra:1 Mem:29.08M (Peak 29.08M) | Time:00:00.01 | Mem:0.02M, Peak:0.02M | Scene, ViewLayer | Synchronizing object | Horn spiral ridge
Fra:1 Mem:29.11M (Peak 29.11M) | Time:00:00.01 | Mem:0.02M, Peak:0.02M | Scene, ViewLayer | Synchronizing object | Fetlock feather
Fra:1 Mem:29.11M (Peak 29.11M) | Time:00:00.01 | Mem:0.02M, Peak:0.02M | Scene, ViewLayer | Synchronizing object | Fetlock feather.001
Fra:1 Mem:29.17M (Peak 29.17M) | Time:00:00.01 | Mem:0.02M, Peak:0.02M | Scene, ViewLayer | Synchronizing object | Fetlock feather.003
Fra:1 Mem:29.19M (Peak 29.19M) | Time:00:00.01 | Mem:0.02M, Peak:0.02M | Scene, ViewLayer | Synchronizing object | Fetlock feather.005
Fra:1 Mem:29.20M (Peak 29.20M) | Time:00:00.01 | Mem:0.02M, Peak:0.02M | Scene, ViewLayer | Synchronizing object | Fetlock feather.007
Fra:1 Mem:29.19M (Peak 29.20M) | Time:00:00.01 | Mem:0.02M, Peak:0.02M | Scene, ViewLayer | Synchronizing object | Fetlock feather.009
Fra:1 Mem:29.19M (Peak 29.20M) | Time:00:00.01 | Mem:0.02M, Peak:0.02M | Scene, ViewLayer | Synchronizing object | Fetlock feather.010
Fra:1 Mem:29.19M (Peak 29.20M) | Time:00:00.01 | Mem:0.02M, Peak:0.02M | Scene, ViewLayer | Synchronizing object | Leather neckerchief roll
Fra:1 Mem:29.20M (Peak 29.20M) | Time:00:00.01 | Mem:0.02M, Peak:0.02M | Scene, ViewLayer | Synchronizing object | Rainbow tail ribbon.006
Fra:1 Mem:29.20M (Peak 29.20M) | Time:00:00.01 | Mem:0.02M, Peak:0.02M | Scene, ViewLayer | Synchronizing object | Fetlock feather.011
Fra:1 Mem:29.21M (Peak 29.21M) | Time:00:00.01 | Mem:0.02M, Peak:0.02M | Scene, ViewLayer | Synchronizing object | Fetlock feather.012
Fra:1 Mem:29.21M (Peak 29.21M) | Time:00:00.01 | Mem:0.02M, Peak:0.02M | Scene, ViewLayer | Synchronizing object | Fetlock feather.013
Fra:1 Mem:29.21M (Peak 29.21M) | Time:00:00.01 | Mem:0.02M, Peak:0.02M | Scene, ViewLayer | Synchronizing object | Fetlock feather.014
Fra:1 Mem:29.22M (Peak 29.22M) | Time:00:00.01 | Mem:0.02M, Peak:0.02M | Scene, ViewLayer | Synchronizing object | Fetlock feather.015
Fra:1 Mem:29.22M (Peak 29.22M) | Time:00:00.01 | Mem:0.02M, Peak:0.02M | Scene, ViewLayer | Synchronizing object | Fetlock feather.017
Fra:1 Mem:29.23M (Peak 29.23M) | Time:00:00.01 | Mem:0.02M, Peak:0.02M | Scene, ViewLayer | Synchronizing object | Fetlock feather.018
Fra:1 Mem:29.23M (Peak 29.23M) | Time:00:00.01 | Mem:0.02M, Peak:0.02M | Scene, ViewLayer | Synchronizing object | Rainbow tail ribbon.004
Fra:1 Mem:29.24M (Peak 29.24M) | Time:00:00.01 | Mem:0.02M, Peak:0.02M | Scene, ViewLayer | Synchronizing object | Fetlock feather.019
Fra:1 Mem:29.24M (Peak 29.24M) | Time:00:00.01 | Mem:0.02M, Peak:0.02M | Scene, ViewLayer | Synchronizing object | Articulated tail
Fra:1 Mem:29.25M (Peak 29.25M) | Time:00:00.01 | Mem:0.02M, Peak:0.02M | Scene, ViewLayer | Synchronizing object | Rainbow tail ribbon
Fra:1 Mem:29.27M (Peak 29.27M) | Time:00:00.01 | Mem:0.02M, Peak:0.02M | Scene, ViewLayer | Synchronizing object | Rainbow tail ribbon.001
Fra:1 Mem:29.28M (Peak 29.28M) | Time:00:00.01 | Mem:0.02M, Peak:0.02M | Scene, ViewLayer | Synchronizing object | Rainbow tail ribbon.003
Fra:1 Mem:29.29M (Peak 29.29M) | Time:00:00.01 | Mem:0.02M, Peak:0.02M | Scene, ViewLayer | Synchronizing object | Rainbow tail ribbon.002
Fra:1 Mem:29.30M (Peak 29.30M) | Time:00:00.01 | Mem:0.02M, Peak:0.02M | Scene, ViewLayer | Initializing
Fra:1 Mem:27.89M (Peak 29.30M) | Time:00:00.01 | Mem:0.02M, Peak:0.02M | Scene, ViewLayer | Updating Images | Loading Authored short-fur normal
Fra:1 Mem:24.04M (Peak 29.30M) | Time:00:00.02 | Mem:0.27M, Peak:0.27M | Scene, ViewLayer | Waiting for render to start
Fra:1 Mem:24.04M (Peak 29.30M) | Time:00:00.02 | Mem:0.27M, Peak:0.27M | Scene, ViewLayer | Updating Scene
Fra:1 Mem:24.04M (Peak 29.30M) | Time:00:00.02 | Mem:0.27M, Peak:0.27M | Scene, ViewLayer | Updating Shaders
Fra:1 Mem:24.04M (Peak 29.30M) | Time:00:00.02 | Mem:0.27M, Peak:0.27M | Scene, ViewLayer | Loading render kernels (may take a few minutes the first time)
Fra:1 Mem:24.12M (Peak 29.30M) | Time:00:00.10 | Mem:0.29M, Peak:0.29M | Scene, ViewLayer | Updating Procedurals
Fra:1 Mem:24.12M (Peak 29.30M) | Time:00:00.10 | Mem:0.29M, Peak:0.29M | Scene, ViewLayer | Updating Background
Fra:1 Mem:24.12M (Peak 29.30M) | Time:00:00.10 | Mem:0.29M, Peak:0.29M | Scene, ViewLayer | Updating Camera
Fra:1 Mem:24.12M (Peak 29.30M) | Time:00:00.10 | Mem:0.29M, Peak:0.29M | Scene, ViewLayer | Updating Meshes Flags
Fra:1 Mem:24.12M (Peak 29.30M) | Time:00:00.10 | Mem:0.29M, Peak:0.29M | Scene, ViewLayer | Updating Objects
Fra:1 Mem:24.12M (Peak 29.30M) | Time:00:00.10 | Mem:0.29M, Peak:0.29M | Scene, ViewLayer | Updating Objects | Copying Transformations to device
Fra:1 Mem:24.12M (Peak 29.30M) | Time:00:00.10 | Mem:0.32M, Peak:0.32M | Scene, ViewLayer | Updating Particle Systems
Fra:1 Mem:24.12M (Peak 29.30M) | Time:00:00.10 | Mem:0.32M, Peak:0.32M | Scene, ViewLayer | Updating Particle Systems | Copying Particles to device
Fra:1 Mem:24.12M (Peak 29.30M) | Time:00:00.10 | Mem:0.32M, Peak:0.32M | Scene, ViewLayer | Updating Meshes
Fra:1 Mem:24.71M (Peak 29.30M) | Time:00:00.10 | Mem:0.32M, Peak:0.32M | Scene, ViewLayer | Updating Objects | Applying Static Transformations
Fra:1 Mem:24.71M (Peak 29.30M) | Time:00:00.10 | Mem:0.32M, Peak:0.32M | Scene, ViewLayer | Updating Mesh | Computing attributes
Fra:1 Mem:25.57M (Peak 29.30M) | Time:00:00.11 | Mem:0.33M, Peak:0.33M | Scene, ViewLayer | Updating Mesh | Copying Attributes to device
Fra:1 Mem:24.71M (Peak 29.30M) | Time:00:00.27 | Mem:1.22M, Peak:1.22M | Scene, ViewLayer | Updating Geometry BVH Hoof cleft 4/83 | Building BVH
Fra:1 Mem:24.71M (Peak 29.30M) | Time:00:00.27 | Mem:1.22M, Peak:1.22M | Scene, ViewLayer | Updating Geometry BVH Bronzed hoof 3/78 | Building BVH
Fra:1 Mem:24.71M (Peak 29.30M) | Time:00:00.27 | Mem:1.22M, Peak:1.22M | Scene, ViewLayer | Updating Geometry BVH Warm rim 85/85 | Building BVH
Fra:1 Mem:24.71M (Peak 29.30M) | Time:00:00.27 | Mem:1.22M, Peak:1.22M | Scene, ViewLayer | Updating Geometry BVH Warm rim 85/85 | Building mesh BLAS |      44 tris | Hoof cleft
Fra:1 Mem:24.71M (Peak 29.30M) | Time:00:00.27 | Mem:1.22M, Peak:1.22M | Scene, ViewLayer | Updating Geometry BVH Warm rim 85/85 | Building mesh BLAS |      44 tris | Hoof cleft.001
Fra:1 Mem:24.71M (Peak 29.30M) | Time:00:00.27 | Mem:1.22M, Peak:1.22M | Scene, ViewLayer | Updating Geometry BVH Warm rim 85/85 | Building mesh BLAS |      92 tris | Bronzed hoof.001
Fra:1 Mem:24.71M (Peak 29.30M) | Time:00:00.27 | Mem:1.22M, Peak:1.22M | Scene, ViewLayer | Updating Geometry BVH Warm rim 85/85 | Building mesh BLAS |    4170 tris | ribcage
Fra:1 Mem:24.71M (Peak 29.30M) | Time:00:00.27 | Mem:1.22M, Peak:1.22M | Scene, ViewLayer | Updating Geometry BVH Sky fill 84/85 | Building BVH
Fra:1 Mem:24.71M (Peak 29.30M) | Time:00:00.27 | Mem:1.22M, Peak:1.22M | Scene, ViewLayer | Updating Geometry BVH Sunset key 83/85 | Building BVH
Fra:1 Mem:24.71M (Peak 29.30M) | Time:00:00.27 | Mem:1.22M, Peak:1.22M | Scene, ViewLayer | Updating Geometry BVH Plane 82/85 | Building BVH
Fra:1 Mem:24.71M (Peak 29.30M) | Time:00:00.27 | Mem:1.22M, Peak:1.22M | Scene, ViewLayer | Updating Geometry BVH Plane 82/85 | Building mesh BLAS |       2 tris | Plane
Fra:1 Mem:24.71M (Peak 29.30M) | Time:00:00.27 | Mem:1.22M, Peak:1.22M | Scene, ViewLayer | Updating Geometry BVH Plane 82/85 | Building mesh BLAS |      92 tris | Bronzed hoof.002
Fra:1 Mem:24.71M (Peak 29.30M) | Time:00:00.27 | Mem:1.22M, Peak:1.22M | Scene, ViewLayer | Updating Geometry BVH Bronzed hoof.003 9/85 | Building BVH
Fra:1 Mem:24.72M (Peak 29.30M) | Time:00:00.27 | Mem:1.22M, Peak:1.22M | Scene, ViewLayer | Updating Geometry BVH Bronzed hoof.003 9/85 | Building mesh BLAS |      92 tris | Bronzed hoof.003
Fra:1 Mem:24.72M (Peak 29.30M) | Time:00:00.27 | Mem:1.22M, Peak:1.22M | Scene, ViewLayer | Updating Geometry BVH Raised elemental crest 81/85 | Building BVH
Fra:1 Mem:24.72M (Peak 29.30M) | Time:00:00.27 | Mem:1.22M, Peak:1.22M | Scene, ViewLayer | Updating Geometry BVH Raised elemental crest 81/85 | Building mesh BLAS |      46 tris | Raised elemental crest
Fra:1 Mem:24.72M (Peak 29.30M) | Time:00:00.27 | Mem:1.22M, Peak:1.22M | Scene, ViewLayer | Updating Geometry BVH Hoof cleft.003 10/85 | Building BVH
Fra:1 Mem:24.72M (Peak 29.30M) | Time:00:00.27 | Mem:1.22M, Peak:1.22M | Scene, ViewLayer | Updating Geometry BVH Skull 11/85 | Building mesh BLAS |      44 tris | Hoof cleft.003
Fra:1 Mem:24.72M (Peak 29.30M) | Time:00:00.27 | Mem:1.22M, Peak:1.22M | Scene, ViewLayer | Updating Geometry BVH Velvet muzzle 12/85 | Building BVH
Fra:1 Mem:24.72M (Peak 29.30M) | Time:00:00.27 | Mem:1.22M, Peak:1.22M | Scene, ViewLayer | Updating Geometry BVH Velvet muzzle 12/85 | Building mesh BLAS |     480 tris | Velvet muzzle
Fra:1 Mem:24.72M (Peak 29.30M) | Time:00:00.27 | Mem:1.22M, Peak:1.22M | Scene, ViewLayer | Updating Geometry BVH Nostril 13/85 | Building BVH
Fra:1 Mem:24.72M (Peak 29.30M) | Time:00:00.27 | Mem:1.22M, Peak:1.22M | Scene, ViewLayer | Updating Geometry BVH Nostril 13/85 | Building mesh BLAS |     320 tris | Nostril
Fra:1 Mem:24.72M (Peak 29.30M) | Time:00:00.27 | Mem:1.22M, Peak:1.22M | Scene, ViewLayer | Updating Geometry BVH Eye socket 15/85 | Building BVH
Fra:1 Mem:24.72M (Peak 29.30M) | Time:00:00.27 | Mem:1.22M, Peak:1.22M | Scene, ViewLayer | Updating Geometry BVH Eye socket 15/85 | Building mesh BLAS |     480 tris | Eye socket
Fra:1 Mem:24.72M (Peak 29.30M) | Time:00:00.27 | Mem:1.22M, Peak:1.22M | Scene, ViewLayer | Updating Geometry BVH Ivory eye 16/85 | Building BVH
Fra:1 Mem:24.72M (Peak 29.30M) | Time:00:00.27 | Mem:1.22M, Peak:1.22M | Scene, ViewLayer | Updating Geometry BVH Ivory eye 16/85 | Building mesh BLAS |    3088 tris | Skull
Fra:1 Mem:24.72M (Peak 29.30M) | Time:00:00.27 | Mem:1.22M, Peak:1.22M | Scene, ViewLayer | Updating Geometry BVH Iris 17/85 | Building mesh BLAS |     480 tris | Ivory eye
Fra:1 Mem:24.72M (Peak 29.30M) | Time:00:00.27 | Mem:1.22M, Peak:1.22M | Scene, ViewLayer | Updating Geometry BVH Pupil 18/85 | Building BVH
Fra:1 Mem:24.72M (Peak 29.30M) | Time:00:00.27 | Mem:1.22M, Peak:1.22M | Scene, ViewLayer | Updating Geometry BVH Eye glint 19/85 | Building BVH
Fra:1 Mem:24.72M (Peak 29.30M) | Time:00:00.27 | Mem:1.22M, Peak:1.22M | Scene, ViewLayer | Updating Geometry BVH Eye glint 19/85 | Building mesh BLAS |     192 tris | Eye glint
Fra:1 Mem:24.72M (Peak 29.30M) | Time:00:00.27 | Mem:1.22M, Peak:1.22M | Scene, ViewLayer | Updating Geometry BVH Brass crest clasp 80/85 | Building BVH
Fra:1 Mem:24.72M (Peak 29.30M) | Time:00:00.27 | Mem:1.22M, Peak:1.22M | Scene, ViewLayer | Updating Geometry BVH Brass crest clasp 80/85 | Building mesh BLAS |     320 tris | Brass crest clasp
Fra:1 Mem:24.72M (Peak 29.30M) | Time:00:00.27 | Mem:1.22M, Peak:1.22M | Scene, ViewLayer | Updating Geometry BVH Expressive brow 20/85 | Building BVH
Fra:1 Mem:24.72M (Peak 29.30M) | Time:00:00.27 | Mem:1.22M, Peak:1.22M | Scene, ViewLayer | Updating Geometry BVH Smiling mouth 21/85 | Building BVH
Fra:1 Mem:24.72M (Peak 29.30M) | Time:00:00.27 | Mem:1.22M, Peak:1.22M | Scene, ViewLayer | Updating Geometry BVH Smiling mouth 21/85 | Building mesh BLAS |      32 tris | Smiling mouth
Fra:1 Mem:24.72M (Peak 29.30M) | Time:00:00.27 | Mem:1.22M, Peak:1.22M | Scene, ViewLayer | Updating Geometry BVH Neckerchief folded point 79/85 | Building BVH
Fra:1 Mem:24.72M (Peak 29.30M) | Time:00:00.27 | Mem:1.22M, Peak:1.22M | Scene, ViewLayer | Updating Geometry BVH Neckerchief folded point 79/85 | Building mesh BLAS |       4 tris | Neckerchief folded point
Fra:1 Mem:24.72M (Peak 29.30M) | Time:00:00.27 | Mem:1.22M, Peak:1.22M | Scene, ViewLayer | Updating Geometry BVH Eye socket.001 22/85 | Building BVH
Fra:1 Mem:24.72M (Peak 29.30M) | Time:00:00.27 | Mem:1.22M, Peak:1.22M | Scene, ViewLayer | Updating Geometry BVH Eye socket.001 22/85 | Building mesh BLAS |     480 tris | Eye socket.001
Fra:1 Mem:24.72M (Peak 29.30M) | Time:00:00.27 | Mem:1.22M, Peak:1.22M | Scene, ViewLayer | Updating Geometry BVH Ivory eye.001 23/85 | Building BVH
Fra:1 Mem:24.72M (Peak 29.30M) | Time:00:00.27 | Mem:1.22M, Peak:1.22M | Scene, ViewLayer | Updating Geometry BVH Ivory eye.001 23/85 | Building mesh BLAS |     480 tris | Ivory eye.001
Fra:1 Mem:24.72M (Peak 29.30M) | Time:00:00.27 | Mem:1.22M, Peak:1.22M | Scene, ViewLayer | Updating Geometry BVH Iris.001 24/85 | Building BVH
Fra:1 Mem:24.72M (Peak 29.30M) | Time:00:00.27 | Mem:1.22M, Peak:1.22M | Scene, ViewLayer | Updating Geometry BVH Iris.001 24/85 | Building mesh BLAS |     480 tris | Iris.001
Fra:1 Mem:24.72M (Peak 29.30M) | Time:00:00.27 | Mem:1.22M, Peak:1.22M | Scene, ViewLayer | Updating Geometry BVH Iris.001 24/85 | Building mesh BLAS |      44 tris | Expressive brow
Fra:1 Mem:24.72M (Peak 29.30M) | Time:00:00.27 | Mem:1.22M, Peak:1.22M | Scene, ViewLayer | Updating Geometry BVH Pupil.001 25/85 | Building BVH
Fra:1 Mem:24.72M (Peak 29.30M) | Time:00:00.27 | Mem:1.22M, Peak:1.22M | Scene, ViewLayer | Updating Geometry BVH Pupil.001 25/85 | Building mesh BLAS |     320 tris | Pupil.001
Fra:1 Mem:24.72M (Peak 29.30M) | Time:00:00.27 | Mem:1.22M, Peak:1.22M | Scene, ViewLayer | Updating Geometry BVH Expressive brow.001 27/85 | Building BVH
Fra:1 Mem:24.72M (Peak 29.30M) | Time:00:00.27 | Mem:1.22M, Peak:1.22M | Scene, ViewLayer | Updating Geometry BVH Eye glint.001 26/85 | Building mesh BLAS |      44 tris | Expressive brow.001
Fra:1 Mem:24.72M (Peak 29.30M) | Time:00:00.27 | Mem:1.22M, Peak:1.22M | Scene, ViewLayer | Updating Geometry BVH Smiling mouth.001 28/85 | Building BVH
Fra:1 Mem:24.72M (Peak 29.30M) | Time:00:00.27 | Mem:1.22M, Peak:1.22M | Scene, ViewLayer | Updating Geometry BVH Smiling mouth.001 28/85 | Building mesh BLAS |      32 tris | Smiling mouth.001
Fra:1 Mem:24.72M (Peak 29.30M) | Time:00:00.27 | Mem:1.22M, Peak:1.22M | Scene, ViewLayer | Updating Geometry BVH Lower jaw 29/85 | Building BVH
Fra:1 Mem:24.72M (Peak 29.30M) | Time:00:00.27 | Mem:1.22M, Peak:1.22M | Scene, ViewLayer | Updating Geometry BVH Lower jaw 29/85 | Building mesh BLAS |     400 tris | Lower jaw
Fra:1 Mem:24.72M (Peak 29.30M) | Time:00:00.27 | Mem:1.22M, Peak:1.22M | Scene, ViewLayer | Updating Geometry BVH Pointed species ear 30/85 | Building BVH
Fra:1 Mem:24.72M (Peak 29.30M) | Time:00:00.27 | Mem:1.22M, Peak:1.22M | Scene, ViewLayer | Updating Geometry BVH Pointed species ear 30/85 | Building mesh BLAS |       6 tris | Pointed species ear
Fra:1 Mem:24.72M (Peak 29.30M) | Time:00:00.27 | Mem:1.22M, Peak:1.22M | Scene, ViewLayer | Updating Geometry BVH Leather neckerchief roll 78/85 | Building BVH
Fra:1 Mem:24.72M (Peak 29.30M) | Time:00:00.27 | Mem:1.22M, Peak:1.22M | Scene, ViewLayer | Updating Geometry BVH Leather neckerchief roll 78/85 | Building mesh BLAS |      76 tris | Leather neckerchief roll
Fra:1 Mem:24.72M (Peak 29.30M) | Time:00:00.27 | Mem:1.22M, Peak:1.22M | Scene, ViewLayer | Updating Geometry BVH Pointed species ear.001 32/85 | Building BVH
Fra:1 Mem:24.72M (Peak 29.30M) | Time:00:00.27 | Mem:1.22M, Peak:1.22M | Scene, ViewLayer | Updating Geometry BVH Pointed species ear.001 32/85 | Building mesh BLAS |       6 tris | Pointed species ear.001
Fra:1 Mem:24.72M (Peak 29.30M) | Time:00:00.27 | Mem:1.22M, Peak:1.22M | Scene, ViewLayer | Updating Geometry BVH Rainbow tail ribbon.006 77/85 | Building BVH
Fra:1 Mem:24.72M (Peak 29.30M) | Time:00:00.27 | Mem:1.22M, Peak:1.22M | Scene, ViewLayer | Updating Geometry BVH Rainbow tail ribbon.006 77/85 | Building mesh BLAS |      60 tris | Rainbow tail ribbon.006
Fra:1 Mem:24.72M (Peak 29.30M) | Time:00:00.27 | Mem:1.22M, Peak:1.22M | Scene, ViewLayer | Updating Geometry BVH Inner ear.001 33/85 | Building BVH
Fra:1 Mem:24.72M (Peak 29.30M) | Time:00:00.27 | Mem:1.22M, Peak:1.22M | Scene, ViewLayer | Updating Geometry BVH Inner ear.001 33/85 | Building mesh BLAS |       3 tris | Inner ear.001
Fra:1 Mem:24.72M (Peak 29.30M) | Time:00:00.27 | Mem:1.22M, Peak:1.22M | Scene, ViewLayer | Updating Geometry BVH Rainbow tail ribbon.005 76/85 | Building BVH
Fra:1 Mem:24.72M (Peak 29.30M) | Time:00:00.27 | Mem:1.22M, Peak:1.22M | Scene, ViewLayer | Updating Geometry BVH Rainbow tail ribbon.005 76/85 | Building mesh BLAS |      60 tris | Rainbow tail ribbon.005
Fra:1 Mem:24.72M (Peak 29.30M) | Time:00:00.27 | Mem:1.22M, Peak:1.22M | Scene, ViewLayer | Updating Geometry BVH Rainbow swept forelock 34/85 | Building BVH
Fra:1 Mem:24.72M (Peak 29.30M) | Time:00:00.27 | Mem:1.22M, Peak:1.22M | Scene, ViewLayer | Updating Geometry BVH Rainbow swept forelock 34/85 | Building mesh BLAS |      60 tris | Rainbow swept forelock
Fra:1 Mem:24.72M (Peak 29.30M) | Time:00:00.27 | Mem:1.22M, Peak:1.22M | Scene, ViewLayer | Updating Geometry BVH Rainbow tail ribbon.004 75/85 | Building BVH
Fra:1 Mem:24.72M (Peak 29.30M) | Time:00:00.27 | Mem:1.22M, Peak:1.22M | Scene, ViewLayer | Updating Geometry BVH Rainbow tail ribbon.004 75/85 | Building mesh BLAS |      60 tris | Rainbow tail ribbon.004
Fra:1 Mem:24.72M (Peak 29.30M) | Time:00:00.27 | Mem:1.22M, Peak:1.22M | Scene, ViewLayer | Updating Geometry BVH Ribbon mane 35/85 | Building BVH
Fra:1 Mem:24.72M (Peak 29.30M) | Time:00:00.27 | Mem:1.22M, Peak:1.22M | Scene, ViewLayer | Updating Geometry BVH Ribbon mane 35/85 | Building mesh BLAS |      60 tris | Ribbon mane
Fra:1 Mem:24.72M (Peak 29.30M) | Time:00:00.27 | Mem:1.22M, Peak:1.22M | Scene, ViewLayer | Updating Geometry BVH Rainbow swept forelock.001 36/85 | Building BVH
Fra:1 Mem:24.72M (Peak 29.30M) | Time:00:00.27 | Mem:1.22M, Peak:1.22M | Scene, ViewLayer | Updating Geometry BVH Ribbon mane.001 37/85 | Building BVH
Fra:1 Mem:24.72M (Peak 29.30M) | Time:00:00.27 | Mem:1.22M, Peak:1.22M | Scene, ViewLayer | Updating Geometry BVH Ribbon mane.001 37/85 | Building mesh BLAS |      60 tris | Ribbon mane.001
Fra:1 Mem:24.72M (Peak 29.30M) | Time:00:00.28 | Mem:1.22M, Peak:1.22M | Scene, ViewLayer | Updating Geometry BVH Ribbon mane.001 37/85 | Building mesh BLAS |      60 tris | Rainbow swept forelock.001
Fra:1 Mem:24.72M (Peak 29.30M) | Time:00:00.28 | Mem:1.22M, Peak:1.22M | Scene, ViewLayer | Updating Geometry BVH Rainbow swept forelock.002 38/85 | Building BVH
Fra:1 Mem:24.72M (Peak 29.30M) | Time:00:00.28 | Mem:1.22M, Peak:1.22M | Scene, ViewLayer | Updating Geometry BVH Rainbow swept forelock.002 38/85 | Building mesh BLAS |      60 tris | Rainbow swept forelock.002
Fra:1 Mem:24.72M (Peak 29.30M) | Time:00:00.28 | Mem:1.22M, Peak:1.22M | Scene, ViewLayer | Updating Geometry BVH Ribbon mane.002 39/85 | Building BVH
Fra:1 Mem:24.72M (Peak 29.30M) | Time:00:00.28 | Mem:1.22M, Peak:1.22M | Scene, ViewLayer | Updating Geometry BVH Ribbon mane.002 39/85 | Building mesh BLAS |      60 tris | Ribbon mane.002
Fra:1 Mem:24.72M (Peak 29.30M) | Time:00:00.28 | Mem:1.22M, Peak:1.22M | Scene, ViewLayer | Updating Geometry BVH Rainbow swept forelock.003 40/85 | Building BVH
Fra:1 Mem:24.72M (Peak 29.30M) | Time:00:00.28 | Mem:1.22M, Peak:1.22M | Scene, ViewLayer | Updating Geometry BVH Rainbow swept forelock.003 40/85 | Building mesh BLAS |      60 tris | Rainbow swept forelock.003
Fra:1 Mem:24.72M (Peak 29.30M) | Time:00:00.28 | Mem:1.22M, Peak:1.22M | Scene, ViewLayer | Updating Geometry BVH Rainbow swept forelock.003 40/85 | Building mesh BLAS |     192 tris | Eye glint.001
Fra:1 Mem:24.72M (Peak 29.30M) | Time:00:00.28 | Mem:1.22M, Peak:1.22M | Scene, ViewLayer | Updating Geometry BVH Rainbow swept forelock.003 40/85 | Building mesh BLAS |      60 tris | Rainbow tail ribbon.003
Fra:1 Mem:24.72M (Peak 29.30M) | Time:00:00.28 | Mem:1.22M, Peak:1.22M | Scene, ViewLayer | Updating Geometry BVH Ribbon mane.003 41/85 | Building BVH
Fra:1 Mem:24.72M (Peak 29.30M) | Time:00:00.28 | Mem:1.22M, Peak:1.22M | Scene, ViewLayer | Updating Geometry BVH Ribbon mane.003 41/85 | Building mesh BLAS |      60 tris | Ribbon mane.003
Fra:1 Mem:24.72M (Peak 29.30M) | Time:00:00.28 | Mem:1.22M, Peak:1.22M | Scene, ViewLayer | Updating Geometry BVH Rainbow swept forelock.004 42/85 | Building BVH
Fra:1 Mem:24.72M (Peak 29.30M) | Time:00:00.28 | Mem:1.22M, Peak:1.22M | Scene, ViewLayer | Updating Geometry BVH Rainbow tail ribbon.002 73/85 | Building BVH
Fra:1 Mem:24.72M (Peak 29.30M) | Time:00:00.28 | Mem:1.22M, Peak:1.22M | Scene, ViewLayer | Updating Geometry BVH Rainbow tail ribbon.002 73/85 | Building mesh BLAS |      60 tris | Rainbow tail ribbon.002
Fra:1 Mem:24.72M (Peak 29.30M) | Time:00:00.28 | Mem:1.22M, Peak:1.22M | Scene, ViewLayer | Updating Geometry BVH Ribbon mane.004 43/85 | Building BVH
Fra:1 Mem:24.72M (Peak 29.30M) | Time:00:00.28 | Mem:1.22M, Peak:1.22M | Scene, ViewLayer | Updating Geometry BVH Rainbow swept forelock.005 44/85 | Building BVH
Fra:1 Mem:24.72M (Peak 29.30M) | Time:00:00.28 | Mem:1.22M, Peak:1.22M | Scene, ViewLayer | Updating Geometry BVH Rainbow swept forelock.005 44/85 | Building mesh BLAS |      60 tris | Rainbow swept forelock.005
Fra:1 Mem:24.72M (Peak 29.30M) | Time:00:00.28 | Mem:1.22M, Peak:1.22M | Scene, ViewLayer | Updating Geometry BVH Rainbow swept forelock.006 46/85 | Building BVH
Fra:1 Mem:24.72M (Peak 29.30M) | Time:00:00.28 | Mem:1.22M, Peak:1.22M | Scene, ViewLayer | Updating Geometry BVH Rainbow swept forelock.006 46/85 | Building mesh BLAS |      60 tris | Rainbow swept forelock.006
Fra:1 Mem:24.72M (Peak 29.30M) | Time:00:00.28 | Mem:1.22M, Peak:1.22M | Scene, ViewLayer | Updating Geometry BVH Rainbow tail ribbon.001 72/85 | Building BVH
Fra:1 Mem:24.72M (Peak 29.30M) | Time:00:00.28 | Mem:1.22M, Peak:1.22M | Scene, ViewLayer | Updating Geometry BVH Rainbow tail ribbon.001 72/85 | Building mesh BLAS |      60 tris | Rainbow tail ribbon.001
Fra:1 Mem:24.72M (Peak 29.30M) | Time:00:00.28 | Mem:1.22M, Peak:1.22M | Scene, ViewLayer | Updating Geometry BVH Ribbon mane.006 47/85 | Building BVH
Fra:1 Mem:24.72M (Peak 29.30M) | Time:00:00.28 | Mem:1.22M, Peak:1.22M | Scene, ViewLayer | Updating Geometry BVH Ribbon mane.006 47/85 | Building mesh BLAS |      60 tris | Ribbon mane.006
Fra:1 Mem:24.72M (Peak 29.30M) | Time:00:00.28 | Mem:1.22M, Peak:1.22M | Scene, ViewLayer | Updating Geometry BVH Golden unicorn horn 48/85 | Building BVH
Fra:1 Mem:24.72M (Peak 29.30M) | Time:00:00.28 | Mem:1.22M, Peak:1.22M | Scene, ViewLayer | Updating Geometry BVH Golden unicorn horn 48/85 | Building mesh BLAS |      92 tris | Golden unicorn horn
Fra:1 Mem:24.72M (Peak 29.30M) | Time:00:00.28 | Mem:1.22M, Peak:1.22M | Scene, ViewLayer | Updating Geometry BVH Horn spiral ridge 49/85 | Building BVH
Fra:1 Mem:24.72M (Peak 29.30M) | Time:00:00.28 | Mem:1.22M, Peak:1.22M | Scene, ViewLayer | Updating Geometry BVH Horn spiral ridge 49/85 | Building mesh BLAS |     776 tris | Horn spiral ridge
Fra:1 Mem:24.72M (Peak 29.30M) | Time:00:00.28 | Mem:1.22M, Peak:1.22M | Scene, ViewLayer | Updating Geometry BVH Fetlock feather 50/85 | Building BVH
Fra:1 Mem:24.72M (Peak 29.30M) | Time:00:00.28 | Mem:1.22M, Peak:1.22M | Scene, ViewLayer | Updating Geometry BVH Fetlock feather 50/85 | Building mesh BLAS |      44 tris | Fetlock feather
Fra:1 Mem:24.72M (Peak 29.30M) | Time:00:00.28 | Mem:1.22M, Peak:1.22M | Scene, ViewLayer | Updating Geometry BVH Fetlock feather 50/85 | Building mesh BLAS |      60 tris | Ribbon mane.005
Fra:1 Mem:24.72M (Peak 29.30M) | Time:00:00.28 | Mem:1.22M, Peak:1.22M | Scene, ViewLayer | Updating Geometry BVH Fetlock feather.001 51/85 | Building BVH
Fra:1 Mem:24.72M (Peak 29.30M) | Time:00:00.28 | Mem:1.22M, Peak:1.22M | Scene, ViewLayer | Updating Geometry BVH Fetlock feather.002 52/85 | Building BVH
Fra:1 Mem:24.72M (Peak 29.30M) | Time:00:00.28 | Mem:1.22M, Peak:1.22M | Scene, ViewLayer | Updating Geometry BVH Fetlock feather.002 52/85 | Building mesh BLAS |      44 tris | Fetlock feather.001
Fra:1 Mem:24.72M (Peak 29.30M) | Time:00:00.28 | Mem:1.22M, Peak:1.22M | Scene, ViewLayer | Updating Geometry BVH Fetlock feather.003 53/85 | Building BVH
Fra:1 Mem:24.72M (Peak 29.30M) | Time:00:00.28 | Mem:1.22M, Peak:1.22M | Scene, ViewLayer | Updating Geometry BVH Fetlock feather.003 53/85 | Building mesh BLAS |      44 tris | Fetlock feather.003
Fra:1 Mem:24.72M (Peak 29.30M) | Time:00:00.28 | Mem:1.22M, Peak:1.22M | Scene, ViewLayer | Updating Geometry BVH Fetlock feather.004 54/85 | Building BVH
Fra:1 Mem:24.72M (Peak 29.30M) | Time:00:00.28 | Mem:1.22M, Peak:1.22M | Scene, ViewLayer | Updating Geometry BVH Fetlock feather.004 54/85 | Building mesh BLAS |      44 tris | Fetlock feather.004
Fra:1 Mem:24.72M (Peak 29.30M) | Time:00:00.28 | Mem:1.22M, Peak:1.22M | Scene, ViewLayer | Updating Geometry BVH Fetlock feather.005 55/85 | Building BVH
Fra:1 Mem:24.72M (Peak 29.30M) | Time:00:00.28 | Mem:1.22M, Peak:1.22M | Scene, ViewLayer | Updating Geometry BVH Fetlock feather.005 55/85 | Building mesh BLAS |      44 tris | Fetlock feather.005
Fra:1 Mem:24.72M (Peak 29.30M) | Time:00:00.28 | Mem:1.22M, Peak:1.22M | Scene, ViewLayer | Updating Geometry BVH Fetlock feather.006 56/85 | Building BVH
Fra:1 Mem:24.72M (Peak 29.30M) | Time:00:00.28 | Mem:1.22M, Peak:1.22M | Scene, ViewLayer | Updating Geometry BVH Fetlock feather.006 56/85 | Building mesh BLAS |      44 tris | Fetlock feather.002
Fra:1 Mem:24.72M (Peak 29.30M) | Time:00:00.28 | Mem:1.22M, Peak:1.22M | Scene, ViewLayer | Updating Geometry BVH Fetlock feather.007 57/85 | Building BVH
Fra:1 Mem:24.72M (Peak 29.30M) | Time:00:00.28 | Mem:1.22M, Peak:1.22M | Scene, ViewLayer | Updating Geometry BVH Fetlock feather.007 57/85 | Building mesh BLAS |      44 tris | Fetlock feather.007
Fra:1 Mem:24.72M (Peak 29.30M) | Time:00:00.28 | Mem:1.22M, Peak:1.22M | Scene, ViewLayer | Updating Geometry BVH Articulated tail 70/85 | Building BVH
Fra:1 Mem:24.72M (Peak 29.30M) | Time:00:00.28 | Mem:1.22M, Peak:1.22M | Scene, ViewLayer | Updating Geometry BVH Articulated tail 70/85 | Building mesh BLAS |      44 tris | Fetlock feather.006
Fra:1 Mem:24.72M (Peak 29.30M) | Time:00:00.28 | Mem:1.22M, Peak:1.22M | Scene, ViewLayer | Updating Geometry BVH Articulated tail 70/85 | Building mesh BLAS |     268 tris | Articulated tail
Fra:1 Mem:24.72M (Peak 29.30M) | Time:00:00.28 | Mem:1.22M, Peak:1.22M | Scene, ViewLayer | Updating Geometry BVH Fetlock feather.008 58/85 | Building BVH
Fra:1 Mem:24.72M (Peak 29.30M) | Time:00:00.28 | Mem:1.22M, Peak:1.22M | Scene, ViewLayer | Updating Geometry BVH Fetlock feather.008 58/85 | Building mesh BLAS |      44 tris | Fetlock feather.008
Fra:1 Mem:24.72M (Peak 29.30M) | Time:00:00.28 | Mem:1.22M, Peak:1.22M | Scene, ViewLayer | Updating Geometry BVH Fetlock feather.009 59/85 | Building BVH
Fra:1 Mem:24.72M (Peak 29.30M) | Time:00:00.28 | Mem:1.22M, Peak:1.22M | Scene, ViewLayer | Updating Geometry BVH Fetlock feather.009 59/85 | Building mesh BLAS |      44 tris | Fetlock feather.009
Fra:1 Mem:24.72M (Peak 29.30M) | Time:00:00.28 | Mem:1.22M, Peak:1.22M | Scene, ViewLayer | Updating Geometry BVH Fetlock feather.010 60/85 | Building BVH
Fra:1 Mem:24.72M (Peak 29.30M) | Time:00:00.28 | Mem:1.22M, Peak:1.22M | Scene, ViewLayer | Updating Geometry BVH Fetlock feather.010 60/85 | Building mesh BLAS |      44 tris | Fetlock feather.010
Fra:1 Mem:24.72M (Peak 29.30M) | Time:00:00.28 | Mem:1.22M, Peak:1.22M | Scene, ViewLayer | Updating Geometry BVH Fetlock feather.011 61/85 | Building BVH
Fra:1 Mem:24.72M (Peak 29.30M) | Time:00:00.28 | Mem:1.22M, Peak:1.22M | Scene, ViewLayer | Updating Geometry BVH Fetlock feather.011 61/85 | Building mesh BLAS |      44 tris | Fetlock feather.011
Fra:1 Mem:24.72M (Peak 29.30M) | Time:00:00.28 | Mem:1.22M, Peak:1.22M | Scene, ViewLayer | Updating Geometry BVH Fetlock feather.012 62/85 | Building BVH
Fra:1 Mem:24.72M (Peak 29.30M) | Time:00:00.28 | Mem:1.22M, Peak:1.22M | Scene, ViewLayer | Updating Geometry BVH Fetlock feather.013 63/85 | Building BVH
Fra:1 Mem:24.72M (Peak 29.30M) | Time:00:00.28 | Mem:1.22M, Peak:1.22M | Scene, ViewLayer | Updating Geometry BVH Fetlock feather.013 63/85 | Building mesh BLAS |      44 tris | Fetlock feather.012
Fra:1 Mem:24.72M (Peak 29.30M) | Time:00:00.28 | Mem:1.22M, Peak:1.22M | Scene, ViewLayer | Updating Geometry BVH Fetlock feather.013 63/85 | Building mesh BLAS |      44 tris | Fetlock feather.013
Fra:1 Mem:24.72M (Peak 29.30M) | Time:00:00.28 | Mem:1.22M, Peak:1.22M | Scene, ViewLayer | Updating Geometry BVH Fetlock feather.014 64/85 | Building BVH
Fra:1 Mem:24.72M (Peak 29.30M) | Time:00:00.28 | Mem:1.22M, Peak:1.22M | Scene, ViewLayer | Updating Geometry BVH Fetlock feather.014 64/85 | Building mesh BLAS |      44 tris | Fetlock feather.014
Fra:1 Mem:24.72M (Peak 29.30M) | Time:00:00.28 | Mem:1.22M, Peak:1.22M | Scene, ViewLayer | Updating Geometry BVH Fetlock feather.019 69/85 | Building BVH
Fra:1 Mem:24.72M (Peak 29.30M) | Time:00:00.28 | Mem:1.22M, Peak:1.22M | Scene, ViewLayer | Updating Geometry BVH Fetlock feather.015 65/85 | Building BVH
Fra:1 Mem:24.72M (Peak 29.30M) | Time:00:00.28 | Mem:1.22M, Peak:1.22M | Scene, ViewLayer | Updating Geometry BVH Fetlock feather.016 66/85 | Building BVH
Fra:1 Mem:24.72M (Peak 29.30M) | Time:00:00.28 | Mem:1.22M, Peak:1.22M | Scene, ViewLayer | Updating Geometry BVH Fetlock feather.016 66/85 | Building mesh BLAS |      44 tris | Fetlock feather.016
Fra:1 Mem:24.72M (Peak 29.30M) | Time:00:00.28 | Mem:1.22M, Peak:1.22M | Scene, ViewLayer | Updating Geometry BVH Fetlock feather.017 67/85 | Building BVH
Fra:1 Mem:24.72M (Peak 29.30M) | Time:00:00.28 | Mem:1.22M, Peak:1.22M | Scene, ViewLayer | Updating Geometry BVH Fetlock feather.017 67/85 | Building mesh BLAS |      44 tris | Fetlock feather.017
Fra:1 Mem:24.72M (Peak 29.30M) | Time:00:00.28 | Mem:1.22M, Peak:1.22M | Scene, ViewLayer | Updating Geometry BVH Fetlock feather.018 68/85 | Building BVH
Fra:1 Mem:24.72M (Peak 29.30M) | Time:00:00.28 | Mem:1.22M, Peak:1.22M | Scene, ViewLayer | Updating Geometry BVH Fetlock feather.018 68/85 | Building mesh BLAS |      44 tris | Fetlock feather.018
Fra:1 Mem:24.72M (Peak 29.30M) | Time:00:00.29 | Mem:1.22M, Peak:1.22M | Scene, ViewLayer | Updating Scene BVH | Building
Fra:1 Mem:24.72M (Peak 29.30M) | Time:00:00.30 | Mem:2.07M, Peak:2.07M | Scene, ViewLayer | Updating Scene BVH | Building TLAS      |      85 instances
Fra:1 Mem:24.72M (Peak 29.30M) | Time:00:00.30 | Mem:2.10M, Peak:2.10M | Scene, ViewLayer | Updating Scene BVH | Copying BVH to device
Fra:1 Mem:24.72M (Peak 29.30M) | Time:00:00.30 | Mem:2.10M, Peak:2.10M | Scene, ViewLayer | Updating Mesh | Computing normals
Fra:1 Mem:25.19M (Peak 29.30M) | Time:00:00.31 | Mem:2.10M, Peak:2.10M | Scene, ViewLayer | Updating Mesh | Copying Mesh to device
Fra:1 Mem:24.72M (Peak 29.30M) | Time:00:00.31 | Mem:2.60M, Peak:2.60M | Scene, ViewLayer | Updating Objects Flags
Fra:1 Mem:24.72M (Peak 29.30M) | Time:00:00.31 | Mem:2.60M, Peak:2.60M | Scene, ViewLayer | Updating Primitive Offsets
Fra:1 Mem:24.72M (Peak 29.30M) | Time:00:00.31 | Mem:2.60M, Peak:2.60M | Scene, ViewLayer | Updating Images
Fra:1 Mem:24.72M (Peak 29.30M) | Time:00:00.31 | Mem:2.60M, Peak:2.60M | Scene, ViewLayer | Updating Camera Volume
Fra:1 Mem:24.72M (Peak 29.30M) | Time:00:00.31 | Mem:2.60M, Peak:2.60M | Scene, ViewLayer | Updating Lookup Tables
Fra:1 Mem:24.64M (Peak 29.30M) | Time:00:00.31 | Mem:2.70M, Peak:2.70M | Scene, ViewLayer | Updating Lights
Fra:1 Mem:24.64M (Peak 29.30M) | Time:00:00.31 | Mem:2.70M, Peak:2.70M | Scene, ViewLayer | Updating Lights | Computing tree
Fra:1 Mem:24.64M (Peak 29.30M) | Time:00:00.31 | Mem:2.70M, Peak:2.70M | Scene, ViewLayer | Updating Integrator
Fra:1 Mem:24.64M (Peak 29.30M) | Time:00:00.31 | Mem:2.70M, Peak:2.70M | Scene, ViewLayer | Updating Film
Fra:1 Mem:24.72M (Peak 29.30M) | Time:00:00.31 | Mem:2.60M, Peak:2.70M | Scene, ViewLayer | Updating Lookup Tables
Fra:1 Mem:24.64M (Peak 29.30M) | Time:00:00.31 | Mem:2.70M, Peak:2.70M | Scene, ViewLayer | Updating Baking
Fra:1 Mem:24.64M (Peak 29.30M) | Time:00:00.31 | Mem:2.70M, Peak:2.70M | Scene, ViewLayer | Updating Device | Writing constant memory
Fra:1 Mem:24.64M (Peak 29.30M) | Time:00:00.35 | Mem:2.70M, Peak:2.70M | Scene, ViewLayer | Loading denoising kernels (may take a few minutes the first time)
Fra:1 Mem:24.64M (Peak 56.64M) | Time:00:00.36 | Mem:2818.71M, Peak:2818.71M | Scene, ViewLayer | Sample 0/12 (Using optimized kernels)
Fra:1 Mem:24.63M (Peak 60.15M) | Time:00:00.61 | Remaining:00:02.69 | Mem:2854.25M, Peak:2854.25M | Scene, ViewLayer | Sample 1/12 (Using optimized kernels)
Fra:1 Mem:39.59M (Peak 62.02M) | Time:00:04.58 | Mem:2854.26M, Peak:2854.26M | Scene, ViewLayer | Sample 12/12 (Using optimized kernels)
Fra:1 Mem:39.59M (Peak 62.02M) | Time:00:04.58 | Mem:2854.26M, Peak:2854.26M | Scene, ViewLayer | Finished
Saved: '/Users/chikumatsuboi/Code/animal-racers-western/assets/source/western/qa/form-cycle-3/after/unicorn-race-rear.png'
Time: 00:04.70 (Saving: 00:00.07)

Fra:1 Mem:27.91M (Peak 27.91M) | Time:00:00.00 | Mem:0.02M, Peak:0.02M | Scene, ViewLayer | Synchronizing object | Body • continuous sculpted skin
Fra:1 Mem:27.92M (Peak 27.92M) | Time:00:00.00 | Mem:0.02M, Peak:0.02M | Scene, ViewLayer | Synchronizing object | Hoof cleft.001
Fra:1 Mem:28.07M (Peak 28.07M) | Time:00:00.00 | Mem:0.02M, Peak:0.02M | Scene, ViewLayer | Synchronizing object | Hoof cleft.002
Fra:1 Mem:28.19M (Peak 28.19M) | Time:00:00.00 | Mem:0.02M, Peak:0.02M | Scene, ViewLayer | Synchronizing object | Bronzed hoof.003
Fra:1 Mem:28.19M (Peak 28.19M) | Time:00:00.00 | Mem:0.02M, Peak:0.02M | Scene, ViewLayer | Synchronizing object | Head • species sculpt
Fra:1 Mem:28.20M (Peak 28.20M) | Time:00:00.00 | Mem:0.02M, Peak:0.02M | Scene, ViewLayer | Synchronizing object | Velvet muzzle
Fra:1 Mem:28.20M (Peak 28.20M) | Time:00:00.00 | Mem:0.02M, Peak:0.02M | Scene, ViewLayer | Synchronizing object | Nostril
Fra:1 Mem:28.31M (Peak 28.31M) | Time:00:00.00 | Mem:0.02M, Peak:0.02M | Scene, ViewLayer | Synchronizing object | Nostril.001
Fra:1 Mem:28.56M (Peak 28.56M) | Time:00:00.00 | Mem:0.02M, Peak:0.02M | Scene, ViewLayer | Synchronizing object | Ivory eye
Fra:1 Mem:28.58M (Peak 28.58M) | Time:00:00.00 | Mem:0.02M, Peak:0.02M | Scene, ViewLayer | Synchronizing object | Iris
Fra:1 Mem:28.69M (Peak 28.69M) | Time:00:00.00 | Mem:0.02M, Peak:0.02M | Scene, ViewLayer | Synchronizing object | Pupil
Fra:1 Mem:28.72M (Peak 28.72M) | Time:00:00.00 | Mem:0.02M, Peak:0.02M | Scene, ViewLayer | Synchronizing object | Expressive brow
Fra:1 Mem:28.84M (Peak 28.84M) | Time:00:00.00 | Mem:0.02M, Peak:0.02M | Scene, ViewLayer | Synchronizing object | Iris.001
Fra:1 Mem:28.86M (Peak 28.86M) | Time:00:00.00 | Mem:0.02M, Peak:0.02M | Scene, ViewLayer | Synchronizing object | Warm rim
Fra:1 Mem:28.88M (Peak 28.88M) | Time:00:00.00 | Mem:0.02M, Peak:0.02M | Scene, ViewLayer | Synchronizing object | Eye glint.001
Fra:1 Mem:28.90M (Peak 28.90M) | Time:00:00.00 | Mem:0.02M, Peak:0.02M | Scene, ViewLayer | Synchronizing object | Expressive brow.001
Fra:1 Mem:28.92M (Peak 28.92M) | Time:00:00.00 | Mem:0.02M, Peak:0.02M | Scene, ViewLayer | Synchronizing object | Smiling mouth.001
Fra:1 Mem:28.94M (Peak 28.94M) | Time:00:00.00 | Mem:0.02M, Peak:0.02M | Scene, ViewLayer | Synchronizing object | Lower jaw
Fra:1 Mem:28.96M (Peak 28.96M) | Time:00:00.00 | Mem:0.02M, Peak:0.02M | Scene, ViewLayer | Synchronizing object | Pointed species ear
Fra:1 Mem:28.97M (Peak 28.97M) | Time:00:00.00 | Mem:0.02M, Peak:0.02M | Scene, ViewLayer | Synchronizing object | Inner ear
Fra:1 Mem:28.99M (Peak 28.99M) | Time:00:00.00 | Mem:0.02M, Peak:0.02M | Scene, ViewLayer | Synchronizing object | Pointed species ear.001
Fra:1 Mem:28.97M (Peak 28.99M) | Time:00:00.00 | Mem:0.02M, Peak:0.02M | Scene, ViewLayer | Synchronizing object | Inner ear.001
Fra:1 Mem:28.98M (Peak 28.99M) | Time:00:00.00 | Mem:0.02M, Peak:0.02M | Scene, ViewLayer | Synchronizing object | Rainbow swept forelock
Fra:1 Mem:29.00M (Peak 29.00M) | Time:00:00.00 | Mem:0.02M, Peak:0.02M | Scene, ViewLayer | Synchronizing object | Ribbon mane
Fra:1 Mem:29.01M (Peak 29.01M) | Time:00:00.00 | Mem:0.02M, Peak:0.02M | Scene, ViewLayer | Synchronizing object | Rainbow swept forelock.001
Fra:1 Mem:29.01M (Peak 29.01M) | Time:00:00.00 | Mem:0.02M, Peak:0.02M | Scene, ViewLayer | Synchronizing object | Sunset key
Fra:1 Mem:29.02M (Peak 29.02M) | Time:00:00.00 | Mem:0.02M, Peak:0.02M | Scene, ViewLayer | Synchronizing object | Rainbow swept forelock.002
Fra:1 Mem:29.04M (Peak 29.04M) | Time:00:00.00 | Mem:0.02M, Peak:0.02M | Scene, ViewLayer | Synchronizing object | Ribbon mane.002
Fra:1 Mem:29.05M (Peak 29.05M) | Time:00:00.00 | Mem:0.02M, Peak:0.02M | Scene, ViewLayer | Synchronizing object | Rainbow swept forelock.003
Fra:1 Mem:29.06M (Peak 29.06M) | Time:00:00.00 | Mem:0.02M, Peak:0.02M | Scene, ViewLayer | Synchronizing object | Ribbon mane.003
Fra:1 Mem:29.06M (Peak 29.06M) | Time:00:00.00 | Mem:0.02M, Peak:0.02M | Scene, ViewLayer | Synchronizing object | Ribbon mane.004
Fra:1 Mem:29.06M (Peak 29.06M) | Time:00:00.00 | Mem:0.02M, Peak:0.02M | Scene, ViewLayer | Synchronizing object | Rainbow swept forelock.005
Fra:1 Mem:29.07M (Peak 29.07M) | Time:00:00.00 | Mem:0.02M, Peak:0.02M | Scene, ViewLayer | Synchronizing object | Ribbon mane.005
Fra:1 Mem:29.07M (Peak 29.07M) | Time:00:00.00 | Mem:0.02M, Peak:0.02M | Scene, ViewLayer | Synchronizing object | Ribbon mane.006
Fra:1 Mem:29.07M (Peak 29.07M) | Time:00:00.00 | Mem:0.02M, Peak:0.02M | Scene, ViewLayer | Synchronizing object | Golden unicorn horn
Fra:1 Mem:29.09M (Peak 29.09M) | Time:00:00.00 | Mem:0.02M, Peak:0.02M | Scene, ViewLayer | Synchronizing object | Plane
Fra:1 Mem:29.08M (Peak 29.09M) | Time:00:00.01 | Mem:0.02M, Peak:0.02M | Scene, ViewLayer | Synchronizing object | Horn spiral ridge
Fra:1 Mem:29.09M (Peak 29.09M) | Time:00:00.01 | Mem:0.02M, Peak:0.02M | Scene, ViewLayer | Synchronizing object | Fetlock feather
Fra:1 Mem:29.13M (Peak 29.13M) | Time:00:00.01 | Mem:0.02M, Peak:0.02M | Scene, ViewLayer | Synchronizing object | Fetlock feather.001
Fra:1 Mem:29.14M (Peak 29.14M) | Time:00:00.01 | Mem:0.02M, Peak:0.02M | Scene, ViewLayer | Synchronizing object | Fetlock feather.002
Fra:1 Mem:29.14M (Peak 29.14M) | Time:00:00.01 | Mem:0.02M, Peak:0.02M | Scene, ViewLayer | Synchronizing object | Fetlock feather.004
Fra:1 Mem:29.15M (Peak 29.15M) | Time:00:00.01 | Mem:0.02M, Peak:0.02M | Scene, ViewLayer | Synchronizing object | Fetlock feather.005
Fra:1 Mem:29.15M (Peak 29.15M) | Time:00:00.01 | Mem:0.02M, Peak:0.02M | Scene, ViewLayer | Synchronizing object | Fetlock feather.007
Fra:1 Mem:29.16M (Peak 29.16M) | Time:00:00.01 | Mem:0.02M, Peak:0.02M | Scene, ViewLayer | Synchronizing object | Fetlock feather.008
Fra:1 Mem:29.17M (Peak 29.17M) | Time:00:00.01 | Mem:0.02M, Peak:0.02M | Scene, ViewLayer | Synchronizing object | Fetlock feather.010
Fra:1 Mem:29.19M (Peak 29.19M) | Time:00:00.01 | Mem:0.02M, Peak:0.02M | Scene, ViewLayer | Synchronizing object | Fetlock feather.011
Fra:1 Mem:29.18M (Peak 29.19M) | Time:00:00.01 | Mem:0.02M, Peak:0.02M | Scene, ViewLayer | Synchronizing object | Fetlock feather.012
Fra:1 Mem:29.18M (Peak 29.19M) | Time:00:00.01 | Mem:0.02M, Peak:0.02M | Scene, ViewLayer | Synchronizing object | Fetlock feather.013
Fra:1 Mem:29.19M (Peak 29.19M) | Time:00:00.01 | Mem:0.02M, Peak:0.02M | Scene, ViewLayer | Synchronizing object | Fetlock feather.014
Fra:1 Mem:29.20M (Peak 29.20M) | Time:00:00.01 | Mem:0.02M, Peak:0.02M | Scene, ViewLayer | Synchronizing object | Fetlock feather.015
Fra:1 Mem:29.19M (Peak 29.20M) | Time:00:00.01 | Mem:0.02M, Peak:0.02M | Scene, ViewLayer | Synchronizing object | Fetlock feather.017
Fra:1 Mem:29.20M (Peak 29.20M) | Time:00:00.01 | Mem:0.02M, Peak:0.02M | Scene, ViewLayer | Synchronizing object | Fetlock feather.018
Fra:1 Mem:29.21M (Peak 29.21M) | Time:00:00.01 | Mem:0.02M, Peak:0.02M | Scene, ViewLayer | Synchronizing object | Fetlock feather.019
Fra:1 Mem:29.21M (Peak 29.21M) | Time:00:00.01 | Mem:0.02M, Peak:0.02M | Scene, ViewLayer | Synchronizing object | Rainbow tail ribbon
Fra:1 Mem:29.21M (Peak 29.21M) | Time:00:00.01 | Mem:0.02M, Peak:0.02M | Scene, ViewLayer | Synchronizing object | Rainbow tail ribbon.001
Fra:1 Mem:29.22M (Peak 29.22M) | Time:00:00.01 | Mem:0.02M, Peak:0.02M | Scene, ViewLayer | Synchronizing object | Raised elemental crest
Fra:1 Mem:29.22M (Peak 29.22M) | Time:00:00.01 | Mem:0.02M, Peak:0.02M | Scene, ViewLayer | Synchronizing object | Rainbow tail ribbon.002
Fra:1 Mem:29.23M (Peak 29.23M) | Time:00:00.01 | Mem:0.02M, Peak:0.02M | Scene, ViewLayer | Synchronizing object | Rainbow tail ribbon.004
Fra:1 Mem:29.23M (Peak 29.23M) | Time:00:00.01 | Mem:0.02M, Peak:0.02M | Scene, ViewLayer | Synchronizing object | Rainbow tail ribbon.005
Fra:1 Mem:29.23M (Peak 29.23M) | Time:00:00.01 | Mem:0.02M, Peak:0.02M | Scene, ViewLayer | Synchronizing object | Brass crest clasp
Fra:1 Mem:29.24M (Peak 29.24M) | Time:00:00.01 | Mem:0.02M, Peak:0.02M | Scene, ViewLayer | Synchronizing object | Rainbow tail ribbon.006
Fra:1 Mem:29.28M (Peak 29.28M) | Time:00:00.01 | Mem:0.02M, Peak:0.02M | Scene, ViewLayer | Synchronizing object | Neckerchief folded point
Fra:1 Mem:29.29M (Peak 29.29M) | Time:00:00.01 | Mem:0.02M, Peak:0.02M | Scene, ViewLayer | Synchronizing object | Leather neckerchief roll
Fra:1 Mem:29.30M (Peak 29.30M) | Time:00:00.01 | Mem:0.02M, Peak:0.02M | Scene, ViewLayer | Initializing
Fra:1 Mem:27.89M (Peak 29.30M) | Time:00:00.01 | Mem:0.02M, Peak:0.02M | Scene, ViewLayer | Updating Images | Loading Authored short-fur normal
Fra:1 Mem:24.04M (Peak 29.30M) | Time:00:00.01 | Mem:0.27M, Peak:0.27M | Scene, ViewLayer | Waiting for render to start
Fra:1 Mem:24.04M (Peak 29.30M) | Time:00:00.01 | Mem:0.27M, Peak:0.27M | Scene, ViewLayer | Updating Scene
Fra:1 Mem:24.04M (Peak 29.30M) | Time:00:00.01 | Mem:0.27M, Peak:0.27M | Scene, ViewLayer | Updating Shaders
Fra:1 Mem:24.04M (Peak 29.30M) | Time:00:00.01 | Mem:0.27M, Peak:0.27M | Scene, ViewLayer | Loading render kernels (may take a few minutes the first time)
Fra:1 Mem:24.12M (Peak 29.30M) | Time:00:00.08 | Mem:0.29M, Peak:0.29M | Scene, ViewLayer | Updating Procedurals
Fra:1 Mem:24.12M (Peak 29.30M) | Time:00:00.08 | Mem:0.29M, Peak:0.29M | Scene, ViewLayer | Updating Background
Fra:1 Mem:24.12M (Peak 29.30M) | Time:00:00.08 | Mem:0.29M, Peak:0.29M | Scene, ViewLayer | Updating Camera
Fra:1 Mem:24.12M (Peak 29.30M) | Time:00:00.08 | Mem:0.29M, Peak:0.29M | Scene, ViewLayer | Updating Meshes Flags
Fra:1 Mem:24.12M (Peak 29.30M) | Time:00:00.08 | Mem:0.29M, Peak:0.29M | Scene, ViewLayer | Updating Objects
Fra:1 Mem:24.12M (Peak 29.30M) | Time:00:00.08 | Mem:0.29M, Peak:0.29M | Scene, ViewLayer | Updating Objects | Copying Transformations to device
Fra:1 Mem:24.12M (Peak 29.30M) | Time:00:00.08 | Mem:0.32M, Peak:0.32M | Scene, ViewLayer | Updating Particle Systems
Fra:1 Mem:24.12M (Peak 29.30M) | Time:00:00.08 | Mem:0.32M, Peak:0.32M | Scene, ViewLayer | Updating Particle Systems | Copying Particles to device
Fra:1 Mem:24.12M (Peak 29.30M) | Time:00:00.08 | Mem:0.32M, Peak:0.32M | Scene, ViewLayer | Updating Meshes
Fra:1 Mem:24.71M (Peak 29.30M) | Time:00:00.08 | Mem:0.32M, Peak:0.32M | Scene, ViewLayer | Updating Objects | Applying Static Transformations
Fra:1 Mem:24.71M (Peak 29.30M) | Time:00:00.08 | Mem:0.32M, Peak:0.32M | Scene, ViewLayer | Updating Mesh | Computing attributes
Fra:1 Mem:25.57M (Peak 29.30M) | Time:00:00.08 | Mem:0.33M, Peak:0.33M | Scene, ViewLayer | Updating Mesh | Copying Attributes to device
Fra:1 Mem:24.71M (Peak 29.30M) | Time:00:00.20 | Mem:1.22M, Peak:1.22M | Scene, ViewLayer | Updating Geometry BVH light 86/85 | Building BVH
Fra:1 Mem:24.71M (Peak 29.30M) | Time:00:00.20 | Mem:1.22M, Peak:1.22M | Scene, ViewLayer | Updating Geometry BVH Warm rim 85/85 | Building BVH
Fra:1 Mem:24.71M (Peak 29.30M) | Time:00:00.20 | Mem:1.22M, Peak:1.22M | Scene, ViewLayer | Updating Geometry BVH Warm rim 85/85 | Building mesh BLAS |      92 tris | Bronzed hoof.002
Fra:1 Mem:24.71M (Peak 29.30M) | Time:00:00.20 | Mem:1.22M, Peak:1.22M | Scene, ViewLayer | Updating Geometry BVH Warm rim 85/85 | Building mesh BLAS |      44 tris | Hoof cleft.002
Fra:1 Mem:24.71M (Peak 29.30M) | Time:00:00.20 | Mem:1.22M, Peak:1.22M | Scene, ViewLayer | Updating Geometry BVH Warm rim 85/85 | Building mesh BLAS |      44 tris | Hoof cleft
Fra:1 Mem:24.72M (Peak 29.30M) | Time:00:00.20 | Mem:1.22M, Peak:1.22M | Scene, ViewLayer | Updating Geometry BVH Warm rim 85/85 | Building mesh BLAS |      44 tris | Hoof cleft.001
Fra:1 Mem:24.71M (Peak 29.30M) | Time:00:00.20 | Mem:1.22M, Peak:1.22M | Scene, ViewLayer | Updating Geometry BVH Sky fill 84/85 | Building BVH
Fra:1 Mem:24.71M (Peak 29.30M) | Time:00:00.20 | Mem:1.22M, Peak:1.22M | Scene, ViewLayer | Updating Geometry BVH Sky fill 84/85 | Building mesh BLAS |      92 tris | Bronzed hoof.001
Fra:1 Mem:24.71M (Peak 29.30M) | Time:00:00.20 | Mem:1.22M, Peak:1.22M | Scene, ViewLayer | Updating Geometry BVH Bronzed hoof.003 9/85 | Building BVH
Fra:1 Mem:24.71M (Peak 29.30M) | Time:00:00.20 | Mem:1.22M, Peak:1.22M | Scene, ViewLayer | Updating Geometry BVH Sunset key 83/85 | Building BVH
Fra:1 Mem:24.71M (Peak 29.30M) | Time:00:00.20 | Mem:1.22M, Peak:1.22M | Scene, ViewLayer | Updating Geometry BVH Plane 82/85 | Building BVH
Fra:1 Mem:24.71M (Peak 29.30M) | Time:00:00.20 | Mem:1.22M, Peak:1.22M | Scene, ViewLayer | Updating Geometry BVH Hoof cleft.003 10/85 | Building BVH
Fra:1 Mem:24.72M (Peak 29.30M) | Time:00:00.20 | Mem:1.22M, Peak:1.22M | Scene, ViewLayer | Updating Geometry BVH Skull 11/85 | Building mesh BLAS |       2 tris | Plane
Fra:1 Mem:24.72M (Peak 29.30M) | Time:00:00.20 | Mem:1.22M, Peak:1.22M | Scene, ViewLayer | Updating Geometry BVH Skull 11/85 | Building mesh BLAS |      44 tris | Hoof cleft.003
Fra:1 Mem:24.72M (Peak 29.30M) | Time:00:00.20 | Mem:1.22M, Peak:1.22M | Scene, ViewLayer | Updating Geometry BVH Skull 11/85 | Building mesh BLAS |      92 tris | Bronzed hoof.003
Fra:1 Mem:24.72M (Peak 29.30M) | Time:00:00.20 | Mem:1.22M, Peak:1.22M | Scene, ViewLayer | Updating Geometry BVH Velvet muzzle 12/85 | Building BVH
Fra:1 Mem:24.72M (Peak 29.30M) | Time:00:00.20 | Mem:1.22M, Peak:1.22M | Scene, ViewLayer | Updating Geometry BVH Nostril.001 14/85 | Building BVH
Fra:1 Mem:24.72M (Peak 29.30M) | Time:00:00.20 | Mem:1.22M, Peak:1.22M | Scene, ViewLayer | Updating Geometry BVH Nostril.001 14/85 | Building mesh BLAS |     480 tris | Velvet muzzle
Fra:1 Mem:24.72M (Peak 29.30M) | Time:00:00.20 | Mem:1.22M, Peak:1.22M | Scene, ViewLayer | Updating Geometry BVH Nostril.001 14/85 | Building mesh BLAS |     320 tris | Nostril.001
Fra:1 Mem:24.72M (Peak 29.30M) | Time:00:00.20 | Mem:1.22M, Peak:1.22M | Scene, ViewLayer | Updating Geometry BVH Nostril.001 14/85 | Building mesh BLAS |    3088 tris | Skull
Fra:1 Mem:24.72M (Peak 29.30M) | Time:00:00.20 | Mem:1.22M, Peak:1.22M | Scene, ViewLayer | Updating Geometry BVH Nostril.001 14/85 | Building mesh BLAS |     320 tris | Nostril
Fra:1 Mem:24.72M (Peak 29.30M) | Time:00:00.21 | Mem:1.22M, Peak:1.22M | Scene, ViewLayer | Updating Geometry BVH Eye socket 15/85 | Building BVH
Fra:1 Mem:24.72M (Peak 29.30M) | Time:00:00.21 | Mem:1.22M, Peak:1.22M | Scene, ViewLayer | Updating Geometry BVH Ivory eye 16/85 | Building BVH
Fra:1 Mem:24.72M (Peak 29.30M) | Time:00:00.21 | Mem:1.22M, Peak:1.22M | Scene, ViewLayer | Updating Geometry BVH Ivory eye 16/85 | Building mesh BLAS |     480 tris | Eye socket
Fra:1 Mem:24.72M (Peak 29.30M) | Time:00:00.21 | Mem:1.22M, Peak:1.22M | Scene, ViewLayer | Updating Geometry BVH Raised elemental crest 81/85 | Building BVH
Fra:1 Mem:24.72M (Peak 29.30M) | Time:00:00.21 | Mem:1.22M, Peak:1.22M | Scene, ViewLayer | Updating Geometry BVH Raised elemental crest 81/85 | Building mesh BLAS |      46 tris | Raised elemental crest
Fra:1 Mem:24.72M (Peak 29.30M) | Time:00:00.21 | Mem:1.22M, Peak:1.22M | Scene, ViewLayer | Updating Geometry BVH Brass crest clasp 80/85 | Building BVH
Fra:1 Mem:24.72M (Peak 29.30M) | Time:00:00.21 | Mem:1.22M, Peak:1.22M | Scene, ViewLayer | Updating Geometry BVH Brass crest clasp 80/85 | Building mesh BLAS |     320 tris | Brass crest clasp
Fra:1 Mem:24.72M (Peak 29.30M) | Time:00:00.21 | Mem:1.22M, Peak:1.22M | Scene, ViewLayer | Updating Geometry BVH Iris 17/85 | Building BVH
Fra:1 Mem:24.72M (Peak 29.30M) | Time:00:00.21 | Mem:1.22M, Peak:1.22M | Scene, ViewLayer | Updating Geometry BVH Pupil 18/85 | Building BVH
Fra:1 Mem:24.72M (Peak 29.30M) | Time:00:00.21 | Mem:1.22M, Peak:1.22M | Scene, ViewLayer | Updating Geometry BVH Pupil 18/85 | Building mesh BLAS |     480 tris | Iris
Fra:1 Mem:24.72M (Peak 29.30M) | Time:00:00.21 | Mem:1.22M, Peak:1.22M | Scene, ViewLayer | Updating Geometry BVH Eye glint 19/85 | Building BVH
Fra:1 Mem:24.72M (Peak 29.30M) | Time:00:00.21 | Mem:1.22M, Peak:1.22M | Scene, ViewLayer | Updating Geometry BVH Eye glint 19/85 | Building mesh BLAS |     192 tris | Eye glint
Fra:1 Mem:24.72M (Peak 29.30M) | Time:00:00.21 | Mem:1.22M, Peak:1.22M | Scene, ViewLayer | Updating Geometry BVH Neckerchief folded point 79/85 | Building BVH
Fra:1 Mem:24.72M (Peak 29.30M) | Time:00:00.21 | Mem:1.22M, Peak:1.22M | Scene, ViewLayer | Updating Geometry BVH Eye socket.001 22/85 | Building BVH
Fra:1 Mem:24.72M (Peak 29.30M) | Time:00:00.21 | Mem:1.22M, Peak:1.22M | Scene, ViewLayer | Updating Geometry BVH Eye socket.001 22/85 | Building mesh BLAS |       4 tris | Neckerchief folded point
Fra:1 Mem:24.72M (Peak 29.30M) | Time:00:00.21 | Mem:1.22M, Peak:1.22M | Scene, ViewLayer | Updating Geometry BVH Eye socket.001 22/85 | Building mesh BLAS |      44 tris | Expressive brow
Fra:1 Mem:24.72M (Peak 29.30M) | Time:00:00.21 | Mem:1.22M, Peak:1.22M | Scene, ViewLayer | Updating Geometry BVH Eye socket.001 22/85 | Building mesh BLAS |     480 tris | Eye socket.001
Fra:1 Mem:24.72M (Peak 29.30M) | Time:00:00.21 | Mem:1.22M, Peak:1.22M | Scene, ViewLayer | Updating Geometry BVH Ivory eye.001 23/85 | Building BVH
Fra:1 Mem:24.72M (Peak 29.30M) | Time:00:00.21 | Mem:1.22M, Peak:1.22M | Scene, ViewLayer | Updating Geometry BVH Pupil.001 25/85 | Building BVH
Fra:1 Mem:24.72M (Peak 29.30M) | Time:00:00.21 | Mem:1.22M, Peak:1.22M | Scene, ViewLayer | Updating Geometry BVH Pupil.001 25/85 | Building mesh BLAS |     320 tris | Pupil.001
Fra:1 Mem:24.72M (Peak 29.30M) | Time:00:00.21 | Mem:1.22M, Peak:1.22M | Scene, ViewLayer | Updating Geometry BVH Pupil.001 25/85 | Building mesh BLAS |     480 tris | Ivory eye.001
Fra:1 Mem:24.72M (Peak 29.30M) | Time:00:00.21 | Mem:1.22M, Peak:1.22M | Scene, ViewLayer | Updating Geometry BVH Eye glint.001 26/85 | Building BVH
Fra:1 Mem:24.72M (Peak 29.30M) | Time:00:00.21 | Mem:1.22M, Peak:1.22M | Scene, ViewLayer | Updating Geometry BVH Eye glint.001 26/85 | Building mesh BLAS |     192 tris | Eye glint.001
Fra:1 Mem:24.72M (Peak 29.30M) | Time:00:00.21 | Mem:1.22M, Peak:1.22M | Scene, ViewLayer | Updating Geometry BVH Smiling mouth.001 28/85 | Building BVH
Fra:1 Mem:24.72M (Peak 29.30M) | Time:00:00.21 | Mem:1.22M, Peak:1.22M | Scene, ViewLayer | Updating Geometry BVH Smiling mouth.001 28/85 | Building mesh BLAS |      32 tris | Smiling mouth.001
Fra:1 Mem:24.72M (Peak 29.30M) | Time:00:00.21 | Mem:1.22M, Peak:1.22M | Scene, ViewLayer | Updating Geometry BVH Lower jaw 29/85 | Building BVH
Fra:1 Mem:24.72M (Peak 29.30M) | Time:00:00.21 | Mem:1.22M, Peak:1.22M | Scene, ViewLayer | Updating Geometry BVH Lower jaw 29/85 | Building mesh BLAS |     400 tris | Lower jaw
Fra:1 Mem:24.72M (Peak 29.30M) | Time:00:00.21 | Mem:1.22M, Peak:1.22M | Scene, ViewLayer | Updating Geometry BVH Lower jaw 29/85 | Building mesh BLAS |      44 tris | Expressive brow.001
Fra:1 Mem:24.72M (Peak 29.30M) | Time:00:00.21 | Mem:1.22M, Peak:1.22M | Scene, ViewLayer | Updating Geometry BVH Lower jaw 29/85 | Building mesh BLAS |     480 tris | Iris.001
Fra:1 Mem:24.72M (Peak 29.30M) | Time:00:00.21 | Mem:1.22M, Peak:1.22M | Scene, ViewLayer | Updating Geometry BVH Leather neckerchief roll 78/85 | Building BVH
Fra:1 Mem:24.72M (Peak 29.30M) | Time:00:00.21 | Mem:1.22M, Peak:1.22M | Scene, ViewLayer | Updating Geometry BVH Inner ear 31/85 | Building BVH
Fra:1 Mem:24.72M (Peak 29.30M) | Time:00:00.21 | Mem:1.22M, Peak:1.22M | Scene, ViewLayer | Updating Geometry BVH Inner ear 31/85 | Building mesh BLAS |      76 tris | Leather neckerchief roll
Fra:1 Mem:24.72M (Peak 29.30M) | Time:00:00.21 | Mem:1.22M, Peak:1.22M | Scene, ViewLayer | Updating Geometry BVH Pointed species ear.001 32/85 | Building BVH
Fra:1 Mem:24.72M (Peak 29.30M) | Time:00:00.21 | Mem:1.22M, Peak:1.22M | Scene, ViewLayer | Updating Geometry BVH Inner ear.001 33/85 | Building BVH
Fra:1 Mem:24.72M (Peak 29.30M) | Time:00:00.21 | Mem:1.22M, Peak:1.22M | Scene, ViewLayer | Updating Geometry BVH Rainbow swept forelock 34/85 | Building mesh BLAS |       6 tris | Pointed species ear.001
Fra:1 Mem:24.72M (Peak 29.30M) | Time:00:00.21 | Mem:1.22M, Peak:1.22M | Scene, ViewLayer | Updating Geometry BVH Rainbow swept forelock 34/85 | Building mesh BLAS |       3 tris | Inner ear.001
Fra:1 Mem:24.72M (Peak 29.30M) | Time:00:00.21 | Mem:1.22M, Peak:1.22M | Scene, ViewLayer | Updating Geometry BVH Rainbow swept forelock 34/85 | Building mesh BLAS |       3 tris | Inner ear
Fra:1 Mem:24.72M (Peak 29.30M) | Time:00:00.21 | Mem:1.22M, Peak:1.22M | Scene, ViewLayer | Updating Geometry BVH Ribbon mane 35/85 | Building mesh BLAS |      60 tris | Rainbow swept forelock
Fra:1 Mem:24.72M (Peak 29.30M) | Time:00:00.21 | Mem:1.22M, Peak:1.22M | Scene, ViewLayer | Updating Geometry BVH Rainbow swept forelock.001 36/85 | Building BVH
Fra:1 Mem:24.72M (Peak 29.30M) | Time:00:00.21 | Mem:1.22M, Peak:1.22M | Scene, ViewLayer | Updating Geometry BVH Rainbow tail ribbon.006 77/85 | Building BVH
Fra:1 Mem:24.72M (Peak 29.30M) | Time:00:00.21 | Mem:1.22M, Peak:1.22M | Scene, ViewLayer | Updating Geometry BVH Rainbow tail ribbon.006 77/85 | Building mesh BLAS |      60 tris | Rainbow swept forelock.001
Fra:1 Mem:24.72M (Peak 29.30M) | Time:00:00.21 | Mem:1.22M, Peak:1.22M | Scene, ViewLayer | Updating Geometry BVH Ribbon mane.001 37/85 | Building BVH
Fra:1 Mem:24.72M (Peak 29.30M) | Time:00:00.21 | Mem:1.22M, Peak:1.22M | Scene, ViewLayer | Updating Geometry BVH Ribbon mane.001 37/85 | Building mesh BLAS |      60 tris | Ribbon mane.001
Fra:1 Mem:24.72M (Peak 29.30M) | Time:00:00.21 | Mem:1.22M, Peak:1.22M | Scene, ViewLayer | Updating Geometry BVH Rainbow swept forelock.002 38/85 | Building BVH
Fra:1 Mem:24.72M (Peak 29.30M) | Time:00:00.21 | Mem:1.22M, Peak:1.22M | Scene, ViewLayer | Updating Geometry BVH Rainbow swept forelock.002 38/85 | Building mesh BLAS |      60 tris | Rainbow swept forelock.002
Fra:1 Mem:24.72M (Peak 29.30M) | Time:00:00.21 | Mem:1.22M, Peak:1.22M | Scene, ViewLayer | Updating Geometry BVH Rainbow swept forelock.003 40/85 | Building BVH
Fra:1 Mem:24.72M (Peak 29.30M) | Time:00:00.21 | Mem:1.22M, Peak:1.22M | Scene, ViewLayer | Updating Geometry BVH Rainbow swept forelock.003 40/85 | Building mesh BLAS |      60 tris | Rainbow swept forelock.003
Fra:1 Mem:24.72M (Peak 29.30M) | Time:00:00.21 | Mem:1.22M, Peak:1.22M | Scene, ViewLayer | Updating Geometry BVH Ribbon mane.003 41/85 | Building BVH
Fra:1 Mem:24.72M (Peak 29.30M) | Time:00:00.21 | Mem:1.22M, Peak:1.22M | Scene, ViewLayer | Updating Geometry BVH Ribbon mane.003 41/85 | Building mesh BLAS |      60 tris | Ribbon mane.003
Fra:1 Mem:24.72M (Peak 29.30M) | Time:00:00.21 | Mem:1.22M, Peak:1.22M | Scene, ViewLayer | Updating Geometry BVH Rainbow swept forelock.004 42/85 | Building BVH
Fra:1 Mem:24.72M (Peak 29.30M) | Time:00:00.21 | Mem:1.22M, Peak:1.22M | Scene, ViewLayer | Updating Geometry BVH Rainbow swept forelock.004 42/85 | Building mesh BLAS |      60 tris | Rainbow swept forelock.004
Fra:1 Mem:24.72M (Peak 29.30M) | Time:00:00.21 | Mem:1.22M, Peak:1.22M | Scene, ViewLayer | Updating Geometry BVH Rainbow tail ribbon.005 76/85 | Building BVH
Fra:1 Mem:24.72M (Peak 29.30M) | Time:00:00.21 | Mem:1.22M, Peak:1.22M | Scene, ViewLayer | Updating Geometry BVH Ribbon mane.004 43/85 | Building BVH
Fra:1 Mem:24.72M (Peak 29.30M) | Time:00:00.21 | Mem:1.22M, Peak:1.22M | Scene, ViewLayer | Updating Geometry BVH Ribbon mane.004 43/85 | Building mesh BLAS |      60 tris | Ribbon mane.002
Fra:1 Mem:24.72M (Peak 29.30M) | Time:00:00.21 | Mem:1.22M, Peak:1.22M | Scene, ViewLayer | Updating Geometry BVH Ribbon mane.004 43/85 | Building mesh BLAS |      60 tris | Rainbow tail ribbon.005
Fra:1 Mem:24.72M (Peak 29.30M) | Time:00:00.21 | Mem:1.22M, Peak:1.22M | Scene, ViewLayer | Updating Geometry BVH Rainbow swept forelock.005 44/85 | Building BVH
Fra:1 Mem:24.72M (Peak 29.30M) | Time:00:00.21 | Mem:1.22M, Peak:1.22M | Scene, ViewLayer | Updating Geometry BVH Rainbow swept forelock.005 44/85 | Building mesh BLAS |      60 tris | Rainbow swept forelock.005
Fra:1 Mem:24.72M (Peak 29.30M) | Time:00:00.21 | Mem:1.22M, Peak:1.22M | Scene, ViewLayer | Updating Geometry BVH Ribbon mane.005 45/85 | Building BVH
Fra:1 Mem:24.72M (Peak 29.30M) | Time:00:00.21 | Mem:1.22M, Peak:1.22M | Scene, ViewLayer | Updating Geometry BVH Rainbow swept forelock.006 46/85 | Building mesh BLAS |      60 tris | Ribbon mane.005
Fra:1 Mem:24.72M (Peak 29.30M) | Time:00:00.21 | Mem:1.22M, Peak:1.22M | Scene, ViewLayer | Updating Geometry BVH Ribbon mane.006 47/85 | Building BVH
Fra:1 Mem:24.72M (Peak 29.30M) | Time:00:00.21 | Mem:1.22M, Peak:1.22M | Scene, ViewLayer | Updating Geometry BVH Ribbon mane.006 47/85 | Building mesh BLAS |      60 tris | Ribbon mane.006
Fra:1 Mem:24.72M (Peak 29.30M) | Time:00:00.21 | Mem:1.22M, Peak:1.22M | Scene, ViewLayer | Updating Geometry BVH Golden unicorn horn 48/85 | Building BVH
Fra:1 Mem:24.72M (Peak 29.30M) | Time:00:00.21 | Mem:1.22M, Peak:1.22M | Scene, ViewLayer | Updating Geometry BVH Golden unicorn horn 48/85 | Building mesh BLAS |      92 tris | Golden unicorn horn
Fra:1 Mem:24.72M (Peak 29.30M) | Time:00:00.21 | Mem:1.22M, Peak:1.22M | Scene, ViewLayer | Updating Geometry BVH Rainbow tail ribbon.004 75/85 | Building BVH
Fra:1 Mem:24.72M (Peak 29.30M) | Time:00:00.21 | Mem:1.22M, Peak:1.22M | Scene, ViewLayer | Updating Geometry BVH Rainbow tail ribbon.004 75/85 | Building mesh BLAS |      60 tris | Rainbow tail ribbon.004
Fra:1 Mem:24.72M (Peak 29.30M) | Time:00:00.21 | Mem:1.22M, Peak:1.22M | Scene, ViewLayer | Updating Geometry BVH Rainbow tail ribbon.004 75/85 | Building mesh BLAS |      60 tris | Ribbon mane.004
Fra:1 Mem:24.72M (Peak 29.30M) | Time:00:00.21 | Mem:1.22M, Peak:1.22M | Scene, ViewLayer | Updating Geometry BVH Rainbow tail ribbon.004 75/85 | Building mesh BLAS |      60 tris | Rainbow swept forelock.006
Fra:1 Mem:24.72M (Peak 29.30M) | Time:00:00.21 | Mem:1.22M, Peak:1.22M | Scene, ViewLayer | Updating Geometry BVH Horn spiral ridge 49/85 | Building BVH
Fra:1 Mem:24.72M (Peak 29.30M) | Time:00:00.21 | Mem:1.22M, Peak:1.22M | Scene, ViewLayer | Updating Geometry BVH Fetlock feather 50/85 | Building BVH
Fra:1 Mem:24.72M (Peak 29.30M) | Time:00:00.21 | Mem:1.22M, Peak:1.22M | Scene, ViewLayer | Updating Geometry BVH Fetlock feather 50/85 | Building mesh BLAS |     776 tris | Horn spiral ridge
Fra:1 Mem:24.72M (Peak 29.30M) | Time:00:00.21 | Mem:1.22M, Peak:1.22M | Scene, ViewLayer | Updating Geometry BVH Fetlock feather 50/85 | Building mesh BLAS |      44 tris | Fetlock feather
Fra:1 Mem:24.72M (Peak 29.30M) | Time:00:00.21 | Mem:1.22M, Peak:1.22M | Scene, ViewLayer | Updating Geometry BVH Fetlock feather.001 51/85 | Building BVH
Fra:1 Mem:24.72M (Peak 29.30M) | Time:00:00.21 | Mem:1.22M, Peak:1.22M | Scene, ViewLayer | Updating Geometry BVH Fetlock feather.001 51/85 | Building mesh BLAS |      44 tris | Fetlock feather.001
Fra:1 Mem:24.72M (Peak 29.30M) | Time:00:00.21 | Mem:1.22M, Peak:1.22M | Scene, ViewLayer | Updating Geometry BVH Fetlock feather.002 52/85 | Building BVH
Fra:1 Mem:24.72M (Peak 29.30M) | Time:00:00.21 | Mem:1.22M, Peak:1.22M | Scene, ViewLayer | Updating Geometry BVH Fetlock feather.002 52/85 | Building mesh BLAS |      44 tris | Fetlock feather.002
Fra:1 Mem:24.72M (Peak 29.30M) | Time:00:00.21 | Mem:1.22M, Peak:1.22M | Scene, ViewLayer | Updating Geometry BVH Fetlock feather.003 53/85 | Building BVH
Fra:1 Mem:24.72M (Peak 29.30M) | Time:00:00.21 | Mem:1.22M, Peak:1.22M | Scene, ViewLayer | Updating Geometry BVH Fetlock feather.004 54/85 | Building BVH
Fra:1 Mem:24.72M (Peak 29.30M) | Time:00:00.21 | Mem:1.22M, Peak:1.22M | Scene, ViewLayer | Updating Geometry BVH Fetlock feather.004 54/85 | Building mesh BLAS |      44 tris | Fetlock feather.003
Fra:1 Mem:24.72M (Peak 29.30M) | Time:00:00.21 | Mem:1.22M, Peak:1.22M | Scene, ViewLayer | Updating Geometry BVH Fetlock feather.004 54/85 | Building mesh BLAS |      44 tris | Fetlock feather.004
Fra:1 Mem:24.72M (Peak 29.30M) | Time:00:00.21 | Mem:1.22M, Peak:1.22M | Scene, ViewLayer | Updating Geometry BVH Rainbow tail ribbon.003 74/85 | Building BVH
Fra:1 Mem:24.72M (Peak 29.30M) | Time:00:00.21 | Mem:1.22M, Peak:1.22M | Scene, ViewLayer | Updating Geometry BVH Fetlock feather.006 56/85 | Building BVH
Fra:1 Mem:24.72M (Peak 29.30M) | Time:00:00.21 | Mem:1.22M, Peak:1.22M | Scene, ViewLayer | Updating Geometry BVH Fetlock feather.007 57/85 | Building BVH
Fra:1 Mem:24.72M (Peak 29.30M) | Time:00:00.21 | Mem:1.22M, Peak:1.22M | Scene, ViewLayer | Updating Geometry BVH Fetlock feather.007 57/85 | Building mesh BLAS |      44 tris | Fetlock feather.005
Fra:1 Mem:24.72M (Peak 29.30M) | Time:00:00.21 | Mem:1.22M, Peak:1.22M | Scene, ViewLayer | Updating Geometry BVH Fetlock feather.007 57/85 | Building mesh BLAS |      44 tris | Fetlock feather.007
Fra:1 Mem:24.72M (Peak 29.30M) | Time:00:00.21 | Mem:1.22M, Peak:1.22M | Scene, ViewLayer | Updating Geometry BVH Fetlock feather.008 58/85 | Building BVH
Fra:1 Mem:24.72M (Peak 29.30M) | Time:00:00.21 | Mem:1.22M, Peak:1.22M | Scene, ViewLayer | Updating Geometry BVH Fetlock feather.008 58/85 | Building mesh BLAS |      44 tris | Fetlock feather.008
Fra:1 Mem:24.72M (Peak 29.30M) | Time:00:00.21 | Mem:1.22M, Peak:1.22M | Scene, ViewLayer | Updating Geometry BVH Fetlock feather.009 59/85 | Building BVH
Fra:1 Mem:24.72M (Peak 29.30M) | Time:00:00.21 | Mem:1.22M, Peak:1.22M | Scene, ViewLayer | Updating Geometry BVH Fetlock feather.009 59/85 | Building mesh BLAS |      44 tris | Fetlock feather.009
Fra:1 Mem:24.72M (Peak 29.30M) | Time:00:00.21 | Mem:1.22M, Peak:1.22M | Scene, ViewLayer | Updating Geometry BVH Fetlock feather.010 60/85 | Building BVH
Fra:1 Mem:24.72M (Peak 29.30M) | Time:00:00.21 | Mem:1.22M, Peak:1.22M | Scene, ViewLayer | Updating Geometry BVH Fetlock feather.010 60/85 | Building mesh BLAS |      44 tris | Fetlock feather.010
Fra:1 Mem:24.72M (Peak 29.30M) | Time:00:00.21 | Mem:1.22M, Peak:1.22M | Scene, ViewLayer | Updating Geometry BVH Fetlock feather.011 61/85 | Building BVH
Fra:1 Mem:24.72M (Peak 29.30M) | Time:00:00.21 | Mem:1.22M, Peak:1.22M | Scene, ViewLayer | Updating Geometry BVH Fetlock feather.012 62/85 | Building BVH
Fra:1 Mem:24.72M (Peak 29.30M) | Time:00:00.21 | Mem:1.22M, Peak:1.22M | Scene, ViewLayer | Updating Geometry BVH Fetlock feather.012 62/85 | Building mesh BLAS |      44 tris | Fetlock feather.011
Fra:1 Mem:24.72M (Peak 29.30M) | Time:00:00.21 | Mem:1.22M, Peak:1.22M | Scene, ViewLayer | Updating Geometry BVH Fetlock feather.013 63/85 | Building BVH
Fra:1 Mem:24.72M (Peak 29.30M) | Time:00:00.21 | Mem:1.22M, Peak:1.22M | Scene, ViewLayer | Updating Geometry BVH Fetlock feather.013 63/85 | Building mesh BLAS |      44 tris | Fetlock feather.012
Fra:1 Mem:24.72M (Peak 29.30M) | Time:00:00.21 | Mem:1.22M, Peak:1.22M | Scene, ViewLayer | Updating Geometry BVH Fetlock feather.013 63/85 | Building mesh BLAS |      44 tris | Fetlock feather.013
Fra:1 Mem:24.72M (Peak 29.30M) | Time:00:00.21 | Mem:1.22M, Peak:1.22M | Scene, ViewLayer | Updating Geometry BVH Fetlock feather.014 64/85 | Building BVH
Fra:1 Mem:24.72M (Peak 29.30M) | Time:00:00.21 | Mem:1.22M, Peak:1.22M | Scene, ViewLayer | Updating Geometry BVH Rainbow tail ribbon.002 73/85 | Building BVH
Fra:1 Mem:24.72M (Peak 29.30M) | Time:00:00.21 | Mem:1.22M, Peak:1.22M | Scene, ViewLayer | Updating Geometry BVH Rainbow tail ribbon.002 73/85 | Building mesh BLAS |      44 tris | Fetlock feather.014
Fra:1 Mem:24.72M (Peak 29.30M) | Time:00:00.21 | Mem:1.22M, Peak:1.22M | Scene, ViewLayer | Updating Geometry BVH Rainbow tail ribbon.002 73/85 | Building mesh BLAS |      60 tris | Rainbow tail ribbon.002
Fra:1 Mem:24.72M (Peak 29.30M) | Time:00:00.21 | Mem:1.22M, Peak:1.22M | Scene, ViewLayer | Updating Geometry BVH Fetlock feather.015 65/85 | Building BVH
Fra:1 Mem:24.72M (Peak 29.30M) | Time:00:00.21 | Mem:1.22M, Peak:1.22M | Scene, ViewLayer | Updating Geometry BVH Fetlock feather.015 65/85 | Building mesh BLAS |      44 tris | Fetlock feather.015
Fra:1 Mem:24.72M (Peak 29.30M) | Time:00:00.22 | Mem:1.22M, Peak:1.22M | Scene, ViewLayer | Updating Geometry BVH Fetlock feather.016 66/85 | Building BVH
Fra:1 Mem:24.72M (Peak 29.30M) | Time:00:00.22 | Mem:1.22M, Peak:1.22M | Scene, ViewLayer | Updating Geometry BVH Fetlock feather.016 66/85 | Building mesh BLAS |      44 tris | Fetlock feather.016
Fra:1 Mem:24.72M (Peak 29.30M) | Time:00:00.22 | Mem:1.22M, Peak:1.22M | Scene, ViewLayer | Updating Geometry BVH Fetlock feather.017 67/85 | Building BVH
Fra:1 Mem:24.72M (Peak 29.30M) | Time:00:00.22 | Mem:1.22M, Peak:1.22M | Scene, ViewLayer | Updating Geometry BVH Fetlock feather.017 67/85 | Building mesh BLAS |      44 tris | Fetlock feather.017
Fra:1 Mem:24.72M (Peak 29.30M) | Time:00:00.22 | Mem:1.22M, Peak:1.22M | Scene, ViewLayer | Updating Geometry BVH Fetlock feather.018 68/85 | Building BVH
Fra:1 Mem:24.72M (Peak 29.30M) | Time:00:00.22 | Mem:1.22M, Peak:1.22M | Scene, ViewLayer | Updating Geometry BVH Fetlock feather.018 68/85 | Building mesh BLAS |      44 tris | Fetlock feather.018
Fra:1 Mem:24.72M (Peak 29.30M) | Time:00:00.22 | Mem:1.22M, Peak:1.22M | Scene, ViewLayer | Updating Geometry BVH Fetlock feather.019 69/85 | Building BVH
Fra:1 Mem:24.72M (Peak 29.30M) | Time:00:00.22 | Mem:1.22M, Peak:1.22M | Scene, ViewLayer | Updating Geometry BVH Fetlock feather.019 69/85 | Building mesh BLAS |      44 tris | Fetlock feather.019
Fra:1 Mem:24.72M (Peak 29.30M) | Time:00:00.22 | Mem:1.22M, Peak:1.22M | Scene, ViewLayer | Updating Geometry BVH Articulated tail 70/85 | Building BVH
Fra:1 Mem:24.72M (Peak 29.30M) | Time:00:00.22 | Mem:1.22M, Peak:1.22M | Scene, ViewLayer | Updating Geometry BVH Articulated tail 70/85 | Building mesh BLAS |     268 tris | Articulated tail
Fra:1 Mem:24.72M (Peak 29.30M) | Time:00:00.22 | Mem:1.22M, Peak:1.22M | Scene, ViewLayer | Updating Geometry BVH Rainbow tail ribbon 71/85 | Building BVH
Fra:1 Mem:24.72M (Peak 29.30M) | Time:00:00.22 | Mem:1.22M, Peak:1.22M | Scene, ViewLayer | Updating Geometry BVH Rainbow tail ribbon.001 72/85 | Building BVH
Fra:1 Mem:24.72M (Peak 29.30M) | Time:00:00.22 | Mem:1.22M, Peak:1.22M | Scene, ViewLayer | Updating Geometry BVH Rainbow tail ribbon.001 72/85 | Building mesh BLAS |      60 tris | Rainbow tail ribbon
Fra:1 Mem:24.72M (Peak 29.30M) | Time:00:00.22 | Mem:1.22M, Peak:1.22M | Scene, ViewLayer | Updating Geometry BVH Rainbow tail ribbon.001 72/85 | Building mesh BLAS |      60 tris | Rainbow tail ribbon.001
Fra:1 Mem:24.72M (Peak 29.30M) | Time:00:00.22 | Mem:1.43M, Peak:1.43M | Scene, ViewLayer | Updating Scene BVH | Building
Fra:1 Mem:24.72M (Peak 29.30M) | Time:00:00.24 | Mem:2.07M, Peak:2.07M | Scene, ViewLayer | Updating Scene BVH | Building TLAS      |      85 instances
Fra:1 Mem:24.72M (Peak 29.30M) | Time:00:00.24 | Mem:2.10M, Peak:2.10M | Scene, ViewLayer | Updating Scene BVH | Copying BVH to device
Fra:1 Mem:24.72M (Peak 29.30M) | Time:00:00.24 | Mem:2.10M, Peak:2.10M | Scene, ViewLayer | Updating Mesh | Computing normals
Fra:1 Mem:25.19M (Peak 29.30M) | Time:00:00.24 | Mem:2.10M, Peak:2.10M | Scene, ViewLayer | Updating Mesh | Copying Mesh to device
Fra:1 Mem:24.72M (Peak 29.30M) | Time:00:00.24 | Mem:2.60M, Peak:2.60M | Scene, ViewLayer | Updating Objects Flags
Fra:1 Mem:24.72M (Peak 29.30M) | Time:00:00.24 | Mem:2.60M, Peak:2.60M | Scene, ViewLayer | Updating Primitive Offsets
Fra:1 Mem:24.72M (Peak 29.30M) | Time:00:00.24 | Mem:2.60M, Peak:2.60M | Scene, ViewLayer | Updating Images
Fra:1 Mem:24.72M (Peak 29.30M) | Time:00:00.24 | Mem:2.60M, Peak:2.60M | Scene, ViewLayer | Updating Camera Volume
Fra:1 Mem:24.72M (Peak 29.30M) | Time:00:00.24 | Mem:2.60M, Peak:2.60M | Scene, ViewLayer | Updating Lookup Tables
Fra:1 Mem:24.64M (Peak 29.30M) | Time:00:00.24 | Mem:2.70M, Peak:2.70M | Scene, ViewLayer | Updating Lights
Fra:1 Mem:24.64M (Peak 29.30M) | Time:00:00.24 | Mem:2.70M, Peak:2.70M | Scene, ViewLayer | Updating Lights | Computing tree
Fra:1 Mem:24.64M (Peak 29.30M) | Time:00:00.24 | Mem:2.70M, Peak:2.70M | Scene, ViewLayer | Updating Integrator
Fra:1 Mem:24.64M (Peak 29.30M) | Time:00:00.24 | Mem:2.70M, Peak:2.70M | Scene, ViewLayer | Updating Film
Fra:1 Mem:24.72M (Peak 29.30M) | Time:00:00.24 | Mem:2.61M, Peak:2.70M | Scene, ViewLayer | Updating Lookup Tables
Fra:1 Mem:24.64M (Peak 29.30M) | Time:00:00.24 | Mem:2.70M, Peak:2.70M | Scene, ViewLayer | Updating Baking
Fra:1 Mem:24.64M (Peak 29.30M) | Time:00:00.24 | Mem:2.70M, Peak:2.70M | Scene, ViewLayer | Updating Device | Writing constant memory
Fra:1 Mem:24.64M (Peak 29.30M) | Time:00:00.27 | Mem:2.70M, Peak:2.70M | Scene, ViewLayer | Loading denoising kernels (may take a few minutes the first time)
Fra:1 Mem:24.64M (Peak 56.64M) | Time:00:00.27 | Mem:2818.71M, Peak:2818.71M | Scene, ViewLayer | Sample 0/12 (Using optimized kernels)
Fra:1 Mem:24.63M (Peak 60.15M) | Time:00:00.45 | Remaining:00:01.92 | Mem:2854.26M, Peak:2854.26M | Scene, ViewLayer | Sample 1/12 (Using optimized kernels)
Fra:1 Mem:39.59M (Peak 62.02M) | Time:00:04.77 | Mem:2854.26M, Peak:2854.26M | Scene, ViewLayer | Sample 12/12 (Using optimized kernels)
Fra:1 Mem:39.59M (Peak 62.02M) | Time:00:04.77 | Mem:2854.26M, Peak:2854.26M | Scene, ViewLayer | Finished
Saved: '/Users/chikumatsuboi/Code/animal-racers-western/assets/source/western/qa/form-cycle-3/after/unicorn-fight-side.png'
Time: 00:04.90 (Saving: 00:00.08)

RENDERED unicorn

Blender quit
