Blender 4.5.9 LTS (hash 8bf95cbd38d1 built 2026-04-21 01:30:46)
Read blend: "/Users/chikumatsuboi/Code/animal-racers-western/assets/source/western/wolf.blend"
Fra:1 Mem:28.73M (Peak 28.73M) | Time:00:00.00 | Mem:0.02M, Peak:0.02M | Scene, ViewLayer | Synchronizing object | Body • continuous sculpted skin
Fra:1 Mem:28.73M (Peak 28.73M) | Time:00:00.00 | Mem:0.02M, Peak:0.02M | Scene, ViewLayer | Synchronizing object | Paw toe.002
Fra:1 Mem:28.73M (Peak 28.73M) | Time:00:00.01 | Mem:0.02M, Peak:0.02M | Scene, ViewLayer | Synchronizing object | Ivory claw.002
Fra:1 Mem:28.98M (Peak 28.98M) | Time:00:00.01 | Mem:0.02M, Peak:0.02M | Scene, ViewLayer | Synchronizing object | Paw toe.003
Fra:1 Mem:29.02M (Peak 29.02M) | Time:00:00.01 | Mem:0.02M, Peak:0.02M | Scene, ViewLayer | Synchronizing object | Ivory claw.003
Fra:1 Mem:29.05M (Peak 29.05M) | Time:00:00.01 | Mem:0.02M, Peak:0.02M | Scene, ViewLayer | Synchronizing object | Ivory claw.004
Fra:1 Mem:29.08M (Peak 29.08M) | Time:00:00.01 | Mem:0.02M, Peak:0.02M | Scene, ViewLayer | Synchronizing object | Ivory claw.006
Fra:1 Mem:29.10M (Peak 29.10M) | Time:00:00.01 | Mem:0.02M, Peak:0.02M | Scene, ViewLayer | Synchronizing object | Paw toe.007
Fra:1 Mem:29.12M (Peak 29.12M) | Time:00:00.01 | Mem:0.02M, Peak:0.02M | Scene, ViewLayer | Synchronizing object | Ivory claw.007
Fra:1 Mem:29.17M (Peak 29.17M) | Time:00:00.01 | Mem:0.02M, Peak:0.02M | Scene, ViewLayer | Synchronizing object | Ivory claw.008
Fra:1 Mem:29.18M (Peak 29.18M) | Time:00:00.01 | Mem:0.02M, Peak:0.02M | Scene, ViewLayer | Synchronizing object | Paw toe.009
Fra:1 Mem:29.22M (Peak 29.22M) | Time:00:00.01 | Mem:0.02M, Peak:0.02M | Scene, ViewLayer | Synchronizing object | Ivory claw.009
Fra:1 Mem:29.23M (Peak 29.23M) | Time:00:00.01 | Mem:0.02M, Peak:0.02M | Scene, ViewLayer | Synchronizing object | Paw toe.010
Fra:1 Mem:29.25M (Peak 29.25M) | Time:00:00.01 | Mem:0.02M, Peak:0.02M | Scene, ViewLayer | Synchronizing object | Ivory claw.010
Fra:1 Mem:29.27M (Peak 29.27M) | Time:00:00.01 | Mem:0.02M, Peak:0.02M | Scene, ViewLayer | Synchronizing object | Head • species sculpt
Fra:1 Mem:29.35M (Peak 29.35M) | Time:00:00.01 | Mem:0.02M, Peak:0.02M | Scene, ViewLayer | Synchronizing object | Heart shaped nose
Fra:1 Mem:29.51M (Peak 29.51M) | Time:00:00.01 | Mem:0.02M, Peak:0.02M | Scene, ViewLayer | Synchronizing object | Eye socket
Fra:1 Mem:29.66M (Peak 29.66M) | Time:00:00.01 | Mem:0.02M, Peak:0.02M | Scene, ViewLayer | Synchronizing object | Iris
Fra:1 Mem:29.69M (Peak 29.69M) | Time:00:00.01 | Mem:0.02M, Peak:0.02M | Scene, ViewLayer | Synchronizing object | Pupil
Fra:1 Mem:29.79M (Peak 29.79M) | Time:00:00.01 | Mem:0.02M, Peak:0.02M | Scene, ViewLayer | Synchronizing object | Eye glint
Fra:1 Mem:29.82M (Peak 29.82M) | Time:00:00.01 | Mem:0.02M, Peak:0.02M | Scene, ViewLayer | Synchronizing object | Expressive brow
Fra:1 Mem:29.82M (Peak 29.82M) | Time:00:00.01 | Mem:0.02M, Peak:0.02M | Scene, ViewLayer | Synchronizing object | Smiling mouth
Fra:1 Mem:29.83M (Peak 29.83M) | Time:00:00.01 | Mem:0.02M, Peak:0.02M | Scene, ViewLayer | Synchronizing object | Whisker pore.001
Fra:1 Mem:29.85M (Peak 29.85M) | Time:00:00.01 | Mem:0.02M, Peak:0.02M | Scene, ViewLayer | Synchronizing object | Whisker pore.002
Fra:1 Mem:29.87M (Peak 29.87M) | Time:00:00.01 | Mem:0.02M, Peak:0.02M | Scene, ViewLayer | Synchronizing object | Ivory eye.001
Fra:1 Mem:29.94M (Peak 29.94M) | Time:00:00.01 | Mem:0.02M, Peak:0.02M | Scene, ViewLayer | Synchronizing object | Iris.001
Fra:1 Mem:30.05M (Peak 30.05M) | Time:00:00.01 | Mem:0.02M, Peak:0.02M | Scene, ViewLayer | Synchronizing object | Pupil.001
Fra:1 Mem:30.03M (Peak 30.05M) | Time:00:00.01 | Mem:0.02M, Peak:0.02M | Scene, ViewLayer | Synchronizing object | Expressive brow.001
Fra:1 Mem:30.07M (Peak 30.07M) | Time:00:00.01 | Mem:0.02M, Peak:0.02M | Scene, ViewLayer | Synchronizing object | Whisker pore.003
Fra:1 Mem:30.12M (Peak 30.12M) | Time:00:00.01 | Mem:0.02M, Peak:0.02M | Scene, ViewLayer | Synchronizing object | Whisker pore.004
Fra:1 Mem:30.13M (Peak 30.13M) | Time:00:00.01 | Mem:0.02M, Peak:0.02M | Scene, ViewLayer | Synchronizing object | Whisker pore.005
Fra:1 Mem:30.14M (Peak 30.14M) | Time:00:00.01 | Mem:0.02M, Peak:0.02M | Scene, ViewLayer | Synchronizing object | Mandible floor
Fra:1 Mem:30.15M (Peak 30.15M) | Time:00:00.01 | Mem:0.02M, Peak:0.02M | Scene, ViewLayer | Synchronizing object | Connected outer cheek
Fra:1 Mem:30.18M (Peak 30.18M) | Time:00:00.01 | Mem:0.02M, Peak:0.02M | Scene, ViewLayer | Synchronizing object | Connected outer cheek.001
Fra:1 Mem:30.20M (Peak 30.20M) | Time:00:00.01 | Mem:0.02M, Peak:0.02M | Scene, ViewLayer | Synchronizing object | Howl tongue
Fra:1 Mem:30.21M (Peak 30.21M) | Time:00:00.01 | Mem:0.02M, Peak:0.02M | Scene, ViewLayer | Synchronizing object | Lower canine
Fra:1 Mem:30.22M (Peak 30.22M) | Time:00:00.01 | Mem:0.02M, Peak:0.02M | Scene, ViewLayer | Synchronizing object | Inner ear
Fra:1 Mem:30.25M (Peak 30.25M) | Time:00:00.01 | Mem:0.02M, Peak:0.02M | Scene, ViewLayer | Synchronizing object | Pointed species ear.001
Fra:1 Mem:30.23M (Peak 30.25M) | Time:00:00.01 | Mem:0.02M, Peak:0.02M | Scene, ViewLayer | Synchronizing object | Swept cheek ruff
Fra:1 Mem:30.24M (Peak 30.25M) | Time:00:00.01 | Mem:0.02M, Peak:0.02M | Scene, ViewLayer | Synchronizing object | Swept cheek ruff.001
Fra:1 Mem:30.27M (Peak 30.27M) | Time:00:00.01 | Mem:0.02M, Peak:0.02M | Scene, ViewLayer | Synchronizing object | Sky fill
Fra:1 Mem:30.28M (Peak 30.28M) | Time:00:00.01 | Mem:0.02M, Peak:0.02M | Scene, ViewLayer | Synchronizing object | Sunset key
Fra:1 Mem:30.28M (Peak 30.28M) | Time:00:00.01 | Mem:0.02M, Peak:0.02M | Scene, ViewLayer | Synchronizing object | Plane
Fra:1 Mem:30.28M (Peak 30.28M) | Time:00:00.01 | Mem:0.02M, Peak:0.02M | Scene, ViewLayer | Synchronizing object | Swept cheek ruff.003
Fra:1 Mem:30.29M (Peak 30.29M) | Time:00:00.01 | Mem:0.02M, Peak:0.02M | Scene, ViewLayer | Synchronizing object | Raised elemental crest
Fra:1 Mem:30.28M (Peak 30.29M) | Time:00:00.01 | Mem:0.02M, Peak:0.02M | Scene, ViewLayer | Synchronizing object | Swept cheek ruff.005
Fra:1 Mem:30.29M (Peak 30.29M) | Time:00:00.01 | Mem:0.02M, Peak:0.02M | Scene, ViewLayer | Synchronizing object | Swept cheek ruff.006
Fra:1 Mem:30.29M (Peak 30.29M) | Time:00:00.01 | Mem:0.02M, Peak:0.02M | Scene, ViewLayer | Synchronizing object | Swept cheek ruff.007
Fra:1 Mem:30.30M (Peak 30.30M) | Time:00:00.01 | Mem:0.02M, Peak:0.02M | Scene, ViewLayer | Synchronizing object | Ice swept crest
Fra:1 Mem:30.31M (Peak 30.31M) | Time:00:00.01 | Mem:0.02M, Peak:0.02M | Scene, ViewLayer | Synchronizing object | Ice swept crest.001
Fra:1 Mem:30.30M (Peak 30.31M) | Time:00:00.01 | Mem:0.02M, Peak:0.02M | Scene, ViewLayer | Synchronizing object | Ice swept crest.002
Fra:1 Mem:30.31M (Peak 30.31M) | Time:00:00.01 | Mem:0.02M, Peak:0.02M | Scene, ViewLayer | Synchronizing object | Brass crest clasp
Fra:1 Mem:30.31M (Peak 30.31M) | Time:00:00.01 | Mem:0.02M, Peak:0.02M | Scene, ViewLayer | Synchronizing object | Ice swept crest.003
Fra:1 Mem:30.33M (Peak 30.33M) | Time:00:00.01 | Mem:0.02M, Peak:0.02M | Scene, ViewLayer | Synchronizing object | Ice swept crest.004
Fra:1 Mem:30.34M (Peak 30.34M) | Time:00:00.01 | Mem:0.02M, Peak:0.02M | Scene, ViewLayer | Synchronizing object | Ice swept crest.005
Fra:1 Mem:30.34M (Peak 30.34M) | Time:00:00.01 | Mem:0.02M, Peak:0.02M | Scene, ViewLayer | Synchronizing object | Layered shoulder fur
Fra:1 Mem:30.35M (Peak 30.35M) | Time:00:00.01 | Mem:0.02M, Peak:0.02M | Scene, ViewLayer | Synchronizing object | Layered shoulder fur.001
Fra:1 Mem:30.37M (Peak 30.37M) | Time:00:00.01 | Mem:0.02M, Peak:0.02M | Scene, ViewLayer | Synchronizing object | Layered shoulder fur.002
Fra:1 Mem:30.37M (Peak 30.37M) | Time:00:00.01 | Mem:0.02M, Peak:0.02M | Scene, ViewLayer | Synchronizing object | Wrist fur.001
Fra:1 Mem:30.36M (Peak 30.37M) | Time:00:00.01 | Mem:0.02M, Peak:0.02M | Scene, ViewLayer | Synchronizing object | Wrist fur.002
Fra:1 Mem:30.36M (Peak 30.37M) | Time:00:00.01 | Mem:0.02M, Peak:0.02M | Scene, ViewLayer | Synchronizing object | Leather neckerchief roll
Fra:1 Mem:30.37M (Peak 30.37M) | Time:00:00.01 | Mem:0.02M, Peak:0.02M | Scene, ViewLayer | Synchronizing object | Layered shoulder fur.003
Fra:1 Mem:30.37M (Peak 30.37M) | Time:00:00.01 | Mem:0.02M, Peak:0.02M | Scene, ViewLayer | Synchronizing object | Layered shoulder fur.004
Fra:1 Mem:30.38M (Peak 30.38M) | Time:00:00.01 | Mem:0.02M, Peak:0.02M | Scene, ViewLayer | Synchronizing object | Layered shoulder fur.005
Fra:1 Mem:30.39M (Peak 30.39M) | Time:00:00.01 | Mem:0.02M, Peak:0.02M | Scene, ViewLayer | Synchronizing object | Wrist fur.004
Fra:1 Mem:30.40M (Peak 30.40M) | Time:00:00.01 | Mem:0.02M, Peak:0.02M | Scene, ViewLayer | Synchronizing object | Wrist fur.005
Fra:1 Mem:30.42M (Peak 30.42M) | Time:00:00.01 | Mem:0.02M, Peak:0.02M | Scene, ViewLayer | Synchronizing object | Layered shoulder fur.006
Fra:1 Mem:30.41M (Peak 30.42M) | Time:00:00.01 | Mem:0.02M, Peak:0.02M | Scene, ViewLayer | Synchronizing object | Wrist fur.006
Fra:1 Mem:30.41M (Peak 30.42M) | Time:00:00.01 | Mem:0.02M, Peak:0.02M | Scene, ViewLayer | Synchronizing object | Wrist fur.008
Fra:1 Mem:30.42M (Peak 30.42M) | Time:00:00.01 | Mem:0.02M, Peak:0.02M | Scene, ViewLayer | Synchronizing object | Articulated tail
Fra:1 Mem:30.44M (Peak 30.44M) | Time:00:00.01 | Mem:0.02M, Peak:0.02M | Scene, ViewLayer | Synchronizing object | Layered shoulder fur.009
Fra:1 Mem:30.46M (Peak 30.46M) | Time:00:00.01 | Mem:0.02M, Peak:0.02M | Scene, ViewLayer | Synchronizing object | Wrist fur.011
Fra:1 Mem:30.46M (Peak 30.46M) | Time:00:00.01 | Mem:0.02M, Peak:0.02M | Scene, ViewLayer | Synchronizing object | Layered shoulder fur.010
Fra:1 Mem:30.48M (Peak 30.48M) | Time:00:00.01 | Mem:0.02M, Peak:0.02M | Scene, ViewLayer | Synchronizing object | Layered shoulder fur.011
Fra:1 Mem:30.47M (Peak 30.48M) | Time:00:00.01 | Mem:0.02M, Peak:0.02M | Scene, ViewLayer | Synchronizing object | Wrist fur.009
Fra:1 Mem:30.50M (Peak 30.50M) | Time:00:00.01 | Mem:0.02M, Peak:0.02M | Scene, ViewLayer | Initializing
Fra:1 Mem:28.85M (Peak 30.50M) | Time:00:00.01 | Mem:0.02M, Peak:0.02M | Scene, ViewLayer | Updating Images | Loading Authored short-fur normal
Fra:1 Mem:24.68M (Peak 30.50M) | Time:00:00.03 | Mem:0.27M, Peak:0.27M | Scene, ViewLayer | Waiting for render to start
Fra:1 Mem:24.68M (Peak 30.50M) | Time:00:00.03 | Mem:0.27M, Peak:0.27M | Scene, ViewLayer | Updating Scene
Fra:1 Mem:24.68M (Peak 30.50M) | Time:00:00.03 | Mem:0.27M, Peak:0.27M | Scene, ViewLayer | Updating Shaders
Fra:1 Mem:24.68M (Peak 30.50M) | Time:00:00.03 | Mem:0.27M, Peak:0.27M | Scene, ViewLayer | Loading render kernels (may take a few minutes the first time)
Fra:1 Mem:24.76M (Peak 30.50M) | Time:00:00.09 | Mem:0.28M, Peak:0.28M | Scene, ViewLayer | Updating Procedurals
Fra:1 Mem:24.76M (Peak 30.50M) | Time:00:00.09 | Mem:0.28M, Peak:0.28M | Scene, ViewLayer | Updating Background
Fra:1 Mem:24.76M (Peak 30.50M) | Time:00:00.09 | Mem:0.28M, Peak:0.28M | Scene, ViewLayer | Updating Camera
Fra:1 Mem:24.76M (Peak 30.50M) | Time:00:00.09 | Mem:0.28M, Peak:0.28M | Scene, ViewLayer | Updating Meshes Flags
Fra:1 Mem:24.76M (Peak 30.50M) | Time:00:00.09 | Mem:0.28M, Peak:0.28M | Scene, ViewLayer | Updating Objects
Fra:1 Mem:24.76M (Peak 30.50M) | Time:00:00.09 | Mem:0.28M, Peak:0.28M | Scene, ViewLayer | Updating Objects | Copying Transformations to device
Fra:1 Mem:24.76M (Peak 30.50M) | Time:00:00.09 | Mem:0.31M, Peak:0.31M | Scene, ViewLayer | Updating Particle Systems
Fra:1 Mem:24.76M (Peak 30.50M) | Time:00:00.09 | Mem:0.31M, Peak:0.31M | Scene, ViewLayer | Updating Particle Systems | Copying Particles to device
Fra:1 Mem:24.76M (Peak 30.50M) | Time:00:00.09 | Mem:0.31M, Peak:0.31M | Scene, ViewLayer | Updating Meshes
Fra:1 Mem:25.53M (Peak 30.50M) | Time:00:00.10 | Mem:0.31M, Peak:0.31M | Scene, ViewLayer | Updating Objects | Applying Static Transformations
Fra:1 Mem:25.53M (Peak 30.50M) | Time:00:00.10 | Mem:0.31M, Peak:0.31M | Scene, ViewLayer | Updating Mesh | Computing attributes
Fra:1 Mem:26.61M (Peak 30.50M) | Time:00:00.10 | Mem:0.33M, Peak:0.33M | Scene, ViewLayer | Updating Mesh | Copying Attributes to device
Fra:1 Mem:25.53M (Peak 30.50M) | Time:00:00.22 | Mem:1.42M, Peak:1.42M | Scene, ViewLayer | Updating Geometry BVH ribcage 2/94 | Building BVH
Fra:1 Mem:25.53M (Peak 30.50M) | Time:00:00.22 | Mem:1.42M, Peak:1.42M | Scene, ViewLayer | Updating Geometry BVH Ivory claw.002 8/109 | Building BVH
Fra:1 Mem:25.53M (Peak 30.50M) | Time:00:00.22 | Mem:1.42M, Peak:1.42M | Scene, ViewLayer | Updating Geometry BVH Warm rim 109/109 | Building BVH
Fra:1 Mem:25.53M (Peak 30.50M) | Time:00:00.22 | Mem:1.42M, Peak:1.42M | Scene, ViewLayer | Updating Geometry BVH Sky fill 108/109 | Building BVH
Fra:1 Mem:25.53M (Peak 30.50M) | Time:00:00.22 | Mem:1.42M, Peak:1.42M | Scene, ViewLayer | Updating Geometry BVH Sky fill 108/109 | Building mesh BLAS |     192 tris | Paw toe.001
Fra:1 Mem:25.53M (Peak 30.50M) | Time:00:00.22 | Mem:1.42M, Peak:1.42M | Scene, ViewLayer | Updating Geometry BVH Sunset key 107/109 | Building mesh BLAS |     192 tris | Paw toe.002
Fra:1 Mem:25.53M (Peak 30.50M) | Time:00:00.22 | Mem:1.42M, Peak:1.42M | Scene, ViewLayer | Updating Geometry BVH Sunset key 107/109 | Building mesh BLAS |      32 tris | Ivory claw.002
Fra:1 Mem:25.53M (Peak 30.50M) | Time:00:00.22 | Mem:1.42M, Peak:1.42M | Scene, ViewLayer | Updating Geometry BVH Plane 106/109 | Building BVH
Fra:1 Mem:25.53M (Peak 30.50M) | Time:00:00.22 | Mem:1.42M, Peak:1.42M | Scene, ViewLayer | Updating Geometry BVH Plane 106/109 | Building mesh BLAS |       2 tris | Plane
Fra:1 Mem:25.53M (Peak 30.50M) | Time:00:00.22 | Mem:1.42M, Peak:1.42M | Scene, ViewLayer | Updating Geometry BVH Paw toe.003 9/109 | Building BVH
Fra:1 Mem:25.53M (Peak 30.50M) | Time:00:00.22 | Mem:1.42M, Peak:1.42M | Scene, ViewLayer | Updating Geometry BVH Paw toe.004 11/109 | Building BVH
Fra:1 Mem:25.53M (Peak 30.50M) | Time:00:00.22 | Mem:1.42M, Peak:1.42M | Scene, ViewLayer | Updating Geometry BVH Ivory claw.005 14/109 | Building BVH
Fra:1 Mem:25.53M (Peak 30.50M) | Time:00:00.22 | Mem:1.42M, Peak:1.42M | Scene, ViewLayer | Updating Geometry BVH Paw toe.006 15/109 | Building BVH
Fra:1 Mem:25.53M (Peak 30.50M) | Time:00:00.22 | Mem:1.42M, Peak:1.42M | Scene, ViewLayer | Updating Geometry BVH Paw toe.006 15/109 | Building mesh BLAS |      32 tris | Ivory claw.004
Fra:1 Mem:25.53M (Peak 30.50M) | Time:00:00.22 | Mem:1.42M, Peak:1.42M | Scene, ViewLayer | Updating Geometry BVH Paw toe.006 15/109 | Building mesh BLAS |     192 tris | Paw toe.006
Fra:1 Mem:25.53M (Peak 30.50M) | Time:00:00.22 | Mem:1.42M, Peak:1.42M | Scene, ViewLayer | Updating Geometry BVH Paw toe.006 15/109 | Building mesh BLAS |      26 tris | Raised elemental crest
Fra:1 Mem:25.53M (Peak 30.50M) | Time:00:00.22 | Mem:1.42M, Peak:1.42M | Scene, ViewLayer | Updating Geometry BVH Paw toe.006 15/109 | Building mesh BLAS |     192 tris | Paw toe.005
Fra:1 Mem:25.53M (Peak 30.50M) | Time:00:00.22 | Mem:1.42M, Peak:1.42M | Scene, ViewLayer | Updating Geometry BVH Paw toe.006 15/109 | Building mesh BLAS |     192 tris | Paw toe.004
Fra:1 Mem:25.53M (Peak 30.50M) | Time:00:00.22 | Mem:1.42M, Peak:1.42M | Scene, ViewLayer | Updating Geometry BVH Ivory claw.006 16/109 | Building BVH
Fra:1 Mem:25.53M (Peak 30.50M) | Time:00:00.22 | Mem:1.42M, Peak:1.42M | Scene, ViewLayer | Updating Geometry BVH Ivory claw.006 16/109 | Building mesh BLAS |      32 tris | Ivory claw.006
Fra:1 Mem:25.53M (Peak 30.50M) | Time:00:00.22 | Mem:1.42M, Peak:1.42M | Scene, ViewLayer | Updating Geometry BVH Paw toe.007 17/109 | Building BVH
Fra:1 Mem:25.53M (Peak 30.50M) | Time:00:00.22 | Mem:1.42M, Peak:1.42M | Scene, ViewLayer | Updating Geometry BVH Paw toe.007 17/109 | Building mesh BLAS |     192 tris | Paw toe.007
Fra:1 Mem:25.53M (Peak 30.50M) | Time:00:00.22 | Mem:1.42M, Peak:1.42M | Scene, ViewLayer | Updating Geometry BVH Ivory claw.007 18/109 | Building BVH
Fra:1 Mem:25.53M (Peak 30.50M) | Time:00:00.22 | Mem:1.42M, Peak:1.42M | Scene, ViewLayer | Updating Geometry BVH Ivory claw.007 18/109 | Building mesh BLAS |      32 tris | Ivory claw.007
Fra:1 Mem:25.53M (Peak 30.50M) | Time:00:00.22 | Mem:1.42M, Peak:1.42M | Scene, ViewLayer | Updating Geometry BVH Paw toe.008 19/109 | Building BVH
Fra:1 Mem:25.53M (Peak 30.50M) | Time:00:00.22 | Mem:1.42M, Peak:1.42M | Scene, ViewLayer | Updating Geometry BVH Paw toe.008 19/109 | Building mesh BLAS |     192 tris | Paw toe.008
Fra:1 Mem:25.53M (Peak 30.50M) | Time:00:00.22 | Mem:1.42M, Peak:1.42M | Scene, ViewLayer | Updating Geometry BVH Ivory claw.008 20/109 | Building BVH
Fra:1 Mem:25.53M (Peak 30.50M) | Time:00:00.22 | Mem:1.42M, Peak:1.42M | Scene, ViewLayer | Updating Geometry BVH Ivory claw.009 22/109 | Building mesh BLAS |      32 tris | Ivory claw.008
Fra:1 Mem:25.53M (Peak 30.50M) | Time:00:00.22 | Mem:1.42M, Peak:1.42M | Scene, ViewLayer | Updating Geometry BVH Ivory claw.010 24/109 | Building BVH
Fra:1 Mem:25.53M (Peak 30.50M) | Time:00:00.22 | Mem:1.42M, Peak:1.42M | Scene, ViewLayer | Updating Geometry BVH Ivory claw.010 24/109 | Building mesh BLAS |      32 tris | Ivory claw.010
Fra:1 Mem:25.53M (Peak 30.50M) | Time:00:00.22 | Mem:1.42M, Peak:1.42M | Scene, ViewLayer | Updating Geometry BVH Paw toe.009 21/109 | Building BVH
Fra:1 Mem:25.53M (Peak 30.50M) | Time:00:00.22 | Mem:1.42M, Peak:1.42M | Scene, ViewLayer | Updating Geometry BVH Paw toe.009 21/109 | Building mesh BLAS |     192 tris | Paw toe.009
Fra:1 Mem:25.53M (Peak 30.50M) | Time:00:00.22 | Mem:1.42M, Peak:1.42M | Scene, ViewLayer | Updating Geometry BVH Paw toe.009 21/109 | Building mesh BLAS |      32 tris | Ivory claw.009
Fra:1 Mem:25.53M (Peak 30.50M) | Time:00:00.22 | Mem:1.42M, Peak:1.42M | Scene, ViewLayer | Updating Geometry BVH Paw toe.011 25/109 | Building BVH
Fra:1 Mem:25.53M (Peak 30.50M) | Time:00:00.22 | Mem:1.42M, Peak:1.42M | Scene, ViewLayer | Updating Geometry BVH Paw toe.011 25/109 | Building mesh BLAS |     192 tris | Paw toe.010
Fra:1 Mem:25.53M (Peak 30.50M) | Time:00:00.22 | Mem:1.42M, Peak:1.42M | Scene, ViewLayer | Updating Geometry BVH Ivory claw.011 26/109 | Building BVH
Fra:1 Mem:25.53M (Peak 30.50M) | Time:00:00.22 | Mem:1.42M, Peak:1.42M | Scene, ViewLayer | Updating Geometry BVH Brass crest clasp 104/109 | Building BVH
Fra:1 Mem:25.53M (Peak 30.50M) | Time:00:00.22 | Mem:1.42M, Peak:1.42M | Scene, ViewLayer | Updating Geometry BVH Brass crest clasp 104/109 | Building mesh BLAS |      32 tris | Ivory claw.011
Fra:1 Mem:25.53M (Peak 30.50M) | Time:00:00.22 | Mem:1.42M, Peak:1.42M | Scene, ViewLayer | Updating Geometry BVH Skull 27/109 | Building BVH
Fra:1 Mem:25.53M (Peak 30.50M) | Time:00:00.22 | Mem:1.42M, Peak:1.42M | Scene, ViewLayer | Updating Geometry BVH Skull 27/109 | Building mesh BLAS |     320 tris | Brass crest clasp
Fra:1 Mem:25.53M (Peak 30.50M) | Time:00:00.22 | Mem:1.42M, Peak:1.42M | Scene, ViewLayer | Updating Geometry BVH Skull 27/109 | Building mesh BLAS |    2722 tris | Skull
Fra:1 Mem:25.53M (Peak 30.50M) | Time:00:00.22 | Mem:1.42M, Peak:1.42M | Scene, ViewLayer | Updating Geometry BVH Frost muzzle 28/109 | Building BVH
Fra:1 Mem:25.53M (Peak 30.50M) | Time:00:00.22 | Mem:1.42M, Peak:1.42M | Scene, ViewLayer | Updating Geometry BVH Frost muzzle 28/109 | Building mesh BLAS |     480 tris | Frost muzzle
Fra:1 Mem:25.53M (Peak 30.50M) | Time:00:00.22 | Mem:1.42M, Peak:1.42M | Scene, ViewLayer | Updating Geometry BVH Heart shaped nose 29/109 | Building BVH
Fra:1 Mem:25.53M (Peak 30.50M) | Time:00:00.22 | Mem:1.42M, Peak:1.42M | Scene, ViewLayer | Updating Geometry BVH Eye socket 30/109 | Building mesh BLAS |       6 tris | Heart shaped nose
Fra:1 Mem:25.53M (Peak 30.50M) | Time:00:00.22 | Mem:1.42M, Peak:1.42M | Scene, ViewLayer | Updating Geometry BVH Ivory eye 31/109 | Building BVH
Fra:1 Mem:25.53M (Peak 30.50M) | Time:00:00.22 | Mem:1.42M, Peak:1.42M | Scene, ViewLayer | Updating Geometry BVH Iris 32/109 | Building mesh BLAS |     480 tris | Ivory eye
Fra:1 Mem:25.53M (Peak 30.50M) | Time:00:00.22 | Mem:1.42M, Peak:1.42M | Scene, ViewLayer | Updating Geometry BVH Pupil 33/109 | Building BVH
Fra:1 Mem:25.53M (Peak 30.50M) | Time:00:00.22 | Mem:1.42M, Peak:1.42M | Scene, ViewLayer | Updating Geometry BVH Expressive brow 35/109 | Building BVH
Fra:1 Mem:25.53M (Peak 30.50M) | Time:00:00.22 | Mem:1.42M, Peak:1.42M | Scene, ViewLayer | Updating Geometry BVH Expressive brow 35/109 | Building mesh BLAS |     320 tris | Pupil
Fra:1 Mem:25.53M (Peak 30.50M) | Time:00:00.22 | Mem:1.42M, Peak:1.42M | Scene, ViewLayer | Updating Geometry BVH Smiling mouth 36/109 | Building BVH
Fra:1 Mem:25.53M (Peak 30.50M) | Time:00:00.22 | Mem:1.42M, Peak:1.42M | Scene, ViewLayer | Updating Geometry BVH Smiling mouth 36/109 | Building mesh BLAS |      32 tris | Smiling mouth
Fra:1 Mem:25.53M (Peak 30.50M) | Time:00:00.22 | Mem:1.42M, Peak:1.42M | Scene, ViewLayer | Updating Geometry BVH Neckerchief folded point 103/109 | Building BVH
Fra:1 Mem:25.53M (Peak 30.50M) | Time:00:00.22 | Mem:1.42M, Peak:1.42M | Scene, ViewLayer | Updating Geometry BVH Neckerchief folded point 103/109 | Building mesh BLAS |      44 tris | Expressive brow
Fra:1 Mem:25.53M (Peak 30.50M) | Time:00:00.22 | Mem:1.42M, Peak:1.42M | Scene, ViewLayer | Updating Geometry BVH Neckerchief folded point 103/109 | Building mesh BLAS |       4 tris | Neckerchief folded point
Fra:1 Mem:25.53M (Peak 30.50M) | Time:00:00.22 | Mem:1.42M, Peak:1.42M | Scene, ViewLayer | Updating Geometry BVH Whisker pore 37/109 | Building BVH
Fra:1 Mem:25.53M (Peak 30.50M) | Time:00:00.22 | Mem:1.42M, Peak:1.42M | Scene, ViewLayer | Updating Geometry BVH Whisker pore.001 38/109 | Building BVH
Fra:1 Mem:25.53M (Peak 30.50M) | Time:00:00.22 | Mem:1.42M, Peak:1.42M | Scene, ViewLayer | Updating Geometry BVH Whisker pore.001 38/109 | Building mesh BLAS |      64 tris | Whisker pore.001
Fra:1 Mem:25.53M (Peak 30.50M) | Time:00:00.22 | Mem:1.42M, Peak:1.42M | Scene, ViewLayer | Updating Geometry BVH Whisker pore.002 39/109 | Building BVH
Fra:1 Mem:25.53M (Peak 30.50M) | Time:00:00.22 | Mem:1.42M, Peak:1.42M | Scene, ViewLayer | Updating Geometry BVH Whisker pore.002 39/109 | Building mesh BLAS |      64 tris | Whisker pore.002
Fra:1 Mem:25.53M (Peak 30.50M) | Time:00:00.22 | Mem:1.42M, Peak:1.42M | Scene, ViewLayer | Updating Geometry BVH Eye socket.001 40/109 | Building mesh BLAS |     480 tris | Eye socket
Fra:1 Mem:25.53M (Peak 30.50M) | Time:00:00.22 | Mem:1.42M, Peak:1.42M | Scene, ViewLayer | Updating Geometry BVH Eye socket.001 40/109 | Building mesh BLAS |     480 tris | Eye socket.001
Fra:1 Mem:25.53M (Peak 30.50M) | Time:00:00.22 | Mem:1.42M, Peak:1.42M | Scene, ViewLayer | Updating Geometry BVH Ivory eye.001 41/109 | Building BVH
Fra:1 Mem:25.53M (Peak 30.50M) | Time:00:00.22 | Mem:1.42M, Peak:1.42M | Scene, ViewLayer | Updating Geometry BVH Iris.001 42/109 | Building BVH
Fra:1 Mem:25.53M (Peak 30.50M) | Time:00:00.22 | Mem:1.42M, Peak:1.42M | Scene, ViewLayer | Updating Geometry BVH Iris.001 42/109 | Building mesh BLAS |     480 tris | Ivory eye.001
Fra:1 Mem:25.53M (Peak 30.50M) | Time:00:00.22 | Mem:1.42M, Peak:1.42M | Scene, ViewLayer | Updating Geometry BVH Iris.001 42/109 | Building mesh BLAS |     480 tris | Iris.001
Fra:1 Mem:25.53M (Peak 30.50M) | Time:00:00.22 | Mem:1.42M, Peak:1.42M | Scene, ViewLayer | Updating Geometry BVH Iris.001 42/109 | Building mesh BLAS |      64 tris | Whisker pore
Fra:1 Mem:25.53M (Peak 30.50M) | Time:00:00.22 | Mem:1.42M, Peak:1.42M | Scene, ViewLayer | Updating Geometry BVH Pupil.001 43/109 | Building BVH
Fra:1 Mem:25.53M (Peak 30.50M) | Time:00:00.22 | Mem:1.42M, Peak:1.42M | Scene, ViewLayer | Updating Geometry BVH Pupil.001 43/109 | Building mesh BLAS |     320 tris | Pupil.001
Fra:1 Mem:25.53M (Peak 30.50M) | Time:00:00.22 | Mem:1.42M, Peak:1.42M | Scene, ViewLayer | Updating Geometry BVH Eye glint.001 44/109 | Building BVH
Fra:1 Mem:25.53M (Peak 30.50M) | Time:00:00.22 | Mem:1.42M, Peak:1.42M | Scene, ViewLayer | Updating Geometry BVH Eye glint.001 44/109 | Building mesh BLAS |     192 tris | Eye glint.001
Fra:1 Mem:25.53M (Peak 30.50M) | Time:00:00.22 | Mem:1.42M, Peak:1.42M | Scene, ViewLayer | Updating Geometry BVH Expressive brow.001 45/109 | Building BVH
Fra:1 Mem:25.53M (Peak 30.50M) | Time:00:00.22 | Mem:1.42M, Peak:1.42M | Scene, ViewLayer | Updating Geometry BVH Expressive brow.001 45/109 | Building mesh BLAS |      44 tris | Expressive brow.001
Fra:1 Mem:25.53M (Peak 30.50M) | Time:00:00.22 | Mem:1.42M, Peak:1.42M | Scene, ViewLayer | Updating Geometry BVH Leather neckerchief roll 102/109 | Building BVH
Fra:1 Mem:25.53M (Peak 30.50M) | Time:00:00.22 | Mem:1.42M, Peak:1.42M | Scene, ViewLayer | Updating Geometry BVH Leather neckerchief roll 102/109 | Building mesh BLAS |      76 tris | Leather neckerchief roll
Fra:1 Mem:25.53M (Peak 30.50M) | Time:00:00.23 | Mem:1.42M, Peak:1.42M | Scene, ViewLayer | Updating Geometry BVH Whisker pore.003 47/109 | Building BVH
Fra:1 Mem:25.53M (Peak 30.50M) | Time:00:00.23 | Mem:1.42M, Peak:1.42M | Scene, ViewLayer | Updating Geometry BVH Whisker pore.004 48/109 | Building BVH
Fra:1 Mem:25.53M (Peak 30.50M) | Time:00:00.23 | Mem:1.42M, Peak:1.42M | Scene, ViewLayer | Updating Geometry BVH Whisker pore.004 48/109 | Building mesh BLAS |      64 tris | Whisker pore.003
Fra:1 Mem:25.53M (Peak 30.50M) | Time:00:00.23 | Mem:1.42M, Peak:1.42M | Scene, ViewLayer | Updating Geometry BVH Whisker pore.005 49/109 | Building mesh BLAS |      32 tris | Smiling mouth.001
Fra:1 Mem:25.53M (Peak 30.50M) | Time:00:00.23 | Mem:1.42M, Peak:1.42M | Scene, ViewLayer | Updating Geometry BVH Whisker pore.005 49/109 | Building mesh BLAS |      64 tris | Whisker pore.004
Fra:1 Mem:25.53M (Peak 30.50M) | Time:00:00.23 | Mem:1.42M, Peak:1.42M | Scene, ViewLayer | Updating Geometry BVH Lower jaw 50/109 | Building BVH
Fra:1 Mem:25.53M (Peak 30.50M) | Time:00:00.23 | Mem:1.42M, Peak:1.42M | Scene, ViewLayer | Updating Geometry BVH Connected inner mouth sleeve 51/109 | Building BVH
Fra:1 Mem:25.53M (Peak 30.50M) | Time:00:00.23 | Mem:1.42M, Peak:1.42M | Scene, ViewLayer | Updating Geometry BVH Connected inner mouth sleeve 51/109 | Building mesh BLAS |      64 tris | Whisker pore.005
Fra:1 Mem:25.53M (Peak 30.50M) | Time:00:00.23 | Mem:1.42M, Peak:1.42M | Scene, ViewLayer | Updating Geometry BVH Connected inner mouth sleeve 51/109 | Building mesh BLAS |     400 tris | Lower jaw
Fra:1 Mem:25.53M (Peak 30.50M) | Time:00:00.23 | Mem:1.42M, Peak:1.42M | Scene, ViewLayer | Updating Geometry BVH Articulated tail 101/109 | Building BVH
Fra:1 Mem:25.53M (Peak 30.50M) | Time:00:00.23 | Mem:1.42M, Peak:1.42M | Scene, ViewLayer | Updating Geometry BVH Mandible floor 53/109 | Building BVH
Fra:1 Mem:25.53M (Peak 30.50M) | Time:00:00.23 | Mem:1.42M, Peak:1.42M | Scene, ViewLayer | Updating Geometry BVH Mandible floor 53/109 | Building mesh BLAS |     268 tris | Articulated tail
Fra:1 Mem:25.53M (Peak 30.50M) | Time:00:00.23 | Mem:1.42M, Peak:1.42M | Scene, ViewLayer | Updating Geometry BVH Connected outer cheek 54/109 | Building BVH
Fra:1 Mem:25.53M (Peak 30.50M) | Time:00:00.23 | Mem:1.42M, Peak:1.42M | Scene, ViewLayer | Updating Geometry BVH Connected outer cheek 54/109 | Building mesh BLAS |      22 tris | Mandible floor
Fra:1 Mem:25.53M (Peak 30.50M) | Time:00:00.23 | Mem:1.42M, Peak:1.42M | Scene, ViewLayer | Updating Geometry BVH Connected outer cheek 54/109 | Building mesh BLAS |      22 tris | Upper palate
Fra:1 Mem:25.53M (Peak 30.50M) | Time:00:00.23 | Mem:1.42M, Peak:1.42M | Scene, ViewLayer | Updating Geometry BVH Connected outer cheek 54/109 | Building mesh BLAS |      24 tris | Connected outer cheek
Fra:1 Mem:25.53M (Peak 30.50M) | Time:00:00.23 | Mem:1.42M, Peak:1.42M | Scene, ViewLayer | Updating Geometry BVH Connected outer cheek.001 55/109 | Building BVH
Fra:1 Mem:25.53M (Peak 30.50M) | Time:00:00.23 | Mem:1.42M, Peak:1.42M | Scene, ViewLayer | Updating Geometry BVH Connected outer cheek.001 55/109 | Building mesh BLAS |      24 tris | Connected outer cheek.001
Fra:1 Mem:25.53M (Peak 30.50M) | Time:00:00.23 | Mem:1.42M, Peak:1.42M | Scene, ViewLayer | Updating Geometry BVH Howl tongue 56/109 | Building BVH
Fra:1 Mem:25.53M (Peak 30.50M) | Time:00:00.23 | Mem:1.42M, Peak:1.42M | Scene, ViewLayer | Updating Geometry BVH Wrist fur.011 100/109 | Building BVH
Fra:1 Mem:25.53M (Peak 30.50M) | Time:00:00.23 | Mem:1.42M, Peak:1.42M | Scene, ViewLayer | Updating Geometry BVH Wrist fur.011 100/109 | Building mesh BLAS |      44 tris | Wrist fur.011
Fra:1 Mem:25.53M (Peak 30.50M) | Time:00:00.23 | Mem:1.42M, Peak:1.42M | Scene, ViewLayer | Updating Geometry BVH Lower canine 57/109 | Building BVH
Fra:1 Mem:25.53M (Peak 30.50M) | Time:00:00.23 | Mem:1.42M, Peak:1.42M | Scene, ViewLayer | Updating Geometry BVH Lower canine 57/109 | Building mesh BLAS |      38 tris | Lower canine
Fra:1 Mem:25.53M (Peak 30.50M) | Time:00:00.23 | Mem:1.42M, Peak:1.42M | Scene, ViewLayer | Updating Geometry BVH Lower canine.001 58/109 | Building BVH
Fra:1 Mem:25.53M (Peak 30.50M) | Time:00:00.23 | Mem:1.42M, Peak:1.42M | Scene, ViewLayer | Updating Geometry BVH Lower canine.001 58/109 | Building mesh BLAS |      38 tris | Lower canine.001
Fra:1 Mem:25.53M (Peak 30.50M) | Time:00:00.23 | Mem:1.42M, Peak:1.42M | Scene, ViewLayer | Updating Geometry BVH Pointed species ear 59/109 | Building BVH
Fra:1 Mem:25.53M (Peak 30.50M) | Time:00:00.23 | Mem:1.42M, Peak:1.42M | Scene, ViewLayer | Updating Geometry BVH Pointed species ear 59/109 | Building mesh BLAS |       6 tris | Pointed species ear
Fra:1 Mem:25.53M (Peak 30.50M) | Time:00:00.23 | Mem:1.42M, Peak:1.42M | Scene, ViewLayer | Updating Geometry BVH Inner ear 60/109 | Building BVH
Fra:1 Mem:25.53M (Peak 30.50M) | Time:00:00.23 | Mem:1.42M, Peak:1.42M | Scene, ViewLayer | Updating Geometry BVH Inner ear 60/109 | Building mesh BLAS |       3 tris | Inner ear
Fra:1 Mem:25.53M (Peak 30.50M) | Time:00:00.23 | Mem:1.42M, Peak:1.42M | Scene, ViewLayer | Updating Geometry BVH Pointed species ear.001 61/109 | Building BVH
Fra:1 Mem:25.53M (Peak 30.50M) | Time:00:00.23 | Mem:1.42M, Peak:1.42M | Scene, ViewLayer | Updating Geometry BVH Pointed species ear.001 61/109 | Building mesh BLAS |       6 tris | Pointed species ear.001
Fra:1 Mem:25.53M (Peak 30.50M) | Time:00:00.23 | Mem:1.42M, Peak:1.42M | Scene, ViewLayer | Updating Geometry BVH Pointed species ear.001 61/109 | Building mesh BLAS |      44 tris | Wrist fur.010
Fra:1 Mem:25.53M (Peak 30.50M) | Time:00:00.23 | Mem:1.42M, Peak:1.42M | Scene, ViewLayer | Updating Geometry BVH Inner ear.001 62/109 | Building BVH
Fra:1 Mem:25.53M (Peak 30.50M) | Time:00:00.23 | Mem:1.42M, Peak:1.42M | Scene, ViewLayer | Updating Geometry BVH Inner ear.001 62/109 | Building mesh BLAS |       3 tris | Inner ear.001
Fra:1 Mem:25.53M (Peak 30.50M) | Time:00:00.23 | Mem:1.42M, Peak:1.42M | Scene, ViewLayer | Updating Geometry BVH Swept cheek ruff 63/109 | Building BVH
Fra:1 Mem:25.53M (Peak 30.50M) | Time:00:00.23 | Mem:1.42M, Peak:1.42M | Scene, ViewLayer | Updating Geometry BVH Swept cheek ruff 63/109 | Building mesh BLAS |      44 tris | Swept cheek ruff
Fra:1 Mem:25.53M (Peak 30.50M) | Time:00:00.23 | Mem:1.42M, Peak:1.42M | Scene, ViewLayer | Updating Geometry BVH Swept cheek ruff.001 64/109 | Building BVH
Fra:1 Mem:25.53M (Peak 30.50M) | Time:00:00.23 | Mem:1.42M, Peak:1.42M | Scene, ViewLayer | Updating Geometry BVH Swept cheek ruff.001 64/109 | Building mesh BLAS |      44 tris | Swept cheek ruff.001
Fra:1 Mem:25.53M (Peak 30.50M) | Time:00:00.23 | Mem:1.42M, Peak:1.42M | Scene, ViewLayer | Updating Geometry BVH Swept cheek ruff.002 65/109 | Building BVH
Fra:1 Mem:25.53M (Peak 30.50M) | Time:00:00.23 | Mem:1.42M, Peak:1.42M | Scene, ViewLayer | Updating Geometry BVH Swept cheek ruff.003 66/109 | Building BVH
Fra:1 Mem:25.53M (Peak 30.50M) | Time:00:00.23 | Mem:1.42M, Peak:1.42M | Scene, ViewLayer | Updating Geometry BVH Swept cheek ruff.004 67/109 | Building mesh BLAS |      44 tris | Swept cheek ruff.002
Fra:1 Mem:25.53M (Peak 30.50M) | Time:00:00.23 | Mem:1.42M, Peak:1.42M | Scene, ViewLayer | Updating Geometry BVH Swept cheek ruff.005 68/109 | Building BVH
Fra:1 Mem:25.53M (Peak 30.50M) | Time:00:00.23 | Mem:1.42M, Peak:1.42M | Scene, ViewLayer | Updating Geometry BVH Swept cheek ruff.005 68/109 | Building mesh BLAS |      44 tris | Swept cheek ruff.004
Fra:1 Mem:25.53M (Peak 30.50M) | Time:00:00.23 | Mem:1.42M, Peak:1.42M | Scene, ViewLayer | Updating Geometry BVH Wrist fur.009 98/109 | Building BVH
Fra:1 Mem:25.53M (Peak 30.50M) | Time:00:00.23 | Mem:1.42M, Peak:1.42M | Scene, ViewLayer | Updating Geometry BVH Wrist fur.009 98/109 | Building mesh BLAS |      44 tris | Wrist fur.009
Fra:1 Mem:25.53M (Peak 30.50M) | Time:00:00.23 | Mem:1.42M, Peak:1.42M | Scene, ViewLayer | Updating Geometry BVH Wrist fur.009 98/109 | Building mesh BLAS |      44 tris | Swept cheek ruff.005
Fra:1 Mem:25.53M (Peak 30.50M) | Time:00:00.23 | Mem:1.42M, Peak:1.42M | Scene, ViewLayer | Updating Geometry BVH Swept cheek ruff.006 69/109 | Building BVH
Fra:1 Mem:25.53M (Peak 30.50M) | Time:00:00.23 | Mem:1.42M, Peak:1.42M | Scene, ViewLayer | Updating Geometry BVH Swept cheek ruff.006 69/109 | Building mesh BLAS |      44 tris | Swept cheek ruff.006
Fra:1 Mem:25.53M (Peak 30.50M) | Time:00:00.23 | Mem:1.42M, Peak:1.42M | Scene, ViewLayer | Updating Geometry BVH Swept cheek ruff.007 70/109 | Building BVH
Fra:1 Mem:25.53M (Peak 30.50M) | Time:00:00.23 | Mem:1.42M, Peak:1.42M | Scene, ViewLayer | Updating Geometry BVH Swept cheek ruff.007 70/109 | Building mesh BLAS |      44 tris | Swept cheek ruff.007
Fra:1 Mem:25.53M (Peak 30.50M) | Time:00:00.23 | Mem:1.42M, Peak:1.42M | Scene, ViewLayer | Updating Geometry BVH Ice swept crest 71/109 | Building BVH
Fra:1 Mem:25.53M (Peak 30.50M) | Time:00:00.23 | Mem:1.42M, Peak:1.42M | Scene, ViewLayer | Updating Geometry BVH Ice swept crest 71/109 | Building mesh BLAS |      44 tris | Ice swept crest
Fra:1 Mem:25.53M (Peak 30.50M) | Time:00:00.23 | Mem:1.43M, Peak:1.43M | Scene, ViewLayer | Updating Geometry BVH Ice swept crest.001 72/109 | Building BVH
Fra:1 Mem:25.53M (Peak 30.50M) | Time:00:00.23 | Mem:1.43M, Peak:1.43M | Scene, ViewLayer | Updating Geometry BVH Ice swept crest.001 72/109 | Building mesh BLAS |      44 tris | Ice swept crest.001
Fra:1 Mem:25.53M (Peak 30.50M) | Time:00:00.23 | Mem:1.43M, Peak:1.43M | Scene, ViewLayer | Updating Geometry BVH Ice swept crest.002 73/109 | Building BVH
Fra:1 Mem:25.53M (Peak 30.50M) | Time:00:00.23 | Mem:1.43M, Peak:1.43M | Scene, ViewLayer | Updating Geometry BVH Ice swept crest.002 73/109 | Building mesh BLAS |      44 tris | Ice swept crest.002
Fra:1 Mem:25.53M (Peak 30.50M) | Time:00:00.23 | Mem:1.43M, Peak:1.43M | Scene, ViewLayer | Updating Geometry BVH Layered shoulder fur.011 97/109 | Building BVH
Fra:1 Mem:25.53M (Peak 30.50M) | Time:00:00.23 | Mem:1.43M, Peak:1.43M | Scene, ViewLayer | Updating Geometry BVH Layered shoulder fur.011 97/109 | Building mesh BLAS |      44 tris | Layered shoulder fur.011
Fra:1 Mem:25.53M (Peak 30.50M) | Time:00:00.23 | Mem:1.43M, Peak:1.43M | Scene, ViewLayer | Updating Geometry BVH Ice swept crest.003 74/109 | Building BVH
Fra:1 Mem:25.53M (Peak 30.50M) | Time:00:00.23 | Mem:1.43M, Peak:1.43M | Scene, ViewLayer | Updating Geometry BVH Ice swept crest.003 74/109 | Building mesh BLAS |      44 tris | Ice swept crest.003
Fra:1 Mem:25.53M (Peak 30.50M) | Time:00:00.23 | Mem:1.43M, Peak:1.43M | Scene, ViewLayer | Updating Geometry BVH Ice swept crest.004 75/109 | Building BVH
Fra:1 Mem:25.53M (Peak 30.50M) | Time:00:00.23 | Mem:1.43M, Peak:1.43M | Scene, ViewLayer | Updating Geometry BVH Ice swept crest.004 75/109 | Building mesh BLAS |      44 tris | Ice swept crest.004
Fra:1 Mem:25.53M (Peak 30.50M) | Time:00:00.23 | Mem:1.43M, Peak:1.43M | Scene, ViewLayer | Updating Geometry BVH Ice swept crest.005 76/109 | Building BVH
Fra:1 Mem:25.53M (Peak 30.50M) | Time:00:00.23 | Mem:1.43M, Peak:1.43M | Scene, ViewLayer | Updating Geometry BVH Ice swept crest.005 76/109 | Building mesh BLAS |      44 tris | Ice swept crest.005
Fra:1 Mem:25.53M (Peak 30.50M) | Time:00:00.23 | Mem:1.43M, Peak:1.43M | Scene, ViewLayer | Updating Geometry BVH Layered shoulder fur 77/109 | Building BVH
Fra:1 Mem:25.53M (Peak 30.50M) | Time:00:00.23 | Mem:1.43M, Peak:1.43M | Scene, ViewLayer | Updating Geometry BVH Layered shoulder fur 77/109 | Building mesh BLAS |      44 tris | Layered shoulder fur
Fra:1 Mem:25.53M (Peak 30.50M) | Time:00:00.23 | Mem:1.43M, Peak:1.43M | Scene, ViewLayer | Updating Geometry BVH Layered shoulder fur.001 78/109 | Building BVH
Fra:1 Mem:25.53M (Peak 30.50M) | Time:00:00.23 | Mem:1.43M, Peak:1.43M | Scene, ViewLayer | Updating Geometry BVH Layered shoulder fur.001 78/109 | Building mesh BLAS |      44 tris | Layered shoulder fur.001
Fra:1 Mem:25.53M (Peak 30.50M) | Time:00:00.23 | Mem:1.43M, Peak:1.43M | Scene, ViewLayer | Updating Geometry BVH Layered shoulder fur.002 79/109 | Building BVH
Fra:1 Mem:25.53M (Peak 30.50M) | Time:00:00.23 | Mem:1.43M, Peak:1.43M | Scene, ViewLayer | Updating Geometry BVH Layered shoulder fur.002 79/109 | Building mesh BLAS |      44 tris | Layered shoulder fur.002
Fra:1 Mem:25.53M (Peak 30.50M) | Time:00:00.24 | Mem:1.43M, Peak:1.43M | Scene, ViewLayer | Updating Geometry BVH Layered shoulder fur.010 96/109 | Building BVH
Fra:1 Mem:25.53M (Peak 30.50M) | Time:00:00.24 | Mem:1.43M, Peak:1.43M | Scene, ViewLayer | Updating Geometry BVH Wrist fur 80/109 | Building BVH
Fra:1 Mem:25.53M (Peak 30.50M) | Time:00:00.24 | Mem:1.43M, Peak:1.43M | Scene, ViewLayer | Updating Geometry BVH Wrist fur 80/109 | Building mesh BLAS |      44 tris | Layered shoulder fur.010
Fra:1 Mem:25.53M (Peak 30.50M) | Time:00:00.24 | Mem:1.43M, Peak:1.43M | Scene, ViewLayer | Updating Geometry BVH Wrist fur 80/109 | Building mesh BLAS |      44 tris | Wrist fur
Fra:1 Mem:25.53M (Peak 30.50M) | Time:00:00.24 | Mem:1.64M, Peak:1.64M | Scene, ViewLayer | Updating Geometry BVH Wrist fur.001 81/109 | Building BVH
Fra:1 Mem:25.53M (Peak 30.50M) | Time:00:00.24 | Mem:1.64M, Peak:1.64M | Scene, ViewLayer | Updating Geometry BVH Wrist fur.001 81/109 | Building mesh BLAS |      44 tris | Wrist fur.001
Fra:1 Mem:25.53M (Peak 30.50M) | Time:00:00.24 | Mem:1.64M, Peak:1.64M | Scene, ViewLayer | Updating Geometry BVH Wrist fur.002 82/109 | Building BVH
Fra:1 Mem:25.53M (Peak 30.50M) | Time:00:00.24 | Mem:1.64M, Peak:1.64M | Scene, ViewLayer | Updating Geometry BVH Wrist fur.002 82/109 | Building mesh BLAS |      44 tris | Wrist fur.002
Fra:1 Mem:25.53M (Peak 30.50M) | Time:00:00.24 | Mem:1.64M, Peak:1.64M | Scene, ViewLayer | Updating Geometry BVH Layered shoulder fur.003 83/109 | Building BVH
Fra:1 Mem:25.53M (Peak 30.50M) | Time:00:00.24 | Mem:1.64M, Peak:1.64M | Scene, ViewLayer | Updating Geometry BVH Layered shoulder fur.003 83/109 | Building mesh BLAS |      44 tris | Layered shoulder fur.003
Fra:1 Mem:25.53M (Peak 30.50M) | Time:00:00.24 | Mem:1.64M, Peak:1.64M | Scene, ViewLayer | Updating Geometry BVH Layered shoulder fur.004 84/109 | Building BVH
Fra:1 Mem:25.53M (Peak 30.50M) | Time:00:00.24 | Mem:1.64M, Peak:1.64M | Scene, ViewLayer | Updating Geometry BVH Layered shoulder fur.004 84/109 | Building mesh BLAS |      44 tris | Layered shoulder fur.004
Fra:1 Mem:25.53M (Peak 30.50M) | Time:00:00.24 | Mem:1.64M, Peak:1.64M | Scene, ViewLayer | Updating Geometry BVH Layered shoulder fur.005 85/109 | Building BVH
Fra:1 Mem:25.53M (Peak 30.50M) | Time:00:00.24 | Mem:1.64M, Peak:1.64M | Scene, ViewLayer | Updating Geometry BVH Layered shoulder fur.005 85/109 | Building mesh BLAS |      44 tris | Layered shoulder fur.005
Fra:1 Mem:25.53M (Peak 30.50M) | Time:00:00.24 | Mem:1.64M, Peak:1.64M | Scene, ViewLayer | Updating Geometry BVH Wrist fur.003 86/109 | Building BVH
Fra:1 Mem:25.53M (Peak 30.50M) | Time:00:00.24 | Mem:1.64M, Peak:1.64M | Scene, ViewLayer | Updating Geometry BVH Wrist fur.003 86/109 | Building mesh BLAS |      44 tris | Wrist fur.003
Fra:1 Mem:25.53M (Peak 30.50M) | Time:00:00.24 | Mem:1.64M, Peak:1.64M | Scene, ViewLayer | Updating Geometry BVH Layered shoulder fur.009 95/109 | Building BVH
Fra:1 Mem:25.53M (Peak 30.50M) | Time:00:00.24 | Mem:1.64M, Peak:1.64M | Scene, ViewLayer | Updating Geometry BVH Layered shoulder fur.009 95/109 | Building mesh BLAS |      44 tris | Layered shoulder fur.009
Fra:1 Mem:25.53M (Peak 30.50M) | Time:00:00.24 | Mem:1.64M, Peak:1.64M | Scene, ViewLayer | Updating Geometry BVH Wrist fur.004 87/109 | Building BVH
Fra:1 Mem:25.53M (Peak 30.50M) | Time:00:00.24 | Mem:1.64M, Peak:1.64M | Scene, ViewLayer | Updating Geometry BVH Wrist fur.004 87/109 | Building mesh BLAS |      44 tris | Wrist fur.004
Fra:1 Mem:25.53M (Peak 30.50M) | Time:00:00.24 | Mem:1.64M, Peak:1.64M | Scene, ViewLayer | Updating Geometry BVH Wrist fur.005 88/109 | Building BVH
Fra:1 Mem:25.53M (Peak 30.50M) | Time:00:00.24 | Mem:1.64M, Peak:1.64M | Scene, ViewLayer | Updating Geometry BVH Layered shoulder fur.006 89/109 | Building mesh BLAS |      44 tris | Wrist fur.005
Fra:1 Mem:25.53M (Peak 30.50M) | Time:00:00.24 | Mem:1.64M, Peak:1.64M | Scene, ViewLayer | Updating Geometry BVH Layered shoulder fur.006 89/109 | Building mesh BLAS |      44 tris | Layered shoulder fur.006
Fra:1 Mem:25.53M (Peak 30.50M) | Time:00:00.24 | Mem:1.66M, Peak:1.66M | Scene, ViewLayer | Updating Geometry BVH Layered shoulder fur.007 90/109 | Building BVH
Fra:1 Mem:25.53M (Peak 30.50M) | Time:00:00.24 | Mem:1.67M, Peak:1.67M | Scene, ViewLayer | Updating Geometry BVH Layered shoulder fur.007 90/109 | Building mesh BLAS |      44 tris | Layered shoulder fur.007
Fra:1 Mem:25.53M (Peak 30.50M) | Time:00:00.24 | Mem:1.69M, Peak:1.69M | Scene, ViewLayer | Updating Geometry BVH Layered shoulder fur.008 91/109 | Building BVH
Fra:1 Mem:25.53M (Peak 30.50M) | Time:00:00.24 | Mem:1.69M, Peak:1.69M | Scene, ViewLayer | Updating Geometry BVH Wrist fur.006 92/109 | Building BVH
Fra:1 Mem:25.53M (Peak 30.50M) | Time:00:00.24 | Mem:1.69M, Peak:1.69M | Scene, ViewLayer | Updating Geometry BVH Wrist fur.006 92/109 | Building mesh BLAS |      44 tris | Wrist fur.006
Fra:1 Mem:25.53M (Peak 30.50M) | Time:00:00.24 | Mem:1.69M, Peak:1.69M | Scene, ViewLayer | Updating Geometry BVH Wrist fur.007 93/109 | Building BVH
Fra:1 Mem:25.53M (Peak 30.50M) | Time:00:00.24 | Mem:1.69M, Peak:1.69M | Scene, ViewLayer | Updating Geometry BVH Wrist fur.007 93/109 | Building mesh BLAS |      44 tris | Wrist fur.007
Fra:1 Mem:25.53M (Peak 30.50M) | Time:00:00.24 | Mem:1.69M, Peak:1.69M | Scene, ViewLayer | Updating Geometry BVH Wrist fur.008 94/109 | Building BVH
Fra:1 Mem:25.53M (Peak 30.50M) | Time:00:00.24 | Mem:1.69M, Peak:1.69M | Scene, ViewLayer | Updating Geometry BVH Wrist fur.008 94/109 | Building mesh BLAS |      44 tris | Wrist fur.008
Fra:1 Mem:25.53M (Peak 30.50M) | Time:00:00.24 | Mem:2.03M, Peak:2.03M | Scene, ViewLayer | Updating Scene BVH | Building
Fra:1 Mem:25.53M (Peak 30.50M) | Time:00:00.26 | Mem:2.27M, Peak:2.27M | Scene, ViewLayer | Updating Scene BVH | Building TLAS      |     109 instances
Fra:1 Mem:25.53M (Peak 30.50M) | Time:00:00.26 | Mem:2.30M, Peak:2.30M | Scene, ViewLayer | Updating Scene BVH | Copying BVH to device
Fra:1 Mem:25.53M (Peak 30.50M) | Time:00:00.26 | Mem:2.30M, Peak:2.30M | Scene, ViewLayer | Updating Mesh | Computing normals
Fra:1 Mem:26.02M (Peak 30.50M) | Time:00:00.26 | Mem:2.30M, Peak:2.30M | Scene, ViewLayer | Updating Mesh | Copying Mesh to device
Fra:1 Mem:25.53M (Peak 30.50M) | Time:00:00.26 | Mem:2.82M, Peak:2.82M | Scene, ViewLayer | Updating Objects Flags
Fra:1 Mem:25.53M (Peak 30.50M) | Time:00:00.26 | Mem:2.82M, Peak:2.82M | Scene, ViewLayer | Updating Primitive Offsets
Fra:1 Mem:25.53M (Peak 30.50M) | Time:00:00.26 | Mem:2.82M, Peak:2.82M | Scene, ViewLayer | Updating Images
Fra:1 Mem:25.53M (Peak 30.50M) | Time:00:00.26 | Mem:2.82M, Peak:2.82M | Scene, ViewLayer | Updating Camera Volume
Fra:1 Mem:25.53M (Peak 30.50M) | Time:00:00.26 | Mem:2.82M, Peak:2.82M | Scene, ViewLayer | Updating Lookup Tables
Fra:1 Mem:25.45M (Peak 30.50M) | Time:00:00.26 | Mem:2.91M, Peak:2.91M | Scene, ViewLayer | Updating Lights
Fra:1 Mem:25.45M (Peak 30.50M) | Time:00:00.26 | Mem:2.91M, Peak:2.91M | Scene, ViewLayer | Updating Lights | Computing tree
Fra:1 Mem:25.45M (Peak 30.50M) | Time:00:00.26 | Mem:2.91M, Peak:2.91M | Scene, ViewLayer | Updating Integrator
Fra:1 Mem:25.45M (Peak 30.50M) | Time:00:00.26 | Mem:2.91M, Peak:2.91M | Scene, ViewLayer | Updating Film
Fra:1 Mem:25.54M (Peak 30.50M) | Time:00:00.26 | Mem:2.82M, Peak:2.91M | Scene, ViewLayer | Updating Lookup Tables
Fra:1 Mem:25.45M (Peak 30.50M) | Time:00:00.26 | Mem:2.91M, Peak:2.91M | Scene, ViewLayer | Updating Baking
Fra:1 Mem:25.45M (Peak 30.50M) | Time:00:00.26 | Mem:2.91M, Peak:2.91M | Scene, ViewLayer | Updating Device | Writing constant memory
Fra:1 Mem:25.46M (Peak 30.50M) | Time:00:00.29 | Mem:2.91M, Peak:2.91M | Scene, ViewLayer | Loading denoising kernels (may take a few minutes the first time)
Fra:1 Mem:25.46M (Peak 57.46M) | Time:00:00.30 | Mem:2818.93M, Peak:2818.93M | Scene, ViewLayer | Sample 0/12 (Using optimized kernels)
Fra:1 Mem:25.45M (Peak 60.96M) | Time:00:00.56 | Remaining:00:02.84 | Mem:2854.47M, Peak:2854.47M | Scene, ViewLayer | Sample 1/12 (Using optimized kernels)
Fra:1 Mem:40.40M (Peak 62.84M) | Time:00:03.69 | Mem:2854.47M, Peak:2854.47M | Scene, ViewLayer | Sample 12/12 (Using optimized kernels)
Fra:1 Mem:40.40M (Peak 62.84M) | Time:00:03.69 | Mem:2854.47M, Peak:2854.47M | Scene, ViewLayer | Finished
Saved: '/Users/chikumatsuboi/Code/animal-racers-western/assets/source/western/qa/form-cycle-3/after/wolf-race_idle-01.png'
Time: 00:03.95 (Saving: 00:00.19)

Fra:1 Mem:28.98M (Peak 28.98M) | Time:00:00.01 | Mem:0.02M, Peak:0.02M | Scene, ViewLayer | Synchronizing object | Body • continuous sculpted skin
Fra:1 Mem:29.21M (Peak 29.21M) | Time:00:00.01 | Mem:0.02M, Peak:0.02M | Scene, ViewLayer | Synchronizing object | Paw toe
Fra:1 Mem:29.21M (Peak 29.21M) | Time:00:00.01 | Mem:0.02M, Peak:0.02M | Scene, ViewLayer | Synchronizing object | Paw toe.001
Fra:1 Mem:29.25M (Peak 29.25M) | Time:00:00.01 | Mem:0.02M, Peak:0.02M | Scene, ViewLayer | Synchronizing object | Ivory claw.001
Fra:1 Mem:29.26M (Peak 29.26M) | Time:00:00.01 | Mem:0.02M, Peak:0.02M | Scene, ViewLayer | Synchronizing object | Paw toe.002
Fra:1 Mem:29.28M (Peak 29.28M) | Time:00:00.01 | Mem:0.02M, Peak:0.02M | Scene, ViewLayer | Synchronizing object | Paw toe.003
Fra:1 Mem:29.29M (Peak 29.29M) | Time:00:00.01 | Mem:0.02M, Peak:0.02M | Scene, ViewLayer | Synchronizing object | Ivory claw.003
Fra:1 Mem:29.30M (Peak 29.30M) | Time:00:00.01 | Mem:0.02M, Peak:0.02M | Scene, ViewLayer | Synchronizing object | Paw toe.004
Fra:1 Mem:29.31M (Peak 29.31M) | Time:00:00.01 | Mem:0.02M, Peak:0.02M | Scene, ViewLayer | Synchronizing object | Ivory claw.004
Fra:1 Mem:29.31M (Peak 29.31M) | Time:00:00.01 | Mem:0.02M, Peak:0.02M | Scene, ViewLayer | Synchronizing object | Paw toe.005
Fra:1 Mem:29.33M (Peak 29.33M) | Time:00:00.01 | Mem:0.02M, Peak:0.02M | Scene, ViewLayer | Synchronizing object | Ivory claw.005
Fra:1 Mem:29.33M (Peak 29.33M) | Time:00:00.01 | Mem:0.02M, Peak:0.02M | Scene, ViewLayer | Synchronizing object | Paw toe.006
Fra:1 Mem:29.34M (Peak 29.34M) | Time:00:00.01 | Mem:0.02M, Peak:0.02M | Scene, ViewLayer | Synchronizing object | Ivory claw.006
Fra:1 Mem:29.35M (Peak 29.35M) | Time:00:00.01 | Mem:0.02M, Peak:0.02M | Scene, ViewLayer | Synchronizing object | Paw toe.007
Fra:1 Mem:29.36M (Peak 29.36M) | Time:00:00.01 | Mem:0.02M, Peak:0.02M | Scene, ViewLayer | Synchronizing object | Ivory claw.007
Fra:1 Mem:29.37M (Peak 29.37M) | Time:00:00.01 | Mem:0.02M, Peak:0.02M | Scene, ViewLayer | Synchronizing object | Ivory claw.009
Fra:1 Mem:29.41M (Peak 29.41M) | Time:00:00.01 | Mem:0.02M, Peak:0.02M | Scene, ViewLayer | Synchronizing object | Paw toe.010
Fra:1 Mem:29.41M (Peak 29.41M) | Time:00:00.01 | Mem:0.02M, Peak:0.02M | Scene, ViewLayer | Synchronizing object | Ivory claw.010
Fra:1 Mem:29.42M (Peak 29.42M) | Time:00:00.01 | Mem:0.02M, Peak:0.02M | Scene, ViewLayer | Synchronizing object | Paw toe.011
Fra:1 Mem:29.44M (Peak 29.44M) | Time:00:00.01 | Mem:0.02M, Peak:0.02M | Scene, ViewLayer | Synchronizing object | Head • species sculpt
Fra:1 Mem:29.45M (Peak 29.45M) | Time:00:00.01 | Mem:0.02M, Peak:0.02M | Scene, ViewLayer | Synchronizing object | Frost muzzle
Fra:1 Mem:29.47M (Peak 29.47M) | Time:00:00.01 | Mem:0.02M, Peak:0.02M | Scene, ViewLayer | Synchronizing object | Heart shaped nose
Fra:1 Mem:29.53M (Peak 29.53M) | Time:00:00.01 | Mem:0.02M, Peak:0.02M | Scene, ViewLayer | Synchronizing object | Eye socket
Fra:1 Mem:29.64M (Peak 29.64M) | Time:00:00.01 | Mem:0.02M, Peak:0.02M | Scene, ViewLayer | Synchronizing object | Ivory eye
Fra:1 Mem:29.66M (Peak 29.66M) | Time:00:00.01 | Mem:0.02M, Peak:0.02M | Scene, ViewLayer | Synchronizing object | Iris
Fra:1 Mem:29.74M (Peak 29.74M) | Time:00:00.01 | Mem:0.02M, Peak:0.02M | Scene, ViewLayer | Synchronizing object | Pupil
Fra:1 Mem:29.75M (Peak 29.75M) | Time:00:00.01 | Mem:0.02M, Peak:0.02M | Scene, ViewLayer | Synchronizing object | Smiling mouth
Fra:1 Mem:29.78M (Peak 29.78M) | Time:00:00.01 | Mem:0.02M, Peak:0.02M | Scene, ViewLayer | Synchronizing object | Whisker pore
Fra:1 Mem:29.82M (Peak 29.82M) | Time:00:00.01 | Mem:0.02M, Peak:0.02M | Scene, ViewLayer | Synchronizing object | Whisker pore.002
Fra:1 Mem:29.79M (Peak 29.82M) | Time:00:00.01 | Mem:0.02M, Peak:0.02M | Scene, ViewLayer | Synchronizing object | Eye socket.001
Fra:1 Mem:29.82M (Peak 29.82M) | Time:00:00.01 | Mem:0.02M, Peak:0.02M | Scene, ViewLayer | Synchronizing object | Iris.001
Fra:1 Mem:29.96M (Peak 29.96M) | Time:00:00.01 | Mem:0.02M, Peak:0.02M | Scene, ViewLayer | Synchronizing object | Pupil.001
Fra:1 Mem:29.98M (Peak 29.98M) | Time:00:00.01 | Mem:0.02M, Peak:0.02M | Scene, ViewLayer | Synchronizing object | Eye glint.001
Fra:1 Mem:30.04M (Peak 30.04M) | Time:00:00.01 | Mem:0.02M, Peak:0.02M | Scene, ViewLayer | Synchronizing object | Expressive brow.001
Fra:1 Mem:30.04M (Peak 30.04M) | Time:00:00.01 | Mem:0.02M, Peak:0.02M | Scene, ViewLayer | Synchronizing object | Smiling mouth.001
Fra:1 Mem:30.04M (Peak 30.04M) | Time:00:00.01 | Mem:0.02M, Peak:0.02M | Scene, ViewLayer | Synchronizing object | Whisker pore.003
Fra:1 Mem:30.08M (Peak 30.08M) | Time:00:00.01 | Mem:0.02M, Peak:0.02M | Scene, ViewLayer | Synchronizing object | Whisker pore.004
Fra:1 Mem:30.12M (Peak 30.12M) | Time:00:00.01 | Mem:0.02M, Peak:0.02M | Scene, ViewLayer | Synchronizing object | Connected inner mouth sleeve
Fra:1 Mem:30.19M (Peak 30.19M) | Time:00:00.01 | Mem:0.02M, Peak:0.02M | Scene, ViewLayer | Synchronizing object | Upper palate
Fra:1 Mem:30.20M (Peak 30.20M) | Time:00:00.01 | Mem:0.02M, Peak:0.02M | Scene, ViewLayer | Synchronizing object | Mandible floor
Fra:1 Mem:30.20M (Peak 30.20M) | Time:00:00.01 | Mem:0.02M, Peak:0.02M | Scene, ViewLayer | Synchronizing object | Connected outer cheek
Fra:1 Mem:30.22M (Peak 30.22M) | Time:00:00.01 | Mem:0.02M, Peak:0.02M | Scene, ViewLayer | Synchronizing object | Howl tongue
Fra:1 Mem:30.24M (Peak 30.24M) | Time:00:00.01 | Mem:0.02M, Peak:0.02M | Scene, ViewLayer | Synchronizing object | Lower canine
Fra:1 Mem:30.27M (Peak 30.27M) | Time:00:00.01 | Mem:0.02M, Peak:0.02M | Scene, ViewLayer | Synchronizing object | Lower canine.001
Fra:1 Mem:30.28M (Peak 30.28M) | Time:00:00.01 | Mem:0.02M, Peak:0.02M | Scene, ViewLayer | Synchronizing object | Pointed species ear
Fra:1 Mem:30.28M (Peak 30.28M) | Time:00:00.01 | Mem:0.02M, Peak:0.02M | Scene, ViewLayer | Synchronizing object | Inner ear
Fra:1 Mem:30.28M (Peak 30.28M) | Time:00:00.01 | Mem:0.02M, Peak:0.02M | Scene, ViewLayer | Synchronizing object | Inner ear.001
Fra:1 Mem:30.28M (Peak 30.28M) | Time:00:00.01 | Mem:0.02M, Peak:0.02M | Scene, ViewLayer | Synchronizing object | Swept cheek ruff.001
Fra:1 Mem:30.29M (Peak 30.29M) | Time:00:00.01 | Mem:0.02M, Peak:0.02M | Scene, ViewLayer | Synchronizing object | Swept cheek ruff.003
Fra:1 Mem:30.29M (Peak 30.29M) | Time:00:00.01 | Mem:0.02M, Peak:0.02M | Scene, ViewLayer | Synchronizing object | Swept cheek ruff.004
Fra:1 Mem:30.30M (Peak 30.30M) | Time:00:00.01 | Mem:0.02M, Peak:0.02M | Scene, ViewLayer | Synchronizing object | Swept cheek ruff.005
Fra:1 Mem:30.30M (Peak 30.30M) | Time:00:00.01 | Mem:0.02M, Peak:0.02M | Scene, ViewLayer | Synchronizing object | Swept cheek ruff.006
Fra:1 Mem:30.31M (Peak 30.31M) | Time:00:00.01 | Mem:0.02M, Peak:0.02M | Scene, ViewLayer | Synchronizing object | Swept cheek ruff.007
Fra:1 Mem:30.31M (Peak 30.31M) | Time:00:00.01 | Mem:0.02M, Peak:0.02M | Scene, ViewLayer | Synchronizing object | Ice swept crest
Fra:1 Mem:30.33M (Peak 30.33M) | Time:00:00.01 | Mem:0.02M, Peak:0.02M | Scene, ViewLayer | Synchronizing object | Ice swept crest.001
Fra:1 Mem:30.32M (Peak 30.33M) | Time:00:00.01 | Mem:0.02M, Peak:0.02M | Scene, ViewLayer | Synchronizing object | Ice swept crest.002
Fra:1 Mem:30.32M (Peak 30.33M) | Time:00:00.01 | Mem:0.02M, Peak:0.02M | Scene, ViewLayer | Synchronizing object | Ice swept crest.003
Fra:1 Mem:30.33M (Peak 30.33M) | Time:00:00.01 | Mem:0.02M, Peak:0.02M | Scene, ViewLayer | Synchronizing object | Warm rim
Fra:1 Mem:30.34M (Peak 30.34M) | Time:00:00.01 | Mem:0.02M, Peak:0.02M | Scene, ViewLayer | Synchronizing object | Ice swept crest.005
Fra:1 Mem:30.35M (Peak 30.35M) | Time:00:00.01 | Mem:0.02M, Peak:0.02M | Scene, ViewLayer | Synchronizing object | Layered shoulder fur
Fra:1 Mem:30.35M (Peak 30.35M) | Time:00:00.01 | Mem:0.02M, Peak:0.02M | Scene, ViewLayer | Synchronizing object | Layered shoulder fur.002
Fra:1 Mem:30.36M (Peak 30.36M) | Time:00:00.01 | Mem:0.02M, Peak:0.02M | Scene, ViewLayer | Synchronizing object | Wrist fur.001
Fra:1 Mem:30.36M (Peak 30.36M) | Time:00:00.01 | Mem:0.02M, Peak:0.02M | Scene, ViewLayer | Synchronizing object | Layered shoulder fur.003
Fra:1 Mem:30.37M (Peak 30.37M) | Time:00:00.01 | Mem:0.02M, Peak:0.02M | Scene, ViewLayer | Synchronizing object | Layered shoulder fur.004
Fra:1 Mem:30.38M (Peak 30.38M) | Time:00:00.01 | Mem:0.02M, Peak:0.02M | Scene, ViewLayer | Synchronizing object | Layered shoulder fur.005
Fra:1 Mem:30.38M (Peak 30.38M) | Time:00:00.01 | Mem:0.02M, Peak:0.02M | Scene, ViewLayer | Synchronizing object | Wrist fur.003
Fra:1 Mem:30.38M (Peak 30.38M) | Time:00:00.01 | Mem:0.02M, Peak:0.02M | Scene, ViewLayer | Synchronizing object | Wrist fur.005
Fra:1 Mem:30.39M (Peak 30.39M) | Time:00:00.01 | Mem:0.02M, Peak:0.02M | Scene, ViewLayer | Synchronizing object | Layered shoulder fur.006
Fra:1 Mem:30.39M (Peak 30.39M) | Time:00:00.01 | Mem:0.02M, Peak:0.02M | Scene, ViewLayer | Synchronizing object | Layered shoulder fur.007
Fra:1 Mem:30.40M (Peak 30.40M) | Time:00:00.01 | Mem:0.02M, Peak:0.02M | Scene, ViewLayer | Synchronizing object | Layered shoulder fur.008
Fra:1 Mem:30.40M (Peak 30.40M) | Time:00:00.01 | Mem:0.02M, Peak:0.02M | Scene, ViewLayer | Synchronizing object | Wrist fur.006
Fra:1 Mem:30.41M (Peak 30.41M) | Time:00:00.01 | Mem:0.02M, Peak:0.02M | Scene, ViewLayer | Synchronizing object | Wrist fur.007
Fra:1 Mem:30.43M (Peak 30.43M) | Time:00:00.01 | Mem:0.02M, Peak:0.02M | Scene, ViewLayer | Synchronizing object | Wrist fur.008
Fra:1 Mem:30.41M (Peak 30.43M) | Time:00:00.01 | Mem:0.02M, Peak:0.02M | Scene, ViewLayer | Synchronizing object | Layered shoulder fur.009
Fra:1 Mem:30.42M (Peak 30.43M) | Time:00:00.01 | Mem:0.02M, Peak:0.02M | Scene, ViewLayer | Synchronizing object | Layered shoulder fur.010
Fra:1 Mem:30.44M (Peak 30.44M) | Time:00:00.01 | Mem:0.02M, Peak:0.02M | Scene, ViewLayer | Synchronizing object | Layered shoulder fur.011
Fra:1 Mem:30.44M (Peak 30.44M) | Time:00:00.01 | Mem:0.02M, Peak:0.02M | Scene, ViewLayer | Synchronizing object | Wrist fur.009
Fra:1 Mem:30.43M (Peak 30.44M) | Time:00:00.01 | Mem:0.02M, Peak:0.02M | Scene, ViewLayer | Synchronizing object | Wrist fur.010
Fra:1 Mem:30.44M (Peak 30.44M) | Time:00:00.01 | Mem:0.02M, Peak:0.02M | Scene, ViewLayer | Synchronizing object | Wrist fur.011
Fra:1 Mem:30.44M (Peak 30.44M) | Time:00:00.01 | Mem:0.02M, Peak:0.02M | Scene, ViewLayer | Synchronizing object | Articulated tail
Fra:1 Mem:30.46M (Peak 30.46M) | Time:00:00.01 | Mem:0.02M, Peak:0.02M | Scene, ViewLayer | Synchronizing object | Leather neckerchief roll
Fra:1 Mem:30.47M (Peak 30.47M) | Time:00:00.01 | Mem:0.02M, Peak:0.02M | Scene, ViewLayer | Synchronizing object | Neckerchief folded point
Fra:1 Mem:30.47M (Peak 30.47M) | Time:00:00.01 | Mem:0.02M, Peak:0.02M | Scene, ViewLayer | Synchronizing object | Brass crest clasp
Fra:1 Mem:30.47M (Peak 30.47M) | Time:00:00.01 | Mem:0.02M, Peak:0.02M | Scene, ViewLayer | Synchronizing object | Raised elemental crest
Fra:1 Mem:30.50M (Peak 30.50M) | Time:00:00.01 | Mem:0.02M, Peak:0.02M | Scene, ViewLayer | Initializing
Fra:1 Mem:28.85M (Peak 30.50M) | Time:00:00.01 | Mem:0.02M, Peak:0.02M | Scene, ViewLayer | Updating Images | Loading Authored short-fur normal
Fra:1 Mem:24.68M (Peak 30.50M) | Time:00:00.02 | Mem:0.27M, Peak:0.27M | Scene, ViewLayer | Waiting for render to start
Fra:1 Mem:24.68M (Peak 30.50M) | Time:00:00.02 | Mem:0.27M, Peak:0.27M | Scene, ViewLayer | Updating Scene
Fra:1 Mem:24.68M (Peak 30.50M) | Time:00:00.02 | Mem:0.27M, Peak:0.27M | Scene, ViewLayer | Updating Shaders
Fra:1 Mem:24.68M (Peak 30.50M) | Time:00:00.02 | Mem:0.27M, Peak:0.27M | Scene, ViewLayer | Loading render kernels (may take a few minutes the first time)
Fra:1 Mem:24.76M (Peak 30.50M) | Time:00:00.10 | Mem:0.28M, Peak:0.28M | Scene, ViewLayer | Updating Procedurals
Fra:1 Mem:24.76M (Peak 30.50M) | Time:00:00.10 | Mem:0.28M, Peak:0.28M | Scene, ViewLayer | Updating Background
Fra:1 Mem:24.76M (Peak 30.50M) | Time:00:00.10 | Mem:0.28M, Peak:0.28M | Scene, ViewLayer | Updating Camera
Fra:1 Mem:24.76M (Peak 30.50M) | Time:00:00.10 | Mem:0.28M, Peak:0.28M | Scene, ViewLayer | Updating Meshes Flags
Fra:1 Mem:24.76M (Peak 30.50M) | Time:00:00.10 | Mem:0.28M, Peak:0.28M | Scene, ViewLayer | Updating Objects
Fra:1 Mem:24.76M (Peak 30.50M) | Time:00:00.10 | Mem:0.28M, Peak:0.28M | Scene, ViewLayer | Updating Objects | Copying Transformations to device
Fra:1 Mem:24.76M (Peak 30.50M) | Time:00:00.10 | Mem:0.31M, Peak:0.31M | Scene, ViewLayer | Updating Particle Systems
Fra:1 Mem:24.76M (Peak 30.50M) | Time:00:00.10 | Mem:0.31M, Peak:0.31M | Scene, ViewLayer | Updating Particle Systems | Copying Particles to device
Fra:1 Mem:24.76M (Peak 30.50M) | Time:00:00.10 | Mem:0.31M, Peak:0.31M | Scene, ViewLayer | Updating Meshes
Fra:1 Mem:25.53M (Peak 30.50M) | Time:00:00.11 | Mem:0.31M, Peak:0.31M | Scene, ViewLayer | Updating Objects | Applying Static Transformations
Fra:1 Mem:25.53M (Peak 30.50M) | Time:00:00.11 | Mem:0.31M, Peak:0.31M | Scene, ViewLayer | Updating Mesh | Computing attributes
Fra:1 Mem:26.61M (Peak 30.50M) | Time:00:00.11 | Mem:0.33M, Peak:0.33M | Scene, ViewLayer | Updating Mesh | Copying Attributes to device
Fra:1 Mem:25.53M (Peak 30.50M) | Time:00:00.22 | Mem:1.42M, Peak:1.42M | Scene, ViewLayer | Updating Geometry BVH light 110/109 | Building BVH
Fra:1 Mem:25.53M (Peak 30.50M) | Time:00:00.22 | Mem:1.42M, Peak:1.42M | Scene, ViewLayer | Updating Geometry BVH Ivory claw 4/109 | Building BVH
Fra:1 Mem:25.53M (Peak 30.50M) | Time:00:00.22 | Mem:1.42M, Peak:1.42M | Scene, ViewLayer | Updating Geometry BVH Ivory claw.002 8/109 | Building BVH
Fra:1 Mem:25.53M (Peak 30.50M) | Time:00:00.22 | Mem:1.42M, Peak:1.42M | Scene, ViewLayer | Updating Geometry BVH Ivory claw.002 8/109 | Building mesh BLAS |      32 tris | Ivory claw
Fra:1 Mem:25.53M (Peak 30.50M) | Time:00:00.22 | Mem:1.42M, Peak:1.42M | Scene, ViewLayer | Updating Geometry BVH Ivory claw.002 8/109 | Building mesh BLAS |     192 tris | Paw toe
Fra:1 Mem:25.53M (Peak 30.50M) | Time:00:00.22 | Mem:1.42M, Peak:1.42M | Scene, ViewLayer | Updating Geometry BVH Sky fill 108/109 | Building BVH
Fra:1 Mem:25.53M (Peak 30.50M) | Time:00:00.22 | Mem:1.42M, Peak:1.42M | Scene, ViewLayer | Updating Geometry BVH Sky fill 108/109 | Building mesh BLAS |     192 tris | Paw toe.002
Fra:1 Mem:25.53M (Peak 30.50M) | Time:00:00.22 | Mem:1.42M, Peak:1.42M | Scene, ViewLayer | Updating Geometry BVH Sky fill 108/109 | Building mesh BLAS |    4170 tris | ribcage
Fra:1 Mem:25.53M (Peak 30.50M) | Time:00:00.22 | Mem:1.42M, Peak:1.42M | Scene, ViewLayer | Updating Geometry BVH Paw toe.003 9/109 | Building BVH
Fra:1 Mem:25.53M (Peak 30.50M) | Time:00:00.22 | Mem:1.42M, Peak:1.42M | Scene, ViewLayer | Updating Geometry BVH Paw toe.003 9/109 | Building mesh BLAS |      32 tris | Ivory claw.001
Fra:1 Mem:25.53M (Peak 30.50M) | Time:00:00.22 | Mem:1.42M, Peak:1.42M | Scene, ViewLayer | Updating Geometry BVH Paw toe.003 9/109 | Building mesh BLAS |     192 tris | Paw toe.003
Fra:1 Mem:25.53M (Peak 30.50M) | Time:00:00.22 | Mem:1.42M, Peak:1.42M | Scene, ViewLayer | Updating Geometry BVH Sunset key 107/109 | Building BVH
Fra:1 Mem:25.53M (Peak 30.50M) | Time:00:00.22 | Mem:1.42M, Peak:1.42M | Scene, ViewLayer | Updating Geometry BVH Ivory claw.003 10/109 | Building BVH
Fra:1 Mem:25.53M (Peak 30.50M) | Time:00:00.22 | Mem:1.42M, Peak:1.42M | Scene, ViewLayer | Updating Geometry BVH Ivory claw.003 10/109 | Building mesh BLAS |      32 tris | Ivory claw.003
Fra:1 Mem:25.53M (Peak 30.50M) | Time:00:00.22 | Mem:1.42M, Peak:1.42M | Scene, ViewLayer | Updating Geometry BVH Paw toe.004 11/109 | Building BVH
Fra:1 Mem:25.53M (Peak 30.50M) | Time:00:00.22 | Mem:1.42M, Peak:1.42M | Scene, ViewLayer | Updating Geometry BVH Paw toe.004 11/109 | Building mesh BLAS |     192 tris | Paw toe.004
Fra:1 Mem:25.53M (Peak 30.50M) | Time:00:00.22 | Mem:1.42M, Peak:1.42M | Scene, ViewLayer | Updating Geometry BVH Paw toe.004 11/109 | Building mesh BLAS |       2 tris | Plane
Fra:1 Mem:25.53M (Peak 30.50M) | Time:00:00.23 | Mem:1.42M, Peak:1.42M | Scene, ViewLayer | Updating Geometry BVH Ivory claw.004 12/109 | Building BVH
Fra:1 Mem:25.53M (Peak 30.50M) | Time:00:00.23 | Mem:1.42M, Peak:1.42M | Scene, ViewLayer | Updating Geometry BVH Ivory claw.004 12/109 | Building mesh BLAS |      32 tris | Ivory claw.004
Fra:1 Mem:25.53M (Peak 30.50M) | Time:00:00.23 | Mem:1.42M, Peak:1.42M | Scene, ViewLayer | Updating Geometry BVH Paw toe.005 13/109 | Building BVH
Fra:1 Mem:25.53M (Peak 30.50M) | Time:00:00.23 | Mem:1.42M, Peak:1.42M | Scene, ViewLayer | Updating Geometry BVH Ivory claw.005 14/109 | Building BVH
Fra:1 Mem:25.53M (Peak 30.50M) | Time:00:00.23 | Mem:1.42M, Peak:1.42M | Scene, ViewLayer | Updating Geometry BVH Raised elemental crest 105/109 | Building BVH
Fra:1 Mem:25.53M (Peak 30.50M) | Time:00:00.23 | Mem:1.42M, Peak:1.42M | Scene, ViewLayer | Updating Geometry BVH Raised elemental crest 105/109 | Building mesh BLAS |      26 tris | Raised elemental crest
Fra:1 Mem:25.53M (Peak 30.50M) | Time:00:00.23 | Mem:1.42M, Peak:1.42M | Scene, ViewLayer | Updating Geometry BVH Paw toe.006 15/109 | Building BVH
Fra:1 Mem:25.53M (Peak 30.50M) | Time:00:00.23 | Mem:1.42M, Peak:1.42M | Scene, ViewLayer | Updating Geometry BVH Ivory claw.006 16/109 | Building BVH
Fra:1 Mem:25.53M (Peak 30.50M) | Time:00:00.23 | Mem:1.42M, Peak:1.42M | Scene, ViewLayer | Updating Geometry BVH Ivory claw.006 16/109 | Building mesh BLAS |      32 tris | Ivory claw.006
Fra:1 Mem:25.53M (Peak 30.50M) | Time:00:00.23 | Mem:1.42M, Peak:1.42M | Scene, ViewLayer | Updating Geometry BVH Paw toe.007 17/109 | Building BVH
Fra:1 Mem:25.53M (Peak 30.50M) | Time:00:00.23 | Mem:1.42M, Peak:1.42M | Scene, ViewLayer | Updating Geometry BVH Paw toe.007 17/109 | Building mesh BLAS |     192 tris | Paw toe.007
Fra:1 Mem:25.53M (Peak 30.50M) | Time:00:00.23 | Mem:1.42M, Peak:1.42M | Scene, ViewLayer | Updating Geometry BVH Ivory claw.007 18/109 | Building BVH
Fra:1 Mem:25.53M (Peak 30.50M) | Time:00:00.23 | Mem:1.42M, Peak:1.42M | Scene, ViewLayer | Updating Geometry BVH Ivory claw.007 18/109 | Building mesh BLAS |      32 tris | Ivory claw.007
Fra:1 Mem:25.53M (Peak 30.50M) | Time:00:00.23 | Mem:1.42M, Peak:1.42M | Scene, ViewLayer | Updating Geometry BVH Paw toe.008 19/109 | Building BVH
Fra:1 Mem:25.53M (Peak 30.50M) | Time:00:00.23 | Mem:1.42M, Peak:1.42M | Scene, ViewLayer | Updating Geometry BVH Ivory claw.008 20/109 | Building BVH
Fra:1 Mem:25.53M (Peak 30.50M) | Time:00:00.23 | Mem:1.42M, Peak:1.42M | Scene, ViewLayer | Updating Geometry BVH Ivory claw.008 20/109 | Building mesh BLAS |     192 tris | Paw toe.008
Fra:1 Mem:25.53M (Peak 30.50M) | Time:00:00.23 | Mem:1.42M, Peak:1.42M | Scene, ViewLayer | Updating Geometry BVH Paw toe.009 21/109 | Building BVH
Fra:1 Mem:25.53M (Peak 30.50M) | Time:00:00.23 | Mem:1.42M, Peak:1.42M | Scene, ViewLayer | Updating Geometry BVH Paw toe.009 21/109 | Building mesh BLAS |      32 tris | Ivory claw.008
Fra:1 Mem:25.53M (Peak 30.50M) | Time:00:00.23 | Mem:1.42M, Peak:1.42M | Scene, ViewLayer | Updating Geometry BVH Paw toe.009 21/109 | Building mesh BLAS |     192 tris | Paw toe.009
Fra:1 Mem:25.53M (Peak 30.50M) | Time:00:00.23 | Mem:1.42M, Peak:1.42M | Scene, ViewLayer | Updating Geometry BVH Ivory claw.009 22/109 | Building BVH
Fra:1 Mem:25.53M (Peak 30.50M) | Time:00:00.23 | Mem:1.42M, Peak:1.42M | Scene, ViewLayer | Updating Geometry BVH Ivory claw.009 22/109 | Building mesh BLAS |      32 tris | Ivory claw.009
Fra:1 Mem:25.53M (Peak 30.50M) | Time:00:00.23 | Mem:1.42M, Peak:1.42M | Scene, ViewLayer | Updating Geometry BVH Paw toe.010 23/109 | Building BVH
Fra:1 Mem:25.53M (Peak 30.50M) | Time:00:00.23 | Mem:1.42M, Peak:1.42M | Scene, ViewLayer | Updating Geometry BVH Ivory claw.010 24/109 | Building BVH
Fra:1 Mem:25.53M (Peak 30.50M) | Time:00:00.23 | Mem:1.42M, Peak:1.42M | Scene, ViewLayer | Updating Geometry BVH Ivory claw.010 24/109 | Building mesh BLAS |     320 tris | Brass crest clasp
Fra:1 Mem:25.53M (Peak 30.50M) | Time:00:00.23 | Mem:1.42M, Peak:1.42M | Scene, ViewLayer | Updating Geometry BVH Paw toe.011 25/109 | Building BVH
Fra:1 Mem:25.53M (Peak 30.50M) | Time:00:00.23 | Mem:1.42M, Peak:1.42M | Scene, ViewLayer | Updating Geometry BVH Paw toe.011 25/109 | Building mesh BLAS |     192 tris | Paw toe.011
Fra:1 Mem:25.53M (Peak 30.50M) | Time:00:00.23 | Mem:1.42M, Peak:1.42M | Scene, ViewLayer | Updating Geometry BVH Ivory claw.011 26/109 | Building BVH
Fra:1 Mem:25.53M (Peak 30.50M) | Time:00:00.23 | Mem:1.42M, Peak:1.42M | Scene, ViewLayer | Updating Geometry BVH Ivory claw.011 26/109 | Building mesh BLAS |      32 tris | Ivory claw.011
Fra:1 Mem:25.53M (Peak 30.50M) | Time:00:00.23 | Mem:1.42M, Peak:1.42M | Scene, ViewLayer | Updating Geometry BVH Skull 27/109 | Building BVH
Fra:1 Mem:25.53M (Peak 30.50M) | Time:00:00.23 | Mem:1.42M, Peak:1.42M | Scene, ViewLayer | Updating Geometry BVH Frost muzzle 28/109 | Building BVH
Fra:1 Mem:25.53M (Peak 30.50M) | Time:00:00.23 | Mem:1.42M, Peak:1.42M | Scene, ViewLayer | Updating Geometry BVH Frost muzzle 28/109 | Building mesh BLAS |     480 tris | Frost muzzle
Fra:1 Mem:25.53M (Peak 30.50M) | Time:00:00.23 | Mem:1.42M, Peak:1.42M | Scene, ViewLayer | Updating Geometry BVH Frost muzzle 28/109 | Building mesh BLAS |    2722 tris | Skull
Fra:1 Mem:25.53M (Peak 30.50M) | Time:00:00.23 | Mem:1.42M, Peak:1.42M | Scene, ViewLayer | Updating Geometry BVH Heart shaped nose 29/109 | Building BVH
Fra:1 Mem:25.53M (Peak 30.50M) | Time:00:00.23 | Mem:1.42M, Peak:1.42M | Scene, ViewLayer | Updating Geometry BVH Heart shaped nose 29/109 | Building mesh BLAS |       6 tris | Heart shaped nose
Fra:1 Mem:25.53M (Peak 30.50M) | Time:00:00.23 | Mem:1.42M, Peak:1.42M | Scene, ViewLayer | Updating Geometry BVH Eye socket 30/109 | Building BVH
Fra:1 Mem:25.53M (Peak 30.50M) | Time:00:00.23 | Mem:1.42M, Peak:1.42M | Scene, ViewLayer | Updating Geometry BVH Eye socket 30/109 | Building mesh BLAS |     480 tris | Eye socket
Fra:1 Mem:25.53M (Peak 30.50M) | Time:00:00.23 | Mem:1.42M, Peak:1.42M | Scene, ViewLayer | Updating Geometry BVH Ivory eye 31/109 | Building BVH
Fra:1 Mem:25.53M (Peak 30.50M) | Time:00:00.23 | Mem:1.42M, Peak:1.42M | Scene, ViewLayer | Updating Geometry BVH Ivory eye 31/109 | Building mesh BLAS |     480 tris | Ivory eye
Fra:1 Mem:25.53M (Peak 30.50M) | Time:00:00.23 | Mem:1.42M, Peak:1.42M | Scene, ViewLayer | Updating Geometry BVH Iris 32/109 | Building BVH
Fra:1 Mem:25.53M (Peak 30.50M) | Time:00:00.23 | Mem:1.42M, Peak:1.42M | Scene, ViewLayer | Updating Geometry BVH Iris 32/109 | Building mesh BLAS |     480 tris | Iris
Fra:1 Mem:25.53M (Peak 30.50M) | Time:00:00.23 | Mem:1.42M, Peak:1.42M | Scene, ViewLayer | Updating Geometry BVH Neckerchief folded point 103/109 | Building BVH
Fra:1 Mem:25.53M (Peak 30.50M) | Time:00:00.23 | Mem:1.42M, Peak:1.42M | Scene, ViewLayer | Updating Geometry BVH Neckerchief folded point 103/109 | Building mesh BLAS |       4 tris | Neckerchief folded point
Fra:1 Mem:25.53M (Peak 30.50M) | Time:00:00.23 | Mem:1.42M, Peak:1.42M | Scene, ViewLayer | Updating Geometry BVH Pupil 33/109 | Building BVH
Fra:1 Mem:25.53M (Peak 30.50M) | Time:00:00.23 | Mem:1.42M, Peak:1.42M | Scene, ViewLayer | Updating Geometry BVH Pupil 33/109 | Building mesh BLAS |     320 tris | Pupil
Fra:1 Mem:25.53M (Peak 30.50M) | Time:00:00.23 | Mem:1.42M, Peak:1.42M | Scene, ViewLayer | Updating Geometry BVH Eye glint 34/109 | Building BVH
Fra:1 Mem:25.53M (Peak 30.50M) | Time:00:00.23 | Mem:1.42M, Peak:1.42M | Scene, ViewLayer | Updating Geometry BVH Eye glint 34/109 | Building mesh BLAS |     192 tris | Eye glint
Fra:1 Mem:25.53M (Peak 30.50M) | Time:00:00.23 | Mem:1.42M, Peak:1.42M | Scene, ViewLayer | Updating Geometry BVH Smiling mouth 36/109 | Building BVH
Fra:1 Mem:25.53M (Peak 30.50M) | Time:00:00.23 | Mem:1.42M, Peak:1.42M | Scene, ViewLayer | Updating Geometry BVH Smiling mouth 36/109 | Building mesh BLAS |      32 tris | Smiling mouth
Fra:1 Mem:25.53M (Peak 30.50M) | Time:00:00.23 | Mem:1.42M, Peak:1.42M | Scene, ViewLayer | Updating Geometry BVH Whisker pore 37/109 | Building BVH
Fra:1 Mem:25.53M (Peak 30.50M) | Time:00:00.23 | Mem:1.42M, Peak:1.42M | Scene, ViewLayer | Updating Geometry BVH Whisker pore 37/109 | Building mesh BLAS |      64 tris | Whisker pore
Fra:1 Mem:25.53M (Peak 30.50M) | Time:00:00.23 | Mem:1.42M, Peak:1.42M | Scene, ViewLayer | Updating Geometry BVH Whisker pore.001 38/109 | Building BVH
Fra:1 Mem:25.53M (Peak 30.50M) | Time:00:00.23 | Mem:1.42M, Peak:1.42M | Scene, ViewLayer | Updating Geometry BVH Whisker pore.001 38/109 | Building mesh BLAS |      44 tris | Expressive brow
Fra:1 Mem:25.53M (Peak 30.50M) | Time:00:00.23 | Mem:1.42M, Peak:1.42M | Scene, ViewLayer | Updating Geometry BVH Whisker pore.001 38/109 | Building mesh BLAS |      64 tris | Whisker pore.001
Fra:1 Mem:25.53M (Peak 30.50M) | Time:00:00.23 | Mem:1.42M, Peak:1.42M | Scene, ViewLayer | Updating Geometry BVH Leather neckerchief roll 102/109 | Building BVH
Fra:1 Mem:25.53M (Peak 30.50M) | Time:00:00.23 | Mem:1.42M, Peak:1.42M | Scene, ViewLayer | Updating Geometry BVH Whisker pore.002 39/109 | Building BVH
Fra:1 Mem:25.53M (Peak 30.50M) | Time:00:00.23 | Mem:1.42M, Peak:1.42M | Scene, ViewLayer | Updating Geometry BVH Whisker pore.002 39/109 | Building mesh BLAS |      76 tris | Leather neckerchief roll
Fra:1 Mem:25.53M (Peak 30.50M) | Time:00:00.23 | Mem:1.42M, Peak:1.42M | Scene, ViewLayer | Updating Geometry BVH Whisker pore.002 39/109 | Building mesh BLAS |      64 tris | Whisker pore.002
Fra:1 Mem:25.53M (Peak 30.50M) | Time:00:00.23 | Mem:1.42M, Peak:1.42M | Scene, ViewLayer | Updating Geometry BVH Eye socket.001 40/109 | Building BVH
Fra:1 Mem:25.53M (Peak 30.50M) | Time:00:00.23 | Mem:1.42M, Peak:1.42M | Scene, ViewLayer | Updating Geometry BVH Ivory eye.001 41/109 | Building BVH
Fra:1 Mem:25.53M (Peak 30.50M) | Time:00:00.23 | Mem:1.42M, Peak:1.42M | Scene, ViewLayer | Updating Geometry BVH Ivory eye.001 41/109 | Building mesh BLAS |     480 tris | Eye socket.001
Fra:1 Mem:25.53M (Peak 30.50M) | Time:00:00.23 | Mem:1.42M, Peak:1.42M | Scene, ViewLayer | Updating Geometry BVH Iris.001 42/109 | Building mesh BLAS |     480 tris | Ivory eye.001
Fra:1 Mem:25.53M (Peak 30.50M) | Time:00:00.23 | Mem:1.42M, Peak:1.42M | Scene, ViewLayer | Updating Geometry BVH Iris.001 42/109 | Building mesh BLAS |     480 tris | Iris.001
Fra:1 Mem:25.53M (Peak 30.50M) | Time:00:00.23 | Mem:1.42M, Peak:1.42M | Scene, ViewLayer | Updating Geometry BVH Eye glint.001 44/109 | Building BVH
Fra:1 Mem:25.53M (Peak 30.50M) | Time:00:00.23 | Mem:1.42M, Peak:1.42M | Scene, ViewLayer | Updating Geometry BVH Eye glint.001 44/109 | Building mesh BLAS |     192 tris | Eye glint.001
Fra:1 Mem:25.53M (Peak 30.50M) | Time:00:00.23 | Mem:1.42M, Peak:1.42M | Scene, ViewLayer | Updating Geometry BVH Articulated tail 101/109 | Building BVH
Fra:1 Mem:25.53M (Peak 30.50M) | Time:00:00.23 | Mem:1.42M, Peak:1.42M | Scene, ViewLayer | Updating Geometry BVH Expressive brow.001 45/109 | Building BVH
Fra:1 Mem:25.53M (Peak 30.50M) | Time:00:00.23 | Mem:1.42M, Peak:1.42M | Scene, ViewLayer | Updating Geometry BVH Smiling mouth.001 46/109 | Building BVH
Fra:1 Mem:25.53M (Peak 30.50M) | Time:00:00.23 | Mem:1.42M, Peak:1.42M | Scene, ViewLayer | Updating Geometry BVH Whisker pore.003 47/109 | Building mesh BLAS |      44 tris | Expressive brow.001
Fra:1 Mem:25.53M (Peak 30.50M) | Time:00:00.23 | Mem:1.42M, Peak:1.42M | Scene, ViewLayer | Updating Geometry BVH Whisker pore.003 47/109 | Building mesh BLAS |      32 tris | Smiling mouth.001
Fra:1 Mem:25.53M (Peak 30.50M) | Time:00:00.23 | Mem:1.42M, Peak:1.42M | Scene, ViewLayer | Updating Geometry BVH Whisker pore.003 47/109 | Building mesh BLAS |      64 tris | Whisker pore.003
Fra:1 Mem:25.53M (Peak 30.50M) | Time:00:00.23 | Mem:1.42M, Peak:1.42M | Scene, ViewLayer | Updating Geometry BVH Whisker pore.004 48/109 | Building BVH
Fra:1 Mem:25.53M (Peak 30.50M) | Time:00:00.23 | Mem:1.42M, Peak:1.42M | Scene, ViewLayer | Updating Geometry BVH Whisker pore.004 48/109 | Building mesh BLAS |      64 tris | Whisker pore.004
Fra:1 Mem:25.53M (Peak 30.50M) | Time:00:00.23 | Mem:1.42M, Peak:1.42M | Scene, ViewLayer | Updating Geometry BVH Whisker pore.005 49/109 | Building BVH
Fra:1 Mem:25.53M (Peak 30.50M) | Time:00:00.23 | Mem:1.42M, Peak:1.42M | Scene, ViewLayer | Updating Geometry BVH Whisker pore.005 49/109 | Building mesh BLAS |      64 tris | Whisker pore.005
Fra:1 Mem:25.53M (Peak 30.50M) | Time:00:00.23 | Mem:1.42M, Peak:1.42M | Scene, ViewLayer | Updating Geometry BVH Lower jaw 50/109 | Building BVH
Fra:1 Mem:25.53M (Peak 30.50M) | Time:00:00.23 | Mem:1.42M, Peak:1.42M | Scene, ViewLayer | Updating Geometry BVH Upper palate 52/109 | Building BVH
Fra:1 Mem:25.53M (Peak 30.50M) | Time:00:00.23 | Mem:1.42M, Peak:1.42M | Scene, ViewLayer | Updating Geometry BVH Upper palate 52/109 | Building mesh BLAS |      22 tris | Upper palate
Fra:1 Mem:25.53M (Peak 30.50M) | Time:00:00.23 | Mem:1.42M, Peak:1.42M | Scene, ViewLayer | Updating Geometry BVH Upper palate 52/109 | Building mesh BLAS |     400 tris | Lower jaw
Fra:1 Mem:25.53M (Peak 30.50M) | Time:00:00.23 | Mem:1.42M, Peak:1.42M | Scene, ViewLayer | Updating Geometry BVH Upper palate 52/109 | Building mesh BLAS |      90 tris | Connected inner mouth sleeve
Fra:1 Mem:25.53M (Peak 30.50M) | Time:00:00.23 | Mem:1.42M, Peak:1.42M | Scene, ViewLayer | Updating Geometry BVH Wrist fur.011 100/109 | Building BVH
Fra:1 Mem:25.53M (Peak 30.50M) | Time:00:00.23 | Mem:1.42M, Peak:1.42M | Scene, ViewLayer | Updating Geometry BVH Mandible floor 53/109 | Building BVH
Fra:1 Mem:25.53M (Peak 30.50M) | Time:00:00.23 | Mem:1.42M, Peak:1.42M | Scene, ViewLayer | Updating Geometry BVH Mandible floor 53/109 | Building mesh BLAS |      44 tris | Wrist fur.011
Fra:1 Mem:25.53M (Peak 30.50M) | Time:00:00.23 | Mem:1.42M, Peak:1.42M | Scene, ViewLayer | Updating Geometry BVH Mandible floor 53/109 | Building mesh BLAS |      22 tris | Mandible floor
Fra:1 Mem:25.53M (Peak 30.50M) | Time:00:00.23 | Mem:1.42M, Peak:1.42M | Scene, ViewLayer | Updating Geometry BVH Connected outer cheek 54/109 | Building BVH
Fra:1 Mem:25.53M (Peak 30.50M) | Time:00:00.23 | Mem:1.42M, Peak:1.42M | Scene, ViewLayer | Updating Geometry BVH Connected outer cheek 54/109 | Building mesh BLAS |      24 tris | Connected outer cheek
Fra:1 Mem:25.53M (Peak 30.50M) | Time:00:00.23 | Mem:1.42M, Peak:1.42M | Scene, ViewLayer | Updating Geometry BVH Connected outer cheek.001 55/109 | Building BVH
Fra:1 Mem:25.53M (Peak 30.50M) | Time:00:00.23 | Mem:1.42M, Peak:1.42M | Scene, ViewLayer | Updating Geometry BVH Connected outer cheek.001 55/109 | Building mesh BLAS |      24 tris | Connected outer cheek.001
Fra:1 Mem:25.53M (Peak 30.50M) | Time:00:00.23 | Mem:1.42M, Peak:1.42M | Scene, ViewLayer | Updating Geometry BVH Howl tongue 56/109 | Building BVH
Fra:1 Mem:25.53M (Peak 30.50M) | Time:00:00.23 | Mem:1.42M, Peak:1.42M | Scene, ViewLayer | Updating Geometry BVH Lower canine.001 58/109 | Building mesh BLAS |     256 tris | Howl tongue
Fra:1 Mem:25.53M (Peak 30.50M) | Time:00:00.23 | Mem:1.42M, Peak:1.42M | Scene, ViewLayer | Updating Geometry BVH Pointed species ear 59/109 | Building BVH
Fra:1 Mem:25.53M (Peak 30.50M) | Time:00:00.23 | Mem:1.42M, Peak:1.42M | Scene, ViewLayer | Updating Geometry BVH Pointed species ear 59/109 | Building mesh BLAS |       6 tris | Pointed species ear
Fra:1 Mem:25.53M (Peak 30.50M) | Time:00:00.23 | Mem:1.42M, Peak:1.42M | Scene, ViewLayer | Updating Geometry BVH Inner ear 60/109 | Building BVH
Fra:1 Mem:25.53M (Peak 30.50M) | Time:00:00.23 | Mem:1.42M, Peak:1.42M | Scene, ViewLayer | Updating Geometry BVH Inner ear 60/109 | Building mesh BLAS |       3 tris | Inner ear
Fra:1 Mem:25.53M (Peak 30.50M) | Time:00:00.23 | Mem:1.42M, Peak:1.42M | Scene, ViewLayer | Updating Geometry BVH Pointed species ear.001 61/109 | Building BVH
Fra:1 Mem:25.53M (Peak 30.50M) | Time:00:00.23 | Mem:1.42M, Peak:1.42M | Scene, ViewLayer | Updating Geometry BVH Pointed species ear.001 61/109 | Building mesh BLAS |       6 tris | Pointed species ear.001
Fra:1 Mem:25.53M (Peak 30.50M) | Time:00:00.23 | Mem:1.42M, Peak:1.42M | Scene, ViewLayer | Updating Geometry BVH Pointed species ear.001 61/109 | Building mesh BLAS |      38 tris | Lower canine.001
Fra:1 Mem:25.53M (Peak 30.50M) | Time:00:00.23 | Mem:1.42M, Peak:1.42M | Scene, ViewLayer | Updating Geometry BVH Pointed species ear.001 61/109 | Building mesh BLAS |      38 tris | Lower canine
Fra:1 Mem:25.53M (Peak 30.50M) | Time:00:00.23 | Mem:1.42M, Peak:1.42M | Scene, ViewLayer | Updating Geometry BVH Swept cheek ruff 63/109 | Building BVH
Fra:1 Mem:25.53M (Peak 30.50M) | Time:00:00.23 | Mem:1.42M, Peak:1.42M | Scene, ViewLayer | Updating Geometry BVH Swept cheek ruff 63/109 | Building mesh BLAS |      44 tris | Swept cheek ruff
Fra:1 Mem:25.53M (Peak 30.50M) | Time:00:00.23 | Mem:1.42M, Peak:1.42M | Scene, ViewLayer | Updating Geometry BVH Swept cheek ruff.001 64/109 | Building BVH
Fra:1 Mem:25.53M (Peak 30.50M) | Time:00:00.23 | Mem:1.42M, Peak:1.42M | Scene, ViewLayer | Updating Geometry BVH Swept cheek ruff.001 64/109 | Building mesh BLAS |      44 tris | Swept cheek ruff.001
Fra:1 Mem:25.53M (Peak 30.50M) | Time:00:00.23 | Mem:1.42M, Peak:1.42M | Scene, ViewLayer | Updating Geometry BVH Swept cheek ruff.001 64/109 | Building mesh BLAS |       3 tris | Inner ear.001
Fra:1 Mem:25.53M (Peak 30.50M) | Time:00:00.23 | Mem:1.42M, Peak:1.42M | Scene, ViewLayer | Updating Geometry BVH Swept cheek ruff.002 65/109 | Building BVH
Fra:1 Mem:25.53M (Peak 30.50M) | Time:00:00.23 | Mem:1.42M, Peak:1.42M | Scene, ViewLayer | Updating Geometry BVH Swept cheek ruff.002 65/109 | Building mesh BLAS |      44 tris | Swept cheek ruff.002
Fra:1 Mem:25.53M (Peak 30.50M) | Time:00:00.23 | Mem:1.42M, Peak:1.42M | Scene, ViewLayer | Updating Geometry BVH Swept cheek ruff.003 66/109 | Building BVH
Fra:1 Mem:25.53M (Peak 30.50M) | Time:00:00.23 | Mem:1.42M, Peak:1.42M | Scene, ViewLayer | Updating Geometry BVH Swept cheek ruff.004 67/109 | Building BVH
Fra:1 Mem:25.53M (Peak 30.50M) | Time:00:00.23 | Mem:1.42M, Peak:1.42M | Scene, ViewLayer | Updating Geometry BVH Swept cheek ruff.004 67/109 | Building mesh BLAS |      44 tris | Swept cheek ruff.003
Fra:1 Mem:25.53M (Peak 30.50M) | Time:00:00.23 | Mem:1.42M, Peak:1.42M | Scene, ViewLayer | Updating Geometry BVH Swept cheek ruff.004 67/109 | Building mesh BLAS |      44 tris | Swept cheek ruff.004
Fra:1 Mem:25.53M (Peak 30.50M) | Time:00:00.23 | Mem:1.42M, Peak:1.42M | Scene, ViewLayer | Updating Geometry BVH Swept cheek ruff.005 68/109 | Building BVH
Fra:1 Mem:25.53M (Peak 30.50M) | Time:00:00.23 | Mem:1.42M, Peak:1.42M | Scene, ViewLayer | Updating Geometry BVH Swept cheek ruff.005 68/109 | Building mesh BLAS |      44 tris | Swept cheek ruff.005
Fra:1 Mem:25.53M (Peak 30.50M) | Time:00:00.23 | Mem:1.42M, Peak:1.42M | Scene, ViewLayer | Updating Geometry BVH Swept cheek ruff.006 69/109 | Building BVH
Fra:1 Mem:25.53M (Peak 30.50M) | Time:00:00.23 | Mem:1.42M, Peak:1.42M | Scene, ViewLayer | Updating Geometry BVH Swept cheek ruff.007 70/109 | Building BVH
Fra:1 Mem:25.53M (Peak 30.50M) | Time:00:00.23 | Mem:1.42M, Peak:1.42M | Scene, ViewLayer | Updating Geometry BVH Swept cheek ruff.007 70/109 | Building mesh BLAS |      44 tris | Swept cheek ruff.006
Fra:1 Mem:25.53M (Peak 30.50M) | Time:00:00.23 | Mem:1.42M, Peak:1.42M | Scene, ViewLayer | Updating Geometry BVH Swept cheek ruff.007 70/109 | Building mesh BLAS |      44 tris | Swept cheek ruff.007
Fra:1 Mem:25.53M (Peak 30.50M) | Time:00:00.23 | Mem:1.42M, Peak:1.42M | Scene, ViewLayer | Updating Geometry BVH Ice swept crest 71/109 | Building BVH
Fra:1 Mem:25.53M (Peak 30.50M) | Time:00:00.23 | Mem:1.42M, Peak:1.42M | Scene, ViewLayer | Updating Geometry BVH Ice swept crest.001 72/109 | Building BVH
Fra:1 Mem:25.53M (Peak 30.50M) | Time:00:00.23 | Mem:1.42M, Peak:1.42M | Scene, ViewLayer | Updating Geometry BVH Ice swept crest.001 72/109 | Building mesh BLAS |      44 tris | Ice swept crest
Fra:1 Mem:25.53M (Peak 30.50M) | Time:00:00.23 | Mem:1.42M, Peak:1.42M | Scene, ViewLayer | Updating Geometry BVH Ice swept crest.001 72/109 | Building mesh BLAS |      44 tris | Ice swept crest.001
Fra:1 Mem:25.53M (Peak 30.50M) | Time:00:00.23 | Mem:1.42M, Peak:1.42M | Scene, ViewLayer | Updating Geometry BVH Ice swept crest.002 73/109 | Building BVH
Fra:1 Mem:25.53M (Peak 30.50M) | Time:00:00.23 | Mem:1.42M, Peak:1.42M | Scene, ViewLayer | Updating Geometry BVH Wrist fur.009 98/109 | Building BVH
Fra:1 Mem:25.53M (Peak 30.50M) | Time:00:00.23 | Mem:1.42M, Peak:1.42M | Scene, ViewLayer | Updating Geometry BVH Ice swept crest.003 74/109 | Building BVH
Fra:1 Mem:25.53M (Peak 30.50M) | Time:00:00.23 | Mem:1.42M, Peak:1.42M | Scene, ViewLayer | Updating Geometry BVH Ice swept crest.003 74/109 | Building mesh BLAS |      44 tris | Ice swept crest.002
Fra:1 Mem:25.53M (Peak 30.50M) | Time:00:00.23 | Mem:1.42M, Peak:1.42M | Scene, ViewLayer | Updating Geometry BVH Ice swept crest.003 74/109 | Building mesh BLAS |      44 tris | Ice swept crest.003
Fra:1 Mem:25.53M (Peak 30.50M) | Time:00:00.24 | Mem:1.42M, Peak:1.42M | Scene, ViewLayer | Updating Geometry BVH Ice swept crest.004 75/109 | Building BVH
Fra:1 Mem:25.53M (Peak 30.50M) | Time:00:00.24 | Mem:1.42M, Peak:1.42M | Scene, ViewLayer | Updating Geometry BVH Ice swept crest.005 76/109 | Building BVH
Fra:1 Mem:25.53M (Peak 30.50M) | Time:00:00.24 | Mem:1.42M, Peak:1.42M | Scene, ViewLayer | Updating Geometry BVH Ice swept crest.005 76/109 | Building mesh BLAS |      44 tris | Ice swept crest.004
Fra:1 Mem:25.53M (Peak 30.50M) | Time:00:00.24 | Mem:1.42M, Peak:1.42M | Scene, ViewLayer | Updating Geometry BVH Ice swept crest.005 76/109 | Building mesh BLAS |      44 tris | Ice swept crest.005
Fra:1 Mem:25.53M (Peak 30.50M) | Time:00:00.24 | Mem:1.42M, Peak:1.42M | Scene, ViewLayer | Updating Geometry BVH Layered shoulder fur 77/109 | Building BVH
Fra:1 Mem:25.53M (Peak 30.50M) | Time:00:00.24 | Mem:1.42M, Peak:1.42M | Scene, ViewLayer | Updating Geometry BVH Layered shoulder fur 77/109 | Building mesh BLAS |      44 tris | Layered shoulder fur
Fra:1 Mem:25.53M (Peak 30.50M) | Time:00:00.24 | Mem:1.42M, Peak:1.42M | Scene, ViewLayer | Updating Geometry BVH Layered shoulder fur.001 78/109 | Building BVH
Fra:1 Mem:25.53M (Peak 30.50M) | Time:00:00.24 | Mem:1.42M, Peak:1.42M | Scene, ViewLayer | Updating Geometry BVH Layered shoulder fur.002 79/109 | Building BVH
Fra:1 Mem:25.53M (Peak 30.50M) | Time:00:00.24 | Mem:1.42M, Peak:1.42M | Scene, ViewLayer | Updating Geometry BVH Layered shoulder fur.002 79/109 | Building mesh BLAS |      44 tris | Layered shoulder fur.001
Fra:1 Mem:25.53M (Peak 30.50M) | Time:00:00.24 | Mem:1.42M, Peak:1.42M | Scene, ViewLayer | Updating Geometry BVH Layered shoulder fur.002 79/109 | Building mesh BLAS |      44 tris | Layered shoulder fur.002
Fra:1 Mem:25.53M (Peak 30.50M) | Time:00:00.24 | Mem:1.42M, Peak:1.42M | Scene, ViewLayer | Updating Geometry BVH Layered shoulder fur.011 97/109 | Building BVH
Fra:1 Mem:25.53M (Peak 30.50M) | Time:00:00.24 | Mem:1.42M, Peak:1.42M | Scene, ViewLayer | Updating Geometry BVH Layered shoulder fur.011 97/109 | Building mesh BLAS |      44 tris | Layered shoulder fur.011
Fra:1 Mem:25.53M (Peak 30.50M) | Time:00:00.24 | Mem:1.42M, Peak:1.42M | Scene, ViewLayer | Updating Geometry BVH Wrist fur 80/109 | Building BVH
Fra:1 Mem:25.53M (Peak 30.50M) | Time:00:00.24 | Mem:1.42M, Peak:1.42M | Scene, ViewLayer | Updating Geometry BVH Wrist fur.001 81/109 | Building BVH
Fra:1 Mem:25.53M (Peak 30.50M) | Time:00:00.24 | Mem:1.42M, Peak:1.42M | Scene, ViewLayer | Updating Geometry BVH Wrist fur.001 81/109 | Building mesh BLAS |      44 tris | Wrist fur
Fra:1 Mem:25.53M (Peak 30.50M) | Time:00:00.24 | Mem:1.42M, Peak:1.42M | Scene, ViewLayer | Updating Geometry BVH Wrist fur.001 81/109 | Building mesh BLAS |      44 tris | Wrist fur.001
Fra:1 Mem:25.53M (Peak 30.50M) | Time:00:00.24 | Mem:1.42M, Peak:1.42M | Scene, ViewLayer | Updating Geometry BVH Wrist fur.002 82/109 | Building BVH
Fra:1 Mem:25.53M (Peak 30.50M) | Time:00:00.24 | Mem:1.42M, Peak:1.42M | Scene, ViewLayer | Updating Geometry BVH Wrist fur.002 82/109 | Building mesh BLAS |      44 tris | Wrist fur.002
Fra:1 Mem:25.53M (Peak 30.50M) | Time:00:00.24 | Mem:1.42M, Peak:1.42M | Scene, ViewLayer | Updating Geometry BVH Layered shoulder fur.003 83/109 | Building BVH
Fra:1 Mem:25.53M (Peak 30.50M) | Time:00:00.24 | Mem:1.42M, Peak:1.42M | Scene, ViewLayer | Updating Geometry BVH Layered shoulder fur.003 83/109 | Building mesh BLAS |      44 tris | Layered shoulder fur.003
Fra:1 Mem:25.53M (Peak 30.50M) | Time:00:00.24 | Mem:1.42M, Peak:1.42M | Scene, ViewLayer | Updating Geometry BVH Layered shoulder fur.004 84/109 | Building BVH
Fra:1 Mem:25.53M (Peak 30.50M) | Time:00:00.24 | Mem:1.42M, Peak:1.42M | Scene, ViewLayer | Updating Geometry BVH Layered shoulder fur.004 84/109 | Building mesh BLAS |      44 tris | Layered shoulder fur.004
Fra:1 Mem:25.53M (Peak 30.50M) | Time:00:00.24 | Mem:1.42M, Peak:1.42M | Scene, ViewLayer | Updating Geometry BVH Layered shoulder fur.005 85/109 | Building BVH
Fra:1 Mem:25.53M (Peak 30.50M) | Time:00:00.24 | Mem:1.42M, Peak:1.42M | Scene, ViewLayer | Updating Geometry BVH Wrist fur.003 86/109 | Building BVH
Fra:1 Mem:25.53M (Peak 30.50M) | Time:00:00.24 | Mem:1.42M, Peak:1.42M | Scene, ViewLayer | Updating Geometry BVH Wrist fur.003 86/109 | Building mesh BLAS |      44 tris | Layered shoulder fur.005
Fra:1 Mem:25.53M (Peak 30.50M) | Time:00:00.24 | Mem:1.42M, Peak:1.42M | Scene, ViewLayer | Updating Geometry BVH Wrist fur.003 86/109 | Building mesh BLAS |      44 tris | Wrist fur.003
Fra:1 Mem:25.53M (Peak 30.50M) | Time:00:00.24 | Mem:1.42M, Peak:1.42M | Scene, ViewLayer | Updating Geometry BVH Layered shoulder fur.010 96/109 | Building BVH
Fra:1 Mem:25.53M (Peak 30.50M) | Time:00:00.24 | Mem:1.42M, Peak:1.42M | Scene, ViewLayer | Updating Geometry BVH Layered shoulder fur.010 96/109 | Building mesh BLAS |      44 tris | Layered shoulder fur.010
Fra:1 Mem:25.53M (Peak 30.50M) | Time:00:00.24 | Mem:1.42M, Peak:1.42M | Scene, ViewLayer | Updating Geometry BVH Wrist fur.004 87/109 | Building BVH
Fra:1 Mem:25.53M (Peak 30.50M) | Time:00:00.24 | Mem:1.42M, Peak:1.42M | Scene, ViewLayer | Updating Geometry BVH Wrist fur.004 87/109 | Building mesh BLAS |      44 tris | Wrist fur.004
Fra:1 Mem:25.53M (Peak 30.50M) | Time:00:00.24 | Mem:1.42M, Peak:1.42M | Scene, ViewLayer | Updating Geometry BVH Wrist fur.005 88/109 | Building BVH
Fra:1 Mem:25.53M (Peak 30.50M) | Time:00:00.24 | Mem:1.42M, Peak:1.42M | Scene, ViewLayer | Updating Geometry BVH Wrist fur.005 88/109 | Building mesh BLAS |      44 tris | Wrist fur.005
Fra:1 Mem:25.53M (Peak 30.50M) | Time:00:00.25 | Mem:1.43M, Peak:1.43M | Scene, ViewLayer | Updating Geometry BVH Layered shoulder fur.006 89/109 | Building BVH
Fra:1 Mem:25.53M (Peak 30.50M) | Time:00:00.25 | Mem:1.44M, Peak:1.44M | Scene, ViewLayer | Updating Geometry BVH Layered shoulder fur.006 89/109 | Building mesh BLAS |      44 tris | Layered shoulder fur.006
Fra:1 Mem:25.53M (Peak 30.50M) | Time:00:00.25 | Mem:1.44M, Peak:1.44M | Scene, ViewLayer | Updating Geometry BVH Layered shoulder fur.007 90/109 | Building BVH
Fra:1 Mem:25.53M (Peak 30.50M) | Time:00:00.25 | Mem:1.44M, Peak:1.44M | Scene, ViewLayer | Updating Geometry BVH Layered shoulder fur.008 91/109 | Building BVH
Fra:1 Mem:25.53M (Peak 30.50M) | Time:00:00.25 | Mem:1.44M, Peak:1.44M | Scene, ViewLayer | Updating Geometry BVH Layered shoulder fur.008 91/109 | Building mesh BLAS |      44 tris | Layered shoulder fur.007
Fra:1 Mem:25.53M (Peak 30.50M) | Time:00:00.25 | Mem:1.44M, Peak:1.44M | Scene, ViewLayer | Updating Geometry BVH Layered shoulder fur.008 91/109 | Building mesh BLAS |      44 tris | Layered shoulder fur.008
Fra:1 Mem:25.53M (Peak 30.50M) | Time:00:00.25 | Mem:1.66M, Peak:1.66M | Scene, ViewLayer | Updating Geometry BVH Wrist fur.006 92/109 | Building BVH
Fra:1 Mem:25.53M (Peak 30.50M) | Time:00:00.25 | Mem:1.66M, Peak:1.66M | Scene, ViewLayer | Updating Geometry BVH Wrist fur.006 92/109 | Building mesh BLAS |      44 tris | Wrist fur.006
Fra:1 Mem:25.53M (Peak 30.50M) | Time:00:00.25 | Mem:1.66M, Peak:1.66M | Scene, ViewLayer | Updating Geometry BVH Wrist fur.007 93/109 | Building BVH
Fra:1 Mem:25.53M (Peak 30.50M) | Time:00:00.25 | Mem:1.66M, Peak:1.66M | Scene, ViewLayer | Updating Geometry BVH Wrist fur.007 93/109 | Building mesh BLAS |      44 tris | Wrist fur.007
Fra:1 Mem:25.53M (Peak 30.50M) | Time:00:00.25 | Mem:1.67M, Peak:1.67M | Scene, ViewLayer | Updating Geometry BVH Layered shoulder fur.009 95/109 | Building BVH
Fra:1 Mem:25.53M (Peak 30.50M) | Time:00:00.25 | Mem:1.72M, Peak:1.72M | Scene, ViewLayer | Updating Geometry BVH Wrist fur.008 94/109 | Building mesh BLAS |      44 tris | Layered shoulder fur.009
Fra:1 Mem:25.53M (Peak 30.50M) | Time:00:00.25 | Mem:1.87M, Peak:1.87M | Scene, ViewLayer | Updating Geometry BVH Wrist fur.008 94/109 | Building mesh BLAS |      44 tris | Wrist fur.008
Fra:1 Mem:25.53M (Peak 30.50M) | Time:00:00.25 | Mem:2.15M, Peak:2.15M | Scene, ViewLayer | Updating Scene BVH | Building
Fra:1 Mem:25.53M (Peak 30.50M) | Time:00:00.27 | Mem:2.27M, Peak:2.27M | Scene, ViewLayer | Updating Scene BVH | Building TLAS      |     109 instances
Fra:1 Mem:25.53M (Peak 30.50M) | Time:00:00.27 | Mem:2.30M, Peak:2.30M | Scene, ViewLayer | Updating Scene BVH | Copying BVH to device
Fra:1 Mem:25.53M (Peak 30.50M) | Time:00:00.27 | Mem:2.30M, Peak:2.30M | Scene, ViewLayer | Updating Mesh | Computing normals
Fra:1 Mem:26.02M (Peak 30.50M) | Time:00:00.27 | Mem:2.30M, Peak:2.30M | Scene, ViewLayer | Updating Mesh | Copying Mesh to device
Fra:1 Mem:25.53M (Peak 30.50M) | Time:00:00.27 | Mem:2.82M, Peak:2.82M | Scene, ViewLayer | Updating Objects Flags
Fra:1 Mem:25.53M (Peak 30.50M) | Time:00:00.27 | Mem:2.82M, Peak:2.82M | Scene, ViewLayer | Updating Primitive Offsets
Fra:1 Mem:25.53M (Peak 30.50M) | Time:00:00.27 | Mem:2.82M, Peak:2.82M | Scene, ViewLayer | Updating Images
Fra:1 Mem:25.53M (Peak 30.50M) | Time:00:00.27 | Mem:2.82M, Peak:2.82M | Scene, ViewLayer | Updating Camera Volume
Fra:1 Mem:25.53M (Peak 30.50M) | Time:00:00.27 | Mem:2.82M, Peak:2.82M | Scene, ViewLayer | Updating Lookup Tables
Fra:1 Mem:25.45M (Peak 30.50M) | Time:00:00.27 | Mem:2.92M, Peak:2.92M | Scene, ViewLayer | Updating Lights
Fra:1 Mem:25.45M (Peak 30.50M) | Time:00:00.27 | Mem:2.92M, Peak:2.92M | Scene, ViewLayer | Updating Lights | Computing tree
Fra:1 Mem:25.45M (Peak 30.50M) | Time:00:00.27 | Mem:2.92M, Peak:2.92M | Scene, ViewLayer | Updating Integrator
Fra:1 Mem:25.45M (Peak 30.50M) | Time:00:00.27 | Mem:2.92M, Peak:2.92M | Scene, ViewLayer | Updating Film
Fra:1 Mem:25.54M (Peak 30.50M) | Time:00:00.27 | Mem:2.82M, Peak:2.92M | Scene, ViewLayer | Updating Lookup Tables
Fra:1 Mem:25.45M (Peak 30.50M) | Time:00:00.27 | Mem:2.92M, Peak:2.92M | Scene, ViewLayer | Updating Baking
Fra:1 Mem:25.45M (Peak 30.50M) | Time:00:00.27 | Mem:2.92M, Peak:2.92M | Scene, ViewLayer | Updating Device | Writing constant memory
Fra:1 Mem:25.46M (Peak 30.50M) | Time:00:00.30 | Mem:2.92M, Peak:2.92M | Scene, ViewLayer | Loading denoising kernels (may take a few minutes the first time)
Fra:1 Mem:25.46M (Peak 57.46M) | Time:00:00.31 | Mem:2818.93M, Peak:2818.93M | Scene, ViewLayer | Sample 0/12 (Using optimized kernels)
Fra:1 Mem:25.45M (Peak 60.96M) | Time:00:00.51 | Remaining:00:02.19 | Mem:2854.47M, Peak:2854.47M | Scene, ViewLayer | Sample 1/12 (Using optimized kernels)
Fra:1 Mem:40.40M (Peak 62.84M) | Time:00:03.64 | Mem:2854.47M, Peak:2854.47M | Scene, ViewLayer | Sample 12/12 (Using optimized kernels)
Fra:1 Mem:40.40M (Peak 62.84M) | Time:00:03.64 | Mem:2854.47M, Peak:2854.47M | Scene, ViewLayer | Finished
Saved: '/Users/chikumatsuboi/Code/animal-racers-western/assets/source/western/qa/form-cycle-3/after/wolf-fight_idle-01.png'
Time: 00:03.77 (Saving: 00:00.06)

Fra:14 Mem:28.19M (Peak 28.19M) | Time:00:00.00 | Mem:0.02M, Peak:0.02M | Scene, ViewLayer | Synchronizing object | Body • continuous sculpted skin
Fra:14 Mem:28.19M (Peak 28.19M) | Time:00:00.00 | Mem:0.02M, Peak:0.02M | Scene, ViewLayer | Synchronizing object | Paw toe.002
Fra:14 Mem:28.24M (Peak 28.24M) | Time:00:00.00 | Mem:0.02M, Peak:0.02M | Scene, ViewLayer | Synchronizing object | Ivory claw.002
Fra:14 Mem:28.45M (Peak 28.45M) | Time:00:00.00 | Mem:0.02M, Peak:0.02M | Scene, ViewLayer | Synchronizing object | Paw toe.003
Fra:14 Mem:28.48M (Peak 28.48M) | Time:00:00.00 | Mem:0.02M, Peak:0.02M | Scene, ViewLayer | Synchronizing object | Ivory claw.003
Fra:14 Mem:28.52M (Peak 28.52M) | Time:00:00.00 | Mem:0.02M, Peak:0.02M | Scene, ViewLayer | Synchronizing object | Paw toe.004
Fra:14 Mem:28.51M (Peak 28.52M) | Time:00:00.00 | Mem:0.02M, Peak:0.02M | Scene, ViewLayer | Synchronizing object | Ivory claw.004
Fra:14 Mem:28.52M (Peak 28.52M) | Time:00:00.00 | Mem:0.02M, Peak:0.02M | Scene, ViewLayer | Synchronizing object | Ivory claw.005
Fra:14 Mem:28.52M (Peak 28.52M) | Time:00:00.00 | Mem:0.02M, Peak:0.02M | Scene, ViewLayer | Synchronizing object | Paw toe.006
Fra:14 Mem:28.56M (Peak 28.56M) | Time:00:00.00 | Mem:0.02M, Peak:0.02M | Scene, ViewLayer | Synchronizing object | Ivory claw.006
Fra:14 Mem:28.58M (Peak 28.58M) | Time:00:00.00 | Mem:0.02M, Peak:0.02M | Scene, ViewLayer | Synchronizing object | Ivory claw.007
Fra:14 Mem:28.74M (Peak 28.74M) | Time:00:00.00 | Mem:0.02M, Peak:0.02M | Scene, ViewLayer | Synchronizing object | Paw toe.008
Fra:14 Mem:28.73M (Peak 28.74M) | Time:00:00.00 | Mem:0.02M, Peak:0.02M | Scene, ViewLayer | Synchronizing object | Ivory claw.008
Fra:14 Mem:28.75M (Peak 28.75M) | Time:00:00.00 | Mem:0.02M, Peak:0.02M | Scene, ViewLayer | Synchronizing object | Paw toe.009
Fra:14 Mem:28.75M (Peak 28.75M) | Time:00:00.00 | Mem:0.02M, Peak:0.02M | Scene, ViewLayer | Synchronizing object | Ivory claw.009
Fra:14 Mem:28.77M (Peak 28.77M) | Time:00:00.00 | Mem:0.02M, Peak:0.02M | Scene, ViewLayer | Synchronizing object | Paw toe.010
Fra:14 Mem:28.77M (Peak 28.77M) | Time:00:00.00 | Mem:0.02M, Peak:0.02M | Scene, ViewLayer | Synchronizing object | Ivory claw.010
Fra:14 Mem:28.79M (Peak 28.79M) | Time:00:00.00 | Mem:0.02M, Peak:0.02M | Scene, ViewLayer | Synchronizing object | Paw toe.011
Fra:14 Mem:28.78M (Peak 28.79M) | Time:00:00.00 | Mem:0.02M, Peak:0.02M | Scene, ViewLayer | Synchronizing object | Ivory claw.011
Fra:14 Mem:28.78M (Peak 28.79M) | Time:00:00.00 | Mem:0.02M, Peak:0.02M | Scene, ViewLayer | Synchronizing object | Heart shaped nose
Fra:14 Mem:28.79M (Peak 28.79M) | Time:00:00.00 | Mem:0.02M, Peak:0.02M | Scene, ViewLayer | Synchronizing object | Eye socket
Fra:14 Mem:28.85M (Peak 28.85M) | Time:00:00.00 | Mem:0.02M, Peak:0.02M | Scene, ViewLayer | Synchronizing object | Ivory eye
Fra:14 Mem:29.04M (Peak 29.04M) | Time:00:00.00 | Mem:0.02M, Peak:0.02M | Scene, ViewLayer | Synchronizing object | Iris
Fra:14 Mem:29.06M (Peak 29.06M) | Time:00:00.00 | Mem:0.02M, Peak:0.02M | Scene, ViewLayer | Synchronizing object | Pupil
Fra:14 Mem:29.12M (Peak 29.12M) | Time:00:00.00 | Mem:0.02M, Peak:0.02M | Scene, ViewLayer | Synchronizing object | Warm rim
Fra:14 Mem:29.14M (Peak 29.14M) | Time:00:00.00 | Mem:0.02M, Peak:0.02M | Scene, ViewLayer | Synchronizing object | Eye glint
Fra:14 Mem:29.16M (Peak 29.16M) | Time:00:00.00 | Mem:0.02M, Peak:0.02M | Scene, ViewLayer | Synchronizing object | Sky fill
Fra:14 Mem:29.17M (Peak 29.17M) | Time:00:00.00 | Mem:0.02M, Peak:0.02M | Scene, ViewLayer | Synchronizing object | Smiling mouth
Fra:14 Mem:29.18M (Peak 29.18M) | Time:00:00.00 | Mem:0.02M, Peak:0.02M | Scene, ViewLayer | Synchronizing object | Whisker pore.002
Fra:14 Mem:29.18M (Peak 29.18M) | Time:00:00.00 | Mem:0.02M, Peak:0.02M | Scene, ViewLayer | Synchronizing object | Sunset key
Fra:14 Mem:29.27M (Peak 29.27M) | Time:00:00.00 | Mem:0.02M, Peak:0.02M | Scene, ViewLayer | Synchronizing object | Eye socket.001
Fra:14 Mem:29.27M (Peak 29.27M) | Time:00:00.00 | Mem:0.02M, Peak:0.02M | Scene, ViewLayer | Synchronizing object | Pupil.001
Fra:14 Mem:29.30M (Peak 29.30M) | Time:00:00.00 | Mem:0.02M, Peak:0.02M | Scene, ViewLayer | Synchronizing object | Plane
Fra:14 Mem:29.32M (Peak 29.32M) | Time:00:00.00 | Mem:0.02M, Peak:0.02M | Scene, ViewLayer | Synchronizing object | Expressive brow.001
Fra:14 Mem:29.32M (Peak 29.32M) | Time:00:00.00 | Mem:0.02M, Peak:0.02M | Scene, ViewLayer | Synchronizing object | Raised elemental crest
Fra:14 Mem:29.33M (Peak 29.33M) | Time:00:00.00 | Mem:0.02M, Peak:0.02M | Scene, ViewLayer | Synchronizing object | Smiling mouth.001
Fra:14 Mem:29.36M (Peak 29.36M) | Time:00:00.00 | Mem:0.02M, Peak:0.02M | Scene, ViewLayer | Synchronizing object | Whisker pore.003
Fra:14 Mem:29.36M (Peak 29.36M) | Time:00:00.00 | Mem:0.02M, Peak:0.02M | Scene, ViewLayer | Synchronizing object | Whisker pore.005
Fra:14 Mem:29.39M (Peak 29.39M) | Time:00:00.00 | Mem:0.02M, Peak:0.02M | Scene, ViewLayer | Synchronizing object | Lower jaw
Fra:14 Mem:29.40M (Peak 29.40M) | Time:00:00.00 | Mem:0.02M, Peak:0.02M | Scene, ViewLayer | Synchronizing object | Connected inner mouth sleeve
Fra:14 Mem:29.40M (Peak 29.40M) | Time:00:00.00 | Mem:0.02M, Peak:0.02M | Scene, ViewLayer | Synchronizing object | Brass crest clasp
Fra:14 Mem:29.42M (Peak 29.42M) | Time:00:00.00 | Mem:0.02M, Peak:0.02M | Scene, ViewLayer | Synchronizing object | Upper palate
Fra:14 Mem:29.43M (Peak 29.43M) | Time:00:00.00 | Mem:0.02M, Peak:0.02M | Scene, ViewLayer | Synchronizing object | Mandible floor
Fra:14 Mem:29.45M (Peak 29.45M) | Time:00:00.00 | Mem:0.02M, Peak:0.02M | Scene, ViewLayer | Synchronizing object | Connected outer cheek
Fra:14 Mem:29.47M (Peak 29.47M) | Time:00:00.00 | Mem:0.02M, Peak:0.02M | Scene, ViewLayer | Synchronizing object | Neckerchief folded point
Fra:14 Mem:29.49M (Peak 29.49M) | Time:00:00.00 | Mem:0.02M, Peak:0.02M | Scene, ViewLayer | Synchronizing object | Lower canine.001
Fra:14 Mem:29.49M (Peak 29.49M) | Time:00:00.00 | Mem:0.02M, Peak:0.02M | Scene, ViewLayer | Synchronizing object | Pointed species ear
Fra:14 Mem:29.51M (Peak 29.51M) | Time:00:00.00 | Mem:0.02M, Peak:0.02M | Scene, ViewLayer | Synchronizing object | Inner ear
Fra:14 Mem:29.53M (Peak 29.53M) | Time:00:00.00 | Mem:0.02M, Peak:0.02M | Scene, ViewLayer | Synchronizing object | Pointed species ear.001
Fra:14 Mem:29.53M (Peak 29.53M) | Time:00:00.00 | Mem:0.02M, Peak:0.02M | Scene, ViewLayer | Synchronizing object | Swept cheek ruff
Fra:14 Mem:29.53M (Peak 29.53M) | Time:00:00.00 | Mem:0.02M, Peak:0.02M | Scene, ViewLayer | Synchronizing object | Swept cheek ruff.001
Fra:14 Mem:29.54M (Peak 29.54M) | Time:00:00.00 | Mem:0.02M, Peak:0.02M | Scene, ViewLayer | Synchronizing object | Swept cheek ruff.002
Fra:14 Mem:29.54M (Peak 29.54M) | Time:00:00.00 | Mem:0.02M, Peak:0.02M | Scene, ViewLayer | Synchronizing object | Swept cheek ruff.004
Fra:14 Mem:29.54M (Peak 29.54M) | Time:00:00.00 | Mem:0.02M, Peak:0.02M | Scene, ViewLayer | Synchronizing object | Swept cheek ruff.005
Fra:14 Mem:29.54M (Peak 29.54M) | Time:00:00.00 | Mem:0.02M, Peak:0.02M | Scene, ViewLayer | Synchronizing object | Swept cheek ruff.006
Fra:14 Mem:29.55M (Peak 29.55M) | Time:00:00.00 | Mem:0.02M, Peak:0.02M | Scene, ViewLayer | Synchronizing object | Swept cheek ruff.007
Fra:14 Mem:29.55M (Peak 29.55M) | Time:00:00.00 | Mem:0.02M, Peak:0.02M | Scene, ViewLayer | Synchronizing object | Leather neckerchief roll
Fra:14 Mem:29.56M (Peak 29.56M) | Time:00:00.00 | Mem:0.02M, Peak:0.02M | Scene, ViewLayer | Synchronizing object | Ice swept crest
Fra:14 Mem:29.56M (Peak 29.56M) | Time:00:00.00 | Mem:0.02M, Peak:0.02M | Scene, ViewLayer | Synchronizing object | Articulated tail
Fra:14 Mem:29.57M (Peak 29.57M) | Time:00:00.00 | Mem:0.02M, Peak:0.02M | Scene, ViewLayer | Synchronizing object | Ice swept crest.003
Fra:14 Mem:29.57M (Peak 29.57M) | Time:00:00.00 | Mem:0.02M, Peak:0.02M | Scene, ViewLayer | Synchronizing object | Ice swept crest.004
Fra:14 Mem:29.58M (Peak 29.58M) | Time:00:00.00 | Mem:0.02M, Peak:0.02M | Scene, ViewLayer | Synchronizing object | Ice swept crest.005
Fra:14 Mem:29.58M (Peak 29.58M) | Time:00:00.00 | Mem:0.02M, Peak:0.02M | Scene, ViewLayer | Synchronizing object | Layered shoulder fur
Fra:14 Mem:29.59M (Peak 29.59M) | Time:00:00.00 | Mem:0.02M, Peak:0.02M | Scene, ViewLayer | Synchronizing object | Wrist fur
Fra:14 Mem:29.59M (Peak 29.59M) | Time:00:00.00 | Mem:0.02M, Peak:0.02M | Scene, ViewLayer | Synchronizing object | Wrist fur.001
Fra:14 Mem:29.59M (Peak 29.59M) | Time:00:00.00 | Mem:0.02M, Peak:0.02M | Scene, ViewLayer | Synchronizing object | Wrist fur.002
Fra:14 Mem:29.61M (Peak 29.61M) | Time:00:00.00 | Mem:0.02M, Peak:0.02M | Scene, ViewLayer | Synchronizing object | Layered shoulder fur.003
Fra:14 Mem:29.64M (Peak 29.64M) | Time:00:00.00 | Mem:0.02M, Peak:0.02M | Scene, ViewLayer | Synchronizing object | Layered shoulder fur.004
Fra:14 Mem:29.63M (Peak 29.64M) | Time:00:00.00 | Mem:0.02M, Peak:0.02M | Scene, ViewLayer | Synchronizing object | Layered shoulder fur.005
Fra:14 Mem:29.63M (Peak 29.64M) | Time:00:00.00 | Mem:0.02M, Peak:0.02M | Scene, ViewLayer | Synchronizing object | Wrist fur.003
Fra:14 Mem:29.64M (Peak 29.64M) | Time:00:00.00 | Mem:0.02M, Peak:0.02M | Scene, ViewLayer | Synchronizing object | Wrist fur.004
Fra:14 Mem:29.64M (Peak 29.64M) | Time:00:00.00 | Mem:0.02M, Peak:0.02M | Scene, ViewLayer | Synchronizing object | Wrist fur.005
Fra:14 Mem:29.65M (Peak 29.65M) | Time:00:00.00 | Mem:0.02M, Peak:0.02M | Scene, ViewLayer | Synchronizing object | Layered shoulder fur.006
Fra:14 Mem:29.65M (Peak 29.65M) | Time:00:00.00 | Mem:0.02M, Peak:0.02M | Scene, ViewLayer | Synchronizing object | Layered shoulder fur.008
Fra:14 Mem:29.67M (Peak 29.67M) | Time:00:00.01 | Mem:0.02M, Peak:0.02M | Scene, ViewLayer | Synchronizing object | Wrist fur.010
Fra:14 Mem:29.66M (Peak 29.67M) | Time:00:00.01 | Mem:0.02M, Peak:0.02M | Scene, ViewLayer | Synchronizing object | Wrist fur.006
Fra:14 Mem:29.66M (Peak 29.67M) | Time:00:00.01 | Mem:0.02M, Peak:0.02M | Scene, ViewLayer | Synchronizing object | Wrist fur.009
Fra:14 Mem:29.67M (Peak 29.67M) | Time:00:00.01 | Mem:0.02M, Peak:0.02M | Scene, ViewLayer | Synchronizing object | Wrist fur.007
Fra:14 Mem:29.68M (Peak 29.68M) | Time:00:00.01 | Mem:0.02M, Peak:0.02M | Scene, ViewLayer | Synchronizing object | Wrist fur.008
Fra:14 Mem:29.70M (Peak 29.70M) | Time:00:00.01 | Mem:0.02M, Peak:0.02M | Scene, ViewLayer | Synchronizing object | Layered shoulder fur.010
Fra:14 Mem:29.69M (Peak 29.70M) | Time:00:00.01 | Mem:0.02M, Peak:0.02M | Scene, ViewLayer | Synchronizing object | Layered shoulder fur.011
Fra:14 Mem:29.71M (Peak 29.71M) | Time:00:00.01 | Mem:0.02M, Peak:0.02M | Scene, ViewLayer | Initializing
Fra:14 Mem:28.05M (Peak 29.71M) | Time:00:00.01 | Mem:0.02M, Peak:0.02M | Scene, ViewLayer | Updating Images | Loading Authored short-fur normal
Fra:14 Mem:24.28M (Peak 29.71M) | Time:00:00.01 | Mem:0.27M, Peak:0.27M | Scene, ViewLayer | Waiting for render to start
Fra:14 Mem:24.28M (Peak 29.71M) | Time:00:00.01 | Mem:0.27M, Peak:0.27M | Scene, ViewLayer | Updating Scene
Fra:14 Mem:24.28M (Peak 29.71M) | Time:00:00.01 | Mem:0.27M, Peak:0.27M | Scene, ViewLayer | Updating Shaders
Fra:14 Mem:24.28M (Peak 29.71M) | Time:00:00.01 | Mem:0.27M, Peak:0.27M | Scene, ViewLayer | Loading render kernels (may take a few minutes the first time)
Fra:14 Mem:24.36M (Peak 29.71M) | Time:00:00.06 | Mem:0.28M, Peak:0.28M | Scene, ViewLayer | Updating Procedurals
Fra:14 Mem:24.36M (Peak 29.71M) | Time:00:00.06 | Mem:0.28M, Peak:0.28M | Scene, ViewLayer | Updating Background
Fra:14 Mem:24.36M (Peak 29.71M) | Time:00:00.06 | Mem:0.28M, Peak:0.28M | Scene, ViewLayer | Updating Camera
Fra:14 Mem:24.36M (Peak 29.71M) | Time:00:00.06 | Mem:0.28M, Peak:0.28M | Scene, ViewLayer | Updating Meshes Flags
Fra:14 Mem:24.36M (Peak 29.71M) | Time:00:00.06 | Mem:0.28M, Peak:0.28M | Scene, ViewLayer | Updating Objects
Fra:14 Mem:24.36M (Peak 29.71M) | Time:00:00.06 | Mem:0.28M, Peak:0.28M | Scene, ViewLayer | Updating Objects | Copying Transformations to device
Fra:14 Mem:24.36M (Peak 29.71M) | Time:00:00.06 | Mem:0.31M, Peak:0.31M | Scene, ViewLayer | Updating Particle Systems
Fra:14 Mem:24.36M (Peak 29.71M) | Time:00:00.06 | Mem:0.31M, Peak:0.31M | Scene, ViewLayer | Updating Particle Systems | Copying Particles to device
Fra:14 Mem:24.36M (Peak 29.71M) | Time:00:00.06 | Mem:0.31M, Peak:0.31M | Scene, ViewLayer | Updating Meshes
Fra:14 Mem:25.13M (Peak 29.71M) | Time:00:00.07 | Mem:0.31M, Peak:0.31M | Scene, ViewLayer | Updating Objects | Applying Static Transformations
Fra:14 Mem:25.13M (Peak 29.71M) | Time:00:00.07 | Mem:0.31M, Peak:0.31M | Scene, ViewLayer | Updating Mesh | Computing attributes
Fra:14 Mem:26.22M (Peak 29.71M) | Time:00:00.07 | Mem:0.33M, Peak:0.33M | Scene, ViewLayer | Updating Mesh | Copying Attributes to device
Fra:14 Mem:25.13M (Peak 29.71M) | Time:00:00.17 | Mem:1.42M, Peak:1.42M | Scene, ViewLayer | Updating Geometry BVH ribcage 2/85 | Building BVH
Fra:14 Mem:25.13M (Peak 29.71M) | Time:00:00.17 | Mem:1.42M, Peak:1.42M | Scene, ViewLayer | Updating Geometry BVH Ivory claw.002 8/109 | Building BVH
Fra:14 Mem:25.13M (Peak 29.71M) | Time:00:00.17 | Mem:1.42M, Peak:1.42M | Scene, ViewLayer | Updating Geometry BVH Warm rim 109/109 | Building BVH
Fra:14 Mem:25.13M (Peak 29.71M) | Time:00:00.17 | Mem:1.42M, Peak:1.42M | Scene, ViewLayer | Updating Geometry BVH Warm rim 109/109 | Building mesh BLAS |     192 tris | Paw toe
Fra:14 Mem:25.13M (Peak 29.71M) | Time:00:00.17 | Mem:1.42M, Peak:1.42M | Scene, ViewLayer | Updating Geometry BVH Warm rim 109/109 | Building mesh BLAS |     192 tris | Paw toe.002
Fra:14 Mem:25.13M (Peak 29.71M) | Time:00:00.17 | Mem:1.42M, Peak:1.42M | Scene, ViewLayer | Updating Geometry BVH Warm rim 109/109 | Building mesh BLAS |      32 tris | Ivory claw.002
Fra:14 Mem:25.13M (Peak 29.71M) | Time:00:00.17 | Mem:1.42M, Peak:1.42M | Scene, ViewLayer | Updating Geometry BVH Warm rim 109/109 | Building mesh BLAS |     192 tris | Paw toe.001
Fra:14 Mem:25.13M (Peak 29.71M) | Time:00:00.17 | Mem:1.42M, Peak:1.42M | Scene, ViewLayer | Updating Geometry BVH Paw toe.003 9/109 | Building BVH
Fra:14 Mem:25.13M (Peak 29.71M) | Time:00:00.17 | Mem:1.42M, Peak:1.42M | Scene, ViewLayer | Updating Geometry BVH Sky fill 108/109 | Building BVH
Fra:14 Mem:25.13M (Peak 29.71M) | Time:00:00.17 | Mem:1.42M, Peak:1.42M | Scene, ViewLayer | Updating Geometry BVH Sky fill 108/109 | Building mesh BLAS |     192 tris | Paw toe.003
Fra:14 Mem:25.13M (Peak 29.71M) | Time:00:00.17 | Mem:1.42M, Peak:1.42M | Scene, ViewLayer | Updating Geometry BVH Sunset key 107/109 | Building BVH
Fra:14 Mem:25.13M (Peak 29.71M) | Time:00:00.17 | Mem:1.42M, Peak:1.42M | Scene, ViewLayer | Updating Geometry BVH Plane 106/109 | Building BVH
Fra:14 Mem:25.13M (Peak 29.71M) | Time:00:00.17 | Mem:1.42M, Peak:1.42M | Scene, ViewLayer | Updating Geometry BVH Ivory claw.003 10/109 | Building mesh BLAS |       2 tris | Plane
Fra:14 Mem:25.13M (Peak 29.71M) | Time:00:00.17 | Mem:1.42M, Peak:1.42M | Scene, ViewLayer | Updating Geometry BVH Ivory claw.003 10/109 | Building mesh BLAS |      32 tris | Ivory claw.003
Fra:14 Mem:25.13M (Peak 29.71M) | Time:00:00.17 | Mem:1.42M, Peak:1.42M | Scene, ViewLayer | Updating Geometry BVH Paw toe.004 11/109 | Building BVH
Fra:14 Mem:25.13M (Peak 29.71M) | Time:00:00.17 | Mem:1.42M, Peak:1.42M | Scene, ViewLayer | Updating Geometry BVH Paw toe.004 11/109 | Building mesh BLAS |     192 tris | Paw toe.004
Fra:14 Mem:25.13M (Peak 29.71M) | Time:00:00.17 | Mem:1.42M, Peak:1.42M | Scene, ViewLayer | Updating Geometry BVH Ivory claw.004 12/109 | Building BVH
Fra:14 Mem:25.13M (Peak 29.71M) | Time:00:00.17 | Mem:1.42M, Peak:1.42M | Scene, ViewLayer | Updating Geometry BVH Ivory claw.004 12/109 | Building mesh BLAS |      32 tris | Ivory claw.004
Fra:14 Mem:25.13M (Peak 29.71M) | Time:00:00.17 | Mem:1.42M, Peak:1.42M | Scene, ViewLayer | Updating Geometry BVH Paw toe.005 13/109 | Building BVH
Fra:14 Mem:25.13M (Peak 29.71M) | Time:00:00.17 | Mem:1.42M, Peak:1.42M | Scene, ViewLayer | Updating Geometry BVH Ivory claw.005 14/109 | Building BVH
Fra:14 Mem:25.13M (Peak 29.71M) | Time:00:00.17 | Mem:1.42M, Peak:1.42M | Scene, ViewLayer | Updating Geometry BVH Ivory claw.005 14/109 | Building mesh BLAS |     192 tris | Paw toe.005
Fra:14 Mem:25.13M (Peak 29.71M) | Time:00:00.17 | Mem:1.42M, Peak:1.42M | Scene, ViewLayer | Updating Geometry BVH Ivory claw.005 14/109 | Building mesh BLAS |      32 tris | Ivory claw.005
Fra:14 Mem:25.13M (Peak 29.71M) | Time:00:00.17 | Mem:1.42M, Peak:1.42M | Scene, ViewLayer | Updating Geometry BVH Paw toe.006 15/109 | Building BVH
Fra:14 Mem:25.13M (Peak 29.71M) | Time:00:00.17 | Mem:1.42M, Peak:1.42M | Scene, ViewLayer | Updating Geometry BVH Ivory claw.006 16/109 | Building BVH
Fra:14 Mem:25.13M (Peak 29.71M) | Time:00:00.17 | Mem:1.42M, Peak:1.42M | Scene, ViewLayer | Updating Geometry BVH Raised elemental crest 105/109 | Building BVH
Fra:14 Mem:25.13M (Peak 29.71M) | Time:00:00.17 | Mem:1.42M, Peak:1.42M | Scene, ViewLayer | Updating Geometry BVH Raised elemental crest 105/109 | Building mesh BLAS |      26 tris | Raised elemental crest
Fra:14 Mem:25.13M (Peak 29.71M) | Time:00:00.17 | Mem:1.42M, Peak:1.42M | Scene, ViewLayer | Updating Geometry BVH Paw toe.007 17/109 | Building BVH
Fra:14 Mem:25.13M (Peak 29.71M) | Time:00:00.17 | Mem:1.42M, Peak:1.42M | Scene, ViewLayer | Updating Geometry BVH Ivory claw.007 18/109 | Building BVH
Fra:14 Mem:25.13M (Peak 29.71M) | Time:00:00.17 | Mem:1.42M, Peak:1.42M | Scene, ViewLayer | Updating Geometry BVH Ivory claw.007 18/109 | Building mesh BLAS |     192 tris | Paw toe.007
Fra:14 Mem:25.13M (Peak 29.71M) | Time:00:00.17 | Mem:1.42M, Peak:1.42M | Scene, ViewLayer | Updating Geometry BVH Ivory claw.007 18/109 | Building mesh BLAS |      32 tris | Ivory claw.007
Fra:14 Mem:25.13M (Peak 29.71M) | Time:00:00.17 | Mem:1.42M, Peak:1.42M | Scene, ViewLayer | Updating Geometry BVH Paw toe.008 19/109 | Building BVH
Fra:14 Mem:25.13M (Peak 29.71M) | Time:00:00.17 | Mem:1.42M, Peak:1.42M | Scene, ViewLayer | Updating Geometry BVH Paw toe.008 19/109 | Building mesh BLAS |     192 tris | Paw toe.008
Fra:14 Mem:25.13M (Peak 29.71M) | Time:00:00.17 | Mem:1.42M, Peak:1.42M | Scene, ViewLayer | Updating Geometry BVH Ivory claw.008 20/109 | Building BVH
Fra:14 Mem:25.13M (Peak 29.71M) | Time:00:00.17 | Mem:1.42M, Peak:1.42M | Scene, ViewLayer | Updating Geometry BVH Ivory claw.008 20/109 | Building mesh BLAS |      32 tris | Ivory claw.008
Fra:14 Mem:25.13M (Peak 29.71M) | Time:00:00.17 | Mem:1.42M, Peak:1.42M | Scene, ViewLayer | Updating Geometry BVH Paw toe.009 21/109 | Building BVH
Fra:14 Mem:25.13M (Peak 29.71M) | Time:00:00.17 | Mem:1.42M, Peak:1.42M | Scene, ViewLayer | Updating Geometry BVH Ivory claw.009 22/109 | Building BVH
Fra:14 Mem:25.13M (Peak 29.71M) | Time:00:00.17 | Mem:1.42M, Peak:1.42M | Scene, ViewLayer | Updating Geometry BVH Ivory claw.009 22/109 | Building mesh BLAS |      32 tris | Ivory claw.009
Fra:14 Mem:25.13M (Peak 29.71M) | Time:00:00.17 | Mem:1.42M, Peak:1.42M | Scene, ViewLayer | Updating Geometry BVH Ivory claw.009 22/109 | Building mesh BLAS |     192 tris | Paw toe.009
Fra:14 Mem:25.13M (Peak 29.71M) | Time:00:00.17 | Mem:1.42M, Peak:1.42M | Scene, ViewLayer | Updating Geometry BVH Paw toe.010 23/109 | Building BVH
Fra:14 Mem:25.13M (Peak 29.71M) | Time:00:00.17 | Mem:1.42M, Peak:1.42M | Scene, ViewLayer | Updating Geometry BVH Paw toe.010 23/109 | Building mesh BLAS |     192 tris | Paw toe.010
Fra:14 Mem:25.13M (Peak 29.71M) | Time:00:00.17 | Mem:1.42M, Peak:1.42M | Scene, ViewLayer | Updating Geometry BVH Brass crest clasp 104/109 | Building BVH
Fra:14 Mem:25.13M (Peak 29.71M) | Time:00:00.17 | Mem:1.42M, Peak:1.42M | Scene, ViewLayer | Updating Geometry BVH Brass crest clasp 104/109 | Building mesh BLAS |     320 tris | Brass crest clasp
Fra:14 Mem:25.13M (Peak 29.71M) | Time:00:00.17 | Mem:1.42M, Peak:1.42M | Scene, ViewLayer | Updating Geometry BVH Ivory claw.010 24/109 | Building BVH
Fra:14 Mem:25.13M (Peak 29.71M) | Time:00:00.17 | Mem:1.42M, Peak:1.42M | Scene, ViewLayer | Updating Geometry BVH Ivory claw.010 24/109 | Building mesh BLAS |      32 tris | Ivory claw.010
Fra:14 Mem:25.13M (Peak 29.71M) | Time:00:00.17 | Mem:1.42M, Peak:1.42M | Scene, ViewLayer | Updating Geometry BVH Paw toe.011 25/109 | Building BVH
Fra:14 Mem:25.13M (Peak 29.71M) | Time:00:00.17 | Mem:1.42M, Peak:1.42M | Scene, ViewLayer | Updating Geometry BVH Paw toe.011 25/109 | Building mesh BLAS |     192 tris | Paw toe.011
Fra:14 Mem:25.13M (Peak 29.71M) | Time:00:00.17 | Mem:1.42M, Peak:1.42M | Scene, ViewLayer | Updating Geometry BVH Skull 27/109 | Building BVH
Fra:14 Mem:25.13M (Peak 29.71M) | Time:00:00.17 | Mem:1.42M, Peak:1.42M | Scene, ViewLayer | Updating Geometry BVH Neckerchief folded point 103/109 | Building BVH
Fra:14 Mem:25.13M (Peak 29.71M) | Time:00:00.17 | Mem:1.42M, Peak:1.42M | Scene, ViewLayer | Updating Geometry BVH Neckerchief folded point 103/109 | Building mesh BLAS |    2722 tris | Skull
Fra:14 Mem:25.13M (Peak 29.71M) | Time:00:00.17 | Mem:1.42M, Peak:1.42M | Scene, ViewLayer | Updating Geometry BVH Neckerchief folded point 103/109 | Building mesh BLAS |       4 tris | Neckerchief folded point
Fra:14 Mem:25.13M (Peak 29.71M) | Time:00:00.17 | Mem:1.42M, Peak:1.42M | Scene, ViewLayer | Updating Geometry BVH Frost muzzle 28/109 | Building BVH
Fra:14 Mem:25.13M (Peak 29.71M) | Time:00:00.17 | Mem:1.42M, Peak:1.42M | Scene, ViewLayer | Updating Geometry BVH Frost muzzle 28/109 | Building mesh BLAS |      32 tris | Ivory claw.011
Fra:14 Mem:25.13M (Peak 29.71M) | Time:00:00.17 | Mem:1.42M, Peak:1.42M | Scene, ViewLayer | Updating Geometry BVH Frost muzzle 28/109 | Building mesh BLAS |     480 tris | Frost muzzle
Fra:14 Mem:25.13M (Peak 29.71M) | Time:00:00.17 | Mem:1.42M, Peak:1.42M | Scene, ViewLayer | Updating Geometry BVH Heart shaped nose 29/109 | Building BVH
Fra:14 Mem:25.13M (Peak 29.71M) | Time:00:00.17 | Mem:1.42M, Peak:1.42M | Scene, ViewLayer | Updating Geometry BVH Eye socket 30/109 | Building BVH
Fra:14 Mem:25.13M (Peak 29.71M) | Time:00:00.17 | Mem:1.42M, Peak:1.42M | Scene, ViewLayer | Updating Geometry BVH Eye socket 30/109 | Building mesh BLAS |       6 tris | Heart shaped nose
Fra:14 Mem:25.13M (Peak 29.71M) | Time:00:00.17 | Mem:1.42M, Peak:1.42M | Scene, ViewLayer | Updating Geometry BVH Ivory eye 31/109 | Building BVH
Fra:14 Mem:25.13M (Peak 29.71M) | Time:00:00.17 | Mem:1.42M, Peak:1.42M | Scene, ViewLayer | Updating Geometry BVH Ivory eye 31/109 | Building mesh BLAS |     480 tris | Ivory eye
Fra:14 Mem:25.13M (Peak 29.71M) | Time:00:00.17 | Mem:1.42M, Peak:1.42M | Scene, ViewLayer | Updating Geometry BVH Iris 32/109 | Building BVH
Fra:14 Mem:25.13M (Peak 29.71M) | Time:00:00.17 | Mem:1.42M, Peak:1.42M | Scene, ViewLayer | Updating Geometry BVH Iris 32/109 | Building mesh BLAS |     480 tris | Iris
Fra:14 Mem:25.13M (Peak 29.71M) | Time:00:00.17 | Mem:1.42M, Peak:1.42M | Scene, ViewLayer | Updating Geometry BVH Pupil 33/109 | Building BVH
Fra:14 Mem:25.13M (Peak 29.71M) | Time:00:00.17 | Mem:1.42M, Peak:1.42M | Scene, ViewLayer | Updating Geometry BVH Pupil 33/109 | Building mesh BLAS |     320 tris | Pupil
Fra:14 Mem:25.13M (Peak 29.71M) | Time:00:00.17 | Mem:1.42M, Peak:1.42M | Scene, ViewLayer | Updating Geometry BVH Leather neckerchief roll 102/109 | Building BVH
Fra:14 Mem:25.13M (Peak 29.71M) | Time:00:00.17 | Mem:1.42M, Peak:1.42M | Scene, ViewLayer | Updating Geometry BVH Leather neckerchief roll 102/109 | Building mesh BLAS |      76 tris | Leather neckerchief roll
Fra:14 Mem:25.13M (Peak 29.71M) | Time:00:00.17 | Mem:1.42M, Peak:1.42M | Scene, ViewLayer | Updating Geometry BVH Eye glint 34/109 | Building BVH
Fra:14 Mem:25.13M (Peak 29.71M) | Time:00:00.17 | Mem:1.42M, Peak:1.42M | Scene, ViewLayer | Updating Geometry BVH Eye glint 34/109 | Building mesh BLAS |     192 tris | Eye glint
Fra:14 Mem:25.13M (Peak 29.71M) | Time:00:00.17 | Mem:1.42M, Peak:1.42M | Scene, ViewLayer | Updating Geometry BVH Expressive brow 35/109 | Building BVH
Fra:14 Mem:25.13M (Peak 29.71M) | Time:00:00.17 | Mem:1.42M, Peak:1.42M | Scene, ViewLayer | Updating Geometry BVH Smiling mouth 36/109 | Building BVH
Fra:14 Mem:25.13M (Peak 29.71M) | Time:00:00.17 | Mem:1.42M, Peak:1.42M | Scene, ViewLayer | Updating Geometry BVH Smiling mouth 36/109 | Building mesh BLAS |      32 tris | Smiling mouth
Fra:14 Mem:25.13M (Peak 29.71M) | Time:00:00.17 | Mem:1.42M, Peak:1.42M | Scene, ViewLayer | Updating Geometry BVH Whisker pore 37/109 | Building BVH
Fra:14 Mem:25.13M (Peak 29.71M) | Time:00:00.17 | Mem:1.42M, Peak:1.42M | Scene, ViewLayer | Updating Geometry BVH Whisker pore 37/109 | Building mesh BLAS |      64 tris | Whisker pore
Fra:14 Mem:25.13M (Peak 29.71M) | Time:00:00.17 | Mem:1.42M, Peak:1.42M | Scene, ViewLayer | Updating Geometry BVH Whisker pore.001 38/109 | Building BVH
Fra:14 Mem:25.13M (Peak 29.71M) | Time:00:00.17 | Mem:1.42M, Peak:1.42M | Scene, ViewLayer | Updating Geometry BVH Whisker pore.001 38/109 | Building mesh BLAS |      64 tris | Whisker pore.001
Fra:14 Mem:25.13M (Peak 29.71M) | Time:00:00.17 | Mem:1.42M, Peak:1.42M | Scene, ViewLayer | Updating Geometry BVH Articulated tail 101/109 | Building BVH
Fra:14 Mem:25.13M (Peak 29.71M) | Time:00:00.17 | Mem:1.42M, Peak:1.42M | Scene, ViewLayer | Updating Geometry BVH Articulated tail 101/109 | Building mesh BLAS |     268 tris | Articulated tail
Fra:14 Mem:25.13M (Peak 29.71M) | Time:00:00.17 | Mem:1.42M, Peak:1.42M | Scene, ViewLayer | Updating Geometry BVH Whisker pore.002 39/109 | Building BVH
Fra:14 Mem:25.13M (Peak 29.71M) | Time:00:00.17 | Mem:1.42M, Peak:1.42M | Scene, ViewLayer | Updating Geometry BVH Whisker pore.002 39/109 | Building mesh BLAS |      64 tris | Whisker pore.002
Fra:14 Mem:25.13M (Peak 29.71M) | Time:00:00.17 | Mem:1.42M, Peak:1.42M | Scene, ViewLayer | Updating Geometry BVH Eye socket.001 40/109 | Building BVH
Fra:14 Mem:25.13M (Peak 29.71M) | Time:00:00.17 | Mem:1.42M, Peak:1.42M | Scene, ViewLayer | Updating Geometry BVH Eye socket.001 40/109 | Building mesh BLAS |     480 tris | Eye socket.001
Fra:14 Mem:25.13M (Peak 29.71M) | Time:00:00.17 | Mem:1.42M, Peak:1.42M | Scene, ViewLayer | Updating Geometry BVH Iris.001 42/109 | Building BVH
Fra:14 Mem:25.13M (Peak 29.71M) | Time:00:00.17 | Mem:1.42M, Peak:1.42M | Scene, ViewLayer | Updating Geometry BVH Wrist fur.011 100/109 | Building BVH
Fra:14 Mem:25.13M (Peak 29.71M) | Time:00:00.17 | Mem:1.42M, Peak:1.42M | Scene, ViewLayer | Updating Geometry BVH Wrist fur.011 100/109 | Building mesh BLAS |     480 tris | Iris.001
Fra:14 Mem:25.13M (Peak 29.71M) | Time:00:00.17 | Mem:1.42M, Peak:1.42M | Scene, ViewLayer | Updating Geometry BVH Pupil.001 43/109 | Building BVH
Fra:14 Mem:25.13M (Peak 29.71M) | Time:00:00.17 | Mem:1.42M, Peak:1.42M | Scene, ViewLayer | Updating Geometry BVH Eye glint.001 44/109 | Building BVH
Fra:14 Mem:25.13M (Peak 29.71M) | Time:00:00.17 | Mem:1.42M, Peak:1.42M | Scene, ViewLayer | Updating Geometry BVH Eye glint.001 44/109 | Building mesh BLAS |     320 tris | Pupil.001
Fra:14 Mem:25.13M (Peak 29.71M) | Time:00:00.17 | Mem:1.42M, Peak:1.42M | Scene, ViewLayer | Updating Geometry BVH Expressive brow.001 45/109 | Building mesh BLAS |     192 tris | Eye glint.001
Fra:14 Mem:25.13M (Peak 29.71M) | Time:00:00.17 | Mem:1.42M, Peak:1.42M | Scene, ViewLayer | Updating Geometry BVH Expressive brow.001 45/109 | Building mesh BLAS |      44 tris | Expressive brow.001
Fra:14 Mem:25.13M (Peak 29.71M) | Time:00:00.17 | Mem:1.42M, Peak:1.42M | Scene, ViewLayer | Updating Geometry BVH Smiling mouth.001 46/109 | Building BVH
Fra:14 Mem:25.13M (Peak 29.71M) | Time:00:00.17 | Mem:1.42M, Peak:1.42M | Scene, ViewLayer | Updating Geometry BVH Smiling mouth.001 46/109 | Building mesh BLAS |      32 tris | Smiling mouth.001
Fra:14 Mem:25.13M (Peak 29.71M) | Time:00:00.17 | Mem:1.42M, Peak:1.42M | Scene, ViewLayer | Updating Geometry BVH Whisker pore.003 47/109 | Building BVH
Fra:14 Mem:25.13M (Peak 29.71M) | Time:00:00.17 | Mem:1.42M, Peak:1.42M | Scene, ViewLayer | Updating Geometry BVH Whisker pore.003 47/109 | Building mesh BLAS |      64 tris | Whisker pore.003
Fra:14 Mem:25.13M (Peak 29.71M) | Time:00:00.17 | Mem:1.42M, Peak:1.42M | Scene, ViewLayer | Updating Geometry BVH Whisker pore.004 48/109 | Building BVH
Fra:14 Mem:25.13M (Peak 29.71M) | Time:00:00.17 | Mem:1.42M, Peak:1.42M | Scene, ViewLayer | Updating Geometry BVH Whisker pore.004 48/109 | Building mesh BLAS |     480 tris | Ivory eye.001
Fra:14 Mem:25.13M (Peak 29.71M) | Time:00:00.17 | Mem:1.42M, Peak:1.42M | Scene, ViewLayer | Updating Geometry BVH Whisker pore.004 48/109 | Building mesh BLAS |      64 tris | Whisker pore.004
Fra:14 Mem:25.13M (Peak 29.71M) | Time:00:00.17 | Mem:1.42M, Peak:1.42M | Scene, ViewLayer | Updating Geometry BVH Whisker pore.005 49/109 | Building BVH
Fra:14 Mem:25.13M (Peak 29.71M) | Time:00:00.17 | Mem:1.42M, Peak:1.42M | Scene, ViewLayer | Updating Geometry BVH Whisker pore.005 49/109 | Building mesh BLAS |      64 tris | Whisker pore.005
Fra:14 Mem:25.13M (Peak 29.71M) | Time:00:00.17 | Mem:1.42M, Peak:1.42M | Scene, ViewLayer | Updating Geometry BVH Lower jaw 50/109 | Building BVH
Fra:14 Mem:25.13M (Peak 29.71M) | Time:00:00.17 | Mem:1.42M, Peak:1.42M | Scene, ViewLayer | Updating Geometry BVH Lower jaw 50/109 | Building mesh BLAS |     400 tris | Lower jaw
Fra:14 Mem:25.13M (Peak 29.71M) | Time:00:00.17 | Mem:1.42M, Peak:1.42M | Scene, ViewLayer | Updating Geometry BVH Upper palate 52/109 | Building BVH
Fra:14 Mem:25.13M (Peak 29.71M) | Time:00:00.17 | Mem:1.42M, Peak:1.42M | Scene, ViewLayer | Updating Geometry BVH Upper palate 52/109 | Building mesh BLAS |      22 tris | Upper palate
Fra:14 Mem:25.13M (Peak 29.71M) | Time:00:00.17 | Mem:1.42M, Peak:1.42M | Scene, ViewLayer | Updating Geometry BVH Mandible floor 53/109 | Building BVH
Fra:14 Mem:25.13M (Peak 29.71M) | Time:00:00.17 | Mem:1.42M, Peak:1.42M | Scene, ViewLayer | Updating Geometry BVH Mandible floor 53/109 | Building mesh BLAS |      22 tris | Mandible floor
Fra:14 Mem:25.13M (Peak 29.71M) | Time:00:00.17 | Mem:1.42M, Peak:1.42M | Scene, ViewLayer | Updating Geometry BVH Wrist fur.010 99/109 | Building BVH
Fra:14 Mem:25.13M (Peak 29.71M) | Time:00:00.17 | Mem:1.42M, Peak:1.42M | Scene, ViewLayer | Updating Geometry BVH Wrist fur.010 99/109 | Building mesh BLAS |      44 tris | Wrist fur.010
Fra:14 Mem:25.13M (Peak 29.71M) | Time:00:00.17 | Mem:1.42M, Peak:1.42M | Scene, ViewLayer | Updating Geometry BVH Wrist fur.010 99/109 | Building mesh BLAS |      90 tris | Connected inner mouth sleeve
Fra:14 Mem:25.13M (Peak 29.71M) | Time:00:00.17 | Mem:1.42M, Peak:1.42M | Scene, ViewLayer | Updating Geometry BVH Connected outer cheek 54/109 | Building BVH
Fra:14 Mem:25.13M (Peak 29.71M) | Time:00:00.17 | Mem:1.42M, Peak:1.42M | Scene, ViewLayer | Updating Geometry BVH Connected outer cheek 54/109 | Building mesh BLAS |      24 tris | Connected outer cheek
Fra:14 Mem:25.13M (Peak 29.71M) | Time:00:00.17 | Mem:1.42M, Peak:1.42M | Scene, ViewLayer | Updating Geometry BVH Connected outer cheek.001 55/109 | Building BVH
Fra:14 Mem:25.13M (Peak 29.71M) | Time:00:00.17 | Mem:1.42M, Peak:1.42M | Scene, ViewLayer | Updating Geometry BVH Connected outer cheek.001 55/109 | Building mesh BLAS |      24 tris | Connected outer cheek.001
Fra:14 Mem:25.13M (Peak 29.71M) | Time:00:00.17 | Mem:1.42M, Peak:1.42M | Scene, ViewLayer | Updating Geometry BVH Howl tongue 56/109 | Building BVH
Fra:14 Mem:25.13M (Peak 29.71M) | Time:00:00.17 | Mem:1.42M, Peak:1.42M | Scene, ViewLayer | Updating Geometry BVH Lower canine 57/109 | Building BVH
Fra:14 Mem:25.13M (Peak 29.71M) | Time:00:00.17 | Mem:1.42M, Peak:1.42M | Scene, ViewLayer | Updating Geometry BVH Lower canine 57/109 | Building mesh BLAS |     256 tris | Howl tongue
Fra:14 Mem:25.13M (Peak 29.71M) | Time:00:00.17 | Mem:1.42M, Peak:1.42M | Scene, ViewLayer | Updating Geometry BVH Lower canine 57/109 | Building mesh BLAS |      38 tris | Lower canine
Fra:14 Mem:25.13M (Peak 29.71M) | Time:00:00.17 | Mem:1.42M, Peak:1.42M | Scene, ViewLayer | Updating Geometry BVH Lower canine.001 58/109 | Building BVH
Fra:14 Mem:25.13M (Peak 29.71M) | Time:00:00.17 | Mem:1.42M, Peak:1.42M | Scene, ViewLayer | Updating Geometry BVH Pointed species ear 59/109 | Building BVH
Fra:14 Mem:25.13M (Peak 29.71M) | Time:00:00.17 | Mem:1.42M, Peak:1.42M | Scene, ViewLayer | Updating Geometry BVH Pointed species ear 59/109 | Building mesh BLAS |      38 tris | Lower canine.001
Fra:14 Mem:25.13M (Peak 29.71M) | Time:00:00.17 | Mem:1.42M, Peak:1.42M | Scene, ViewLayer | Updating Geometry BVH Pointed species ear 59/109 | Building mesh BLAS |       6 tris | Pointed species ear
Fra:14 Mem:25.13M (Peak 29.71M) | Time:00:00.17 | Mem:1.42M, Peak:1.42M | Scene, ViewLayer | Updating Geometry BVH Inner ear 60/109 | Building BVH
Fra:14 Mem:25.13M (Peak 29.71M) | Time:00:00.17 | Mem:1.42M, Peak:1.42M | Scene, ViewLayer | Updating Geometry BVH Wrist fur.009 98/109 | Building BVH
Fra:14 Mem:25.13M (Peak 29.71M) | Time:00:00.17 | Mem:1.42M, Peak:1.42M | Scene, ViewLayer | Updating Geometry BVH Wrist fur.009 98/109 | Building mesh BLAS |       3 tris | Inner ear
Fra:14 Mem:25.13M (Peak 29.71M) | Time:00:00.17 | Mem:1.42M, Peak:1.42M | Scene, ViewLayer | Updating Geometry BVH Wrist fur.009 98/109 | Building mesh BLAS |      44 tris | Wrist fur.009
Fra:14 Mem:25.13M (Peak 29.71M) | Time:00:00.17 | Mem:1.42M, Peak:1.42M | Scene, ViewLayer | Updating Geometry BVH Inner ear.001 62/109 | Building BVH
Fra:14 Mem:25.13M (Peak 29.71M) | Time:00:00.17 | Mem:1.42M, Peak:1.42M | Scene, ViewLayer | Updating Geometry BVH Swept cheek ruff 63/109 | Building mesh BLAS |       3 tris | Inner ear.001
Fra:14 Mem:25.13M (Peak 29.71M) | Time:00:00.17 | Mem:1.42M, Peak:1.42M | Scene, ViewLayer | Updating Geometry BVH Swept cheek ruff.001 64/109 | Building BVH
Fra:14 Mem:25.13M (Peak 29.71M) | Time:00:00.17 | Mem:1.42M, Peak:1.42M | Scene, ViewLayer | Updating Geometry BVH Swept cheek ruff.001 64/109 | Building mesh BLAS |      44 tris | Swept cheek ruff
Fra:14 Mem:25.13M (Peak 29.71M) | Time:00:00.17 | Mem:1.42M, Peak:1.42M | Scene, ViewLayer | Updating Geometry BVH Swept cheek ruff.002 65/109 | Building mesh BLAS |      44 tris | Swept cheek ruff.001
Fra:14 Mem:25.13M (Peak 29.71M) | Time:00:00.17 | Mem:1.42M, Peak:1.42M | Scene, ViewLayer | Updating Geometry BVH Swept cheek ruff.002 65/109 | Building mesh BLAS |      44 tris | Swept cheek ruff.002
Fra:14 Mem:25.13M (Peak 29.71M) | Time:00:00.17 | Mem:1.42M, Peak:1.42M | Scene, ViewLayer | Updating Geometry BVH Swept cheek ruff.003 66/109 | Building BVH
Fra:14 Mem:25.13M (Peak 29.71M) | Time:00:00.17 | Mem:1.42M, Peak:1.42M | Scene, ViewLayer | Updating Geometry BVH Swept cheek ruff.003 66/109 | Building mesh BLAS |      44 tris | Swept cheek ruff.003
Fra:14 Mem:25.13M (Peak 29.71M) | Time:00:00.17 | Mem:1.42M, Peak:1.42M | Scene, ViewLayer | Updating Geometry BVH Swept cheek ruff.004 67/109 | Building BVH
Fra:14 Mem:25.13M (Peak 29.71M) | Time:00:00.17 | Mem:1.42M, Peak:1.42M | Scene, ViewLayer | Updating Geometry BVH Swept cheek ruff.004 67/109 | Building mesh BLAS |      44 tris | Swept cheek ruff.004
Fra:14 Mem:25.13M (Peak 29.71M) | Time:00:00.18 | Mem:1.42M, Peak:1.42M | Scene, ViewLayer | Updating Geometry BVH Layered shoulder fur.011 97/109 | Building BVH
Fra:14 Mem:25.13M (Peak 29.71M) | Time:00:00.18 | Mem:1.42M, Peak:1.42M | Scene, ViewLayer | Updating Geometry BVH Layered shoulder fur.011 97/109 | Building mesh BLAS |      44 tris | Layered shoulder fur.011
Fra:14 Mem:25.13M (Peak 29.71M) | Time:00:00.18 | Mem:1.42M, Peak:1.42M | Scene, ViewLayer | Updating Geometry BVH Swept cheek ruff.005 68/109 | Building BVH
Fra:14 Mem:25.13M (Peak 29.71M) | Time:00:00.18 | Mem:1.42M, Peak:1.42M | Scene, ViewLayer | Updating Geometry BVH Swept cheek ruff.005 68/109 | Building mesh BLAS |      44 tris | Swept cheek ruff.005
Fra:14 Mem:25.13M (Peak 29.71M) | Time:00:00.18 | Mem:1.42M, Peak:1.42M | Scene, ViewLayer | Updating Geometry BVH Swept cheek ruff.006 69/109 | Building BVH
Fra:14 Mem:25.13M (Peak 29.71M) | Time:00:00.18 | Mem:1.42M, Peak:1.42M | Scene, ViewLayer | Updating Geometry BVH Swept cheek ruff.006 69/109 | Building mesh BLAS |      44 tris | Swept cheek ruff.006
Fra:14 Mem:25.13M (Peak 29.71M) | Time:00:00.18 | Mem:1.42M, Peak:1.42M | Scene, ViewLayer | Updating Geometry BVH Swept cheek ruff.007 70/109 | Building BVH
Fra:14 Mem:25.13M (Peak 29.71M) | Time:00:00.18 | Mem:1.42M, Peak:1.42M | Scene, ViewLayer | Updating Geometry BVH Swept cheek ruff.007 70/109 | Building mesh BLAS |      44 tris | Swept cheek ruff.007
Fra:14 Mem:25.13M (Peak 29.71M) | Time:00:00.18 | Mem:1.42M, Peak:1.42M | Scene, ViewLayer | Updating Geometry BVH Ice swept crest 71/109 | Building BVH
Fra:14 Mem:25.13M (Peak 29.71M) | Time:00:00.18 | Mem:1.42M, Peak:1.42M | Scene, ViewLayer | Updating Geometry BVH Ice swept crest 71/109 | Building mesh BLAS |      44 tris | Ice swept crest
Fra:14 Mem:25.13M (Peak 29.71M) | Time:00:00.18 | Mem:1.42M, Peak:1.42M | Scene, ViewLayer | Updating Geometry BVH Ice swept crest.001 72/109 | Building BVH
Fra:14 Mem:25.13M (Peak 29.71M) | Time:00:00.18 | Mem:1.42M, Peak:1.42M | Scene, ViewLayer | Updating Geometry BVH Ice swept crest.001 72/109 | Building mesh BLAS |      44 tris | Ice swept crest.001
Fra:14 Mem:25.13M (Peak 29.71M) | Time:00:00.18 | Mem:1.42M, Peak:1.42M | Scene, ViewLayer | Updating Geometry BVH Ice swept crest.002 73/109 | Building BVH
Fra:14 Mem:25.13M (Peak 29.71M) | Time:00:00.18 | Mem:1.42M, Peak:1.42M | Scene, ViewLayer | Updating Geometry BVH Ice swept crest.002 73/109 | Building mesh BLAS |      44 tris | Ice swept crest.002
Fra:14 Mem:25.13M (Peak 29.71M) | Time:00:00.18 | Mem:1.42M, Peak:1.42M | Scene, ViewLayer | Updating Geometry BVH Ice swept crest.003 74/109 | Building BVH
Fra:14 Mem:25.13M (Peak 29.71M) | Time:00:00.18 | Mem:1.42M, Peak:1.42M | Scene, ViewLayer | Updating Geometry BVH Ice swept crest.003 74/109 | Building mesh BLAS |      44 tris | Ice swept crest.003
Fra:14 Mem:25.13M (Peak 29.71M) | Time:00:00.18 | Mem:1.42M, Peak:1.42M | Scene, ViewLayer | Updating Geometry BVH Layered shoulder fur.010 96/109 | Building BVH
Fra:14 Mem:25.13M (Peak 29.71M) | Time:00:00.18 | Mem:1.42M, Peak:1.42M | Scene, ViewLayer | Updating Geometry BVH Layered shoulder fur.010 96/109 | Building mesh BLAS |      44 tris | Layered shoulder fur.010
Fra:14 Mem:25.13M (Peak 29.71M) | Time:00:00.18 | Mem:1.43M, Peak:1.43M | Scene, ViewLayer | Updating Geometry BVH Ice swept crest.004 75/109 | Building BVH
Fra:14 Mem:25.13M (Peak 29.71M) | Time:00:00.18 | Mem:1.43M, Peak:1.43M | Scene, ViewLayer | Updating Geometry BVH Ice swept crest.005 76/109 | Building BVH
Fra:14 Mem:25.13M (Peak 29.71M) | Time:00:00.18 | Mem:1.43M, Peak:1.43M | Scene, ViewLayer | Updating Geometry BVH Ice swept crest.005 76/109 | Building mesh BLAS |      44 tris | Ice swept crest.004
Fra:14 Mem:25.13M (Peak 29.71M) | Time:00:00.18 | Mem:1.43M, Peak:1.43M | Scene, ViewLayer | Updating Geometry BVH Ice swept crest.005 76/109 | Building mesh BLAS |      44 tris | Ice swept crest.005
Fra:14 Mem:25.13M (Peak 29.71M) | Time:00:00.18 | Mem:1.43M, Peak:1.43M | Scene, ViewLayer | Updating Geometry BVH Layered shoulder fur 77/109 | Building BVH
Fra:14 Mem:25.13M (Peak 29.71M) | Time:00:00.18 | Mem:1.43M, Peak:1.43M | Scene, ViewLayer | Updating Geometry BVH Layered shoulder fur 77/109 | Building mesh BLAS |      44 tris | Layered shoulder fur
Fra:14 Mem:25.13M (Peak 29.71M) | Time:00:00.19 | Mem:1.43M, Peak:1.43M | Scene, ViewLayer | Updating Geometry BVH Layered shoulder fur.001 78/109 | Building BVH
Fra:14 Mem:25.13M (Peak 29.71M) | Time:00:00.19 | Mem:1.43M, Peak:1.43M | Scene, ViewLayer | Updating Geometry BVH Layered shoulder fur.002 79/109 | Building BVH
Fra:14 Mem:25.13M (Peak 29.71M) | Time:00:00.19 | Mem:1.43M, Peak:1.43M | Scene, ViewLayer | Updating Geometry BVH Layered shoulder fur.002 79/109 | Building mesh BLAS |      44 tris | Layered shoulder fur.001
Fra:14 Mem:25.13M (Peak 29.71M) | Time:00:00.19 | Mem:1.43M, Peak:1.43M | Scene, ViewLayer | Updating Geometry BVH Layered shoulder fur.002 79/109 | Building mesh BLAS |      44 tris | Layered shoulder fur.002
Fra:14 Mem:25.13M (Peak 29.71M) | Time:00:00.19 | Mem:1.43M, Peak:1.43M | Scene, ViewLayer | Updating Geometry BVH Wrist fur 80/109 | Building BVH
Fra:14 Mem:25.13M (Peak 29.71M) | Time:00:00.19 | Mem:1.43M, Peak:1.43M | Scene, ViewLayer | Updating Geometry BVH Wrist fur 80/109 | Building mesh BLAS |      44 tris | Wrist fur
Fra:14 Mem:25.13M (Peak 29.71M) | Time:00:00.19 | Mem:1.44M, Peak:1.44M | Scene, ViewLayer | Updating Geometry BVH Wrist fur.001 81/109 | Building BVH
Fra:14 Mem:25.13M (Peak 29.71M) | Time:00:00.19 | Mem:1.44M, Peak:1.44M | Scene, ViewLayer | Updating Geometry BVH Layered shoulder fur.009 95/109 | Building BVH
Fra:14 Mem:25.13M (Peak 29.71M) | Time:00:00.19 | Mem:1.44M, Peak:1.44M | Scene, ViewLayer | Updating Geometry BVH Layered shoulder fur.009 95/109 | Building mesh BLAS |      44 tris | Wrist fur.001
Fra:14 Mem:25.13M (Peak 29.71M) | Time:00:00.19 | Mem:1.44M, Peak:1.44M | Scene, ViewLayer | Updating Geometry BVH Layered shoulder fur.009 95/109 | Building mesh BLAS |      44 tris | Layered shoulder fur.009
Fra:14 Mem:25.13M (Peak 29.71M) | Time:00:00.19 | Mem:1.44M, Peak:1.44M | Scene, ViewLayer | Updating Geometry BVH Wrist fur.002 82/109 | Building BVH
Fra:14 Mem:25.13M (Peak 29.71M) | Time:00:00.19 | Mem:1.44M, Peak:1.44M | Scene, ViewLayer | Updating Geometry BVH Wrist fur.002 82/109 | Building mesh BLAS |      44 tris | Wrist fur.002
Fra:14 Mem:25.13M (Peak 29.71M) | Time:00:00.19 | Mem:1.44M, Peak:1.44M | Scene, ViewLayer | Updating Geometry BVH Layered shoulder fur.003 83/109 | Building BVH
Fra:14 Mem:25.13M (Peak 29.71M) | Time:00:00.19 | Mem:1.44M, Peak:1.44M | Scene, ViewLayer | Updating Geometry BVH Layered shoulder fur.003 83/109 | Building mesh BLAS |      44 tris | Layered shoulder fur.003
Fra:14 Mem:25.13M (Peak 29.71M) | Time:00:00.19 | Mem:1.64M, Peak:1.64M | Scene, ViewLayer | Updating Geometry BVH Layered shoulder fur.004 84/109 | Building BVH
Fra:14 Mem:25.13M (Peak 29.71M) | Time:00:00.19 | Mem:1.64M, Peak:1.64M | Scene, ViewLayer | Updating Geometry BVH Layered shoulder fur.004 84/109 | Building mesh BLAS |      44 tris | Layered shoulder fur.004
Fra:14 Mem:25.13M (Peak 29.71M) | Time:00:00.19 | Mem:1.64M, Peak:1.64M | Scene, ViewLayer | Updating Geometry BVH Layered shoulder fur.005 85/109 | Building BVH
Fra:14 Mem:25.13M (Peak 29.71M) | Time:00:00.19 | Mem:1.64M, Peak:1.64M | Scene, ViewLayer | Updating Geometry BVH Layered shoulder fur.005 85/109 | Building mesh BLAS |      44 tris | Layered shoulder fur.005
Fra:14 Mem:25.13M (Peak 29.71M) | Time:00:00.19 | Mem:1.64M, Peak:1.64M | Scene, ViewLayer | Updating Geometry BVH Wrist fur.003 86/109 | Building BVH
Fra:14 Mem:25.13M (Peak 29.71M) | Time:00:00.19 | Mem:1.64M, Peak:1.64M | Scene, ViewLayer | Updating Geometry BVH Wrist fur.003 86/109 | Building mesh BLAS |      44 tris | Wrist fur.003
Fra:14 Mem:25.13M (Peak 29.71M) | Time:00:00.19 | Mem:1.64M, Peak:1.64M | Scene, ViewLayer | Updating Geometry BVH Wrist fur.004 87/109 | Building BVH
Fra:14 Mem:25.13M (Peak 29.71M) | Time:00:00.19 | Mem:1.64M, Peak:1.64M | Scene, ViewLayer | Updating Geometry BVH Wrist fur.004 87/109 | Building mesh BLAS |      44 tris | Wrist fur.004
Fra:14 Mem:25.13M (Peak 29.71M) | Time:00:00.19 | Mem:1.64M, Peak:1.64M | Scene, ViewLayer | Updating Geometry BVH Wrist fur.005 88/109 | Building BVH
Fra:14 Mem:25.13M (Peak 29.71M) | Time:00:00.19 | Mem:1.64M, Peak:1.64M | Scene, ViewLayer | Updating Geometry BVH Wrist fur.005 88/109 | Building mesh BLAS |      44 tris | Wrist fur.005
Fra:14 Mem:25.13M (Peak 29.71M) | Time:00:00.19 | Mem:1.64M, Peak:1.64M | Scene, ViewLayer | Updating Geometry BVH Wrist fur.008 94/109 | Building BVH
Fra:14 Mem:25.13M (Peak 29.71M) | Time:00:00.19 | Mem:1.64M, Peak:1.64M | Scene, ViewLayer | Updating Geometry BVH Wrist fur.008 94/109 | Building mesh BLAS |      44 tris | Wrist fur.008
Fra:14 Mem:25.13M (Peak 29.71M) | Time:00:00.19 | Mem:1.65M, Peak:1.65M | Scene, ViewLayer | Updating Geometry BVH Layered shoulder fur.006 89/109 | Building BVH
Fra:14 Mem:25.13M (Peak 29.71M) | Time:00:00.19 | Mem:1.65M, Peak:1.65M | Scene, ViewLayer | Updating Geometry BVH Layered shoulder fur.006 89/109 | Building mesh BLAS |      44 tris | Layered shoulder fur.006
Fra:14 Mem:25.13M (Peak 29.71M) | Time:00:00.19 | Mem:1.65M, Peak:1.65M | Scene, ViewLayer | Updating Geometry BVH Layered shoulder fur.007 90/109 | Building BVH
Fra:14 Mem:25.13M (Peak 29.71M) | Time:00:00.19 | Mem:1.65M, Peak:1.65M | Scene, ViewLayer | Updating Geometry BVH Layered shoulder fur.007 90/109 | Building mesh BLAS |      44 tris | Layered shoulder fur.007
Fra:14 Mem:25.13M (Peak 29.71M) | Time:00:00.19 | Mem:1.66M, Peak:1.66M | Scene, ViewLayer | Updating Geometry BVH Layered shoulder fur.008 91/109 | Building BVH
Fra:14 Mem:25.13M (Peak 29.71M) | Time:00:00.19 | Mem:1.66M, Peak:1.66M | Scene, ViewLayer | Updating Geometry BVH Layered shoulder fur.008 91/109 | Building mesh BLAS |      44 tris | Layered shoulder fur.008
Fra:14 Mem:25.13M (Peak 29.71M) | Time:00:00.19 | Mem:1.67M, Peak:1.67M | Scene, ViewLayer | Updating Geometry BVH Wrist fur.006 92/109 | Building BVH
Fra:14 Mem:25.13M (Peak 29.71M) | Time:00:00.19 | Mem:1.67M, Peak:1.67M | Scene, ViewLayer | Updating Geometry BVH Wrist fur.006 92/109 | Building mesh BLAS |      44 tris | Wrist fur.006
Fra:14 Mem:25.13M (Peak 29.71M) | Time:00:00.19 | Mem:1.67M, Peak:1.67M | Scene, ViewLayer | Updating Geometry BVH Wrist fur.007 93/109 | Building BVH
Fra:14 Mem:25.13M (Peak 29.71M) | Time:00:00.19 | Mem:1.68M, Peak:1.68M | Scene, ViewLayer | Updating Geometry BVH Wrist fur.007 93/109 | Building mesh BLAS |      44 tris | Wrist fur.007
Fra:14 Mem:25.13M (Peak 29.71M) | Time:00:00.20 | Mem:2.01M, Peak:2.01M | Scene, ViewLayer | Updating Scene BVH | Building
Fra:14 Mem:25.14M (Peak 29.71M) | Time:00:00.21 | Mem:2.28M, Peak:2.28M | Scene, ViewLayer | Updating Scene BVH | Building TLAS      |     109 instances
Fra:14 Mem:25.14M (Peak 29.71M) | Time:00:00.21 | Mem:2.31M, Peak:2.31M | Scene, ViewLayer | Updating Scene BVH | Copying BVH to device
Fra:14 Mem:25.14M (Peak 29.71M) | Time:00:00.21 | Mem:2.31M, Peak:2.31M | Scene, ViewLayer | Updating Mesh | Computing normals
Fra:14 Mem:25.63M (Peak 29.71M) | Time:00:00.21 | Mem:2.31M, Peak:2.31M | Scene, ViewLayer | Updating Mesh | Copying Mesh to device
Fra:14 Mem:25.14M (Peak 29.71M) | Time:00:00.21 | Mem:2.82M, Peak:2.82M | Scene, ViewLayer | Updating Objects Flags
Fra:14 Mem:25.14M (Peak 29.71M) | Time:00:00.21 | Mem:2.82M, Peak:2.82M | Scene, ViewLayer | Updating Primitive Offsets
Fra:14 Mem:25.14M (Peak 29.71M) | Time:00:00.21 | Mem:2.82M, Peak:2.82M | Scene, ViewLayer | Updating Images
Fra:14 Mem:25.14M (Peak 29.71M) | Time:00:00.21 | Mem:2.82M, Peak:2.82M | Scene, ViewLayer | Updating Camera Volume
Fra:14 Mem:25.14M (Peak 29.71M) | Time:00:00.21 | Mem:2.82M, Peak:2.82M | Scene, ViewLayer | Updating Lookup Tables
Fra:14 Mem:25.06M (Peak 29.71M) | Time:00:00.21 | Mem:2.92M, Peak:2.92M | Scene, ViewLayer | Updating Lights
Fra:14 Mem:25.06M (Peak 29.71M) | Time:00:00.21 | Mem:2.92M, Peak:2.92M | Scene, ViewLayer | Updating Lights | Computing tree
Fra:14 Mem:25.06M (Peak 29.71M) | Time:00:00.21 | Mem:2.92M, Peak:2.92M | Scene, ViewLayer | Updating Integrator
Fra:14 Mem:25.06M (Peak 29.71M) | Time:00:00.21 | Mem:2.92M, Peak:2.92M | Scene, ViewLayer | Updating Film
Fra:14 Mem:25.14M (Peak 29.71M) | Time:00:00.21 | Mem:2.83M, Peak:2.92M | Scene, ViewLayer | Updating Lookup Tables
Fra:14 Mem:25.06M (Peak 29.71M) | Time:00:00.21 | Mem:2.92M, Peak:2.92M | Scene, ViewLayer | Updating Baking
Fra:14 Mem:25.06M (Peak 29.71M) | Time:00:00.21 | Mem:2.92M, Peak:2.92M | Scene, ViewLayer | Updating Device | Writing constant memory
Fra:14 Mem:25.06M (Peak 29.71M) | Time:00:00.23 | Mem:2.92M, Peak:2.92M | Scene, ViewLayer | Loading denoising kernels (may take a few minutes the first time)
Fra:14 Mem:25.06M (Peak 57.06M) | Time:00:00.24 | Mem:2818.93M, Peak:2818.93M | Scene, ViewLayer | Sample 0/12 (Using optimized kernels)
Fra:14 Mem:25.05M (Peak 60.57M) | Time:00:00.40 | Remaining:00:01.72 | Mem:2854.47M, Peak:2854.47M | Scene, ViewLayer | Sample 1/12 (Using optimized kernels)
Fra:14 Mem:40.01M (Peak 62.44M) | Time:00:04.02 | Mem:2854.48M, Peak:2854.48M | Scene, ViewLayer | Sample 12/12 (Using optimized kernels)
Fra:14 Mem:40.01M (Peak 62.44M) | Time:00:04.02 | Mem:2854.48M, Peak:2854.48M | Scene, ViewLayer | Finished
Saved: '/Users/chikumatsuboi/Code/animal-racers-western/assets/source/western/qa/form-cycle-3/after/wolf-special-14.png'
Time: 00:04.15 (Saving: 00:00.07)

Fra:16 Mem:28.98M (Peak 28.98M) | Time:00:00.01 | Mem:0.02M, Peak:0.02M | Scene, ViewLayer | Synchronizing object | Body • continuous sculpted skin
Fra:16 Mem:28.98M (Peak 28.98M) | Time:00:00.01 | Mem:0.02M, Peak:0.02M | Scene, ViewLayer | Synchronizing object | Paw toe.001
Fra:16 Mem:29.03M (Peak 29.03M) | Time:00:00.01 | Mem:0.02M, Peak:0.02M | Scene, ViewLayer | Synchronizing object | Ivory claw.001
Fra:16 Mem:29.24M (Peak 29.24M) | Time:00:00.01 | Mem:0.02M, Peak:0.02M | Scene, ViewLayer | Synchronizing object | Paw toe.002
Fra:16 Mem:29.27M (Peak 29.27M) | Time:00:00.01 | Mem:0.02M, Peak:0.02M | Scene, ViewLayer | Synchronizing object | Ivory claw.002
Fra:16 Mem:29.28M (Peak 29.28M) | Time:00:00.01 | Mem:0.02M, Peak:0.02M | Scene, ViewLayer | Synchronizing object | Paw toe.003
Fra:16 Mem:29.28M (Peak 29.28M) | Time:00:00.01 | Mem:0.02M, Peak:0.02M | Scene, ViewLayer | Synchronizing object | Ivory claw.003
Fra:16 Mem:29.29M (Peak 29.29M) | Time:00:00.01 | Mem:0.02M, Peak:0.02M | Scene, ViewLayer | Synchronizing object | Ivory claw.004
Fra:16 Mem:29.30M (Peak 29.30M) | Time:00:00.01 | Mem:0.02M, Peak:0.02M | Scene, ViewLayer | Synchronizing object | Ivory claw.005
Fra:16 Mem:29.34M (Peak 29.34M) | Time:00:00.01 | Mem:0.02M, Peak:0.02M | Scene, ViewLayer | Synchronizing object | Ivory claw.006
Fra:16 Mem:29.39M (Peak 29.39M) | Time:00:00.01 | Mem:0.02M, Peak:0.02M | Scene, ViewLayer | Synchronizing object | Paw toe.007
Fra:16 Mem:29.50M (Peak 29.50M) | Time:00:00.01 | Mem:0.02M, Peak:0.02M | Scene, ViewLayer | Synchronizing object | Paw toe.008
Fra:16 Mem:29.51M (Peak 29.51M) | Time:00:00.01 | Mem:0.02M, Peak:0.02M | Scene, ViewLayer | Synchronizing object | Paw toe.009
Fra:16 Mem:29.52M (Peak 29.52M) | Time:00:00.01 | Mem:0.02M, Peak:0.02M | Scene, ViewLayer | Synchronizing object | Ivory claw.009
Fra:16 Mem:29.55M (Peak 29.55M) | Time:00:00.01 | Mem:0.02M, Peak:0.02M | Scene, ViewLayer | Synchronizing object | Paw toe.010
Fra:16 Mem:29.55M (Peak 29.55M) | Time:00:00.01 | Mem:0.02M, Peak:0.02M | Scene, ViewLayer | Synchronizing object | Ivory claw.010
Fra:16 Mem:29.57M (Peak 29.57M) | Time:00:00.01 | Mem:0.02M, Peak:0.02M | Scene, ViewLayer | Synchronizing object | Paw toe.011
Fra:16 Mem:29.60M (Peak 29.60M) | Time:00:00.01 | Mem:0.02M, Peak:0.02M | Scene, ViewLayer | Synchronizing object | Ivory claw.011
Fra:16 Mem:29.61M (Peak 29.61M) | Time:00:00.01 | Mem:0.02M, Peak:0.02M | Scene, ViewLayer | Synchronizing object | Head • species sculpt
Fra:16 Mem:29.62M (Peak 29.62M) | Time:00:00.01 | Mem:0.02M, Peak:0.02M | Scene, ViewLayer | Synchronizing object | Heart shaped nose
Fra:16 Mem:29.78M (Peak 29.78M) | Time:00:00.01 | Mem:0.02M, Peak:0.02M | Scene, ViewLayer | Synchronizing object | Ivory eye
Fra:16 Mem:29.83M (Peak 29.83M) | Time:00:00.01 | Mem:0.02M, Peak:0.02M | Scene, ViewLayer | Synchronizing object | Iris
Fra:16 Mem:29.88M (Peak 29.88M) | Time:00:00.01 | Mem:0.02M, Peak:0.02M | Scene, ViewLayer | Synchronizing object | Pupil
Fra:16 Mem:29.90M (Peak 29.90M) | Time:00:00.01 | Mem:0.02M, Peak:0.02M | Scene, ViewLayer | Synchronizing object | Eye glint
Fra:16 Mem:29.92M (Peak 29.92M) | Time:00:00.01 | Mem:0.02M, Peak:0.02M | Scene, ViewLayer | Synchronizing object | Smiling mouth
Fra:16 Mem:29.92M (Peak 29.92M) | Time:00:00.01 | Mem:0.02M, Peak:0.02M | Scene, ViewLayer | Synchronizing object | Whisker pore
Fra:16 Mem:30.01M (Peak 30.01M) | Time:00:00.01 | Mem:0.02M, Peak:0.02M | Scene, ViewLayer | Synchronizing object | Whisker pore.001
Fra:16 Mem:30.02M (Peak 30.02M) | Time:00:00.01 | Mem:0.02M, Peak:0.02M | Scene, ViewLayer | Synchronizing object | Eye socket.001
Fra:16 Mem:30.04M (Peak 30.04M) | Time:00:00.01 | Mem:0.02M, Peak:0.02M | Scene, ViewLayer | Synchronizing object | Warm rim
Fra:16 Mem:30.07M (Peak 30.07M) | Time:00:00.01 | Mem:0.02M, Peak:0.02M | Scene, ViewLayer | Synchronizing object | Iris.001
Fra:16 Mem:30.12M (Peak 30.12M) | Time:00:00.01 | Mem:0.02M, Peak:0.02M | Scene, ViewLayer | Synchronizing object | Pupil.001
Fra:16 Mem:30.13M (Peak 30.13M) | Time:00:00.01 | Mem:0.02M, Peak:0.02M | Scene, ViewLayer | Synchronizing object | Expressive brow.001
Fra:16 Mem:30.16M (Peak 30.16M) | Time:00:00.01 | Mem:0.02M, Peak:0.02M | Scene, ViewLayer | Synchronizing object | Smiling mouth.001
Fra:16 Mem:30.16M (Peak 30.16M) | Time:00:00.01 | Mem:0.02M, Peak:0.02M | Scene, ViewLayer | Synchronizing object | Whisker pore.003
Fra:16 Mem:30.16M (Peak 30.16M) | Time:00:00.01 | Mem:0.02M, Peak:0.02M | Scene, ViewLayer | Synchronizing object | Whisker pore.004
Fra:16 Mem:30.17M (Peak 30.17M) | Time:00:00.01 | Mem:0.02M, Peak:0.02M | Scene, ViewLayer | Synchronizing object | Lower jaw
Fra:16 Mem:30.20M (Peak 30.20M) | Time:00:00.01 | Mem:0.02M, Peak:0.02M | Scene, ViewLayer | Synchronizing object | Connected inner mouth sleeve
Fra:16 Mem:30.22M (Peak 30.22M) | Time:00:00.01 | Mem:0.02M, Peak:0.02M | Scene, ViewLayer | Synchronizing object | Upper palate
Fra:16 Mem:30.24M (Peak 30.24M) | Time:00:00.01 | Mem:0.02M, Peak:0.02M | Scene, ViewLayer | Synchronizing object | Connected outer cheek
Fra:16 Mem:30.26M (Peak 30.26M) | Time:00:00.01 | Mem:0.02M, Peak:0.02M | Scene, ViewLayer | Synchronizing object | Howl tongue
Fra:16 Mem:30.27M (Peak 30.27M) | Time:00:00.01 | Mem:0.02M, Peak:0.02M | Scene, ViewLayer | Synchronizing object | Plane
Fra:16 Mem:30.28M (Peak 30.28M) | Time:00:00.01 | Mem:0.02M, Peak:0.02M | Scene, ViewLayer | Synchronizing object | Lower canine
Fra:16 Mem:30.28M (Peak 30.28M) | Time:00:00.01 | Mem:0.02M, Peak:0.02M | Scene, ViewLayer | Synchronizing object | Raised elemental crest
Fra:16 Mem:30.28M (Peak 30.28M) | Time:00:00.01 | Mem:0.02M, Peak:0.02M | Scene, ViewLayer | Synchronizing object | Pointed species ear
Fra:16 Mem:30.29M (Peak 30.29M) | Time:00:00.01 | Mem:0.02M, Peak:0.02M | Scene, ViewLayer | Synchronizing object | Inner ear
Fra:16 Mem:30.32M (Peak 30.32M) | Time:00:00.01 | Mem:0.02M, Peak:0.02M | Scene, ViewLayer | Synchronizing object | Pointed species ear.001
Fra:16 Mem:30.30M (Peak 30.32M) | Time:00:00.01 | Mem:0.02M, Peak:0.02M | Scene, ViewLayer | Synchronizing object | Swept cheek ruff.001
Fra:16 Mem:30.31M (Peak 30.32M) | Time:00:00.01 | Mem:0.02M, Peak:0.02M | Scene, ViewLayer | Synchronizing object | Swept cheek ruff.002
Fra:16 Mem:30.31M (Peak 30.32M) | Time:00:00.01 | Mem:0.02M, Peak:0.02M | Scene, ViewLayer | Synchronizing object | Swept cheek ruff.003
Fra:16 Mem:30.33M (Peak 30.33M) | Time:00:00.01 | Mem:0.02M, Peak:0.02M | Scene, ViewLayer | Synchronizing object | Swept cheek ruff.004
Fra:16 Mem:30.31M (Peak 30.33M) | Time:00:00.01 | Mem:0.02M, Peak:0.02M | Scene, ViewLayer | Synchronizing object | Brass crest clasp
Fra:16 Mem:30.32M (Peak 30.33M) | Time:00:00.01 | Mem:0.02M, Peak:0.02M | Scene, ViewLayer | Synchronizing object | Swept cheek ruff.005
Fra:16 Mem:30.32M (Peak 30.33M) | Time:00:00.01 | Mem:0.02M, Peak:0.02M | Scene, ViewLayer | Synchronizing object | Swept cheek ruff.006
Fra:16 Mem:30.32M (Peak 30.33M) | Time:00:00.01 | Mem:0.02M, Peak:0.02M | Scene, ViewLayer | Synchronizing object | Ice swept crest
Fra:16 Mem:30.32M (Peak 30.33M) | Time:00:00.01 | Mem:0.02M, Peak:0.02M | Scene, ViewLayer | Synchronizing object | Ice swept crest.001
Fra:16 Mem:30.35M (Peak 30.35M) | Time:00:00.01 | Mem:0.02M, Peak:0.02M | Scene, ViewLayer | Synchronizing object | Ice swept crest.002
Fra:16 Mem:30.35M (Peak 30.35M) | Time:00:00.01 | Mem:0.02M, Peak:0.02M | Scene, ViewLayer | Synchronizing object | Ice swept crest.003
Fra:16 Mem:30.36M (Peak 30.36M) | Time:00:00.01 | Mem:0.02M, Peak:0.02M | Scene, ViewLayer | Synchronizing object | Ice swept crest.005
Fra:16 Mem:30.36M (Peak 30.36M) | Time:00:00.01 | Mem:0.02M, Peak:0.02M | Scene, ViewLayer | Synchronizing object | Layered shoulder fur
Fra:16 Mem:30.36M (Peak 30.36M) | Time:00:00.01 | Mem:0.02M, Peak:0.02M | Scene, ViewLayer | Synchronizing object | Layered shoulder fur.001
Fra:16 Mem:30.37M (Peak 30.37M) | Time:00:00.01 | Mem:0.02M, Peak:0.02M | Scene, ViewLayer | Synchronizing object | Layered shoulder fur.002
Fra:16 Mem:30.37M (Peak 30.37M) | Time:00:00.01 | Mem:0.02M, Peak:0.02M | Scene, ViewLayer | Synchronizing object | Wrist fur
Fra:16 Mem:30.38M (Peak 30.38M) | Time:00:00.01 | Mem:0.02M, Peak:0.02M | Scene, ViewLayer | Synchronizing object | Wrist fur.001
Fra:16 Mem:30.40M (Peak 30.40M) | Time:00:00.01 | Mem:0.02M, Peak:0.02M | Scene, ViewLayer | Synchronizing object | Layered shoulder fur.003
Fra:16 Mem:30.39M (Peak 30.40M) | Time:00:00.01 | Mem:0.02M, Peak:0.02M | Scene, ViewLayer | Synchronizing object | Layered shoulder fur.004
Fra:16 Mem:30.40M (Peak 30.40M) | Time:00:00.01 | Mem:0.02M, Peak:0.02M | Scene, ViewLayer | Synchronizing object | Layered shoulder fur.005
Fra:16 Mem:30.40M (Peak 30.40M) | Time:00:00.01 | Mem:0.02M, Peak:0.02M | Scene, ViewLayer | Synchronizing object | Wrist fur.004
Fra:16 Mem:30.41M (Peak 30.41M) | Time:00:00.01 | Mem:0.02M, Peak:0.02M | Scene, ViewLayer | Synchronizing object | Layered shoulder fur.006
Fra:16 Mem:30.41M (Peak 30.41M) | Time:00:00.01 | Mem:0.02M, Peak:0.02M | Scene, ViewLayer | Synchronizing object | Articulated tail
Fra:16 Mem:30.42M (Peak 30.42M) | Time:00:00.01 | Mem:0.02M, Peak:0.02M | Scene, ViewLayer | Synchronizing object | Layered shoulder fur.007
Fra:16 Mem:30.43M (Peak 30.43M) | Time:00:00.01 | Mem:0.02M, Peak:0.02M | Scene, ViewLayer | Synchronizing object | Layered shoulder fur.008
Fra:16 Mem:30.42M (Peak 30.43M) | Time:00:00.01 | Mem:0.02M, Peak:0.02M | Scene, ViewLayer | Synchronizing object | Wrist fur.006
Fra:16 Mem:30.43M (Peak 30.43M) | Time:00:00.01 | Mem:0.02M, Peak:0.02M | Scene, ViewLayer | Synchronizing object | Wrist fur.007
Fra:16 Mem:30.43M (Peak 30.43M) | Time:00:00.01 | Mem:0.02M, Peak:0.02M | Scene, ViewLayer | Synchronizing object | Wrist fur.008
Fra:16 Mem:30.45M (Peak 30.45M) | Time:00:00.01 | Mem:0.02M, Peak:0.02M | Scene, ViewLayer | Synchronizing object | Layered shoulder fur.009
Fra:16 Mem:30.46M (Peak 30.46M) | Time:00:00.01 | Mem:0.02M, Peak:0.02M | Scene, ViewLayer | Synchronizing object | Layered shoulder fur.010
Fra:16 Mem:30.46M (Peak 30.46M) | Time:00:00.01 | Mem:0.02M, Peak:0.02M | Scene, ViewLayer | Synchronizing object | Wrist fur.011
Fra:16 Mem:30.47M (Peak 30.47M) | Time:00:00.01 | Mem:0.02M, Peak:0.02M | Scene, ViewLayer | Synchronizing object | Wrist fur.009
Fra:16 Mem:30.47M (Peak 30.47M) | Time:00:00.01 | Mem:0.02M, Peak:0.02M | Scene, ViewLayer | Synchronizing object | Wrist fur.010
Fra:16 Mem:30.50M (Peak 30.50M) | Time:00:00.01 | Mem:0.02M, Peak:0.02M | Scene, ViewLayer | Initializing
Fra:16 Mem:28.85M (Peak 30.50M) | Time:00:00.01 | Mem:0.02M, Peak:0.02M | Scene, ViewLayer | Updating Images | Loading Authored short-fur normal
Fra:16 Mem:24.68M (Peak 30.50M) | Time:00:00.02 | Mem:0.27M, Peak:0.27M | Scene, ViewLayer | Waiting for render to start
Fra:16 Mem:24.68M (Peak 30.50M) | Time:00:00.02 | Mem:0.27M, Peak:0.27M | Scene, ViewLayer | Updating Scene
Fra:16 Mem:24.68M (Peak 30.50M) | Time:00:00.02 | Mem:0.27M, Peak:0.27M | Scene, ViewLayer | Updating Shaders
Fra:16 Mem:24.68M (Peak 30.50M) | Time:00:00.02 | Mem:0.27M, Peak:0.27M | Scene, ViewLayer | Loading render kernels (may take a few minutes the first time)
Fra:16 Mem:24.76M (Peak 30.50M) | Time:00:00.08 | Mem:0.28M, Peak:0.28M | Scene, ViewLayer | Updating Procedurals
Fra:16 Mem:24.76M (Peak 30.50M) | Time:00:00.08 | Mem:0.28M, Peak:0.28M | Scene, ViewLayer | Updating Background
Fra:16 Mem:24.76M (Peak 30.50M) | Time:00:00.08 | Mem:0.28M, Peak:0.28M | Scene, ViewLayer | Updating Camera
Fra:16 Mem:24.76M (Peak 30.50M) | Time:00:00.08 | Mem:0.28M, Peak:0.28M | Scene, ViewLayer | Updating Meshes Flags
Fra:16 Mem:24.76M (Peak 30.50M) | Time:00:00.08 | Mem:0.28M, Peak:0.28M | Scene, ViewLayer | Updating Objects
Fra:16 Mem:24.76M (Peak 30.50M) | Time:00:00.08 | Mem:0.28M, Peak:0.28M | Scene, ViewLayer | Updating Objects | Copying Transformations to device
Fra:16 Mem:24.76M (Peak 30.50M) | Time:00:00.08 | Mem:0.31M, Peak:0.31M | Scene, ViewLayer | Updating Particle Systems
Fra:16 Mem:24.76M (Peak 30.50M) | Time:00:00.08 | Mem:0.31M, Peak:0.31M | Scene, ViewLayer | Updating Particle Systems | Copying Particles to device
Fra:16 Mem:24.76M (Peak 30.50M) | Time:00:00.08 | Mem:0.31M, Peak:0.31M | Scene, ViewLayer | Updating Meshes
Fra:16 Mem:25.53M (Peak 30.50M) | Time:00:00.09 | Mem:0.31M, Peak:0.31M | Scene, ViewLayer | Updating Objects | Applying Static Transformations
Fra:16 Mem:25.53M (Peak 30.50M) | Time:00:00.09 | Mem:0.31M, Peak:0.31M | Scene, ViewLayer | Updating Mesh | Computing attributes
Fra:16 Mem:26.61M (Peak 30.50M) | Time:00:00.09 | Mem:0.33M, Peak:0.33M | Scene, ViewLayer | Updating Mesh | Copying Attributes to device
Fra:16 Mem:25.53M (Peak 30.50M) | Time:00:00.23 | Mem:1.42M, Peak:1.42M | Scene, ViewLayer | Updating Geometry BVH light 110/109 | Building BVH
Fra:16 Mem:25.53M (Peak 30.50M) | Time:00:00.23 | Mem:1.42M, Peak:1.42M | Scene, ViewLayer | Updating Geometry BVH Paw toe.002 7/109 | Building BVH
Fra:16 Mem:25.53M (Peak 30.50M) | Time:00:00.23 | Mem:1.42M, Peak:1.42M | Scene, ViewLayer | Updating Geometry BVH Ivory claw.002 8/109 | Building BVH
Fra:16 Mem:25.53M (Peak 30.50M) | Time:00:00.23 | Mem:1.42M, Peak:1.42M | Scene, ViewLayer | Updating Geometry BVH Ivory claw.002 8/109 | Building mesh BLAS |     192 tris | Paw toe.002
Fra:16 Mem:25.53M (Peak 30.50M) | Time:00:00.23 | Mem:1.42M, Peak:1.42M | Scene, ViewLayer | Updating Geometry BVH Ivory claw.002 8/109 | Building mesh BLAS |      32 tris | Ivory claw.002
Fra:16 Mem:25.53M (Peak 30.50M) | Time:00:00.23 | Mem:1.42M, Peak:1.42M | Scene, ViewLayer | Updating Geometry BVH Sky fill 108/109 | Building BVH
Fra:16 Mem:25.53M (Peak 30.50M) | Time:00:00.23 | Mem:1.42M, Peak:1.42M | Scene, ViewLayer | Updating Geometry BVH Sky fill 108/109 | Building mesh BLAS |    4170 tris | ribcage
Fra:16 Mem:25.53M (Peak 30.50M) | Time:00:00.23 | Mem:1.42M, Peak:1.42M | Scene, ViewLayer | Updating Geometry BVH Sky fill 108/109 | Building mesh BLAS |     192 tris | Paw toe
Fra:16 Mem:25.53M (Peak 30.50M) | Time:00:00.23 | Mem:1.42M, Peak:1.42M | Scene, ViewLayer | Updating Geometry BVH Sunset key 107/109 | Building BVH
Fra:16 Mem:25.53M (Peak 30.50M) | Time:00:00.23 | Mem:1.42M, Peak:1.42M | Scene, ViewLayer | Updating Geometry BVH Plane 106/109 | Building BVH
Fra:16 Mem:25.53M (Peak 30.50M) | Time:00:00.23 | Mem:1.42M, Peak:1.42M | Scene, ViewLayer | Updating Geometry BVH Plane 106/109 | Building mesh BLAS |       2 tris | Plane
Fra:16 Mem:25.53M (Peak 30.50M) | Time:00:00.23 | Mem:1.42M, Peak:1.42M | Scene, ViewLayer | Updating Geometry BVH Paw toe.003 9/109 | Building BVH
Fra:16 Mem:25.53M (Peak 30.50M) | Time:00:00.23 | Mem:1.42M, Peak:1.42M | Scene, ViewLayer | Updating Geometry BVH Ivory claw.003 10/109 | Building BVH
Fra:16 Mem:25.53M (Peak 30.50M) | Time:00:00.23 | Mem:1.42M, Peak:1.42M | Scene, ViewLayer | Updating Geometry BVH Ivory claw.003 10/109 | Building mesh BLAS |      32 tris | Ivory claw.003
Fra:16 Mem:25.53M (Peak 30.50M) | Time:00:00.23 | Mem:1.42M, Peak:1.42M | Scene, ViewLayer | Updating Geometry BVH Paw toe.004 11/109 | Building BVH
Fra:16 Mem:25.53M (Peak 30.50M) | Time:00:00.23 | Mem:1.42M, Peak:1.42M | Scene, ViewLayer | Updating Geometry BVH Raised elemental crest 105/109 | Building BVH
Fra:16 Mem:25.53M (Peak 30.50M) | Time:00:00.23 | Mem:1.42M, Peak:1.42M | Scene, ViewLayer | Updating Geometry BVH Raised elemental crest 105/109 | Building mesh BLAS |     192 tris | Paw toe.004
Fra:16 Mem:25.53M (Peak 30.50M) | Time:00:00.23 | Mem:1.42M, Peak:1.42M | Scene, ViewLayer | Updating Geometry BVH Raised elemental crest 105/109 | Building mesh BLAS |      26 tris | Raised elemental crest
Fra:16 Mem:25.53M (Peak 30.50M) | Time:00:00.23 | Mem:1.42M, Peak:1.42M | Scene, ViewLayer | Updating Geometry BVH Raised elemental crest 105/109 | Building mesh BLAS |      32 tris | Ivory claw.004
Fra:16 Mem:25.53M (Peak 30.50M) | Time:00:00.23 | Mem:1.42M, Peak:1.42M | Scene, ViewLayer | Updating Geometry BVH Paw toe.005 13/109 | Building BVH
Fra:16 Mem:25.53M (Peak 30.50M) | Time:00:00.23 | Mem:1.42M, Peak:1.42M | Scene, ViewLayer | Updating Geometry BVH Paw toe.005 13/109 | Building mesh BLAS |     192 tris | Paw toe.005
Fra:16 Mem:25.53M (Peak 30.50M) | Time:00:00.23 | Mem:1.42M, Peak:1.42M | Scene, ViewLayer | Updating Geometry BVH Ivory claw.005 14/109 | Building BVH
Fra:16 Mem:25.53M (Peak 30.50M) | Time:00:00.23 | Mem:1.42M, Peak:1.42M | Scene, ViewLayer | Updating Geometry BVH Ivory claw.005 14/109 | Building mesh BLAS |      32 tris | Ivory claw.005
Fra:16 Mem:25.53M (Peak 30.50M) | Time:00:00.23 | Mem:1.42M, Peak:1.42M | Scene, ViewLayer | Updating Geometry BVH Paw toe.006 15/109 | Building BVH
Fra:16 Mem:25.53M (Peak 30.50M) | Time:00:00.23 | Mem:1.42M, Peak:1.42M | Scene, ViewLayer | Updating Geometry BVH Ivory claw.006 16/109 | Building BVH
Fra:16 Mem:25.53M (Peak 30.50M) | Time:00:00.23 | Mem:1.42M, Peak:1.42M | Scene, ViewLayer | Updating Geometry BVH Ivory claw.006 16/109 | Building mesh BLAS |      32 tris | Ivory claw.006
Fra:16 Mem:25.53M (Peak 30.50M) | Time:00:00.23 | Mem:1.42M, Peak:1.42M | Scene, ViewLayer | Updating Geometry BVH Paw toe.007 17/109 | Building BVH
Fra:16 Mem:25.53M (Peak 30.50M) | Time:00:00.23 | Mem:1.42M, Peak:1.42M | Scene, ViewLayer | Updating Geometry BVH Paw toe.008 19/109 | Building BVH
Fra:16 Mem:25.53M (Peak 30.50M) | Time:00:00.23 | Mem:1.42M, Peak:1.42M | Scene, ViewLayer | Updating Geometry BVH Paw toe.008 19/109 | Building mesh BLAS |     192 tris | Paw toe.008
Fra:16 Mem:25.53M (Peak 30.50M) | Time:00:00.23 | Mem:1.42M, Peak:1.42M | Scene, ViewLayer | Updating Geometry BVH Ivory claw.008 20/109 | Building BVH
Fra:16 Mem:25.53M (Peak 30.50M) | Time:00:00.23 | Mem:1.42M, Peak:1.42M | Scene, ViewLayer | Updating Geometry BVH Paw toe.009 21/109 | Building BVH
Fra:16 Mem:25.53M (Peak 30.50M) | Time:00:00.23 | Mem:1.42M, Peak:1.42M | Scene, ViewLayer | Updating Geometry BVH Paw toe.010 23/109 | Building BVH
Fra:16 Mem:25.53M (Peak 30.50M) | Time:00:00.23 | Mem:1.42M, Peak:1.42M | Scene, ViewLayer | Updating Geometry BVH Paw toe.010 23/109 | Building mesh BLAS |     192 tris | Paw toe.010
Fra:16 Mem:25.53M (Peak 30.50M) | Time:00:00.23 | Mem:1.42M, Peak:1.42M | Scene, ViewLayer | Updating Geometry BVH Paw toe.010 23/109 | Building mesh BLAS |     192 tris | Paw toe.009
Fra:16 Mem:25.53M (Peak 30.50M) | Time:00:00.23 | Mem:1.42M, Peak:1.42M | Scene, ViewLayer | Updating Geometry BVH Brass crest clasp 104/109 | Building BVH
Fra:16 Mem:25.53M (Peak 30.50M) | Time:00:00.23 | Mem:1.42M, Peak:1.42M | Scene, ViewLayer | Updating Geometry BVH Brass crest clasp 104/109 | Building mesh BLAS |     320 tris | Brass crest clasp
Fra:16 Mem:25.53M (Peak 30.50M) | Time:00:00.23 | Mem:1.42M, Peak:1.42M | Scene, ViewLayer | Updating Geometry BVH Paw toe.011 25/109 | Building BVH
Fra:16 Mem:25.53M (Peak 30.50M) | Time:00:00.23 | Mem:1.42M, Peak:1.42M | Scene, ViewLayer | Updating Geometry BVH Paw toe.011 25/109 | Building mesh BLAS |     192 tris | Paw toe.011
Fra:16 Mem:25.53M (Peak 30.50M) | Time:00:00.23 | Mem:1.42M, Peak:1.42M | Scene, ViewLayer | Updating Geometry BVH Ivory claw.011 26/109 | Building BVH
Fra:16 Mem:25.53M (Peak 30.50M) | Time:00:00.23 | Mem:1.42M, Peak:1.42M | Scene, ViewLayer | Updating Geometry BVH Neckerchief folded point 103/109 | Building BVH
Fra:16 Mem:25.53M (Peak 30.50M) | Time:00:00.23 | Mem:1.42M, Peak:1.42M | Scene, ViewLayer | Updating Geometry BVH Neckerchief folded point 103/109 | Building mesh BLAS |      32 tris | Ivory claw.011
Fra:16 Mem:25.53M (Peak 30.50M) | Time:00:00.23 | Mem:1.42M, Peak:1.42M | Scene, ViewLayer | Updating Geometry BVH Neckerchief folded point 103/109 | Building mesh BLAS |       4 tris | Neckerchief folded point
Fra:16 Mem:25.53M (Peak 30.50M) | Time:00:00.23 | Mem:1.42M, Peak:1.42M | Scene, ViewLayer | Updating Geometry BVH Neckerchief folded point 103/109 | Building mesh BLAS |      32 tris | Ivory claw.010
Fra:16 Mem:25.53M (Peak 30.50M) | Time:00:00.23 | Mem:1.42M, Peak:1.42M | Scene, ViewLayer | Updating Geometry BVH Skull 27/109 | Building BVH
Fra:16 Mem:25.53M (Peak 30.50M) | Time:00:00.23 | Mem:1.42M, Peak:1.42M | Scene, ViewLayer | Updating Geometry BVH Skull 27/109 | Building mesh BLAS |    2722 tris | Skull
Fra:16 Mem:25.53M (Peak 30.50M) | Time:00:00.23 | Mem:1.42M, Peak:1.42M | Scene, ViewLayer | Updating Geometry BVH Frost muzzle 28/109 | Building BVH
Fra:16 Mem:25.53M (Peak 30.50M) | Time:00:00.23 | Mem:1.42M, Peak:1.42M | Scene, ViewLayer | Updating Geometry BVH Frost muzzle 28/109 | Building mesh BLAS |     480 tris | Frost muzzle
Fra:16 Mem:25.53M (Peak 30.50M) | Time:00:00.23 | Mem:1.42M, Peak:1.42M | Scene, ViewLayer | Updating Geometry BVH Heart shaped nose 29/109 | Building BVH
Fra:16 Mem:25.53M (Peak 30.50M) | Time:00:00.23 | Mem:1.42M, Peak:1.42M | Scene, ViewLayer | Updating Geometry BVH Heart shaped nose 29/109 | Building mesh BLAS |       6 tris | Heart shaped nose
Fra:16 Mem:25.53M (Peak 30.50M) | Time:00:00.23 | Mem:1.42M, Peak:1.42M | Scene, ViewLayer | Updating Geometry BVH Eye socket 30/109 | Building BVH
Fra:16 Mem:25.53M (Peak 30.50M) | Time:00:00.23 | Mem:1.42M, Peak:1.42M | Scene, ViewLayer | Updating Geometry BVH Eye socket 30/109 | Building mesh BLAS |     480 tris | Eye socket
Fra:16 Mem:25.53M (Peak 30.50M) | Time:00:00.23 | Mem:1.42M, Peak:1.42M | Scene, ViewLayer | Updating Geometry BVH Leather neckerchief roll 102/109 | Building BVH
Fra:16 Mem:25.53M (Peak 30.50M) | Time:00:00.23 | Mem:1.42M, Peak:1.42M | Scene, ViewLayer | Updating Geometry BVH Leather neckerchief roll 102/109 | Building mesh BLAS |      76 tris | Leather neckerchief roll
Fra:16 Mem:25.53M (Peak 30.50M) | Time:00:00.23 | Mem:1.42M, Peak:1.42M | Scene, ViewLayer | Updating Geometry BVH Ivory eye 31/109 | Building BVH
Fra:16 Mem:25.53M (Peak 30.50M) | Time:00:00.23 | Mem:1.42M, Peak:1.42M | Scene, ViewLayer | Updating Geometry BVH Ivory eye 31/109 | Building mesh BLAS |     480 tris | Ivory eye
Fra:16 Mem:25.53M (Peak 30.50M) | Time:00:00.23 | Mem:1.42M, Peak:1.42M | Scene, ViewLayer | Updating Geometry BVH Articulated tail 101/109 | Building BVH
Fra:16 Mem:25.53M (Peak 30.50M) | Time:00:00.23 | Mem:1.42M, Peak:1.42M | Scene, ViewLayer | Updating Geometry BVH Articulated tail 101/109 | Building mesh BLAS |     268 tris | Articulated tail
Fra:16 Mem:25.53M (Peak 30.50M) | Time:00:00.23 | Mem:1.42M, Peak:1.42M | Scene, ViewLayer | Updating Geometry BVH Iris 32/109 | Building BVH
Fra:16 Mem:25.53M (Peak 30.50M) | Time:00:00.23 | Mem:1.42M, Peak:1.42M | Scene, ViewLayer | Updating Geometry BVH Pupil 33/109 | Building BVH
Fra:16 Mem:25.53M (Peak 30.50M) | Time:00:00.23 | Mem:1.42M, Peak:1.42M | Scene, ViewLayer | Updating Geometry BVH Pupil 33/109 | Building mesh BLAS |     320 tris | Pupil
Fra:16 Mem:25.53M (Peak 30.50M) | Time:00:00.23 | Mem:1.42M, Peak:1.42M | Scene, ViewLayer | Updating Geometry BVH Expressive brow 35/109 | Building BVH
Fra:16 Mem:25.53M (Peak 30.50M) | Time:00:00.23 | Mem:1.42M, Peak:1.42M | Scene, ViewLayer | Updating Geometry BVH Expressive brow 35/109 | Building mesh BLAS |      44 tris | Expressive brow
Fra:16 Mem:25.53M (Peak 30.50M) | Time:00:00.23 | Mem:1.42M, Peak:1.42M | Scene, ViewLayer | Updating Geometry BVH Smiling mouth 36/109 | Building BVH
Fra:16 Mem:25.53M (Peak 30.50M) | Time:00:00.23 | Mem:1.42M, Peak:1.42M | Scene, ViewLayer | Updating Geometry BVH Smiling mouth 36/109 | Building mesh BLAS |      32 tris | Smiling mouth
Fra:16 Mem:25.53M (Peak 30.50M) | Time:00:00.23 | Mem:1.42M, Peak:1.42M | Scene, ViewLayer | Updating Geometry BVH Whisker pore 37/109 | Building BVH
Fra:16 Mem:25.53M (Peak 30.50M) | Time:00:00.23 | Mem:1.42M, Peak:1.42M | Scene, ViewLayer | Updating Geometry BVH Whisker pore 37/109 | Building mesh BLAS |     192 tris | Eye glint
Fra:16 Mem:25.53M (Peak 30.50M) | Time:00:00.23 | Mem:1.42M, Peak:1.42M | Scene, ViewLayer | Updating Geometry BVH Wrist fur.011 100/109 | Building BVH
Fra:16 Mem:25.53M (Peak 30.50M) | Time:00:00.23 | Mem:1.42M, Peak:1.42M | Scene, ViewLayer | Updating Geometry BVH Whisker pore.001 38/109 | Building BVH
Fra:16 Mem:25.53M (Peak 30.50M) | Time:00:00.23 | Mem:1.42M, Peak:1.42M | Scene, ViewLayer | Updating Geometry BVH Whisker pore.002 39/109 | Building mesh BLAS |      64 tris | Whisker pore.001
Fra:16 Mem:25.53M (Peak 30.50M) | Time:00:00.23 | Mem:1.42M, Peak:1.42M | Scene, ViewLayer | Updating Geometry BVH Eye socket.001 40/109 | Building BVH
Fra:16 Mem:25.53M (Peak 30.50M) | Time:00:00.23 | Mem:1.42M, Peak:1.42M | Scene, ViewLayer | Updating Geometry BVH Eye socket.001 40/109 | Building mesh BLAS |     480 tris | Eye socket.001
Fra:16 Mem:25.53M (Peak 30.50M) | Time:00:00.23 | Mem:1.42M, Peak:1.42M | Scene, ViewLayer | Updating Geometry BVH Ivory eye.001 41/109 | Building BVH
Fra:16 Mem:25.53M (Peak 30.50M) | Time:00:00.23 | Mem:1.42M, Peak:1.42M | Scene, ViewLayer | Updating Geometry BVH Ivory eye.001 41/109 | Building mesh BLAS |     480 tris | Ivory eye.001
Fra:16 Mem:25.53M (Peak 30.50M) | Time:00:00.23 | Mem:1.42M, Peak:1.42M | Scene, ViewLayer | Updating Geometry BVH Iris.001 42/109 | Building BVH
Fra:16 Mem:25.53M (Peak 30.50M) | Time:00:00.23 | Mem:1.42M, Peak:1.42M | Scene, ViewLayer | Updating Geometry BVH Iris.001 42/109 | Building mesh BLAS |     480 tris | Iris.001
Fra:16 Mem:25.53M (Peak 30.50M) | Time:00:00.23 | Mem:1.42M, Peak:1.42M | Scene, ViewLayer | Updating Geometry BVH Pupil.001 43/109 | Building BVH
Fra:16 Mem:25.53M (Peak 30.50M) | Time:00:00.23 | Mem:1.42M, Peak:1.42M | Scene, ViewLayer | Updating Geometry BVH Eye glint.001 44/109 | Building BVH
Fra:16 Mem:25.53M (Peak 30.50M) | Time:00:00.23 | Mem:1.42M, Peak:1.42M | Scene, ViewLayer | Updating Geometry BVH Eye glint.001 44/109 | Building mesh BLAS |     320 tris | Pupil.001
Fra:16 Mem:25.53M (Peak 30.50M) | Time:00:00.23 | Mem:1.42M, Peak:1.42M | Scene, ViewLayer | Updating Geometry BVH Expressive brow.001 45/109 | Building BVH
Fra:16 Mem:25.53M (Peak 30.50M) | Time:00:00.23 | Mem:1.42M, Peak:1.42M | Scene, ViewLayer | Updating Geometry BVH Smiling mouth.001 46/109 | Building BVH
Fra:16 Mem:25.53M (Peak 30.50M) | Time:00:00.23 | Mem:1.42M, Peak:1.42M | Scene, ViewLayer | Updating Geometry BVH Whisker pore.003 47/109 | Building BVH
Fra:16 Mem:25.53M (Peak 30.50M) | Time:00:00.23 | Mem:1.42M, Peak:1.42M | Scene, ViewLayer | Updating Geometry BVH Whisker pore.003 47/109 | Building mesh BLAS |      64 tris | Whisker pore.002
Fra:16 Mem:25.53M (Peak 30.50M) | Time:00:00.23 | Mem:1.42M, Peak:1.42M | Scene, ViewLayer | Updating Geometry BVH Whisker pore.004 48/109 | Building BVH
Fra:16 Mem:25.53M (Peak 30.50M) | Time:00:00.23 | Mem:1.42M, Peak:1.42M | Scene, ViewLayer | Updating Geometry BVH Whisker pore.004 48/109 | Building mesh BLAS |      32 tris | Smiling mouth.001
Fra:16 Mem:25.53M (Peak 30.50M) | Time:00:00.23 | Mem:1.42M, Peak:1.42M | Scene, ViewLayer | Updating Geometry BVH Whisker pore.004 48/109 | Building mesh BLAS |      64 tris | Whisker pore.004
Fra:16 Mem:25.53M (Peak 30.50M) | Time:00:00.23 | Mem:1.42M, Peak:1.42M | Scene, ViewLayer | Updating Geometry BVH Wrist fur.010 99/109 | Building BVH
Fra:16 Mem:25.53M (Peak 30.50M) | Time:00:00.23 | Mem:1.42M, Peak:1.42M | Scene, ViewLayer | Updating Geometry BVH Wrist fur.010 99/109 | Building mesh BLAS |      44 tris | Wrist fur.010
Fra:16 Mem:25.53M (Peak 30.50M) | Time:00:00.23 | Mem:1.42M, Peak:1.42M | Scene, ViewLayer | Updating Geometry BVH Whisker pore.005 49/109 | Building BVH
Fra:16 Mem:25.53M (Peak 30.50M) | Time:00:00.23 | Mem:1.42M, Peak:1.42M | Scene, ViewLayer | Updating Geometry BVH Whisker pore.005 49/109 | Building mesh BLAS |      64 tris | Whisker pore.005
Fra:16 Mem:25.53M (Peak 30.50M) | Time:00:00.23 | Mem:1.42M, Peak:1.42M | Scene, ViewLayer | Updating Geometry BVH Lower jaw 50/109 | Building BVH
Fra:16 Mem:25.53M (Peak 30.50M) | Time:00:00.23 | Mem:1.42M, Peak:1.42M | Scene, ViewLayer | Updating Geometry BVH Lower jaw 50/109 | Building mesh BLAS |     400 tris | Lower jaw
Fra:16 Mem:25.53M (Peak 30.50M) | Time:00:00.23 | Mem:1.42M, Peak:1.42M | Scene, ViewLayer | Updating Geometry BVH Connected inner mouth sleeve 51/109 | Building BVH
Fra:16 Mem:25.53M (Peak 30.50M) | Time:00:00.23 | Mem:1.42M, Peak:1.42M | Scene, ViewLayer | Updating Geometry BVH Connected inner mouth sleeve 51/109 | Building mesh BLAS |      90 tris | Connected inner mouth sleeve
Fra:16 Mem:25.53M (Peak 30.50M) | Time:00:00.23 | Mem:1.42M, Peak:1.42M | Scene, ViewLayer | Updating Geometry BVH Upper palate 52/109 | Building BVH
Fra:16 Mem:25.53M (Peak 30.50M) | Time:00:00.23 | Mem:1.42M, Peak:1.42M | Scene, ViewLayer | Updating Geometry BVH Upper palate 52/109 | Building mesh BLAS |      22 tris | Upper palate
Fra:16 Mem:25.53M (Peak 30.50M) | Time:00:00.23 | Mem:1.42M, Peak:1.42M | Scene, ViewLayer | Updating Geometry BVH Wrist fur.009 98/109 | Building BVH
Fra:16 Mem:25.53M (Peak 30.50M) | Time:00:00.23 | Mem:1.42M, Peak:1.42M | Scene, ViewLayer | Updating Geometry BVH Wrist fur.009 98/109 | Building mesh BLAS |      44 tris | Wrist fur.009
Fra:16 Mem:25.53M (Peak 30.50M) | Time:00:00.23 | Mem:1.42M, Peak:1.42M | Scene, ViewLayer | Updating Geometry BVH Mandible floor 53/109 | Building BVH
Fra:16 Mem:25.53M (Peak 30.50M) | Time:00:00.23 | Mem:1.42M, Peak:1.42M | Scene, ViewLayer | Updating Geometry BVH Mandible floor 53/109 | Building mesh BLAS |      22 tris | Mandible floor
Fra:16 Mem:25.53M (Peak 30.50M) | Time:00:00.23 | Mem:1.42M, Peak:1.42M | Scene, ViewLayer | Updating Geometry BVH Connected outer cheek 54/109 | Building BVH
Fra:16 Mem:25.53M (Peak 30.50M) | Time:00:00.23 | Mem:1.42M, Peak:1.42M | Scene, ViewLayer | Updating Geometry BVH Connected outer cheek.001 55/109 | Building BVH
Fra:16 Mem:25.53M (Peak 30.50M) | Time:00:00.23 | Mem:1.42M, Peak:1.42M | Scene, ViewLayer | Updating Geometry BVH Connected outer cheek.001 55/109 | Building mesh BLAS |      24 tris | Connected outer cheek.001
Fra:16 Mem:25.53M (Peak 30.50M) | Time:00:00.23 | Mem:1.42M, Peak:1.42M | Scene, ViewLayer | Updating Geometry BVH Howl tongue 56/109 | Building BVH
Fra:16 Mem:25.53M (Peak 30.50M) | Time:00:00.23 | Mem:1.42M, Peak:1.42M | Scene, ViewLayer | Updating Geometry BVH Lower canine 57/109 | Building BVH
Fra:16 Mem:25.53M (Peak 30.50M) | Time:00:00.24 | Mem:1.42M, Peak:1.42M | Scene, ViewLayer | Updating Geometry BVH Lower canine 57/109 | Building mesh BLAS |      38 tris | Lower canine
Fra:16 Mem:25.53M (Peak 30.50M) | Time:00:00.24 | Mem:1.42M, Peak:1.42M | Scene, ViewLayer | Updating Geometry BVH Lower canine.001 58/109 | Building BVH
Fra:16 Mem:25.53M (Peak 30.50M) | Time:00:00.24 | Mem:1.42M, Peak:1.42M | Scene, ViewLayer | Updating Geometry BVH Inner ear 60/109 | Building mesh BLAS |      38 tris | Lower canine.001
Fra:16 Mem:25.53M (Peak 30.50M) | Time:00:00.24 | Mem:1.42M, Peak:1.42M | Scene, ViewLayer | Updating Geometry BVH Pointed species ear.001 61/109 | Building BVH
Fra:16 Mem:25.53M (Peak 30.50M) | Time:00:00.24 | Mem:1.42M, Peak:1.42M | Scene, ViewLayer | Updating Geometry BVH Pointed species ear.001 61/109 | Building mesh BLAS |       6 tris | Pointed species ear.001
Fra:16 Mem:25.53M (Peak 30.50M) | Time:00:00.24 | Mem:1.42M, Peak:1.42M | Scene, ViewLayer | Updating Geometry BVH Inner ear.001 62/109 | Building BVH
Fra:16 Mem:25.53M (Peak 30.50M) | Time:00:00.24 | Mem:1.42M, Peak:1.42M | Scene, ViewLayer | Updating Geometry BVH Layered shoulder fur.011 97/109 | Building BVH
Fra:16 Mem:25.53M (Peak 30.50M) | Time:00:00.24 | Mem:1.42M, Peak:1.42M | Scene, ViewLayer | Updating Geometry BVH Layered shoulder fur.011 97/109 | Building mesh BLAS |       3 tris | Inner ear
Fra:16 Mem:25.53M (Peak 30.50M) | Time:00:00.24 | Mem:1.42M, Peak:1.42M | Scene, ViewLayer | Updating Geometry BVH Layered shoulder fur.011 97/109 | Building mesh BLAS |      44 tris | Layered shoulder fur.011
Fra:16 Mem:25.53M (Peak 30.50M) | Time:00:00.24 | Mem:1.42M, Peak:1.42M | Scene, ViewLayer | Updating Geometry BVH Swept cheek ruff 63/109 | Building BVH
Fra:16 Mem:25.53M (Peak 30.50M) | Time:00:00.24 | Mem:1.42M, Peak:1.42M | Scene, ViewLayer | Updating Geometry BVH Swept cheek ruff.001 64/109 | Building BVH
Fra:16 Mem:25.53M (Peak 30.50M) | Time:00:00.24 | Mem:1.42M, Peak:1.42M | Scene, ViewLayer | Updating Geometry BVH Swept cheek ruff.002 65/109 | Building BVH
Fra:16 Mem:25.53M (Peak 30.50M) | Time:00:00.24 | Mem:1.42M, Peak:1.42M | Scene, ViewLayer | Updating Geometry BVH Swept cheek ruff.002 65/109 | Building mesh BLAS |      44 tris | Swept cheek ruff.001
Fra:16 Mem:25.53M (Peak 30.50M) | Time:00:00.24 | Mem:1.42M, Peak:1.42M | Scene, ViewLayer | Updating Geometry BVH Swept cheek ruff.002 65/109 | Building mesh BLAS |      44 tris | Swept cheek ruff.002
Fra:16 Mem:25.53M (Peak 30.50M) | Time:00:00.24 | Mem:1.42M, Peak:1.42M | Scene, ViewLayer | Updating Geometry BVH Swept cheek ruff.003 66/109 | Building BVH
Fra:16 Mem:25.53M (Peak 30.50M) | Time:00:00.24 | Mem:1.42M, Peak:1.42M | Scene, ViewLayer | Updating Geometry BVH Swept cheek ruff.003 66/109 | Building mesh BLAS |      44 tris | Swept cheek ruff.003
Fra:16 Mem:25.53M (Peak 30.50M) | Time:00:00.24 | Mem:1.42M, Peak:1.42M | Scene, ViewLayer | Updating Geometry BVH Swept cheek ruff.003 66/109 | Building mesh BLAS |      44 tris | Swept cheek ruff
Fra:16 Mem:25.53M (Peak 30.50M) | Time:00:00.24 | Mem:1.42M, Peak:1.42M | Scene, ViewLayer | Updating Geometry BVH Swept cheek ruff.004 67/109 | Building BVH
Fra:16 Mem:25.53M (Peak 30.50M) | Time:00:00.24 | Mem:1.42M, Peak:1.42M | Scene, ViewLayer | Updating Geometry BVH Swept cheek ruff.005 68/109 | Building BVH
Fra:16 Mem:25.53M (Peak 30.50M) | Time:00:00.24 | Mem:1.42M, Peak:1.42M | Scene, ViewLayer | Updating Geometry BVH Swept cheek ruff.005 68/109 | Building mesh BLAS |      44 tris | Swept cheek ruff.004
Fra:16 Mem:25.53M (Peak 30.50M) | Time:00:00.24 | Mem:1.42M, Peak:1.42M | Scene, ViewLayer | Updating Geometry BVH Swept cheek ruff.005 68/109 | Building mesh BLAS |      44 tris | Swept cheek ruff.005
Fra:16 Mem:25.53M (Peak 30.50M) | Time:00:00.24 | Mem:1.42M, Peak:1.42M | Scene, ViewLayer | Updating Geometry BVH Swept cheek ruff.006 69/109 | Building BVH
Fra:16 Mem:25.53M (Peak 30.50M) | Time:00:00.24 | Mem:1.42M, Peak:1.42M | Scene, ViewLayer | Updating Geometry BVH Swept cheek ruff.006 69/109 | Building mesh BLAS |      44 tris | Swept cheek ruff.006
Fra:16 Mem:25.53M (Peak 30.50M) | Time:00:00.24 | Mem:1.42M, Peak:1.42M | Scene, ViewLayer | Updating Geometry BVH Layered shoulder fur.010 96/109 | Building BVH
Fra:16 Mem:25.53M (Peak 30.50M) | Time:00:00.24 | Mem:1.42M, Peak:1.42M | Scene, ViewLayer | Updating Geometry BVH Layered shoulder fur.010 96/109 | Building mesh BLAS |      44 tris | Layered shoulder fur.010
Fra:16 Mem:25.53M (Peak 30.50M) | Time:00:00.24 | Mem:1.43M, Peak:1.43M | Scene, ViewLayer | Updating Geometry BVH Ice swept crest 71/109 | Building BVH
Fra:16 Mem:25.53M (Peak 30.50M) | Time:00:00.24 | Mem:1.43M, Peak:1.43M | Scene, ViewLayer | Updating Geometry BVH Swept cheek ruff.007 70/109 | Building BVH
Fra:16 Mem:25.53M (Peak 30.50M) | Time:00:00.24 | Mem:1.43M, Peak:1.43M | Scene, ViewLayer | Updating Geometry BVH Ice swept crest.001 72/109 | Building mesh BLAS |      44 tris | Ice swept crest
Fra:16 Mem:25.53M (Peak 30.50M) | Time:00:00.24 | Mem:1.43M, Peak:1.43M | Scene, ViewLayer | Updating Geometry BVH Ice swept crest.001 72/109 | Building mesh BLAS |      44 tris | Swept cheek ruff.007
Fra:16 Mem:25.53M (Peak 30.50M) | Time:00:00.24 | Mem:1.43M, Peak:1.43M | Scene, ViewLayer | Updating Geometry BVH Ice swept crest.001 72/109 | Building mesh BLAS |      44 tris | Ice swept crest.001
Fra:16 Mem:25.53M (Peak 30.50M) | Time:00:00.24 | Mem:1.43M, Peak:1.43M | Scene, ViewLayer | Updating Geometry BVH Ice swept crest.003 74/109 | Building BVH
Fra:16 Mem:25.53M (Peak 30.50M) | Time:00:00.24 | Mem:1.43M, Peak:1.43M | Scene, ViewLayer | Updating Geometry BVH Ice swept crest.004 75/109 | Building BVH
Fra:16 Mem:25.53M (Peak 30.50M) | Time:00:00.24 | Mem:1.43M, Peak:1.43M | Scene, ViewLayer | Updating Geometry BVH Ice swept crest.004 75/109 | Building mesh BLAS |      44 tris | Ice swept crest.003
Fra:16 Mem:25.53M (Peak 30.50M) | Time:00:00.24 | Mem:1.43M, Peak:1.43M | Scene, ViewLayer | Updating Geometry BVH Ice swept crest.004 75/109 | Building mesh BLAS |      44 tris | Ice swept crest.002
Fra:16 Mem:25.53M (Peak 30.50M) | Time:00:00.24 | Mem:1.43M, Peak:1.43M | Scene, ViewLayer | Updating Geometry BVH Ice swept crest.004 75/109 | Building mesh BLAS |      44 tris | Ice swept crest.004
Fra:16 Mem:25.53M (Peak 30.50M) | Time:00:00.24 | Mem:1.43M, Peak:1.43M | Scene, ViewLayer | Updating Geometry BVH Ice swept crest.005 76/109 | Building BVH
Fra:16 Mem:25.53M (Peak 30.50M) | Time:00:00.24 | Mem:1.43M, Peak:1.43M | Scene, ViewLayer | Updating Geometry BVH Ice swept crest.005 76/109 | Building mesh BLAS |      44 tris | Ice swept crest.005
Fra:16 Mem:25.53M (Peak 30.50M) | Time:00:00.24 | Mem:1.43M, Peak:1.43M | Scene, ViewLayer | Updating Geometry BVH Layered shoulder fur.009 95/109 | Building BVH
Fra:16 Mem:25.53M (Peak 30.50M) | Time:00:00.24 | Mem:1.43M, Peak:1.43M | Scene, ViewLayer | Updating Geometry BVH Layered shoulder fur.009 95/109 | Building mesh BLAS |      44 tris | Layered shoulder fur.009
Fra:16 Mem:25.53M (Peak 30.50M) | Time:00:00.24 | Mem:1.43M, Peak:1.43M | Scene, ViewLayer | Updating Geometry BVH Layered shoulder fur 77/109 | Building BVH
Fra:16 Mem:25.53M (Peak 30.50M) | Time:00:00.24 | Mem:1.43M, Peak:1.43M | Scene, ViewLayer | Updating Geometry BVH Layered shoulder fur 77/109 | Building mesh BLAS |      44 tris | Layered shoulder fur
Fra:16 Mem:25.53M (Peak 30.50M) | Time:00:00.24 | Mem:1.43M, Peak:1.43M | Scene, ViewLayer | Updating Geometry BVH Layered shoulder fur.001 78/109 | Building BVH
Fra:16 Mem:25.53M (Peak 30.50M) | Time:00:00.24 | Mem:1.43M, Peak:1.43M | Scene, ViewLayer | Updating Geometry BVH Layered shoulder fur.002 79/109 | Building BVH
Fra:16 Mem:25.53M (Peak 30.50M) | Time:00:00.24 | Mem:1.43M, Peak:1.43M | Scene, ViewLayer | Updating Geometry BVH Layered shoulder fur.002 79/109 | Building mesh BLAS |      44 tris | Layered shoulder fur.002
Fra:16 Mem:25.53M (Peak 30.50M) | Time:00:00.24 | Mem:1.43M, Peak:1.43M | Scene, ViewLayer | Updating Geometry BVH Wrist fur 80/109 | Building BVH
Fra:16 Mem:25.53M (Peak 30.50M) | Time:00:00.24 | Mem:1.43M, Peak:1.43M | Scene, ViewLayer | Updating Geometry BVH Wrist fur 80/109 | Building mesh BLAS |      44 tris | Wrist fur
Fra:16 Mem:25.53M (Peak 30.50M) | Time:00:00.24 | Mem:1.43M, Peak:1.43M | Scene, ViewLayer | Updating Geometry BVH Wrist fur.001 81/109 | Building BVH
Fra:16 Mem:25.53M (Peak 30.50M) | Time:00:00.24 | Mem:1.43M, Peak:1.43M | Scene, ViewLayer | Updating Geometry BVH Wrist fur.002 82/109 | Building BVH
Fra:16 Mem:25.53M (Peak 30.50M) | Time:00:00.24 | Mem:1.43M, Peak:1.43M | Scene, ViewLayer | Updating Geometry BVH Wrist fur.002 82/109 | Building mesh BLAS |      44 tris | Wrist fur.001
Fra:16 Mem:25.53M (Peak 30.50M) | Time:00:00.24 | Mem:1.43M, Peak:1.43M | Scene, ViewLayer | Updating Geometry BVH Wrist fur.002 82/109 | Building mesh BLAS |      44 tris | Wrist fur.002
Fra:16 Mem:25.53M (Peak 30.50M) | Time:00:00.24 | Mem:1.44M, Peak:1.44M | Scene, ViewLayer | Updating Geometry BVH Layered shoulder fur.003 83/109 | Building BVH
Fra:16 Mem:25.53M (Peak 30.50M) | Time:00:00.24 | Mem:1.44M, Peak:1.44M | Scene, ViewLayer | Updating Geometry BVH Layered shoulder fur.003 83/109 | Building mesh BLAS |      44 tris | Layered shoulder fur.003
Fra:16 Mem:25.53M (Peak 30.50M) | Time:00:00.25 | Mem:1.44M, Peak:1.44M | Scene, ViewLayer | Updating Geometry BVH Wrist fur.008 94/109 | Building BVH
Fra:16 Mem:25.53M (Peak 30.50M) | Time:00:00.25 | Mem:1.44M, Peak:1.44M | Scene, ViewLayer | Updating Geometry BVH Wrist fur.008 94/109 | Building mesh BLAS |      44 tris | Wrist fur.008
Fra:16 Mem:25.53M (Peak 30.50M) | Time:00:00.25 | Mem:1.44M, Peak:1.44M | Scene, ViewLayer | Updating Geometry BVH Layered shoulder fur.004 84/109 | Building BVH
Fra:16 Mem:25.53M (Peak 30.50M) | Time:00:00.25 | Mem:1.44M, Peak:1.44M | Scene, ViewLayer | Updating Geometry BVH Layered shoulder fur.004 84/109 | Building mesh BLAS |      44 tris | Layered shoulder fur.004
Fra:16 Mem:25.53M (Peak 30.50M) | Time:00:00.25 | Mem:1.44M, Peak:1.44M | Scene, ViewLayer | Updating Geometry BVH Layered shoulder fur.005 85/109 | Building BVH
Fra:16 Mem:25.53M (Peak 30.50M) | Time:00:00.25 | Mem:1.44M, Peak:1.44M | Scene, ViewLayer | Updating Geometry BVH Layered shoulder fur.005 85/109 | Building mesh BLAS |      44 tris | Layered shoulder fur.005
Fra:16 Mem:25.53M (Peak 30.50M) | Time:00:00.25 | Mem:1.44M, Peak:1.44M | Scene, ViewLayer | Updating Geometry BVH Wrist fur.003 86/109 | Building BVH
Fra:16 Mem:25.53M (Peak 30.50M) | Time:00:00.25 | Mem:1.44M, Peak:1.44M | Scene, ViewLayer | Updating Geometry BVH Wrist fur.003 86/109 | Building mesh BLAS |      44 tris | Wrist fur.003
Fra:16 Mem:25.53M (Peak 30.50M) | Time:00:00.25 | Mem:1.44M, Peak:1.44M | Scene, ViewLayer | Updating Geometry BVH Wrist fur.004 87/109 | Building BVH
Fra:16 Mem:25.53M (Peak 30.50M) | Time:00:00.25 | Mem:1.65M, Peak:1.65M | Scene, ViewLayer | Updating Geometry BVH Wrist fur.004 87/109 | Building mesh BLAS |      44 tris | Wrist fur.004
Fra:16 Mem:25.53M (Peak 30.50M) | Time:00:00.25 | Mem:1.66M, Peak:1.66M | Scene, ViewLayer | Updating Geometry BVH Wrist fur.005 88/109 | Building BVH
Fra:16 Mem:25.53M (Peak 30.50M) | Time:00:00.25 | Mem:1.66M, Peak:1.66M | Scene, ViewLayer | Updating Geometry BVH Layered shoulder fur.006 89/109 | Building BVH
Fra:16 Mem:25.53M (Peak 30.50M) | Time:00:00.25 | Mem:1.66M, Peak:1.66M | Scene, ViewLayer | Updating Geometry BVH Layered shoulder fur.006 89/109 | Building mesh BLAS |      44 tris | Wrist fur.005
Fra:16 Mem:25.53M (Peak 30.50M) | Time:00:00.25 | Mem:1.67M, Peak:1.67M | Scene, ViewLayer | Updating Geometry BVH Layered shoulder fur.006 89/109 | Building mesh BLAS |      44 tris | Layered shoulder fur.006
Fra:16 Mem:25.53M (Peak 30.50M) | Time:00:00.25 | Mem:1.68M, Peak:1.68M | Scene, ViewLayer | Updating Geometry BVH Layered shoulder fur.007 90/109 | Building BVH
Fra:16 Mem:25.53M (Peak 30.50M) | Time:00:00.25 | Mem:1.68M, Peak:1.68M | Scene, ViewLayer | Updating Geometry BVH Layered shoulder fur.007 90/109 | Building mesh BLAS |      44 tris | Layered shoulder fur.007
Fra:16 Mem:25.53M (Peak 30.50M) | Time:00:00.25 | Mem:1.68M, Peak:1.68M | Scene, ViewLayer | Updating Geometry BVH Layered shoulder fur.007 90/109 | Building mesh BLAS |      44 tris | Wrist fur.007
Fra:16 Mem:25.53M (Peak 30.50M) | Time:00:00.25 | Mem:1.71M, Peak:1.71M | Scene, ViewLayer | Updating Geometry BVH Layered shoulder fur.008 91/109 | Building BVH
Fra:16 Mem:25.53M (Peak 30.50M) | Time:00:00.25 | Mem:1.71M, Peak:1.71M | Scene, ViewLayer | Updating Geometry BVH Layered shoulder fur.008 91/109 | Building mesh BLAS |      44 tris | Layered shoulder fur.008
Fra:16 Mem:25.53M (Peak 30.50M) | Time:00:00.25 | Mem:1.71M, Peak:1.71M | Scene, ViewLayer | Updating Geometry BVH Wrist fur.006 92/109 | Building BVH
Fra:16 Mem:25.53M (Peak 30.50M) | Time:00:00.25 | Mem:1.71M, Peak:1.71M | Scene, ViewLayer | Updating Geometry BVH Wrist fur.006 92/109 | Building mesh BLAS |      44 tris | Wrist fur.006
Fra:16 Mem:25.53M (Peak 30.50M) | Time:00:00.25 | Mem:2.08M, Peak:2.08M | Scene, ViewLayer | Updating Scene BVH | Building
Fra:16 Mem:25.53M (Peak 30.50M) | Time:00:00.27 | Mem:2.27M, Peak:2.27M | Scene, ViewLayer | Updating Scene BVH | Building TLAS      |     109 instances
Fra:16 Mem:25.53M (Peak 30.50M) | Time:00:00.27 | Mem:2.30M, Peak:2.30M | Scene, ViewLayer | Updating Scene BVH | Copying BVH to device
Fra:16 Mem:25.53M (Peak 30.50M) | Time:00:00.27 | Mem:2.30M, Peak:2.30M | Scene, ViewLayer | Updating Mesh | Computing normals
Fra:16 Mem:26.02M (Peak 30.50M) | Time:00:00.27 | Mem:2.30M, Peak:2.30M | Scene, ViewLayer | Updating Mesh | Copying Mesh to device
Fra:16 Mem:25.53M (Peak 30.50M) | Time:00:00.27 | Mem:2.82M, Peak:2.82M | Scene, ViewLayer | Updating Objects Flags
Fra:16 Mem:25.53M (Peak 30.50M) | Time:00:00.27 | Mem:2.82M, Peak:2.82M | Scene, ViewLayer | Updating Primitive Offsets
Fra:16 Mem:25.53M (Peak 30.50M) | Time:00:00.27 | Mem:2.82M, Peak:2.82M | Scene, ViewLayer | Updating Images
Fra:16 Mem:25.53M (Peak 30.50M) | Time:00:00.27 | Mem:2.82M, Peak:2.82M | Scene, ViewLayer | Updating Camera Volume
Fra:16 Mem:25.53M (Peak 30.50M) | Time:00:00.27 | Mem:2.82M, Peak:2.82M | Scene, ViewLayer | Updating Lookup Tables
Fra:16 Mem:25.45M (Peak 30.50M) | Time:00:00.27 | Mem:2.92M, Peak:2.92M | Scene, ViewLayer | Updating Lights
Fra:16 Mem:25.45M (Peak 30.50M) | Time:00:00.27 | Mem:2.92M, Peak:2.92M | Scene, ViewLayer | Updating Lights | Computing tree
Fra:16 Mem:25.45M (Peak 30.50M) | Time:00:00.27 | Mem:2.92M, Peak:2.92M | Scene, ViewLayer | Updating Integrator
Fra:16 Mem:25.45M (Peak 30.50M) | Time:00:00.27 | Mem:2.92M, Peak:2.92M | Scene, ViewLayer | Updating Film
Fra:16 Mem:25.54M (Peak 30.50M) | Time:00:00.27 | Mem:2.82M, Peak:2.92M | Scene, ViewLayer | Updating Lookup Tables
Fra:16 Mem:25.45M (Peak 30.50M) | Time:00:00.27 | Mem:2.92M, Peak:2.92M | Scene, ViewLayer | Updating Baking
Fra:16 Mem:25.45M (Peak 30.50M) | Time:00:00.27 | Mem:2.92M, Peak:2.92M | Scene, ViewLayer | Updating Device | Writing constant memory
Fra:16 Mem:25.46M (Peak 30.50M) | Time:00:00.31 | Mem:2.92M, Peak:2.92M | Scene, ViewLayer | Loading denoising kernels (may take a few minutes the first time)
Fra:16 Mem:25.46M (Peak 57.46M) | Time:00:00.31 | Mem:2818.93M, Peak:2818.93M | Scene, ViewLayer | Sample 0/12 (Using optimized kernels)
Fra:16 Mem:25.45M (Peak 60.96M) | Time:00:00.53 | Remaining:00:02.36 | Mem:2854.47M, Peak:2854.47M | Scene, ViewLayer | Sample 1/12 (Using optimized kernels)
Fra:16 Mem:40.40M (Peak 62.84M) | Time:00:04.57 | Mem:2854.48M, Peak:2854.48M | Scene, ViewLayer | Sample 12/12 (Using optimized kernels)
Fra:16 Mem:40.40M (Peak 62.84M) | Time:00:04.57 | Mem:2854.48M, Peak:2854.48M | Scene, ViewLayer | Finished
Saved: '/Users/chikumatsuboi/Code/animal-racers-western/assets/source/western/qa/form-cycle-3/after/wolf-celebrate-16.png'
Time: 00:04.70 (Saving: 00:00.05)

Fra:1 Mem:28.98M (Peak 28.98M) | Time:00:00.00 | Mem:0.02M, Peak:0.02M | Scene, ViewLayer | Synchronizing object | Body • continuous sculpted skin
Fra:1 Mem:29.03M (Peak 29.03M) | Time:00:00.00 | Mem:0.02M, Peak:0.02M | Scene, ViewLayer | Synchronizing object | Ivory claw.002
Fra:1 Mem:29.26M (Peak 29.26M) | Time:00:00.00 | Mem:0.02M, Peak:0.02M | Scene, ViewLayer | Synchronizing object | Paw toe.003
Fra:1 Mem:29.28M (Peak 29.28M) | Time:00:00.00 | Mem:0.02M, Peak:0.02M | Scene, ViewLayer | Synchronizing object | Ivory claw.003
Fra:1 Mem:29.28M (Peak 29.28M) | Time:00:00.00 | Mem:0.02M, Peak:0.02M | Scene, ViewLayer | Synchronizing object | Paw toe.005
Fra:1 Mem:29.29M (Peak 29.29M) | Time:00:00.00 | Mem:0.02M, Peak:0.02M | Scene, ViewLayer | Synchronizing object | Ivory claw.005
Fra:1 Mem:29.33M (Peak 29.33M) | Time:00:00.00 | Mem:0.02M, Peak:0.02M | Scene, ViewLayer | Synchronizing object | Paw toe.006
Fra:1 Mem:29.36M (Peak 29.36M) | Time:00:00.00 | Mem:0.02M, Peak:0.02M | Scene, ViewLayer | Synchronizing object | Ivory claw.006
Fra:1 Mem:29.50M (Peak 29.50M) | Time:00:00.00 | Mem:0.02M, Peak:0.02M | Scene, ViewLayer | Synchronizing object | Paw toe.007
Fra:1 Mem:29.51M (Peak 29.51M) | Time:00:00.00 | Mem:0.02M, Peak:0.02M | Scene, ViewLayer | Synchronizing object | Ivory claw.007
Fra:1 Mem:29.51M (Peak 29.51M) | Time:00:00.00 | Mem:0.02M, Peak:0.02M | Scene, ViewLayer | Synchronizing object | Paw toe.008
Fra:1 Mem:29.51M (Peak 29.51M) | Time:00:00.00 | Mem:0.02M, Peak:0.02M | Scene, ViewLayer | Synchronizing object | Ivory claw.009
Fra:1 Mem:29.53M (Peak 29.53M) | Time:00:00.00 | Mem:0.02M, Peak:0.02M | Scene, ViewLayer | Synchronizing object | Paw toe.010
Fra:1 Mem:29.53M (Peak 29.53M) | Time:00:00.00 | Mem:0.02M, Peak:0.02M | Scene, ViewLayer | Synchronizing object | Ivory claw.010
Fra:1 Mem:29.55M (Peak 29.55M) | Time:00:00.00 | Mem:0.02M, Peak:0.02M | Scene, ViewLayer | Synchronizing object | Paw toe.011
Fra:1 Mem:29.56M (Peak 29.56M) | Time:00:00.00 | Mem:0.02M, Peak:0.02M | Scene, ViewLayer | Synchronizing object | Head • species sculpt
Fra:1 Mem:29.63M (Peak 29.66M) | Time:00:00.00 | Mem:0.02M, Peak:0.02M | Scene, ViewLayer | Synchronizing object | Frost muzzle
Fra:1 Mem:29.75M (Peak 29.75M) | Time:00:00.00 | Mem:0.02M, Peak:0.02M | Scene, ViewLayer | Synchronizing object | Warm rim
Fra:1 Mem:29.78M (Peak 29.78M) | Time:00:00.00 | Mem:0.02M, Peak:0.02M | Scene, ViewLayer | Synchronizing object | Sky fill
Fra:1 Mem:29.78M (Peak 29.78M) | Time:00:00.00 | Mem:0.02M, Peak:0.02M | Scene, ViewLayer | Synchronizing object | Sunset key
Fra:1 Mem:29.78M (Peak 29.78M) | Time:00:00.00 | Mem:0.02M, Peak:0.02M | Scene, ViewLayer | Synchronizing object | Plane
Fra:1 Mem:29.81M (Peak 29.81M) | Time:00:00.00 | Mem:0.02M, Peak:0.02M | Scene, ViewLayer | Synchronizing object | Raised elemental crest
Fra:1 Mem:29.80M (Peak 29.81M) | Time:00:00.00 | Mem:0.02M, Peak:0.02M | Scene, ViewLayer | Synchronizing object | Eye socket
Fra:1 Mem:29.81M (Peak 29.81M) | Time:00:00.00 | Mem:0.02M, Peak:0.02M | Scene, ViewLayer | Synchronizing object | Ivory eye
Fra:1 Mem:29.86M (Peak 29.86M) | Time:00:00.00 | Mem:0.02M, Peak:0.02M | Scene, ViewLayer | Synchronizing object | Iris
Fra:1 Mem:29.90M (Peak 29.90M) | Time:00:00.00 | Mem:0.02M, Peak:0.02M | Scene, ViewLayer | Synchronizing object | Pupil
Fra:1 Mem:29.92M (Peak 29.92M) | Time:00:00.00 | Mem:0.02M, Peak:0.02M | Scene, ViewLayer | Synchronizing object | Eye glint
Fra:1 Mem:29.93M (Peak 29.93M) | Time:00:00.00 | Mem:0.02M, Peak:0.02M | Scene, ViewLayer | Synchronizing object | Expressive brow
Fra:1 Mem:30.02M (Peak 30.02M) | Time:00:00.00 | Mem:0.02M, Peak:0.02M | Scene, ViewLayer | Synchronizing object | Smiling mouth
Fra:1 Mem:30.02M (Peak 30.02M) | Time:00:00.00 | Mem:0.02M, Peak:0.02M | Scene, ViewLayer | Synchronizing object | Whisker pore
Fra:1 Mem:30.02M (Peak 30.02M) | Time:00:00.00 | Mem:0.02M, Peak:0.02M | Scene, ViewLayer | Synchronizing object | Whisker pore.001
Fra:1 Mem:30.06M (Peak 30.06M) | Time:00:00.00 | Mem:0.02M, Peak:0.02M | Scene, ViewLayer | Synchronizing object | Whisker pore.002
Fra:1 Mem:30.08M (Peak 30.08M) | Time:00:00.00 | Mem:0.02M, Peak:0.02M | Scene, ViewLayer | Synchronizing object | Eye socket.001
Fra:1 Mem:30.09M (Peak 30.09M) | Time:00:00.00 | Mem:0.02M, Peak:0.02M | Scene, ViewLayer | Synchronizing object | Iris.001
Fra:1 Mem:30.12M (Peak 30.12M) | Time:00:00.00 | Mem:0.02M, Peak:0.02M | Scene, ViewLayer | Synchronizing object | Expressive brow.001
Fra:1 Mem:30.14M (Peak 30.14M) | Time:00:00.00 | Mem:0.02M, Peak:0.02M | Scene, ViewLayer | Synchronizing object | Smiling mouth.001
Fra:1 Mem:30.14M (Peak 30.14M) | Time:00:00.00 | Mem:0.02M, Peak:0.02M | Scene, ViewLayer | Synchronizing object | Leather neckerchief roll
Fra:1 Mem:30.14M (Peak 30.14M) | Time:00:00.00 | Mem:0.02M, Peak:0.02M | Scene, ViewLayer | Synchronizing object | Whisker pore.004
Fra:1 Mem:30.17M (Peak 30.17M) | Time:00:00.00 | Mem:0.02M, Peak:0.02M | Scene, ViewLayer | Synchronizing object | Articulated tail
Fra:1 Mem:30.18M (Peak 30.18M) | Time:00:00.00 | Mem:0.02M, Peak:0.02M | Scene, ViewLayer | Synchronizing object | Whisker pore.005
Fra:1 Mem:30.20M (Peak 30.20M) | Time:00:00.00 | Mem:0.02M, Peak:0.02M | Scene, ViewLayer | Synchronizing object | Lower jaw
Fra:1 Mem:30.22M (Peak 30.22M) | Time:00:00.00 | Mem:0.02M, Peak:0.02M | Scene, ViewLayer | Synchronizing object | Connected inner mouth sleeve
Fra:1 Mem:30.24M (Peak 30.24M) | Time:00:00.00 | Mem:0.02M, Peak:0.02M | Scene, ViewLayer | Synchronizing object | Upper palate
Fra:1 Mem:30.25M (Peak 30.25M) | Time:00:00.00 | Mem:0.02M, Peak:0.02M | Scene, ViewLayer | Synchronizing object | Mandible floor
Fra:1 Mem:30.25M (Peak 30.25M) | Time:00:00.00 | Mem:0.02M, Peak:0.02M | Scene, ViewLayer | Synchronizing object | Connected outer cheek
Fra:1 Mem:30.28M (Peak 30.28M) | Time:00:00.00 | Mem:0.02M, Peak:0.02M | Scene, ViewLayer | Synchronizing object | Howl tongue
Fra:1 Mem:30.30M (Peak 30.30M) | Time:00:00.00 | Mem:0.02M, Peak:0.02M | Scene, ViewLayer | Synchronizing object | Lower canine
Fra:1 Mem:30.33M (Peak 30.33M) | Time:00:00.00 | Mem:0.02M, Peak:0.02M | Scene, ViewLayer | Synchronizing object | Lower canine.001
Fra:1 Mem:30.33M (Peak 30.33M) | Time:00:00.00 | Mem:0.02M, Peak:0.02M | Scene, ViewLayer | Synchronizing object | Pointed species ear
Fra:1 Mem:30.34M (Peak 30.34M) | Time:00:00.00 | Mem:0.02M, Peak:0.02M | Scene, ViewLayer | Synchronizing object | Inner ear.001
Fra:1 Mem:30.34M (Peak 30.34M) | Time:00:00.00 | Mem:0.02M, Peak:0.02M | Scene, ViewLayer | Synchronizing object | Swept cheek ruff
Fra:1 Mem:30.34M (Peak 30.34M) | Time:00:00.00 | Mem:0.02M, Peak:0.02M | Scene, ViewLayer | Synchronizing object | Swept cheek ruff.001
Fra:1 Mem:30.34M (Peak 30.34M) | Time:00:00.00 | Mem:0.02M, Peak:0.02M | Scene, ViewLayer | Synchronizing object | Swept cheek ruff.003
Fra:1 Mem:30.35M (Peak 30.35M) | Time:00:00.00 | Mem:0.02M, Peak:0.02M | Scene, ViewLayer | Synchronizing object | Swept cheek ruff.004
Fra:1 Mem:30.36M (Peak 30.36M) | Time:00:00.00 | Mem:0.02M, Peak:0.02M | Scene, ViewLayer | Synchronizing object | Swept cheek ruff.006
Fra:1 Mem:30.35M (Peak 30.36M) | Time:00:00.00 | Mem:0.02M, Peak:0.02M | Scene, ViewLayer | Synchronizing object | Ice swept crest
Fra:1 Mem:30.36M (Peak 30.36M) | Time:00:00.00 | Mem:0.02M, Peak:0.02M | Scene, ViewLayer | Synchronizing object | Ice swept crest.001
Fra:1 Mem:30.37M (Peak 30.37M) | Time:00:00.00 | Mem:0.02M, Peak:0.02M | Scene, ViewLayer | Synchronizing object | Ice swept crest.002
Fra:1 Mem:30.37M (Peak 30.37M) | Time:00:00.00 | Mem:0.02M, Peak:0.02M | Scene, ViewLayer | Synchronizing object | Ice swept crest.004
Fra:1 Mem:30.39M (Peak 30.39M) | Time:00:00.00 | Mem:0.02M, Peak:0.02M | Scene, ViewLayer | Synchronizing object | Layered shoulder fur
Fra:1 Mem:30.41M (Peak 30.41M) | Time:00:00.00 | Mem:0.02M, Peak:0.02M | Scene, ViewLayer | Synchronizing object | Layered shoulder fur.001
Fra:1 Mem:30.41M (Peak 30.41M) | Time:00:00.00 | Mem:0.02M, Peak:0.02M | Scene, ViewLayer | Synchronizing object | Wrist fur.010
Fra:1 Mem:30.42M (Peak 30.42M) | Time:00:00.00 | Mem:0.02M, Peak:0.02M | Scene, ViewLayer | Synchronizing object | Layered shoulder fur.002
Fra:1 Mem:30.42M (Peak 30.42M) | Time:00:00.00 | Mem:0.02M, Peak:0.02M | Scene, ViewLayer | Synchronizing object | Wrist fur
Fra:1 Mem:30.43M (Peak 30.43M) | Time:00:00.00 | Mem:0.02M, Peak:0.02M | Scene, ViewLayer | Synchronizing object | Wrist fur.001
Fra:1 Mem:30.42M (Peak 30.43M) | Time:00:00.00 | Mem:0.02M, Peak:0.02M | Scene, ViewLayer | Synchronizing object | Wrist fur.002
Fra:1 Mem:30.42M (Peak 30.43M) | Time:00:00.00 | Mem:0.02M, Peak:0.02M | Scene, ViewLayer | Synchronizing object | Layered shoulder fur.004
Fra:1 Mem:30.43M (Peak 30.43M) | Time:00:00.00 | Mem:0.02M, Peak:0.02M | Scene, ViewLayer | Synchronizing object | Layered shoulder fur.005
Fra:1 Mem:30.43M (Peak 30.43M) | Time:00:00.00 | Mem:0.02M, Peak:0.02M | Scene, ViewLayer | Synchronizing object | Wrist fur.003
Fra:1 Mem:30.43M (Peak 30.43M) | Time:00:00.01 | Mem:0.02M, Peak:0.02M | Scene, ViewLayer | Synchronizing object | Wrist fur.004
Fra:1 Mem:30.44M (Peak 30.44M) | Time:00:00.01 | Mem:0.02M, Peak:0.02M | Scene, ViewLayer | Synchronizing object | Wrist fur.005
Fra:1 Mem:30.44M (Peak 30.44M) | Time:00:00.01 | Mem:0.02M, Peak:0.02M | Scene, ViewLayer | Synchronizing object | Layered shoulder fur.006
Fra:1 Mem:30.45M (Peak 30.45M) | Time:00:00.01 | Mem:0.02M, Peak:0.02M | Scene, ViewLayer | Synchronizing object | Layered shoulder fur.007
Fra:1 Mem:30.46M (Peak 30.46M) | Time:00:00.01 | Mem:0.02M, Peak:0.02M | Scene, ViewLayer | Synchronizing object | Layered shoulder fur.008
Fra:1 Mem:30.47M (Peak 30.47M) | Time:00:00.01 | Mem:0.02M, Peak:0.02M | Scene, ViewLayer | Synchronizing object | Wrist fur.006
Fra:1 Mem:30.46M (Peak 30.47M) | Time:00:00.01 | Mem:0.02M, Peak:0.02M | Scene, ViewLayer | Synchronizing object | Wrist fur.008
Fra:1 Mem:30.46M (Peak 30.47M) | Time:00:00.01 | Mem:0.02M, Peak:0.02M | Scene, ViewLayer | Synchronizing object | Layered shoulder fur.009
Fra:1 Mem:30.47M (Peak 30.47M) | Time:00:00.01 | Mem:0.02M, Peak:0.02M | Scene, ViewLayer | Synchronizing object | Layered shoulder fur.010
Fra:1 Mem:30.47M (Peak 30.47M) | Time:00:00.01 | Mem:0.02M, Peak:0.02M | Scene, ViewLayer | Synchronizing object | Layered shoulder fur.011
Fra:1 Mem:30.50M (Peak 30.50M) | Time:00:00.01 | Mem:0.02M, Peak:0.02M | Scene, ViewLayer | Initializing
Fra:1 Mem:28.85M (Peak 30.50M) | Time:00:00.01 | Mem:0.02M, Peak:0.02M | Scene, ViewLayer | Updating Images | Loading Authored short-fur normal
Fra:1 Mem:24.68M (Peak 30.50M) | Time:00:00.01 | Mem:0.27M, Peak:0.27M | Scene, ViewLayer | Waiting for render to start
Fra:1 Mem:24.68M (Peak 30.50M) | Time:00:00.01 | Mem:0.27M, Peak:0.27M | Scene, ViewLayer | Updating Scene
Fra:1 Mem:24.68M (Peak 30.50M) | Time:00:00.01 | Mem:0.27M, Peak:0.27M | Scene, ViewLayer | Updating Shaders
Fra:1 Mem:24.68M (Peak 30.50M) | Time:00:00.01 | Mem:0.27M, Peak:0.27M | Scene, ViewLayer | Loading render kernels (may take a few minutes the first time)
Fra:1 Mem:24.76M (Peak 30.50M) | Time:00:00.06 | Mem:0.28M, Peak:0.28M | Scene, ViewLayer | Updating Procedurals
Fra:1 Mem:24.76M (Peak 30.50M) | Time:00:00.06 | Mem:0.28M, Peak:0.28M | Scene, ViewLayer | Updating Background
Fra:1 Mem:24.76M (Peak 30.50M) | Time:00:00.06 | Mem:0.28M, Peak:0.28M | Scene, ViewLayer | Updating Camera
Fra:1 Mem:24.76M (Peak 30.50M) | Time:00:00.06 | Mem:0.28M, Peak:0.28M | Scene, ViewLayer | Updating Meshes Flags
Fra:1 Mem:24.76M (Peak 30.50M) | Time:00:00.06 | Mem:0.28M, Peak:0.28M | Scene, ViewLayer | Updating Objects
Fra:1 Mem:24.76M (Peak 30.50M) | Time:00:00.06 | Mem:0.28M, Peak:0.28M | Scene, ViewLayer | Updating Objects | Copying Transformations to device
Fra:1 Mem:24.76M (Peak 30.50M) | Time:00:00.06 | Mem:0.31M, Peak:0.31M | Scene, ViewLayer | Updating Particle Systems
Fra:1 Mem:24.76M (Peak 30.50M) | Time:00:00.06 | Mem:0.31M, Peak:0.31M | Scene, ViewLayer | Updating Particle Systems | Copying Particles to device
Fra:1 Mem:24.76M (Peak 30.50M) | Time:00:00.06 | Mem:0.31M, Peak:0.31M | Scene, ViewLayer | Updating Meshes
Fra:1 Mem:25.53M (Peak 30.50M) | Time:00:00.07 | Mem:0.31M, Peak:0.31M | Scene, ViewLayer | Updating Objects | Applying Static Transformations
Fra:1 Mem:25.53M (Peak 30.50M) | Time:00:00.07 | Mem:0.31M, Peak:0.31M | Scene, ViewLayer | Updating Mesh | Computing attributes
Fra:1 Mem:26.61M (Peak 30.50M) | Time:00:00.08 | Mem:0.33M, Peak:0.33M | Scene, ViewLayer | Updating Mesh | Copying Attributes to device
Fra:1 Mem:25.53M (Peak 30.50M) | Time:00:00.19 | Mem:1.42M, Peak:1.42M | Scene, ViewLayer | Updating Geometry BVH ribcage 2/50 | Building BVH
Fra:1 Mem:25.53M (Peak 30.50M) | Time:00:00.19 | Mem:1.42M, Peak:1.42M | Scene, ViewLayer | Updating Geometry BVH Paw toe.002 7/109 | Building BVH
Fra:1 Mem:25.53M (Peak 30.50M) | Time:00:00.19 | Mem:1.42M, Peak:1.42M | Scene, ViewLayer | Updating Geometry BVH Ivory claw.002 8/109 | Building BVH
Fra:1 Mem:25.53M (Peak 30.50M) | Time:00:00.19 | Mem:1.42M, Peak:1.42M | Scene, ViewLayer | Updating Geometry BVH Warm rim 109/109 | Building BVH
Fra:1 Mem:25.53M (Peak 30.50M) | Time:00:00.19 | Mem:1.42M, Peak:1.42M | Scene, ViewLayer | Updating Geometry BVH Warm rim 109/109 | Building mesh BLAS |     192 tris | Paw toe
Fra:1 Mem:25.53M (Peak 30.50M) | Time:00:00.19 | Mem:1.42M, Peak:1.42M | Scene, ViewLayer | Updating Geometry BVH Warm rim 109/109 | Building mesh BLAS |     192 tris | Paw toe.001
Fra:1 Mem:25.53M (Peak 30.50M) | Time:00:00.19 | Mem:1.42M, Peak:1.42M | Scene, ViewLayer | Updating Geometry BVH Warm rim 109/109 | Building mesh BLAS |      32 tris | Ivory claw.001
Fra:1 Mem:25.53M (Peak 30.50M) | Time:00:00.19 | Mem:1.42M, Peak:1.42M | Scene, ViewLayer | Updating Geometry BVH Warm rim 109/109 | Building mesh BLAS |      32 tris | Ivory claw
Fra:1 Mem:25.53M (Peak 30.50M) | Time:00:00.19 | Mem:1.42M, Peak:1.42M | Scene, ViewLayer | Updating Geometry BVH Sky fill 108/109 | Building BVH
Fra:1 Mem:25.53M (Peak 30.50M) | Time:00:00.19 | Mem:1.42M, Peak:1.42M | Scene, ViewLayer | Updating Geometry BVH Sky fill 108/109 | Building mesh BLAS |      32 tris | Ivory claw.002
Fra:1 Mem:25.53M (Peak 30.50M) | Time:00:00.19 | Mem:1.42M, Peak:1.42M | Scene, ViewLayer | Updating Geometry BVH Paw toe.003 9/109 | Building BVH
Fra:1 Mem:25.53M (Peak 30.50M) | Time:00:00.19 | Mem:1.42M, Peak:1.42M | Scene, ViewLayer | Updating Geometry BVH Ivory claw.003 10/109 | Building BVH
Fra:1 Mem:25.53M (Peak 30.50M) | Time:00:00.19 | Mem:1.42M, Peak:1.42M | Scene, ViewLayer | Updating Geometry BVH Ivory claw.003 10/109 | Building mesh BLAS |      32 tris | Ivory claw.003
Fra:1 Mem:25.53M (Peak 30.50M) | Time:00:00.19 | Mem:1.42M, Peak:1.42M | Scene, ViewLayer | Updating Geometry BVH Paw toe.004 11/109 | Building BVH
Fra:1 Mem:25.53M (Peak 30.50M) | Time:00:00.19 | Mem:1.42M, Peak:1.42M | Scene, ViewLayer | Updating Geometry BVH Paw toe.004 11/109 | Building mesh BLAS |     192 tris | Paw toe.004
Fra:1 Mem:25.53M (Peak 30.50M) | Time:00:00.19 | Mem:1.42M, Peak:1.42M | Scene, ViewLayer | Updating Geometry BVH Ivory claw.004 12/109 | Building BVH
Fra:1 Mem:25.53M (Peak 30.50M) | Time:00:00.19 | Mem:1.42M, Peak:1.42M | Scene, ViewLayer | Updating Geometry BVH Ivory claw.004 12/109 | Building mesh BLAS |      32 tris | Ivory claw.004
Fra:1 Mem:25.53M (Peak 30.50M) | Time:00:00.19 | Mem:1.42M, Peak:1.42M | Scene, ViewLayer | Updating Geometry BVH Paw toe.005 13/109 | Building BVH
Fra:1 Mem:25.53M (Peak 30.50M) | Time:00:00.19 | Mem:1.42M, Peak:1.42M | Scene, ViewLayer | Updating Geometry BVH Paw toe.005 13/109 | Building mesh BLAS |     192 tris | Paw toe.005
Fra:1 Mem:25.53M (Peak 30.50M) | Time:00:00.19 | Mem:1.42M, Peak:1.42M | Scene, ViewLayer | Updating Geometry BVH Ivory claw.005 14/109 | Building BVH
Fra:1 Mem:25.53M (Peak 30.50M) | Time:00:00.19 | Mem:1.42M, Peak:1.42M | Scene, ViewLayer | Updating Geometry BVH Ivory claw.005 14/109 | Building mesh BLAS |      32 tris | Ivory claw.005
Fra:1 Mem:25.53M (Peak 30.50M) | Time:00:00.19 | Mem:1.42M, Peak:1.42M | Scene, ViewLayer | Updating Geometry BVH Sunset key 107/109 | Building BVH
Fra:1 Mem:25.53M (Peak 30.50M) | Time:00:00.19 | Mem:1.42M, Peak:1.42M | Scene, ViewLayer | Updating Geometry BVH Plane 106/109 | Building BVH
Fra:1 Mem:25.53M (Peak 30.50M) | Time:00:00.19 | Mem:1.42M, Peak:1.42M | Scene, ViewLayer | Updating Geometry BVH Plane 106/109 | Building mesh BLAS |       2 tris | Plane
Fra:1 Mem:25.53M (Peak 30.50M) | Time:00:00.19 | Mem:1.42M, Peak:1.42M | Scene, ViewLayer | Updating Geometry BVH Paw toe.006 15/109 | Building BVH
Fra:1 Mem:25.53M (Peak 30.50M) | Time:00:00.19 | Mem:1.42M, Peak:1.42M | Scene, ViewLayer | Updating Geometry BVH Paw toe.006 15/109 | Building mesh BLAS |     192 tris | Paw toe.006
Fra:1 Mem:25.53M (Peak 30.50M) | Time:00:00.19 | Mem:1.42M, Peak:1.42M | Scene, ViewLayer | Updating Geometry BVH Ivory claw.006 16/109 | Building BVH
Fra:1 Mem:25.53M (Peak 30.50M) | Time:00:00.19 | Mem:1.42M, Peak:1.42M | Scene, ViewLayer | Updating Geometry BVH Ivory claw.006 16/109 | Building mesh BLAS |      32 tris | Ivory claw.006
Fra:1 Mem:25.53M (Peak 30.50M) | Time:00:00.19 | Mem:1.42M, Peak:1.42M | Scene, ViewLayer | Updating Geometry BVH Ivory claw.006 16/109 | Building mesh BLAS |     192 tris | Paw toe.003
Fra:1 Mem:25.53M (Peak 30.50M) | Time:00:00.19 | Mem:1.42M, Peak:1.42M | Scene, ViewLayer | Updating Geometry BVH Paw toe.007 17/109 | Building BVH
Fra:1 Mem:25.53M (Peak 30.50M) | Time:00:00.19 | Mem:1.42M, Peak:1.42M | Scene, ViewLayer | Updating Geometry BVH Ivory claw.007 18/109 | Building BVH
Fra:1 Mem:25.53M (Peak 30.50M) | Time:00:00.19 | Mem:1.42M, Peak:1.42M | Scene, ViewLayer | Updating Geometry BVH Ivory claw.007 18/109 | Building mesh BLAS |     192 tris | Paw toe.007
Fra:1 Mem:25.53M (Peak 30.50M) | Time:00:00.19 | Mem:1.42M, Peak:1.42M | Scene, ViewLayer | Updating Geometry BVH Ivory claw.007 18/109 | Building mesh BLAS |      32 tris | Ivory claw.007
Fra:1 Mem:25.53M (Peak 30.50M) | Time:00:00.19 | Mem:1.42M, Peak:1.42M | Scene, ViewLayer | Updating Geometry BVH Raised elemental crest 105/109 | Building BVH
Fra:1 Mem:25.53M (Peak 30.50M) | Time:00:00.19 | Mem:1.42M, Peak:1.42M | Scene, ViewLayer | Updating Geometry BVH Raised elemental crest 105/109 | Building mesh BLAS |      26 tris | Raised elemental crest
Fra:1 Mem:25.53M (Peak 30.50M) | Time:00:00.19 | Mem:1.42M, Peak:1.42M | Scene, ViewLayer | Updating Geometry BVH Paw toe.008 19/109 | Building BVH
Fra:1 Mem:25.53M (Peak 30.50M) | Time:00:00.19 | Mem:1.42M, Peak:1.42M | Scene, ViewLayer | Updating Geometry BVH Paw toe.008 19/109 | Building mesh BLAS |     192 tris | Paw toe.008
Fra:1 Mem:25.53M (Peak 30.50M) | Time:00:00.19 | Mem:1.42M, Peak:1.42M | Scene, ViewLayer | Updating Geometry BVH Brass crest clasp 104/109 | Building BVH
Fra:1 Mem:25.53M (Peak 30.50M) | Time:00:00.19 | Mem:1.42M, Peak:1.42M | Scene, ViewLayer | Updating Geometry BVH Brass crest clasp 104/109 | Building mesh BLAS |     320 tris | Brass crest clasp
Fra:1 Mem:25.53M (Peak 30.50M) | Time:00:00.19 | Mem:1.42M, Peak:1.42M | Scene, ViewLayer | Updating Geometry BVH Ivory claw.008 20/109 | Building BVH
Fra:1 Mem:25.53M (Peak 30.50M) | Time:00:00.19 | Mem:1.42M, Peak:1.42M | Scene, ViewLayer | Updating Geometry BVH Paw toe.009 21/109 | Building BVH
Fra:1 Mem:25.53M (Peak 30.50M) | Time:00:00.19 | Mem:1.42M, Peak:1.42M | Scene, ViewLayer | Updating Geometry BVH Paw toe.009 21/109 | Building mesh BLAS |     192 tris | Paw toe.009
Fra:1 Mem:25.53M (Peak 30.50M) | Time:00:00.19 | Mem:1.42M, Peak:1.42M | Scene, ViewLayer | Updating Geometry BVH Ivory claw.009 22/109 | Building BVH
Fra:1 Mem:25.53M (Peak 30.50M) | Time:00:00.19 | Mem:1.42M, Peak:1.42M | Scene, ViewLayer | Updating Geometry BVH Ivory claw.009 22/109 | Building mesh BLAS |      32 tris | Ivory claw.009
Fra:1 Mem:25.53M (Peak 30.50M) | Time:00:00.19 | Mem:1.42M, Peak:1.42M | Scene, ViewLayer | Updating Geometry BVH Paw toe.010 23/109 | Building BVH
Fra:1 Mem:25.53M (Peak 30.50M) | Time:00:00.19 | Mem:1.42M, Peak:1.42M | Scene, ViewLayer | Updating Geometry BVH Paw toe.010 23/109 | Building mesh BLAS |     192 tris | Paw toe.010
Fra:1 Mem:25.53M (Peak 30.50M) | Time:00:00.19 | Mem:1.42M, Peak:1.42M | Scene, ViewLayer | Updating Geometry BVH Neckerchief folded point 103/109 | Building BVH
Fra:1 Mem:25.53M (Peak 30.50M) | Time:00:00.19 | Mem:1.42M, Peak:1.42M | Scene, ViewLayer | Updating Geometry BVH Neckerchief folded point 103/109 | Building mesh BLAS |       4 tris | Neckerchief folded point
Fra:1 Mem:25.53M (Peak 30.50M) | Time:00:00.19 | Mem:1.42M, Peak:1.42M | Scene, ViewLayer | Updating Geometry BVH Ivory claw.010 24/109 | Building BVH
Fra:1 Mem:25.53M (Peak 30.50M) | Time:00:00.19 | Mem:1.42M, Peak:1.42M | Scene, ViewLayer | Updating Geometry BVH Ivory claw.010 24/109 | Building mesh BLAS |      32 tris | Ivory claw.010
Fra:1 Mem:25.53M (Peak 30.50M) | Time:00:00.19 | Mem:1.42M, Peak:1.42M | Scene, ViewLayer | Updating Geometry BVH Paw toe.011 25/109 | Building BVH
Fra:1 Mem:25.53M (Peak 30.50M) | Time:00:00.19 | Mem:1.42M, Peak:1.42M | Scene, ViewLayer | Updating Geometry BVH Paw toe.011 25/109 | Building mesh BLAS |     192 tris | Paw toe.011
Fra:1 Mem:25.53M (Peak 30.50M) | Time:00:00.19 | Mem:1.42M, Peak:1.42M | Scene, ViewLayer | Updating Geometry BVH Ivory claw.011 26/109 | Building BVH
Fra:1 Mem:25.53M (Peak 30.50M) | Time:00:00.19 | Mem:1.42M, Peak:1.42M | Scene, ViewLayer | Updating Geometry BVH Leather neckerchief roll 102/109 | Building BVH
Fra:1 Mem:25.53M (Peak 30.50M) | Time:00:00.19 | Mem:1.42M, Peak:1.42M | Scene, ViewLayer | Updating Geometry BVH Leather neckerchief roll 102/109 | Building mesh BLAS |      76 tris | Leather neckerchief roll
Fra:1 Mem:25.53M (Peak 30.50M) | Time:00:00.19 | Mem:1.42M, Peak:1.42M | Scene, ViewLayer | Updating Geometry BVH Skull 27/109 | Building BVH
Fra:1 Mem:25.53M (Peak 30.50M) | Time:00:00.19 | Mem:1.42M, Peak:1.42M | Scene, ViewLayer | Updating Geometry BVH Frost muzzle 28/109 | Building BVH
Fra:1 Mem:25.53M (Peak 30.50M) | Time:00:00.19 | Mem:1.42M, Peak:1.42M | Scene, ViewLayer | Updating Geometry BVH Frost muzzle 28/109 | Building mesh BLAS |     480 tris | Frost muzzle
Fra:1 Mem:25.53M (Peak 30.50M) | Time:00:00.19 | Mem:1.42M, Peak:1.42M | Scene, ViewLayer | Updating Geometry BVH Heart shaped nose 29/109 | Building BVH
Fra:1 Mem:25.53M (Peak 30.50M) | Time:00:00.19 | Mem:1.42M, Peak:1.42M | Scene, ViewLayer | Updating Geometry BVH Heart shaped nose 29/109 | Building mesh BLAS |       6 tris | Heart shaped nose
Fra:1 Mem:25.53M (Peak 30.50M) | Time:00:00.19 | Mem:1.42M, Peak:1.42M | Scene, ViewLayer | Updating Geometry BVH Eye socket 30/109 | Building BVH
Fra:1 Mem:25.53M (Peak 30.50M) | Time:00:00.19 | Mem:1.42M, Peak:1.42M | Scene, ViewLayer | Updating Geometry BVH Ivory eye 31/109 | Building mesh BLAS |     480 tris | Eye socket
Fra:1 Mem:25.53M (Peak 30.50M) | Time:00:00.19 | Mem:1.42M, Peak:1.42M | Scene, ViewLayer | Updating Geometry BVH Ivory eye 31/109 | Building mesh BLAS |     480 tris | Ivory eye
Fra:1 Mem:25.53M (Peak 30.50M) | Time:00:00.19 | Mem:1.42M, Peak:1.42M | Scene, ViewLayer | Updating Geometry BVH Iris 32/109 | Building BVH
Fra:1 Mem:25.53M (Peak 30.50M) | Time:00:00.19 | Mem:1.42M, Peak:1.42M | Scene, ViewLayer | Updating Geometry BVH Pupil 33/109 | Building BVH
Fra:1 Mem:25.53M (Peak 30.50M) | Time:00:00.19 | Mem:1.42M, Peak:1.42M | Scene, ViewLayer | Updating Geometry BVH Pupil 33/109 | Building mesh BLAS |     480 tris | Iris
Fra:1 Mem:25.53M (Peak 30.50M) | Time:00:00.19 | Mem:1.42M, Peak:1.42M | Scene, ViewLayer | Updating Geometry BVH Articulated tail 101/109 | Building BVH
Fra:1 Mem:25.53M (Peak 30.50M) | Time:00:00.19 | Mem:1.42M, Peak:1.42M | Scene, ViewLayer | Updating Geometry BVH Articulated tail 101/109 | Building mesh BLAS |     268 tris | Articulated tail
Fra:1 Mem:25.53M (Peak 30.50M) | Time:00:00.19 | Mem:1.42M, Peak:1.42M | Scene, ViewLayer | Updating Geometry BVH Eye glint 34/109 | Building BVH
Fra:1 Mem:25.53M (Peak 30.50M) | Time:00:00.19 | Mem:1.42M, Peak:1.42M | Scene, ViewLayer | Updating Geometry BVH Eye glint 34/109 | Building mesh BLAS |     192 tris | Eye glint
Fra:1 Mem:25.53M (Peak 30.50M) | Time:00:00.19 | Mem:1.42M, Peak:1.42M | Scene, ViewLayer | Updating Geometry BVH Expressive brow 35/109 | Building BVH
Fra:1 Mem:25.53M (Peak 30.50M) | Time:00:00.19 | Mem:1.42M, Peak:1.42M | Scene, ViewLayer | Updating Geometry BVH Wrist fur.011 100/109 | Building BVH
Fra:1 Mem:25.53M (Peak 30.50M) | Time:00:00.19 | Mem:1.42M, Peak:1.42M | Scene, ViewLayer | Updating Geometry BVH Smiling mouth 36/109 | Building BVH
Fra:1 Mem:25.53M (Peak 30.50M) | Time:00:00.20 | Mem:1.42M, Peak:1.42M | Scene, ViewLayer | Updating Geometry BVH Smiling mouth 36/109 | Building mesh BLAS |      32 tris | Smiling mouth
Fra:1 Mem:25.53M (Peak 30.50M) | Time:00:00.20 | Mem:1.42M, Peak:1.42M | Scene, ViewLayer | Updating Geometry BVH Smiling mouth 36/109 | Building mesh BLAS |      44 tris | Wrist fur.011
Fra:1 Mem:25.53M (Peak 30.50M) | Time:00:00.20 | Mem:1.42M, Peak:1.42M | Scene, ViewLayer | Updating Geometry BVH Whisker pore 37/109 | Building BVH
Fra:1 Mem:25.53M (Peak 30.50M) | Time:00:00.20 | Mem:1.42M, Peak:1.42M | Scene, ViewLayer | Updating Geometry BVH Whisker pore 37/109 | Building mesh BLAS |      64 tris | Whisker pore
Fra:1 Mem:25.53M (Peak 30.50M) | Time:00:00.20 | Mem:1.42M, Peak:1.42M | Scene, ViewLayer | Updating Geometry BVH Whisker pore.001 38/109 | Building BVH
Fra:1 Mem:25.53M (Peak 30.50M) | Time:00:00.20 | Mem:1.42M, Peak:1.42M | Scene, ViewLayer | Updating Geometry BVH Whisker pore.001 38/109 | Building mesh BLAS |      64 tris | Whisker pore.001
Fra:1 Mem:25.53M (Peak 30.50M) | Time:00:00.20 | Mem:1.42M, Peak:1.42M | Scene, ViewLayer | Updating Geometry BVH Whisker pore.002 39/109 | Building BVH
Fra:1 Mem:25.53M (Peak 30.50M) | Time:00:00.20 | Mem:1.42M, Peak:1.42M | Scene, ViewLayer | Updating Geometry BVH Eye socket.001 40/109 | Building BVH
Fra:1 Mem:25.53M (Peak 30.50M) | Time:00:00.20 | Mem:1.42M, Peak:1.42M | Scene, ViewLayer | Updating Geometry BVH Eye socket.001 40/109 | Building mesh BLAS |      64 tris | Whisker pore.002
Fra:1 Mem:25.53M (Peak 30.50M) | Time:00:00.20 | Mem:1.42M, Peak:1.42M | Scene, ViewLayer | Updating Geometry BVH Eye socket.001 40/109 | Building mesh BLAS |     480 tris | Eye socket.001
Fra:1 Mem:25.53M (Peak 30.50M) | Time:00:00.20 | Mem:1.42M, Peak:1.42M | Scene, ViewLayer | Updating Geometry BVH Ivory eye.001 41/109 | Building BVH
Fra:1 Mem:25.53M (Peak 30.50M) | Time:00:00.20 | Mem:1.42M, Peak:1.42M | Scene, ViewLayer | Updating Geometry BVH Ivory eye.001 41/109 | Building mesh BLAS |     480 tris | Ivory eye.001
Fra:1 Mem:25.53M (Peak 30.50M) | Time:00:00.20 | Mem:1.42M, Peak:1.42M | Scene, ViewLayer | Updating Geometry BVH Iris.001 42/109 | Building BVH
Fra:1 Mem:25.53M (Peak 30.50M) | Time:00:00.20 | Mem:1.42M, Peak:1.42M | Scene, ViewLayer | Updating Geometry BVH Iris.001 42/109 | Building mesh BLAS |     480 tris | Iris.001
Fra:1 Mem:25.53M (Peak 30.50M) | Time:00:00.20 | Mem:1.42M, Peak:1.42M | Scene, ViewLayer | Updating Geometry BVH Pupil.001 43/109 | Building BVH
Fra:1 Mem:25.53M (Peak 30.50M) | Time:00:00.20 | Mem:1.42M, Peak:1.42M | Scene, ViewLayer | Updating Geometry BVH Pupil.001 43/109 | Building mesh BLAS |     320 tris | Pupil.001
Fra:1 Mem:25.53M (Peak 30.50M) | Time:00:00.20 | Mem:1.42M, Peak:1.42M | Scene, ViewLayer | Updating Geometry BVH Eye glint.001 44/109 | Building BVH
Fra:1 Mem:25.53M (Peak 30.50M) | Time:00:00.20 | Mem:1.42M, Peak:1.42M | Scene, ViewLayer | Updating Geometry BVH Eye glint.001 44/109 | Building mesh BLAS |     192 tris | Eye glint.001
Fra:1 Mem:25.53M (Peak 30.50M) | Time:00:00.20 | Mem:1.42M, Peak:1.42M | Scene, ViewLayer | Updating Geometry BVH Expressive brow.001 45/109 | Building BVH
Fra:1 Mem:25.53M (Peak 30.50M) | Time:00:00.20 | Mem:1.42M, Peak:1.42M | Scene, ViewLayer | Updating Geometry BVH Expressive brow.001 45/109 | Building mesh BLAS |      44 tris | Expressive brow.001
Fra:1 Mem:25.53M (Peak 30.50M) | Time:00:00.20 | Mem:1.42M, Peak:1.42M | Scene, ViewLayer | Updating Geometry BVH Smiling mouth.001 46/109 | Building BVH
Fra:1 Mem:25.53M (Peak 30.50M) | Time:00:00.20 | Mem:1.42M, Peak:1.42M | Scene, ViewLayer | Updating Geometry BVH Whisker pore.003 47/109 | Building BVH
Fra:1 Mem:25.53M (Peak 30.50M) | Time:00:00.20 | Mem:1.42M, Peak:1.42M | Scene, ViewLayer | Updating Geometry BVH Wrist fur.010 99/109 | Building BVH
Fra:1 Mem:25.53M (Peak 30.50M) | Time:00:00.20 | Mem:1.42M, Peak:1.42M | Scene, ViewLayer | Updating Geometry BVH Whisker pore.005 49/109 | Building mesh BLAS |      64 tris | Whisker pore.003
Fra:1 Mem:25.53M (Peak 30.50M) | Time:00:00.20 | Mem:1.42M, Peak:1.42M | Scene, ViewLayer | Updating Geometry BVH Lower jaw 50/109 | Building BVH
Fra:1 Mem:25.53M (Peak 30.50M) | Time:00:00.20 | Mem:1.42M, Peak:1.42M | Scene, ViewLayer | Updating Geometry BVH Lower jaw 50/109 | Building mesh BLAS |     400 tris | Lower jaw
Fra:1 Mem:25.53M (Peak 30.50M) | Time:00:00.20 | Mem:1.42M, Peak:1.42M | Scene, ViewLayer | Updating Geometry BVH Lower jaw 50/109 | Building mesh BLAS |      64 tris | Whisker pore.004
Fra:1 Mem:25.53M (Peak 30.50M) | Time:00:00.20 | Mem:1.42M, Peak:1.42M | Scene, ViewLayer | Updating Geometry BVH Connected inner mouth sleeve 51/109 | Building BVH
Fra:1 Mem:25.53M (Peak 30.50M) | Time:00:00.20 | Mem:1.42M, Peak:1.42M | Scene, ViewLayer | Updating Geometry BVH Connected inner mouth sleeve 51/109 | Building mesh BLAS |      90 tris | Connected inner mouth sleeve
Fra:1 Mem:25.53M (Peak 30.50M) | Time:00:00.20 | Mem:1.42M, Peak:1.42M | Scene, ViewLayer | Updating Geometry BVH Upper palate 52/109 | Building BVH
Fra:1 Mem:25.53M (Peak 30.50M) | Time:00:00.20 | Mem:1.42M, Peak:1.42M | Scene, ViewLayer | Updating Geometry BVH Upper palate 52/109 | Building mesh BLAS |      22 tris | Upper palate
Fra:1 Mem:25.53M (Peak 30.50M) | Time:00:00.20 | Mem:1.42M, Peak:1.42M | Scene, ViewLayer | Updating Geometry BVH Wrist fur.009 98/109 | Building BVH
Fra:1 Mem:25.53M (Peak 30.50M) | Time:00:00.20 | Mem:1.42M, Peak:1.42M | Scene, ViewLayer | Updating Geometry BVH Wrist fur.009 98/109 | Building mesh BLAS |      44 tris | Wrist fur.009
Fra:1 Mem:25.53M (Peak 30.50M) | Time:00:00.20 | Mem:1.42M, Peak:1.42M | Scene, ViewLayer | Updating Geometry BVH Mandible floor 53/109 | Building BVH
Fra:1 Mem:25.53M (Peak 30.50M) | Time:00:00.20 | Mem:1.42M, Peak:1.42M | Scene, ViewLayer | Updating Geometry BVH Mandible floor 53/109 | Building mesh BLAS |      22 tris | Mandible floor
Fra:1 Mem:25.53M (Peak 30.50M) | Time:00:00.20 | Mem:1.42M, Peak:1.42M | Scene, ViewLayer | Updating Geometry BVH Connected outer cheek 54/109 | Building BVH
Fra:1 Mem:25.53M (Peak 30.50M) | Time:00:00.20 | Mem:1.42M, Peak:1.42M | Scene, ViewLayer | Updating Geometry BVH Connected outer cheek 54/109 | Building mesh BLAS |      24 tris | Connected outer cheek
Fra:1 Mem:25.53M (Peak 30.50M) | Time:00:00.20 | Mem:1.42M, Peak:1.42M | Scene, ViewLayer | Updating Geometry BVH Connected outer cheek.001 55/109 | Building BVH
Fra:1 Mem:25.53M (Peak 30.50M) | Time:00:00.20 | Mem:1.42M, Peak:1.42M | Scene, ViewLayer | Updating Geometry BVH Connected outer cheek.001 55/109 | Building mesh BLAS |      24 tris | Connected outer cheek.001
Fra:1 Mem:25.53M (Peak 30.50M) | Time:00:00.20 | Mem:1.42M, Peak:1.42M | Scene, ViewLayer | Updating Geometry BVH Howl tongue 56/109 | Building BVH
Fra:1 Mem:25.53M (Peak 30.50M) | Time:00:00.20 | Mem:1.42M, Peak:1.42M | Scene, ViewLayer | Updating Geometry BVH Layered shoulder fur.011 97/109 | Building mesh BLAS |     256 tris | Howl tongue
Fra:1 Mem:25.53M (Peak 30.50M) | Time:00:00.20 | Mem:1.42M, Peak:1.42M | Scene, ViewLayer | Updating Geometry BVH Lower canine 57/109 | Building BVH
Fra:1 Mem:25.53M (Peak 30.50M) | Time:00:00.20 | Mem:1.42M, Peak:1.42M | Scene, ViewLayer | Updating Geometry BVH Lower canine 57/109 | Building mesh BLAS |      38 tris | Lower canine
Fra:1 Mem:25.53M (Peak 30.50M) | Time:00:00.20 | Mem:1.42M, Peak:1.42M | Scene, ViewLayer | Updating Geometry BVH Lower canine 57/109 | Building mesh BLAS |      44 tris | Layered shoulder fur.011
Fra:1 Mem:25.53M (Peak 30.50M) | Time:00:00.20 | Mem:1.42M, Peak:1.42M | Scene, ViewLayer | Updating Geometry BVH Lower canine.001 58/109 | Building BVH
Fra:1 Mem:25.53M (Peak 30.50M) | Time:00:00.20 | Mem:1.42M, Peak:1.42M | Scene, ViewLayer | Updating Geometry BVH Lower canine.001 58/109 | Building mesh BLAS |      38 tris | Lower canine.001
Fra:1 Mem:25.53M (Peak 30.50M) | Time:00:00.20 | Mem:1.42M, Peak:1.42M | Scene, ViewLayer | Updating Geometry BVH Pointed species ear 59/109 | Building BVH
Fra:1 Mem:25.53M (Peak 30.50M) | Time:00:00.20 | Mem:1.42M, Peak:1.42M | Scene, ViewLayer | Updating Geometry BVH Inner ear 60/109 | Building BVH
Fra:1 Mem:25.53M (Peak 30.50M) | Time:00:00.20 | Mem:1.42M, Peak:1.42M | Scene, ViewLayer | Updating Geometry BVH Layered shoulder fur.010 96/109 | Building BVH
Fra:1 Mem:25.53M (Peak 30.50M) | Time:00:00.20 | Mem:1.42M, Peak:1.42M | Scene, ViewLayer | Updating Geometry BVH Swept cheek ruff.002 65/109 | Building BVH
Fra:1 Mem:25.53M (Peak 30.50M) | Time:00:00.20 | Mem:1.42M, Peak:1.42M | Scene, ViewLayer | Updating Geometry BVH Swept cheek ruff.002 65/109 | Building mesh BLAS |      44 tris | Layered shoulder fur.010
Fra:1 Mem:25.53M (Peak 30.50M) | Time:00:00.20 | Mem:1.42M, Peak:1.42M | Scene, ViewLayer | Updating Geometry BVH Swept cheek ruff.002 65/109 | Building mesh BLAS |      44 tris | Swept cheek ruff.002
Fra:1 Mem:25.53M (Peak 30.50M) | Time:00:00.20 | Mem:1.42M, Peak:1.42M | Scene, ViewLayer | Updating Geometry BVH Swept cheek ruff.002 65/109 | Building mesh BLAS |      44 tris | Swept cheek ruff
Fra:1 Mem:25.53M (Peak 30.50M) | Time:00:00.20 | Mem:1.42M, Peak:1.42M | Scene, ViewLayer | Updating Geometry BVH Swept cheek ruff.002 65/109 | Building mesh BLAS |      44 tris | Swept cheek ruff.001
Fra:1 Mem:25.53M (Peak 30.50M) | Time:00:00.20 | Mem:1.42M, Peak:1.42M | Scene, ViewLayer | Updating Geometry BVH Swept cheek ruff.002 65/109 | Building mesh BLAS |       3 tris | Inner ear.001
Fra:1 Mem:25.53M (Peak 30.50M) | Time:00:00.20 | Mem:1.42M, Peak:1.42M | Scene, ViewLayer | Updating Geometry BVH Swept cheek ruff.002 65/109 | Building mesh BLAS |       6 tris | Pointed species ear.001
Fra:1 Mem:25.53M (Peak 30.50M) | Time:00:00.20 | Mem:1.42M, Peak:1.42M | Scene, ViewLayer | Updating Geometry BVH Swept cheek ruff.003 66/109 | Building BVH
Fra:1 Mem:25.53M (Peak 30.50M) | Time:00:00.20 | Mem:1.42M, Peak:1.42M | Scene, ViewLayer | Updating Geometry BVH Layered shoulder fur.009 95/109 | Building BVH
Fra:1 Mem:25.53M (Peak 30.50M) | Time:00:00.20 | Mem:1.42M, Peak:1.42M | Scene, ViewLayer | Updating Geometry BVH Swept cheek ruff.004 67/109 | Building BVH
Fra:1 Mem:25.53M (Peak 30.50M) | Time:00:00.20 | Mem:1.42M, Peak:1.42M | Scene, ViewLayer | Updating Geometry BVH Swept cheek ruff.004 67/109 | Building mesh BLAS |      44 tris | Layered shoulder fur.009
Fra:1 Mem:25.53M (Peak 30.50M) | Time:00:00.20 | Mem:1.42M, Peak:1.42M | Scene, ViewLayer | Updating Geometry BVH Swept cheek ruff.004 67/109 | Building mesh BLAS |      44 tris | Swept cheek ruff.004
Fra:1 Mem:25.53M (Peak 30.50M) | Time:00:00.20 | Mem:1.42M, Peak:1.42M | Scene, ViewLayer | Updating Geometry BVH Swept cheek ruff.005 68/109 | Building BVH
Fra:1 Mem:25.53M (Peak 30.50M) | Time:00:00.20 | Mem:1.42M, Peak:1.42M | Scene, ViewLayer | Updating Geometry BVH Swept cheek ruff.005 68/109 | Building mesh BLAS |      44 tris | Swept cheek ruff.005
Fra:1 Mem:25.53M (Peak 30.50M) | Time:00:00.20 | Mem:1.42M, Peak:1.42M | Scene, ViewLayer | Updating Geometry BVH Swept cheek ruff.006 69/109 | Building BVH
Fra:1 Mem:25.53M (Peak 30.50M) | Time:00:00.20 | Mem:1.42M, Peak:1.42M | Scene, ViewLayer | Updating Geometry BVH Swept cheek ruff.006 69/109 | Building mesh BLAS |      44 tris | Swept cheek ruff.006
Fra:1 Mem:25.53M (Peak 30.50M) | Time:00:00.20 | Mem:1.42M, Peak:1.42M | Scene, ViewLayer | Updating Geometry BVH Swept cheek ruff.007 70/109 | Building BVH
Fra:1 Mem:25.53M (Peak 30.50M) | Time:00:00.20 | Mem:1.42M, Peak:1.42M | Scene, ViewLayer | Updating Geometry BVH Swept cheek ruff.007 70/109 | Building mesh BLAS |      44 tris | Swept cheek ruff.007
Fra:1 Mem:25.53M (Peak 30.50M) | Time:00:00.20 | Mem:1.42M, Peak:1.42M | Scene, ViewLayer | Updating Geometry BVH Ice swept crest 71/109 | Building BVH
Fra:1 Mem:25.53M (Peak 30.50M) | Time:00:00.20 | Mem:1.42M, Peak:1.42M | Scene, ViewLayer | Updating Geometry BVH Ice swept crest 71/109 | Building mesh BLAS |      44 tris | Ice swept crest
Fra:1 Mem:25.53M (Peak 30.50M) | Time:00:00.20 | Mem:1.42M, Peak:1.42M | Scene, ViewLayer | Updating Geometry BVH Ice swept crest.001 72/109 | Building BVH
Fra:1 Mem:25.53M (Peak 30.50M) | Time:00:00.20 | Mem:1.42M, Peak:1.42M | Scene, ViewLayer | Updating Geometry BVH Ice swept crest.001 72/109 | Building mesh BLAS |      44 tris | Ice swept crest.001
Fra:1 Mem:25.53M (Peak 30.50M) | Time:00:00.20 | Mem:1.43M, Peak:1.43M | Scene, ViewLayer | Updating Geometry BVH Wrist fur.008 94/109 | Building BVH
Fra:1 Mem:25.53M (Peak 30.50M) | Time:00:00.20 | Mem:1.43M, Peak:1.43M | Scene, ViewLayer | Updating Geometry BVH Wrist fur.008 94/109 | Building mesh BLAS |      44 tris | Wrist fur.008
Fra:1 Mem:25.53M (Peak 30.50M) | Time:00:00.20 | Mem:1.43M, Peak:1.43M | Scene, ViewLayer | Updating Geometry BVH Ice swept crest.002 73/109 | Building BVH
Fra:1 Mem:25.53M (Peak 30.50M) | Time:00:00.20 | Mem:1.43M, Peak:1.43M | Scene, ViewLayer | Updating Geometry BVH Ice swept crest.002 73/109 | Building mesh BLAS |      44 tris | Ice swept crest.002
Fra:1 Mem:25.53M (Peak 30.50M) | Time:00:00.20 | Mem:1.43M, Peak:1.43M | Scene, ViewLayer | Updating Geometry BVH Ice swept crest.003 74/109 | Building BVH
Fra:1 Mem:25.53M (Peak 30.50M) | Time:00:00.20 | Mem:1.43M, Peak:1.43M | Scene, ViewLayer | Updating Geometry BVH Ice swept crest.004 75/109 | Building mesh BLAS |      44 tris | Ice swept crest.003
Fra:1 Mem:25.53M (Peak 30.50M) | Time:00:00.20 | Mem:1.43M, Peak:1.43M | Scene, ViewLayer | Updating Geometry BVH Ice swept crest.005 76/109 | Building BVH
Fra:1 Mem:25.53M (Peak 30.50M) | Time:00:00.20 | Mem:1.43M, Peak:1.43M | Scene, ViewLayer | Updating Geometry BVH Ice swept crest.005 76/109 | Building mesh BLAS |      44 tris | Ice swept crest.005
Fra:1 Mem:25.53M (Peak 30.50M) | Time:00:00.20 | Mem:1.63M, Peak:1.63M | Scene, ViewLayer | Updating Geometry BVH Ice swept crest.005 76/109 | Building mesh BLAS |      44 tris | Ice swept crest.004
Fra:1 Mem:25.53M (Peak 30.50M) | Time:00:00.20 | Mem:1.63M, Peak:1.63M | Scene, ViewLayer | Updating Geometry BVH Layered shoulder fur 77/109 | Building BVH
Fra:1 Mem:25.53M (Peak 30.50M) | Time:00:00.20 | Mem:1.64M, Peak:1.64M | Scene, ViewLayer | Updating Geometry BVH Layered shoulder fur 77/109 | Building mesh BLAS |      44 tris | Layered shoulder fur
Fra:1 Mem:25.53M (Peak 30.50M) | Time:00:00.20 | Mem:1.64M, Peak:1.64M | Scene, ViewLayer | Updating Geometry BVH Layered shoulder fur.001 78/109 | Building BVH
Fra:1 Mem:25.53M (Peak 30.50M) | Time:00:00.20 | Mem:1.64M, Peak:1.64M | Scene, ViewLayer | Updating Geometry BVH Layered shoulder fur.001 78/109 | Building mesh BLAS |      44 tris | Layered shoulder fur.001
Fra:1 Mem:25.53M (Peak 30.50M) | Time:00:00.20 | Mem:1.64M, Peak:1.64M | Scene, ViewLayer | Updating Geometry BVH Layered shoulder fur.002 79/109 | Building BVH
Fra:1 Mem:25.53M (Peak 30.50M) | Time:00:00.20 | Mem:1.64M, Peak:1.64M | Scene, ViewLayer | Updating Geometry BVH Layered shoulder fur.002 79/109 | Building mesh BLAS |      44 tris | Layered shoulder fur.002
Fra:1 Mem:25.53M (Peak 30.50M) | Time:00:00.20 | Mem:1.64M, Peak:1.64M | Scene, ViewLayer | Updating Geometry BVH Wrist fur.007 93/109 | Building BVH
Fra:1 Mem:25.53M (Peak 30.50M) | Time:00:00.20 | Mem:1.65M, Peak:1.65M | Scene, ViewLayer | Updating Geometry BVH Wrist fur.007 93/109 | Building mesh BLAS |      44 tris | Wrist fur.007
Fra:1 Mem:25.53M (Peak 30.50M) | Time:00:00.20 | Mem:1.65M, Peak:1.65M | Scene, ViewLayer | Updating Geometry BVH Wrist fur 80/109 | Building BVH
Fra:1 Mem:25.53M (Peak 30.50M) | Time:00:00.20 | Mem:1.65M, Peak:1.65M | Scene, ViewLayer | Updating Geometry BVH Wrist fur 80/109 | Building mesh BLAS |      44 tris | Wrist fur
Fra:1 Mem:25.53M (Peak 30.50M) | Time:00:00.20 | Mem:1.65M, Peak:1.65M | Scene, ViewLayer | Updating Geometry BVH Wrist fur.001 81/109 | Building BVH
Fra:1 Mem:25.53M (Peak 30.50M) | Time:00:00.20 | Mem:1.66M, Peak:1.66M | Scene, ViewLayer | Updating Geometry BVH Wrist fur.002 82/109 | Building BVH
Fra:1 Mem:25.53M (Peak 30.50M) | Time:00:00.20 | Mem:1.66M, Peak:1.66M | Scene, ViewLayer | Updating Geometry BVH Wrist fur.002 82/109 | Building mesh BLAS |      44 tris | Wrist fur.001
Fra:1 Mem:25.53M (Peak 30.50M) | Time:00:00.20 | Mem:1.66M, Peak:1.66M | Scene, ViewLayer | Updating Geometry BVH Wrist fur.002 82/109 | Building mesh BLAS |      44 tris | Wrist fur.002
Fra:1 Mem:25.53M (Peak 30.50M) | Time:00:00.20 | Mem:1.66M, Peak:1.66M | Scene, ViewLayer | Updating Geometry BVH Layered shoulder fur.003 83/109 | Building BVH
Fra:1 Mem:25.53M (Peak 30.50M) | Time:00:00.20 | Mem:1.66M, Peak:1.66M | Scene, ViewLayer | Updating Geometry BVH Layered shoulder fur.003 83/109 | Building mesh BLAS |      44 tris | Layered shoulder fur.003
Fra:1 Mem:25.53M (Peak 30.50M) | Time:00:00.20 | Mem:1.66M, Peak:1.66M | Scene, ViewLayer | Updating Geometry BVH Layered shoulder fur.004 84/109 | Building BVH
Fra:1 Mem:25.53M (Peak 30.50M) | Time:00:00.20 | Mem:1.66M, Peak:1.66M | Scene, ViewLayer | Updating Geometry BVH Layered shoulder fur.004 84/109 | Building mesh BLAS |      44 tris | Layered shoulder fur.004
Fra:1 Mem:25.53M (Peak 30.50M) | Time:00:00.20 | Mem:1.66M, Peak:1.66M | Scene, ViewLayer | Updating Geometry BVH Layered shoulder fur.005 85/109 | Building BVH
Fra:1 Mem:25.53M (Peak 30.50M) | Time:00:00.20 | Mem:1.67M, Peak:1.67M | Scene, ViewLayer | Updating Geometry BVH Layered shoulder fur.005 85/109 | Building mesh BLAS |      44 tris | Layered shoulder fur.005
Fra:1 Mem:25.53M (Peak 30.50M) | Time:00:00.20 | Mem:1.67M, Peak:1.67M | Scene, ViewLayer | Updating Geometry BVH Wrist fur.003 86/109 | Building BVH
Fra:1 Mem:25.53M (Peak 30.50M) | Time:00:00.20 | Mem:1.67M, Peak:1.67M | Scene, ViewLayer | Updating Geometry BVH Wrist fur.003 86/109 | Building mesh BLAS |      44 tris | Wrist fur.003
Fra:1 Mem:25.53M (Peak 30.50M) | Time:00:00.20 | Mem:1.68M, Peak:1.68M | Scene, ViewLayer | Updating Geometry BVH Wrist fur.006 92/109 | Building BVH
Fra:1 Mem:25.53M (Peak 30.50M) | Time:00:00.20 | Mem:1.68M, Peak:1.68M | Scene, ViewLayer | Updating Geometry BVH Wrist fur.006 92/109 | Building mesh BLAS |      44 tris | Wrist fur.006
Fra:1 Mem:25.53M (Peak 30.50M) | Time:00:00.20 | Mem:1.68M, Peak:1.68M | Scene, ViewLayer | Updating Geometry BVH Wrist fur.004 87/109 | Building BVH
Fra:1 Mem:25.53M (Peak 30.50M) | Time:00:00.20 | Mem:1.68M, Peak:1.68M | Scene, ViewLayer | Updating Geometry BVH Wrist fur.004 87/109 | Building mesh BLAS |      44 tris | Wrist fur.004
Fra:1 Mem:25.53M (Peak 30.50M) | Time:00:00.20 | Mem:1.71M, Peak:1.71M | Scene, ViewLayer | Updating Geometry BVH Wrist fur.005 88/109 | Building BVH
Fra:1 Mem:25.53M (Peak 30.50M) | Time:00:00.20 | Mem:1.72M, Peak:1.72M | Scene, ViewLayer | Updating Geometry BVH Layered shoulder fur.006 89/109 | Building BVH
Fra:1 Mem:25.53M (Peak 30.50M) | Time:00:00.20 | Mem:1.72M, Peak:1.72M | Scene, ViewLayer | Updating Geometry BVH Layered shoulder fur.006 89/109 | Building mesh BLAS |      44 tris | Wrist fur.005
Fra:1 Mem:25.53M (Peak 30.50M) | Time:00:00.20 | Mem:1.73M, Peak:1.73M | Scene, ViewLayer | Updating Geometry BVH Layered shoulder fur.006 89/109 | Building mesh BLAS |      44 tris | Layered shoulder fur.006
Fra:1 Mem:25.53M (Peak 30.50M) | Time:00:00.20 | Mem:1.73M, Peak:1.73M | Scene, ViewLayer | Updating Geometry BVH Layered shoulder fur.007 90/109 | Building BVH
Fra:1 Mem:25.53M (Peak 30.50M) | Time:00:00.20 | Mem:1.74M, Peak:1.74M | Scene, ViewLayer | Updating Geometry BVH Layered shoulder fur.007 90/109 | Building mesh BLAS |      44 tris | Layered shoulder fur.007
Fra:1 Mem:25.53M (Peak 30.50M) | Time:00:00.20 | Mem:1.74M, Peak:1.74M | Scene, ViewLayer | Updating Geometry BVH Layered shoulder fur.007 90/109 | Building mesh BLAS |      44 tris | Layered shoulder fur.008
Fra:1 Mem:25.53M (Peak 30.50M) | Time:00:00.20 | Mem:2.02M, Peak:2.02M | Scene, ViewLayer | Updating Scene BVH | Building
Fra:1 Mem:25.53M (Peak 30.50M) | Time:00:00.22 | Mem:2.27M, Peak:2.27M | Scene, ViewLayer | Updating Scene BVH | Building TLAS      |     109 instances
Fra:1 Mem:25.53M (Peak 30.50M) | Time:00:00.22 | Mem:2.30M, Peak:2.30M | Scene, ViewLayer | Updating Scene BVH | Copying BVH to device
Fra:1 Mem:25.53M (Peak 30.50M) | Time:00:00.22 | Mem:2.30M, Peak:2.30M | Scene, ViewLayer | Updating Mesh | Computing normals
Fra:1 Mem:26.02M (Peak 30.50M) | Time:00:00.22 | Mem:2.30M, Peak:2.30M | Scene, ViewLayer | Updating Mesh | Copying Mesh to device
Fra:1 Mem:25.53M (Peak 30.50M) | Time:00:00.22 | Mem:2.82M, Peak:2.82M | Scene, ViewLayer | Updating Objects Flags
Fra:1 Mem:25.53M (Peak 30.50M) | Time:00:00.22 | Mem:2.82M, Peak:2.82M | Scene, ViewLayer | Updating Primitive Offsets
Fra:1 Mem:25.53M (Peak 30.50M) | Time:00:00.22 | Mem:2.82M, Peak:2.82M | Scene, ViewLayer | Updating Images
Fra:1 Mem:25.53M (Peak 30.50M) | Time:00:00.22 | Mem:2.82M, Peak:2.82M | Scene, ViewLayer | Updating Camera Volume
Fra:1 Mem:25.53M (Peak 30.50M) | Time:00:00.22 | Mem:2.82M, Peak:2.82M | Scene, ViewLayer | Updating Lookup Tables
Fra:1 Mem:25.45M (Peak 30.50M) | Time:00:00.22 | Mem:2.91M, Peak:2.91M | Scene, ViewLayer | Updating Lights
Fra:1 Mem:25.45M (Peak 30.50M) | Time:00:00.22 | Mem:2.91M, Peak:2.91M | Scene, ViewLayer | Updating Lights | Computing tree
Fra:1 Mem:25.45M (Peak 30.50M) | Time:00:00.22 | Mem:2.91M, Peak:2.91M | Scene, ViewLayer | Updating Integrator
Fra:1 Mem:25.45M (Peak 30.50M) | Time:00:00.22 | Mem:2.91M, Peak:2.91M | Scene, ViewLayer | Updating Film
Fra:1 Mem:25.54M (Peak 30.50M) | Time:00:00.22 | Mem:2.82M, Peak:2.91M | Scene, ViewLayer | Updating Lookup Tables
Fra:1 Mem:25.45M (Peak 30.50M) | Time:00:00.22 | Mem:2.91M, Peak:2.91M | Scene, ViewLayer | Updating Baking
Fra:1 Mem:25.45M (Peak 30.50M) | Time:00:00.22 | Mem:2.91M, Peak:2.91M | Scene, ViewLayer | Updating Device | Writing constant memory
Fra:1 Mem:25.46M (Peak 30.50M) | Time:00:00.25 | Mem:2.91M, Peak:2.91M | Scene, ViewLayer | Loading denoising kernels (may take a few minutes the first time)
Fra:1 Mem:25.46M (Peak 57.46M) | Time:00:00.25 | Mem:2818.93M, Peak:2818.93M | Scene, ViewLayer | Sample 0/12 (Using optimized kernels)
Fra:1 Mem:25.45M (Peak 60.96M) | Time:00:00.46 | Remaining:00:02.29 | Mem:2854.47M, Peak:2854.47M | Scene, ViewLayer | Sample 1/12 (Using optimized kernels)
Fra:1 Mem:40.40M (Peak 62.84M) | Time:00:02.25 | Mem:2854.47M, Peak:2854.47M | Scene, ViewLayer | Sample 12/12 (Using optimized kernels)
Fra:1 Mem:40.40M (Peak 62.84M) | Time:00:02.25 | Mem:2854.47M, Peak:2854.47M | Scene, ViewLayer | Finished
Saved: '/Users/chikumatsuboi/Code/animal-racers-western/assets/source/western/qa/form-cycle-3/after/wolf-race-rear.png'
Time: 00:02.36 (Saving: 00:00.05)

Fra:1 Mem:28.98M (Peak 28.98M) | Time:00:00.00 | Mem:0.02M, Peak:0.02M | Scene, ViewLayer | Synchronizing object | Body • continuous sculpted skin
Fra:1 Mem:28.98M (Peak 28.98M) | Time:00:00.00 | Mem:0.02M, Peak:0.02M | Scene, ViewLayer | Synchronizing object | Ivory claw.002
Fra:1 Mem:29.26M (Peak 29.26M) | Time:00:00.00 | Mem:0.02M, Peak:0.02M | Scene, ViewLayer | Synchronizing object | Paw toe.003
Fra:1 Mem:29.28M (Peak 29.28M) | Time:00:00.00 | Mem:0.02M, Peak:0.02M | Scene, ViewLayer | Synchronizing object | Ivory claw.003
Fra:1 Mem:29.29M (Peak 29.29M) | Time:00:00.00 | Mem:0.02M, Peak:0.02M | Scene, ViewLayer | Synchronizing object | Paw toe.004
Fra:1 Mem:29.30M (Peak 29.30M) | Time:00:00.00 | Mem:0.02M, Peak:0.02M | Scene, ViewLayer | Synchronizing object | Paw toe.005
Fra:1 Mem:29.33M (Peak 29.33M) | Time:00:00.00 | Mem:0.02M, Peak:0.02M | Scene, ViewLayer | Synchronizing object | Ivory claw.005
Fra:1 Mem:29.36M (Peak 29.36M) | Time:00:00.00 | Mem:0.02M, Peak:0.02M | Scene, ViewLayer | Synchronizing object | Paw toe.006
Fra:1 Mem:29.40M (Peak 29.40M) | Time:00:00.00 | Mem:0.02M, Peak:0.02M | Scene, ViewLayer | Synchronizing object | Ivory claw.006
Fra:1 Mem:29.50M (Peak 29.50M) | Time:00:00.00 | Mem:0.02M, Peak:0.02M | Scene, ViewLayer | Synchronizing object | Paw toe.007
Fra:1 Mem:29.51M (Peak 29.51M) | Time:00:00.00 | Mem:0.02M, Peak:0.02M | Scene, ViewLayer | Synchronizing object | Paw toe.008
Fra:1 Mem:29.57M (Peak 29.57M) | Time:00:00.00 | Mem:0.02M, Peak:0.02M | Scene, ViewLayer | Synchronizing object | Ivory claw.009
Fra:1 Mem:29.56M (Peak 29.57M) | Time:00:00.00 | Mem:0.02M, Peak:0.02M | Scene, ViewLayer | Synchronizing object | Paw toe.010
Fra:1 Mem:29.56M (Peak 29.57M) | Time:00:00.00 | Mem:0.02M, Peak:0.02M | Scene, ViewLayer | Synchronizing object | Paw toe.011
Fra:1 Mem:29.60M (Peak 29.60M) | Time:00:00.00 | Mem:0.02M, Peak:0.02M | Scene, ViewLayer | Synchronizing object | Ivory claw.011
Fra:1 Mem:29.60M (Peak 29.60M) | Time:00:00.00 | Mem:0.02M, Peak:0.02M | Scene, ViewLayer | Synchronizing object | Head • species sculpt
Fra:1 Mem:29.62M (Peak 29.62M) | Time:00:00.00 | Mem:0.02M, Peak:0.02M | Scene, ViewLayer | Synchronizing object | Frost muzzle
Fra:1 Mem:29.61M (Peak 29.62M) | Time:00:00.00 | Mem:0.02M, Peak:0.02M | Scene, ViewLayer | Synchronizing object | Heart shaped nose
Fra:1 Mem:29.63M (Peak 29.63M) | Time:00:00.00 | Mem:0.02M, Peak:0.02M | Scene, ViewLayer | Synchronizing object | Eye socket
Fra:1 Mem:29.75M (Peak 29.75M) | Time:00:00.00 | Mem:0.02M, Peak:0.02M | Scene, ViewLayer | Synchronizing object | Iris
Fra:1 Mem:29.85M (Peak 29.85M) | Time:00:00.00 | Mem:0.02M, Peak:0.02M | Scene, ViewLayer | Synchronizing object | Warm rim
Fra:1 Mem:29.85M (Peak 29.85M) | Time:00:00.00 | Mem:0.02M, Peak:0.02M | Scene, ViewLayer | Synchronizing object | Sky fill
Fra:1 Mem:29.86M (Peak 29.86M) | Time:00:00.00 | Mem:0.02M, Peak:0.02M | Scene, ViewLayer | Synchronizing object | Sunset key
Fra:1 Mem:29.86M (Peak 29.86M) | Time:00:00.00 | Mem:0.02M, Peak:0.02M | Scene, ViewLayer | Synchronizing object | Plane
Fra:1 Mem:29.86M (Peak 29.86M) | Time:00:00.00 | Mem:0.02M, Peak:0.02M | Scene, ViewLayer | Synchronizing object | Pupil
Fra:1 Mem:29.87M (Peak 29.87M) | Time:00:00.00 | Mem:0.02M, Peak:0.02M | Scene, ViewLayer | Synchronizing object | Raised elemental crest
Fra:1 Mem:29.86M (Peak 29.87M) | Time:00:00.00 | Mem:0.02M, Peak:0.02M | Scene, ViewLayer | Synchronizing object | Eye glint
Fra:1 Mem:29.93M (Peak 29.93M) | Time:00:00.00 | Mem:0.02M, Peak:0.02M | Scene, ViewLayer | Synchronizing object | Expressive brow
Fra:1 Mem:29.96M (Peak 29.96M) | Time:00:00.00 | Mem:0.02M, Peak:0.02M | Scene, ViewLayer | Synchronizing object | Whisker pore.002
Fra:1 Mem:30.12M (Peak 30.12M) | Time:00:00.00 | Mem:0.02M, Peak:0.02M | Scene, ViewLayer | Synchronizing object | Eye socket.001
Fra:1 Mem:30.06M (Peak 30.12M) | Time:00:00.00 | Mem:0.02M, Peak:0.02M | Scene, ViewLayer | Synchronizing object | Iris.001
Fra:1 Mem:30.10M (Peak 30.12M) | Time:00:00.00 | Mem:0.02M, Peak:0.02M | Scene, ViewLayer | Synchronizing object | Pupil.001
Fra:1 Mem:30.11M (Peak 30.12M) | Time:00:00.00 | Mem:0.02M, Peak:0.02M | Scene, ViewLayer | Synchronizing object | Eye glint.001
Fra:1 Mem:30.12M (Peak 30.12M) | Time:00:00.00 | Mem:0.02M, Peak:0.02M | Scene, ViewLayer | Synchronizing object | Expressive brow.001
Fra:1 Mem:30.14M (Peak 30.14M) | Time:00:00.00 | Mem:0.02M, Peak:0.02M | Scene, ViewLayer | Synchronizing object | Smiling mouth.001
Fra:1 Mem:30.17M (Peak 30.17M) | Time:00:00.00 | Mem:0.02M, Peak:0.02M | Scene, ViewLayer | Synchronizing object | Whisker pore.003
Fra:1 Mem:30.17M (Peak 30.17M) | Time:00:00.00 | Mem:0.02M, Peak:0.02M | Scene, ViewLayer | Synchronizing object | Whisker pore.004
Fra:1 Mem:30.21M (Peak 30.21M) | Time:00:00.00 | Mem:0.02M, Peak:0.02M | Scene, ViewLayer | Synchronizing object | Lower jaw
Fra:1 Mem:30.23M (Peak 30.23M) | Time:00:00.00 | Mem:0.02M, Peak:0.02M | Scene, ViewLayer | Synchronizing object | Neckerchief folded point
Fra:1 Mem:30.27M (Peak 30.27M) | Time:00:00.00 | Mem:0.02M, Peak:0.02M | Scene, ViewLayer | Synchronizing object | Mandible floor
Fra:1 Mem:30.28M (Peak 30.28M) | Time:00:00.00 | Mem:0.02M, Peak:0.02M | Scene, ViewLayer | Synchronizing object | Connected outer cheek
Fra:1 Mem:30.28M (Peak 30.28M) | Time:00:00.00 | Mem:0.02M, Peak:0.02M | Scene, ViewLayer | Synchronizing object | Connected outer cheek.001
Fra:1 Mem:30.28M (Peak 30.28M) | Time:00:00.00 | Mem:0.02M, Peak:0.02M | Scene, ViewLayer | Synchronizing object | Howl tongue
Fra:1 Mem:30.31M (Peak 30.31M) | Time:00:00.00 | Mem:0.02M, Peak:0.02M | Scene, ViewLayer | Synchronizing object | Lower canine
Fra:1 Mem:30.31M (Peak 30.31M) | Time:00:00.00 | Mem:0.02M, Peak:0.02M | Scene, ViewLayer | Synchronizing object | Leather neckerchief roll
Fra:1 Mem:30.31M (Peak 30.31M) | Time:00:00.00 | Mem:0.02M, Peak:0.02M | Scene, ViewLayer | Synchronizing object | Pointed species ear
Fra:1 Mem:30.31M (Peak 30.31M) | Time:00:00.01 | Mem:0.02M, Peak:0.02M | Scene, ViewLayer | Synchronizing object | Inner ear.001
Fra:1 Mem:30.33M (Peak 30.33M) | Time:00:00.01 | Mem:0.02M, Peak:0.02M | Scene, ViewLayer | Synchronizing object | Swept cheek ruff
Fra:1 Mem:30.34M (Peak 30.34M) | Time:00:00.01 | Mem:0.02M, Peak:0.02M | Scene, ViewLayer | Synchronizing object | Swept cheek ruff.002
Fra:1 Mem:30.33M (Peak 30.34M) | Time:00:00.01 | Mem:0.02M, Peak:0.02M | Scene, ViewLayer | Synchronizing object | Swept cheek ruff.003
Fra:1 Mem:30.33M (Peak 30.34M) | Time:00:00.01 | Mem:0.02M, Peak:0.02M | Scene, ViewLayer | Synchronizing object | Swept cheek ruff.004
Fra:1 Mem:30.35M (Peak 30.35M) | Time:00:00.01 | Mem:0.02M, Peak:0.02M | Scene, ViewLayer | Synchronizing object | Swept cheek ruff.005
Fra:1 Mem:30.36M (Peak 30.36M) | Time:00:00.01 | Mem:0.02M, Peak:0.02M | Scene, ViewLayer | Synchronizing object | Wrist fur.011
Fra:1 Mem:30.37M (Peak 30.37M) | Time:00:00.01 | Mem:0.02M, Peak:0.02M | Scene, ViewLayer | Synchronizing object | Swept cheek ruff.006
Fra:1 Mem:30.37M (Peak 30.37M) | Time:00:00.01 | Mem:0.02M, Peak:0.02M | Scene, ViewLayer | Synchronizing object | Swept cheek ruff.007
Fra:1 Mem:30.38M (Peak 30.38M) | Time:00:00.01 | Mem:0.02M, Peak:0.02M | Scene, ViewLayer | Synchronizing object | Ice swept crest
Fra:1 Mem:30.38M (Peak 30.38M) | Time:00:00.01 | Mem:0.02M, Peak:0.02M | Scene, ViewLayer | Synchronizing object | Ice swept crest.003
Fra:1 Mem:30.38M (Peak 30.38M) | Time:00:00.01 | Mem:0.02M, Peak:0.02M | Scene, ViewLayer | Synchronizing object | Ice swept crest.004
Fra:1 Mem:30.39M (Peak 30.39M) | Time:00:00.01 | Mem:0.02M, Peak:0.02M | Scene, ViewLayer | Synchronizing object | Wrist fur.010
Fra:1 Mem:30.41M (Peak 30.41M) | Time:00:00.01 | Mem:0.02M, Peak:0.02M | Scene, ViewLayer | Synchronizing object | Ice swept crest.005
Fra:1 Mem:30.40M (Peak 30.41M) | Time:00:00.01 | Mem:0.02M, Peak:0.02M | Scene, ViewLayer | Synchronizing object | Layered shoulder fur
Fra:1 Mem:30.40M (Peak 30.41M) | Time:00:00.01 | Mem:0.02M, Peak:0.02M | Scene, ViewLayer | Synchronizing object | Layered shoulder fur.002
Fra:1 Mem:30.41M (Peak 30.41M) | Time:00:00.01 | Mem:0.02M, Peak:0.02M | Scene, ViewLayer | Synchronizing object | Wrist fur
Fra:1 Mem:30.43M (Peak 30.43M) | Time:00:00.01 | Mem:0.02M, Peak:0.02M | Scene, ViewLayer | Synchronizing object | Wrist fur.001
Fra:1 Mem:30.42M (Peak 30.43M) | Time:00:00.01 | Mem:0.02M, Peak:0.02M | Scene, ViewLayer | Synchronizing object | Wrist fur.002
Fra:1 Mem:30.43M (Peak 30.43M) | Time:00:00.01 | Mem:0.02M, Peak:0.02M | Scene, ViewLayer | Synchronizing object | Layered shoulder fur.003
Fra:1 Mem:30.45M (Peak 30.45M) | Time:00:00.01 | Mem:0.02M, Peak:0.02M | Scene, ViewLayer | Synchronizing object | Wrist fur.003
Fra:1 Mem:30.43M (Peak 30.45M) | Time:00:00.01 | Mem:0.02M, Peak:0.02M | Scene, ViewLayer | Synchronizing object | Wrist fur.004
Fra:1 Mem:30.44M (Peak 30.45M) | Time:00:00.01 | Mem:0.02M, Peak:0.02M | Scene, ViewLayer | Synchronizing object | Wrist fur.005
Fra:1 Mem:30.46M (Peak 30.46M) | Time:00:00.01 | Mem:0.02M, Peak:0.02M | Scene, ViewLayer | Synchronizing object | Layered shoulder fur.011
Fra:1 Mem:30.47M (Peak 30.47M) | Time:00:00.01 | Mem:0.02M, Peak:0.02M | Scene, ViewLayer | Synchronizing object | Layered shoulder fur.007
Fra:1 Mem:30.46M (Peak 30.47M) | Time:00:00.01 | Mem:0.02M, Peak:0.02M | Scene, ViewLayer | Synchronizing object | Layered shoulder fur.008
Fra:1 Mem:30.46M (Peak 30.47M) | Time:00:00.01 | Mem:0.02M, Peak:0.02M | Scene, ViewLayer | Synchronizing object | Wrist fur.006
Fra:1 Mem:30.46M (Peak 30.48M) | Time:00:00.01 | Mem:0.02M, Peak:0.02M | Scene, ViewLayer | Synchronizing object | Wrist fur.007
Fra:1 Mem:30.47M (Peak 30.48M) | Time:00:00.01 | Mem:0.02M, Peak:0.02M | Scene, ViewLayer | Synchronizing object | Wrist fur.008
Fra:1 Mem:30.48M (Peak 30.48M) | Time:00:00.01 | Mem:0.02M, Peak:0.02M | Scene, ViewLayer | Synchronizing object | Layered shoulder fur.009
Fra:1 Mem:30.48M (Peak 30.48M) | Time:00:00.01 | Mem:0.02M, Peak:0.02M | Scene, ViewLayer | Synchronizing object | Layered shoulder fur.010
Fra:1 Mem:30.50M (Peak 30.50M) | Time:00:00.01 | Mem:0.02M, Peak:0.02M | Scene, ViewLayer | Initializing
Fra:1 Mem:28.85M (Peak 30.50M) | Time:00:00.01 | Mem:0.02M, Peak:0.02M | Scene, ViewLayer | Updating Images | Loading Authored short-fur normal
Fra:1 Mem:24.68M (Peak 30.50M) | Time:00:00.01 | Mem:0.27M, Peak:0.27M | Scene, ViewLayer | Waiting for render to start
Fra:1 Mem:24.68M (Peak 30.50M) | Time:00:00.01 | Mem:0.27M, Peak:0.27M | Scene, ViewLayer | Updating Scene
Fra:1 Mem:24.68M (Peak 30.50M) | Time:00:00.01 | Mem:0.27M, Peak:0.27M | Scene, ViewLayer | Updating Shaders
Fra:1 Mem:24.68M (Peak 30.50M) | Time:00:00.01 | Mem:0.27M, Peak:0.27M | Scene, ViewLayer | Loading render kernels (may take a few minutes the first time)
Fra:1 Mem:24.76M (Peak 30.50M) | Time:00:00.07 | Mem:0.28M, Peak:0.28M | Scene, ViewLayer | Updating Procedurals
Fra:1 Mem:24.76M (Peak 30.50M) | Time:00:00.07 | Mem:0.28M, Peak:0.28M | Scene, ViewLayer | Updating Background
Fra:1 Mem:24.76M (Peak 30.50M) | Time:00:00.07 | Mem:0.28M, Peak:0.28M | Scene, ViewLayer | Updating Camera
Fra:1 Mem:24.76M (Peak 30.50M) | Time:00:00.07 | Mem:0.28M, Peak:0.28M | Scene, ViewLayer | Updating Meshes Flags
Fra:1 Mem:24.76M (Peak 30.50M) | Time:00:00.07 | Mem:0.28M, Peak:0.28M | Scene, ViewLayer | Updating Objects
Fra:1 Mem:24.76M (Peak 30.50M) | Time:00:00.07 | Mem:0.28M, Peak:0.28M | Scene, ViewLayer | Updating Objects | Copying Transformations to device
Fra:1 Mem:24.76M (Peak 30.50M) | Time:00:00.07 | Mem:0.31M, Peak:0.31M | Scene, ViewLayer | Updating Particle Systems
Fra:1 Mem:24.76M (Peak 30.50M) | Time:00:00.07 | Mem:0.31M, Peak:0.31M | Scene, ViewLayer | Updating Particle Systems | Copying Particles to device
Fra:1 Mem:24.76M (Peak 30.50M) | Time:00:00.07 | Mem:0.31M, Peak:0.31M | Scene, ViewLayer | Updating Meshes
Fra:1 Mem:25.53M (Peak 30.50M) | Time:00:00.08 | Mem:0.31M, Peak:0.31M | Scene, ViewLayer | Updating Objects | Applying Static Transformations
Fra:1 Mem:25.53M (Peak 30.50M) | Time:00:00.08 | Mem:0.31M, Peak:0.31M | Scene, ViewLayer | Updating Mesh | Computing attributes
Fra:1 Mem:26.61M (Peak 30.50M) | Time:00:00.08 | Mem:0.33M, Peak:0.33M | Scene, ViewLayer | Updating Mesh | Copying Attributes to device
Fra:1 Mem:25.53M (Peak 30.50M) | Time:00:00.18 | Mem:1.42M, Peak:1.42M | Scene, ViewLayer | Updating Geometry BVH light 110/109 | Building BVH
Fra:1 Mem:25.53M (Peak 30.50M) | Time:00:00.18 | Mem:1.42M, Peak:1.42M | Scene, ViewLayer | Updating Geometry BVH Ivory claw.002 8/109 | Building BVH
Fra:1 Mem:25.53M (Peak 30.50M) | Time:00:00.18 | Mem:1.42M, Peak:1.42M | Scene, ViewLayer | Updating Geometry BVH Warm rim 109/109 | Building BVH
Fra:1 Mem:25.53M (Peak 30.50M) | Time:00:00.18 | Mem:1.42M, Peak:1.42M | Scene, ViewLayer | Updating Geometry BVH Warm rim 109/109 | Building mesh BLAS |      32 tris | Ivory claw
Fra:1 Mem:25.53M (Peak 30.50M) | Time:00:00.18 | Mem:1.42M, Peak:1.42M | Scene, ViewLayer | Updating Geometry BVH Warm rim 109/109 | Building mesh BLAS |    4170 tris | ribcage
Fra:1 Mem:25.53M (Peak 30.50M) | Time:00:00.18 | Mem:1.42M, Peak:1.42M | Scene, ViewLayer | Updating Geometry BVH Warm rim 109/109 | Building mesh BLAS |     192 tris | Paw toe.001
Fra:1 Mem:25.53M (Peak 30.50M) | Time:00:00.18 | Mem:1.42M, Peak:1.42M | Scene, ViewLayer | Updating Geometry BVH Sky fill 108/109 | Building BVH
Fra:1 Mem:25.53M (Peak 30.50M) | Time:00:00.18 | Mem:1.42M, Peak:1.42M | Scene, ViewLayer | Updating Geometry BVH Sunset key 107/109 | Building BVH
Fra:1 Mem:25.53M (Peak 30.50M) | Time:00:00.18 | Mem:1.42M, Peak:1.42M | Scene, ViewLayer | Updating Geometry BVH Plane 106/109 | Building BVH
Fra:1 Mem:25.53M (Peak 30.50M) | Time:00:00.18 | Mem:1.42M, Peak:1.42M | Scene, ViewLayer | Updating Geometry BVH Plane 106/109 | Building mesh BLAS |       2 tris | Plane
Fra:1 Mem:25.53M (Peak 30.50M) | Time:00:00.18 | Mem:1.42M, Peak:1.42M | Scene, ViewLayer | Updating Geometry BVH Plane 106/109 | Building mesh BLAS |      32 tris | Ivory claw.001
Fra:1 Mem:25.53M (Peak 30.50M) | Time:00:00.18 | Mem:1.42M, Peak:1.42M | Scene, ViewLayer | Updating Geometry BVH Paw toe.003 9/109 | Building BVH
Fra:1 Mem:25.53M (Peak 30.50M) | Time:00:00.18 | Mem:1.42M, Peak:1.42M | Scene, ViewLayer | Updating Geometry BVH Paw toe.003 9/109 | Building mesh BLAS |     192 tris | Paw toe.003
Fra:1 Mem:25.53M (Peak 30.50M) | Time:00:00.18 | Mem:1.42M, Peak:1.42M | Scene, ViewLayer | Updating Geometry BVH Ivory claw.003 10/109 | Building BVH
Fra:1 Mem:25.53M (Peak 30.50M) | Time:00:00.18 | Mem:1.42M, Peak:1.42M | Scene, ViewLayer | Updating Geometry BVH Ivory claw.003 10/109 | Building mesh BLAS |      32 tris | Ivory claw.003
Fra:1 Mem:25.53M (Peak 30.50M) | Time:00:00.18 | Mem:1.42M, Peak:1.42M | Scene, ViewLayer | Updating Geometry BVH Ivory claw.003 10/109 | Building mesh BLAS |     192 tris | Paw toe.002
Fra:1 Mem:25.53M (Peak 30.50M) | Time:00:00.18 | Mem:1.42M, Peak:1.42M | Scene, ViewLayer | Updating Geometry BVH Paw toe.004 11/109 | Building BVH
Fra:1 Mem:25.53M (Peak 30.50M) | Time:00:00.18 | Mem:1.42M, Peak:1.42M | Scene, ViewLayer | Updating Geometry BVH Paw toe.004 11/109 | Building mesh BLAS |     192 tris | Paw toe.004
Fra:1 Mem:25.53M (Peak 30.50M) | Time:00:00.18 | Mem:1.42M, Peak:1.42M | Scene, ViewLayer | Updating Geometry BVH Ivory claw.004 12/109 | Building BVH
Fra:1 Mem:25.53M (Peak 30.50M) | Time:00:00.18 | Mem:1.42M, Peak:1.42M | Scene, ViewLayer | Updating Geometry BVH Ivory claw.004 12/109 | Building mesh BLAS |      32 tris | Ivory claw.004
Fra:1 Mem:25.53M (Peak 30.50M) | Time:00:00.18 | Mem:1.42M, Peak:1.42M | Scene, ViewLayer | Updating Geometry BVH Paw toe.005 13/109 | Building BVH
Fra:1 Mem:25.53M (Peak 30.50M) | Time:00:00.18 | Mem:1.42M, Peak:1.42M | Scene, ViewLayer | Updating Geometry BVH Raised elemental crest 105/109 | Building BVH
Fra:1 Mem:25.53M (Peak 30.50M) | Time:00:00.18 | Mem:1.42M, Peak:1.42M | Scene, ViewLayer | Updating Geometry BVH Raised elemental crest 105/109 | Building mesh BLAS |      26 tris | Raised elemental crest
Fra:1 Mem:25.53M (Peak 30.50M) | Time:00:00.18 | Mem:1.42M, Peak:1.42M | Scene, ViewLayer | Updating Geometry BVH Ivory claw.005 14/109 | Building BVH
Fra:1 Mem:25.53M (Peak 30.50M) | Time:00:00.18 | Mem:1.42M, Peak:1.42M | Scene, ViewLayer | Updating Geometry BVH Ivory claw.005 14/109 | Building mesh BLAS |      32 tris | Ivory claw.005
Fra:1 Mem:25.53M (Peak 30.50M) | Time:00:00.18 | Mem:1.42M, Peak:1.42M | Scene, ViewLayer | Updating Geometry BVH Paw toe.006 15/109 | Building BVH
Fra:1 Mem:25.53M (Peak 30.50M) | Time:00:00.18 | Mem:1.42M, Peak:1.42M | Scene, ViewLayer | Updating Geometry BVH Paw toe.006 15/109 | Building mesh BLAS |     192 tris | Paw toe.006
Fra:1 Mem:25.53M (Peak 30.50M) | Time:00:00.18 | Mem:1.42M, Peak:1.42M | Scene, ViewLayer | Updating Geometry BVH Ivory claw.006 16/109 | Building BVH
Fra:1 Mem:25.53M (Peak 30.50M) | Time:00:00.18 | Mem:1.42M, Peak:1.42M | Scene, ViewLayer | Updating Geometry BVH Brass crest clasp 104/109 | Building BVH
Fra:1 Mem:25.53M (Peak 30.50M) | Time:00:00.18 | Mem:1.42M, Peak:1.42M | Scene, ViewLayer | Updating Geometry BVH Brass crest clasp 104/109 | Building mesh BLAS |     320 tris | Brass crest clasp
Fra:1 Mem:25.53M (Peak 30.50M) | Time:00:00.18 | Mem:1.42M, Peak:1.42M | Scene, ViewLayer | Updating Geometry BVH Ivory claw.007 18/109 | Building BVH
Fra:1 Mem:25.53M (Peak 30.50M) | Time:00:00.18 | Mem:1.42M, Peak:1.42M | Scene, ViewLayer | Updating Geometry BVH Ivory claw.008 20/109 | Building BVH
Fra:1 Mem:25.53M (Peak 30.50M) | Time:00:00.18 | Mem:1.42M, Peak:1.42M | Scene, ViewLayer | Updating Geometry BVH Ivory claw.008 20/109 | Building mesh BLAS |      32 tris | Ivory claw.008
Fra:1 Mem:25.53M (Peak 30.50M) | Time:00:00.18 | Mem:1.42M, Peak:1.42M | Scene, ViewLayer | Updating Geometry BVH Ivory claw.008 20/109 | Building mesh BLAS |     192 tris | Paw toe.008
Fra:1 Mem:25.53M (Peak 30.50M) | Time:00:00.18 | Mem:1.42M, Peak:1.42M | Scene, ViewLayer | Updating Geometry BVH Paw toe.009 21/109 | Building BVH
Fra:1 Mem:25.53M (Peak 30.50M) | Time:00:00.18 | Mem:1.42M, Peak:1.42M | Scene, ViewLayer | Updating Geometry BVH Ivory claw.009 22/109 | Building BVH
Fra:1 Mem:25.53M (Peak 30.50M) | Time:00:00.18 | Mem:1.42M, Peak:1.42M | Scene, ViewLayer | Updating Geometry BVH Ivory claw.009 22/109 | Building mesh BLAS |     192 tris | Paw toe.009
Fra:1 Mem:25.53M (Peak 30.50M) | Time:00:00.18 | Mem:1.42M, Peak:1.42M | Scene, ViewLayer | Updating Geometry BVH Ivory claw.009 22/109 | Building mesh BLAS |      32 tris | Ivory claw.009
Fra:1 Mem:25.53M (Peak 30.50M) | Time:00:00.18 | Mem:1.42M, Peak:1.42M | Scene, ViewLayer | Updating Geometry BVH Neckerchief folded point 103/109 | Building BVH
Fra:1 Mem:25.53M (Peak 30.50M) | Time:00:00.18 | Mem:1.42M, Peak:1.42M | Scene, ViewLayer | Updating Geometry BVH Neckerchief folded point 103/109 | Building mesh BLAS |     192 tris | Paw toe.007
Fra:1 Mem:25.53M (Peak 30.50M) | Time:00:00.18 | Mem:1.42M, Peak:1.42M | Scene, ViewLayer | Updating Geometry BVH Neckerchief folded point 103/109 | Building mesh BLAS |       4 tris | Neckerchief folded point
Fra:1 Mem:25.53M (Peak 30.50M) | Time:00:00.18 | Mem:1.42M, Peak:1.42M | Scene, ViewLayer | Updating Geometry BVH Paw toe.010 23/109 | Building BVH
Fra:1 Mem:25.53M (Peak 30.50M) | Time:00:00.18 | Mem:1.42M, Peak:1.42M | Scene, ViewLayer | Updating Geometry BVH Ivory claw.010 24/109 | Building mesh BLAS |     192 tris | Paw toe.010
Fra:1 Mem:25.53M (Peak 30.50M) | Time:00:00.18 | Mem:1.42M, Peak:1.42M | Scene, ViewLayer | Updating Geometry BVH Paw toe.011 25/109 | Building BVH
Fra:1 Mem:25.53M (Peak 30.50M) | Time:00:00.18 | Mem:1.42M, Peak:1.42M | Scene, ViewLayer | Updating Geometry BVH Paw toe.011 25/109 | Building mesh BLAS |      32 tris | Ivory claw.010
Fra:1 Mem:25.53M (Peak 30.50M) | Time:00:00.18 | Mem:1.42M, Peak:1.42M | Scene, ViewLayer | Updating Geometry BVH Leather neckerchief roll 102/109 | Building BVH
Fra:1 Mem:25.53M (Peak 30.50M) | Time:00:00.18 | Mem:1.42M, Peak:1.42M | Scene, ViewLayer | Updating Geometry BVH Ivory claw.011 26/109 | Building mesh BLAS |      76 tris | Leather neckerchief roll
Fra:1 Mem:25.53M (Peak 30.50M) | Time:00:00.18 | Mem:1.42M, Peak:1.42M | Scene, ViewLayer | Updating Geometry BVH Skull 27/109 | Building BVH
Fra:1 Mem:25.53M (Peak 30.50M) | Time:00:00.18 | Mem:1.42M, Peak:1.42M | Scene, ViewLayer | Updating Geometry BVH Frost muzzle 28/109 | Building BVH
Fra:1 Mem:25.53M (Peak 30.50M) | Time:00:00.18 | Mem:1.42M, Peak:1.42M | Scene, ViewLayer | Updating Geometry BVH Frost muzzle 28/109 | Building mesh BLAS |    2722 tris | Skull
Fra:1 Mem:25.53M (Peak 30.50M) | Time:00:00.18 | Mem:1.42M, Peak:1.42M | Scene, ViewLayer | Updating Geometry BVH Frost muzzle 28/109 | Building mesh BLAS |     192 tris | Paw toe.011
Fra:1 Mem:25.53M (Peak 30.50M) | Time:00:00.18 | Mem:1.42M, Peak:1.42M | Scene, ViewLayer | Updating Geometry BVH Heart shaped nose 29/109 | Building BVH
Fra:1 Mem:25.53M (Peak 30.50M) | Time:00:00.18 | Mem:1.42M, Peak:1.42M | Scene, ViewLayer | Updating Geometry BVH Heart shaped nose 29/109 | Building mesh BLAS |       6 tris | Heart shaped nose
Fra:1 Mem:25.53M (Peak 30.50M) | Time:00:00.18 | Mem:1.42M, Peak:1.42M | Scene, ViewLayer | Updating Geometry BVH Heart shaped nose 29/109 | Building mesh BLAS |      32 tris | Ivory claw.011
Fra:1 Mem:25.53M (Peak 30.50M) | Time:00:00.18 | Mem:1.42M, Peak:1.42M | Scene, ViewLayer | Updating Geometry BVH Heart shaped nose 29/109 | Building mesh BLAS |     480 tris | Frost muzzle
Fra:1 Mem:25.53M (Peak 30.50M) | Time:00:00.18 | Mem:1.42M, Peak:1.42M | Scene, ViewLayer | Updating Geometry BVH Articulated tail 101/109 | Building BVH
Fra:1 Mem:25.53M (Peak 30.50M) | Time:00:00.18 | Mem:1.42M, Peak:1.42M | Scene, ViewLayer | Updating Geometry BVH Eye socket 30/109 | Building BVH
Fra:1 Mem:25.53M (Peak 30.50M) | Time:00:00.18 | Mem:1.42M, Peak:1.42M | Scene, ViewLayer | Updating Geometry BVH Eye socket 30/109 | Building mesh BLAS |     480 tris | Eye socket
Fra:1 Mem:25.53M (Peak 30.50M) | Time:00:00.18 | Mem:1.42M, Peak:1.42M | Scene, ViewLayer | Updating Geometry BVH Ivory eye 31/109 | Building BVH
Fra:1 Mem:25.53M (Peak 30.50M) | Time:00:00.18 | Mem:1.42M, Peak:1.42M | Scene, ViewLayer | Updating Geometry BVH Ivory eye 31/109 | Building mesh BLAS |     480 tris | Ivory eye
Fra:1 Mem:25.53M (Peak 30.50M) | Time:00:00.18 | Mem:1.42M, Peak:1.42M | Scene, ViewLayer | Updating Geometry BVH Iris 32/109 | Building BVH
Fra:1 Mem:25.53M (Peak 30.50M) | Time:00:00.18 | Mem:1.42M, Peak:1.42M | Scene, ViewLayer | Updating Geometry BVH Pupil 33/109 | Building BVH
Fra:1 Mem:25.53M (Peak 30.50M) | Time:00:00.18 | Mem:1.42M, Peak:1.42M | Scene, ViewLayer | Updating Geometry BVH Pupil 33/109 | Building mesh BLAS |     480 tris | Iris
Fra:1 Mem:25.53M (Peak 30.50M) | Time:00:00.18 | Mem:1.42M, Peak:1.42M | Scene, ViewLayer | Updating Geometry BVH Wrist fur.011 100/109 | Building BVH
Fra:1 Mem:25.53M (Peak 30.50M) | Time:00:00.18 | Mem:1.42M, Peak:1.42M | Scene, ViewLayer | Updating Geometry BVH Wrist fur.011 100/109 | Building mesh BLAS |      44 tris | Wrist fur.011
Fra:1 Mem:25.53M (Peak 30.50M) | Time:00:00.18 | Mem:1.42M, Peak:1.42M | Scene, ViewLayer | Updating Geometry BVH Expressive brow 35/109 | Building BVH
Fra:1 Mem:25.53M (Peak 30.50M) | Time:00:00.18 | Mem:1.42M, Peak:1.42M | Scene, ViewLayer | Updating Geometry BVH Expressive brow 35/109 | Building mesh BLAS |      44 tris | Expressive brow
Fra:1 Mem:25.53M (Peak 30.50M) | Time:00:00.18 | Mem:1.42M, Peak:1.42M | Scene, ViewLayer | Updating Geometry BVH Expressive brow 35/109 | Building mesh BLAS |     320 tris | Pupil
Fra:1 Mem:25.53M (Peak 30.50M) | Time:00:00.18 | Mem:1.42M, Peak:1.42M | Scene, ViewLayer | Updating Geometry BVH Smiling mouth 36/109 | Building BVH
Fra:1 Mem:25.53M (Peak 30.50M) | Time:00:00.18 | Mem:1.42M, Peak:1.42M | Scene, ViewLayer | Updating Geometry BVH Smiling mouth 36/109 | Building mesh BLAS |      32 tris | Smiling mouth
Fra:1 Mem:25.53M (Peak 30.50M) | Time:00:00.18 | Mem:1.42M, Peak:1.42M | Scene, ViewLayer | Updating Geometry BVH Whisker pore 37/109 | Building BVH
Fra:1 Mem:25.53M (Peak 30.50M) | Time:00:00.18 | Mem:1.42M, Peak:1.42M | Scene, ViewLayer | Updating Geometry BVH Whisker pore 37/109 | Building mesh BLAS |      64 tris | Whisker pore
Fra:1 Mem:25.53M (Peak 30.50M) | Time:00:00.18 | Mem:1.42M, Peak:1.42M | Scene, ViewLayer | Updating Geometry BVH Whisker pore 37/109 | Building mesh BLAS |     192 tris | Eye glint
Fra:1 Mem:25.53M (Peak 30.50M) | Time:00:00.18 | Mem:1.42M, Peak:1.42M | Scene, ViewLayer | Updating Geometry BVH Wrist fur.010 99/109 | Building BVH
Fra:1 Mem:25.53M (Peak 30.50M) | Time:00:00.18 | Mem:1.42M, Peak:1.42M | Scene, ViewLayer | Updating Geometry BVH Wrist fur.010 99/109 | Building mesh BLAS |      44 tris | Wrist fur.010
Fra:1 Mem:25.53M (Peak 30.50M) | Time:00:00.18 | Mem:1.42M, Peak:1.42M | Scene, ViewLayer | Updating Geometry BVH Whisker pore.001 38/109 | Building BVH
Fra:1 Mem:25.53M (Peak 30.50M) | Time:00:00.18 | Mem:1.42M, Peak:1.42M | Scene, ViewLayer | Updating Geometry BVH Whisker pore.001 38/109 | Building mesh BLAS |      64 tris | Whisker pore.001
Fra:1 Mem:25.53M (Peak 30.50M) | Time:00:00.18 | Mem:1.42M, Peak:1.42M | Scene, ViewLayer | Updating Geometry BVH Whisker pore.002 39/109 | Building BVH
Fra:1 Mem:25.53M (Peak 30.50M) | Time:00:00.18 | Mem:1.42M, Peak:1.42M | Scene, ViewLayer | Updating Geometry BVH Whisker pore.002 39/109 | Building mesh BLAS |      64 tris | Whisker pore.002
Fra:1 Mem:25.53M (Peak 30.50M) | Time:00:00.18 | Mem:1.42M, Peak:1.42M | Scene, ViewLayer | Updating Geometry BVH Eye socket.001 40/109 | Building BVH
Fra:1 Mem:25.53M (Peak 30.50M) | Time:00:00.18 | Mem:1.42M, Peak:1.42M | Scene, ViewLayer | Updating Geometry BVH Eye socket.001 40/109 | Building mesh BLAS |     480 tris | Eye socket.001
Fra:1 Mem:25.53M (Peak 30.50M) | Time:00:00.18 | Mem:1.42M, Peak:1.42M | Scene, ViewLayer | Updating Geometry BVH Ivory eye.001 41/109 | Building BVH
Fra:1 Mem:25.53M (Peak 30.50M) | Time:00:00.18 | Mem:1.42M, Peak:1.42M | Scene, ViewLayer | Updating Geometry BVH Ivory eye.001 41/109 | Building mesh BLAS |     480 tris | Ivory eye.001
Fra:1 Mem:25.53M (Peak 30.50M) | Time:00:00.18 | Mem:1.42M, Peak:1.42M | Scene, ViewLayer | Updating Geometry BVH Iris.001 42/109 | Building BVH
Fra:1 Mem:25.53M (Peak 30.50M) | Time:00:00.18 | Mem:1.42M, Peak:1.42M | Scene, ViewLayer | Updating Geometry BVH Wrist fur.009 98/109 | Building BVH
Fra:1 Mem:25.53M (Peak 30.50M) | Time:00:00.18 | Mem:1.42M, Peak:1.42M | Scene, ViewLayer | Updating Geometry BVH Pupil.001 43/109 | Building BVH
Fra:1 Mem:25.53M (Peak 30.50M) | Time:00:00.18 | Mem:1.42M, Peak:1.42M | Scene, ViewLayer | Updating Geometry BVH Pupil.001 43/109 | Building mesh BLAS |      44 tris | Wrist fur.009
Fra:1 Mem:25.53M (Peak 30.50M) | Time:00:00.18 | Mem:1.42M, Peak:1.42M | Scene, ViewLayer | Updating Geometry BVH Pupil.001 43/109 | Building mesh BLAS |     320 tris | Pupil.001
Fra:1 Mem:25.53M (Peak 30.50M) | Time:00:00.18 | Mem:1.42M, Peak:1.42M | Scene, ViewLayer | Updating Geometry BVH Eye glint.001 44/109 | Building BVH
Fra:1 Mem:25.53M (Peak 30.50M) | Time:00:00.18 | Mem:1.42M, Peak:1.42M | Scene, ViewLayer | Updating Geometry BVH Expressive brow.001 45/109 | Building BVH
Fra:1 Mem:25.53M (Peak 30.50M) | Time:00:00.19 | Mem:1.42M, Peak:1.42M | Scene, ViewLayer | Updating Geometry BVH Smiling mouth.001 46/109 | Building BVH
Fra:1 Mem:25.53M (Peak 30.50M) | Time:00:00.19 | Mem:1.42M, Peak:1.42M | Scene, ViewLayer | Updating Geometry BVH Smiling mouth.001 46/109 | Building mesh BLAS |      44 tris | Expressive brow.001
Fra:1 Mem:25.53M (Peak 30.50M) | Time:00:00.19 | Mem:1.42M, Peak:1.42M | Scene, ViewLayer | Updating Geometry BVH Whisker pore.003 47/109 | Building mesh BLAS |     192 tris | Eye glint.001
Fra:1 Mem:25.53M (Peak 30.50M) | Time:00:00.19 | Mem:1.42M, Peak:1.42M | Scene, ViewLayer | Updating Geometry BVH Whisker pore.004 48/109 | Building BVH
Fra:1 Mem:25.53M (Peak 30.50M) | Time:00:00.19 | Mem:1.42M, Peak:1.42M | Scene, ViewLayer | Updating Geometry BVH Whisker pore.004 48/109 | Building mesh BLAS |      64 tris | Whisker pore.004
Fra:1 Mem:25.53M (Peak 30.50M) | Time:00:00.19 | Mem:1.42M, Peak:1.42M | Scene, ViewLayer | Updating Geometry BVH Whisker pore.005 49/109 | Building mesh BLAS |      64 tris | Whisker pore.003
Fra:1 Mem:25.53M (Peak 30.50M) | Time:00:00.19 | Mem:1.42M, Peak:1.42M | Scene, ViewLayer | Updating Geometry BVH Layered shoulder fur.011 97/109 | Building BVH
Fra:1 Mem:25.53M (Peak 30.50M) | Time:00:00.19 | Mem:1.42M, Peak:1.42M | Scene, ViewLayer | Updating Geometry BVH Layered shoulder fur.011 97/109 | Building mesh BLAS |      44 tris | Layered shoulder fur.011
Fra:1 Mem:25.53M (Peak 30.50M) | Time:00:00.19 | Mem:1.42M, Peak:1.42M | Scene, ViewLayer | Updating Geometry BVH Lower jaw 50/109 | Building BVH
Fra:1 Mem:25.53M (Peak 30.50M) | Time:00:00.19 | Mem:1.42M, Peak:1.42M | Scene, ViewLayer | Updating Geometry BVH Lower jaw 50/109 | Building mesh BLAS |     400 tris | Lower jaw
Fra:1 Mem:25.53M (Peak 30.50M) | Time:00:00.19 | Mem:1.42M, Peak:1.42M | Scene, ViewLayer | Updating Geometry BVH Connected inner mouth sleeve 51/109 | Building BVH
Fra:1 Mem:25.53M (Peak 30.50M) | Time:00:00.19 | Mem:1.42M, Peak:1.42M | Scene, ViewLayer | Updating Geometry BVH Mandible floor 53/109 | Building BVH
Fra:1 Mem:25.53M (Peak 30.50M) | Time:00:00.19 | Mem:1.42M, Peak:1.42M | Scene, ViewLayer | Updating Geometry BVH Mandible floor 53/109 | Building mesh BLAS |      90 tris | Connected inner mouth sleeve
Fra:1 Mem:25.53M (Peak 30.50M) | Time:00:00.19 | Mem:1.42M, Peak:1.42M | Scene, ViewLayer | Updating Geometry BVH Connected outer cheek 54/109 | Building BVH
Fra:1 Mem:25.53M (Peak 30.50M) | Time:00:00.19 | Mem:1.42M, Peak:1.42M | Scene, ViewLayer | Updating Geometry BVH Layered shoulder fur.010 96/109 | Building BVH
Fra:1 Mem:25.53M (Peak 30.50M) | Time:00:00.19 | Mem:1.42M, Peak:1.42M | Scene, ViewLayer | Updating Geometry BVH Layered shoulder fur.010 96/109 | Building mesh BLAS |      22 tris | Mandible floor
Fra:1 Mem:25.53M (Peak 30.50M) | Time:00:00.19 | Mem:1.42M, Peak:1.42M | Scene, ViewLayer | Updating Geometry BVH Connected outer cheek.001 55/109 | Building BVH
Fra:1 Mem:25.53M (Peak 30.50M) | Time:00:00.19 | Mem:1.42M, Peak:1.42M | Scene, ViewLayer | Updating Geometry BVH Lower canine 57/109 | Building BVH
Fra:1 Mem:25.53M (Peak 30.50M) | Time:00:00.19 | Mem:1.42M, Peak:1.42M | Scene, ViewLayer | Updating Geometry BVH Lower canine 57/109 | Building mesh BLAS |      24 tris | Connected outer cheek.001
Fra:1 Mem:25.53M (Peak 30.50M) | Time:00:00.19 | Mem:1.42M, Peak:1.42M | Scene, ViewLayer | Updating Geometry BVH Lower canine.001 58/109 | Building mesh BLAS |      38 tris | Lower canine
Fra:1 Mem:25.53M (Peak 30.50M) | Time:00:00.19 | Mem:1.42M, Peak:1.42M | Scene, ViewLayer | Updating Geometry BVH Lower canine.001 58/109 | Building mesh BLAS |      38 tris | Lower canine.001
Fra:1 Mem:25.53M (Peak 30.50M) | Time:00:00.19 | Mem:1.42M, Peak:1.42M | Scene, ViewLayer | Updating Geometry BVH Lower canine.001 58/109 | Building mesh BLAS |      24 tris | Connected outer cheek
Fra:1 Mem:25.53M (Peak 30.50M) | Time:00:00.19 | Mem:1.42M, Peak:1.42M | Scene, ViewLayer | Updating Geometry BVH Lower canine.001 58/109 | Building mesh BLAS |     256 tris | Howl tongue
Fra:1 Mem:25.53M (Peak 30.50M) | Time:00:00.19 | Mem:1.42M, Peak:1.42M | Scene, ViewLayer | Updating Geometry BVH Pointed species ear 59/109 | Building BVH
Fra:1 Mem:25.53M (Peak 30.50M) | Time:00:00.19 | Mem:1.42M, Peak:1.42M | Scene, ViewLayer | Updating Geometry BVH Inner ear 60/109 | Building BVH
Fra:1 Mem:25.53M (Peak 30.50M) | Time:00:00.19 | Mem:1.42M, Peak:1.42M | Scene, ViewLayer | Updating Geometry BVH Inner ear 60/109 | Building mesh BLAS |       6 tris | Pointed species ear
Fra:1 Mem:25.53M (Peak 30.50M) | Time:00:00.19 | Mem:1.42M, Peak:1.42M | Scene, ViewLayer | Updating Geometry BVH Inner ear 60/109 | Building mesh BLAS |       3 tris | Inner ear
Fra:1 Mem:25.53M (Peak 30.50M) | Time:00:00.19 | Mem:1.42M, Peak:1.42M | Scene, ViewLayer | Updating Geometry BVH Inner ear.001 62/109 | Building BVH
Fra:1 Mem:25.53M (Peak 30.50M) | Time:00:00.19 | Mem:1.42M, Peak:1.42M | Scene, ViewLayer | Updating Geometry BVH Pointed species ear.001 61/109 | Building mesh BLAS |       3 tris | Inner ear.001
Fra:1 Mem:25.53M (Peak 30.50M) | Time:00:00.19 | Mem:1.42M, Peak:1.42M | Scene, ViewLayer | Updating Geometry BVH Pointed species ear.001 61/109 | Building mesh BLAS |       6 tris | Pointed species ear.001
Fra:1 Mem:25.53M (Peak 30.50M) | Time:00:00.19 | Mem:1.42M, Peak:1.42M | Scene, ViewLayer | Updating Geometry BVH Swept cheek ruff 63/109 | Building BVH
Fra:1 Mem:25.53M (Peak 30.50M) | Time:00:00.19 | Mem:1.42M, Peak:1.42M | Scene, ViewLayer | Updating Geometry BVH Swept cheek ruff 63/109 | Building mesh BLAS |      44 tris | Swept cheek ruff
Fra:1 Mem:25.53M (Peak 30.50M) | Time:00:00.19 | Mem:1.42M, Peak:1.42M | Scene, ViewLayer | Updating Geometry BVH Swept cheek ruff.001 64/109 | Building BVH
Fra:1 Mem:25.53M (Peak 30.50M) | Time:00:00.19 | Mem:1.42M, Peak:1.42M | Scene, ViewLayer | Updating Geometry BVH Swept cheek ruff.002 65/109 | Building BVH
Fra:1 Mem:25.53M (Peak 30.50M) | Time:00:00.19 | Mem:1.42M, Peak:1.42M | Scene, ViewLayer | Updating Geometry BVH Swept cheek ruff.002 65/109 | Building mesh BLAS |      44 tris | Swept cheek ruff.001
Fra:1 Mem:25.53M (Peak 30.50M) | Time:00:00.19 | Mem:1.42M, Peak:1.42M | Scene, ViewLayer | Updating Geometry BVH Swept cheek ruff.002 65/109 | Building mesh BLAS |      44 tris | Swept cheek ruff.002
Fra:1 Mem:25.53M (Peak 30.50M) | Time:00:00.19 | Mem:1.42M, Peak:1.42M | Scene, ViewLayer | Updating Geometry BVH Swept cheek ruff.003 66/109 | Building BVH
Fra:1 Mem:25.53M (Peak 30.50M) | Time:00:00.19 | Mem:1.42M, Peak:1.42M | Scene, ViewLayer | Updating Geometry BVH Swept cheek ruff.003 66/109 | Building mesh BLAS |      44 tris | Swept cheek ruff.003
Fra:1 Mem:25.53M (Peak 30.50M) | Time:00:00.19 | Mem:1.42M, Peak:1.42M | Scene, ViewLayer | Updating Geometry BVH Layered shoulder fur.009 95/109 | Building BVH
Fra:1 Mem:25.53M (Peak 30.50M) | Time:00:00.19 | Mem:1.42M, Peak:1.42M | Scene, ViewLayer | Updating Geometry BVH Swept cheek ruff.004 67/109 | Building BVH
Fra:1 Mem:25.53M (Peak 30.50M) | Time:00:00.19 | Mem:1.42M, Peak:1.42M | Scene, ViewLayer | Updating Geometry BVH Swept cheek ruff.004 67/109 | Building mesh BLAS |      44 tris | Swept cheek ruff.004
Fra:1 Mem:25.53M (Peak 30.50M) | Time:00:00.19 | Mem:1.42M, Peak:1.42M | Scene, ViewLayer | Updating Geometry BVH Swept cheek ruff.004 67/109 | Building mesh BLAS |      44 tris | Layered shoulder fur.009
Fra:1 Mem:25.53M (Peak 30.50M) | Time:00:00.19 | Mem:1.42M, Peak:1.42M | Scene, ViewLayer | Updating Geometry BVH Swept cheek ruff.005 68/109 | Building BVH
Fra:1 Mem:25.53M (Peak 30.50M) | Time:00:00.19 | Mem:1.42M, Peak:1.42M | Scene, ViewLayer | Updating Geometry BVH Swept cheek ruff.005 68/109 | Building mesh BLAS |      44 tris | Swept cheek ruff.005
Fra:1 Mem:25.53M (Peak 30.50M) | Time:00:00.19 | Mem:1.42M, Peak:1.42M | Scene, ViewLayer | Updating Geometry BVH Swept cheek ruff.006 69/109 | Building BVH
Fra:1 Mem:25.53M (Peak 30.50M) | Time:00:00.19 | Mem:1.42M, Peak:1.42M | Scene, ViewLayer | Updating Geometry BVH Swept cheek ruff.006 69/109 | Building mesh BLAS |      44 tris | Swept cheek ruff.006
Fra:1 Mem:25.53M (Peak 30.50M) | Time:00:00.19 | Mem:1.42M, Peak:1.42M | Scene, ViewLayer | Updating Geometry BVH Swept cheek ruff.007 70/109 | Building BVH
Fra:1 Mem:25.53M (Peak 30.50M) | Time:00:00.19 | Mem:1.42M, Peak:1.42M | Scene, ViewLayer | Updating Geometry BVH Swept cheek ruff.007 70/109 | Building mesh BLAS |      44 tris | Swept cheek ruff.007
Fra:1 Mem:25.53M (Peak 30.50M) | Time:00:00.19 | Mem:1.42M, Peak:1.42M | Scene, ViewLayer | Updating Geometry BVH Ice swept crest 71/109 | Building BVH
Fra:1 Mem:25.53M (Peak 30.50M) | Time:00:00.19 | Mem:1.42M, Peak:1.42M | Scene, ViewLayer | Updating Geometry BVH Ice swept crest 71/109 | Building mesh BLAS |      44 tris | Ice swept crest
Fra:1 Mem:25.53M (Peak 30.50M) | Time:00:00.19 | Mem:1.42M, Peak:1.42M | Scene, ViewLayer | Updating Geometry BVH Ice swept crest.001 72/109 | Building BVH
Fra:1 Mem:25.53M (Peak 30.50M) | Time:00:00.19 | Mem:1.42M, Peak:1.42M | Scene, ViewLayer | Updating Geometry BVH Ice swept crest.001 72/109 | Building mesh BLAS |      44 tris | Ice swept crest.001
Fra:1 Mem:25.53M (Peak 30.50M) | Time:00:00.20 | Mem:1.42M, Peak:1.42M | Scene, ViewLayer | Updating Geometry BVH Ice swept crest.002 73/109 | Building BVH
Fra:1 Mem:25.53M (Peak 30.50M) | Time:00:00.20 | Mem:1.42M, Peak:1.42M | Scene, ViewLayer | Updating Geometry BVH Ice swept crest.002 73/109 | Building mesh BLAS |      44 tris | Ice swept crest.002
Fra:1 Mem:25.53M (Peak 30.50M) | Time:00:00.20 | Mem:1.42M, Peak:1.42M | Scene, ViewLayer | Updating Geometry BVH Ice swept crest.003 74/109 | Building BVH
Fra:1 Mem:25.53M (Peak 30.50M) | Time:00:00.20 | Mem:1.42M, Peak:1.42M | Scene, ViewLayer | Updating Geometry BVH Ice swept crest.003 74/109 | Building mesh BLAS |      44 tris | Ice swept crest.003
Fra:1 Mem:25.53M (Peak 30.50M) | Time:00:00.20 | Mem:1.42M, Peak:1.42M | Scene, ViewLayer | Updating Geometry BVH Ice swept crest.005 76/109 | Building BVH
Fra:1 Mem:25.53M (Peak 30.50M) | Time:00:00.20 | Mem:1.42M, Peak:1.42M | Scene, ViewLayer | Updating Geometry BVH Ice swept crest.005 76/109 | Building mesh BLAS |      44 tris | Ice swept crest.005
Fra:1 Mem:25.53M (Peak 30.50M) | Time:00:00.20 | Mem:1.42M, Peak:1.42M | Scene, ViewLayer | Updating Geometry BVH Ice swept crest.005 76/109 | Building mesh BLAS |      44 tris | Ice swept crest.004
Fra:1 Mem:25.53M (Peak 30.50M) | Time:00:00.20 | Mem:1.42M, Peak:1.42M | Scene, ViewLayer | Updating Geometry BVH Ice swept crest.005 76/109 | Building mesh BLAS |      44 tris | Wrist fur.008
Fra:1 Mem:25.53M (Peak 30.50M) | Time:00:00.20 | Mem:1.42M, Peak:1.42M | Scene, ViewLayer | Updating Geometry BVH Layered shoulder fur 77/109 | Building BVH
Fra:1 Mem:25.53M (Peak 30.50M) | Time:00:00.20 | Mem:1.42M, Peak:1.42M | Scene, ViewLayer | Updating Geometry BVH Layered shoulder fur 77/109 | Building mesh BLAS |      44 tris | Layered shoulder fur
Fra:1 Mem:25.53M (Peak 30.50M) | Time:00:00.20 | Mem:1.42M, Peak:1.42M | Scene, ViewLayer | Updating Geometry BVH Layered shoulder fur.001 78/109 | Building BVH
Fra:1 Mem:25.53M (Peak 30.50M) | Time:00:00.20 | Mem:1.42M, Peak:1.42M | Scene, ViewLayer | Updating Geometry BVH Layered shoulder fur.001 78/109 | Building mesh BLAS |      44 tris | Layered shoulder fur.001
Fra:1 Mem:25.53M (Peak 30.50M) | Time:00:00.20 | Mem:1.42M, Peak:1.42M | Scene, ViewLayer | Updating Geometry BVH Layered shoulder fur.002 79/109 | Building BVH
Fra:1 Mem:25.53M (Peak 30.50M) | Time:00:00.20 | Mem:1.42M, Peak:1.42M | Scene, ViewLayer | Updating Geometry BVH Wrist fur 80/109 | Building BVH
Fra:1 Mem:25.53M (Peak 30.50M) | Time:00:00.20 | Mem:1.63M, Peak:1.63M | Scene, ViewLayer | Updating Geometry BVH Wrist fur 80/109 | Building mesh BLAS |      44 tris | Layered shoulder fur.002
Fra:1 Mem:25.53M (Peak 30.50M) | Time:00:00.20 | Mem:1.63M, Peak:1.63M | Scene, ViewLayer | Updating Geometry BVH Wrist fur 80/109 | Building mesh BLAS |      44 tris | Wrist fur
Fra:1 Mem:25.53M (Peak 30.50M) | Time:00:00.20 | Mem:1.63M, Peak:1.63M | Scene, ViewLayer | Updating Geometry BVH Wrist fur.001 81/109 | Building BVH
Fra:1 Mem:25.53M (Peak 30.50M) | Time:00:00.20 | Mem:1.63M, Peak:1.63M | Scene, ViewLayer | Updating Geometry BVH Wrist fur.001 81/109 | Building mesh BLAS |      44 tris | Wrist fur.001
Fra:1 Mem:25.53M (Peak 30.50M) | Time:00:00.20 | Mem:1.63M, Peak:1.63M | Scene, ViewLayer | Updating Geometry BVH Wrist fur.002 82/109 | Building BVH
Fra:1 Mem:25.53M (Peak 30.50M) | Time:00:00.20 | Mem:1.63M, Peak:1.63M | Scene, ViewLayer | Updating Geometry BVH Layered shoulder fur.003 83/109 | Building BVH
Fra:1 Mem:25.53M (Peak 30.50M) | Time:00:00.20 | Mem:1.63M, Peak:1.63M | Scene, ViewLayer | Updating Geometry BVH Layered shoulder fur.003 83/109 | Building mesh BLAS |      44 tris | Wrist fur.002
Fra:1 Mem:25.53M (Peak 30.50M) | Time:00:00.20 | Mem:1.63M, Peak:1.63M | Scene, ViewLayer | Updating Geometry BVH Layered shoulder fur.003 83/109 | Building mesh BLAS |      44 tris | Layered shoulder fur.003
Fra:1 Mem:25.53M (Peak 30.50M) | Time:00:00.20 | Mem:1.63M, Peak:1.63M | Scene, ViewLayer | Updating Geometry BVH Wrist fur.007 93/109 | Building BVH
Fra:1 Mem:25.53M (Peak 30.50M) | Time:00:00.20 | Mem:1.63M, Peak:1.63M | Scene, ViewLayer | Updating Geometry BVH Wrist fur.007 93/109 | Building mesh BLAS |      44 tris | Wrist fur.007
Fra:1 Mem:25.53M (Peak 30.50M) | Time:00:00.20 | Mem:1.63M, Peak:1.63M | Scene, ViewLayer | Updating Geometry BVH Layered shoulder fur.004 84/109 | Building BVH
Fra:1 Mem:25.53M (Peak 30.50M) | Time:00:00.20 | Mem:1.63M, Peak:1.63M | Scene, ViewLayer | Updating Geometry BVH Layered shoulder fur.004 84/109 | Building mesh BLAS |      44 tris | Layered shoulder fur.004
Fra:1 Mem:25.53M (Peak 30.50M) | Time:00:00.21 | Mem:1.64M, Peak:1.64M | Scene, ViewLayer | Updating Geometry BVH Layered shoulder fur.005 85/109 | Building BVH
Fra:1 Mem:25.53M (Peak 30.50M) | Time:00:00.21 | Mem:1.64M, Peak:1.64M | Scene, ViewLayer | Updating Geometry BVH Layered shoulder fur.005 85/109 | Building mesh BLAS |      44 tris | Layered shoulder fur.005
Fra:1 Mem:25.53M (Peak 30.50M) | Time:00:00.21 | Mem:1.64M, Peak:1.64M | Scene, ViewLayer | Updating Geometry BVH Wrist fur.003 86/109 | Building BVH
Fra:1 Mem:25.53M (Peak 30.50M) | Time:00:00.21 | Mem:1.64M, Peak:1.64M | Scene, ViewLayer | Updating Geometry BVH Wrist fur.004 87/109 | Building BVH
Fra:1 Mem:25.53M (Peak 30.50M) | Time:00:00.21 | Mem:1.66M, Peak:1.66M | Scene, ViewLayer | Updating Geometry BVH Wrist fur.004 87/109 | Building mesh BLAS |      44 tris | Wrist fur.003
Fra:1 Mem:25.53M (Peak 30.50M) | Time:00:00.21 | Mem:1.66M, Peak:1.66M | Scene, ViewLayer | Updating Geometry BVH Wrist fur.005 88/109 | Building BVH
Fra:1 Mem:25.53M (Peak 30.50M) | Time:00:00.21 | Mem:1.66M, Peak:1.66M | Scene, ViewLayer | Updating Geometry BVH Wrist fur.005 88/109 | Building mesh BLAS |      44 tris | Wrist fur.005
Fra:1 Mem:25.53M (Peak 30.50M) | Time:00:00.21 | Mem:1.66M, Peak:1.66M | Scene, ViewLayer | Updating Geometry BVH Wrist fur.005 88/109 | Building mesh BLAS |      44 tris | Wrist fur.004
Fra:1 Mem:25.53M (Peak 30.50M) | Time:00:00.21 | Mem:1.66M, Peak:1.66M | Scene, ViewLayer | Updating Geometry BVH Layered shoulder fur.007 90/109 | Building BVH
Fra:1 Mem:25.53M (Peak 30.50M) | Time:00:00.21 | Mem:1.66M, Peak:1.66M | Scene, ViewLayer | Updating Geometry BVH Layered shoulder fur.007 90/109 | Building mesh BLAS |      44 tris | Layered shoulder fur.007
Fra:1 Mem:25.53M (Peak 30.50M) | Time:00:00.21 | Mem:1.66M, Peak:1.66M | Scene, ViewLayer | Updating Geometry BVH Wrist fur.006 92/109 | Building BVH
Fra:1 Mem:25.53M (Peak 30.50M) | Time:00:00.21 | Mem:1.66M, Peak:1.66M | Scene, ViewLayer | Updating Geometry BVH Wrist fur.006 92/109 | Building mesh BLAS |      44 tris | Layered shoulder fur.006
Fra:1 Mem:25.53M (Peak 30.50M) | Time:00:00.21 | Mem:1.66M, Peak:1.66M | Scene, ViewLayer | Updating Geometry BVH Wrist fur.006 92/109 | Building mesh BLAS |      44 tris | Wrist fur.006
Fra:1 Mem:25.53M (Peak 30.50M) | Time:00:00.21 | Mem:1.67M, Peak:1.67M | Scene, ViewLayer | Updating Geometry BVH Layered shoulder fur.008 91/109 | Building BVH
Fra:1 Mem:25.53M (Peak 30.50M) | Time:00:00.21 | Mem:1.67M, Peak:1.67M | Scene, ViewLayer | Updating Geometry BVH Layered shoulder fur.008 91/109 | Building mesh BLAS |      44 tris | Layered shoulder fur.008
Fra:1 Mem:25.53M (Peak 30.50M) | Time:00:00.21 | Mem:1.88M, Peak:1.88M | Scene, ViewLayer | Updating Scene BVH | Building
Fra:1 Mem:25.53M (Peak 30.50M) | Time:00:00.22 | Mem:2.27M, Peak:2.27M | Scene, ViewLayer | Updating Scene BVH | Building TLAS      |     109 instances
Fra:1 Mem:25.53M (Peak 30.50M) | Time:00:00.22 | Mem:2.30M, Peak:2.30M | Scene, ViewLayer | Updating Scene BVH | Copying BVH to device
Fra:1 Mem:25.53M (Peak 30.50M) | Time:00:00.22 | Mem:2.30M, Peak:2.30M | Scene, ViewLayer | Updating Mesh | Computing normals
Fra:1 Mem:26.02M (Peak 30.50M) | Time:00:00.22 | Mem:2.30M, Peak:2.30M | Scene, ViewLayer | Updating Mesh | Copying Mesh to device
Fra:1 Mem:25.53M (Peak 30.50M) | Time:00:00.22 | Mem:2.82M, Peak:2.82M | Scene, ViewLayer | Updating Objects Flags
Fra:1 Mem:25.53M (Peak 30.50M) | Time:00:00.22 | Mem:2.82M, Peak:2.82M | Scene, ViewLayer | Updating Primitive Offsets
Fra:1 Mem:25.53M (Peak 30.50M) | Time:00:00.22 | Mem:2.82M, Peak:2.82M | Scene, ViewLayer | Updating Images
Fra:1 Mem:25.53M (Peak 30.50M) | Time:00:00.22 | Mem:2.82M, Peak:2.82M | Scene, ViewLayer | Updating Camera Volume
Fra:1 Mem:25.53M (Peak 30.50M) | Time:00:00.22 | Mem:2.82M, Peak:2.82M | Scene, ViewLayer | Updating Lookup Tables
Fra:1 Mem:25.45M (Peak 30.50M) | Time:00:00.22 | Mem:2.92M, Peak:2.92M | Scene, ViewLayer | Updating Lights
Fra:1 Mem:25.45M (Peak 30.50M) | Time:00:00.22 | Mem:2.92M, Peak:2.92M | Scene, ViewLayer | Updating Lights | Computing tree
Fra:1 Mem:25.45M (Peak 30.50M) | Time:00:00.22 | Mem:2.92M, Peak:2.92M | Scene, ViewLayer | Updating Integrator
Fra:1 Mem:25.45M (Peak 30.50M) | Time:00:00.22 | Mem:2.92M, Peak:2.92M | Scene, ViewLayer | Updating Film
Fra:1 Mem:25.54M (Peak 30.50M) | Time:00:00.22 | Mem:2.82M, Peak:2.92M | Scene, ViewLayer | Updating Lookup Tables
Fra:1 Mem:25.45M (Peak 30.50M) | Time:00:00.22 | Mem:2.92M, Peak:2.92M | Scene, ViewLayer | Updating Baking
Fra:1 Mem:25.45M (Peak 30.50M) | Time:00:00.22 | Mem:2.92M, Peak:2.92M | Scene, ViewLayer | Updating Device | Writing constant memory
Fra:1 Mem:25.46M (Peak 30.50M) | Time:00:00.25 | Mem:2.92M, Peak:2.92M | Scene, ViewLayer | Loading denoising kernels (may take a few minutes the first time)
Fra:1 Mem:25.46M (Peak 57.46M) | Time:00:00.26 | Mem:2818.93M, Peak:2818.93M | Scene, ViewLayer | Sample 0/12 (Using optimized kernels)
Fra:1 Mem:25.45M (Peak 60.96M) | Time:00:00.41 | Remaining:00:01.70 | Mem:2854.47M, Peak:2854.47M | Scene, ViewLayer | Sample 1/12 (Using optimized kernels)
Fra:1 Mem:40.40M (Peak 62.84M) | Time:00:05.07 | Mem:2854.48M, Peak:2854.48M | Scene, ViewLayer | Sample 12/12 (Using optimized kernels)
Fra:1 Mem:40.40M (Peak 62.84M) | Time:00:05.07 | Mem:2854.48M, Peak:2854.48M | Scene, ViewLayer | Finished
Saved: '/Users/chikumatsuboi/Code/animal-racers-western/assets/source/western/qa/form-cycle-3/after/wolf-fight-side.png'
Time: 00:05.19 (Saving: 00:00.06)

RENDERED wolf

Blender quit
