Blender 4.5.9 LTS (hash 8bf95cbd38d1 built 2026-04-21 01:30:46)
Read blend: "/Users/chikumatsuboi/Code/animal-racers-western/assets/source/western/hero-art-v1/candidate/lion-upright.blend"
Fra:1 Mem:30.49M (Peak 30.49M) | Time:00:00.21 | Mem:0.02M, Peak:0.02M | Scene, ViewLayer | Synchronizing object | Paw toe
Fra:1 Mem:30.52M (Peak 30.52M) | Time:00:00.21 | Mem:0.02M, Peak:0.02M | Scene, ViewLayer | Synchronizing object | Ivory claw
Fra:1 Mem:30.53M (Peak 30.53M) | Time:00:00.21 | Mem:0.02M, Peak:0.02M | Scene, ViewLayer | Synchronizing object | Paw toe.001
Fra:1 Mem:30.55M (Peak 30.55M) | Time:00:00.25 | Mem:0.02M, Peak:0.02M | Scene, ViewLayer | Synchronizing object | Ivory claw.001
Fra:1 Mem:30.55M (Peak 30.55M) | Time:00:00.25 | Mem:0.02M, Peak:0.02M | Scene, ViewLayer | Synchronizing object | Paw toe.002
Fra:1 Mem:30.57M (Peak 30.57M) | Time:00:00.25 | Mem:0.02M, Peak:0.02M | Scene, ViewLayer | Synchronizing object | Ivory claw.002
Fra:1 Mem:30.57M (Peak 30.57M) | Time:00:00.25 | Mem:0.02M, Peak:0.02M | Scene, ViewLayer | Synchronizing object | Paw toe.003
Fra:1 Mem:30.59M (Peak 30.59M) | Time:00:00.25 | Mem:0.02M, Peak:0.02M | Scene, ViewLayer | Synchronizing object | Ivory claw.003
Fra:1 Mem:30.59M (Peak 30.59M) | Time:00:00.25 | Mem:0.02M, Peak:0.02M | Scene, ViewLayer | Synchronizing object | Paw toe.004
Fra:1 Mem:30.61M (Peak 30.61M) | Time:00:00.25 | Mem:0.02M, Peak:0.02M | Scene, ViewLayer | Synchronizing object | Ivory claw.004
Fra:1 Mem:30.62M (Peak 30.62M) | Time:00:00.25 | Mem:0.02M, Peak:0.02M | Scene, ViewLayer | Synchronizing object | Paw toe.005
Fra:1 Mem:30.64M (Peak 30.64M) | Time:00:00.25 | Mem:0.02M, Peak:0.02M | Scene, ViewLayer | Synchronizing object | Ivory claw.005
Fra:1 Mem:30.64M (Peak 30.64M) | Time:00:00.25 | Mem:0.02M, Peak:0.02M | Scene, ViewLayer | Synchronizing object | Paw toe.006
Fra:1 Mem:30.66M (Peak 30.66M) | Time:00:00.25 | Mem:0.02M, Peak:0.02M | Scene, ViewLayer | Synchronizing object | Ivory claw.006
Fra:1 Mem:30.66M (Peak 30.66M) | Time:00:00.25 | Mem:0.02M, Peak:0.02M | Scene, ViewLayer | Synchronizing object | Paw toe.007
Fra:1 Mem:30.68M (Peak 30.68M) | Time:00:00.25 | Mem:0.02M, Peak:0.02M | Scene, ViewLayer | Synchronizing object | Ivory claw.007
Fra:1 Mem:30.68M (Peak 30.68M) | Time:00:00.25 | Mem:0.02M, Peak:0.02M | Scene, ViewLayer | Synchronizing object | Paw toe.008
Fra:1 Mem:30.70M (Peak 30.70M) | Time:00:00.25 | Mem:0.02M, Peak:0.02M | Scene, ViewLayer | Synchronizing object | Ivory claw.008
Fra:1 Mem:30.70M (Peak 30.70M) | Time:00:00.25 | Mem:0.02M, Peak:0.02M | Scene, ViewLayer | Synchronizing object | Paw toe.009
Fra:1 Mem:30.72M (Peak 30.72M) | Time:00:00.25 | Mem:0.02M, Peak:0.02M | Scene, ViewLayer | Synchronizing object | Ivory claw.009
Fra:1 Mem:30.73M (Peak 30.73M) | Time:00:00.25 | Mem:0.02M, Peak:0.02M | Scene, ViewLayer | Synchronizing object | Paw toe.010
Fra:1 Mem:30.75M (Peak 30.75M) | Time:00:00.25 | Mem:0.02M, Peak:0.02M | Scene, ViewLayer | Synchronizing object | Ivory claw.010
Fra:1 Mem:30.75M (Peak 30.75M) | Time:00:00.25 | Mem:0.02M, Peak:0.02M | Scene, ViewLayer | Synchronizing object | Paw toe.011
Fra:1 Mem:30.77M (Peak 30.77M) | Time:00:00.25 | Mem:0.02M, Peak:0.02M | Scene, ViewLayer | Synchronizing object | Ivory claw.011
Fra:1 Mem:30.77M (Peak 30.77M) | Time:00:00.25 | Mem:0.02M, Peak:0.02M | Scene, ViewLayer | Synchronizing object | Layered shoulder fur
Fra:1 Mem:30.78M (Peak 30.78M) | Time:00:00.25 | Mem:0.02M, Peak:0.02M | Scene, ViewLayer | Synchronizing object | Layered shoulder fur.001
Fra:1 Mem:30.79M (Peak 30.79M) | Time:00:00.25 | Mem:0.02M, Peak:0.02M | Scene, ViewLayer | Synchronizing object | Layered shoulder fur.002
Fra:1 Mem:30.79M (Peak 30.79M) | Time:00:00.25 | Mem:0.02M, Peak:0.02M | Scene, ViewLayer | Synchronizing object | Wrist fur
Fra:1 Mem:30.80M (Peak 30.80M) | Time:00:00.26 | Mem:0.02M, Peak:0.02M | Scene, ViewLayer | Synchronizing object | Wrist fur.001
Fra:1 Mem:30.80M (Peak 30.80M) | Time:00:00.26 | Mem:0.02M, Peak:0.02M | Scene, ViewLayer | Synchronizing object | Layered shoulder fur.004
Fra:1 Mem:30.81M (Peak 30.81M) | Time:00:00.26 | Mem:0.02M, Peak:0.02M | Scene, ViewLayer | Synchronizing object | Layered shoulder fur.005
Fra:1 Mem:30.81M (Peak 30.81M) | Time:00:00.26 | Mem:0.02M, Peak:0.02M | Scene, ViewLayer | Synchronizing object | Wrist fur.003
Fra:1 Mem:30.82M (Peak 30.82M) | Time:00:00.26 | Mem:0.02M, Peak:0.02M | Scene, ViewLayer | Synchronizing object | Wrist fur.004
Fra:1 Mem:30.82M (Peak 30.82M) | Time:00:00.26 | Mem:0.02M, Peak:0.02M | Scene, ViewLayer | Synchronizing object | Wrist fur.005
Fra:1 Mem:30.83M (Peak 30.83M) | Time:00:00.26 | Mem:0.02M, Peak:0.02M | Scene, ViewLayer | Synchronizing object | Layered shoulder fur.006
Fra:1 Mem:30.83M (Peak 30.83M) | Time:00:00.26 | Mem:0.02M, Peak:0.02M | Scene, ViewLayer | Synchronizing object | Layered shoulder fur.007
Fra:1 Mem:30.84M (Peak 30.84M) | Time:00:00.26 | Mem:0.02M, Peak:0.02M | Scene, ViewLayer | Synchronizing object | Layered shoulder fur.008
Fra:1 Mem:30.85M (Peak 30.85M) | Time:00:00.26 | Mem:0.02M, Peak:0.02M | Scene, ViewLayer | Synchronizing object | Hero matched lighting.002
Fra:1 Mem:30.85M (Peak 30.85M) | Time:00:00.26 | Mem:0.02M, Peak:0.02M | Scene, ViewLayer | Synchronizing object | Hero matched lighting.001
Fra:1 Mem:30.85M (Peak 30.85M) | Time:00:00.26 | Mem:0.02M, Peak:0.02M | Scene, ViewLayer | Synchronizing object | Hero matched lighting
Fra:1 Mem:30.85M (Peak 30.85M) | Time:00:00.26 | Mem:0.02M, Peak:0.02M | Scene, ViewLayer | Synchronizing object | Hero short swept crown.004
Fra:1 Mem:30.87M (Peak 30.87M) | Time:00:00.26 | Mem:0.02M, Peak:0.02M | Scene, ViewLayer | Synchronizing object | Hero short swept crown.003
Fra:1 Mem:30.89M (Peak 30.89M) | Time:00:00.26 | Mem:0.02M, Peak:0.02M | Scene, ViewLayer | Synchronizing object | Hero short swept crown.002
Fra:1 Mem:30.91M (Peak 30.91M) | Time:00:00.26 | Mem:0.02M, Peak:0.02M | Scene, ViewLayer | Synchronizing object | Hero short swept crown.001
Fra:1 Mem:30.92M (Peak 30.92M) | Time:00:00.26 | Mem:0.02M, Peak:0.02M | Scene, ViewLayer | Synchronizing object | Hero short swept crown
Fra:1 Mem:30.94M (Peak 30.94M) | Time:00:00.26 | Mem:0.02M, Peak:0.02M | Scene, ViewLayer | Synchronizing object | Hero short throat mass.002
Fra:1 Mem:30.95M (Peak 30.95M) | Time:00:00.26 | Mem:0.02M, Peak:0.02M | Scene, ViewLayer | Synchronizing object | Wrist fur.006
Fra:1 Mem:30.96M (Peak 30.96M) | Time:00:00.26 | Mem:0.02M, Peak:0.02M | Scene, ViewLayer | Synchronizing object | Hero short throat mass.001
Fra:1 Mem:30.98M (Peak 30.98M) | Time:00:00.26 | Mem:0.02M, Peak:0.02M | Scene, ViewLayer | Synchronizing object | Hero short throat mass
Fra:1 Mem:30.99M (Peak 30.99M) | Time:00:00.26 | Mem:0.02M, Peak:0.02M | Scene, ViewLayer | Synchronizing object | Wrist fur.007
Fra:1 Mem:31.02M (Peak 31.02M) | Time:00:00.26 | Mem:0.02M, Peak:0.02M | Scene, ViewLayer | Synchronizing object | Hero authored sweeping ruff mass.017
Fra:1 Mem:31.02M (Peak 31.02M) | Time:00:00.26 | Mem:0.02M, Peak:0.02M | Scene, ViewLayer | Synchronizing object | Wrist fur.008
Fra:1 Mem:31.04M (Peak 31.04M) | Time:00:00.26 | Mem:0.02M, Peak:0.02M | Scene, ViewLayer | Synchronizing object | Hero authored sweeping ruff mass.016
Fra:1 Mem:31.04M (Peak 31.04M) | Time:00:00.26 | Mem:0.02M, Peak:0.02M | Scene, ViewLayer | Synchronizing object | Layered shoulder fur.009
Fra:1 Mem:31.07M (Peak 31.07M) | Time:00:00.26 | Mem:0.02M, Peak:0.02M | Scene, ViewLayer | Synchronizing object | Hero authored sweeping ruff mass.015
Fra:1 Mem:31.08M (Peak 31.08M) | Time:00:00.26 | Mem:0.02M, Peak:0.02M | Scene, ViewLayer | Synchronizing object | Layered shoulder fur.010
Fra:1 Mem:31.10M (Peak 31.10M) | Time:00:00.26 | Mem:0.02M, Peak:0.02M | Scene, ViewLayer | Synchronizing object | Hero restrained fire edge.005
Fra:1 Mem:31.10M (Peak 31.10M) | Time:00:00.26 | Mem:0.02M, Peak:0.02M | Scene, ViewLayer | Synchronizing object | Layered shoulder fur.011
Fra:1 Mem:31.12M (Peak 31.12M) | Time:00:00.26 | Mem:0.02M, Peak:0.02M | Scene, ViewLayer | Synchronizing object | Hero authored sweeping ruff mass.014
Fra:1 Mem:31.12M (Peak 31.12M) | Time:00:00.26 | Mem:0.02M, Peak:0.02M | Scene, ViewLayer | Synchronizing object | Wrist fur.009
Fra:1 Mem:31.15M (Peak 31.15M) | Time:00:00.26 | Mem:0.02M, Peak:0.02M | Scene, ViewLayer | Synchronizing object | Hero authored sweeping ruff mass.013
Fra:1 Mem:31.16M (Peak 31.16M) | Time:00:00.26 | Mem:0.02M, Peak:0.02M | Scene, ViewLayer | Synchronizing object | Wrist fur.010
Fra:1 Mem:31.18M (Peak 31.18M) | Time:00:00.26 | Mem:0.02M, Peak:0.02M | Scene, ViewLayer | Synchronizing object | Wrist fur.011
Fra:1 Mem:31.18M (Peak 31.18M) | Time:00:00.26 | Mem:0.02M, Peak:0.02M | Scene, ViewLayer | Synchronizing object | Articulated tail
Fra:1 Mem:31.21M (Peak 31.21M) | Time:00:00.26 | Mem:0.02M, Peak:0.02M | Scene, ViewLayer | Synchronizing object | Flame tail tuft
Fra:1 Mem:31.21M (Peak 31.21M) | Time:00:00.26 | Mem:0.02M, Peak:0.02M | Scene, ViewLayer | Synchronizing object | Flame tail tuft.001
Fra:1 Mem:31.22M (Peak 31.22M) | Time:00:00.26 | Mem:0.02M, Peak:0.02M | Scene, ViewLayer | Synchronizing object | Flame tail tuft.002
Fra:1 Mem:31.22M (Peak 31.22M) | Time:00:00.26 | Mem:0.02M, Peak:0.02M | Scene, ViewLayer | Synchronizing object | Flame tail tuft.003
Fra:1 Mem:31.22M (Peak 31.22M) | Time:00:00.26 | Mem:0.02M, Peak:0.02M | Scene, ViewLayer | Synchronizing object | Flame tail tuft.004
Fra:1 Mem:31.23M (Peak 31.23M) | Time:00:00.26 | Mem:0.02M, Peak:0.02M | Scene, ViewLayer | Synchronizing object | Flame tail tuft.005
Fra:1 Mem:31.23M (Peak 31.23M) | Time:00:00.26 | Mem:0.02M, Peak:0.02M | Scene, ViewLayer | Synchronizing object | Flame tail tuft.006
Fra:1 Mem:31.24M (Peak 31.24M) | Time:00:00.26 | Mem:0.02M, Peak:0.02M | Scene, ViewLayer | Synchronizing object | Leather neckerchief roll
Fra:1 Mem:31.26M (Peak 31.26M) | Time:00:00.26 | Mem:0.02M, Peak:0.02M | Scene, ViewLayer | Synchronizing object | Neckerchief folded point
Fra:1 Mem:31.26M (Peak 31.26M) | Time:00:00.26 | Mem:0.02M, Peak:0.02M | Scene, ViewLayer | Synchronizing object | Brass crest clasp
Fra:1 Mem:31.29M (Peak 31.29M) | Time:00:00.26 | Mem:0.02M, Peak:0.02M | Scene, ViewLayer | Synchronizing object | Raised elemental crest
Fra:1 Mem:31.29M (Peak 31.29M) | Time:00:00.26 | Mem:0.02M, Peak:0.02M | Scene, ViewLayer | Synchronizing object | Upright body • connected joint topology
Fra:1 Mem:31.85M (Peak 31.85M) | Time:00:00.26 | Mem:0.02M, Peak:0.02M | Scene, ViewLayer | Synchronizing object | Hero continuous skull cheeks and muzzle
Fra:1 Mem:32.10M (Peak 32.10M) | Time:00:00.27 | Mem:0.02M, Peak:0.02M | Scene, ViewLayer | Synchronizing object | Hero restrained fire edge.004
Fra:1 Mem:32.30M (Peak 32.30M) | Time:00:00.27 | Mem:0.02M, Peak:0.02M | Scene, ViewLayer | Synchronizing object | Hero authored sweeping ruff mass.012
Fra:1 Mem:32.33M (Peak 32.33M) | Time:00:00.27 | Mem:0.02M, Peak:0.02M | Scene, ViewLayer | Synchronizing object | Hero authored sweeping ruff mass.011
Fra:1 Mem:32.37M (Peak 32.37M) | Time:00:00.27 | Mem:0.02M, Peak:0.02M | Scene, ViewLayer | Synchronizing object | Hero whisker pore.002
Fra:1 Mem:32.36M (Peak 32.37M) | Time:00:00.27 | Mem:0.02M, Peak:0.02M | Scene, ViewLayer | Synchronizing object | Hero authored sweeping ruff mass.010
Fra:1 Mem:32.36M (Peak 32.37M) | Time:00:00.27 | Mem:0.02M, Peak:0.02M | Scene, ViewLayer | Synchronizing object | Hero whisker pore.003
Fra:1 Mem:32.38M (Peak 32.38M) | Time:00:00.27 | Mem:0.02M, Peak:0.02M | Scene, ViewLayer | Synchronizing object | Hero whisker pore.004
Fra:1 Mem:32.39M (Peak 32.39M) | Time:00:00.27 | Mem:0.02M, Peak:0.02M | Scene, ViewLayer | Synchronizing object | Hero restrained fire edge.003
Fra:1 Mem:32.39M (Peak 32.39M) | Time:00:00.27 | Mem:0.02M, Peak:0.02M | Scene, ViewLayer | Synchronizing object | Hero whisker pore.005
Fra:1 Mem:32.41M (Peak 32.41M) | Time:00:00.27 | Mem:0.02M, Peak:0.02M | Scene, ViewLayer | Synchronizing object | Hero whisker pore.006
Fra:1 Mem:32.41M (Peak 32.41M) | Time:00:00.27 | Mem:0.02M, Peak:0.02M | Scene, ViewLayer | Synchronizing object | Hero authored sweeping ruff mass.009
Fra:1 Mem:32.43M (Peak 32.43M) | Time:00:00.27 | Mem:0.02M, Peak:0.02M | Scene, ViewLayer | Synchronizing object | Hero whisker pore.007
Fra:1 Mem:32.44M (Peak 32.44M) | Time:00:00.27 | Mem:0.02M, Peak:0.02M | Scene, ViewLayer | Synchronizing object | Hero authored sweeping ruff mass.008
Fra:1 Mem:32.44M (Peak 32.44M) | Time:00:00.27 | Mem:0.02M, Peak:0.02M | Scene, ViewLayer | Synchronizing object | Hero whisker pore.008
Fra:1 Mem:32.46M (Peak 32.46M) | Time:00:00.27 | Mem:0.02M, Peak:0.02M | Scene, ViewLayer | Synchronizing object | Hero whisker pore.009
Fra:1 Mem:32.47M (Peak 32.47M) | Time:00:00.27 | Mem:0.02M, Peak:0.02M | Scene, ViewLayer | Synchronizing object | Hero authored sweeping ruff mass.007
Fra:1 Mem:32.47M (Peak 32.47M) | Time:00:00.27 | Mem:0.02M, Peak:0.02M | Scene, ViewLayer | Synchronizing object | Hero whisker pore.010
Fra:1 Mem:32.49M (Peak 32.49M) | Time:00:00.27 | Mem:0.02M, Peak:0.02M | Scene, ViewLayer | Synchronizing object | Hero whisker pore.011
Fra:1 Mem:32.50M (Peak 32.50M) | Time:00:00.27 | Mem:0.02M, Peak:0.02M | Scene, ViewLayer | Synchronizing object | Hero authored sweeping ruff mass.006
Fra:1 Mem:32.52M (Peak 32.52M) | Time:00:00.27 | Mem:0.02M, Peak:0.02M | Scene, ViewLayer | Synchronizing object | Hero whisker pore.012
Fra:1 Mem:32.53M (Peak 32.53M) | Time:00:00.27 | Mem:0.02M, Peak:0.02M | Scene, ViewLayer | Synchronizing object | Hero restrained fire edge.002
Fra:1 Mem:32.55M (Peak 32.55M) | Time:00:00.27 | Mem:0.02M, Peak:0.02M | Scene, ViewLayer | Synchronizing object | Hero authored sweeping ruff mass.005
Fra:1 Mem:32.56M (Peak 32.56M) | Time:00:00.27 | Mem:0.02M, Peak:0.02M | Scene, ViewLayer | Synchronizing object | Hero whisker pore.013
Fra:1 Mem:32.58M (Peak 32.58M) | Time:00:00.27 | Mem:0.02M, Peak:0.02M | Scene, ViewLayer | Synchronizing object | Hero authored sweeping ruff mass.004
Fra:1 Mem:32.58M (Peak 32.58M) | Time:00:00.27 | Mem:0.02M, Peak:0.02M | Scene, ViewLayer | Synchronizing object | Hero whisker pore.014
Fra:1 Mem:32.61M (Peak 32.61M) | Time:00:00.27 | Mem:0.02M, Peak:0.02M | Scene, ViewLayer | Synchronizing object | Hero restrained fire edge.001
Fra:1 Mem:32.61M (Peak 32.61M) | Time:00:00.27 | Mem:0.02M, Peak:0.02M | Scene, ViewLayer | Synchronizing object | Hero whisker pore.015
Fra:1 Mem:32.63M (Peak 32.63M) | Time:00:00.27 | Mem:0.02M, Peak:0.02M | Scene, ViewLayer | Synchronizing object | Hero authored sweeping ruff mass.003
Fra:1 Mem:32.63M (Peak 32.63M) | Time:00:00.27 | Mem:0.02M, Peak:0.02M | Scene, ViewLayer | Synchronizing object | Hero whisker pore.016
Fra:1 Mem:32.64M (Peak 32.64M) | Time:00:00.27 | Mem:0.02M, Peak:0.02M | Scene, ViewLayer | Synchronizing object | Hero connected oral sleeve
Fra:1 Mem:32.66M (Peak 32.66M) | Time:00:00.27 | Mem:0.02M, Peak:0.02M | Scene, ViewLayer | Synchronizing object | Hero authored sweeping ruff mass.002
Fra:1 Mem:32.68M (Peak 32.68M) | Time:00:00.27 | Mem:0.02M, Peak:0.02M | Scene, ViewLayer | Synchronizing object | Hero recessed almond eye -1
Fra:1 Mem:32.74M (Peak 32.74M) | Time:00:00.27 | Mem:0.02M, Peak:0.02M | Scene, ViewLayer | Synchronizing object | Hero amber iris -1
Fra:1 Mem:32.74M (Peak 32.74M) | Time:00:00.27 | Mem:0.02M, Peak:0.02M | Scene, ViewLayer | Synchronizing object | Hero vertical pupil -1
Fra:1 Mem:32.81M (Peak 32.81M) | Time:00:00.27 | Mem:0.02M, Peak:0.02M | Scene, ViewLayer | Synchronizing object | Hero small catchlight -1
Fra:1 Mem:32.86M (Peak 32.86M) | Time:00:00.27 | Mem:0.02M, Peak:0.02M | Scene, ViewLayer | Synchronizing object | Hero sculpted supraorbital brow -1
Fra:1 Mem:32.95M (Peak 32.95M) | Time:00:00.27 | Mem:0.02M, Peak:0.02M | Scene, ViewLayer | Synchronizing object | Hero cupped leonine ear -1
Fra:1 Mem:33.15M (Peak 33.15M) | Time:00:00.27 | Mem:0.02M, Peak:0.02M | Scene, ViewLayer | Synchronizing object | Hero recessed almond eye 1
Fra:1 Mem:33.23M (Peak 33.23M) | Time:00:00.27 | Mem:0.02M, Peak:0.02M | Scene, ViewLayer | Synchronizing object | Hero amber iris 1
Fra:1 Mem:33.37M (Peak 33.37M) | Time:00:00.27 | Mem:0.02M, Peak:0.02M | Scene, ViewLayer | Synchronizing object | Hero authored sweeping ruff mass
Fra:1 Mem:33.18M (Peak 33.37M) | Time:00:00.27 | Mem:0.02M, Peak:0.02M | Scene, ViewLayer | Synchronizing object | Hero small catchlight 1
Fra:1 Mem:33.22M (Peak 33.37M) | Time:00:00.27 | Mem:0.02M, Peak:0.02M | Scene, ViewLayer | Synchronizing object | Hero sculpted supraorbital brow 1
Fra:1 Mem:33.23M (Peak 33.37M) | Time:00:00.27 | Mem:0.02M, Peak:0.02M | Scene, ViewLayer | Synchronizing object | Hero connected radial cheek and jaw ruff
Fra:1 Mem:33.24M (Peak 33.37M) | Time:00:00.27 | Mem:0.02M, Peak:0.02M | Scene, ViewLayer | Synchronizing object | Hero cupped leonine ear 1
Fra:1 Mem:33.79M (Peak 33.79M) | Time:00:00.28 | Mem:0.02M, Peak:0.02M | Scene, ViewLayer | Initializing
Fra:1 Mem:31.41M (Peak 33.79M) | Time:00:00.28 | Mem:0.02M, Peak:0.02M | Scene, ViewLayer | Updating Images | Loading Authored short-fur normal
Fra:1 Mem:26.73M (Peak 33.79M) | Time:00:00.50 | Mem:0.27M, Peak:0.27M | Scene, ViewLayer | Waiting for render to start
Fra:1 Mem:26.73M (Peak 33.79M) | Time:00:00.50 | Mem:0.27M, Peak:0.27M | Scene, ViewLayer | Updating Scene
Fra:1 Mem:26.73M (Peak 33.79M) | Time:00:00.50 | Mem:0.27M, Peak:0.27M | Scene, ViewLayer | Updating Shaders
Fra:1 Mem:26.73M (Peak 33.79M) | Time:00:00.50 | Mem:0.27M, Peak:0.27M | Scene, ViewLayer | Loading render kernels (may take a few minutes the first time)
Fra:1 Mem:26.81M (Peak 33.79M) | Time:00:02.86 | Mem:0.28M, Peak:0.28M | Scene, ViewLayer | Updating Procedurals
Fra:1 Mem:26.81M (Peak 33.79M) | Time:00:02.88 | Mem:0.28M, Peak:0.28M | Scene, ViewLayer | Updating Background
Fra:1 Mem:26.81M (Peak 33.79M) | Time:00:02.88 | Mem:0.28M, Peak:0.28M | Scene, ViewLayer | Updating Camera
Fra:1 Mem:26.81M (Peak 33.79M) | Time:00:02.94 | Mem:0.28M, Peak:0.28M | Scene, ViewLayer | Updating Meshes Flags
Fra:1 Mem:26.81M (Peak 33.79M) | Time:00:02.95 | Mem:0.28M, Peak:0.28M | Scene, ViewLayer | Updating Objects
Fra:1 Mem:26.81M (Peak 33.79M) | Time:00:02.95 | Mem:0.28M, Peak:0.28M | Scene, ViewLayer | Updating Objects | Copying Transformations to device
Fra:1 Mem:26.81M (Peak 33.79M) | Time:00:03.23 | Mem:0.31M, Peak:0.31M | Scene, ViewLayer | Updating Particle Systems
Fra:1 Mem:26.81M (Peak 33.79M) | Time:00:03.23 | Mem:0.31M, Peak:0.31M | Scene, ViewLayer | Updating Particle Systems | Copying Particles to device
Fra:1 Mem:26.81M (Peak 33.79M) | Time:00:03.44 | Mem:0.31M, Peak:0.31M | Scene, ViewLayer | Updating Meshes
Fra:1 Mem:28.49M (Peak 33.79M) | Time:00:04.94 | Mem:0.31M, Peak:0.31M | Scene, ViewLayer | Updating Objects | Applying Static Transformations
Fra:1 Mem:28.49M (Peak 33.79M) | Time:00:04.95 | Mem:0.31M, Peak:0.31M | Scene, ViewLayer | Updating Mesh | Computing attributes
Fra:1 Mem:30.92M (Peak 33.79M) | Time:00:04.96 | Mem:0.34M, Peak:0.34M | Scene, ViewLayer | Updating Mesh | Copying Attributes to device
Fra:1 Mem:28.49M (Peak 33.79M) | Time:00:08.95 | Mem:2.78M, Peak:2.78M | Scene, ViewLayer | Updating Geometry BVH light 133/132 | Building BVH
Fra:1 Mem:28.49M (Peak 33.79M) | Time:00:08.95 | Mem:2.78M, Peak:2.78M | Scene, ViewLayer | Updating Geometry BVH Paw toe.012 2/132 | Building BVH
Fra:1 Mem:28.49M (Peak 33.79M) | Time:00:08.95 | Mem:2.78M, Peak:2.78M | Scene, ViewLayer | Updating Geometry BVH Paw toe.015 8/132 | Building BVH
Fra:1 Mem:28.49M (Peak 33.79M) | Time:00:08.95 | Mem:2.78M, Peak:2.78M | Scene, ViewLayer | Updating Geometry BVH Hero matched lighting.002 132/132 | Building BVH
Fra:1 Mem:28.49M (Peak 33.79M) | Time:00:08.95 | Mem:2.78M, Peak:2.78M | Scene, ViewLayer | Updating Geometry BVH Hero matched lighting.001 131/132 | Building BVH
Fra:1 Mem:28.49M (Peak 33.79M) | Time:00:08.95 | Mem:2.78M, Peak:2.78M | Scene, ViewLayer | Updating Geometry BVH Hero matched lighting.001 131/132 | Building mesh BLAS |      32 tris | Ivory claw.014
Fra:1 Mem:28.49M (Peak 33.79M) | Time:00:08.95 | Mem:2.78M, Peak:2.78M | Scene, ViewLayer | Updating Geometry BVH Hero matched lighting.001 131/132 | Building mesh BLAS |     192 tris | Paw toe.015
Fra:1 Mem:28.49M (Peak 33.79M) | Time:00:08.95 | Mem:2.78M, Peak:2.78M | Scene, ViewLayer | Updating Geometry BVH Hero matched lighting.001 131/132 | Building mesh BLAS |     192 tris | Paw toe.014
Fra:1 Mem:28.49M (Peak 33.79M) | Time:00:08.95 | Mem:2.78M, Peak:2.78M | Scene, ViewLayer | Updating Geometry BVH Hero matched lighting.001 131/132 | Building mesh BLAS |     192 tris | Paw toe.012
Fra:1 Mem:28.49M (Peak 33.79M) | Time:00:08.96 | Mem:2.78M, Peak:2.78M | Scene, ViewLayer | Updating Geometry BVH Ivory claw.015 9/132 | Building BVH
Fra:1 Mem:28.49M (Peak 33.79M) | Time:00:08.96 | Mem:2.78M, Peak:2.78M | Scene, ViewLayer | Updating Geometry BVH Paw toe.016 10/132 | Building mesh BLAS |      32 tris | Ivory claw.015
Fra:1 Mem:28.49M (Peak 33.79M) | Time:00:08.96 | Mem:2.78M, Peak:2.78M | Scene, ViewLayer | Updating Geometry BVH Hero matched lighting 130/132 | Building BVH
Fra:1 Mem:28.49M (Peak 33.79M) | Time:00:08.96 | Mem:2.78M, Peak:2.78M | Scene, ViewLayer | Updating Geometry BVH Hero short swept crown.004 129/132 | Building BVH
Fra:1 Mem:28.49M (Peak 33.79M) | Time:00:08.96 | Mem:2.78M, Peak:2.78M | Scene, ViewLayer | Updating Geometry BVH Hero short swept crown.004 129/132 | Building mesh BLAS |     152 tris | Hero short swept crown.004
Fra:1 Mem:28.49M (Peak 33.79M) | Time:00:08.96 | Mem:2.78M, Peak:2.78M | Scene, ViewLayer | Updating Geometry BVH Hero short swept crown.004 129/132 | Building mesh BLAS |     192 tris | Paw toe.016
Fra:1 Mem:28.49M (Peak 33.79M) | Time:00:08.96 | Mem:2.78M, Peak:2.78M | Scene, ViewLayer | Updating Geometry BVH Ivory claw.016 11/132 | Building BVH
Fra:1 Mem:28.49M (Peak 33.79M) | Time:00:08.96 | Mem:2.78M, Peak:2.78M | Scene, ViewLayer | Updating Geometry BVH Ivory claw.016 11/132 | Building mesh BLAS |      32 tris | Ivory claw.016
Fra:1 Mem:28.49M (Peak 33.79M) | Time:00:08.99 | Mem:2.78M, Peak:2.78M | Scene, ViewLayer | Updating Geometry BVH Ivory claw.017 13/132 | Building BVH
Fra:1 Mem:28.49M (Peak 33.79M) | Time:00:08.99 | Mem:2.78M, Peak:2.78M | Scene, ViewLayer | Updating Geometry BVH Paw toe.018 14/132 | Building mesh BLAS |      32 tris | Ivory claw.017
Fra:1 Mem:28.49M (Peak 33.79M) | Time:00:08.99 | Mem:2.78M, Peak:2.78M | Scene, ViewLayer | Updating Geometry BVH Ivory claw.018 15/132 | Building BVH
Fra:1 Mem:28.49M (Peak 33.79M) | Time:00:08.99 | Mem:2.78M, Peak:2.78M | Scene, ViewLayer | Updating Geometry BVH Ivory claw.018 15/132 | Building mesh BLAS |      32 tris | Ivory claw.018
Fra:1 Mem:28.49M (Peak 33.79M) | Time:00:08.99 | Mem:2.78M, Peak:2.78M | Scene, ViewLayer | Updating Geometry BVH Ivory claw.018 15/132 | Building mesh BLAS |     152 tris | Hero short swept crown.003
Fra:1 Mem:28.49M (Peak 33.79M) | Time:00:08.99 | Mem:2.78M, Peak:2.78M | Scene, ViewLayer | Updating Geometry BVH Paw toe.019 16/132 | Building BVH
Fra:1 Mem:28.49M (Peak 33.79M) | Time:00:08.99 | Mem:2.78M, Peak:2.78M | Scene, ViewLayer | Updating Geometry BVH Paw toe.019 16/132 | Building mesh BLAS |     192 tris | Paw toe.019
Fra:1 Mem:28.49M (Peak 33.79M) | Time:00:09.00 | Mem:2.78M, Peak:2.78M | Scene, ViewLayer | Updating Geometry BVH Ivory claw.019 17/132 | Building BVH
Fra:1 Mem:28.49M (Peak 33.79M) | Time:00:09.00 | Mem:2.78M, Peak:2.78M | Scene, ViewLayer | Updating Geometry BVH Ivory claw.019 17/132 | Building mesh BLAS |      32 tris | Ivory claw.019
Fra:1 Mem:28.49M (Peak 33.79M) | Time:00:09.00 | Mem:2.78M, Peak:2.78M | Scene, ViewLayer | Updating Geometry BVH Ivory claw.020 19/132 | Building BVH
Fra:1 Mem:28.49M (Peak 33.79M) | Time:00:09.00 | Mem:2.78M, Peak:2.78M | Scene, ViewLayer | Updating Geometry BVH Ivory claw.020 19/132 | Building mesh BLAS |      32 tris | Ivory claw.020
Fra:1 Mem:28.49M (Peak 33.79M) | Time:00:09.00 | Mem:2.78M, Peak:2.78M | Scene, ViewLayer | Updating Geometry BVH Paw toe.021 20/132 | Building BVH
Fra:1 Mem:28.49M (Peak 33.79M) | Time:00:09.00 | Mem:2.78M, Peak:2.78M | Scene, ViewLayer | Updating Geometry BVH Paw toe.021 20/132 | Building mesh BLAS |     192 tris | Paw toe.021
Fra:1 Mem:28.49M (Peak 33.79M) | Time:00:09.00 | Mem:2.78M, Peak:2.78M | Scene, ViewLayer | Updating Geometry BVH Ivory claw.021 21/132 | Building BVH
Fra:1 Mem:28.49M (Peak 33.79M) | Time:00:09.00 | Mem:2.78M, Peak:2.78M | Scene, ViewLayer | Updating Geometry BVH Ivory claw.021 21/132 | Building mesh BLAS |      32 tris | Ivory claw.021
Fra:1 Mem:28.49M (Peak 33.79M) | Time:00:09.00 | Mem:2.78M, Peak:2.78M | Scene, ViewLayer | Updating Geometry BVH Paw toe.022 22/132 | Building BVH
Fra:1 Mem:28.49M (Peak 33.79M) | Time:00:09.00 | Mem:2.78M, Peak:2.78M | Scene, ViewLayer | Updating Geometry BVH Paw toe.022 22/132 | Building mesh BLAS |     192 tris | Paw toe.022
Fra:1 Mem:28.49M (Peak 33.79M) | Time:00:09.00 | Mem:2.78M, Peak:2.78M | Scene, ViewLayer | Updating Geometry BVH Paw toe.022 22/132 | Building mesh BLAS |     192 tris | Paw toe.020
Fra:1 Mem:28.49M (Peak 33.79M) | Time:00:09.03 | Mem:2.78M, Peak:2.78M | Scene, ViewLayer | Updating Geometry BVH Paw toe.022 22/132 | Building mesh BLAS |     192 tris | Paw toe.018
Fra:1 Mem:28.49M (Peak 33.79M) | Time:00:09.06 | Mem:2.78M, Peak:2.78M | Scene, ViewLayer | Updating Geometry BVH Ivory claw.023 25/132 | Building BVH
Fra:1 Mem:28.49M (Peak 33.79M) | Time:00:09.06 | Mem:2.78M, Peak:2.78M | Scene, ViewLayer | Updating Geometry BVH Ivory claw.023 25/132 | Building mesh BLAS |     192 tris | Paw toe.017
Fra:1 Mem:28.49M (Peak 33.79M) | Time:00:09.06 | Mem:2.78M, Peak:2.78M | Scene, ViewLayer | Updating Geometry BVH Layered shoulder fur.012 26/132 | Building BVH
Fra:1 Mem:28.49M (Peak 33.79M) | Time:00:09.08 | Mem:2.78M, Peak:2.78M | Scene, ViewLayer | Updating Geometry BVH Layered shoulder fur.012 26/132 | Building mesh BLAS |      44 tris | Layered shoulder fur.012
Fra:1 Mem:28.49M (Peak 33.79M) | Time:00:09.12 | Mem:2.78M, Peak:2.78M | Scene, ViewLayer | Updating Geometry BVH Layered shoulder fur.012 26/132 | Building mesh BLAS |      32 tris | Ivory claw.023
Fra:1 Mem:28.49M (Peak 33.79M) | Time:00:09.12 | Mem:2.78M, Peak:2.78M | Scene, ViewLayer | Updating Geometry BVH Hero short swept crown.002 127/132 | Building BVH
Fra:1 Mem:28.49M (Peak 33.79M) | Time:00:09.13 | Mem:2.78M, Peak:2.78M | Scene, ViewLayer | Updating Geometry BVH Layered shoulder fur.013 27/132 | Building BVH
Fra:1 Mem:28.49M (Peak 33.79M) | Time:00:09.13 | Mem:2.78M, Peak:2.78M | Scene, ViewLayer | Updating Geometry BVH Layered shoulder fur.013 27/132 | Building mesh BLAS |      44 tris | Layered shoulder fur.013
Fra:1 Mem:28.49M (Peak 33.79M) | Time:00:09.13 | Mem:2.78M, Peak:2.78M | Scene, ViewLayer | Updating Geometry BVH Layered shoulder fur.013 27/132 | Building mesh BLAS |     152 tris | Hero short swept crown.002
Fra:1 Mem:28.49M (Peak 33.79M) | Time:00:09.13 | Mem:2.78M, Peak:2.78M | Scene, ViewLayer | Updating Geometry BVH Layered shoulder fur.014 28/132 | Building BVH
Fra:1 Mem:28.49M (Peak 33.79M) | Time:00:09.13 | Mem:2.78M, Peak:2.78M | Scene, ViewLayer | Updating Geometry BVH Layered shoulder fur.014 28/132 | Building mesh BLAS |      44 tris | Layered shoulder fur.014
Fra:1 Mem:28.49M (Peak 33.79M) | Time:00:09.14 | Mem:2.78M, Peak:2.78M | Scene, ViewLayer | Updating Geometry BVH Wrist fur.012 29/132 | Building BVH
Fra:1 Mem:28.49M (Peak 33.79M) | Time:00:09.14 | Mem:2.78M, Peak:2.78M | Scene, ViewLayer | Updating Geometry BVH Wrist fur.012 29/132 | Building mesh BLAS |      44 tris | Wrist fur.012
Fra:1 Mem:28.49M (Peak 33.79M) | Time:00:09.14 | Mem:2.78M, Peak:2.78M | Scene, ViewLayer | Updating Geometry BVH Wrist fur.013 30/132 | Building BVH
Fra:1 Mem:28.49M (Peak 33.79M) | Time:00:09.14 | Mem:2.78M, Peak:2.78M | Scene, ViewLayer | Updating Geometry BVH Wrist fur.013 30/132 | Building mesh BLAS |      44 tris | Wrist fur.013
Fra:1 Mem:28.49M (Peak 33.79M) | Time:00:09.14 | Mem:2.78M, Peak:2.78M | Scene, ViewLayer | Updating Geometry BVH Layered shoulder fur.015 32/132 | Building BVH
Fra:1 Mem:28.49M (Peak 33.79M) | Time:00:09.14 | Mem:2.78M, Peak:2.78M | Scene, ViewLayer | Updating Geometry BVH Layered shoulder fur.016 33/132 | Building BVH
Fra:1 Mem:28.49M (Peak 33.79M) | Time:00:09.14 | Mem:2.78M, Peak:2.78M | Scene, ViewLayer | Updating Geometry BVH Layered shoulder fur.016 33/132 | Building mesh BLAS |      44 tris | Wrist fur.014
Fra:1 Mem:28.49M (Peak 33.79M) | Time:00:09.14 | Mem:2.78M, Peak:2.78M | Scene, ViewLayer | Updating Geometry BVH Layered shoulder fur.017 34/132 | Building BVH
Fra:1 Mem:28.49M (Peak 33.79M) | Time:00:09.14 | Mem:2.78M, Peak:2.78M | Scene, ViewLayer | Updating Geometry BVH Layered shoulder fur.017 34/132 | Building mesh BLAS |      44 tris | Layered shoulder fur.017
Fra:1 Mem:28.49M (Peak 33.79M) | Time:00:09.14 | Mem:2.78M, Peak:2.78M | Scene, ViewLayer | Updating Geometry BVH Hero short swept crown.001 126/132 | Building BVH
Fra:1 Mem:28.49M (Peak 33.79M) | Time:00:09.14 | Mem:2.78M, Peak:2.78M | Scene, ViewLayer | Updating Geometry BVH Hero short swept crown.001 126/132 | Building mesh BLAS |     152 tris | Hero short swept crown.001
Fra:1 Mem:28.49M (Peak 33.79M) | Time:00:09.14 | Mem:2.78M, Peak:2.78M | Scene, ViewLayer | Updating Geometry BVH Wrist fur.015 35/132 | Building BVH
Fra:1 Mem:28.49M (Peak 33.79M) | Time:00:09.14 | Mem:2.78M, Peak:2.78M | Scene, ViewLayer | Updating Geometry BVH Wrist fur.015 35/132 | Building mesh BLAS |      44 tris | Wrist fur.015
Fra:1 Mem:28.49M (Peak 33.79M) | Time:00:09.14 | Mem:2.78M, Peak:2.78M | Scene, ViewLayer | Updating Geometry BVH Wrist fur.016 36/132 | Building BVH
Fra:1 Mem:28.49M (Peak 33.79M) | Time:00:09.14 | Mem:2.78M, Peak:2.78M | Scene, ViewLayer | Updating Geometry BVH Wrist fur.016 36/132 | Building mesh BLAS |      44 tris | Wrist fur.016
Fra:1 Mem:28.49M (Peak 33.79M) | Time:00:09.15 | Mem:2.78M, Peak:2.78M | Scene, ViewLayer | Updating Geometry BVH Wrist fur.016 36/132 | Building mesh BLAS |      44 tris | Layered shoulder fur.015
Fra:1 Mem:28.49M (Peak 33.79M) | Time:00:09.15 | Mem:2.78M, Peak:2.78M | Scene, ViewLayer | Updating Geometry BVH Layered shoulder fur.019 39/132 | Building BVH
Fra:1 Mem:28.49M (Peak 33.79M) | Time:00:09.15 | Mem:2.78M, Peak:2.78M | Scene, ViewLayer | Updating Geometry BVH Layered shoulder fur.019 39/132 | Building mesh BLAS |      44 tris | Layered shoulder fur.019
Fra:1 Mem:28.49M (Peak 33.79M) | Time:00:09.21 | Mem:2.78M, Peak:2.78M | Scene, ViewLayer | Updating Geometry BVH Layered shoulder fur.020 40/132 | Building BVH
Fra:1 Mem:28.49M (Peak 33.79M) | Time:00:09.21 | Mem:2.78M, Peak:2.78M | Scene, ViewLayer | Updating Geometry BVH Layered shoulder fur.020 40/132 | Building mesh BLAS |      44 tris | Layered shoulder fur.020
Fra:1 Mem:28.49M (Peak 33.79M) | Time:00:09.21 | Mem:2.78M, Peak:2.78M | Scene, ViewLayer | Updating Geometry BVH Wrist fur.018 41/132 | Building BVH
Fra:1 Mem:28.49M (Peak 33.79M) | Time:00:09.29 | Mem:2.78M, Peak:2.78M | Scene, ViewLayer | Updating Geometry BVH Hero short swept crown 125/132 | Building mesh BLAS |      44 tris | Wrist fur.018
Fra:1 Mem:28.49M (Peak 33.79M) | Time:00:09.29 | Mem:2.78M, Peak:2.78M | Scene, ViewLayer | Updating Geometry BVH Hero short swept crown 125/132 | Building mesh BLAS |      44 tris | Wrist fur.020
Fra:1 Mem:28.49M (Peak 33.79M) | Time:00:09.29 | Mem:2.78M, Peak:2.78M | Scene, ViewLayer | Updating Geometry BVH Hero short swept crown 125/132 | Building mesh BLAS |      44 tris | Wrist fur.017
Fra:1 Mem:28.49M (Peak 33.79M) | Time:00:09.29 | Mem:2.78M, Peak:2.78M | Scene, ViewLayer | Updating Geometry BVH Layered shoulder fur.021 44/132 | Building BVH
Fra:1 Mem:28.49M (Peak 33.79M) | Time:00:09.29 | Mem:2.78M, Peak:2.78M | Scene, ViewLayer | Updating Geometry BVH Layered shoulder fur.022 45/132 | Building BVH
Fra:1 Mem:28.49M (Peak 33.79M) | Time:00:09.29 | Mem:2.78M, Peak:2.78M | Scene, ViewLayer | Updating Geometry BVH Layered shoulder fur.022 45/132 | Building mesh BLAS |      44 tris | Layered shoulder fur.021
Fra:1 Mem:28.49M (Peak 33.79M) | Time:00:09.29 | Mem:2.78M, Peak:2.78M | Scene, ViewLayer | Updating Geometry BVH Layered shoulder fur.023 46/132 | Building BVH
Fra:1 Mem:28.49M (Peak 33.79M) | Time:00:09.29 | Mem:2.78M, Peak:2.78M | Scene, ViewLayer | Updating Geometry BVH Layered shoulder fur.023 46/132 | Building mesh BLAS |      44 tris | Layered shoulder fur.023
Fra:1 Mem:28.49M (Peak 33.79M) | Time:00:09.29 | Mem:2.78M, Peak:2.78M | Scene, ViewLayer | Updating Geometry BVH Wrist fur.021 47/132 | Building BVH
Fra:1 Mem:28.49M (Peak 33.79M) | Time:00:09.29 | Mem:2.78M, Peak:2.78M | Scene, ViewLayer | Updating Geometry BVH Wrist fur.021 47/132 | Building mesh BLAS |      44 tris | Wrist fur.021
Fra:1 Mem:28.49M (Peak 33.79M) | Time:00:09.29 | Mem:2.78M, Peak:2.78M | Scene, ViewLayer | Updating Geometry BVH Wrist fur.022 48/132 | Building BVH
Fra:1 Mem:28.49M (Peak 33.79M) | Time:00:09.29 | Mem:2.78M, Peak:2.78M | Scene, ViewLayer | Updating Geometry BVH Wrist fur.022 48/132 | Building mesh BLAS |      44 tris | Wrist fur.022
Fra:1 Mem:28.49M (Peak 33.79M) | Time:00:09.29 | Mem:2.78M, Peak:2.78M | Scene, ViewLayer | Updating Geometry BVH Wrist fur.023 49/132 | Building BVH
Fra:1 Mem:28.49M (Peak 33.79M) | Time:00:09.29 | Mem:2.78M, Peak:2.78M | Scene, ViewLayer | Updating Geometry BVH Wrist fur.023 49/132 | Building mesh BLAS |      44 tris | Wrist fur.023
Fra:1 Mem:28.49M (Peak 33.79M) | Time:00:09.29 | Mem:2.78M, Peak:2.78M | Scene, ViewLayer | Updating Geometry BVH Articulated tail.001 50/132 | Building BVH
Fra:1 Mem:28.49M (Peak 33.79M) | Time:00:09.29 | Mem:2.78M, Peak:2.78M | Scene, ViewLayer | Updating Geometry BVH Flame tail tuft.007 51/132 | Building BVH
Fra:1 Mem:28.49M (Peak 33.79M) | Time:00:09.29 | Mem:2.78M, Peak:2.78M | Scene, ViewLayer | Updating Geometry BVH Flame tail tuft.007 51/132 | Building mesh BLAS |     268 tris | Articulated tail.001
Fra:1 Mem:28.49M (Peak 33.79M) | Time:00:09.29 | Mem:2.78M, Peak:2.78M | Scene, ViewLayer | Updating Geometry BVH Flame tail tuft.008 52/132 | Building BVH
Fra:1 Mem:28.49M (Peak 33.79M) | Time:00:09.29 | Mem:2.78M, Peak:2.78M | Scene, ViewLayer | Updating Geometry BVH Flame tail tuft.009 53/132 | Building BVH
Fra:1 Mem:28.49M (Peak 33.79M) | Time:00:09.29 | Mem:2.78M, Peak:2.78M | Scene, ViewLayer | Updating Geometry BVH Flame tail tuft.009 53/132 | Building mesh BLAS |      44 tris | Flame tail tuft.009
Fra:1 Mem:28.49M (Peak 33.79M) | Time:00:09.29 | Mem:2.78M, Peak:2.78M | Scene, ViewLayer | Updating Geometry BVH Flame tail tuft.010 54/132 | Building BVH
Fra:1 Mem:28.49M (Peak 33.79M) | Time:00:09.29 | Mem:2.78M, Peak:2.78M | Scene, ViewLayer | Updating Geometry BVH Flame tail tuft.010 54/132 | Building mesh BLAS |      44 tris | Flame tail tuft.010
Fra:1 Mem:28.49M (Peak 33.79M) | Time:00:09.29 | Mem:2.78M, Peak:2.78M | Scene, ViewLayer | Updating Geometry BVH Flame tail tuft.011 55/132 | Building BVH
Fra:1 Mem:28.49M (Peak 33.79M) | Time:00:09.29 | Mem:2.78M, Peak:2.78M | Scene, ViewLayer | Updating Geometry BVH Flame tail tuft.011 55/132 | Building mesh BLAS |      44 tris | Flame tail tuft.011
Fra:1 Mem:28.49M (Peak 33.79M) | Time:00:09.29 | Mem:2.78M, Peak:2.78M | Scene, ViewLayer | Updating Geometry BVH Flame tail tuft.012 56/132 | Building BVH
Fra:1 Mem:28.49M (Peak 33.79M) | Time:00:09.29 | Mem:2.78M, Peak:2.78M | Scene, ViewLayer | Updating Geometry BVH Flame tail tuft.012 56/132 | Building mesh BLAS |      44 tris | Flame tail tuft.012
Fra:1 Mem:28.49M (Peak 33.79M) | Time:00:09.29 | Mem:2.78M, Peak:2.78M | Scene, ViewLayer | Updating Geometry BVH Flame tail tuft.013 57/132 | Building BVH
Fra:1 Mem:28.49M (Peak 33.79M) | Time:00:09.29 | Mem:2.78M, Peak:2.78M | Scene, ViewLayer | Updating Geometry BVH Flame tail tuft.013 57/132 | Building mesh BLAS |      44 tris | Flame tail tuft.013
Fra:1 Mem:28.49M (Peak 33.79M) | Time:00:09.29 | Mem:2.78M, Peak:2.78M | Scene, ViewLayer | Updating Geometry BVH Hero fitted chest collar 58/132 | Building BVH
Fra:1 Mem:28.49M (Peak 33.79M) | Time:00:09.29 | Mem:2.78M, Peak:2.78M | Scene, ViewLayer | Updating Geometry BVH Neckerchief folded point.001 59/132 | Building BVH
Fra:1 Mem:28.49M (Peak 33.79M) | Time:00:09.29 | Mem:2.78M, Peak:2.78M | Scene, ViewLayer | Updating Geometry BVH Neckerchief folded point.001 59/132 | Building mesh BLAS |       4 tris | Neckerchief folded point.001
Fra:1 Mem:28.49M (Peak 33.79M) | Time:00:09.29 | Mem:2.78M, Peak:2.78M | Scene, ViewLayer | Updating Geometry BVH Neckerchief folded point.001 59/132 | Building mesh BLAS |     336 tris | Hero fitted chest collar
Fra:1 Mem:28.49M (Peak 33.79M) | Time:00:09.29 | Mem:2.78M, Peak:2.78M | Scene, ViewLayer | Updating Geometry BVH Brass crest clasp.001 60/132 | Building BVH
Fra:1 Mem:28.49M (Peak 33.79M) | Time:00:09.29 | Mem:2.78M, Peak:2.78M | Scene, ViewLayer | Updating Geometry BVH Brass crest clasp.001 60/132 | Building mesh BLAS |     320 tris | Brass crest clasp.001
Fra:1 Mem:28.49M (Peak 33.79M) | Time:00:09.29 | Mem:2.78M, Peak:2.78M | Scene, ViewLayer | Updating Geometry BVH Raised elemental crest.001 61/132 | Building BVH
Fra:1 Mem:28.49M (Peak 33.79M) | Time:00:09.29 | Mem:2.78M, Peak:2.78M | Scene, ViewLayer | Updating Geometry BVH Raised elemental crest.001 61/132 | Building mesh BLAS |      36 tris | Raised elemental crest.001
Fra:1 Mem:28.49M (Peak 33.79M) | Time:00:09.29 | Mem:2.78M, Peak:2.78M | Scene, ViewLayer | Updating Geometry BVH Designed upright joint-loop topology 62/132 | Building BVH
Fra:1 Mem:28.49M (Peak 33.79M) | Time:00:09.29 | Mem:2.78M, Peak:2.78M | Scene, ViewLayer | Updating Geometry BVH Hero continuous skull cheeks and muzzle 63/132 | Building BVH
Fra:1 Mem:28.49M (Peak 33.79M) | Time:00:09.29 | Mem:2.78M, Peak:2.78M | Scene, ViewLayer | Updating Geometry BVH Hero continuous skull cheeks and muzzle 63/132 | Building mesh BLAS |    8632 tris | Designed upright joint-loop topology
Fra:1 Mem:28.49M (Peak 33.79M) | Time:00:09.29 | Mem:2.78M, Peak:2.78M | Scene, ViewLayer | Updating Geometry BVH Hero continuous skull cheeks and muzzle 63/132 | Building mesh BLAS |    4032 tris | Hero continuous skull cheeks and muzzle
Fra:1 Mem:28.49M (Peak 33.79M) | Time:00:09.29 | Mem:2.78M, Peak:2.78M | Scene, ViewLayer | Updating Geometry BVH Hero feline nose plane 64/132 | Building BVH
Fra:1 Mem:28.49M (Peak 33.79M) | Time:00:09.29 | Mem:2.78M, Peak:2.78M | Scene, ViewLayer | Updating Geometry BVH Hero feline nose plane 64/132 | Building mesh BLAS |      30 tris | Hero feline nose plane
Fra:1 Mem:28.49M (Peak 33.79M) | Time:00:09.29 | Mem:2.78M, Peak:2.78M | Scene, ViewLayer | Updating Geometry BVH Hero whisker pore 65/132 | Building BVH
Fra:1 Mem:28.49M (Peak 33.79M) | Time:00:09.29 | Mem:2.78M, Peak:2.78M | Scene, ViewLayer | Updating Geometry BVH Hero whisker pore 65/132 | Building mesh BLAS |       7 tris | Hero whisker pore
Fra:1 Mem:28.49M (Peak 33.79M) | Time:00:09.29 | Mem:2.78M, Peak:2.78M | Scene, ViewLayer | Updating Geometry BVH Hero whisker pore 65/132 | Building mesh BLAS |      44 tris | Layered shoulder fur.018
Fra:1 Mem:28.49M (Peak 33.79M) | Time:00:09.29 | Mem:2.78M, Peak:2.78M | Scene, ViewLayer | Updating Geometry BVH Hero whisker pore 65/132 | Building mesh BLAS |      44 tris | Flame tail tuft.008
Fra:1 Mem:28.49M (Peak 33.79M) | Time:00:09.29 | Mem:2.78M, Peak:2.78M | Scene, ViewLayer | Updating Geometry BVH Hero whisker pore 65/132 | Building mesh BLAS |      44 tris | Wrist fur.019
Fra:1 Mem:28.49M (Peak 33.79M) | Time:00:09.30 | Mem:2.78M, Peak:2.78M | Scene, ViewLayer | Updating Geometry BVH Hero whisker pore 65/132 | Building mesh BLAS |     152 tris | Hero short swept crown
Fra:1 Mem:28.49M (Peak 33.79M) | Time:00:09.37 | Mem:2.78M, Peak:2.78M | Scene, ViewLayer | Updating Geometry BVH Hero whisker pore.001 66/132 | Building BVH
Fra:1 Mem:28.49M (Peak 33.79M) | Time:00:09.37 | Mem:2.78M, Peak:2.78M | Scene, ViewLayer | Updating Geometry BVH Hero whisker pore.002 67/132 | Building BVH
Fra:1 Mem:28.49M (Peak 33.79M) | Time:00:09.37 | Mem:2.78M, Peak:2.78M | Scene, ViewLayer | Updating Geometry BVH Hero whisker pore.003 68/132 | Building BVH
Fra:1 Mem:28.49M (Peak 33.79M) | Time:00:09.37 | Mem:2.78M, Peak:2.78M | Scene, ViewLayer | Updating Geometry BVH Hero whisker pore.003 68/132 | Building mesh BLAS |       7 tris | Hero whisker pore.003
Fra:1 Mem:28.49M (Peak 33.79M) | Time:00:09.37 | Mem:2.78M, Peak:2.78M | Scene, ViewLayer | Updating Geometry BVH Hero whisker pore.004 69/132 | Building BVH
Fra:1 Mem:28.49M (Peak 33.79M) | Time:00:09.37 | Mem:2.78M, Peak:2.78M | Scene, ViewLayer | Updating Geometry BVH Hero whisker pore.004 69/132 | Building mesh BLAS |       7 tris | Hero whisker pore.004
Fra:1 Mem:28.49M (Peak 33.79M) | Time:00:09.38 | Mem:2.78M, Peak:2.78M | Scene, ViewLayer | Updating Geometry BVH Hero whisker pore.005 70/132 | Building BVH
Fra:1 Mem:28.49M (Peak 33.79M) | Time:00:09.38 | Mem:2.78M, Peak:2.78M | Scene, ViewLayer | Updating Geometry BVH Hero whisker pore.005 70/132 | Building mesh BLAS |       7 tris | Hero whisker pore.005
Fra:1 Mem:28.49M (Peak 33.79M) | Time:00:09.38 | Mem:2.78M, Peak:2.78M | Scene, ViewLayer | Updating Geometry BVH Hero whisker pore.006 71/132 | Building BVH
Fra:1 Mem:28.49M (Peak 33.79M) | Time:00:09.38 | Mem:2.78M, Peak:2.78M | Scene, ViewLayer | Updating Geometry BVH Hero whisker pore.006 71/132 | Building mesh BLAS |       7 tris | Hero whisker pore.006
Fra:1 Mem:28.49M (Peak 33.79M) | Time:00:09.43 | Mem:2.85M, Peak:2.85M | Scene, ViewLayer | Updating Geometry BVH Hero whisker pore.006 71/132 | Building mesh BLAS |       7 tris | Hero whisker pore.001
Fra:1 Mem:28.49M (Peak 33.79M) | Time:00:09.43 | Mem:2.85M, Peak:2.85M | Scene, ViewLayer | Updating Geometry BVH Hero whisker pore.007 72/132 | Building BVH
Fra:1 Mem:28.49M (Peak 33.79M) | Time:00:09.43 | Mem:2.85M, Peak:2.85M | Scene, ViewLayer | Updating Geometry BVH Hero short throat mass.002 124/132 | Building BVH
Fra:1 Mem:28.49M (Peak 33.79M) | Time:00:09.43 | Mem:2.85M, Peak:2.85M | Scene, ViewLayer | Updating Geometry BVH Hero short throat mass.002 124/132 | Building mesh BLAS |     176 tris | Hero short throat mass.002
Fra:1 Mem:28.49M (Peak 33.79M) | Time:00:09.43 | Mem:2.85M, Peak:2.85M | Scene, ViewLayer | Updating Geometry BVH Hero short throat mass.001 123/132 | Building BVH
Fra:1 Mem:28.49M (Peak 33.79M) | Time:00:09.43 | Mem:2.85M, Peak:2.85M | Scene, ViewLayer | Updating Geometry BVH Hero short throat mass.001 123/132 | Building mesh BLAS |     176 tris | Hero short throat mass.001
Fra:1 Mem:28.49M (Peak 33.79M) | Time:00:09.43 | Mem:2.85M, Peak:2.85M | Scene, ViewLayer | Updating Geometry BVH Hero short throat mass 122/132 | Building BVH
Fra:1 Mem:28.49M (Peak 33.79M) | Time:00:09.43 | Mem:2.85M, Peak:2.85M | Scene, ViewLayer | Updating Geometry BVH Hero short throat mass 122/132 | Building mesh BLAS |     176 tris | Hero short throat mass
Fra:1 Mem:28.49M (Peak 33.79M) | Time:00:09.43 | Mem:2.85M, Peak:2.85M | Scene, ViewLayer | Updating Geometry BVH Hero whisker pore.008 73/132 | Building BVH
Fra:1 Mem:28.49M (Peak 33.79M) | Time:00:09.43 | Mem:2.85M, Peak:2.85M | Scene, ViewLayer | Updating Geometry BVH Hero whisker pore.008 73/132 | Building mesh BLAS |       7 tris | Hero whisker pore.008
Fra:1 Mem:28.49M (Peak 33.79M) | Time:00:09.44 | Mem:2.85M, Peak:2.85M | Scene, ViewLayer | Updating Geometry BVH Hero whisker pore.009 74/132 | Building BVH
Fra:1 Mem:28.49M (Peak 33.79M) | Time:00:09.44 | Mem:2.85M, Peak:2.85M | Scene, ViewLayer | Updating Geometry BVH Hero whisker pore.009 74/132 | Building mesh BLAS |       7 tris | Hero whisker pore.009
Fra:1 Mem:28.49M (Peak 33.79M) | Time:00:09.44 | Mem:2.85M, Peak:2.85M | Scene, ViewLayer | Updating Geometry BVH Hero whisker pore.010 75/132 | Building BVH
Fra:1 Mem:28.49M (Peak 33.79M) | Time:00:09.44 | Mem:2.85M, Peak:2.85M | Scene, ViewLayer | Updating Geometry BVH Hero whisker pore.010 75/132 | Building mesh BLAS |       7 tris | Hero whisker pore.010
Fra:1 Mem:28.49M (Peak 33.79M) | Time:00:09.44 | Mem:2.85M, Peak:2.85M | Scene, ViewLayer | Updating Geometry BVH Hero whisker pore.011 76/132 | Building BVH
Fra:1 Mem:28.49M (Peak 33.79M) | Time:00:09.44 | Mem:2.85M, Peak:2.85M | Scene, ViewLayer | Updating Geometry BVH Hero whisker pore.011 76/132 | Building mesh BLAS |       7 tris | Hero whisker pore.011
Fra:1 Mem:28.49M (Peak 33.79M) | Time:00:09.44 | Mem:2.85M, Peak:2.85M | Scene, ViewLayer | Updating Geometry BVH Hero whisker pore.012 77/132 | Building BVH
Fra:1 Mem:28.49M (Peak 33.79M) | Time:00:09.44 | Mem:2.85M, Peak:2.85M | Scene, ViewLayer | Updating Geometry BVH Hero whisker pore.012 77/132 | Building mesh BLAS |       7 tris | Hero whisker pore.012
Fra:1 Mem:28.49M (Peak 33.79M) | Time:00:09.44 | Mem:2.85M, Peak:2.85M | Scene, ViewLayer | Updating Geometry BVH Hero whisker pore.013 78/132 | Building BVH
Fra:1 Mem:28.49M (Peak 33.79M) | Time:00:09.44 | Mem:2.85M, Peak:2.85M | Scene, ViewLayer | Updating Geometry BVH Hero whisker pore.013 78/132 | Building mesh BLAS |       7 tris | Hero whisker pore.013
Fra:1 Mem:28.49M (Peak 33.79M) | Time:00:09.44 | Mem:2.85M, Peak:2.85M | Scene, ViewLayer | Updating Geometry BVH Hero whisker pore.014 79/132 | Building BVH
Fra:1 Mem:28.49M (Peak 33.79M) | Time:00:09.44 | Mem:2.85M, Peak:2.85M | Scene, ViewLayer | Updating Geometry BVH Hero whisker pore.014 79/132 | Building mesh BLAS |       7 tris | Hero whisker pore.014
Fra:1 Mem:28.49M (Peak 33.79M) | Time:00:09.44 | Mem:2.85M, Peak:2.85M | Scene, ViewLayer | Updating Geometry BVH Hero whisker pore.014 79/132 | Building mesh BLAS |       7 tris | Hero whisker pore.002
Fra:1 Mem:28.49M (Peak 33.79M) | Time:00:09.44 | Mem:2.85M, Peak:2.85M | Scene, ViewLayer | Updating Geometry BVH Hero whisker pore.015 80/132 | Building BVH
Fra:1 Mem:28.49M (Peak 33.79M) | Time:00:09.44 | Mem:2.85M, Peak:2.85M | Scene, ViewLayer | Updating Geometry BVH Hero whisker pore.015 80/132 | Building mesh BLAS |       7 tris | Hero whisker pore.015
Fra:1 Mem:28.49M (Peak 33.79M) | Time:00:09.44 | Mem:2.85M, Peak:2.85M | Scene, ViewLayer | Updating Geometry BVH Hero whisker pore.015 80/132 | Building mesh BLAS |     268 tris | Hero authored sweeping ruff mass.017
Fra:1 Mem:28.49M (Peak 33.79M) | Time:00:09.44 | Mem:2.87M, Peak:2.87M | Scene, ViewLayer | Updating Geometry BVH Hero whisker pore.016 81/132 | Building BVH
Fra:1 Mem:28.49M (Peak 33.79M) | Time:00:09.45 | Mem:2.87M, Peak:2.87M | Scene, ViewLayer | Updating Geometry BVH Hero whisker pore.017 82/132 | Building mesh BLAS |       7 tris | Hero whisker pore.016
Fra:1 Mem:28.49M (Peak 33.79M) | Time:00:09.45 | Mem:2.87M, Peak:2.87M | Scene, ViewLayer | Updating Geometry BVH Hero authored sweeping ruff mass.016 120/132 | Building BVH
Fra:1 Mem:28.49M (Peak 33.79M) | Time:00:09.45 | Mem:2.87M, Peak:2.87M | Scene, ViewLayer | Updating Geometry BVH Hero connected oral sleeve 84/132 | Building BVH
Fra:1 Mem:28.49M (Peak 33.79M) | Time:00:09.45 | Mem:2.87M, Peak:2.87M | Scene, ViewLayer | Updating Geometry BVH Hero connected oral sleeve 84/132 | Building mesh BLAS |     156 tris | Hero shaped mandible
Fra:1 Mem:28.49M (Peak 33.79M) | Time:00:09.45 | Mem:2.87M, Peak:2.87M | Scene, ViewLayer | Updating Geometry BVH Hero connected oral sleeve 84/132 | Building mesh BLAS |     268 tris | Hero authored sweeping ruff mass.016
Fra:1 Mem:28.49M (Peak 33.79M) | Time:00:09.45 | Mem:2.87M, Peak:2.87M | Scene, ViewLayer | Updating Geometry BVH Hero connected oral sleeve 84/132 | Building mesh BLAS |       7 tris | Hero whisker pore.017
Fra:1 Mem:28.49M (Peak 33.79M) | Time:00:09.45 | Mem:2.87M, Peak:2.87M | Scene, ViewLayer | Updating Geometry BVH Hero connected oral sleeve 84/132 | Building mesh BLAS |     144 tris | Hero connected oral sleeve
Fra:1 Mem:28.49M (Peak 33.79M) | Time:00:09.45 | Mem:2.91M, Peak:2.91M | Scene, ViewLayer | Updating Geometry BVH Hero recessed almond eye -1 85/132 | Building BVH
Fra:1 Mem:28.49M (Peak 33.79M) | Time:00:09.45 | Mem:2.91M, Peak:2.91M | Scene, ViewLayer | Updating Geometry BVH Hero amber iris -1 86/132 | Building mesh BLAS |     224 tris | Hero recessed almond eye -1
Fra:1 Mem:28.49M (Peak 33.79M) | Time:00:09.45 | Mem:2.91M, Peak:2.91M | Scene, ViewLayer | Updating Geometry BVH Hero authored sweeping ruff mass.015 119/132 | Building BVH
Fra:1 Mem:28.49M (Peak 33.79M) | Time:00:09.45 | Mem:2.93M, Peak:2.93M | Scene, ViewLayer | Updating Geometry BVH Hero vertical pupil -1 87/132 | Building BVH
Fra:1 Mem:28.49M (Peak 33.79M) | Time:00:09.45 | Mem:2.93M, Peak:2.93M | Scene, ViewLayer | Updating Geometry BVH Hero vertical pupil -1 87/132 | Building mesh BLAS |      24 tris | Hero vertical pupil -1
Fra:1 Mem:28.49M (Peak 33.79M) | Time:00:09.45 | Mem:2.93M, Peak:2.93M | Scene, ViewLayer | Updating Geometry BVH Hero small catchlight -1 88/132 | Building BVH
Fra:1 Mem:28.49M (Peak 33.79M) | Time:00:09.45 | Mem:2.93M, Peak:2.93M | Scene, ViewLayer | Updating Geometry BVH Hero small catchlight -1 88/132 | Building mesh BLAS |      24 tris | Hero small catchlight -1
Fra:1 Mem:28.49M (Peak 33.79M) | Time:00:09.45 | Mem:2.93M, Peak:2.93M | Scene, ViewLayer | Updating Geometry BVH Hero sculpted supraorbital brow -1 89/132 | Building BVH
Fra:1 Mem:28.49M (Peak 33.79M) | Time:00:09.45 | Mem:2.93M, Peak:2.93M | Scene, ViewLayer | Updating Geometry BVH Hero sculpted supraorbital brow -1 89/132 | Building mesh BLAS |     164 tris | Hero sculpted supraorbital brow -1
Fra:1 Mem:28.49M (Peak 33.79M) | Time:00:09.45 | Mem:2.93M, Peak:2.93M | Scene, ViewLayer | Updating Geometry BVH Hero cupped leonine ear -1 90/132 | Building BVH
Fra:1 Mem:28.49M (Peak 33.79M) | Time:00:09.45 | Mem:2.93M, Peak:2.93M | Scene, ViewLayer | Updating Geometry BVH Hero cupped leonine ear -1 90/132 | Building mesh BLAS |     144 tris | Hero cupped leonine ear -1
Fra:1 Mem:28.49M (Peak 33.79M) | Time:00:09.45 | Mem:2.93M, Peak:2.93M | Scene, ViewLayer | Updating Geometry BVH Hero cupped leonine ear -1 90/132 | Building mesh BLAS |     268 tris | Hero authored sweeping ruff mass.015
Fra:1 Mem:28.49M (Peak 33.79M) | Time:00:09.45 | Mem:2.93M, Peak:2.93M | Scene, ViewLayer | Updating Geometry BVH Hero cupped leonine ear -1 90/132 | Building mesh BLAS |      24 tris | Hero amber iris -1
Fra:1 Mem:28.49M (Peak 33.79M) | Time:00:09.45 | Mem:2.93M, Peak:2.93M | Scene, ViewLayer | Updating Geometry BVH Hero amber iris 1 92/132 | Building BVH
Fra:1 Mem:28.49M (Peak 33.79M) | Time:00:09.45 | Mem:2.93M, Peak:2.93M | Scene, ViewLayer | Updating Geometry BVH Hero small catchlight 1 94/132 | Building BVH
Fra:1 Mem:28.49M (Peak 33.79M) | Time:00:09.45 | Mem:2.93M, Peak:2.93M | Scene, ViewLayer | Updating Geometry BVH Hero small catchlight 1 94/132 | Building mesh BLAS |      24 tris | Hero small catchlight 1
Fra:1 Mem:28.49M (Peak 33.79M) | Time:00:09.45 | Mem:2.93M, Peak:2.93M | Scene, ViewLayer | Updating Geometry BVH Hero sculpted supraorbital brow 1 95/132 | Building BVH
Fra:1 Mem:28.49M (Peak 33.79M) | Time:00:09.46 | Mem:2.93M, Peak:2.93M | Scene, ViewLayer | Updating Geometry BVH Hero sculpted supraorbital brow 1 95/132 | Building mesh BLAS |      24 tris | Hero vertical pupil 1
Fra:1 Mem:28.49M (Peak 33.79M) | Time:00:09.46 | Mem:2.93M, Peak:2.93M | Scene, ViewLayer | Updating Geometry BVH Hero restrained fire edge.005 118/132 | Building BVH
Fra:1 Mem:28.49M (Peak 33.79M) | Time:00:09.46 | Mem:2.93M, Peak:2.93M | Scene, ViewLayer | Updating Geometry BVH Hero restrained fire edge.005 118/132 | Building mesh BLAS |     146 tris | Hero restrained fire edge.005
Fra:1 Mem:28.49M (Peak 33.79M) | Time:00:09.46 | Mem:2.93M, Peak:2.93M | Scene, ViewLayer | Updating Geometry BVH Hero authored sweeping ruff mass.014 117/132 | Building BVH
Fra:1 Mem:28.49M (Peak 33.79M) | Time:00:09.46 | Mem:2.93M, Peak:2.93M | Scene, ViewLayer | Updating Geometry BVH Hero authored sweeping ruff mass.014 117/132 | Building mesh BLAS |     268 tris | Hero authored sweeping ruff mass.014
Fra:1 Mem:28.49M (Peak 33.79M) | Time:00:09.46 | Mem:2.93M, Peak:2.93M | Scene, ViewLayer | Updating Geometry BVH Hero authored sweeping ruff mass.013 116/132 | Building BVH
Fra:1 Mem:28.49M (Peak 33.79M) | Time:00:09.46 | Mem:2.93M, Peak:2.93M | Scene, ViewLayer | Updating Geometry BVH Hero authored sweeping ruff mass.013 116/132 | Building mesh BLAS |     268 tris | Hero authored sweeping ruff mass.013
Fra:1 Mem:28.49M (Peak 33.79M) | Time:00:09.46 | Mem:2.93M, Peak:2.93M | Scene, ViewLayer | Updating Geometry BVH Hero authored sweeping ruff mass.013 116/132 | Building mesh BLAS |      24 tris | Hero amber iris 1
Fra:1 Mem:28.49M (Peak 33.79M) | Time:00:09.46 | Mem:2.93M, Peak:2.93M | Scene, ViewLayer | Updating Geometry BVH Hero cupped leonine ear 1 96/132 | Building BVH
Fra:1 Mem:28.49M (Peak 33.79M) | Time:00:09.46 | Mem:2.93M, Peak:2.93M | Scene, ViewLayer | Updating Geometry BVH Hero cupped leonine ear 1 96/132 | Building mesh BLAS |     144 tris | Hero cupped leonine ear 1
Fra:1 Mem:28.49M (Peak 33.79M) | Time:00:09.46 | Mem:2.93M, Peak:2.93M | Scene, ViewLayer | Updating Geometry BVH Hero restrained fire edge.004 115/132 | Building BVH
Fra:1 Mem:28.49M (Peak 33.79M) | Time:00:09.46 | Mem:2.93M, Peak:2.93M | Scene, ViewLayer | Updating Geometry BVH Hero connected radial cheek and jaw ruff 97/132 | Building mesh BLAS |     146 tris | Hero restrained fire edge.004
Fra:1 Mem:28.49M (Peak 33.79M) | Time:00:09.46 | Mem:2.93M, Peak:2.93M | Scene, ViewLayer | Updating Geometry BVH Hero connected radial cheek and jaw ruff 97/132 | Building mesh BLAS |    4784 tris | Hero connected radial cheek and jaw ruff
Fra:1 Mem:28.49M (Peak 33.79M) | Time:00:09.46 | Mem:2.97M, Peak:2.97M | Scene, ViewLayer | Updating Geometry BVH Hero connected radial cheek and jaw ruff 97/132 | Building mesh BLAS |     224 tris | Hero recessed almond eye 1
Fra:1 Mem:28.49M (Peak 33.79M) | Time:00:09.46 | Mem:2.97M, Peak:2.97M | Scene, ViewLayer | Updating Geometry BVH Hero connected radial cheek and jaw ruff 97/132 | Building mesh BLAS |     164 tris | Hero sculpted supraorbital brow 1
Fra:1 Mem:28.49M (Peak 33.79M) | Time:00:09.46 | Mem:2.97M, Peak:2.97M | Scene, ViewLayer | Updating Geometry BVH Hero authored sweeping ruff mass 98/132 | Building BVH
Fra:1 Mem:28.49M (Peak 33.79M) | Time:00:09.46 | Mem:2.97M, Peak:2.97M | Scene, ViewLayer | Updating Geometry BVH Hero restrained fire edge 99/132 | Building mesh BLAS |     268 tris | Hero authored sweeping ruff mass
Fra:1 Mem:28.49M (Peak 33.79M) | Time:00:09.46 | Mem:2.97M, Peak:2.97M | Scene, ViewLayer | Updating Geometry BVH Hero authored sweeping ruff mass.001 100/132 | Building BVH
Fra:1 Mem:28.49M (Peak 33.79M) | Time:00:09.46 | Mem:2.97M, Peak:2.97M | Scene, ViewLayer | Updating Geometry BVH Hero authored sweeping ruff mass.002 101/132 | Building mesh BLAS |     268 tris | Hero authored sweeping ruff mass.001
Fra:1 Mem:28.49M (Peak 33.79M) | Time:00:09.46 | Mem:3.48M, Peak:3.48M | Scene, ViewLayer | Updating Geometry BVH Hero authored sweeping ruff mass.012 114/132 | Building BVH
Fra:1 Mem:28.49M (Peak 33.79M) | Time:00:09.46 | Mem:3.48M, Peak:3.48M | Scene, ViewLayer | Updating Geometry BVH Hero authored sweeping ruff mass.012 114/132 | Building mesh BLAS |     268 tris | Hero authored sweeping ruff mass.012
Fra:1 Mem:28.49M (Peak 33.79M) | Time:00:09.46 | Mem:3.48M, Peak:3.48M | Scene, ViewLayer | Updating Geometry BVH Hero authored sweeping ruff mass.011 113/132 | Building BVH
Fra:1 Mem:28.49M (Peak 33.79M) | Time:00:09.46 | Mem:3.48M, Peak:3.48M | Scene, ViewLayer | Updating Geometry BVH Hero authored sweeping ruff mass.011 113/132 | Building mesh BLAS |     268 tris | Hero authored sweeping ruff mass.011
Fra:1 Mem:28.49M (Peak 33.79M) | Time:00:09.46 | Mem:3.48M, Peak:3.48M | Scene, ViewLayer | Updating Geometry BVH Hero authored sweeping ruff mass.003 102/132 | Building BVH
Fra:1 Mem:28.49M (Peak 33.79M) | Time:00:09.46 | Mem:3.48M, Peak:3.48M | Scene, ViewLayer | Updating Geometry BVH Hero authored sweeping ruff mass.010 112/132 | Building mesh BLAS |     268 tris | Hero authored sweeping ruff mass.003
Fra:1 Mem:28.49M (Peak 33.79M) | Time:00:09.46 | Mem:3.48M, Peak:3.48M | Scene, ViewLayer | Updating Geometry BVH Hero authored sweeping ruff mass.010 112/132 | Building mesh BLAS |     268 tris | Hero authored sweeping ruff mass.010
Fra:1 Mem:28.49M (Peak 33.79M) | Time:00:09.46 | Mem:3.48M, Peak:3.48M | Scene, ViewLayer | Updating Geometry BVH Hero restrained fire edge.001 103/132 | Building BVH
Fra:1 Mem:28.49M (Peak 33.79M) | Time:00:09.46 | Mem:3.48M, Peak:3.48M | Scene, ViewLayer | Updating Geometry BVH Hero restrained fire edge.003 111/132 | Building BVH
Fra:1 Mem:28.49M (Peak 33.79M) | Time:00:09.46 | Mem:3.48M, Peak:3.48M | Scene, ViewLayer | Updating Geometry BVH Hero restrained fire edge.003 111/132 | Building mesh BLAS |     146 tris | Hero restrained fire edge.001
Fra:1 Mem:28.49M (Peak 33.79M) | Time:00:09.46 | Mem:3.48M, Peak:3.48M | Scene, ViewLayer | Updating Geometry BVH Hero restrained fire edge.003 111/132 | Building mesh BLAS |     146 tris | Hero restrained fire edge.003
Fra:1 Mem:28.49M (Peak 33.79M) | Time:00:09.46 | Mem:3.48M, Peak:3.48M | Scene, ViewLayer | Updating Geometry BVH Hero authored sweeping ruff mass.004 104/132 | Building BVH
Fra:1 Mem:28.49M (Peak 33.79M) | Time:00:09.46 | Mem:3.48M, Peak:3.48M | Scene, ViewLayer | Updating Geometry BVH Hero authored sweeping ruff mass.004 104/132 | Building mesh BLAS |     268 tris | Hero authored sweeping ruff mass.004
Fra:1 Mem:28.49M (Peak 33.79M) | Time:00:09.46 | Mem:3.48M, Peak:3.48M | Scene, ViewLayer | Updating Geometry BVH Hero authored sweeping ruff mass.009 110/132 | Building BVH
Fra:1 Mem:28.49M (Peak 33.79M) | Time:00:09.46 | Mem:3.48M, Peak:3.48M | Scene, ViewLayer | Updating Geometry BVH Hero authored sweeping ruff mass.009 110/132 | Building mesh BLAS |     268 tris | Hero authored sweeping ruff mass.009
Fra:1 Mem:28.49M (Peak 33.79M) | Time:00:09.46 | Mem:3.48M, Peak:3.48M | Scene, ViewLayer | Updating Geometry BVH Hero authored sweeping ruff mass.005 105/132 | Building BVH
Fra:1 Mem:28.49M (Peak 33.79M) | Time:00:09.46 | Mem:3.48M, Peak:3.48M | Scene, ViewLayer | Updating Geometry BVH Hero authored sweeping ruff mass.008 109/132 | Building BVH
Fra:1 Mem:28.49M (Peak 33.79M) | Time:00:09.46 | Mem:3.48M, Peak:3.48M | Scene, ViewLayer | Updating Geometry BVH Hero authored sweeping ruff mass.008 109/132 | Building mesh BLAS |     268 tris | Hero authored sweeping ruff mass.005
Fra:1 Mem:28.49M (Peak 33.79M) | Time:00:09.46 | Mem:3.48M, Peak:3.48M | Scene, ViewLayer | Updating Geometry BVH Hero authored sweeping ruff mass.008 109/132 | Building mesh BLAS |     268 tris | Hero authored sweeping ruff mass.008
Fra:1 Mem:28.49M (Peak 33.79M) | Time:00:09.46 | Mem:3.48M, Peak:3.48M | Scene, ViewLayer | Updating Geometry BVH Hero restrained fire edge.002 106/132 | Building BVH
Fra:1 Mem:28.49M (Peak 33.79M) | Time:00:09.46 | Mem:3.48M, Peak:3.48M | Scene, ViewLayer | Updating Geometry BVH Hero restrained fire edge.002 106/132 | Building mesh BLAS |     146 tris | Hero restrained fire edge.002
Fra:1 Mem:28.49M (Peak 33.79M) | Time:00:09.47 | Mem:3.48M, Peak:3.48M | Scene, ViewLayer | Updating Geometry BVH Hero authored sweeping ruff mass.006 107/132 | Building BVH
Fra:1 Mem:28.49M (Peak 33.79M) | Time:00:09.47 | Mem:3.48M, Peak:3.48M | Scene, ViewLayer | Updating Geometry BVH Hero authored sweeping ruff mass.006 107/132 | Building mesh BLAS |     268 tris | Hero authored sweeping ruff mass.006
Fra:1 Mem:28.49M (Peak 33.79M) | Time:00:09.47 | Mem:3.48M, Peak:3.48M | Scene, ViewLayer | Updating Geometry BVH Hero authored sweeping ruff mass.006 107/132 | Building mesh BLAS |     146 tris | Hero restrained fire edge
Fra:1 Mem:28.49M (Peak 33.79M) | Time:00:09.47 | Mem:3.48M, Peak:3.48M | Scene, ViewLayer | Updating Geometry BVH Hero authored sweeping ruff mass.007 108/132 | Building BVH
Fra:1 Mem:28.49M (Peak 33.79M) | Time:00:09.47 | Mem:3.48M, Peak:3.48M | Scene, ViewLayer | Updating Geometry BVH Hero authored sweeping ruff mass.007 108/132 | Building mesh BLAS |     268 tris | Hero authored sweeping ruff mass.007
Fra:1 Mem:28.49M (Peak 33.79M) | Time:00:09.47 | Mem:3.48M, Peak:3.48M | Scene, ViewLayer | Updating Geometry BVH Hero authored sweeping ruff mass.007 108/132 | Building mesh BLAS |     268 tris | Hero authored sweeping ruff mass.002
Fra:1 Mem:28.49M (Peak 33.79M) | Time:00:09.53 | Mem:3.48M, Peak:3.48M | Scene, ViewLayer | Updating Scene BVH | Building
Fra:1 Mem:28.49M (Peak 33.79M) | Time:00:10.27 | Mem:4.02M, Peak:4.02M | Scene, ViewLayer | Updating Scene BVH | Building TLAS      |     132 instances
Fra:1 Mem:28.50M (Peak 33.79M) | Time:00:10.35 | Mem:4.07M, Peak:4.07M | Scene, ViewLayer | Updating Scene BVH | Copying BVH to device
Fra:1 Mem:28.50M (Peak 33.79M) | Time:00:10.35 | Mem:4.07M, Peak:4.07M | Scene, ViewLayer | Updating Mesh | Computing normals
Fra:1 Mem:29.34M (Peak 33.79M) | Time:00:10.39 | Mem:4.07M, Peak:4.07M | Scene, ViewLayer | Updating Mesh | Copying Mesh to device
Fra:1 Mem:28.50M (Peak 33.79M) | Time:00:10.39 | Mem:4.93M, Peak:4.93M | Scene, ViewLayer | Updating Objects Flags
Fra:1 Mem:28.50M (Peak 33.79M) | Time:00:10.39 | Mem:4.93M, Peak:4.93M | Scene, ViewLayer | Updating Primitive Offsets
Fra:1 Mem:28.50M (Peak 33.79M) | Time:00:10.39 | Mem:4.93M, Peak:4.93M | Scene, ViewLayer | Updating Images
Fra:1 Mem:28.50M (Peak 33.79M) | Time:00:10.39 | Mem:4.93M, Peak:4.93M | Scene, ViewLayer | Updating Camera Volume
Fra:1 Mem:28.50M (Peak 33.79M) | Time:00:10.39 | Mem:4.93M, Peak:4.93M | Scene, ViewLayer | Updating Lookup Tables
Fra:1 Mem:28.41M (Peak 33.79M) | Time:00:10.39 | Mem:5.02M, Peak:5.02M | Scene, ViewLayer | Updating Lights
Fra:1 Mem:28.41M (Peak 33.79M) | Time:00:10.39 | Mem:5.02M, Peak:5.02M | Scene, ViewLayer | Updating Lights | Computing tree
Fra:1 Mem:28.41M (Peak 33.79M) | Time:00:10.47 | Mem:5.02M, Peak:5.02M | Scene, ViewLayer | Updating Integrator
Fra:1 Mem:28.41M (Peak 33.79M) | Time:00:10.47 | Mem:5.02M, Peak:5.02M | Scene, ViewLayer | Updating Film
Fra:1 Mem:28.50M (Peak 33.79M) | Time:00:10.47 | Mem:4.93M, Peak:5.02M | Scene, ViewLayer | Updating Lookup Tables
Fra:1 Mem:28.41M (Peak 33.79M) | Time:00:10.47 | Mem:5.02M, Peak:5.02M | Scene, ViewLayer | Updating Baking
Fra:1 Mem:28.41M (Peak 33.79M) | Time:00:10.47 | Mem:5.02M, Peak:5.02M | Scene, ViewLayer | Updating Device | Writing constant memory
Fra:1 Mem:28.42M (Peak 33.79M) | Time:00:11.03 | Mem:5.02M, Peak:5.02M | Scene, ViewLayer | Loading denoising kernels (may take a few minutes the first time)
Fra:1 Mem:28.42M (Peak 60.42M) | Time:00:11.38 | Mem:2821.03M, Peak:2821.03M | Scene, ViewLayer | Sample 0/12 (Using optimized kernels)
Fra:1 Mem:28.41M (Peak 60.42M) | Time:00:17.21 | Remaining:01:04.23 | Mem:2850.75M, Peak:2850.75M | Scene, ViewLayer | Sample 1/12 (Using optimized kernels)
Fra:1 Mem:40.91M (Peak 60.42M) | Time:01:03.08 | Mem:2850.76M, Peak:2850.76M | Scene, ViewLayer | Sample 12/12 (Using optimized kernels)
Fra:1 Mem:40.91M (Peak 60.42M) | Time:01:03.08 | Mem:2850.76M, Peak:2850.76M | Scene, ViewLayer | Finished
Saved: '/Users/chikumatsuboi/Code/animal-racers-western/assets/source/western/hero-art-v1/qa/upright/candidate-front.png'
Time: 01:03.45 (Saving: 00:00.25)

Fra:1 Mem:30.91M (Peak 30.91M) | Time:00:00.04 | Mem:0.02M, Peak:0.02M | Scene, ViewLayer | Synchronizing object | Paw toe
Fra:1 Mem:30.91M (Peak 30.91M) | Time:00:00.04 | Mem:0.02M, Peak:0.02M | Scene, ViewLayer | Synchronizing object | Ivory claw
Fra:1 Mem:30.92M (Peak 30.92M) | Time:00:00.04 | Mem:0.02M, Peak:0.02M | Scene, ViewLayer | Synchronizing object | Paw toe.001
Fra:1 Mem:30.94M (Peak 30.94M) | Time:00:00.04 | Mem:0.02M, Peak:0.02M | Scene, ViewLayer | Synchronizing object | Ivory claw.001
Fra:1 Mem:30.94M (Peak 30.94M) | Time:00:00.04 | Mem:0.02M, Peak:0.02M | Scene, ViewLayer | Synchronizing object | Paw toe.002
Fra:1 Mem:30.96M (Peak 30.96M) | Time:00:00.04 | Mem:0.02M, Peak:0.02M | Scene, ViewLayer | Synchronizing object | Ivory claw.002
Fra:1 Mem:30.98M (Peak 30.98M) | Time:00:00.04 | Mem:0.02M, Peak:0.02M | Scene, ViewLayer | Synchronizing object | Paw toe.003
Fra:1 Mem:31.00M (Peak 31.00M) | Time:00:00.04 | Mem:0.02M, Peak:0.02M | Scene, ViewLayer | Synchronizing object | Ivory claw.003
Fra:1 Mem:31.00M (Peak 31.00M) | Time:00:00.04 | Mem:0.02M, Peak:0.02M | Scene, ViewLayer | Synchronizing object | Paw toe.004
Fra:1 Mem:31.02M (Peak 31.02M) | Time:00:00.04 | Mem:0.02M, Peak:0.02M | Scene, ViewLayer | Synchronizing object | Ivory claw.004
Fra:1 Mem:31.04M (Peak 31.04M) | Time:00:00.04 | Mem:0.02M, Peak:0.02M | Scene, ViewLayer | Synchronizing object | Paw toe.005
Fra:1 Mem:31.06M (Peak 31.06M) | Time:00:00.04 | Mem:0.02M, Peak:0.02M | Scene, ViewLayer | Synchronizing object | Ivory claw.005
Fra:1 Mem:31.06M (Peak 31.06M) | Time:00:00.04 | Mem:0.02M, Peak:0.02M | Scene, ViewLayer | Synchronizing object | Hero matched lighting.002
Fra:1 Mem:31.06M (Peak 31.06M) | Time:00:00.04 | Mem:0.02M, Peak:0.02M | Scene, ViewLayer | Synchronizing object | Hero matched lighting.001
Fra:1 Mem:31.06M (Peak 31.06M) | Time:00:00.04 | Mem:0.02M, Peak:0.02M | Scene, ViewLayer | Synchronizing object | Hero matched lighting
Fra:1 Mem:31.06M (Peak 31.06M) | Time:00:00.04 | Mem:0.02M, Peak:0.02M | Scene, ViewLayer | Synchronizing object | Hero short swept crown.004
Fra:1 Mem:31.08M (Peak 31.08M) | Time:00:00.04 | Mem:0.02M, Peak:0.02M | Scene, ViewLayer | Synchronizing object | Hero short swept crown.003
Fra:1 Mem:31.09M (Peak 31.09M) | Time:00:00.04 | Mem:0.02M, Peak:0.02M | Scene, ViewLayer | Synchronizing object | Hero short swept crown.002
Fra:1 Mem:31.11M (Peak 31.11M) | Time:00:00.04 | Mem:0.02M, Peak:0.02M | Scene, ViewLayer | Synchronizing object | Hero short swept crown.001
Fra:1 Mem:31.12M (Peak 31.12M) | Time:00:00.04 | Mem:0.02M, Peak:0.02M | Scene, ViewLayer | Synchronizing object | Paw toe.006
Fra:1 Mem:31.13M (Peak 31.13M) | Time:00:00.04 | Mem:0.02M, Peak:0.02M | Scene, ViewLayer | Synchronizing object | Ivory claw.006
Fra:1 Mem:31.14M (Peak 31.14M) | Time:00:00.04 | Mem:0.02M, Peak:0.02M | Scene, ViewLayer | Synchronizing object | Paw toe.007
Fra:1 Mem:31.15M (Peak 31.15M) | Time:00:00.04 | Mem:0.02M, Peak:0.02M | Scene, ViewLayer | Synchronizing object | Ivory claw.007
Fra:1 Mem:31.16M (Peak 31.16M) | Time:00:00.04 | Mem:0.02M, Peak:0.02M | Scene, ViewLayer | Synchronizing object | Paw toe.008
Fra:1 Mem:31.17M (Peak 31.17M) | Time:00:00.04 | Mem:0.02M, Peak:0.02M | Scene, ViewLayer | Synchronizing object | Ivory claw.008
Fra:1 Mem:31.17M (Peak 31.17M) | Time:00:00.04 | Mem:0.02M, Peak:0.02M | Scene, ViewLayer | Synchronizing object | Paw toe.009
Fra:1 Mem:31.19M (Peak 31.19M) | Time:00:00.04 | Mem:0.02M, Peak:0.02M | Scene, ViewLayer | Synchronizing object | Hero short swept crown
Fra:1 Mem:31.20M (Peak 31.20M) | Time:00:00.04 | Mem:0.02M, Peak:0.02M | Scene, ViewLayer | Synchronizing object | Hero short throat mass.002
Fra:1 Mem:31.22M (Peak 31.22M) | Time:00:00.04 | Mem:0.02M, Peak:0.02M | Scene, ViewLayer | Synchronizing object | Hero short throat mass.001
Fra:1 Mem:31.24M (Peak 31.24M) | Time:00:00.04 | Mem:0.02M, Peak:0.02M | Scene, ViewLayer | Synchronizing object | Hero short throat mass
Fra:1 Mem:31.25M (Peak 31.25M) | Time:00:00.04 | Mem:0.02M, Peak:0.02M | Scene, ViewLayer | Synchronizing object | Hero authored sweeping ruff mass.017
Fra:1 Mem:31.28M (Peak 31.28M) | Time:00:00.04 | Mem:0.02M, Peak:0.02M | Scene, ViewLayer | Synchronizing object | Hero authored sweeping ruff mass.016
Fra:1 Mem:31.30M (Peak 31.30M) | Time:00:00.04 | Mem:0.02M, Peak:0.02M | Scene, ViewLayer | Synchronizing object | Hero authored sweeping ruff mass.015
Fra:1 Mem:31.33M (Peak 31.33M) | Time:00:00.04 | Mem:0.02M, Peak:0.02M | Scene, ViewLayer | Synchronizing object | Hero restrained fire edge.005
Fra:1 Mem:31.34M (Peak 31.34M) | Time:00:00.04 | Mem:0.02M, Peak:0.02M | Scene, ViewLayer | Synchronizing object | Hero authored sweeping ruff mass.014
Fra:1 Mem:31.36M (Peak 31.36M) | Time:00:00.04 | Mem:0.02M, Peak:0.02M | Scene, ViewLayer | Synchronizing object | Ivory claw.009
Fra:1 Mem:31.37M (Peak 31.37M) | Time:00:00.04 | Mem:0.02M, Peak:0.02M | Scene, ViewLayer | Synchronizing object | Hero authored sweeping ruff mass.013
Fra:1 Mem:31.37M (Peak 31.37M) | Time:00:00.04 | Mem:0.02M, Peak:0.02M | Scene, ViewLayer | Synchronizing object | Paw toe.010
Fra:1 Mem:31.42M (Peak 31.42M) | Time:00:00.04 | Mem:0.02M, Peak:0.02M | Scene, ViewLayer | Synchronizing object | Ivory claw.010
Fra:1 Mem:31.42M (Peak 31.42M) | Time:00:00.04 | Mem:0.02M, Peak:0.02M | Scene, ViewLayer | Synchronizing object | Hero restrained fire edge.004
Fra:1 Mem:31.43M (Peak 31.43M) | Time:00:00.04 | Mem:0.02M, Peak:0.02M | Scene, ViewLayer | Synchronizing object | Hero authored sweeping ruff mass.012
Fra:1 Mem:31.47M (Peak 31.47M) | Time:00:00.04 | Mem:0.02M, Peak:0.02M | Scene, ViewLayer | Synchronizing object | Hero authored sweeping ruff mass.011
Fra:1 Mem:31.49M (Peak 31.49M) | Time:00:00.04 | Mem:0.02M, Peak:0.02M | Scene, ViewLayer | Synchronizing object | Ivory claw.011
Fra:1 Mem:31.50M (Peak 31.50M) | Time:00:00.04 | Mem:0.02M, Peak:0.02M | Scene, ViewLayer | Synchronizing object | Hero authored sweeping ruff mass.010
Fra:1 Mem:31.51M (Peak 31.51M) | Time:00:00.04 | Mem:0.02M, Peak:0.02M | Scene, ViewLayer | Synchronizing object | Layered shoulder fur
Fra:1 Mem:31.53M (Peak 31.53M) | Time:00:00.04 | Mem:0.02M, Peak:0.02M | Scene, ViewLayer | Synchronizing object | Hero restrained fire edge.003
Fra:1 Mem:31.53M (Peak 31.53M) | Time:00:00.04 | Mem:0.02M, Peak:0.02M | Scene, ViewLayer | Synchronizing object | Layered shoulder fur.001
Fra:1 Mem:31.54M (Peak 31.54M) | Time:00:00.04 | Mem:0.02M, Peak:0.02M | Scene, ViewLayer | Synchronizing object | Layered shoulder fur.002
Fra:1 Mem:31.55M (Peak 31.55M) | Time:00:00.04 | Mem:0.02M, Peak:0.02M | Scene, ViewLayer | Synchronizing object | Hero authored sweeping ruff mass.009
Fra:1 Mem:31.56M (Peak 31.56M) | Time:00:00.04 | Mem:0.02M, Peak:0.02M | Scene, ViewLayer | Synchronizing object | Wrist fur
Fra:1 Mem:31.58M (Peak 31.58M) | Time:00:00.04 | Mem:0.02M, Peak:0.02M | Scene, ViewLayer | Synchronizing object | Hero authored sweeping ruff mass.008
Fra:1 Mem:31.58M (Peak 31.58M) | Time:00:00.04 | Mem:0.02M, Peak:0.02M | Scene, ViewLayer | Synchronizing object | Wrist fur.001
Fra:1 Mem:31.61M (Peak 31.61M) | Time:00:00.04 | Mem:0.02M, Peak:0.02M | Scene, ViewLayer | Synchronizing object | Hero authored sweeping ruff mass.007
Fra:1 Mem:31.63M (Peak 31.63M) | Time:00:00.04 | Mem:0.02M, Peak:0.02M | Scene, ViewLayer | Synchronizing object | Hero authored sweeping ruff mass.006
Fra:1 Mem:31.66M (Peak 31.66M) | Time:00:00.04 | Mem:0.02M, Peak:0.02M | Scene, ViewLayer | Synchronizing object | Hero restrained fire edge.002
Fra:1 Mem:31.67M (Peak 31.67M) | Time:00:00.04 | Mem:0.02M, Peak:0.02M | Scene, ViewLayer | Synchronizing object | Hero authored sweeping ruff mass.005
Fra:1 Mem:31.70M (Peak 31.70M) | Time:00:00.04 | Mem:0.02M, Peak:0.02M | Scene, ViewLayer | Synchronizing object | Hero authored sweeping ruff mass.004
Fra:1 Mem:31.72M (Peak 31.72M) | Time:00:00.04 | Mem:0.02M, Peak:0.02M | Scene, ViewLayer | Synchronizing object | Hero restrained fire edge.001
Fra:1 Mem:31.73M (Peak 31.73M) | Time:00:00.04 | Mem:0.02M, Peak:0.02M | Scene, ViewLayer | Synchronizing object | Hero authored sweeping ruff mass.003
Fra:1 Mem:31.76M (Peak 31.76M) | Time:00:00.04 | Mem:0.02M, Peak:0.02M | Scene, ViewLayer | Synchronizing object | Hero authored sweeping ruff mass.002
Fra:1 Mem:31.78M (Peak 31.78M) | Time:00:00.04 | Mem:0.02M, Peak:0.02M | Scene, ViewLayer | Synchronizing object | Hero authored sweeping ruff mass.001
Fra:1 Mem:31.81M (Peak 31.81M) | Time:00:00.04 | Mem:0.02M, Peak:0.02M | Scene, ViewLayer | Synchronizing object | Wrist fur.002
Fra:1 Mem:31.81M (Peak 31.81M) | Time:00:00.04 | Mem:0.02M, Peak:0.02M | Scene, ViewLayer | Synchronizing object | Hero restrained fire edge
Fra:1 Mem:31.81M (Peak 31.81M) | Time:00:00.04 | Mem:0.02M, Peak:0.02M | Scene, ViewLayer | Synchronizing object | Layered shoulder fur.003
Fra:1 Mem:31.83M (Peak 31.83M) | Time:00:00.04 | Mem:0.02M, Peak:0.02M | Scene, ViewLayer | Synchronizing object | Layered shoulder fur.004
Fra:1 Mem:31.83M (Peak 31.83M) | Time:00:00.04 | Mem:0.02M, Peak:0.02M | Scene, ViewLayer | Synchronizing object | Hero authored sweeping ruff mass
Fra:1 Mem:31.86M (Peak 31.86M) | Time:00:00.04 | Mem:0.02M, Peak:0.02M | Scene, ViewLayer | Synchronizing object | Hero connected radial cheek and jaw ruff
Fra:1 Mem:32.30M (Peak 32.30M) | Time:00:00.05 | Mem:0.02M, Peak:0.02M | Scene, ViewLayer | Synchronizing object | Layered shoulder fur.005
Fra:1 Mem:32.41M (Peak 32.41M) | Time:00:00.05 | Mem:0.02M, Peak:0.02M | Scene, ViewLayer | Synchronizing object | Wrist fur.003
Fra:1 Mem:32.31M (Peak 32.41M) | Time:00:00.05 | Mem:0.02M, Peak:0.02M | Scene, ViewLayer | Synchronizing object | Hero cupped leonine ear 1
Fra:1 Mem:32.31M (Peak 32.41M) | Time:00:00.05 | Mem:0.02M, Peak:0.02M | Scene, ViewLayer | Synchronizing object | Wrist fur.004
Fra:1 Mem:32.33M (Peak 32.41M) | Time:00:00.05 | Mem:0.02M, Peak:0.02M | Scene, ViewLayer | Synchronizing object | Hero sculpted supraorbital brow 1
Fra:1 Mem:32.33M (Peak 32.41M) | Time:00:00.05 | Mem:0.02M, Peak:0.02M | Scene, ViewLayer | Synchronizing object | Wrist fur.005
Fra:1 Mem:32.35M (Peak 32.41M) | Time:00:00.05 | Mem:0.02M, Peak:0.02M | Scene, ViewLayer | Synchronizing object | Hero small catchlight 1
Fra:1 Mem:32.35M (Peak 32.41M) | Time:00:00.05 | Mem:0.02M, Peak:0.02M | Scene, ViewLayer | Synchronizing object | Layered shoulder fur.006
Fra:1 Mem:32.37M (Peak 32.41M) | Time:00:00.05 | Mem:0.02M, Peak:0.02M | Scene, ViewLayer | Synchronizing object | Hero vertical pupil 1
Fra:1 Mem:32.36M (Peak 32.41M) | Time:00:00.05 | Mem:0.02M, Peak:0.02M | Scene, ViewLayer | Synchronizing object | Hero amber iris 1
Fra:1 Mem:32.36M (Peak 32.41M) | Time:00:00.05 | Mem:0.02M, Peak:0.02M | Scene, ViewLayer | Synchronizing object | Hero recessed almond eye 1
Fra:1 Mem:32.38M (Peak 32.41M) | Time:00:00.05 | Mem:0.02M, Peak:0.02M | Scene, ViewLayer | Synchronizing object | Hero cupped leonine ear -1
Fra:1 Mem:32.39M (Peak 32.41M) | Time:00:00.05 | Mem:0.02M, Peak:0.02M | Scene, ViewLayer | Synchronizing object | Hero sculpted supraorbital brow -1
Fra:1 Mem:32.40M (Peak 32.41M) | Time:00:00.05 | Mem:0.02M, Peak:0.02M | Scene, ViewLayer | Synchronizing object | Hero small catchlight -1
Fra:1 Mem:32.41M (Peak 32.41M) | Time:00:00.05 | Mem:0.02M, Peak:0.02M | Scene, ViewLayer | Synchronizing object | Hero vertical pupil -1
Fra:1 Mem:32.41M (Peak 32.41M) | Time:00:00.05 | Mem:0.02M, Peak:0.02M | Scene, ViewLayer | Synchronizing object | Hero amber iris -1
Fra:1 Mem:32.41M (Peak 32.41M) | Time:00:00.05 | Mem:0.02M, Peak:0.02M | Scene, ViewLayer | Synchronizing object | Hero recessed almond eye -1
Fra:1 Mem:32.43M (Peak 32.43M) | Time:00:00.05 | Mem:0.02M, Peak:0.02M | Scene, ViewLayer | Synchronizing object | Hero connected oral sleeve
Fra:1 Mem:32.45M (Peak 32.45M) | Time:00:00.05 | Mem:0.02M, Peak:0.02M | Scene, ViewLayer | Synchronizing object | Hero shaped mandible
Fra:1 Mem:32.46M (Peak 32.46M) | Time:00:00.05 | Mem:0.02M, Peak:0.02M | Scene, ViewLayer | Synchronizing object | Hero whisker pore.017
Fra:1 Mem:32.46M (Peak 32.46M) | Time:00:00.05 | Mem:0.02M, Peak:0.02M | Scene, ViewLayer | Synchronizing object | Hero whisker pore.016
Fra:1 Mem:32.46M (Peak 32.46M) | Time:00:00.05 | Mem:0.02M, Peak:0.02M | Scene, ViewLayer | Synchronizing object | Hero whisker pore.015
Fra:1 Mem:32.46M (Peak 32.46M) | Time:00:00.05 | Mem:0.02M, Peak:0.02M | Scene, ViewLayer | Synchronizing object | Hero whisker pore.014
Fra:1 Mem:32.46M (Peak 32.46M) | Time:00:00.05 | Mem:0.02M, Peak:0.02M | Scene, ViewLayer | Synchronizing object | Hero whisker pore.013
Fra:1 Mem:32.46M (Peak 32.46M) | Time:00:00.05 | Mem:0.02M, Peak:0.02M | Scene, ViewLayer | Synchronizing object | Hero whisker pore.012
Fra:1 Mem:32.47M (Peak 32.47M) | Time:00:00.05 | Mem:0.02M, Peak:0.02M | Scene, ViewLayer | Synchronizing object | Hero whisker pore.011
Fra:1 Mem:32.47M (Peak 32.47M) | Time:00:00.05 | Mem:0.02M, Peak:0.02M | Scene, ViewLayer | Synchronizing object | Hero whisker pore.010
Fra:1 Mem:32.47M (Peak 32.47M) | Time:00:00.05 | Mem:0.02M, Peak:0.02M | Scene, ViewLayer | Synchronizing object | Hero whisker pore.009
Fra:1 Mem:32.47M (Peak 32.47M) | Time:00:00.05 | Mem:0.02M, Peak:0.02M | Scene, ViewLayer | Synchronizing object | Hero whisker pore.008
Fra:1 Mem:32.47M (Peak 32.47M) | Time:00:00.05 | Mem:0.02M, Peak:0.02M | Scene, ViewLayer | Synchronizing object | Hero whisker pore.007
Fra:1 Mem:32.47M (Peak 32.47M) | Time:00:00.05 | Mem:0.02M, Peak:0.02M | Scene, ViewLayer | Synchronizing object | Hero whisker pore.006
Fra:1 Mem:32.47M (Peak 32.47M) | Time:00:00.05 | Mem:0.02M, Peak:0.02M | Scene, ViewLayer | Synchronizing object | Hero whisker pore.005
Fra:1 Mem:32.47M (Peak 32.47M) | Time:00:00.05 | Mem:0.02M, Peak:0.02M | Scene, ViewLayer | Synchronizing object | Hero whisker pore.004
Fra:1 Mem:32.47M (Peak 32.47M) | Time:00:00.05 | Mem:0.02M, Peak:0.02M | Scene, ViewLayer | Synchronizing object | Hero whisker pore.003
Fra:1 Mem:32.48M (Peak 32.48M) | Time:00:00.05 | Mem:0.02M, Peak:0.02M | Scene, ViewLayer | Synchronizing object | Hero whisker pore.002
Fra:1 Mem:32.48M (Peak 32.48M) | Time:00:00.05 | Mem:0.02M, Peak:0.02M | Scene, ViewLayer | Synchronizing object | Hero whisker pore.001
Fra:1 Mem:32.48M (Peak 32.48M) | Time:00:00.05 | Mem:0.02M, Peak:0.02M | Scene, ViewLayer | Synchronizing object | Hero whisker pore
Fra:1 Mem:32.48M (Peak 32.48M) | Time:00:00.05 | Mem:0.02M, Peak:0.02M | Scene, ViewLayer | Synchronizing object | Hero feline nose plane
Fra:1 Mem:32.48M (Peak 32.48M) | Time:00:00.05 | Mem:0.02M, Peak:0.02M | Scene, ViewLayer | Synchronizing object | Hero continuous skull cheeks and muzzle
Fra:1 Mem:32.86M (Peak 32.86M) | Time:00:00.05 | Mem:0.02M, Peak:0.02M | Scene, ViewLayer | Synchronizing object | Upright body • connected joint topology
Fra:1 Mem:32.96M (Peak 32.96M) | Time:00:00.05 | Mem:0.02M, Peak:0.02M | Scene, ViewLayer | Synchronizing object | Layered shoulder fur.007
Fra:1 Mem:32.96M (Peak 32.96M) | Time:00:00.05 | Mem:0.02M, Peak:0.02M | Scene, ViewLayer | Synchronizing object | Layered shoulder fur.008
Fra:1 Mem:32.96M (Peak 32.96M) | Time:00:00.05 | Mem:0.02M, Peak:0.02M | Scene, ViewLayer | Synchronizing object | Wrist fur.006
Fra:1 Mem:33.34M (Peak 33.34M) | Time:00:00.05 | Mem:0.02M, Peak:0.02M | Scene, ViewLayer | Synchronizing object | Wrist fur.007
Fra:1 Mem:33.34M (Peak 33.34M) | Time:00:00.05 | Mem:0.02M, Peak:0.02M | Scene, ViewLayer | Synchronizing object | Wrist fur.008
Fra:1 Mem:33.35M (Peak 33.35M) | Time:00:00.05 | Mem:0.02M, Peak:0.02M | Scene, ViewLayer | Synchronizing object | Layered shoulder fur.009
Fra:1 Mem:33.35M (Peak 33.35M) | Time:00:00.05 | Mem:0.02M, Peak:0.02M | Scene, ViewLayer | Synchronizing object | Layered shoulder fur.010
Fra:1 Mem:33.35M (Peak 33.35M) | Time:00:00.05 | Mem:0.02M, Peak:0.02M | Scene, ViewLayer | Synchronizing object | Layered shoulder fur.011
Fra:1 Mem:33.36M (Peak 33.36M) | Time:00:00.05 | Mem:0.02M, Peak:0.02M | Scene, ViewLayer | Synchronizing object | Wrist fur.009
Fra:1 Mem:33.36M (Peak 33.36M) | Time:00:00.05 | Mem:0.02M, Peak:0.02M | Scene, ViewLayer | Synchronizing object | Wrist fur.010
Fra:1 Mem:33.37M (Peak 33.37M) | Time:00:00.05 | Mem:0.02M, Peak:0.02M | Scene, ViewLayer | Synchronizing object | Wrist fur.011
Fra:1 Mem:33.37M (Peak 33.37M) | Time:00:00.05 | Mem:0.02M, Peak:0.02M | Scene, ViewLayer | Synchronizing object | Articulated tail
Fra:1 Mem:33.39M (Peak 33.39M) | Time:00:00.05 | Mem:0.02M, Peak:0.02M | Scene, ViewLayer | Synchronizing object | Flame tail tuft
Fra:1 Mem:33.39M (Peak 33.39M) | Time:00:00.05 | Mem:0.02M, Peak:0.02M | Scene, ViewLayer | Synchronizing object | Flame tail tuft.001
Fra:1 Mem:33.40M (Peak 33.40M) | Time:00:00.05 | Mem:0.02M, Peak:0.02M | Scene, ViewLayer | Synchronizing object | Flame tail tuft.002
Fra:1 Mem:33.40M (Peak 33.40M) | Time:00:00.05 | Mem:0.02M, Peak:0.02M | Scene, ViewLayer | Synchronizing object | Flame tail tuft.003
Fra:1 Mem:33.47M (Peak 33.47M) | Time:00:00.05 | Mem:0.02M, Peak:0.02M | Scene, ViewLayer | Synchronizing object | Flame tail tuft.004
Fra:1 Mem:33.47M (Peak 33.47M) | Time:00:00.05 | Mem:0.02M, Peak:0.02M | Scene, ViewLayer | Synchronizing object | Flame tail tuft.005
Fra:1 Mem:33.48M (Peak 33.48M) | Time:00:00.05 | Mem:0.02M, Peak:0.02M | Scene, ViewLayer | Synchronizing object | Flame tail tuft.006
Fra:1 Mem:33.48M (Peak 33.48M) | Time:00:00.05 | Mem:0.02M, Peak:0.02M | Scene, ViewLayer | Synchronizing object | Leather neckerchief roll
Fra:1 Mem:33.57M (Peak 33.57M) | Time:00:00.05 | Mem:0.02M, Peak:0.02M | Scene, ViewLayer | Synchronizing object | Neckerchief folded point
Fra:1 Mem:33.57M (Peak 33.57M) | Time:00:00.05 | Mem:0.02M, Peak:0.02M | Scene, ViewLayer | Synchronizing object | Brass crest clasp
Fra:1 Mem:33.59M (Peak 33.59M) | Time:00:00.05 | Mem:0.02M, Peak:0.02M | Scene, ViewLayer | Synchronizing object | Raised elemental crest
Fra:1 Mem:33.79M (Peak 33.79M) | Time:00:00.05 | Mem:0.02M, Peak:0.02M | Scene, ViewLayer | Initializing
Fra:1 Mem:31.41M (Peak 33.79M) | Time:00:00.06 | Mem:0.02M, Peak:0.02M | Scene, ViewLayer | Updating Images | Loading Authored short-fur normal
Fra:1 Mem:26.73M (Peak 33.79M) | Time:00:00.07 | Mem:0.27M, Peak:0.27M | Scene, ViewLayer | Waiting for render to start
Fra:1 Mem:26.73M (Peak 33.79M) | Time:00:00.07 | Mem:0.27M, Peak:0.27M | Scene, ViewLayer | Updating Scene
Fra:1 Mem:26.73M (Peak 33.79M) | Time:00:00.07 | Mem:0.27M, Peak:0.27M | Scene, ViewLayer | Updating Shaders
Fra:1 Mem:26.73M (Peak 33.79M) | Time:00:00.07 | Mem:0.27M, Peak:0.27M | Scene, ViewLayer | Loading render kernels (may take a few minutes the first time)
Fra:1 Mem:26.81M (Peak 33.79M) | Time:00:00.22 | Mem:0.28M, Peak:0.28M | Scene, ViewLayer | Updating Procedurals
Fra:1 Mem:26.81M (Peak 33.79M) | Time:00:00.22 | Mem:0.28M, Peak:0.28M | Scene, ViewLayer | Updating Background
Fra:1 Mem:26.81M (Peak 33.79M) | Time:00:00.22 | Mem:0.28M, Peak:0.28M | Scene, ViewLayer | Updating Camera
Fra:1 Mem:26.81M (Peak 33.79M) | Time:00:00.22 | Mem:0.28M, Peak:0.28M | Scene, ViewLayer | Updating Meshes Flags
Fra:1 Mem:26.81M (Peak 33.79M) | Time:00:00.22 | Mem:0.28M, Peak:0.28M | Scene, ViewLayer | Updating Objects
Fra:1 Mem:26.81M (Peak 33.79M) | Time:00:00.22 | Mem:0.28M, Peak:0.28M | Scene, ViewLayer | Updating Objects | Copying Transformations to device
Fra:1 Mem:26.81M (Peak 33.79M) | Time:00:00.22 | Mem:0.31M, Peak:0.31M | Scene, ViewLayer | Updating Particle Systems
Fra:1 Mem:26.81M (Peak 33.79M) | Time:00:00.22 | Mem:0.31M, Peak:0.31M | Scene, ViewLayer | Updating Particle Systems | Copying Particles to device
Fra:1 Mem:26.81M (Peak 33.79M) | Time:00:00.22 | Mem:0.31M, Peak:0.31M | Scene, ViewLayer | Updating Meshes
Fra:1 Mem:28.49M (Peak 33.79M) | Time:00:00.24 | Mem:0.31M, Peak:0.31M | Scene, ViewLayer | Updating Objects | Applying Static Transformations
Fra:1 Mem:28.49M (Peak 33.79M) | Time:00:00.24 | Mem:0.31M, Peak:0.31M | Scene, ViewLayer | Updating Mesh | Computing attributes
Fra:1 Mem:30.92M (Peak 33.79M) | Time:00:00.25 | Mem:0.34M, Peak:0.34M | Scene, ViewLayer | Updating Mesh | Copying Attributes to device
Fra:1 Mem:28.49M (Peak 33.79M) | Time:00:00.48 | Mem:2.78M, Peak:2.78M | Scene, ViewLayer | Updating Geometry BVH Ivory claw.012 3/53 | Building BVH
Fra:1 Mem:28.49M (Peak 33.79M) | Time:00:00.48 | Mem:2.78M, Peak:2.78M | Scene, ViewLayer | Updating Geometry BVH light 133/132 | Building BVH
Fra:1 Mem:28.49M (Peak 33.79M) | Time:00:00.48 | Mem:2.78M, Peak:2.78M | Scene, ViewLayer | Updating Geometry BVH Paw toe.013 4/132 | Building BVH
Fra:1 Mem:28.49M (Peak 33.79M) | Time:00:00.48 | Mem:2.78M, Peak:2.78M | Scene, ViewLayer | Updating Geometry BVH Paw toe.013 4/132 | Building mesh BLAS |     192 tris | Paw toe.012
Fra:1 Mem:28.49M (Peak 33.79M) | Time:00:00.48 | Mem:2.78M, Peak:2.78M | Scene, ViewLayer | Updating Geometry BVH Ivory claw.013 5/132 | Building BVH
Fra:1 Mem:28.49M (Peak 33.79M) | Time:00:00.48 | Mem:2.78M, Peak:2.78M | Scene, ViewLayer | Updating Geometry BVH Ivory claw.013 5/132 | Building mesh BLAS |      32 tris | Ivory claw.013
Fra:1 Mem:28.49M (Peak 33.79M) | Time:00:00.48 | Mem:2.78M, Peak:2.78M | Scene, ViewLayer | Updating Geometry BVH Ivory claw.013 5/132 | Building mesh BLAS |     192 tris | Paw toe.013
Fra:1 Mem:28.49M (Peak 33.79M) | Time:00:00.48 | Mem:2.78M, Peak:2.78M | Scene, ViewLayer | Updating Geometry BVH Ivory claw.014 7/132 | Building BVH
Fra:1 Mem:28.49M (Peak 33.79M) | Time:00:00.48 | Mem:2.78M, Peak:2.78M | Scene, ViewLayer | Updating Geometry BVH Paw toe.014 6/132 | Building mesh BLAS |      32 tris | Ivory claw.014
Fra:1 Mem:28.49M (Peak 33.79M) | Time:00:00.48 | Mem:2.78M, Peak:2.78M | Scene, ViewLayer | Updating Geometry BVH Paw toe.015 8/132 | Building BVH
Fra:1 Mem:28.49M (Peak 33.79M) | Time:00:00.48 | Mem:2.78M, Peak:2.78M | Scene, ViewLayer | Updating Geometry BVH Paw toe.015 8/132 | Building mesh BLAS |     192 tris | Paw toe.015
Fra:1 Mem:28.49M (Peak 33.79M) | Time:00:00.48 | Mem:2.78M, Peak:2.78M | Scene, ViewLayer | Updating Geometry BVH Ivory claw.015 9/132 | Building BVH
Fra:1 Mem:28.49M (Peak 33.79M) | Time:00:00.48 | Mem:2.78M, Peak:2.78M | Scene, ViewLayer | Updating Geometry BVH Ivory claw.016 11/132 | Building BVH
Fra:1 Mem:28.49M (Peak 33.79M) | Time:00:00.48 | Mem:2.78M, Peak:2.78M | Scene, ViewLayer | Updating Geometry BVH Paw toe.017 12/132 | Building BVH
Fra:1 Mem:28.49M (Peak 33.79M) | Time:00:00.48 | Mem:2.78M, Peak:2.78M | Scene, ViewLayer | Updating Geometry BVH Paw toe.017 12/132 | Building mesh BLAS |     192 tris | Paw toe.017
Fra:1 Mem:28.49M (Peak 33.79M) | Time:00:00.48 | Mem:2.78M, Peak:2.78M | Scene, ViewLayer | Updating Geometry BVH Ivory claw.017 13/132 | Building BVH
Fra:1 Mem:28.49M (Peak 33.79M) | Time:00:00.48 | Mem:2.78M, Peak:2.78M | Scene, ViewLayer | Updating Geometry BVH Ivory claw.017 13/132 | Building mesh BLAS |      32 tris | Ivory claw.017
Fra:1 Mem:28.49M (Peak 33.79M) | Time:00:00.48 | Mem:2.78M, Peak:2.78M | Scene, ViewLayer | Updating Geometry BVH Paw toe.018 14/132 | Building BVH
Fra:1 Mem:28.49M (Peak 33.79M) | Time:00:00.48 | Mem:2.78M, Peak:2.78M | Scene, ViewLayer | Updating Geometry BVH Paw toe.018 14/132 | Building mesh BLAS |     192 tris | Paw toe.018
Fra:1 Mem:28.49M (Peak 33.79M) | Time:00:00.48 | Mem:2.78M, Peak:2.78M | Scene, ViewLayer | Updating Geometry BVH Ivory claw.018 15/132 | Building BVH
Fra:1 Mem:28.49M (Peak 33.79M) | Time:00:00.48 | Mem:2.78M, Peak:2.78M | Scene, ViewLayer | Updating Geometry BVH Ivory claw.018 15/132 | Building mesh BLAS |      32 tris | Ivory claw.018
Fra:1 Mem:28.49M (Peak 33.79M) | Time:00:00.48 | Mem:2.78M, Peak:2.78M | Scene, ViewLayer | Updating Geometry BVH Paw toe.019 16/132 | Building BVH
Fra:1 Mem:28.49M (Peak 33.79M) | Time:00:00.48 | Mem:2.78M, Peak:2.78M | Scene, ViewLayer | Updating Geometry BVH Paw toe.019 16/132 | Building mesh BLAS |     192 tris | Paw toe.019
Fra:1 Mem:28.49M (Peak 33.79M) | Time:00:00.48 | Mem:2.78M, Peak:2.78M | Scene, ViewLayer | Updating Geometry BVH Ivory claw.019 17/132 | Building BVH
Fra:1 Mem:28.49M (Peak 33.79M) | Time:00:00.48 | Mem:2.78M, Peak:2.78M | Scene, ViewLayer | Updating Geometry BVH Ivory claw.019 17/132 | Building mesh BLAS |      32 tris | Ivory claw.019
Fra:1 Mem:28.49M (Peak 33.79M) | Time:00:00.48 | Mem:2.78M, Peak:2.78M | Scene, ViewLayer | Updating Geometry BVH Paw toe.020 18/132 | Building BVH
Fra:1 Mem:28.49M (Peak 33.79M) | Time:00:00.48 | Mem:2.78M, Peak:2.78M | Scene, ViewLayer | Updating Geometry BVH Paw toe.020 18/132 | Building mesh BLAS |     192 tris | Paw toe.020
Fra:1 Mem:28.49M (Peak 33.79M) | Time:00:00.48 | Mem:2.78M, Peak:2.78M | Scene, ViewLayer | Updating Geometry BVH Ivory claw.020 19/132 | Building BVH
Fra:1 Mem:28.49M (Peak 33.79M) | Time:00:00.48 | Mem:2.78M, Peak:2.78M | Scene, ViewLayer | Updating Geometry BVH Ivory claw.020 19/132 | Building mesh BLAS |      32 tris | Ivory claw.020
Fra:1 Mem:28.49M (Peak 33.79M) | Time:00:00.48 | Mem:2.78M, Peak:2.78M | Scene, ViewLayer | Updating Geometry BVH Paw toe.021 20/132 | Building BVH
Fra:1 Mem:28.49M (Peak 33.79M) | Time:00:00.48 | Mem:2.78M, Peak:2.78M | Scene, ViewLayer | Updating Geometry BVH Paw toe.021 20/132 | Building mesh BLAS |     192 tris | Paw toe.021
Fra:1 Mem:28.49M (Peak 33.79M) | Time:00:00.48 | Mem:2.78M, Peak:2.78M | Scene, ViewLayer | Updating Geometry BVH Ivory claw.021 21/132 | Building BVH
Fra:1 Mem:28.49M (Peak 33.79M) | Time:00:00.48 | Mem:2.78M, Peak:2.78M | Scene, ViewLayer | Updating Geometry BVH Ivory claw.021 21/132 | Building mesh BLAS |      32 tris | Ivory claw.021
Fra:1 Mem:28.49M (Peak 33.79M) | Time:00:00.48 | Mem:2.78M, Peak:2.78M | Scene, ViewLayer | Updating Geometry BVH Paw toe.022 22/132 | Building BVH
Fra:1 Mem:28.49M (Peak 33.79M) | Time:00:00.48 | Mem:2.78M, Peak:2.78M | Scene, ViewLayer | Updating Geometry BVH Paw toe.022 22/132 | Building mesh BLAS |     192 tris | Paw toe.022
Fra:1 Mem:28.49M (Peak 33.79M) | Time:00:00.48 | Mem:2.78M, Peak:2.78M | Scene, ViewLayer | Updating Geometry BVH Paw toe.022 22/132 | Building mesh BLAS |      32 tris | Ivory claw.016
Fra:1 Mem:28.49M (Peak 33.79M) | Time:00:00.48 | Mem:2.78M, Peak:2.78M | Scene, ViewLayer | Updating Geometry BVH Paw toe.022 22/132 | Building mesh BLAS |     192 tris | Paw toe.014
Fra:1 Mem:28.49M (Peak 33.79M) | Time:00:00.48 | Mem:2.78M, Peak:2.78M | Scene, ViewLayer | Updating Geometry BVH Paw toe.022 22/132 | Building mesh BLAS |     192 tris | Paw toe.016
Fra:1 Mem:28.49M (Peak 33.79M) | Time:00:00.48 | Mem:2.78M, Peak:2.78M | Scene, ViewLayer | Updating Geometry BVH Hero matched lighting.001 131/132 | Building BVH
Fra:1 Mem:28.49M (Peak 33.79M) | Time:00:00.48 | Mem:2.78M, Peak:2.78M | Scene, ViewLayer | Updating Geometry BVH Hero matched lighting 130/132 | Building BVH
Fra:1 Mem:28.49M (Peak 33.79M) | Time:00:00.48 | Mem:2.78M, Peak:2.78M | Scene, ViewLayer | Updating Geometry BVH Ivory claw.022 23/132 | Building BVH
Fra:1 Mem:28.49M (Peak 33.79M) | Time:00:00.48 | Mem:2.78M, Peak:2.78M | Scene, ViewLayer | Updating Geometry BVH Ivory claw.022 23/132 | Building mesh BLAS |      32 tris | Ivory claw.022
Fra:1 Mem:28.49M (Peak 33.79M) | Time:00:00.48 | Mem:2.78M, Peak:2.78M | Scene, ViewLayer | Updating Geometry BVH Paw toe.023 24/132 | Building BVH
Fra:1 Mem:28.49M (Peak 33.79M) | Time:00:00.48 | Mem:2.78M, Peak:2.78M | Scene, ViewLayer | Updating Geometry BVH Paw toe.023 24/132 | Building mesh BLAS |     192 tris | Paw toe.023
Fra:1 Mem:28.49M (Peak 33.79M) | Time:00:00.48 | Mem:2.78M, Peak:2.78M | Scene, ViewLayer | Updating Geometry BVH Ivory claw.023 25/132 | Building BVH
Fra:1 Mem:28.49M (Peak 33.79M) | Time:00:00.48 | Mem:2.78M, Peak:2.78M | Scene, ViewLayer | Updating Geometry BVH Ivory claw.023 25/132 | Building mesh BLAS |      32 tris | Ivory claw.023
Fra:1 Mem:28.49M (Peak 33.79M) | Time:00:00.48 | Mem:2.78M, Peak:2.78M | Scene, ViewLayer | Updating Geometry BVH Layered shoulder fur.012 26/132 | Building BVH
Fra:1 Mem:28.49M (Peak 33.79M) | Time:00:00.48 | Mem:2.78M, Peak:2.78M | Scene, ViewLayer | Updating Geometry BVH Layered shoulder fur.013 27/132 | Building BVH
Fra:1 Mem:28.49M (Peak 33.79M) | Time:00:00.48 | Mem:2.78M, Peak:2.78M | Scene, ViewLayer | Updating Geometry BVH Layered shoulder fur.013 27/132 | Building mesh BLAS |      44 tris | Layered shoulder fur.013
Fra:1 Mem:28.49M (Peak 33.79M) | Time:00:00.48 | Mem:2.78M, Peak:2.78M | Scene, ViewLayer | Updating Geometry BVH Hero short swept crown.004 129/132 | Building BVH
Fra:1 Mem:28.49M (Peak 33.79M) | Time:00:00.48 | Mem:2.78M, Peak:2.78M | Scene, ViewLayer | Updating Geometry BVH Layered shoulder fur.014 28/132 | Building mesh BLAS |     152 tris | Hero short swept crown.004
Fra:1 Mem:28.49M (Peak 33.79M) | Time:00:00.48 | Mem:2.78M, Peak:2.78M | Scene, ViewLayer | Updating Geometry BVH Wrist fur.012 29/132 | Building BVH
Fra:1 Mem:28.49M (Peak 33.79M) | Time:00:00.48 | Mem:2.78M, Peak:2.78M | Scene, ViewLayer | Updating Geometry BVH Wrist fur.012 29/132 | Building mesh BLAS |      44 tris | Wrist fur.012
Fra:1 Mem:28.49M (Peak 33.79M) | Time:00:00.48 | Mem:2.78M, Peak:2.78M | Scene, ViewLayer | Updating Geometry BVH Wrist fur.013 30/132 | Building BVH
Fra:1 Mem:28.49M (Peak 33.79M) | Time:00:00.48 | Mem:2.78M, Peak:2.78M | Scene, ViewLayer | Updating Geometry BVH Wrist fur.013 30/132 | Building mesh BLAS |      44 tris | Wrist fur.013
Fra:1 Mem:28.49M (Peak 33.79M) | Time:00:00.48 | Mem:2.78M, Peak:2.78M | Scene, ViewLayer | Updating Geometry BVH Wrist fur.014 31/132 | Building BVH
Fra:1 Mem:28.49M (Peak 33.79M) | Time:00:00.48 | Mem:2.78M, Peak:2.78M | Scene, ViewLayer | Updating Geometry BVH Wrist fur.014 31/132 | Building mesh BLAS |      44 tris | Wrist fur.014
Fra:1 Mem:28.49M (Peak 33.79M) | Time:00:00.48 | Mem:2.78M, Peak:2.78M | Scene, ViewLayer | Updating Geometry BVH Layered shoulder fur.015 32/132 | Building BVH
Fra:1 Mem:28.49M (Peak 33.79M) | Time:00:00.48 | Mem:2.78M, Peak:2.78M | Scene, ViewLayer | Updating Geometry BVH Layered shoulder fur.015 32/132 | Building mesh BLAS |      44 tris | Layered shoulder fur.015
Fra:1 Mem:28.49M (Peak 33.79M) | Time:00:00.48 | Mem:2.78M, Peak:2.78M | Scene, ViewLayer | Updating Geometry BVH Layered shoulder fur.016 33/132 | Building BVH
Fra:1 Mem:28.49M (Peak 33.79M) | Time:00:00.48 | Mem:2.78M, Peak:2.78M | Scene, ViewLayer | Updating Geometry BVH Layered shoulder fur.016 33/132 | Building mesh BLAS |      44 tris | Layered shoulder fur.016
Fra:1 Mem:28.49M (Peak 33.79M) | Time:00:00.48 | Mem:2.78M, Peak:2.78M | Scene, ViewLayer | Updating Geometry BVH Layered shoulder fur.017 34/132 | Building BVH
Fra:1 Mem:28.49M (Peak 33.79M) | Time:00:00.48 | Mem:2.78M, Peak:2.78M | Scene, ViewLayer | Updating Geometry BVH Layered shoulder fur.017 34/132 | Building mesh BLAS |      44 tris | Layered shoulder fur.017
Fra:1 Mem:28.49M (Peak 33.79M) | Time:00:00.48 | Mem:2.78M, Peak:2.78M | Scene, ViewLayer | Updating Geometry BVH Wrist fur.015 35/132 | Building BVH
Fra:1 Mem:28.49M (Peak 33.79M) | Time:00:00.48 | Mem:2.78M, Peak:2.78M | Scene, ViewLayer | Updating Geometry BVH Wrist fur.015 35/132 | Building mesh BLAS |      44 tris | Wrist fur.015
Fra:1 Mem:28.49M (Peak 33.79M) | Time:00:00.48 | Mem:2.78M, Peak:2.78M | Scene, ViewLayer | Updating Geometry BVH Wrist fur.016 36/132 | Building BVH
Fra:1 Mem:28.49M (Peak 33.79M) | Time:00:00.48 | Mem:2.78M, Peak:2.78M | Scene, ViewLayer | Updating Geometry BVH Wrist fur.016 36/132 | Building mesh BLAS |      44 tris | Wrist fur.016
Fra:1 Mem:28.49M (Peak 33.79M) | Time:00:00.48 | Mem:2.78M, Peak:2.78M | Scene, ViewLayer | Updating Geometry BVH Wrist fur.016 36/132 | Building mesh BLAS |      44 tris | Layered shoulder fur.012
Fra:1 Mem:28.49M (Peak 33.79M) | Time:00:00.49 | Mem:2.78M, Peak:2.78M | Scene, ViewLayer | Updating Geometry BVH Wrist fur.017 37/132 | Building BVH
Fra:1 Mem:28.49M (Peak 33.79M) | Time:00:00.49 | Mem:2.78M, Peak:2.78M | Scene, ViewLayer | Updating Geometry BVH Wrist fur.017 37/132 | Building mesh BLAS |      44 tris | Wrist fur.017
Fra:1 Mem:28.49M (Peak 33.79M) | Time:00:00.49 | Mem:2.78M, Peak:2.78M | Scene, ViewLayer | Updating Geometry BVH Layered shoulder fur.018 38/132 | Building BVH
Fra:1 Mem:28.49M (Peak 33.79M) | Time:00:00.49 | Mem:2.78M, Peak:2.78M | Scene, ViewLayer | Updating Geometry BVH Layered shoulder fur.018 38/132 | Building mesh BLAS |      44 tris | Layered shoulder fur.018
Fra:1 Mem:28.49M (Peak 33.79M) | Time:00:00.49 | Mem:2.78M, Peak:2.78M | Scene, ViewLayer | Updating Geometry BVH Layered shoulder fur.019 39/132 | Building BVH
Fra:1 Mem:28.49M (Peak 33.79M) | Time:00:00.49 | Mem:2.78M, Peak:2.78M | Scene, ViewLayer | Updating Geometry BVH Layered shoulder fur.019 39/132 | Building mesh BLAS |      44 tris | Layered shoulder fur.019
Fra:1 Mem:28.49M (Peak 33.79M) | Time:00:00.49 | Mem:2.78M, Peak:2.78M | Scene, ViewLayer | Updating Geometry BVH Layered shoulder fur.020 40/132 | Building BVH
Fra:1 Mem:28.49M (Peak 33.79M) | Time:00:00.49 | Mem:2.78M, Peak:2.78M | Scene, ViewLayer | Updating Geometry BVH Wrist fur.018 41/132 | Building BVH
Fra:1 Mem:28.49M (Peak 33.79M) | Time:00:00.49 | Mem:2.78M, Peak:2.78M | Scene, ViewLayer | Updating Geometry BVH Wrist fur.018 41/132 | Building mesh BLAS |      44 tris | Wrist fur.018
Fra:1 Mem:28.49M (Peak 33.79M) | Time:00:00.49 | Mem:2.78M, Peak:2.78M | Scene, ViewLayer | Updating Geometry BVH Wrist fur.018 41/132 | Building mesh BLAS |      44 tris | Layered shoulder fur.020
Fra:1 Mem:28.49M (Peak 33.79M) | Time:00:00.49 | Mem:2.78M, Peak:2.78M | Scene, ViewLayer | Updating Geometry BVH Wrist fur.018 41/132 | Building mesh BLAS |      44 tris | Layered shoulder fur.014
Fra:1 Mem:28.49M (Peak 33.79M) | Time:00:00.49 | Mem:2.78M, Peak:2.78M | Scene, ViewLayer | Updating Geometry BVH Wrist fur.019 42/132 | Building BVH
Fra:1 Mem:28.49M (Peak 33.79M) | Time:00:00.49 | Mem:2.78M, Peak:2.78M | Scene, ViewLayer | Updating Geometry BVH Wrist fur.020 43/132 | Building mesh BLAS |      44 tris | Wrist fur.019
Fra:1 Mem:28.49M (Peak 33.79M) | Time:00:00.49 | Mem:2.78M, Peak:2.78M | Scene, ViewLayer | Updating Geometry BVH Layered shoulder fur.021 44/132 | Building BVH
Fra:1 Mem:28.49M (Peak 33.79M) | Time:00:00.49 | Mem:2.78M, Peak:2.78M | Scene, ViewLayer | Updating Geometry BVH Layered shoulder fur.021 44/132 | Building mesh BLAS |      44 tris | Layered shoulder fur.021
Fra:1 Mem:28.49M (Peak 33.79M) | Time:00:00.49 | Mem:2.78M, Peak:2.78M | Scene, ViewLayer | Updating Geometry BVH Layered shoulder fur.022 45/132 | Building BVH
Fra:1 Mem:28.49M (Peak 33.79M) | Time:00:00.49 | Mem:2.78M, Peak:2.78M | Scene, ViewLayer | Updating Geometry BVH Layered shoulder fur.022 45/132 | Building mesh BLAS |      44 tris | Layered shoulder fur.022
Fra:1 Mem:28.49M (Peak 33.79M) | Time:00:00.49 | Mem:2.78M, Peak:2.78M | Scene, ViewLayer | Updating Geometry BVH Layered shoulder fur.023 46/132 | Building BVH
Fra:1 Mem:28.49M (Peak 33.79M) | Time:00:00.49 | Mem:2.78M, Peak:2.78M | Scene, ViewLayer | Updating Geometry BVH Wrist fur.021 47/132 | Building BVH
Fra:1 Mem:28.49M (Peak 33.79M) | Time:00:00.49 | Mem:2.78M, Peak:2.78M | Scene, ViewLayer | Updating Geometry BVH Wrist fur.021 47/132 | Building mesh BLAS |      44 tris | Layered shoulder fur.023
Fra:1 Mem:28.49M (Peak 33.79M) | Time:00:00.49 | Mem:2.78M, Peak:2.78M | Scene, ViewLayer | Updating Geometry BVH Wrist fur.021 47/132 | Building mesh BLAS |      44 tris | Wrist fur.021
Fra:1 Mem:28.49M (Peak 33.79M) | Time:00:00.49 | Mem:2.78M, Peak:2.78M | Scene, ViewLayer | Updating Geometry BVH Wrist fur.022 48/132 | Building BVH
Fra:1 Mem:28.49M (Peak 33.79M) | Time:00:00.49 | Mem:2.78M, Peak:2.78M | Scene, ViewLayer | Updating Geometry BVH Hero short swept crown.003 128/132 | Building mesh BLAS |      44 tris | Wrist fur.022
Fra:1 Mem:28.49M (Peak 33.79M) | Time:00:00.49 | Mem:2.78M, Peak:2.78M | Scene, ViewLayer | Updating Geometry BVH Hero short swept crown.003 128/132 | Building mesh BLAS |     152 tris | Hero short swept crown.003
Fra:1 Mem:28.49M (Peak 33.79M) | Time:00:00.49 | Mem:2.78M, Peak:2.78M | Scene, ViewLayer | Updating Geometry BVH Wrist fur.023 49/132 | Building BVH
Fra:1 Mem:28.49M (Peak 33.79M) | Time:00:00.49 | Mem:2.78M, Peak:2.78M | Scene, ViewLayer | Updating Geometry BVH Wrist fur.023 49/132 | Building mesh BLAS |      44 tris | Wrist fur.023
Fra:1 Mem:28.49M (Peak 33.79M) | Time:00:00.49 | Mem:2.78M, Peak:2.78M | Scene, ViewLayer | Updating Geometry BVH Hero short swept crown.002 127/132 | Building BVH
Fra:1 Mem:28.49M (Peak 33.79M) | Time:00:00.49 | Mem:2.78M, Peak:2.78M | Scene, ViewLayer | Updating Geometry BVH Hero short swept crown.002 127/132 | Building mesh BLAS |     152 tris | Hero short swept crown.002
Fra:1 Mem:28.49M (Peak 33.79M) | Time:00:00.49 | Mem:2.78M, Peak:2.78M | Scene, ViewLayer | Updating Geometry BVH Articulated tail.001 50/132 | Building BVH
Fra:1 Mem:28.49M (Peak 33.79M) | Time:00:00.49 | Mem:2.78M, Peak:2.78M | Scene, ViewLayer | Updating Geometry BVH Articulated tail.001 50/132 | Building mesh BLAS |     268 tris | Articulated tail.001
Fra:1 Mem:28.49M (Peak 33.79M) | Time:00:00.49 | Mem:2.78M, Peak:2.78M | Scene, ViewLayer | Updating Geometry BVH Flame tail tuft.007 51/132 | Building BVH
Fra:1 Mem:28.49M (Peak 33.79M) | Time:00:00.49 | Mem:2.78M, Peak:2.78M | Scene, ViewLayer | Updating Geometry BVH Flame tail tuft.007 51/132 | Building mesh BLAS |      44 tris | Flame tail tuft.007
Fra:1 Mem:28.49M (Peak 33.79M) | Time:00:00.49 | Mem:2.78M, Peak:2.78M | Scene, ViewLayer | Updating Geometry BVH Flame tail tuft.007 51/132 | Building mesh BLAS |      44 tris | Wrist fur.020
Fra:1 Mem:28.49M (Peak 33.79M) | Time:00:00.49 | Mem:2.78M, Peak:2.78M | Scene, ViewLayer | Updating Geometry BVH Flame tail tuft.008 52/132 | Building BVH
Fra:1 Mem:28.49M (Peak 33.79M) | Time:00:00.49 | Mem:2.78M, Peak:2.78M | Scene, ViewLayer | Updating Geometry BVH Flame tail tuft.008 52/132 | Building mesh BLAS |      44 tris | Flame tail tuft.008
Fra:1 Mem:28.49M (Peak 33.79M) | Time:00:00.49 | Mem:2.78M, Peak:2.78M | Scene, ViewLayer | Updating Geometry BVH Flame tail tuft.009 53/132 | Building BVH
Fra:1 Mem:28.49M (Peak 33.79M) | Time:00:00.49 | Mem:2.78M, Peak:2.78M | Scene, ViewLayer | Updating Geometry BVH Flame tail tuft.009 53/132 | Building mesh BLAS |      44 tris | Flame tail tuft.009
Fra:1 Mem:28.49M (Peak 33.79M) | Time:00:00.49 | Mem:2.78M, Peak:2.78M | Scene, ViewLayer | Updating Geometry BVH Hero short swept crown.001 126/132 | Building BVH
Fra:1 Mem:28.49M (Peak 33.79M) | Time:00:00.49 | Mem:2.78M, Peak:2.78M | Scene, ViewLayer | Updating Geometry BVH Flame tail tuft.011 55/132 | Building mesh BLAS |     152 tris | Hero short swept crown.001
Fra:1 Mem:28.49M (Peak 33.79M) | Time:00:00.49 | Mem:2.78M, Peak:2.78M | Scene, ViewLayer | Updating Geometry BVH Flame tail tuft.012 56/132 | Building BVH
Fra:1 Mem:28.49M (Peak 33.79M) | Time:00:00.49 | Mem:2.78M, Peak:2.78M | Scene, ViewLayer | Updating Geometry BVH Flame tail tuft.012 56/132 | Building mesh BLAS |      44 tris | Flame tail tuft.012
Fra:1 Mem:28.49M (Peak 33.79M) | Time:00:00.49 | Mem:2.78M, Peak:2.78M | Scene, ViewLayer | Updating Geometry BVH Flame tail tuft.013 57/132 | Building BVH
Fra:1 Mem:28.49M (Peak 33.79M) | Time:00:00.49 | Mem:2.78M, Peak:2.78M | Scene, ViewLayer | Updating Geometry BVH Flame tail tuft.013 57/132 | Building mesh BLAS |      44 tris | Flame tail tuft.013
Fra:1 Mem:28.49M (Peak 33.79M) | Time:00:00.49 | Mem:2.78M, Peak:2.78M | Scene, ViewLayer | Updating Geometry BVH Hero short swept crown 125/132 | Building BVH
Fra:1 Mem:28.49M (Peak 33.79M) | Time:00:00.49 | Mem:2.78M, Peak:2.78M | Scene, ViewLayer | Updating Geometry BVH Hero short swept crown 125/132 | Building mesh BLAS |     152 tris | Hero short swept crown
Fra:1 Mem:28.49M (Peak 33.79M) | Time:00:00.49 | Mem:2.78M, Peak:2.78M | Scene, ViewLayer | Updating Geometry BVH Hero fitted chest collar 58/132 | Building BVH
Fra:1 Mem:28.49M (Peak 33.79M) | Time:00:00.49 | Mem:2.78M, Peak:2.78M | Scene, ViewLayer | Updating Geometry BVH Hero fitted chest collar 58/132 | Building mesh BLAS |     336 tris | Hero fitted chest collar
Fra:1 Mem:28.49M (Peak 33.79M) | Time:00:00.49 | Mem:2.78M, Peak:2.78M | Scene, ViewLayer | Updating Geometry BVH Neckerchief folded point.001 59/132 | Building BVH
Fra:1 Mem:28.49M (Peak 33.79M) | Time:00:00.49 | Mem:2.78M, Peak:2.78M | Scene, ViewLayer | Updating Geometry BVH Neckerchief folded point.001 59/132 | Building mesh BLAS |       4 tris | Neckerchief folded point.001
Fra:1 Mem:28.49M (Peak 33.79M) | Time:00:00.50 | Mem:2.78M, Peak:2.78M | Scene, ViewLayer | Updating Geometry BVH Brass crest clasp.001 60/132 | Building BVH
Fra:1 Mem:28.49M (Peak 33.79M) | Time:00:00.50 | Mem:2.78M, Peak:2.78M | Scene, ViewLayer | Updating Geometry BVH Hero short throat mass.002 124/132 | Building BVH
Fra:1 Mem:28.49M (Peak 33.79M) | Time:00:00.50 | Mem:2.78M, Peak:2.78M | Scene, ViewLayer | Updating Geometry BVH Hero short throat mass.002 124/132 | Building mesh BLAS |     176 tris | Hero short throat mass.002
Fra:1 Mem:28.49M (Peak 33.79M) | Time:00:00.50 | Mem:2.78M, Peak:2.78M | Scene, ViewLayer | Updating Geometry BVH Hero short throat mass.001 123/132 | Building BVH
Fra:1 Mem:28.49M (Peak 33.79M) | Time:00:00.50 | Mem:2.78M, Peak:2.78M | Scene, ViewLayer | Updating Geometry BVH Hero short throat mass.001 123/132 | Building mesh BLAS |     320 tris | Brass crest clasp.001
Fra:1 Mem:28.49M (Peak 33.79M) | Time:00:00.50 | Mem:2.78M, Peak:2.78M | Scene, ViewLayer | Updating Geometry BVH Hero short throat mass.001 123/132 | Building mesh BLAS |     176 tris | Hero short throat mass.001
Fra:1 Mem:28.49M (Peak 33.79M) | Time:00:00.50 | Mem:2.78M, Peak:2.78M | Scene, ViewLayer | Updating Geometry BVH Designed upright joint-loop topology 62/132 | Building BVH
Fra:1 Mem:28.49M (Peak 33.79M) | Time:00:00.50 | Mem:2.78M, Peak:2.78M | Scene, ViewLayer | Updating Geometry BVH Designed upright joint-loop topology 62/132 | Building mesh BLAS |    8632 tris | Designed upright joint-loop topology
Fra:1 Mem:28.49M (Peak 33.79M) | Time:00:00.50 | Mem:2.78M, Peak:2.78M | Scene, ViewLayer | Updating Geometry BVH Hero short throat mass 122/132 | Building BVH
Fra:1 Mem:28.49M (Peak 33.79M) | Time:00:00.50 | Mem:2.78M, Peak:2.78M | Scene, ViewLayer | Updating Geometry BVH Hero continuous skull cheeks and muzzle 63/132 | Building BVH
Fra:1 Mem:28.49M (Peak 33.79M) | Time:00:00.50 | Mem:2.78M, Peak:2.78M | Scene, ViewLayer | Updating Geometry BVH Hero continuous skull cheeks and muzzle 63/132 | Building mesh BLAS |    4032 tris | Hero continuous skull cheeks and muzzle
Fra:1 Mem:28.49M (Peak 33.79M) | Time:00:00.50 | Mem:2.78M, Peak:2.78M | Scene, ViewLayer | Updating Geometry BVH Hero continuous skull cheeks and muzzle 63/132 | Building mesh BLAS |     176 tris | Hero short throat mass
Fra:1 Mem:28.49M (Peak 33.79M) | Time:00:00.50 | Mem:2.78M, Peak:2.78M | Scene, ViewLayer | Updating Geometry BVH Hero feline nose plane 64/132 | Building BVH
Fra:1 Mem:28.49M (Peak 33.79M) | Time:00:00.50 | Mem:2.78M, Peak:2.78M | Scene, ViewLayer | Updating Geometry BVH Hero feline nose plane 64/132 | Building mesh BLAS |      30 tris | Hero feline nose plane
Fra:1 Mem:28.49M (Peak 33.79M) | Time:00:00.50 | Mem:2.78M, Peak:2.78M | Scene, ViewLayer | Updating Geometry BVH Hero feline nose plane 64/132 | Building mesh BLAS |      44 tris | Flame tail tuft.010
Fra:1 Mem:28.49M (Peak 33.79M) | Time:00:00.50 | Mem:2.78M, Peak:2.78M | Scene, ViewLayer | Updating Geometry BVH Hero feline nose plane 64/132 | Building mesh BLAS |      44 tris | Flame tail tuft.011
Fra:1 Mem:28.49M (Peak 33.79M) | Time:00:00.50 | Mem:2.78M, Peak:2.78M | Scene, ViewLayer | Updating Geometry BVH Hero feline nose plane 64/132 | Building mesh BLAS |      36 tris | Raised elemental crest.001
Fra:1 Mem:28.49M (Peak 33.79M) | Time:00:00.50 | Mem:2.78M, Peak:2.78M | Scene, ViewLayer | Updating Geometry BVH Hero whisker pore 65/132 | Building BVH
Fra:1 Mem:28.49M (Peak 33.79M) | Time:00:00.50 | Mem:2.78M, Peak:2.78M | Scene, ViewLayer | Updating Geometry BVH Hero authored sweeping ruff mass.017 121/132 | Building BVH
Fra:1 Mem:28.49M (Peak 33.79M) | Time:00:00.50 | Mem:2.78M, Peak:2.78M | Scene, ViewLayer | Updating Geometry BVH Hero whisker pore.001 66/132 | Building BVH
Fra:1 Mem:28.49M (Peak 33.79M) | Time:00:00.50 | Mem:2.78M, Peak:2.78M | Scene, ViewLayer | Updating Geometry BVH Hero whisker pore.001 66/132 | Building mesh BLAS |     268 tris | Hero authored sweeping ruff mass.017
Fra:1 Mem:28.49M (Peak 33.79M) | Time:00:00.50 | Mem:2.78M, Peak:2.78M | Scene, ViewLayer | Updating Geometry BVH Hero whisker pore.001 66/132 | Building mesh BLAS |       7 tris | Hero whisker pore.001
Fra:1 Mem:28.49M (Peak 33.79M) | Time:00:00.50 | Mem:2.78M, Peak:2.78M | Scene, ViewLayer | Updating Geometry BVH Hero whisker pore.002 67/132 | Building BVH
Fra:1 Mem:28.49M (Peak 33.79M) | Time:00:00.50 | Mem:2.78M, Peak:2.78M | Scene, ViewLayer | Updating Geometry BVH Hero whisker pore.002 67/132 | Building mesh BLAS |       7 tris | Hero whisker pore.002
Fra:1 Mem:28.49M (Peak 33.79M) | Time:00:00.50 | Mem:2.79M, Peak:2.79M | Scene, ViewLayer | Updating Geometry BVH Hero whisker pore.003 68/132 | Building BVH
Fra:1 Mem:28.49M (Peak 33.79M) | Time:00:00.50 | Mem:2.80M, Peak:2.80M | Scene, ViewLayer | Updating Geometry BVH Hero whisker pore.003 68/132 | Building mesh BLAS |       7 tris | Hero whisker pore.003
Fra:1 Mem:28.49M (Peak 33.79M) | Time:00:00.50 | Mem:2.80M, Peak:2.80M | Scene, ViewLayer | Updating Geometry BVH Hero whisker pore.004 69/132 | Building BVH
Fra:1 Mem:28.49M (Peak 33.79M) | Time:00:00.50 | Mem:2.80M, Peak:2.80M | Scene, ViewLayer | Updating Geometry BVH Hero whisker pore.004 69/132 | Building mesh BLAS |       7 tris | Hero whisker pore.004
Fra:1 Mem:28.49M (Peak 33.79M) | Time:00:00.50 | Mem:2.80M, Peak:2.80M | Scene, ViewLayer | Updating Geometry BVH Hero authored sweeping ruff mass.016 120/132 | Building BVH
Fra:1 Mem:28.49M (Peak 33.79M) | Time:00:00.50 | Mem:2.80M, Peak:2.80M | Scene, ViewLayer | Updating Geometry BVH Hero authored sweeping ruff mass.016 120/132 | Building mesh BLAS |     268 tris | Hero authored sweeping ruff mass.016
Fra:1 Mem:28.49M (Peak 33.79M) | Time:00:00.50 | Mem:2.80M, Peak:2.80M | Scene, ViewLayer | Updating Geometry BVH Hero whisker pore.005 70/132 | Building BVH
Fra:1 Mem:28.49M (Peak 33.79M) | Time:00:00.50 | Mem:2.80M, Peak:2.80M | Scene, ViewLayer | Updating Geometry BVH Hero whisker pore.005 70/132 | Building mesh BLAS |       7 tris | Hero whisker pore.005
Fra:1 Mem:28.49M (Peak 33.79M) | Time:00:00.50 | Mem:2.80M, Peak:2.80M | Scene, ViewLayer | Updating Geometry BVH Hero whisker pore.006 71/132 | Building BVH
Fra:1 Mem:28.49M (Peak 33.79M) | Time:00:00.50 | Mem:2.80M, Peak:2.80M | Scene, ViewLayer | Updating Geometry BVH Hero whisker pore.007 72/132 | Building BVH
Fra:1 Mem:28.49M (Peak 33.79M) | Time:00:00.50 | Mem:2.80M, Peak:2.80M | Scene, ViewLayer | Updating Geometry BVH Hero whisker pore.007 72/132 | Building mesh BLAS |       7 tris | Hero whisker pore.006
Fra:1 Mem:28.49M (Peak 33.79M) | Time:00:00.50 | Mem:2.80M, Peak:2.80M | Scene, ViewLayer | Updating Geometry BVH Hero whisker pore.007 72/132 | Building mesh BLAS |       7 tris | Hero whisker pore.007
Fra:1 Mem:28.49M (Peak 33.79M) | Time:00:00.50 | Mem:2.80M, Peak:2.80M | Scene, ViewLayer | Updating Geometry BVH Hero whisker pore.008 73/132 | Building BVH
Fra:1 Mem:28.49M (Peak 33.79M) | Time:00:00.50 | Mem:2.80M, Peak:2.80M | Scene, ViewLayer | Updating Geometry BVH Hero whisker pore.009 74/132 | Building BVH
Fra:1 Mem:28.49M (Peak 33.79M) | Time:00:00.50 | Mem:2.80M, Peak:2.80M | Scene, ViewLayer | Updating Geometry BVH Hero whisker pore.009 74/132 | Building mesh BLAS |       7 tris | Hero whisker pore.008
Fra:1 Mem:28.49M (Peak 33.79M) | Time:00:00.50 | Mem:2.80M, Peak:2.80M | Scene, ViewLayer | Updating Geometry BVH Hero whisker pore.009 74/132 | Building mesh BLAS |       7 tris | Hero whisker pore.009
Fra:1 Mem:28.49M (Peak 33.79M) | Time:00:00.50 | Mem:2.80M, Peak:2.80M | Scene, ViewLayer | Updating Geometry BVH Hero whisker pore.010 75/132 | Building BVH
Fra:1 Mem:28.49M (Peak 33.79M) | Time:00:00.50 | Mem:2.80M, Peak:2.80M | Scene, ViewLayer | Updating Geometry BVH Hero whisker pore.010 75/132 | Building mesh BLAS |       7 tris | Hero whisker pore.010
Fra:1 Mem:28.49M (Peak 33.79M) | Time:00:00.50 | Mem:2.80M, Peak:2.80M | Scene, ViewLayer | Updating Geometry BVH Hero whisker pore.011 76/132 | Building BVH
Fra:1 Mem:28.49M (Peak 33.79M) | Time:00:00.50 | Mem:2.80M, Peak:2.80M | Scene, ViewLayer | Updating Geometry BVH Hero whisker pore.011 76/132 | Building mesh BLAS |       7 tris | Hero whisker pore.011
Fra:1 Mem:28.49M (Peak 33.79M) | Time:00:00.50 | Mem:2.80M, Peak:2.80M | Scene, ViewLayer | Updating Geometry BVH Hero authored sweeping ruff mass.015 119/132 | Building BVH
Fra:1 Mem:28.49M (Peak 33.79M) | Time:00:00.50 | Mem:2.80M, Peak:2.80M | Scene, ViewLayer | Updating Geometry BVH Hero authored sweeping ruff mass.015 119/132 | Building mesh BLAS |     268 tris | Hero authored sweeping ruff mass.015
Fra:1 Mem:28.49M (Peak 33.79M) | Time:00:00.50 | Mem:2.80M, Peak:2.80M | Scene, ViewLayer | Updating Geometry BVH Hero whisker pore.012 77/132 | Building BVH
Fra:1 Mem:28.49M (Peak 33.79M) | Time:00:00.50 | Mem:2.80M, Peak:2.80M | Scene, ViewLayer | Updating Geometry BVH Hero whisker pore.012 77/132 | Building mesh BLAS |       7 tris | Hero whisker pore.012
Fra:1 Mem:28.49M (Peak 33.79M) | Time:00:00.50 | Mem:2.80M, Peak:2.80M | Scene, ViewLayer | Updating Geometry BVH Hero whisker pore.013 78/132 | Building BVH
Fra:1 Mem:28.49M (Peak 33.79M) | Time:00:00.50 | Mem:2.80M, Peak:2.80M | Scene, ViewLayer | Updating Geometry BVH Hero whisker pore.013 78/132 | Building mesh BLAS |       7 tris | Hero whisker pore.013
Fra:1 Mem:28.49M (Peak 33.79M) | Time:00:00.51 | Mem:2.84M, Peak:2.84M | Scene, ViewLayer | Updating Geometry BVH Hero whisker pore.014 79/132 | Building BVH
Fra:1 Mem:28.49M (Peak 33.79M) | Time:00:00.51 | Mem:2.84M, Peak:2.84M | Scene, ViewLayer | Updating Geometry BVH Hero whisker pore.014 79/132 | Building mesh BLAS |       7 tris | Hero whisker pore.014
Fra:1 Mem:28.49M (Peak 33.79M) | Time:00:00.51 | Mem:2.84M, Peak:2.84M | Scene, ViewLayer | Updating Geometry BVH Hero whisker pore.015 80/132 | Building BVH
Fra:1 Mem:28.49M (Peak 33.79M) | Time:00:00.51 | Mem:2.84M, Peak:2.84M | Scene, ViewLayer | Updating Geometry BVH Hero whisker pore.015 80/132 | Building mesh BLAS |       7 tris | Hero whisker pore.015
Fra:1 Mem:28.49M (Peak 33.79M) | Time:00:00.51 | Mem:2.84M, Peak:2.84M | Scene, ViewLayer | Updating Geometry BVH Hero whisker pore.016 81/132 | Building BVH
Fra:1 Mem:28.49M (Peak 33.79M) | Time:00:00.51 | Mem:2.84M, Peak:2.84M | Scene, ViewLayer | Updating Geometry BVH Hero whisker pore.016 81/132 | Building mesh BLAS |       7 tris | Hero whisker pore.016
Fra:1 Mem:28.49M (Peak 33.79M) | Time:00:00.51 | Mem:2.84M, Peak:2.84M | Scene, ViewLayer | Updating Geometry BVH Hero whisker pore.017 82/132 | Building BVH
Fra:1 Mem:28.49M (Peak 33.79M) | Time:00:00.51 | Mem:2.84M, Peak:2.84M | Scene, ViewLayer | Updating Geometry BVH Hero whisker pore.017 82/132 | Building mesh BLAS |       7 tris | Hero whisker pore.017
Fra:1 Mem:28.49M (Peak 33.79M) | Time:00:00.51 | Mem:2.84M, Peak:2.84M | Scene, ViewLayer | Updating Geometry BVH Hero shaped mandible 83/132 | Building BVH
Fra:1 Mem:28.49M (Peak 33.79M) | Time:00:00.51 | Mem:2.84M, Peak:2.84M | Scene, ViewLayer | Updating Geometry BVH Hero restrained fire edge.005 118/132 | Building BVH
Fra:1 Mem:28.49M (Peak 33.79M) | Time:00:00.51 | Mem:2.84M, Peak:2.84M | Scene, ViewLayer | Updating Geometry BVH Hero restrained fire edge.005 118/132 | Building mesh BLAS |     156 tris | Hero shaped mandible
Fra:1 Mem:28.49M (Peak 33.79M) | Time:00:00.51 | Mem:2.84M, Peak:2.84M | Scene, ViewLayer | Updating Geometry BVH Hero restrained fire edge.005 118/132 | Building mesh BLAS |     146 tris | Hero restrained fire edge.005
Fra:1 Mem:28.49M (Peak 33.79M) | Time:00:00.51 | Mem:2.84M, Peak:2.84M | Scene, ViewLayer | Updating Geometry BVH Hero connected oral sleeve 84/132 | Building BVH
Fra:1 Mem:28.49M (Peak 33.79M) | Time:00:00.51 | Mem:2.84M, Peak:2.84M | Scene, ViewLayer | Updating Geometry BVH Hero connected oral sleeve 84/132 | Building mesh BLAS |     144 tris | Hero connected oral sleeve
Fra:1 Mem:28.49M (Peak 33.79M) | Time:00:00.51 | Mem:2.84M, Peak:2.84M | Scene, ViewLayer | Updating Geometry BVH Hero recessed almond eye -1 85/132 | Building BVH
Fra:1 Mem:28.49M (Peak 33.79M) | Time:00:00.51 | Mem:2.84M, Peak:2.84M | Scene, ViewLayer | Updating Geometry BVH Hero recessed almond eye -1 85/132 | Building mesh BLAS |     224 tris | Hero recessed almond eye -1
Fra:1 Mem:28.49M (Peak 33.79M) | Time:00:00.51 | Mem:2.86M, Peak:2.86M | Scene, ViewLayer | Updating Geometry BVH Hero amber iris -1 86/132 | Building BVH
Fra:1 Mem:28.49M (Peak 33.79M) | Time:00:00.51 | Mem:2.86M, Peak:2.86M | Scene, ViewLayer | Updating Geometry BVH Hero amber iris -1 86/132 | Building mesh BLAS |      24 tris | Hero amber iris -1
Fra:1 Mem:28.49M (Peak 33.79M) | Time:00:00.51 | Mem:2.94M, Peak:2.94M | Scene, ViewLayer | Updating Geometry BVH Hero vertical pupil -1 87/132 | Building BVH
Fra:1 Mem:28.49M (Peak 33.79M) | Time:00:00.51 | Mem:2.94M, Peak:2.94M | Scene, ViewLayer | Updating Geometry BVH Hero vertical pupil -1 87/132 | Building mesh BLAS |      24 tris | Hero vertical pupil -1
Fra:1 Mem:28.49M (Peak 33.79M) | Time:00:00.51 | Mem:2.94M, Peak:2.94M | Scene, ViewLayer | Updating Geometry BVH Hero small catchlight -1 88/132 | Building BVH
Fra:1 Mem:28.49M (Peak 33.79M) | Time:00:00.51 | Mem:2.94M, Peak:2.94M | Scene, ViewLayer | Updating Geometry BVH Hero small catchlight -1 88/132 | Building mesh BLAS |      24 tris | Hero small catchlight -1
Fra:1 Mem:28.49M (Peak 33.79M) | Time:00:00.51 | Mem:2.94M, Peak:2.94M | Scene, ViewLayer | Updating Geometry BVH Hero sculpted supraorbital brow -1 89/132 | Building BVH
Fra:1 Mem:28.49M (Peak 33.79M) | Time:00:00.51 | Mem:2.94M, Peak:2.94M | Scene, ViewLayer | Updating Geometry BVH Hero sculpted supraorbital brow -1 89/132 | Building mesh BLAS |     164 tris | Hero sculpted supraorbital brow -1
Fra:1 Mem:28.49M (Peak 33.79M) | Time:00:00.51 | Mem:2.94M, Peak:2.94M | Scene, ViewLayer | Updating Geometry BVH Hero cupped leonine ear -1 90/132 | Building BVH
Fra:1 Mem:28.49M (Peak 33.79M) | Time:00:00.51 | Mem:2.94M, Peak:2.94M | Scene, ViewLayer | Updating Geometry BVH Hero cupped leonine ear -1 90/132 | Building mesh BLAS |     144 tris | Hero cupped leonine ear -1
Fra:1 Mem:28.49M (Peak 33.79M) | Time:00:00.51 | Mem:2.94M, Peak:2.94M | Scene, ViewLayer | Updating Geometry BVH Hero recessed almond eye 1 91/132 | Building BVH
Fra:1 Mem:28.49M (Peak 33.79M) | Time:00:00.51 | Mem:2.94M, Peak:2.94M | Scene, ViewLayer | Updating Geometry BVH Hero recessed almond eye 1 91/132 | Building mesh BLAS |     224 tris | Hero recessed almond eye 1
Fra:1 Mem:28.49M (Peak 33.79M) | Time:00:00.51 | Mem:2.94M, Peak:2.94M | Scene, ViewLayer | Updating Geometry BVH Hero amber iris 1 92/132 | Building BVH
Fra:1 Mem:28.49M (Peak 33.79M) | Time:00:00.51 | Mem:2.94M, Peak:2.94M | Scene, ViewLayer | Updating Geometry BVH Hero amber iris 1 92/132 | Building mesh BLAS |      24 tris | Hero amber iris 1
Fra:1 Mem:28.49M (Peak 33.79M) | Time:00:00.51 | Mem:2.94M, Peak:2.94M | Scene, ViewLayer | Updating Geometry BVH Hero vertical pupil 1 93/132 | Building BVH
Fra:1 Mem:28.49M (Peak 33.79M) | Time:00:00.51 | Mem:2.94M, Peak:2.94M | Scene, ViewLayer | Updating Geometry BVH Hero vertical pupil 1 93/132 | Building mesh BLAS |      24 tris | Hero vertical pupil 1
Fra:1 Mem:28.49M (Peak 33.79M) | Time:00:00.51 | Mem:2.94M, Peak:2.94M | Scene, ViewLayer | Updating Geometry BVH Hero small catchlight 1 94/132 | Building BVH
Fra:1 Mem:28.49M (Peak 33.79M) | Time:00:00.51 | Mem:2.94M, Peak:2.94M | Scene, ViewLayer | Updating Geometry BVH Hero small catchlight 1 94/132 | Building mesh BLAS |      24 tris | Hero small catchlight 1
Fra:1 Mem:28.49M (Peak 33.79M) | Time:00:00.51 | Mem:2.94M, Peak:2.94M | Scene, ViewLayer | Updating Geometry BVH Hero sculpted supraorbital brow 1 95/132 | Building BVH
Fra:1 Mem:28.49M (Peak 33.79M) | Time:00:00.51 | Mem:2.94M, Peak:2.94M | Scene, ViewLayer | Updating Geometry BVH Hero cupped leonine ear 1 96/132 | Building mesh BLAS |     164 tris | Hero sculpted supraorbital brow 1
Fra:1 Mem:28.49M (Peak 33.79M) | Time:00:00.51 | Mem:2.94M, Peak:2.94M | Scene, ViewLayer | Updating Geometry BVH Hero connected radial cheek and jaw ruff 97/132 | Building BVH
Fra:1 Mem:28.49M (Peak 33.79M) | Time:00:00.51 | Mem:2.94M, Peak:2.94M | Scene, ViewLayer | Updating Geometry BVH Hero authored sweeping ruff mass.014 117/132 | Building BVH
Fra:1 Mem:28.49M (Peak 33.79M) | Time:00:00.52 | Mem:2.96M, Peak:2.96M | Scene, ViewLayer | Updating Geometry BVH Hero authored sweeping ruff mass.002 101/132 | Building mesh BLAS |     268 tris | Hero authored sweeping ruff mass.014
Fra:1 Mem:28.49M (Peak 33.79M) | Time:00:00.52 | Mem:2.96M, Peak:2.96M | Scene, ViewLayer | Updating Geometry BVH Hero authored sweeping ruff mass.013 116/132 | Building BVH
Fra:1 Mem:28.49M (Peak 33.79M) | Time:00:00.52 | Mem:2.96M, Peak:2.96M | Scene, ViewLayer | Updating Geometry BVH Hero authored sweeping ruff mass.013 116/132 | Building mesh BLAS |     268 tris | Hero authored sweeping ruff mass.013
Fra:1 Mem:28.49M (Peak 33.79M) | Time:00:00.52 | Mem:2.96M, Peak:2.96M | Scene, ViewLayer | Updating Geometry BVH Hero restrained fire edge.004 115/132 | Building BVH
Fra:1 Mem:28.49M (Peak 33.79M) | Time:00:00.52 | Mem:2.96M, Peak:2.96M | Scene, ViewLayer | Updating Geometry BVH Hero restrained fire edge.004 115/132 | Building mesh BLAS |     146 tris | Hero restrained fire edge.004
Fra:1 Mem:28.49M (Peak 33.79M) | Time:00:00.52 | Mem:2.96M, Peak:2.96M | Scene, ViewLayer | Updating Geometry BVH Hero authored sweeping ruff mass.003 102/132 | Building BVH
Fra:1 Mem:28.49M (Peak 33.79M) | Time:00:00.52 | Mem:2.96M, Peak:2.96M | Scene, ViewLayer | Updating Geometry BVH Hero authored sweeping ruff mass.012 114/132 | Building BVH
Fra:1 Mem:28.49M (Peak 33.79M) | Time:00:00.52 | Mem:2.96M, Peak:2.96M | Scene, ViewLayer | Updating Geometry BVH Hero authored sweeping ruff mass.012 114/132 | Building mesh BLAS |     268 tris | Hero authored sweeping ruff mass.012
Fra:1 Mem:28.49M (Peak 33.79M) | Time:00:00.52 | Mem:2.96M, Peak:2.96M | Scene, ViewLayer | Updating Geometry BVH Hero authored sweeping ruff mass.011 113/132 | Building BVH
Fra:1 Mem:28.49M (Peak 33.79M) | Time:00:00.52 | Mem:2.96M, Peak:2.96M | Scene, ViewLayer | Updating Geometry BVH Hero authored sweeping ruff mass.011 113/132 | Building mesh BLAS |     268 tris | Hero authored sweeping ruff mass.011
Fra:1 Mem:28.49M (Peak 33.79M) | Time:00:00.52 | Mem:2.96M, Peak:2.96M | Scene, ViewLayer | Updating Geometry BVH Hero restrained fire edge.001 103/132 | Building BVH
Fra:1 Mem:28.49M (Peak 33.79M) | Time:00:00.52 | Mem:2.97M, Peak:2.97M | Scene, ViewLayer | Updating Geometry BVH Hero restrained fire edge.001 103/132 | Building mesh BLAS |     146 tris | Hero restrained fire edge.001
Fra:1 Mem:28.49M (Peak 33.79M) | Time:00:00.52 | Mem:2.98M, Peak:2.98M | Scene, ViewLayer | Updating Geometry BVH Hero authored sweeping ruff mass.010 112/132 | Building BVH
Fra:1 Mem:28.49M (Peak 33.79M) | Time:00:00.52 | Mem:2.98M, Peak:2.98M | Scene, ViewLayer | Updating Geometry BVH Hero authored sweeping ruff mass.010 112/132 | Building mesh BLAS |     268 tris | Hero authored sweeping ruff mass.010
Fra:1 Mem:28.49M (Peak 33.79M) | Time:00:00.52 | Mem:2.98M, Peak:2.98M | Scene, ViewLayer | Updating Geometry BVH Hero restrained fire edge.003 111/132 | Building BVH
Fra:1 Mem:28.49M (Peak 33.79M) | Time:00:00.52 | Mem:2.98M, Peak:2.98M | Scene, ViewLayer | Updating Geometry BVH Hero restrained fire edge.003 111/132 | Building mesh BLAS |     146 tris | Hero restrained fire edge.003
Fra:1 Mem:28.49M (Peak 33.79M) | Time:00:00.52 | Mem:2.98M, Peak:2.98M | Scene, ViewLayer | Updating Geometry BVH Hero authored sweeping ruff mass.009 110/132 | Building BVH
Fra:1 Mem:28.49M (Peak 33.79M) | Time:00:00.52 | Mem:2.98M, Peak:2.98M | Scene, ViewLayer | Updating Geometry BVH Hero authored sweeping ruff mass.009 110/132 | Building mesh BLAS |     268 tris | Hero authored sweeping ruff mass.009
Fra:1 Mem:28.49M (Peak 33.79M) | Time:00:00.52 | Mem:2.98M, Peak:2.98M | Scene, ViewLayer | Updating Geometry BVH Hero authored sweeping ruff mass.009 110/132 | Building mesh BLAS |     268 tris | Hero authored sweeping ruff mass
Fra:1 Mem:28.49M (Peak 33.79M) | Time:00:00.52 | Mem:2.98M, Peak:2.98M | Scene, ViewLayer | Updating Geometry BVH Hero authored sweeping ruff mass.008 109/132 | Building BVH
Fra:1 Mem:28.49M (Peak 33.79M) | Time:00:00.52 | Mem:2.98M, Peak:2.98M | Scene, ViewLayer | Updating Geometry BVH Hero authored sweeping ruff mass.008 109/132 | Building mesh BLAS |     268 tris | Hero authored sweeping ruff mass.008
Fra:1 Mem:28.49M (Peak 33.79M) | Time:00:00.52 | Mem:2.98M, Peak:2.98M | Scene, ViewLayer | Updating Geometry BVH Hero authored sweeping ruff mass.008 109/132 | Building mesh BLAS |     146 tris | Hero restrained fire edge
Fra:1 Mem:28.49M (Peak 33.79M) | Time:00:00.52 | Mem:2.98M, Peak:2.98M | Scene, ViewLayer | Updating Geometry BVH Hero authored sweeping ruff mass.004 104/132 | Building BVH
Fra:1 Mem:28.49M (Peak 33.79M) | Time:00:00.52 | Mem:2.98M, Peak:2.98M | Scene, ViewLayer | Updating Geometry BVH Hero authored sweeping ruff mass.005 105/132 | Building BVH
Fra:1 Mem:28.49M (Peak 33.79M) | Time:00:00.52 | Mem:2.98M, Peak:2.98M | Scene, ViewLayer | Updating Geometry BVH Hero authored sweeping ruff mass.005 105/132 | Building mesh BLAS |     268 tris | Hero authored sweeping ruff mass.004
Fra:1 Mem:28.49M (Peak 33.79M) | Time:00:00.52 | Mem:2.98M, Peak:2.98M | Scene, ViewLayer | Updating Geometry BVH Hero authored sweeping ruff mass.005 105/132 | Building mesh BLAS |     268 tris | Hero authored sweeping ruff mass.005
Fra:1 Mem:28.49M (Peak 33.79M) | Time:00:00.52 | Mem:2.98M, Peak:2.98M | Scene, ViewLayer | Updating Geometry BVH Hero authored sweeping ruff mass.005 105/132 | Building mesh BLAS |     268 tris | Hero authored sweeping ruff mass.001
Fra:1 Mem:28.49M (Peak 33.79M) | Time:00:00.52 | Mem:2.98M, Peak:2.98M | Scene, ViewLayer | Updating Geometry BVH Hero authored sweeping ruff mass.005 105/132 | Building mesh BLAS |     268 tris | Hero authored sweeping ruff mass.002
Fra:1 Mem:28.49M (Peak 33.79M) | Time:00:00.52 | Mem:2.98M, Peak:2.98M | Scene, ViewLayer | Updating Geometry BVH Hero restrained fire edge.002 106/132 | Building BVH
Fra:1 Mem:28.49M (Peak 33.79M) | Time:00:00.52 | Mem:2.98M, Peak:2.98M | Scene, ViewLayer | Updating Geometry BVH Hero restrained fire edge.002 106/132 | Building mesh BLAS |     146 tris | Hero restrained fire edge.002
Fra:1 Mem:28.49M (Peak 33.79M) | Time:00:00.52 | Mem:2.98M, Peak:2.98M | Scene, ViewLayer | Updating Geometry BVH Hero restrained fire edge.002 106/132 | Building mesh BLAS |     144 tris | Hero cupped leonine ear 1
Fra:1 Mem:28.49M (Peak 33.79M) | Time:00:00.52 | Mem:2.99M, Peak:2.99M | Scene, ViewLayer | Updating Geometry BVH Hero authored sweeping ruff mass.006 107/132 | Building BVH
Fra:1 Mem:28.49M (Peak 33.79M) | Time:00:00.52 | Mem:2.99M, Peak:2.99M | Scene, ViewLayer | Updating Geometry BVH Hero authored sweeping ruff mass.006 107/132 | Building mesh BLAS |     268 tris | Hero authored sweeping ruff mass.006
Fra:1 Mem:28.49M (Peak 33.79M) | Time:00:00.52 | Mem:3.33M, Peak:3.33M | Scene, ViewLayer | Updating Geometry BVH Hero authored sweeping ruff mass.007 108/132 | Building BVH
Fra:1 Mem:28.49M (Peak 33.79M) | Time:00:00.52 | Mem:3.33M, Peak:3.33M | Scene, ViewLayer | Updating Geometry BVH Hero authored sweeping ruff mass.007 108/132 | Building mesh BLAS |     268 tris | Hero authored sweeping ruff mass.007
Fra:1 Mem:28.49M (Peak 33.79M) | Time:00:00.52 | Mem:4.02M, Peak:4.02M | Scene, ViewLayer | Updating Scene BVH | Building
Fra:1 Mem:28.50M (Peak 33.79M) | Time:00:00.54 | Mem:4.02M, Peak:4.02M | Scene, ViewLayer | Updating Scene BVH | Building TLAS      |     132 instances
Fra:1 Mem:28.50M (Peak 33.79M) | Time:00:00.54 | Mem:4.07M, Peak:4.07M | Scene, ViewLayer | Updating Scene BVH | Copying BVH to device
Fra:1 Mem:28.50M (Peak 33.79M) | Time:00:00.54 | Mem:4.07M, Peak:4.07M | Scene, ViewLayer | Updating Mesh | Computing normals
Fra:1 Mem:29.34M (Peak 33.79M) | Time:00:00.54 | Mem:4.07M, Peak:4.07M | Scene, ViewLayer | Updating Mesh | Copying Mesh to device
Fra:1 Mem:28.50M (Peak 33.79M) | Time:00:00.54 | Mem:4.93M, Peak:4.93M | Scene, ViewLayer | Updating Objects Flags
Fra:1 Mem:28.50M (Peak 33.79M) | Time:00:00.54 | Mem:4.93M, Peak:4.93M | Scene, ViewLayer | Updating Primitive Offsets
Fra:1 Mem:28.50M (Peak 33.79M) | Time:00:00.54 | Mem:4.93M, Peak:4.93M | Scene, ViewLayer | Updating Images
Fra:1 Mem:28.50M (Peak 33.79M) | Time:00:00.54 | Mem:4.93M, Peak:4.93M | Scene, ViewLayer | Updating Camera Volume
Fra:1 Mem:28.50M (Peak 33.79M) | Time:00:00.54 | Mem:4.93M, Peak:4.93M | Scene, ViewLayer | Updating Lookup Tables
Fra:1 Mem:28.41M (Peak 33.79M) | Time:00:00.54 | Mem:5.02M, Peak:5.02M | Scene, ViewLayer | Updating Lights
Fra:1 Mem:28.41M (Peak 33.79M) | Time:00:00.54 | Mem:5.02M, Peak:5.02M | Scene, ViewLayer | Updating Lights | Computing tree
Fra:1 Mem:28.41M (Peak 33.79M) | Time:00:00.55 | Mem:5.02M, Peak:5.02M | Scene, ViewLayer | Updating Integrator
Fra:1 Mem:28.41M (Peak 33.79M) | Time:00:00.55 | Mem:5.02M, Peak:5.02M | Scene, ViewLayer | Updating Film
Fra:1 Mem:28.50M (Peak 33.79M) | Time:00:00.55 | Mem:4.93M, Peak:5.02M | Scene, ViewLayer | Updating Lookup Tables
Fra:1 Mem:28.41M (Peak 33.79M) | Time:00:00.55 | Mem:5.02M, Peak:5.02M | Scene, ViewLayer | Updating Baking
Fra:1 Mem:28.41M (Peak 33.79M) | Time:00:00.55 | Mem:5.02M, Peak:5.02M | Scene, ViewLayer | Updating Device | Writing constant memory
Fra:1 Mem:28.42M (Peak 33.79M) | Time:00:00.59 | Mem:5.02M, Peak:5.02M | Scene, ViewLayer | Loading denoising kernels (may take a few minutes the first time)
Fra:1 Mem:28.42M (Peak 60.42M) | Time:00:00.61 | Mem:2821.03M, Peak:2821.03M | Scene, ViewLayer | Sample 0/12 (Using optimized kernels)
Fra:1 Mem:28.41M (Peak 60.42M) | Time:00:01.69 | Remaining:00:11.88 | Mem:2850.75M, Peak:2850.75M | Scene, ViewLayer | Sample 1/12 (Using optimized kernels)
Fra:1 Mem:40.91M (Peak 60.42M) | Time:00:08.51 | Mem:2850.76M, Peak:2850.76M | Scene, ViewLayer | Sample 12/12 (Using optimized kernels)
Fra:1 Mem:40.91M (Peak 60.42M) | Time:00:08.51 | Mem:2850.76M, Peak:2850.76M | Scene, ViewLayer | Finished
Saved: '/Users/chikumatsuboi/Code/animal-racers-western/assets/source/western/hero-art-v1/qa/upright/candidate-side.png'
Time: 00:08.73 (Saving: 00:00.08)

Fra:1 Mem:30.91M (Peak 30.91M) | Time:00:00.01 | Mem:0.02M, Peak:0.02M | Scene, ViewLayer | Synchronizing object | Paw toe
Fra:1 Mem:30.93M (Peak 30.93M) | Time:00:00.01 | Mem:0.02M, Peak:0.02M | Scene, ViewLayer | Synchronizing object | Ivory claw
Fra:1 Mem:30.93M (Peak 30.93M) | Time:00:00.01 | Mem:0.02M, Peak:0.02M | Scene, ViewLayer | Synchronizing object | Paw toe.001
Fra:1 Mem:30.95M (Peak 30.95M) | Time:00:00.01 | Mem:0.02M, Peak:0.02M | Scene, ViewLayer | Synchronizing object | Ivory claw.001
Fra:1 Mem:30.95M (Peak 30.95M) | Time:00:00.01 | Mem:0.02M, Peak:0.02M | Scene, ViewLayer | Synchronizing object | Paw toe.002
Fra:1 Mem:30.98M (Peak 30.98M) | Time:00:00.01 | Mem:0.02M, Peak:0.02M | Scene, ViewLayer | Synchronizing object | Ivory claw.002
Fra:1 Mem:30.98M (Peak 30.98M) | Time:00:00.01 | Mem:0.02M, Peak:0.02M | Scene, ViewLayer | Synchronizing object | Paw toe.003
Fra:1 Mem:31.00M (Peak 31.00M) | Time:00:00.01 | Mem:0.02M, Peak:0.02M | Scene, ViewLayer | Synchronizing object | Ivory claw.003
Fra:1 Mem:31.01M (Peak 31.01M) | Time:00:00.01 | Mem:0.02M, Peak:0.02M | Scene, ViewLayer | Synchronizing object | Paw toe.004
Fra:1 Mem:31.01M (Peak 31.01M) | Time:00:00.01 | Mem:0.02M, Peak:0.02M | Scene, ViewLayer | Synchronizing object | Paw toe.005
Fra:1 Mem:31.04M (Peak 31.04M) | Time:00:00.01 | Mem:0.02M, Peak:0.02M | Scene, ViewLayer | Synchronizing object | Ivory claw.005
Fra:1 Mem:31.06M (Peak 31.06M) | Time:00:00.01 | Mem:0.02M, Peak:0.02M | Scene, ViewLayer | Synchronizing object | Paw toe.006
Fra:1 Mem:31.04M (Peak 31.06M) | Time:00:00.01 | Mem:0.02M, Peak:0.02M | Scene, ViewLayer | Synchronizing object | Ivory claw.006
Fra:1 Mem:31.07M (Peak 31.07M) | Time:00:00.01 | Mem:0.02M, Peak:0.02M | Scene, ViewLayer | Synchronizing object | Paw toe.007
Fra:1 Mem:31.07M (Peak 31.07M) | Time:00:00.01 | Mem:0.02M, Peak:0.02M | Scene, ViewLayer | Synchronizing object | Ivory claw.008
Fra:1 Mem:31.09M (Peak 31.09M) | Time:00:00.01 | Mem:0.02M, Peak:0.02M | Scene, ViewLayer | Synchronizing object | Paw toe.009
Fra:1 Mem:31.12M (Peak 31.12M) | Time:00:00.01 | Mem:0.02M, Peak:0.02M | Scene, ViewLayer | Synchronizing object | Paw toe.010
Fra:1 Mem:31.15M (Peak 31.15M) | Time:00:00.01 | Mem:0.02M, Peak:0.02M | Scene, ViewLayer | Synchronizing object | Ivory claw.010
Fra:1 Mem:31.14M (Peak 31.15M) | Time:00:00.01 | Mem:0.02M, Peak:0.02M | Scene, ViewLayer | Synchronizing object | Paw toe.011
Fra:1 Mem:31.15M (Peak 31.15M) | Time:00:00.01 | Mem:0.02M, Peak:0.02M | Scene, ViewLayer | Synchronizing object | Layered shoulder fur
Fra:1 Mem:31.18M (Peak 31.18M) | Time:00:00.01 | Mem:0.02M, Peak:0.02M | Scene, ViewLayer | Synchronizing object | Layered shoulder fur.001
Fra:1 Mem:31.17M (Peak 31.18M) | Time:00:00.01 | Mem:0.02M, Peak:0.02M | Scene, ViewLayer | Synchronizing object | Layered shoulder fur.002
Fra:1 Mem:31.18M (Peak 31.18M) | Time:00:00.01 | Mem:0.02M, Peak:0.02M | Scene, ViewLayer | Synchronizing object | Wrist fur.001
Fra:1 Mem:31.18M (Peak 31.18M) | Time:00:00.01 | Mem:0.02M, Peak:0.02M | Scene, ViewLayer | Synchronizing object | Wrist fur.002
Fra:1 Mem:31.19M (Peak 31.19M) | Time:00:00.01 | Mem:0.02M, Peak:0.02M | Scene, ViewLayer | Synchronizing object | Layered shoulder fur.003
Fra:1 Mem:31.19M (Peak 31.19M) | Time:00:00.01 | Mem:0.02M, Peak:0.02M | Scene, ViewLayer | Synchronizing object | Layered shoulder fur.004
Fra:1 Mem:31.21M (Peak 31.21M) | Time:00:00.01 | Mem:0.02M, Peak:0.02M | Scene, ViewLayer | Synchronizing object | Layered shoulder fur.005
Fra:1 Mem:31.20M (Peak 31.21M) | Time:00:00.01 | Mem:0.02M, Peak:0.02M | Scene, ViewLayer | Synchronizing object | Wrist fur.003
Fra:1 Mem:31.21M (Peak 31.21M) | Time:00:00.02 | Mem:0.02M, Peak:0.02M | Scene, ViewLayer | Synchronizing object | Layered shoulder fur.006
Fra:1 Mem:31.25M (Peak 31.25M) | Time:00:00.02 | Mem:0.02M, Peak:0.02M | Scene, ViewLayer | Synchronizing object | Layered shoulder fur.007
Fra:1 Mem:31.23M (Peak 31.25M) | Time:00:00.02 | Mem:0.02M, Peak:0.02M | Scene, ViewLayer | Synchronizing object | Layered shoulder fur.008
Fra:1 Mem:31.23M (Peak 31.25M) | Time:00:00.02 | Mem:0.02M, Peak:0.02M | Scene, ViewLayer | Synchronizing object | Wrist fur.008
Fra:1 Mem:31.23M (Peak 31.25M) | Time:00:00.02 | Mem:0.02M, Peak:0.02M | Scene, ViewLayer | Synchronizing object | Layered shoulder fur.009
Fra:1 Mem:31.24M (Peak 31.25M) | Time:00:00.02 | Mem:0.02M, Peak:0.02M | Scene, ViewLayer | Synchronizing object | Hero matched lighting.001
Fra:1 Mem:31.24M (Peak 31.25M) | Time:00:00.02 | Mem:0.02M, Peak:0.02M | Scene, ViewLayer | Synchronizing object | Hero matched lighting
Fra:1 Mem:31.24M (Peak 31.25M) | Time:00:00.02 | Mem:0.02M, Peak:0.02M | Scene, ViewLayer | Synchronizing object | Hero short swept crown.004
Fra:1 Mem:31.24M (Peak 31.25M) | Time:00:00.02 | Mem:0.02M, Peak:0.02M | Scene, ViewLayer | Synchronizing object | Layered shoulder fur.010
Fra:1 Mem:31.26M (Peak 31.26M) | Time:00:00.02 | Mem:0.02M, Peak:0.02M | Scene, ViewLayer | Synchronizing object | Hero short swept crown.003
Fra:1 Mem:31.26M (Peak 31.26M) | Time:00:00.02 | Mem:0.02M, Peak:0.02M | Scene, ViewLayer | Synchronizing object | Layered shoulder fur.011
Fra:1 Mem:31.27M (Peak 31.27M) | Time:00:00.02 | Mem:0.02M, Peak:0.02M | Scene, ViewLayer | Synchronizing object | Wrist fur.009
Fra:1 Mem:31.28M (Peak 31.28M) | Time:00:00.02 | Mem:0.02M, Peak:0.02M | Scene, ViewLayer | Synchronizing object | Hero short swept crown.002
Fra:1 Mem:31.28M (Peak 31.28M) | Time:00:00.02 | Mem:0.02M, Peak:0.02M | Scene, ViewLayer | Synchronizing object | Wrist fur.010
Fra:1 Mem:31.28M (Peak 31.28M) | Time:00:00.02 | Mem:0.02M, Peak:0.02M | Scene, ViewLayer | Synchronizing object | Articulated tail
Fra:1 Mem:31.29M (Peak 31.29M) | Time:00:00.02 | Mem:0.02M, Peak:0.02M | Scene, ViewLayer | Synchronizing object | Flame tail tuft
Fra:1 Mem:31.30M (Peak 31.30M) | Time:00:00.02 | Mem:0.02M, Peak:0.02M | Scene, ViewLayer | Synchronizing object | Flame tail tuft.001
Fra:1 Mem:31.31M (Peak 31.31M) | Time:00:00.02 | Mem:0.02M, Peak:0.02M | Scene, ViewLayer | Synchronizing object | Flame tail tuft.002
Fra:1 Mem:31.31M (Peak 31.31M) | Time:00:00.02 | Mem:0.02M, Peak:0.02M | Scene, ViewLayer | Synchronizing object | Flame tail tuft.005
Fra:1 Mem:31.36M (Peak 31.36M) | Time:00:00.02 | Mem:0.02M, Peak:0.02M | Scene, ViewLayer | Synchronizing object | Flame tail tuft.006
Fra:1 Mem:31.36M (Peak 31.36M) | Time:00:00.02 | Mem:0.02M, Peak:0.02M | Scene, ViewLayer | Synchronizing object | Hero short swept crown
Fra:1 Mem:31.37M (Peak 31.37M) | Time:00:00.02 | Mem:0.02M, Peak:0.02M | Scene, ViewLayer | Synchronizing object | Brass crest clasp
Fra:1 Mem:31.40M (Peak 31.40M) | Time:00:00.02 | Mem:0.02M, Peak:0.02M | Scene, ViewLayer | Synchronizing object | Raised elemental crest
Fra:1 Mem:31.39M (Peak 31.40M) | Time:00:00.02 | Mem:0.02M, Peak:0.02M | Scene, ViewLayer | Synchronizing object | Upright body • connected joint topology
Fra:1 Mem:31.41M (Peak 31.41M) | Time:00:00.02 | Mem:0.02M, Peak:0.02M | Scene, ViewLayer | Synchronizing object | Hero continuous skull cheeks and muzzle
Fra:1 Mem:31.43M (Peak 31.43M) | Time:00:00.02 | Mem:0.02M, Peak:0.02M | Scene, ViewLayer | Synchronizing object | Hero whisker pore.001
Fra:1 Mem:31.67M (Peak 31.67M) | Time:00:00.02 | Mem:0.02M, Peak:0.02M | Scene, ViewLayer | Synchronizing object | Hero whisker pore.002
Fra:1 Mem:31.78M (Peak 31.78M) | Time:00:00.02 | Mem:0.02M, Peak:0.02M | Scene, ViewLayer | Synchronizing object | Hero short throat mass.001
Fra:1 Mem:31.98M (Peak 31.98M) | Time:00:00.02 | Mem:0.02M, Peak:0.02M | Scene, ViewLayer | Synchronizing object | Hero whisker pore.003
Fra:1 Mem:32.14M (Peak 32.14M) | Time:00:00.02 | Mem:0.02M, Peak:0.02M | Scene, ViewLayer | Synchronizing object | Hero whisker pore.004
Fra:1 Mem:32.14M (Peak 32.14M) | Time:00:00.02 | Mem:0.02M, Peak:0.02M | Scene, ViewLayer | Synchronizing object | Hero whisker pore.005
Fra:1 Mem:32.15M (Peak 32.15M) | Time:00:00.02 | Mem:0.02M, Peak:0.02M | Scene, ViewLayer | Synchronizing object | Hero whisker pore.006
Fra:1 Mem:32.16M (Peak 32.16M) | Time:00:00.02 | Mem:0.02M, Peak:0.02M | Scene, ViewLayer | Synchronizing object | Hero whisker pore.007
Fra:1 Mem:32.16M (Peak 32.16M) | Time:00:00.02 | Mem:0.02M, Peak:0.02M | Scene, ViewLayer | Synchronizing object | Hero short throat mass
Fra:1 Mem:32.16M (Peak 32.16M) | Time:00:00.02 | Mem:0.02M, Peak:0.02M | Scene, ViewLayer | Synchronizing object | Hero whisker pore.008
Fra:1 Mem:32.18M (Peak 32.18M) | Time:00:00.02 | Mem:0.02M, Peak:0.02M | Scene, ViewLayer | Synchronizing object | Hero whisker pore.009
Fra:1 Mem:32.18M (Peak 32.18M) | Time:00:00.02 | Mem:0.02M, Peak:0.02M | Scene, ViewLayer | Synchronizing object | Hero whisker pore.012
Fra:1 Mem:32.25M (Peak 32.25M) | Time:00:00.02 | Mem:0.02M, Peak:0.02M | Scene, ViewLayer | Synchronizing object | Hero whisker pore.013
Fra:1 Mem:32.25M (Peak 32.25M) | Time:00:00.02 | Mem:0.02M, Peak:0.02M | Scene, ViewLayer | Synchronizing object | Hero whisker pore.014
Fra:1 Mem:32.25M (Peak 32.25M) | Time:00:00.02 | Mem:0.02M, Peak:0.02M | Scene, ViewLayer | Synchronizing object | Hero whisker pore.015
Fra:1 Mem:32.26M (Peak 32.26M) | Time:00:00.02 | Mem:0.02M, Peak:0.02M | Scene, ViewLayer | Synchronizing object | Hero whisker pore.016
Fra:1 Mem:32.54M (Peak 32.54M) | Time:00:00.02 | Mem:0.02M, Peak:0.02M | Scene, ViewLayer | Synchronizing object | Hero authored sweeping ruff mass.016
Fra:1 Mem:32.56M (Peak 32.56M) | Time:00:00.02 | Mem:0.02M, Peak:0.02M | Scene, ViewLayer | Synchronizing object | Hero shaped mandible
Fra:1 Mem:32.64M (Peak 32.64M) | Time:00:00.02 | Mem:0.02M, Peak:0.02M | Scene, ViewLayer | Synchronizing object | Hero authored sweeping ruff mass.015
Fra:1 Mem:32.63M (Peak 32.64M) | Time:00:00.02 | Mem:0.02M, Peak:0.02M | Scene, ViewLayer | Synchronizing object | Hero recessed almond eye -1
Fra:1 Mem:32.63M (Peak 32.64M) | Time:00:00.02 | Mem:0.02M, Peak:0.02M | Scene, ViewLayer | Synchronizing object | Hero amber iris -1
Fra:1 Mem:32.63M (Peak 32.64M) | Time:00:00.02 | Mem:0.02M, Peak:0.02M | Scene, ViewLayer | Synchronizing object | Hero small catchlight -1
Fra:1 Mem:32.64M (Peak 32.64M) | Time:00:00.02 | Mem:0.02M, Peak:0.02M | Scene, ViewLayer | Synchronizing object | Hero sculpted supraorbital brow -1
Fra:1 Mem:32.66M (Peak 32.66M) | Time:00:00.02 | Mem:0.02M, Peak:0.02M | Scene, ViewLayer | Synchronizing object | Hero authored sweeping ruff mass.014
Fra:1 Mem:32.68M (Peak 32.68M) | Time:00:00.02 | Mem:0.02M, Peak:0.02M | Scene, ViewLayer | Synchronizing object | Hero amber iris 1
Fra:1 Mem:32.70M (Peak 32.70M) | Time:00:00.02 | Mem:0.02M, Peak:0.02M | Scene, ViewLayer | Synchronizing object | Hero vertical pupil 1
Fra:1 Mem:32.73M (Peak 32.73M) | Time:00:00.02 | Mem:0.02M, Peak:0.02M | Scene, ViewLayer | Synchronizing object | Hero small catchlight 1
Fra:1 Mem:32.73M (Peak 32.73M) | Time:00:00.02 | Mem:0.02M, Peak:0.02M | Scene, ViewLayer | Synchronizing object | Hero cupped leonine ear 1
Fra:1 Mem:32.74M (Peak 32.74M) | Time:00:00.02 | Mem:0.02M, Peak:0.02M | Scene, ViewLayer | Synchronizing object | Hero connected radial cheek and jaw ruff
Fra:1 Mem:32.82M (Peak 32.82M) | Time:00:00.02 | Mem:0.02M, Peak:0.02M | Scene, ViewLayer | Synchronizing object | Hero restrained fire edge.004
Fra:1 Mem:32.83M (Peak 32.83M) | Time:00:00.02 | Mem:0.02M, Peak:0.02M | Scene, ViewLayer | Synchronizing object | Hero authored sweeping ruff mass
Fra:1 Mem:33.00M (Peak 33.00M) | Time:00:00.02 | Mem:0.02M, Peak:0.02M | Scene, ViewLayer | Synchronizing object | Hero authored sweeping ruff mass.012
Fra:1 Mem:33.07M (Peak 33.07M) | Time:00:00.02 | Mem:0.02M, Peak:0.02M | Scene, ViewLayer | Synchronizing object | Hero restrained fire edge
Fra:1 Mem:33.09M (Peak 33.09M) | Time:00:00.02 | Mem:0.02M, Peak:0.02M | Scene, ViewLayer | Synchronizing object | Hero authored sweeping ruff mass.011
Fra:1 Mem:33.12M (Peak 33.12M) | Time:00:00.02 | Mem:0.02M, Peak:0.02M | Scene, ViewLayer | Synchronizing object | Hero authored sweeping ruff mass.001
Fra:1 Mem:33.16M (Peak 33.16M) | Time:00:00.02 | Mem:0.02M, Peak:0.02M | Scene, ViewLayer | Synchronizing object | Hero authored sweeping ruff mass.010
Fra:1 Mem:33.21M (Peak 33.21M) | Time:00:00.02 | Mem:0.02M, Peak:0.02M | Scene, ViewLayer | Synchronizing object | Hero authored sweeping ruff mass.002
Fra:1 Mem:33.23M (Peak 33.23M) | Time:00:00.02 | Mem:0.02M, Peak:0.02M | Scene, ViewLayer | Synchronizing object | Hero authored sweeping ruff mass.003
Fra:1 Mem:33.28M (Peak 33.28M) | Time:00:00.02 | Mem:0.02M, Peak:0.02M | Scene, ViewLayer | Synchronizing object | Hero restrained fire edge.001
Fra:1 Mem:33.34M (Peak 33.34M) | Time:00:00.02 | Mem:0.02M, Peak:0.02M | Scene, ViewLayer | Synchronizing object | Hero authored sweeping ruff mass.004
Fra:1 Mem:33.46M (Peak 33.46M) | Time:00:00.02 | Mem:0.02M, Peak:0.02M | Scene, ViewLayer | Synchronizing object | Hero restrained fire edge.002
Fra:1 Mem:33.55M (Peak 33.55M) | Time:00:00.02 | Mem:0.02M, Peak:0.02M | Scene, ViewLayer | Synchronizing object | Hero authored sweeping ruff mass.009
Fra:1 Mem:33.68M (Peak 33.68M) | Time:00:00.02 | Mem:0.02M, Peak:0.02M | Scene, ViewLayer | Synchronizing object | Hero authored sweeping ruff mass.006
Fra:1 Mem:33.70M (Peak 33.70M) | Time:00:00.02 | Mem:0.02M, Peak:0.02M | Scene, ViewLayer | Synchronizing object | Hero authored sweeping ruff mass.008
Fra:1 Mem:33.79M (Peak 33.79M) | Time:00:00.02 | Mem:0.02M, Peak:0.02M | Scene, ViewLayer | Initializing
Fra:1 Mem:31.41M (Peak 33.79M) | Time:00:00.02 | Mem:0.02M, Peak:0.02M | Scene, ViewLayer | Updating Images | Loading Authored short-fur normal
Fra:1 Mem:26.73M (Peak 33.79M) | Time:00:00.03 | Mem:0.27M, Peak:0.27M | Scene, ViewLayer | Waiting for render to start
Fra:1 Mem:26.73M (Peak 33.79M) | Time:00:00.03 | Mem:0.27M, Peak:0.27M | Scene, ViewLayer | Updating Scene
Fra:1 Mem:26.73M (Peak 33.79M) | Time:00:00.03 | Mem:0.27M, Peak:0.27M | Scene, ViewLayer | Updating Shaders
Fra:1 Mem:26.73M (Peak 33.79M) | Time:00:00.03 | Mem:0.27M, Peak:0.27M | Scene, ViewLayer | Loading render kernels (may take a few minutes the first time)
Fra:1 Mem:26.81M (Peak 33.79M) | Time:00:00.15 | Mem:0.28M, Peak:0.28M | Scene, ViewLayer | Updating Procedurals
Fra:1 Mem:26.81M (Peak 33.79M) | Time:00:00.15 | Mem:0.28M, Peak:0.28M | Scene, ViewLayer | Updating Background
Fra:1 Mem:26.81M (Peak 33.79M) | Time:00:00.15 | Mem:0.28M, Peak:0.28M | Scene, ViewLayer | Updating Camera
Fra:1 Mem:26.81M (Peak 33.79M) | Time:00:00.15 | Mem:0.28M, Peak:0.28M | Scene, ViewLayer | Updating Meshes Flags
Fra:1 Mem:26.81M (Peak 33.79M) | Time:00:00.15 | Mem:0.28M, Peak:0.28M | Scene, ViewLayer | Updating Objects
Fra:1 Mem:26.81M (Peak 33.79M) | Time:00:00.15 | Mem:0.28M, Peak:0.28M | Scene, ViewLayer | Updating Objects | Copying Transformations to device
Fra:1 Mem:26.81M (Peak 33.79M) | Time:00:00.15 | Mem:0.31M, Peak:0.31M | Scene, ViewLayer | Updating Particle Systems
Fra:1 Mem:26.81M (Peak 33.79M) | Time:00:00.15 | Mem:0.31M, Peak:0.31M | Scene, ViewLayer | Updating Particle Systems | Copying Particles to device
Fra:1 Mem:26.81M (Peak 33.79M) | Time:00:00.15 | Mem:0.31M, Peak:0.31M | Scene, ViewLayer | Updating Meshes
Fra:1 Mem:28.49M (Peak 33.79M) | Time:00:00.18 | Mem:0.31M, Peak:0.31M | Scene, ViewLayer | Updating Objects | Applying Static Transformations
Fra:1 Mem:28.49M (Peak 33.79M) | Time:00:00.18 | Mem:0.31M, Peak:0.31M | Scene, ViewLayer | Updating Mesh | Computing attributes
Fra:1 Mem:30.92M (Peak 33.79M) | Time:00:00.18 | Mem:0.34M, Peak:0.34M | Scene, ViewLayer | Updating Mesh | Copying Attributes to device
Fra:1 Mem:28.49M (Peak 33.79M) | Time:00:00.42 | Mem:2.78M, Peak:2.78M | Scene, ViewLayer | Updating Geometry BVH light 133/132 | Building BVH
Fra:1 Mem:28.49M (Peak 33.79M) | Time:00:00.42 | Mem:2.78M, Peak:2.78M | Scene, ViewLayer | Updating Geometry BVH Paw toe.015 8/132 | Building BVH
Fra:1 Mem:28.49M (Peak 33.79M) | Time:00:00.42 | Mem:2.78M, Peak:2.78M | Scene, ViewLayer | Updating Geometry BVH Hero matched lighting.002 132/132 | Building BVH
Fra:1 Mem:28.49M (Peak 33.79M) | Time:00:00.42 | Mem:2.78M, Peak:2.78M | Scene, ViewLayer | Updating Geometry BVH Hero matched lighting.001 131/132 | Building BVH
Fra:1 Mem:28.49M (Peak 33.79M) | Time:00:00.42 | Mem:2.78M, Peak:2.78M | Scene, ViewLayer | Updating Geometry BVH Hero matched lighting 130/132 | Building BVH
Fra:1 Mem:28.49M (Peak 33.79M) | Time:00:00.42 | Mem:2.78M, Peak:2.78M | Scene, ViewLayer | Updating Geometry BVH Hero short swept crown.004 129/132 | Building BVH
Fra:1 Mem:28.49M (Peak 33.79M) | Time:00:00.42 | Mem:2.78M, Peak:2.78M | Scene, ViewLayer | Updating Geometry BVH Hero short swept crown.004 129/132 | Building mesh BLAS |     152 tris | Hero short swept crown.004
Fra:1 Mem:28.49M (Peak 33.79M) | Time:00:00.42 | Mem:2.78M, Peak:2.78M | Scene, ViewLayer | Updating Geometry BVH Hero short swept crown.004 129/132 | Building mesh BLAS |     192 tris | Paw toe.014
Fra:1 Mem:28.49M (Peak 33.79M) | Time:00:00.42 | Mem:2.78M, Peak:2.78M | Scene, ViewLayer | Updating Geometry BVH Hero short swept crown.004 129/132 | Building mesh BLAS |     192 tris | Paw toe.013
Fra:1 Mem:28.49M (Peak 33.79M) | Time:00:00.42 | Mem:2.78M, Peak:2.78M | Scene, ViewLayer | Updating Geometry BVH Hero short swept crown.004 129/132 | Building mesh BLAS |     192 tris | Paw toe.015
Fra:1 Mem:28.49M (Peak 33.79M) | Time:00:00.42 | Mem:2.78M, Peak:2.78M | Scene, ViewLayer | Updating Geometry BVH Hero short swept crown.004 129/132 | Building mesh BLAS |      32 tris | Ivory claw.013
Fra:1 Mem:28.49M (Peak 33.79M) | Time:00:00.42 | Mem:2.78M, Peak:2.78M | Scene, ViewLayer | Updating Geometry BVH Ivory claw.015 9/132 | Building BVH
Fra:1 Mem:28.49M (Peak 33.79M) | Time:00:00.42 | Mem:2.78M, Peak:2.78M | Scene, ViewLayer | Updating Geometry BVH Ivory claw.015 9/132 | Building mesh BLAS |      32 tris | Ivory claw.015
Fra:1 Mem:28.49M (Peak 33.79M) | Time:00:00.42 | Mem:2.78M, Peak:2.78M | Scene, ViewLayer | Updating Geometry BVH Paw toe.016 10/132 | Building BVH
Fra:1 Mem:28.49M (Peak 33.79M) | Time:00:00.42 | Mem:2.78M, Peak:2.78M | Scene, ViewLayer | Updating Geometry BVH Paw toe.016 10/132 | Building mesh BLAS |     192 tris | Paw toe.016
Fra:1 Mem:28.49M (Peak 33.79M) | Time:00:00.42 | Mem:2.78M, Peak:2.78M | Scene, ViewLayer | Updating Geometry BVH Ivory claw.016 11/132 | Building BVH
Fra:1 Mem:28.49M (Peak 33.79M) | Time:00:00.42 | Mem:2.78M, Peak:2.78M | Scene, ViewLayer | Updating Geometry BVH Ivory claw.016 11/132 | Building mesh BLAS |      32 tris | Ivory claw.016
Fra:1 Mem:28.49M (Peak 33.79M) | Time:00:00.42 | Mem:2.78M, Peak:2.78M | Scene, ViewLayer | Updating Geometry BVH Paw toe.017 12/132 | Building BVH
Fra:1 Mem:28.49M (Peak 33.79M) | Time:00:00.42 | Mem:2.78M, Peak:2.78M | Scene, ViewLayer | Updating Geometry BVH Ivory claw.017 13/132 | Building BVH
Fra:1 Mem:28.49M (Peak 33.79M) | Time:00:00.42 | Mem:2.78M, Peak:2.78M | Scene, ViewLayer | Updating Geometry BVH Paw toe.018 14/132 | Building BVH
Fra:1 Mem:28.49M (Peak 33.79M) | Time:00:00.42 | Mem:2.78M, Peak:2.78M | Scene, ViewLayer | Updating Geometry BVH Paw toe.018 14/132 | Building mesh BLAS |      32 tris | Ivory claw.017
Fra:1 Mem:28.49M (Peak 33.79M) | Time:00:00.42 | Mem:2.78M, Peak:2.78M | Scene, ViewLayer | Updating Geometry BVH Paw toe.018 14/132 | Building mesh BLAS |     192 tris | Paw toe.018
Fra:1 Mem:28.49M (Peak 33.79M) | Time:00:00.42 | Mem:2.78M, Peak:2.78M | Scene, ViewLayer | Updating Geometry BVH Paw toe.018 14/132 | Building mesh BLAS |      32 tris | Ivory claw.012
Fra:1 Mem:28.49M (Peak 33.79M) | Time:00:00.42 | Mem:2.78M, Peak:2.78M | Scene, ViewLayer | Updating Geometry BVH Paw toe.018 14/132 | Building mesh BLAS |      32 tris | Ivory claw.014
Fra:1 Mem:28.49M (Peak 33.79M) | Time:00:00.42 | Mem:2.78M, Peak:2.78M | Scene, ViewLayer | Updating Geometry BVH Ivory claw.018 15/132 | Building BVH
Fra:1 Mem:28.49M (Peak 33.79M) | Time:00:00.42 | Mem:2.78M, Peak:2.78M | Scene, ViewLayer | Updating Geometry BVH Ivory claw.018 15/132 | Building mesh BLAS |      32 tris | Ivory claw.018
Fra:1 Mem:28.49M (Peak 33.79M) | Time:00:00.42 | Mem:2.78M, Peak:2.78M | Scene, ViewLayer | Updating Geometry BVH Paw toe.019 16/132 | Building BVH
Fra:1 Mem:28.49M (Peak 33.79M) | Time:00:00.42 | Mem:2.78M, Peak:2.78M | Scene, ViewLayer | Updating Geometry BVH Hero short swept crown.003 128/132 | Building BVH
Fra:1 Mem:28.49M (Peak 33.79M) | Time:00:00.42 | Mem:2.78M, Peak:2.78M | Scene, ViewLayer | Updating Geometry BVH Ivory claw.019 17/132 | Building mesh BLAS |     152 tris | Hero short swept crown.003
Fra:1 Mem:28.49M (Peak 33.79M) | Time:00:00.42 | Mem:2.78M, Peak:2.78M | Scene, ViewLayer | Updating Geometry BVH Paw toe.020 18/132 | Building BVH
Fra:1 Mem:28.49M (Peak 33.79M) | Time:00:00.42 | Mem:2.78M, Peak:2.78M | Scene, ViewLayer | Updating Geometry BVH Paw toe.020 18/132 | Building mesh BLAS |     192 tris | Paw toe.020
Fra:1 Mem:28.49M (Peak 33.79M) | Time:00:00.42 | Mem:2.78M, Peak:2.78M | Scene, ViewLayer | Updating Geometry BVH Hero short swept crown.002 127/132 | Building BVH
Fra:1 Mem:28.49M (Peak 33.79M) | Time:00:00.42 | Mem:2.78M, Peak:2.78M | Scene, ViewLayer | Updating Geometry BVH Hero short swept crown.002 127/132 | Building mesh BLAS |     152 tris | Hero short swept crown.002
Fra:1 Mem:28.49M (Peak 33.79M) | Time:00:00.42 | Mem:2.78M, Peak:2.78M | Scene, ViewLayer | Updating Geometry BVH Ivory claw.020 19/132 | Building BVH
Fra:1 Mem:28.49M (Peak 33.79M) | Time:00:00.42 | Mem:2.78M, Peak:2.78M | Scene, ViewLayer | Updating Geometry BVH Ivory claw.020 19/132 | Building mesh BLAS |      32 tris | Ivory claw.020
Fra:1 Mem:28.49M (Peak 33.79M) | Time:00:00.42 | Mem:2.78M, Peak:2.78M | Scene, ViewLayer | Updating Geometry BVH Paw toe.021 20/132 | Building BVH
Fra:1 Mem:28.49M (Peak 33.79M) | Time:00:00.42 | Mem:2.78M, Peak:2.78M | Scene, ViewLayer | Updating Geometry BVH Ivory claw.021 21/132 | Building BVH
Fra:1 Mem:28.49M (Peak 33.79M) | Time:00:00.42 | Mem:2.78M, Peak:2.78M | Scene, ViewLayer | Updating Geometry BVH Ivory claw.021 21/132 | Building mesh BLAS |     192 tris | Paw toe.021
Fra:1 Mem:28.49M (Peak 33.79M) | Time:00:00.42 | Mem:2.78M, Peak:2.78M | Scene, ViewLayer | Updating Geometry BVH Paw toe.022 22/132 | Building BVH
Fra:1 Mem:28.49M (Peak 33.79M) | Time:00:00.42 | Mem:2.78M, Peak:2.78M | Scene, ViewLayer | Updating Geometry BVH Paw toe.022 22/132 | Building mesh BLAS |     192 tris | Paw toe.022
Fra:1 Mem:28.49M (Peak 33.79M) | Time:00:00.42 | Mem:2.78M, Peak:2.78M | Scene, ViewLayer | Updating Geometry BVH Ivory claw.022 23/132 | Building BVH
Fra:1 Mem:28.49M (Peak 33.79M) | Time:00:00.42 | Mem:2.78M, Peak:2.78M | Scene, ViewLayer | Updating Geometry BVH Ivory claw.022 23/132 | Building mesh BLAS |      32 tris | Ivory claw.022
Fra:1 Mem:28.49M (Peak 33.79M) | Time:00:00.42 | Mem:2.78M, Peak:2.78M | Scene, ViewLayer | Updating Geometry BVH Ivory claw.022 23/132 | Building mesh BLAS |     152 tris | Hero short swept crown.001
Fra:1 Mem:28.49M (Peak 33.79M) | Time:00:00.42 | Mem:2.78M, Peak:2.78M | Scene, ViewLayer | Updating Geometry BVH Ivory claw.022 23/132 | Building mesh BLAS |      32 tris | Ivory claw.019
Fra:1 Mem:28.49M (Peak 33.79M) | Time:00:00.42 | Mem:2.78M, Peak:2.78M | Scene, ViewLayer | Updating Geometry BVH Paw toe.023 24/132 | Building BVH
Fra:1 Mem:28.49M (Peak 33.79M) | Time:00:00.42 | Mem:2.78M, Peak:2.78M | Scene, ViewLayer | Updating Geometry BVH Ivory claw.023 25/132 | Building mesh BLAS |     192 tris | Paw toe.023
Fra:1 Mem:28.49M (Peak 33.79M) | Time:00:00.42 | Mem:2.78M, Peak:2.78M | Scene, ViewLayer | Updating Geometry BVH Layered shoulder fur.012 26/132 | Building BVH
Fra:1 Mem:28.49M (Peak 33.79M) | Time:00:00.42 | Mem:2.78M, Peak:2.78M | Scene, ViewLayer | Updating Geometry BVH Layered shoulder fur.012 26/132 | Building mesh BLAS |      44 tris | Layered shoulder fur.012
Fra:1 Mem:28.49M (Peak 33.79M) | Time:00:00.42 | Mem:2.78M, Peak:2.78M | Scene, ViewLayer | Updating Geometry BVH Layered shoulder fur.013 27/132 | Building BVH
Fra:1 Mem:28.49M (Peak 33.79M) | Time:00:00.42 | Mem:2.78M, Peak:2.78M | Scene, ViewLayer | Updating Geometry BVH Layered shoulder fur.013 27/132 | Building mesh BLAS |      44 tris | Layered shoulder fur.013
Fra:1 Mem:28.49M (Peak 33.79M) | Time:00:00.42 | Mem:2.78M, Peak:2.78M | Scene, ViewLayer | Updating Geometry BVH Layered shoulder fur.013 27/132 | Building mesh BLAS |      32 tris | Ivory claw.023
Fra:1 Mem:28.49M (Peak 33.79M) | Time:00:00.42 | Mem:2.78M, Peak:2.78M | Scene, ViewLayer | Updating Geometry BVH Hero short swept crown 125/132 | Building BVH
Fra:1 Mem:28.49M (Peak 33.79M) | Time:00:00.42 | Mem:2.78M, Peak:2.78M | Scene, ViewLayer | Updating Geometry BVH Hero short swept crown 125/132 | Building mesh BLAS |     152 tris | Hero short swept crown
Fra:1 Mem:28.49M (Peak 33.79M) | Time:00:00.42 | Mem:2.78M, Peak:2.78M | Scene, ViewLayer | Updating Geometry BVH Layered shoulder fur.014 28/132 | Building BVH
Fra:1 Mem:28.49M (Peak 33.79M) | Time:00:00.42 | Mem:2.78M, Peak:2.78M | Scene, ViewLayer | Updating Geometry BVH Wrist fur.013 30/132 | Building BVH
Fra:1 Mem:28.49M (Peak 33.79M) | Time:00:00.42 | Mem:2.78M, Peak:2.78M | Scene, ViewLayer | Updating Geometry BVH Wrist fur.014 31/132 | Building BVH
Fra:1 Mem:28.49M (Peak 33.79M) | Time:00:00.42 | Mem:2.78M, Peak:2.78M | Scene, ViewLayer | Updating Geometry BVH Wrist fur.014 31/132 | Building mesh BLAS |      44 tris | Wrist fur.014
Fra:1 Mem:28.49M (Peak 33.79M) | Time:00:00.42 | Mem:2.78M, Peak:2.78M | Scene, ViewLayer | Updating Geometry BVH Wrist fur.014 31/132 | Building mesh BLAS |      44 tris | Wrist fur.012
Fra:1 Mem:28.49M (Peak 33.79M) | Time:00:00.42 | Mem:2.78M, Peak:2.78M | Scene, ViewLayer | Updating Geometry BVH Layered shoulder fur.015 32/132 | Building BVH
Fra:1 Mem:28.49M (Peak 33.79M) | Time:00:00.42 | Mem:2.78M, Peak:2.78M | Scene, ViewLayer | Updating Geometry BVH Hero short throat mass.002 124/132 | Building mesh BLAS |      44 tris | Layered shoulder fur.015
Fra:1 Mem:28.49M (Peak 33.79M) | Time:00:00.42 | Mem:2.78M, Peak:2.78M | Scene, ViewLayer | Updating Geometry BVH Layered shoulder fur.016 33/132 | Building BVH
Fra:1 Mem:28.49M (Peak 33.79M) | Time:00:00.42 | Mem:2.78M, Peak:2.78M | Scene, ViewLayer | Updating Geometry BVH Layered shoulder fur.017 34/132 | Building BVH
Fra:1 Mem:28.49M (Peak 33.79M) | Time:00:00.42 | Mem:2.78M, Peak:2.78M | Scene, ViewLayer | Updating Geometry BVH Wrist fur.015 35/132 | Building BVH
Fra:1 Mem:28.49M (Peak 33.79M) | Time:00:00.42 | Mem:2.78M, Peak:2.78M | Scene, ViewLayer | Updating Geometry BVH Wrist fur.016 36/132 | Building BVH
Fra:1 Mem:28.49M (Peak 33.79M) | Time:00:00.42 | Mem:2.78M, Peak:2.78M | Scene, ViewLayer | Updating Geometry BVH Wrist fur.016 36/132 | Building mesh BLAS |      44 tris | Wrist fur.015
Fra:1 Mem:28.49M (Peak 33.79M) | Time:00:00.42 | Mem:2.78M, Peak:2.78M | Scene, ViewLayer | Updating Geometry BVH Wrist fur.016 36/132 | Building mesh BLAS |     176 tris | Hero short throat mass.002
Fra:1 Mem:28.49M (Peak 33.79M) | Time:00:00.42 | Mem:2.78M, Peak:2.78M | Scene, ViewLayer | Updating Geometry BVH Wrist fur.017 37/132 | Building BVH
Fra:1 Mem:28.49M (Peak 33.79M) | Time:00:00.42 | Mem:2.78M, Peak:2.78M | Scene, ViewLayer | Updating Geometry BVH Layered shoulder fur.018 38/132 | Building mesh BLAS |      44 tris | Wrist fur.017
Fra:1 Mem:28.49M (Peak 33.79M) | Time:00:00.42 | Mem:2.78M, Peak:2.78M | Scene, ViewLayer | Updating Geometry BVH Hero short throat mass.001 123/132 | Building BVH
Fra:1 Mem:28.49M (Peak 33.79M) | Time:00:00.42 | Mem:2.78M, Peak:2.78M | Scene, ViewLayer | Updating Geometry BVH Layered shoulder fur.019 39/132 | Building BVH
Fra:1 Mem:28.49M (Peak 33.79M) | Time:00:00.42 | Mem:2.78M, Peak:2.78M | Scene, ViewLayer | Updating Geometry BVH Layered shoulder fur.019 39/132 | Building mesh BLAS |     176 tris | Hero short throat mass.001
Fra:1 Mem:28.49M (Peak 33.79M) | Time:00:00.42 | Mem:2.78M, Peak:2.78M | Scene, ViewLayer | Updating Geometry BVH Layered shoulder fur.020 40/132 | Building mesh BLAS |      44 tris | Layered shoulder fur.019
Fra:1 Mem:28.49M (Peak 33.79M) | Time:00:00.42 | Mem:2.78M, Peak:2.78M | Scene, ViewLayer | Updating Geometry BVH Wrist fur.018 41/132 | Building BVH
Fra:1 Mem:28.49M (Peak 33.79M) | Time:00:00.42 | Mem:2.78M, Peak:2.78M | Scene, ViewLayer | Updating Geometry BVH Wrist fur.018 41/132 | Building mesh BLAS |      44 tris | Wrist fur.018
Fra:1 Mem:28.49M (Peak 33.79M) | Time:00:00.42 | Mem:2.78M, Peak:2.78M | Scene, ViewLayer | Updating Geometry BVH Hero short throat mass 122/132 | Building BVH
Fra:1 Mem:28.49M (Peak 33.79M) | Time:00:00.42 | Mem:2.78M, Peak:2.78M | Scene, ViewLayer | Updating Geometry BVH Hero short throat mass 122/132 | Building mesh BLAS |     176 tris | Hero short throat mass
Fra:1 Mem:28.49M (Peak 33.79M) | Time:00:00.43 | Mem:2.78M, Peak:2.78M | Scene, ViewLayer | Updating Geometry BVH Wrist fur.019 42/132 | Building BVH
Fra:1 Mem:28.49M (Peak 33.79M) | Time:00:00.43 | Mem:2.78M, Peak:2.78M | Scene, ViewLayer | Updating Geometry BVH Hero authored sweeping ruff mass.017 121/132 | Building BVH
Fra:1 Mem:28.49M (Peak 33.79M) | Time:00:00.43 | Mem:2.78M, Peak:2.78M | Scene, ViewLayer | Updating Geometry BVH Hero authored sweeping ruff mass.017 121/132 | Building mesh BLAS |      44 tris | Wrist fur.020
Fra:1 Mem:28.49M (Peak 33.79M) | Time:00:00.43 | Mem:2.78M, Peak:2.78M | Scene, ViewLayer | Updating Geometry BVH Hero authored sweeping ruff mass.017 121/132 | Building mesh BLAS |     268 tris | Hero authored sweeping ruff mass.017
Fra:1 Mem:28.49M (Peak 33.79M) | Time:00:00.43 | Mem:2.78M, Peak:2.78M | Scene, ViewLayer | Updating Geometry BVH Hero authored sweeping ruff mass.017 121/132 | Building mesh BLAS |      44 tris | Layered shoulder fur.018
Fra:1 Mem:28.49M (Peak 33.79M) | Time:00:00.43 | Mem:2.78M, Peak:2.78M | Scene, ViewLayer | Updating Geometry BVH Layered shoulder fur.021 44/132 | Building BVH
Fra:1 Mem:28.49M (Peak 33.79M) | Time:00:00.43 | Mem:2.78M, Peak:2.78M | Scene, ViewLayer | Updating Geometry BVH Layered shoulder fur.022 45/132 | Building BVH
Fra:1 Mem:28.49M (Peak 33.79M) | Time:00:00.43 | Mem:2.78M, Peak:2.78M | Scene, ViewLayer | Updating Geometry BVH Layered shoulder fur.022 45/132 | Building mesh BLAS |      44 tris | Layered shoulder fur.021
Fra:1 Mem:28.49M (Peak 33.79M) | Time:00:00.43 | Mem:2.78M, Peak:2.78M | Scene, ViewLayer | Updating Geometry BVH Layered shoulder fur.022 45/132 | Building mesh BLAS |      44 tris | Layered shoulder fur.022
Fra:1 Mem:28.49M (Peak 33.79M) | Time:00:00.43 | Mem:2.78M, Peak:2.78M | Scene, ViewLayer | Updating Geometry BVH Layered shoulder fur.022 45/132 | Building mesh BLAS |      44 tris | Wrist fur.016
Fra:1 Mem:28.49M (Peak 33.79M) | Time:00:00.43 | Mem:2.78M, Peak:2.78M | Scene, ViewLayer | Updating Geometry BVH Layered shoulder fur.023 46/132 | Building BVH
Fra:1 Mem:28.49M (Peak 33.79M) | Time:00:00.43 | Mem:2.78M, Peak:2.78M | Scene, ViewLayer | Updating Geometry BVH Layered shoulder fur.023 46/132 | Building mesh BLAS |      44 tris | Layered shoulder fur.023
Fra:1 Mem:28.49M (Peak 33.79M) | Time:00:00.43 | Mem:2.78M, Peak:2.78M | Scene, ViewLayer | Updating Geometry BVH Wrist fur.021 47/132 | Building BVH
Fra:1 Mem:28.49M (Peak 33.79M) | Time:00:00.43 | Mem:2.78M, Peak:2.78M | Scene, ViewLayer | Updating Geometry BVH Wrist fur.021 47/132 | Building mesh BLAS |      44 tris | Wrist fur.021
Fra:1 Mem:28.49M (Peak 33.79M) | Time:00:00.43 | Mem:2.78M, Peak:2.78M | Scene, ViewLayer | Updating Geometry BVH Wrist fur.021 47/132 | Building mesh BLAS |      44 tris | Layered shoulder fur.020
Fra:1 Mem:28.49M (Peak 33.79M) | Time:00:00.43 | Mem:2.78M, Peak:2.78M | Scene, ViewLayer | Updating Geometry BVH Wrist fur.022 48/132 | Building BVH
Fra:1 Mem:28.49M (Peak 33.79M) | Time:00:00.43 | Mem:2.78M, Peak:2.78M | Scene, ViewLayer | Updating Geometry BVH Wrist fur.022 48/132 | Building mesh BLAS |      44 tris | Wrist fur.022
Fra:1 Mem:28.49M (Peak 33.79M) | Time:00:00.43 | Mem:2.78M, Peak:2.78M | Scene, ViewLayer | Updating Geometry BVH Wrist fur.023 49/132 | Building BVH
Fra:1 Mem:28.49M (Peak 33.79M) | Time:00:00.43 | Mem:2.78M, Peak:2.78M | Scene, ViewLayer | Updating Geometry BVH Wrist fur.023 49/132 | Building mesh BLAS |      44 tris | Wrist fur.023
Fra:1 Mem:28.49M (Peak 33.79M) | Time:00:00.43 | Mem:2.78M, Peak:2.78M | Scene, ViewLayer | Updating Geometry BVH Articulated tail.001 50/132 | Building BVH
Fra:1 Mem:28.49M (Peak 33.79M) | Time:00:00.43 | Mem:2.78M, Peak:2.78M | Scene, ViewLayer | Updating Geometry BVH Articulated tail.001 50/132 | Building mesh BLAS |     268 tris | Articulated tail.001
Fra:1 Mem:28.49M (Peak 33.79M) | Time:00:00.43 | Mem:2.78M, Peak:2.78M | Scene, ViewLayer | Updating Geometry BVH Flame tail tuft.007 51/132 | Building BVH
Fra:1 Mem:28.49M (Peak 33.79M) | Time:00:00.43 | Mem:2.78M, Peak:2.78M | Scene, ViewLayer | Updating Geometry BVH Flame tail tuft.009 53/132 | Building BVH
Fra:1 Mem:28.49M (Peak 33.79M) | Time:00:00.43 | Mem:2.78M, Peak:2.78M | Scene, ViewLayer | Updating Geometry BVH Flame tail tuft.009 53/132 | Building mesh BLAS |      44 tris | Flame tail tuft.009
Fra:1 Mem:28.49M (Peak 33.79M) | Time:00:00.43 | Mem:2.78M, Peak:2.78M | Scene, ViewLayer | Updating Geometry BVH Flame tail tuft.009 53/132 | Building mesh BLAS |      44 tris | Flame tail tuft.008
Fra:1 Mem:28.49M (Peak 33.79M) | Time:00:00.43 | Mem:2.78M, Peak:2.78M | Scene, ViewLayer | Updating Geometry BVH Flame tail tuft.009 53/132 | Building mesh BLAS |      44 tris | Flame tail tuft.007
Fra:1 Mem:28.49M (Peak 33.79M) | Time:00:00.43 | Mem:2.78M, Peak:2.78M | Scene, ViewLayer | Updating Geometry BVH Flame tail tuft.010 54/132 | Building BVH
Fra:1 Mem:28.49M (Peak 33.79M) | Time:00:00.43 | Mem:2.78M, Peak:2.78M | Scene, ViewLayer | Updating Geometry BVH Flame tail tuft.011 55/132 | Building BVH
Fra:1 Mem:28.49M (Peak 33.79M) | Time:00:00.43 | Mem:2.78M, Peak:2.78M | Scene, ViewLayer | Updating Geometry BVH Flame tail tuft.011 55/132 | Building mesh BLAS |      44 tris | Flame tail tuft.010
Fra:1 Mem:28.49M (Peak 33.79M) | Time:00:00.43 | Mem:2.78M, Peak:2.78M | Scene, ViewLayer | Updating Geometry BVH Flame tail tuft.012 56/132 | Building BVH
Fra:1 Mem:28.49M (Peak 33.79M) | Time:00:00.43 | Mem:2.78M, Peak:2.78M | Scene, ViewLayer | Updating Geometry BVH Flame tail tuft.012 56/132 | Building mesh BLAS |      44 tris | Flame tail tuft.012
Fra:1 Mem:28.49M (Peak 33.79M) | Time:00:00.43 | Mem:2.78M, Peak:2.78M | Scene, ViewLayer | Updating Geometry BVH Flame tail tuft.013 57/132 | Building BVH
Fra:1 Mem:28.49M (Peak 33.79M) | Time:00:00.43 | Mem:2.78M, Peak:2.78M | Scene, ViewLayer | Updating Geometry BVH Flame tail tuft.013 57/132 | Building mesh BLAS |      44 tris | Flame tail tuft.013
Fra:1 Mem:28.49M (Peak 33.79M) | Time:00:00.43 | Mem:2.78M, Peak:2.78M | Scene, ViewLayer | Updating Geometry BVH Hero fitted chest collar 58/132 | Building BVH
Fra:1 Mem:28.49M (Peak 33.79M) | Time:00:00.43 | Mem:2.78M, Peak:2.78M | Scene, ViewLayer | Updating Geometry BVH Neckerchief folded point.001 59/132 | Building BVH
Fra:1 Mem:28.49M (Peak 33.79M) | Time:00:00.43 | Mem:2.78M, Peak:2.78M | Scene, ViewLayer | Updating Geometry BVH Brass crest clasp.001 60/132 | Building BVH
Fra:1 Mem:28.49M (Peak 33.79M) | Time:00:00.43 | Mem:2.78M, Peak:2.78M | Scene, ViewLayer | Updating Geometry BVH Brass crest clasp.001 60/132 | Building mesh BLAS |     336 tris | Hero fitted chest collar
Fra:1 Mem:28.49M (Peak 33.79M) | Time:00:00.43 | Mem:2.78M, Peak:2.78M | Scene, ViewLayer | Updating Geometry BVH Brass crest clasp.001 60/132 | Building mesh BLAS |       4 tris | Neckerchief folded point.001
Fra:1 Mem:28.49M (Peak 33.79M) | Time:00:00.43 | Mem:2.78M, Peak:2.78M | Scene, ViewLayer | Updating Geometry BVH Brass crest clasp.001 60/132 | Building mesh BLAS |     320 tris | Brass crest clasp.001
Fra:1 Mem:28.49M (Peak 33.79M) | Time:00:00.43 | Mem:2.78M, Peak:2.78M | Scene, ViewLayer | Updating Geometry BVH Designed upright joint-loop topology 62/132 | Building BVH
Fra:1 Mem:28.49M (Peak 33.79M) | Time:00:00.43 | Mem:2.78M, Peak:2.78M | Scene, ViewLayer | Updating Geometry BVH Hero continuous skull cheeks and muzzle 63/132 | Building BVH
Fra:1 Mem:28.49M (Peak 33.79M) | Time:00:00.43 | Mem:2.78M, Peak:2.78M | Scene, ViewLayer | Updating Geometry BVH Hero feline nose plane 64/132 | Building BVH
Fra:1 Mem:28.49M (Peak 33.79M) | Time:00:00.43 | Mem:2.78M, Peak:2.78M | Scene, ViewLayer | Updating Geometry BVH Hero whisker pore 65/132 | Building BVH
Fra:1 Mem:28.49M (Peak 33.79M) | Time:00:00.43 | Mem:2.78M, Peak:2.78M | Scene, ViewLayer | Updating Geometry BVH Hero whisker pore.001 66/132 | Building mesh BLAS |       7 tris | Hero whisker pore
Fra:1 Mem:28.49M (Peak 33.79M) | Time:00:00.43 | Mem:2.78M, Peak:2.78M | Scene, ViewLayer | Updating Geometry BVH Hero whisker pore.001 66/132 | Building mesh BLAS |       7 tris | Hero whisker pore.001
Fra:1 Mem:28.49M (Peak 33.79M) | Time:00:00.43 | Mem:2.78M, Peak:2.78M | Scene, ViewLayer | Updating Geometry BVH Hero whisker pore.001 66/132 | Building mesh BLAS |      36 tris | Raised elemental crest.001
Fra:1 Mem:28.49M (Peak 33.79M) | Time:00:00.43 | Mem:2.78M, Peak:2.78M | Scene, ViewLayer | Updating Geometry BVH Hero authored sweeping ruff mass.016 120/132 | Building BVH
Fra:1 Mem:28.49M (Peak 33.79M) | Time:00:00.43 | Mem:2.78M, Peak:2.78M | Scene, ViewLayer | Updating Geometry BVH Hero authored sweeping ruff mass.016 120/132 | Building mesh BLAS |     268 tris | Hero authored sweeping ruff mass.016
Fra:1 Mem:28.49M (Peak 33.79M) | Time:00:00.43 | Mem:2.78M, Peak:2.78M | Scene, ViewLayer | Updating Geometry BVH Hero whisker pore.002 67/132 | Building BVH
Fra:1 Mem:28.49M (Peak 33.79M) | Time:00:00.43 | Mem:2.78M, Peak:2.78M | Scene, ViewLayer | Updating Geometry BVH Hero whisker pore.002 67/132 | Building mesh BLAS |       7 tris | Hero whisker pore.002
Fra:1 Mem:28.49M (Peak 33.79M) | Time:00:00.43 | Mem:2.78M, Peak:2.78M | Scene, ViewLayer | Updating Geometry BVH Hero whisker pore.003 68/132 | Building BVH
Fra:1 Mem:28.49M (Peak 33.79M) | Time:00:00.43 | Mem:2.78M, Peak:2.78M | Scene, ViewLayer | Updating Geometry BVH Hero whisker pore.003 68/132 | Building mesh BLAS |       7 tris | Hero whisker pore.003
Fra:1 Mem:28.49M (Peak 33.79M) | Time:00:00.43 | Mem:2.78M, Peak:2.78M | Scene, ViewLayer | Updating Geometry BVH Hero whisker pore.004 69/132 | Building BVH
Fra:1 Mem:28.49M (Peak 33.79M) | Time:00:00.43 | Mem:2.78M, Peak:2.78M | Scene, ViewLayer | Updating Geometry BVH Hero whisker pore.005 70/132 | Building BVH
Fra:1 Mem:28.49M (Peak 33.79M) | Time:00:00.43 | Mem:2.78M, Peak:2.78M | Scene, ViewLayer | Updating Geometry BVH Hero whisker pore.005 70/132 | Building mesh BLAS |       7 tris | Hero whisker pore.004
Fra:1 Mem:28.49M (Peak 33.79M) | Time:00:00.43 | Mem:2.78M, Peak:2.78M | Scene, ViewLayer | Updating Geometry BVH Hero whisker pore.005 70/132 | Building mesh BLAS |       7 tris | Hero whisker pore.005
Fra:1 Mem:28.49M (Peak 33.79M) | Time:00:00.43 | Mem:2.78M, Peak:2.78M | Scene, ViewLayer | Updating Geometry BVH Hero whisker pore.006 71/132 | Building BVH
Fra:1 Mem:28.49M (Peak 33.79M) | Time:00:00.43 | Mem:2.78M, Peak:2.78M | Scene, ViewLayer | Updating Geometry BVH Hero whisker pore.006 71/132 | Building mesh BLAS |       7 tris | Hero whisker pore.006
Fra:1 Mem:28.49M (Peak 33.79M) | Time:00:00.43 | Mem:2.78M, Peak:2.78M | Scene, ViewLayer | Updating Geometry BVH Hero whisker pore.007 72/132 | Building BVH
Fra:1 Mem:28.49M (Peak 33.79M) | Time:00:00.43 | Mem:2.78M, Peak:2.78M | Scene, ViewLayer | Updating Geometry BVH Hero whisker pore.007 72/132 | Building mesh BLAS |       7 tris | Hero whisker pore.007
Fra:1 Mem:28.49M (Peak 33.79M) | Time:00:00.43 | Mem:2.78M, Peak:2.78M | Scene, ViewLayer | Updating Geometry BVH Hero authored sweeping ruff mass.015 119/132 | Building BVH
Fra:1 Mem:28.49M (Peak 33.79M) | Time:00:00.43 | Mem:2.78M, Peak:2.78M | Scene, ViewLayer | Updating Geometry BVH Hero authored sweeping ruff mass.015 119/132 | Building mesh BLAS |     268 tris | Hero authored sweeping ruff mass.015
Fra:1 Mem:28.49M (Peak 33.79M) | Time:00:00.43 | Mem:2.78M, Peak:2.78M | Scene, ViewLayer | Updating Geometry BVH Hero whisker pore.008 73/132 | Building BVH
Fra:1 Mem:28.49M (Peak 33.79M) | Time:00:00.43 | Mem:2.78M, Peak:2.78M | Scene, ViewLayer | Updating Geometry BVH Hero whisker pore.011 76/132 | Building BVH
Fra:1 Mem:28.49M (Peak 33.79M) | Time:00:00.43 | Mem:2.78M, Peak:2.78M | Scene, ViewLayer | Updating Geometry BVH Hero whisker pore.011 76/132 | Building mesh BLAS |       7 tris | Hero whisker pore.008
Fra:1 Mem:28.49M (Peak 33.79M) | Time:00:00.43 | Mem:2.78M, Peak:2.78M | Scene, ViewLayer | Updating Geometry BVH Hero whisker pore.011 76/132 | Building mesh BLAS |       7 tris | Hero whisker pore.009
Fra:1 Mem:28.49M (Peak 33.79M) | Time:00:00.43 | Mem:2.78M, Peak:2.78M | Scene, ViewLayer | Updating Geometry BVH Hero whisker pore.011 76/132 | Building mesh BLAS |       7 tris | Hero whisker pore.010
Fra:1 Mem:28.49M (Peak 33.79M) | Time:00:00.43 | Mem:2.78M, Peak:2.78M | Scene, ViewLayer | Updating Geometry BVH Hero whisker pore.011 76/132 | Building mesh BLAS |       7 tris | Hero whisker pore.011
Fra:1 Mem:28.49M (Peak 33.79M) | Time:00:00.44 | Mem:2.78M, Peak:2.78M | Scene, ViewLayer | Updating Geometry BVH Hero whisker pore.012 77/132 | Building BVH
Fra:1 Mem:28.49M (Peak 33.79M) | Time:00:00.44 | Mem:2.78M, Peak:2.78M | Scene, ViewLayer | Updating Geometry BVH Hero whisker pore.013 78/132 | Building BVH
Fra:1 Mem:28.49M (Peak 33.79M) | Time:00:00.44 | Mem:2.78M, Peak:2.78M | Scene, ViewLayer | Updating Geometry BVH Hero whisker pore.013 78/132 | Building mesh BLAS |       7 tris | Hero whisker pore.012
Fra:1 Mem:28.49M (Peak 33.79M) | Time:00:00.44 | Mem:2.78M, Peak:2.78M | Scene, ViewLayer | Updating Geometry BVH Hero whisker pore.013 78/132 | Building mesh BLAS |       7 tris | Hero whisker pore.013
Fra:1 Mem:28.49M (Peak 33.79M) | Time:00:00.44 | Mem:2.78M, Peak:2.78M | Scene, ViewLayer | Updating Geometry BVH Hero whisker pore.014 79/132 | Building BVH
Fra:1 Mem:28.49M (Peak 33.79M) | Time:00:00.44 | Mem:2.78M, Peak:2.78M | Scene, ViewLayer | Updating Geometry BVH Hero whisker pore.014 79/132 | Building mesh BLAS |       7 tris | Hero whisker pore.014
Fra:1 Mem:28.49M (Peak 33.79M) | Time:00:00.44 | Mem:2.78M, Peak:2.78M | Scene, ViewLayer | Updating Geometry BVH Hero restrained fire edge.005 118/132 | Building BVH
Fra:1 Mem:28.49M (Peak 33.79M) | Time:00:00.44 | Mem:2.78M, Peak:2.78M | Scene, ViewLayer | Updating Geometry BVH Hero restrained fire edge.005 118/132 | Building mesh BLAS |     146 tris | Hero restrained fire edge.005
Fra:1 Mem:28.49M (Peak 33.79M) | Time:00:00.44 | Mem:2.79M, Peak:2.79M | Scene, ViewLayer | Updating Geometry BVH Hero whisker pore.015 80/132 | Building BVH
Fra:1 Mem:28.49M (Peak 33.79M) | Time:00:00.44 | Mem:2.79M, Peak:2.79M | Scene, ViewLayer | Updating Geometry BVH Hero whisker pore.017 82/132 | Building mesh BLAS |       7 tris | Hero whisker pore.015
Fra:1 Mem:28.49M (Peak 33.79M) | Time:00:00.44 | Mem:2.79M, Peak:2.79M | Scene, ViewLayer | Updating Geometry BVH Hero shaped mandible 83/132 | Building BVH
Fra:1 Mem:28.49M (Peak 33.79M) | Time:00:00.44 | Mem:2.79M, Peak:2.79M | Scene, ViewLayer | Updating Geometry BVH Hero connected oral sleeve 84/132 | Building BVH
Fra:1 Mem:28.49M (Peak 33.79M) | Time:00:00.44 | Mem:2.79M, Peak:2.79M | Scene, ViewLayer | Updating Geometry BVH Hero connected oral sleeve 84/132 | Building mesh BLAS |     144 tris | Hero connected oral sleeve
Fra:1 Mem:28.49M (Peak 33.79M) | Time:00:00.44 | Mem:2.79M, Peak:2.79M | Scene, ViewLayer | Updating Geometry BVH Hero connected oral sleeve 84/132 | Building mesh BLAS |       7 tris | Hero whisker pore.017
Fra:1 Mem:28.49M (Peak 33.79M) | Time:00:00.44 | Mem:2.79M, Peak:2.79M | Scene, ViewLayer | Updating Geometry BVH Hero recessed almond eye -1 85/132 | Building BVH
Fra:1 Mem:28.49M (Peak 33.79M) | Time:00:00.44 | Mem:2.79M, Peak:2.79M | Scene, ViewLayer | Updating Geometry BVH Hero amber iris -1 86/132 | Building BVH
Fra:1 Mem:28.49M (Peak 33.79M) | Time:00:00.44 | Mem:2.79M, Peak:2.79M | Scene, ViewLayer | Updating Geometry BVH Hero amber iris -1 86/132 | Building mesh BLAS |     224 tris | Hero recessed almond eye -1
Fra:1 Mem:28.49M (Peak 33.79M) | Time:00:00.44 | Mem:2.79M, Peak:2.79M | Scene, ViewLayer | Updating Geometry BVH Hero amber iris -1 86/132 | Building mesh BLAS |      24 tris | Hero amber iris -1
Fra:1 Mem:28.49M (Peak 33.79M) | Time:00:00.44 | Mem:2.79M, Peak:2.79M | Scene, ViewLayer | Updating Geometry BVH Hero authored sweeping ruff mass.014 117/132 | Building BVH
Fra:1 Mem:28.49M (Peak 33.79M) | Time:00:00.44 | Mem:2.79M, Peak:2.79M | Scene, ViewLayer | Updating Geometry BVH Hero authored sweeping ruff mass.014 117/132 | Building mesh BLAS |     268 tris | Hero authored sweeping ruff mass.014
Fra:1 Mem:28.49M (Peak 33.79M) | Time:00:00.44 | Mem:2.85M, Peak:2.85M | Scene, ViewLayer | Updating Geometry BVH Hero vertical pupil -1 87/132 | Building BVH
Fra:1 Mem:28.49M (Peak 33.79M) | Time:00:00.44 | Mem:2.85M, Peak:2.85M | Scene, ViewLayer | Updating Geometry BVH Hero vertical pupil -1 87/132 | Building mesh BLAS |      24 tris | Hero small catchlight -1
Fra:1 Mem:28.49M (Peak 33.79M) | Time:00:00.44 | Mem:2.92M, Peak:2.92M | Scene, ViewLayer | Updating Geometry BVH Hero vertical pupil -1 87/132 | Building mesh BLAS |      24 tris | Hero vertical pupil -1
Fra:1 Mem:28.49M (Peak 33.79M) | Time:00:00.44 | Mem:2.93M, Peak:2.93M | Scene, ViewLayer | Updating Geometry BVH Hero sculpted supraorbital brow -1 89/132 | Building BVH
Fra:1 Mem:28.49M (Peak 33.79M) | Time:00:00.44 | Mem:2.93M, Peak:2.93M | Scene, ViewLayer | Updating Geometry BVH Hero cupped leonine ear -1 90/132 | Building BVH
Fra:1 Mem:28.49M (Peak 33.79M) | Time:00:00.44 | Mem:2.93M, Peak:2.93M | Scene, ViewLayer | Updating Geometry BVH Hero cupped leonine ear -1 90/132 | Building mesh BLAS |     144 tris | Hero cupped leonine ear -1
Fra:1 Mem:28.49M (Peak 33.79M) | Time:00:00.44 | Mem:2.93M, Peak:2.93M | Scene, ViewLayer | Updating Geometry BVH Hero recessed almond eye 1 91/132 | Building BVH
Fra:1 Mem:28.49M (Peak 33.79M) | Time:00:00.44 | Mem:2.93M, Peak:2.93M | Scene, ViewLayer | Updating Geometry BVH Hero recessed almond eye 1 91/132 | Building mesh BLAS |     224 tris | Hero recessed almond eye 1
Fra:1 Mem:28.49M (Peak 33.79M) | Time:00:00.44 | Mem:2.93M, Peak:2.93M | Scene, ViewLayer | Updating Geometry BVH Hero amber iris 1 92/132 | Building BVH
Fra:1 Mem:28.49M (Peak 33.79M) | Time:00:00.44 | Mem:2.93M, Peak:2.93M | Scene, ViewLayer | Updating Geometry BVH Hero amber iris 1 92/132 | Building mesh BLAS |      24 tris | Hero amber iris 1
Fra:1 Mem:28.49M (Peak 33.79M) | Time:00:00.44 | Mem:2.93M, Peak:2.93M | Scene, ViewLayer | Updating Geometry BVH Hero vertical pupil 1 93/132 | Building BVH
Fra:1 Mem:28.49M (Peak 33.79M) | Time:00:00.44 | Mem:2.93M, Peak:2.93M | Scene, ViewLayer | Updating Geometry BVH Hero vertical pupil 1 93/132 | Building mesh BLAS |      24 tris | Hero vertical pupil 1
Fra:1 Mem:28.49M (Peak 33.79M) | Time:00:00.44 | Mem:2.97M, Peak:2.97M | Scene, ViewLayer | Updating Geometry BVH Hero authored sweeping ruff mass.013 116/132 | Building BVH
Fra:1 Mem:28.49M (Peak 33.79M) | Time:00:00.44 | Mem:2.98M, Peak:2.98M | Scene, ViewLayer | Updating Geometry BVH Hero authored sweeping ruff mass.013 116/132 | Building mesh BLAS |     268 tris | Hero authored sweeping ruff mass.013
Fra:1 Mem:28.49M (Peak 33.79M) | Time:00:00.44 | Mem:2.98M, Peak:2.98M | Scene, ViewLayer | Updating Geometry BVH Hero restrained fire edge.004 115/132 | Building BVH
Fra:1 Mem:28.49M (Peak 33.79M) | Time:00:00.44 | Mem:2.98M, Peak:2.98M | Scene, ViewLayer | Updating Geometry BVH Hero restrained fire edge.004 115/132 | Building mesh BLAS |     146 tris | Hero restrained fire edge.004
Fra:1 Mem:28.49M (Peak 33.79M) | Time:00:00.44 | Mem:2.98M, Peak:2.98M | Scene, ViewLayer | Updating Geometry BVH Hero authored sweeping ruff mass.012 114/132 | Building BVH
Fra:1 Mem:28.49M (Peak 33.79M) | Time:00:00.44 | Mem:2.98M, Peak:2.98M | Scene, ViewLayer | Updating Geometry BVH Hero authored sweeping ruff mass.012 114/132 | Building mesh BLAS |     268 tris | Hero authored sweeping ruff mass.012
Fra:1 Mem:28.49M (Peak 33.79M) | Time:00:00.44 | Mem:2.98M, Peak:2.98M | Scene, ViewLayer | Updating Geometry BVH Hero small catchlight 1 94/132 | Building BVH
Fra:1 Mem:28.49M (Peak 33.79M) | Time:00:00.44 | Mem:2.98M, Peak:2.98M | Scene, ViewLayer | Updating Geometry BVH Hero authored sweeping ruff mass.011 113/132 | Building BVH
Fra:1 Mem:28.49M (Peak 33.79M) | Time:00:00.44 | Mem:2.98M, Peak:2.98M | Scene, ViewLayer | Updating Geometry BVH Hero sculpted supraorbital brow 1 95/132 | Building BVH
Fra:1 Mem:28.49M (Peak 33.79M) | Time:00:00.44 | Mem:2.98M, Peak:2.98M | Scene, ViewLayer | Updating Geometry BVH Hero cupped leonine ear 1 96/132 | Building BVH
Fra:1 Mem:28.49M (Peak 33.79M) | Time:00:00.44 | Mem:2.98M, Peak:2.98M | Scene, ViewLayer | Updating Geometry BVH Hero cupped leonine ear 1 96/132 | Building mesh BLAS |     164 tris | Hero sculpted supraorbital brow 1
Fra:1 Mem:28.49M (Peak 33.79M) | Time:00:00.44 | Mem:2.98M, Peak:2.98M | Scene, ViewLayer | Updating Geometry BVH Hero cupped leonine ear 1 96/132 | Building mesh BLAS |     144 tris | Hero cupped leonine ear 1
Fra:1 Mem:28.49M (Peak 33.79M) | Time:00:00.45 | Mem:2.98M, Peak:2.98M | Scene, ViewLayer | Updating Geometry BVH Hero connected radial cheek and jaw ruff 97/132 | Building BVH
Fra:1 Mem:28.49M (Peak 33.79M) | Time:00:00.45 | Mem:2.98M, Peak:2.98M | Scene, ViewLayer | Updating Geometry BVH Hero restrained fire edge 99/132 | Building BVH
Fra:1 Mem:28.49M (Peak 33.79M) | Time:00:00.45 | Mem:2.98M, Peak:2.98M | Scene, ViewLayer | Updating Geometry BVH Hero restrained fire edge 99/132 | Building mesh BLAS |     146 tris | Hero restrained fire edge
Fra:1 Mem:28.49M (Peak 33.79M) | Time:00:00.45 | Mem:2.98M, Peak:2.98M | Scene, ViewLayer | Updating Geometry BVH Hero authored sweeping ruff mass.001 100/132 | Building BVH
Fra:1 Mem:28.49M (Peak 33.79M) | Time:00:00.45 | Mem:2.98M, Peak:2.98M | Scene, ViewLayer | Updating Geometry BVH Hero authored sweeping ruff mass.001 100/132 | Building mesh BLAS |     268 tris | Hero authored sweeping ruff mass.001
Fra:1 Mem:28.49M (Peak 33.79M) | Time:00:00.45 | Mem:2.98M, Peak:2.98M | Scene, ViewLayer | Updating Geometry BVH Hero authored sweeping ruff mass 98/132 | Building BVH
Fra:1 Mem:28.49M (Peak 33.79M) | Time:00:00.45 | Mem:2.98M, Peak:2.98M | Scene, ViewLayer | Updating Geometry BVH Hero authored sweeping ruff mass.002 101/132 | Building BVH
Fra:1 Mem:28.49M (Peak 33.79M) | Time:00:00.45 | Mem:2.98M, Peak:2.98M | Scene, ViewLayer | Updating Geometry BVH Hero authored sweeping ruff mass.003 102/132 | Building BVH
Fra:1 Mem:28.49M (Peak 33.79M) | Time:00:00.45 | Mem:2.98M, Peak:2.98M | Scene, ViewLayer | Updating Geometry BVH Hero restrained fire edge.001 103/132 | Building BVH
Fra:1 Mem:28.49M (Peak 33.79M) | Time:00:00.45 | Mem:2.98M, Peak:2.98M | Scene, ViewLayer | Updating Geometry BVH Hero restrained fire edge.001 103/132 | Building mesh BLAS |     268 tris | Hero authored sweeping ruff mass.003
Fra:1 Mem:28.49M (Peak 33.79M) | Time:00:00.45 | Mem:3.00M, Peak:3.00M | Scene, ViewLayer | Updating Geometry BVH Hero restrained fire edge.001 103/132 | Building mesh BLAS |     268 tris | Hero authored sweeping ruff mass.002
Fra:1 Mem:28.49M (Peak 33.79M) | Time:00:00.45 | Mem:3.00M, Peak:3.00M | Scene, ViewLayer | Updating Geometry BVH Hero authored sweeping ruff mass.004 104/132 | Building BVH
Fra:1 Mem:28.49M (Peak 33.79M) | Time:00:00.45 | Mem:3.00M, Peak:3.00M | Scene, ViewLayer | Updating Geometry BVH Hero authored sweeping ruff mass.005 105/132 | Building BVH
Fra:1 Mem:28.49M (Peak 33.79M) | Time:00:00.45 | Mem:3.01M, Peak:3.01M | Scene, ViewLayer | Updating Geometry BVH Hero authored sweeping ruff mass.005 105/132 | Building mesh BLAS |     268 tris | Hero authored sweeping ruff mass.005
Fra:1 Mem:28.49M (Peak 33.79M) | Time:00:00.45 | Mem:3.03M, Peak:3.03M | Scene, ViewLayer | Updating Geometry BVH Hero restrained fire edge.002 106/132 | Building BVH
Fra:1 Mem:28.49M (Peak 33.79M) | Time:00:00.45 | Mem:3.03M, Peak:3.03M | Scene, ViewLayer | Updating Geometry BVH Hero restrained fire edge.002 106/132 | Building mesh BLAS |     146 tris | Hero restrained fire edge.002
Fra:1 Mem:28.49M (Peak 33.79M) | Time:00:00.45 | Mem:3.05M, Peak:3.05M | Scene, ViewLayer | Updating Geometry BVH Hero authored sweeping ruff mass.006 107/132 | Building BVH
Fra:1 Mem:28.49M (Peak 33.79M) | Time:00:00.45 | Mem:3.05M, Peak:3.05M | Scene, ViewLayer | Updating Geometry BVH Hero authored sweeping ruff mass.006 107/132 | Building mesh BLAS |     268 tris | Hero authored sweeping ruff mass.006
Fra:1 Mem:28.49M (Peak 33.79M) | Time:00:00.45 | Mem:3.05M, Peak:3.05M | Scene, ViewLayer | Updating Geometry BVH Hero authored sweeping ruff mass.006 107/132 | Building mesh BLAS |     268 tris | Hero authored sweeping ruff mass.011
Fra:1 Mem:28.49M (Peak 33.79M) | Time:00:00.45 | Mem:3.05M, Peak:3.05M | Scene, ViewLayer | Updating Geometry BVH Hero authored sweeping ruff mass.007 108/132 | Building BVH
Fra:1 Mem:28.49M (Peak 33.79M) | Time:00:00.45 | Mem:3.05M, Peak:3.05M | Scene, ViewLayer | Updating Geometry BVH Hero authored sweeping ruff mass.007 108/132 | Building mesh BLAS |     146 tris | Hero restrained fire edge.001
Fra:1 Mem:28.49M (Peak 33.79M) | Time:00:00.45 | Mem:3.05M, Peak:3.05M | Scene, ViewLayer | Updating Geometry BVH Hero authored sweeping ruff mass.007 108/132 | Building mesh BLAS |     268 tris | Hero authored sweeping ruff mass.007
Fra:1 Mem:28.49M (Peak 33.79M) | Time:00:00.45 | Mem:3.05M, Peak:3.05M | Scene, ViewLayer | Updating Geometry BVH Hero authored sweeping ruff mass.008 109/132 | Building BVH
Fra:1 Mem:28.49M (Peak 33.79M) | Time:00:00.45 | Mem:3.05M, Peak:3.05M | Scene, ViewLayer | Updating Geometry BVH Hero authored sweeping ruff mass.009 110/132 | Building mesh BLAS |     268 tris | Hero authored sweeping ruff mass.004
Fra:1 Mem:28.49M (Peak 33.79M) | Time:00:00.45 | Mem:3.05M, Peak:3.05M | Scene, ViewLayer | Updating Geometry BVH Hero authored sweeping ruff mass.009 110/132 | Building mesh BLAS |     268 tris | Hero authored sweeping ruff mass.008
Fra:1 Mem:28.49M (Peak 33.79M) | Time:00:00.45 | Mem:3.05M, Peak:3.05M | Scene, ViewLayer | Updating Geometry BVH Hero authored sweeping ruff mass.010 112/132 | Building BVH
Fra:1 Mem:28.49M (Peak 33.79M) | Time:00:00.45 | Mem:3.05M, Peak:3.05M | Scene, ViewLayer | Updating Geometry BVH Hero authored sweeping ruff mass.010 112/132 | Building mesh BLAS |     268 tris | Hero authored sweeping ruff mass.010
Fra:1 Mem:28.49M (Peak 33.79M) | Time:00:00.45 | Mem:3.05M, Peak:3.05M | Scene, ViewLayer | Updating Geometry BVH Hero authored sweeping ruff mass.010 112/132 | Building mesh BLAS |     146 tris | Hero restrained fire edge.003
Fra:1 Mem:28.49M (Peak 33.79M) | Time:00:00.45 | Mem:3.05M, Peak:3.05M | Scene, ViewLayer | Updating Geometry BVH Hero authored sweeping ruff mass.010 112/132 | Building mesh BLAS |     268 tris | Hero authored sweeping ruff mass.009
Fra:1 Mem:28.49M (Peak 33.79M) | Time:00:00.45 | Mem:3.05M, Peak:3.05M | Scene, ViewLayer | Updating Scene BVH | Building
Fra:1 Mem:28.50M (Peak 33.79M) | Time:00:00.46 | Mem:4.02M, Peak:4.02M | Scene, ViewLayer | Updating Scene BVH | Building TLAS      |     132 instances
Fra:1 Mem:28.50M (Peak 33.79M) | Time:00:00.46 | Mem:4.07M, Peak:4.07M | Scene, ViewLayer | Updating Scene BVH | Copying BVH to device
Fra:1 Mem:28.50M (Peak 33.79M) | Time:00:00.46 | Mem:4.07M, Peak:4.07M | Scene, ViewLayer | Updating Mesh | Computing normals
Fra:1 Mem:29.34M (Peak 33.79M) | Time:00:00.46 | Mem:4.07M, Peak:4.07M | Scene, ViewLayer | Updating Mesh | Copying Mesh to device
Fra:1 Mem:28.50M (Peak 33.79M) | Time:00:00.46 | Mem:4.93M, Peak:4.93M | Scene, ViewLayer | Updating Objects Flags
Fra:1 Mem:28.50M (Peak 33.79M) | Time:00:00.46 | Mem:4.93M, Peak:4.93M | Scene, ViewLayer | Updating Primitive Offsets
Fra:1 Mem:28.50M (Peak 33.79M) | Time:00:00.46 | Mem:4.93M, Peak:4.93M | Scene, ViewLayer | Updating Images
Fra:1 Mem:28.50M (Peak 33.79M) | Time:00:00.46 | Mem:4.93M, Peak:4.93M | Scene, ViewLayer | Updating Camera Volume
Fra:1 Mem:28.50M (Peak 33.79M) | Time:00:00.46 | Mem:4.93M, Peak:4.93M | Scene, ViewLayer | Updating Lookup Tables
Fra:1 Mem:28.41M (Peak 33.79M) | Time:00:00.46 | Mem:5.02M, Peak:5.02M | Scene, ViewLayer | Updating Lights
Fra:1 Mem:28.41M (Peak 33.79M) | Time:00:00.46 | Mem:5.02M, Peak:5.02M | Scene, ViewLayer | Updating Lights | Computing tree
Fra:1 Mem:28.41M (Peak 33.79M) | Time:00:00.46 | Mem:5.02M, Peak:5.02M | Scene, ViewLayer | Updating Integrator
Fra:1 Mem:28.41M (Peak 33.79M) | Time:00:00.46 | Mem:5.02M, Peak:5.02M | Scene, ViewLayer | Updating Film
Fra:1 Mem:28.50M (Peak 33.79M) | Time:00:00.46 | Mem:4.93M, Peak:5.02M | Scene, ViewLayer | Updating Lookup Tables
Fra:1 Mem:28.41M (Peak 33.79M) | Time:00:00.46 | Mem:5.02M, Peak:5.02M | Scene, ViewLayer | Updating Baking
Fra:1 Mem:28.41M (Peak 33.79M) | Time:00:00.46 | Mem:5.02M, Peak:5.02M | Scene, ViewLayer | Updating Device | Writing constant memory
Fra:1 Mem:28.42M (Peak 33.79M) | Time:00:00.50 | Mem:5.02M, Peak:5.02M | Scene, ViewLayer | Loading denoising kernels (may take a few minutes the first time)
Fra:1 Mem:28.42M (Peak 60.42M) | Time:00:00.52 | Mem:2821.03M, Peak:2821.03M | Scene, ViewLayer | Sample 0/12 (Using optimized kernels)
Fra:1 Mem:28.41M (Peak 60.42M) | Time:00:01.03 | Remaining:00:05.56 | Mem:2850.75M, Peak:2850.75M | Scene, ViewLayer | Sample 1/12 (Using optimized kernels)
Fra:1 Mem:40.91M (Peak 60.42M) | Time:08:03.81 | Mem:2850.76M, Peak:2850.76M | Scene, ViewLayer | Sample 12/12 (Using optimized kernels)
Fra:1 Mem:40.91M (Peak 60.42M) | Time:08:03.85 | Mem:2850.76M, Peak:2850.76M | Scene, ViewLayer | Finished
Saved: '/Users/chikumatsuboi/Code/animal-racers-western/assets/source/western/hero-art-v1/qa/upright/candidate-three-quarter.png'
Time: 08:21.82 (Saving: 00:09.85)

Fra:1 Mem:30.91M (Peak 30.91M) | Time:00:01.61 | Mem:0.02M, Peak:0.02M | Scene, ViewLayer | Synchronizing object | Paw toe
Fra:1 Mem:30.93M (Peak 30.93M) | Time:00:01.63 | Mem:0.02M, Peak:0.02M | Scene, ViewLayer | Synchronizing object | Ivory claw
Fra:1 Mem:30.94M (Peak 30.94M) | Time:00:01.63 | Mem:0.02M, Peak:0.02M | Scene, ViewLayer | Synchronizing object | Paw toe.001
Fra:1 Mem:30.95M (Peak 30.95M) | Time:00:01.63 | Mem:0.02M, Peak:0.02M | Scene, ViewLayer | Synchronizing object | Ivory claw.001
Fra:1 Mem:30.96M (Peak 30.96M) | Time:00:01.65 | Mem:0.02M, Peak:0.02M | Scene, ViewLayer | Synchronizing object | Paw toe.002
Fra:1 Mem:30.97M (Peak 30.97M) | Time:00:01.65 | Mem:0.02M, Peak:0.02M | Scene, ViewLayer | Synchronizing object | Paw toe.004
Fra:1 Mem:30.99M (Peak 30.99M) | Time:00:01.65 | Mem:0.02M, Peak:0.02M | Scene, ViewLayer | Synchronizing object | Ivory claw.004
Fra:1 Mem:31.00M (Peak 31.00M) | Time:00:01.65 | Mem:0.02M, Peak:0.02M | Scene, ViewLayer | Synchronizing object | Paw toe.005
Fra:1 Mem:31.00M (Peak 31.00M) | Time:00:01.65 | Mem:0.02M, Peak:0.02M | Scene, ViewLayer | Synchronizing object | Ivory claw.005
Fra:1 Mem:31.01M (Peak 31.01M) | Time:00:01.66 | Mem:0.02M, Peak:0.02M | Scene, ViewLayer | Synchronizing object | Paw toe.006
Fra:1 Mem:31.03M (Peak 31.03M) | Time:00:01.66 | Mem:0.02M, Peak:0.02M | Scene, ViewLayer | Synchronizing object | Ivory claw.006
Fra:1 Mem:31.04M (Peak 31.04M) | Time:00:01.66 | Mem:0.02M, Peak:0.02M | Scene, ViewLayer | Synchronizing object | Paw toe.007
Fra:1 Mem:31.05M (Peak 31.05M) | Time:00:01.68 | Mem:0.02M, Peak:0.02M | Scene, ViewLayer | Synchronizing object | Ivory claw.007
Fra:1 Mem:31.06M (Peak 31.06M) | Time:00:01.68 | Mem:0.02M, Peak:0.02M | Scene, ViewLayer | Synchronizing object | Ivory claw.008
Fra:1 Mem:31.06M (Peak 31.06M) | Time:00:01.68 | Mem:0.02M, Peak:0.02M | Scene, ViewLayer | Synchronizing object | Paw toe.009
Fra:1 Mem:31.08M (Peak 31.08M) | Time:00:01.68 | Mem:0.02M, Peak:0.02M | Scene, ViewLayer | Synchronizing object | Paw toe.010
Fra:1 Mem:31.10M (Peak 31.10M) | Time:00:01.68 | Mem:0.02M, Peak:0.02M | Scene, ViewLayer | Synchronizing object | Ivory claw.010
Fra:1 Mem:31.10M (Peak 31.10M) | Time:00:01.68 | Mem:0.02M, Peak:0.02M | Scene, ViewLayer | Synchronizing object | Paw toe.011
Fra:1 Mem:31.11M (Peak 31.11M) | Time:00:01.68 | Mem:0.02M, Peak:0.02M | Scene, ViewLayer | Synchronizing object | Ivory claw.011
Fra:1 Mem:31.12M (Peak 31.12M) | Time:00:01.68 | Mem:0.02M, Peak:0.02M | Scene, ViewLayer | Synchronizing object | Layered shoulder fur
Fra:1 Mem:31.12M (Peak 31.12M) | Time:00:01.68 | Mem:0.02M, Peak:0.02M | Scene, ViewLayer | Synchronizing object | Layered shoulder fur.001
Fra:1 Mem:31.12M (Peak 31.12M) | Time:00:01.68 | Mem:0.02M, Peak:0.02M | Scene, ViewLayer | Synchronizing object | Layered shoulder fur.002
Fra:1 Mem:31.13M (Peak 31.13M) | Time:00:01.68 | Mem:0.02M, Peak:0.02M | Scene, ViewLayer | Synchronizing object | Wrist fur
Fra:1 Mem:31.13M (Peak 31.13M) | Time:00:01.68 | Mem:0.02M, Peak:0.02M | Scene, ViewLayer | Synchronizing object | Wrist fur.001
Fra:1 Mem:31.14M (Peak 31.14M) | Time:00:01.68 | Mem:0.02M, Peak:0.02M | Scene, ViewLayer | Synchronizing object | Wrist fur.002
Fra:1 Mem:31.14M (Peak 31.14M) | Time:00:01.68 | Mem:0.02M, Peak:0.02M | Scene, ViewLayer | Synchronizing object | Layered shoulder fur.003
Fra:1 Mem:31.14M (Peak 31.14M) | Time:00:01.68 | Mem:0.02M, Peak:0.02M | Scene, ViewLayer | Synchronizing object | Layered shoulder fur.004
Fra:1 Mem:31.15M (Peak 31.15M) | Time:00:01.68 | Mem:0.02M, Peak:0.02M | Scene, ViewLayer | Synchronizing object | Layered shoulder fur.005
Fra:1 Mem:31.15M (Peak 31.15M) | Time:00:01.68 | Mem:0.02M, Peak:0.02M | Scene, ViewLayer | Synchronizing object | Wrist fur.003
Fra:1 Mem:31.17M (Peak 31.17M) | Time:00:01.74 | Mem:0.02M, Peak:0.02M | Scene, ViewLayer | Synchronizing object | Layered shoulder fur.006
Fra:1 Mem:31.18M (Peak 31.18M) | Time:00:01.85 | Mem:0.02M, Peak:0.02M | Scene, ViewLayer | Synchronizing object | Layered shoulder fur.007
Fra:1 Mem:31.18M (Peak 31.18M) | Time:00:01.85 | Mem:0.02M, Peak:0.02M | Scene, ViewLayer | Synchronizing object | Layered shoulder fur.008
Fra:1 Mem:31.19M (Peak 31.19M) | Time:00:01.85 | Mem:0.02M, Peak:0.02M | Scene, ViewLayer | Synchronizing object | Wrist fur.006
Fra:1 Mem:31.21M (Peak 31.21M) | Time:00:01.86 | Mem:0.02M, Peak:0.02M | Scene, ViewLayer | Synchronizing object | Wrist fur.007
Fra:1 Mem:31.21M (Peak 31.21M) | Time:00:01.86 | Mem:0.02M, Peak:0.02M | Scene, ViewLayer | Synchronizing object | Wrist fur.008
Fra:1 Mem:31.22M (Peak 31.22M) | Time:00:01.86 | Mem:0.02M, Peak:0.02M | Scene, ViewLayer | Synchronizing object | Layered shoulder fur.009
Fra:1 Mem:31.22M (Peak 31.22M) | Time:00:01.93 | Mem:0.02M, Peak:0.02M | Scene, ViewLayer | Synchronizing object | Layered shoulder fur.010
Fra:1 Mem:31.23M (Peak 31.23M) | Time:00:01.96 | Mem:0.02M, Peak:0.02M | Scene, ViewLayer | Synchronizing object | Layered shoulder fur.011
Fra:1 Mem:31.23M (Peak 31.23M) | Time:00:01.99 | Mem:0.02M, Peak:0.02M | Scene, ViewLayer | Synchronizing object | Wrist fur.009
Fra:1 Mem:31.24M (Peak 31.24M) | Time:00:02.00 | Mem:0.02M, Peak:0.02M | Scene, ViewLayer | Synchronizing object | Wrist fur.010
Fra:1 Mem:31.24M (Peak 31.24M) | Time:00:02.00 | Mem:0.02M, Peak:0.02M | Scene, ViewLayer | Synchronizing object | Wrist fur.011
Fra:1 Mem:31.25M (Peak 31.25M) | Time:00:02.00 | Mem:0.02M, Peak:0.02M | Scene, ViewLayer | Synchronizing object | Articulated tail
Fra:1 Mem:31.27M (Peak 31.27M) | Time:00:02.00 | Mem:0.02M, Peak:0.02M | Scene, ViewLayer | Synchronizing object | Flame tail tuft
Fra:1 Mem:31.27M (Peak 31.27M) | Time:00:02.00 | Mem:0.02M, Peak:0.02M | Scene, ViewLayer | Synchronizing object | Flame tail tuft.001
Fra:1 Mem:31.28M (Peak 31.28M) | Time:00:02.04 | Mem:0.02M, Peak:0.02M | Scene, ViewLayer | Synchronizing object | Flame tail tuft.002
Fra:1 Mem:31.28M (Peak 31.28M) | Time:00:02.04 | Mem:0.02M, Peak:0.02M | Scene, ViewLayer | Synchronizing object | Flame tail tuft.004
Fra:1 Mem:31.28M (Peak 31.28M) | Time:00:02.04 | Mem:0.02M, Peak:0.02M | Scene, ViewLayer | Synchronizing object | Flame tail tuft.005
Fra:1 Mem:31.28M (Peak 31.28M) | Time:00:02.04 | Mem:0.02M, Peak:0.02M | Scene, ViewLayer | Synchronizing object | Flame tail tuft.006
Fra:1 Mem:31.29M (Peak 31.29M) | Time:00:02.04 | Mem:0.02M, Peak:0.02M | Scene, ViewLayer | Synchronizing object | Leather neckerchief roll
Fra:1 Mem:31.31M (Peak 31.31M) | Time:00:02.04 | Mem:0.02M, Peak:0.02M | Scene, ViewLayer | Synchronizing object | Neckerchief folded point
Fra:1 Mem:31.31M (Peak 31.31M) | Time:00:02.04 | Mem:0.02M, Peak:0.02M | Scene, ViewLayer | Synchronizing object | Brass crest clasp
Fra:1 Mem:31.33M (Peak 31.33M) | Time:00:02.04 | Mem:0.02M, Peak:0.02M | Scene, ViewLayer | Synchronizing object | Raised elemental crest
Fra:1 Mem:31.34M (Peak 31.34M) | Time:00:02.04 | Mem:0.02M, Peak:0.02M | Scene, ViewLayer | Synchronizing object | Upright body • connected joint topology
Fra:1 Mem:31.64M (Peak 31.64M) | Time:00:02.04 | Mem:0.02M, Peak:0.02M | Scene, ViewLayer | Synchronizing object | Hero continuous skull cheeks and muzzle
Fra:1 Mem:32.03M (Peak 32.03M) | Time:00:02.04 | Mem:0.02M, Peak:0.02M | Scene, ViewLayer | Synchronizing object | Hero feline nose plane
Fra:1 Mem:32.03M (Peak 32.03M) | Time:00:02.07 | Mem:0.02M, Peak:0.02M | Scene, ViewLayer | Synchronizing object | Flame tail tuft.003
Fra:1 Mem:32.19M (Peak 32.19M) | Time:00:02.14 | Mem:0.02M, Peak:0.02M | Scene, ViewLayer | Synchronizing object | Hero whisker pore.003
Fra:1 Mem:32.19M (Peak 32.19M) | Time:00:02.14 | Mem:0.02M, Peak:0.02M | Scene, ViewLayer | Synchronizing object | Hero whisker pore.004
Fra:1 Mem:32.19M (Peak 32.19M) | Time:00:02.14 | Mem:0.02M, Peak:0.02M | Scene, ViewLayer | Synchronizing object | Hero whisker pore.005
Fra:1 Mem:32.19M (Peak 32.19M) | Time:00:02.14 | Mem:0.02M, Peak:0.02M | Scene, ViewLayer | Synchronizing object | Hero whisker pore.006
Fra:1 Mem:32.19M (Peak 32.19M) | Time:00:02.14 | Mem:0.02M, Peak:0.02M | Scene, ViewLayer | Synchronizing object | Hero whisker pore.007
Fra:1 Mem:32.20M (Peak 32.20M) | Time:00:02.14 | Mem:0.02M, Peak:0.02M | Scene, ViewLayer | Synchronizing object | Hero whisker pore.008
Fra:1 Mem:32.20M (Peak 32.20M) | Time:00:02.14 | Mem:0.02M, Peak:0.02M | Scene, ViewLayer | Synchronizing object | Hero whisker pore.009
Fra:1 Mem:32.27M (Peak 32.27M) | Time:00:02.18 | Mem:0.02M, Peak:0.02M | Scene, ViewLayer | Synchronizing object | Hero whisker pore.010
Fra:1 Mem:32.27M (Peak 32.27M) | Time:00:02.18 | Mem:0.02M, Peak:0.02M | Scene, ViewLayer | Synchronizing object | Hero whisker pore.011
Fra:1 Mem:32.53M (Peak 32.53M) | Time:00:02.23 | Mem:0.02M, Peak:0.02M | Scene, ViewLayer | Synchronizing object | Hero whisker pore.013
Fra:1 Mem:32.54M (Peak 32.54M) | Time:00:02.26 | Mem:0.02M, Peak:0.02M | Scene, ViewLayer | Synchronizing object | Hero whisker pore.014
Fra:1 Mem:32.55M (Peak 32.55M) | Time:00:02.37 | Mem:0.02M, Peak:0.02M | Scene, ViewLayer | Synchronizing object | Hero whisker pore.015
Fra:1 Mem:32.55M (Peak 32.55M) | Time:00:02.37 | Mem:0.02M, Peak:0.02M | Scene, ViewLayer | Synchronizing object | Hero whisker pore.016
Fra:1 Mem:32.55M (Peak 32.55M) | Time:00:02.37 | Mem:0.02M, Peak:0.02M | Scene, ViewLayer | Synchronizing object | Hero whisker pore.017
Fra:1 Mem:32.55M (Peak 32.55M) | Time:00:02.37 | Mem:0.02M, Peak:0.02M | Scene, ViewLayer | Synchronizing object | Hero shaped mandible
Fra:1 Mem:32.57M (Peak 32.57M) | Time:00:02.37 | Mem:0.02M, Peak:0.02M | Scene, ViewLayer | Synchronizing object | Hero connected oral sleeve
Fra:1 Mem:32.58M (Peak 32.58M) | Time:00:02.37 | Mem:0.02M, Peak:0.02M | Scene, ViewLayer | Synchronizing object | Hero recessed almond eye -1
Fra:1 Mem:32.60M (Peak 32.60M) | Time:00:02.37 | Mem:0.02M, Peak:0.02M | Scene, ViewLayer | Synchronizing object | Hero amber iris -1
Fra:1 Mem:32.60M (Peak 32.60M) | Time:00:02.37 | Mem:0.02M, Peak:0.02M | Scene, ViewLayer | Synchronizing object | Hero vertical pupil -1
Fra:1 Mem:32.61M (Peak 32.61M) | Time:00:02.37 | Mem:0.02M, Peak:0.02M | Scene, ViewLayer | Synchronizing object | Hero small catchlight -1
Fra:1 Mem:32.61M (Peak 32.61M) | Time:00:02.37 | Mem:0.02M, Peak:0.02M | Scene, ViewLayer | Synchronizing object | Hero sculpted supraorbital brow -1
Fra:1 Mem:32.62M (Peak 32.62M) | Time:00:02.37 | Mem:0.02M, Peak:0.02M | Scene, ViewLayer | Synchronizing object | Hero cupped leonine ear -1
Fra:1 Mem:32.64M (Peak 32.64M) | Time:00:02.55 | Mem:0.02M, Peak:0.02M | Scene, ViewLayer | Synchronizing object | Hero recessed almond eye 1
Fra:1 Mem:32.64M (Peak 32.64M) | Time:00:02.63 | Mem:0.02M, Peak:0.02M | Scene, ViewLayer | Synchronizing object | Hero vertical pupil 1
Fra:1 Mem:32.66M (Peak 32.66M) | Time:00:02.63 | Mem:0.02M, Peak:0.02M | Scene, ViewLayer | Synchronizing object | Hero small catchlight 1
Fra:1 Mem:32.66M (Peak 32.66M) | Time:00:02.63 | Mem:0.02M, Peak:0.02M | Scene, ViewLayer | Synchronizing object | Hero sculpted supraorbital brow 1
Fra:1 Mem:32.67M (Peak 32.67M) | Time:00:02.63 | Mem:0.02M, Peak:0.02M | Scene, ViewLayer | Synchronizing object | Hero cupped leonine ear 1
Fra:1 Mem:32.69M (Peak 32.69M) | Time:00:02.63 | Mem:0.02M, Peak:0.02M | Scene, ViewLayer | Synchronizing object | Hero connected radial cheek and jaw ruff
Fra:1 Mem:32.95M (Peak 32.95M) | Time:00:02.63 | Mem:0.02M, Peak:0.02M | Scene, ViewLayer | Synchronizing object | Hero matched lighting.001
Fra:1 Mem:32.95M (Peak 32.95M) | Time:00:02.63 | Mem:0.02M, Peak:0.02M | Scene, ViewLayer | Synchronizing object | Hero matched lighting
Fra:1 Mem:32.95M (Peak 32.95M) | Time:00:02.63 | Mem:0.02M, Peak:0.02M | Scene, ViewLayer | Synchronizing object | Hero short swept crown.004
Fra:1 Mem:32.97M (Peak 32.97M) | Time:00:02.70 | Mem:0.02M, Peak:0.02M | Scene, ViewLayer | Synchronizing object | Hero authored sweeping ruff mass
Fra:1 Mem:32.97M (Peak 32.97M) | Time:00:02.71 | Mem:0.02M, Peak:0.02M | Scene, ViewLayer | Synchronizing object | Hero short swept crown.003
Fra:1 Mem:33.00M (Peak 33.00M) | Time:00:02.71 | Mem:0.02M, Peak:0.02M | Scene, ViewLayer | Synchronizing object | Hero short swept crown.002
Fra:1 Mem:33.01M (Peak 33.01M) | Time:00:02.71 | Mem:0.02M, Peak:0.02M | Scene, ViewLayer | Synchronizing object | Hero authored sweeping ruff mass.002
Fra:1 Mem:33.02M (Peak 33.02M) | Time:00:02.71 | Mem:0.02M, Peak:0.02M | Scene, ViewLayer | Synchronizing object | Hero short swept crown.001
Fra:1 Mem:33.08M (Peak 33.08M) | Time:00:02.71 | Mem:0.02M, Peak:0.02M | Scene, ViewLayer | Synchronizing object | Hero short swept crown
Fra:1 Mem:33.09M (Peak 33.09M) | Time:00:02.71 | Mem:0.02M, Peak:0.02M | Scene, ViewLayer | Synchronizing object | Hero restrained fire edge.001
Fra:1 Mem:33.12M (Peak 33.12M) | Time:00:02.71 | Mem:0.02M, Peak:0.02M | Scene, ViewLayer | Synchronizing object | Hero authored sweeping ruff mass.004
Fra:1 Mem:33.13M (Peak 33.13M) | Time:00:02.71 | Mem:0.02M, Peak:0.02M | Scene, ViewLayer | Synchronizing object | Hero short throat mass.002
Fra:1 Mem:33.15M (Peak 33.15M) | Time:00:02.71 | Mem:0.02M, Peak:0.02M | Scene, ViewLayer | Synchronizing object | Hero authored sweeping ruff mass.005
Fra:1 Mem:33.18M (Peak 33.18M) | Time:00:02.71 | Mem:0.02M, Peak:0.02M | Scene, ViewLayer | Synchronizing object | Hero restrained fire edge.002
Fra:1 Mem:33.20M (Peak 33.20M) | Time:00:02.71 | Mem:0.02M, Peak:0.02M | Scene, ViewLayer | Synchronizing object | Hero short throat mass.001
Fra:1 Mem:33.21M (Peak 33.21M) | Time:00:02.71 | Mem:0.02M, Peak:0.02M | Scene, ViewLayer | Synchronizing object | Hero authored sweeping ruff mass.006
Fra:1 Mem:33.22M (Peak 33.22M) | Time:00:02.71 | Mem:0.02M, Peak:0.02M | Scene, ViewLayer | Synchronizing object | Hero authored sweeping ruff mass.007
Fra:1 Mem:33.24M (Peak 33.24M) | Time:00:02.71 | Mem:0.02M, Peak:0.02M | Scene, ViewLayer | Synchronizing object | Hero short throat mass
Fra:1 Mem:33.27M (Peak 33.27M) | Time:00:02.71 | Mem:0.02M, Peak:0.02M | Scene, ViewLayer | Synchronizing object | Hero authored sweeping ruff mass.008
Fra:1 Mem:33.30M (Peak 33.30M) | Time:00:02.71 | Mem:0.02M, Peak:0.02M | Scene, ViewLayer | Synchronizing object | Hero authored sweeping ruff mass.009
Fra:1 Mem:33.36M (Peak 33.36M) | Time:00:02.71 | Mem:0.02M, Peak:0.02M | Scene, ViewLayer | Synchronizing object | Hero restrained fire edge.003
Fra:1 Mem:33.37M (Peak 33.37M) | Time:00:02.71 | Mem:0.02M, Peak:0.02M | Scene, ViewLayer | Synchronizing object | Hero authored sweeping ruff mass.016
Fra:1 Mem:33.39M (Peak 33.39M) | Time:00:02.71 | Mem:0.02M, Peak:0.02M | Scene, ViewLayer | Synchronizing object | Hero authored sweeping ruff mass.010
Fra:1 Mem:33.42M (Peak 33.42M) | Time:00:02.71 | Mem:0.02M, Peak:0.02M | Scene, ViewLayer | Synchronizing object | Hero authored sweeping ruff mass.015
Fra:1 Mem:33.44M (Peak 33.44M) | Time:00:02.71 | Mem:0.02M, Peak:0.02M | Scene, ViewLayer | Synchronizing object | Hero restrained fire edge.005
Fra:1 Mem:33.46M (Peak 33.46M) | Time:00:02.71 | Mem:0.02M, Peak:0.02M | Scene, ViewLayer | Synchronizing object | Hero authored sweeping ruff mass.014
Fra:1 Mem:33.47M (Peak 33.47M) | Time:00:02.71 | Mem:0.02M, Peak:0.02M | Scene, ViewLayer | Synchronizing object | Hero authored sweeping ruff mass.011
Fra:1 Mem:33.48M (Peak 33.48M) | Time:00:02.71 | Mem:0.02M, Peak:0.02M | Scene, ViewLayer | Synchronizing object | Hero authored sweeping ruff mass.012
Fra:1 Mem:33.53M (Peak 33.53M) | Time:00:02.74 | Mem:0.02M, Peak:0.02M | Scene, ViewLayer | Synchronizing object | Hero authored sweeping ruff mass.013
Fra:1 Mem:33.55M (Peak 33.55M) | Time:00:02.74 | Mem:0.02M, Peak:0.02M | Scene, ViewLayer | Synchronizing object | Hero restrained fire edge.004
Fra:1 Mem:33.79M (Peak 33.79M) | Time:00:02.83 | Mem:0.02M, Peak:0.02M | Scene, ViewLayer | Initializing
Fra:1 Mem:31.41M (Peak 33.79M) | Time:00:03.01 | Mem:0.02M, Peak:0.02M | Scene, ViewLayer | Updating Images | Loading Authored short-fur normal
Fra:1 Mem:26.73M (Peak 33.79M) | Time:00:03.98 | Mem:0.27M, Peak:0.27M | Scene, ViewLayer | Waiting for render to start
Fra:1 Mem:26.73M (Peak 33.79M) | Time:00:03.98 | Mem:0.27M, Peak:0.27M | Scene, ViewLayer | Updating Scene
Fra:1 Mem:26.73M (Peak 33.79M) | Time:00:03.98 | Mem:0.27M, Peak:0.27M | Scene, ViewLayer | Updating Shaders
Fra:1 Mem:26.73M (Peak 33.79M) | Time:00:03.98 | Mem:0.27M, Peak:0.27M | Scene, ViewLayer | Loading render kernels (may take a few minutes the first time)
Fra:1 Mem:26.81M (Peak 33.79M) | Time:00:19.19 | Mem:0.28M, Peak:0.28M | Scene, ViewLayer | Updating Procedurals
Fra:1 Mem:26.81M (Peak 33.79M) | Time:00:19.19 | Mem:0.28M, Peak:0.28M | Scene, ViewLayer | Updating Background
Fra:1 Mem:26.81M (Peak 33.79M) | Time:00:19.19 | Mem:0.28M, Peak:0.28M | Scene, ViewLayer | Updating Camera
Fra:1 Mem:26.81M (Peak 33.79M) | Time:00:19.19 | Mem:0.28M, Peak:0.28M | Scene, ViewLayer | Updating Meshes Flags
Fra:1 Mem:26.81M (Peak 33.79M) | Time:00:19.19 | Mem:0.28M, Peak:0.28M | Scene, ViewLayer | Updating Objects
Fra:1 Mem:26.81M (Peak 33.79M) | Time:00:19.19 | Mem:0.28M, Peak:0.28M | Scene, ViewLayer | Updating Objects | Copying Transformations to device
Fra:1 Mem:26.81M (Peak 33.79M) | Time:00:19.43 | Mem:0.31M, Peak:0.31M | Scene, ViewLayer | Updating Particle Systems
Fra:1 Mem:26.81M (Peak 33.79M) | Time:00:19.43 | Mem:0.31M, Peak:0.31M | Scene, ViewLayer | Updating Particle Systems | Copying Particles to device
Fra:1 Mem:26.81M (Peak 33.79M) | Time:00:19.43 | Mem:0.31M, Peak:0.31M | Scene, ViewLayer | Updating Meshes
Fra:1 Mem:28.49M (Peak 33.79M) | Time:00:21.01 | Mem:0.31M, Peak:0.31M | Scene, ViewLayer | Updating Objects | Applying Static Transformations
Fra:1 Mem:28.49M (Peak 33.79M) | Time:00:21.10 | Mem:0.31M, Peak:0.31M | Scene, ViewLayer | Updating Mesh | Computing attributes
Fra:1 Mem:30.92M (Peak 33.79M) | Time:00:21.11 | Mem:0.34M, Peak:0.34M | Scene, ViewLayer | Updating Mesh | Copying Attributes to device

Sent an internal break event. Press ^C again to kill Blender
Fra:1 Mem:28.49M (Peak 33.79M) | Time:00:36.03 | Mem:2.78M, Peak:2.78M | Scene, ViewLayer | Updating Device | Writing constant memory
Fra:1 Mem:28.49M (Peak 33.79M) | Time:00:37.05 | Mem:2.78M, Peak:2.78M | Scene, ViewLayer | Loading denoising kernels (may take a few minutes the first time)
Fra:1 Mem:28.50M (Peak 60.50M) | Time:00:39.36 | Mem:2818.79M, Peak:2818.79M | Scene, ViewLayer | Sample 0/12 (Using optimized kernels)
Fra:1 Mem:58.17M (Peak 60.50M) | Time:00:39.44 | Mem:2818.80M, Peak:2818.80M | Scene, ViewLayer | Cancelled
HERO_PREVIEW upright candidate
