Blender 4.5.9 LTS (hash 8bf95cbd38d1 built 2026-04-21 01:30:46)
Read blend: "/Users/chikumatsuboi/Code/animal-racers-western/assets/source/western/unicorn.blend"
Fra:1 Mem:28.73M (Peak 28.73M) | Time:00:00.01 | Mem:0.02M, Peak:0.02M | Scene, ViewLayer | Synchronizing object | Body • continuous sculpted skin
Fra:1 Mem:28.73M (Peak 28.73M) | Time:00:00.01 | Mem:0.02M, Peak:0.02M | Scene, ViewLayer | Synchronizing object | Bronzed hoof.001
Fra:1 Mem:28.73M (Peak 28.73M) | Time:00:00.01 | Mem:0.02M, Peak:0.02M | Scene, ViewLayer | Synchronizing object | Hoof cleft.002
Fra:1 Mem:29.01M (Peak 29.01M) | Time:00:00.01 | Mem:0.02M, Peak:0.02M | Scene, ViewLayer | Synchronizing object | Bronzed hoof.003
Fra:1 Mem:29.03M (Peak 29.03M) | Time:00:00.01 | Mem:0.02M, Peak:0.02M | Scene, ViewLayer | Synchronizing object | Velvet muzzle
Fra:1 Mem:29.03M (Peak 29.03M) | Time:00:00.01 | Mem:0.02M, Peak:0.02M | Scene, ViewLayer | Synchronizing object | Nostril
Fra:1 Mem:29.05M (Peak 29.05M) | Time:00:00.01 | Mem:0.02M, Peak:0.02M | Scene, ViewLayer | Synchronizing object | Nostril.001
Fra:1 Mem:29.11M (Peak 29.11M) | Time:00:00.01 | Mem:0.02M, Peak:0.02M | Scene, ViewLayer | Synchronizing object | Eye socket
Fra:1 Mem:29.21M (Peak 29.21M) | Time:00:00.01 | Mem:0.02M, Peak:0.02M | Scene, ViewLayer | Synchronizing object | Ivory eye
Fra:1 Mem:29.42M (Peak 29.42M) | Time:00:00.01 | Mem:0.02M, Peak:0.02M | Scene, ViewLayer | Synchronizing object | Iris
Fra:1 Mem:29.51M (Peak 29.51M) | Time:00:00.01 | Mem:0.02M, Peak:0.02M | Scene, ViewLayer | Synchronizing object | Pupil
Fra:1 Mem:29.69M (Peak 29.69M) | Time:00:00.01 | Mem:0.02M, Peak:0.02M | Scene, ViewLayer | Synchronizing object | Eye glint
Fra:1 Mem:29.82M (Peak 29.82M) | Time:00:00.01 | Mem:0.02M, Peak:0.02M | Scene, ViewLayer | Synchronizing object | Expressive brow
Fra:1 Mem:29.80M (Peak 29.82M) | Time:00:00.01 | Mem:0.02M, Peak:0.02M | Scene, ViewLayer | Synchronizing object | Iris.001
Fra:1 Mem:29.80M (Peak 29.82M) | Time:00:00.01 | Mem:0.02M, Peak:0.02M | Scene, ViewLayer | Synchronizing object | Pupil.001
Fra:1 Mem:29.86M (Peak 29.86M) | Time:00:00.01 | Mem:0.02M, Peak:0.02M | Scene, ViewLayer | Synchronizing object | Eye glint.001
Fra:1 Mem:29.90M (Peak 29.90M) | Time:00:00.01 | Mem:0.02M, Peak:0.02M | Scene, ViewLayer | Synchronizing object | Expressive brow.001
Fra:1 Mem:29.93M (Peak 29.93M) | Time:00:00.01 | Mem:0.02M, Peak:0.02M | Scene, ViewLayer | Synchronizing object | Sky fill
Fra:1 Mem:29.92M (Peak 29.93M) | Time:00:00.01 | Mem:0.02M, Peak:0.02M | Scene, ViewLayer | Synchronizing object | Lower jaw
Fra:1 Mem:29.93M (Peak 29.93M) | Time:00:00.01 | Mem:0.02M, Peak:0.02M | Scene, ViewLayer | Synchronizing object | Pointed species ear
Fra:1 Mem:30.01M (Peak 30.01M) | Time:00:00.01 | Mem:0.02M, Peak:0.02M | Scene, ViewLayer | Synchronizing object | Inner ear
Fra:1 Mem:30.04M (Peak 30.04M) | Time:00:00.01 | Mem:0.02M, Peak:0.02M | Scene, ViewLayer | Synchronizing object | Inner ear.001
Fra:1 Mem:30.04M (Peak 30.04M) | Time:00:00.01 | Mem:0.02M, Peak:0.02M | Scene, ViewLayer | Synchronizing object | Plane
Fra:1 Mem:30.04M (Peak 30.04M) | Time:00:00.01 | Mem:0.02M, Peak:0.02M | Scene, ViewLayer | Synchronizing object | Raised elemental crest
Fra:1 Mem:30.05M (Peak 30.05M) | Time:00:00.01 | Mem:0.02M, Peak:0.02M | Scene, ViewLayer | Synchronizing object | Brass crest clasp
Fra:1 Mem:30.05M (Peak 30.05M) | Time:00:00.01 | Mem:0.02M, Peak:0.02M | Scene, ViewLayer | Synchronizing object | Ribbon mane
Fra:1 Mem:30.07M (Peak 30.07M) | Time:00:00.01 | Mem:0.02M, Peak:0.02M | Scene, ViewLayer | Synchronizing object | Rainbow swept forelock.001
Fra:1 Mem:30.08M (Peak 30.08M) | Time:00:00.01 | Mem:0.02M, Peak:0.02M | Scene, ViewLayer | Synchronizing object | Neckerchief folded point
Fra:1 Mem:30.08M (Peak 30.08M) | Time:00:00.01 | Mem:0.02M, Peak:0.02M | Scene, ViewLayer | Synchronizing object | Ribbon mane.001
Fra:1 Mem:30.09M (Peak 30.09M) | Time:00:00.01 | Mem:0.02M, Peak:0.02M | Scene, ViewLayer | Synchronizing object | Leather neckerchief roll
Fra:1 Mem:30.09M (Peak 30.09M) | Time:00:00.01 | Mem:0.02M, Peak:0.02M | Scene, ViewLayer | Synchronizing object | Rainbow swept forelock.002
Fra:1 Mem:30.09M (Peak 30.09M) | Time:00:00.01 | Mem:0.02M, Peak:0.02M | Scene, ViewLayer | Synchronizing object | Rainbow tail ribbon.006
Fra:1 Mem:30.10M (Peak 30.10M) | Time:00:00.01 | Mem:0.02M, Peak:0.02M | Scene, ViewLayer | Synchronizing object | Rainbow swept forelock.003
Fra:1 Mem:30.12M (Peak 30.12M) | Time:00:00.01 | Mem:0.02M, Peak:0.02M | Scene, ViewLayer | Synchronizing object | Ribbon mane.003
Fra:1 Mem:30.11M (Peak 30.12M) | Time:00:00.01 | Mem:0.02M, Peak:0.02M | Scene, ViewLayer | Synchronizing object | Rainbow swept forelock.004
Fra:1 Mem:30.11M (Peak 30.12M) | Time:00:00.01 | Mem:0.02M, Peak:0.02M | Scene, ViewLayer | Synchronizing object | Ribbon mane.004
Fra:1 Mem:30.12M (Peak 30.12M) | Time:00:00.01 | Mem:0.02M, Peak:0.02M | Scene, ViewLayer | Synchronizing object | Rainbow swept forelock.005
Fra:1 Mem:30.14M (Peak 30.14M) | Time:00:00.01 | Mem:0.02M, Peak:0.02M | Scene, ViewLayer | Synchronizing object | Rainbow swept forelock.006
Fra:1 Mem:30.13M (Peak 30.14M) | Time:00:00.01 | Mem:0.02M, Peak:0.02M | Scene, ViewLayer | Synchronizing object | Rainbow tail ribbon.005
Fra:1 Mem:30.14M (Peak 30.14M) | Time:00:00.01 | Mem:0.02M, Peak:0.02M | Scene, ViewLayer | Synchronizing object | Ribbon mane.006
Fra:1 Mem:30.14M (Peak 30.14M) | Time:00:00.01 | Mem:0.02M, Peak:0.02M | Scene, ViewLayer | Synchronizing object | Golden unicorn horn
Fra:1 Mem:30.15M (Peak 30.15M) | Time:00:00.01 | Mem:0.02M, Peak:0.02M | Scene, ViewLayer | Synchronizing object | Fetlock feather
Fra:1 Mem:30.15M (Peak 30.15M) | Time:00:00.01 | Mem:0.02M, Peak:0.02M | Scene, ViewLayer | Synchronizing object | Fetlock feather.003
Fra:1 Mem:30.17M (Peak 30.17M) | Time:00:00.01 | Mem:0.02M, Peak:0.02M | Scene, ViewLayer | Synchronizing object | Rainbow tail ribbon.004
Fra:1 Mem:30.18M (Peak 30.18M) | Time:00:00.01 | Mem:0.02M, Peak:0.02M | Scene, ViewLayer | Synchronizing object | Fetlock feather.005
Fra:1 Mem:30.23M (Peak 30.23M) | Time:00:00.01 | Mem:0.02M, Peak:0.02M | Scene, ViewLayer | Synchronizing object | Fetlock feather.006
Fra:1 Mem:30.22M (Peak 30.23M) | Time:00:00.01 | Mem:0.02M, Peak:0.02M | Scene, ViewLayer | Synchronizing object | Fetlock feather.007
Fra:1 Mem:30.23M (Peak 30.23M) | Time:00:00.01 | Mem:0.02M, Peak:0.02M | Scene, ViewLayer | Synchronizing object | Fetlock feather.008
Fra:1 Mem:30.23M (Peak 30.23M) | Time:00:00.01 | Mem:0.02M, Peak:0.02M | Scene, ViewLayer | Synchronizing object | Fetlock feather.009
Fra:1 Mem:30.25M (Peak 30.25M) | Time:00:00.01 | Mem:0.02M, Peak:0.02M | Scene, ViewLayer | Synchronizing object | Fetlock feather.011
Fra:1 Mem:30.26M (Peak 30.26M) | Time:00:00.01 | Mem:0.02M, Peak:0.02M | Scene, ViewLayer | Synchronizing object | Fetlock feather.012
Fra:1 Mem:30.25M (Peak 30.26M) | Time:00:00.01 | Mem:0.02M, Peak:0.02M | Scene, ViewLayer | Synchronizing object | Fetlock feather.013
Fra:1 Mem:30.26M (Peak 30.26M) | Time:00:00.01 | Mem:0.02M, Peak:0.02M | Scene, ViewLayer | Synchronizing object | Fetlock feather.014
Fra:1 Mem:30.26M (Peak 30.26M) | Time:00:00.01 | Mem:0.02M, Peak:0.02M | Scene, ViewLayer | Synchronizing object | Fetlock feather.015
Fra:1 Mem:30.27M (Peak 30.27M) | Time:00:00.01 | Mem:0.02M, Peak:0.02M | Scene, ViewLayer | Synchronizing object | Fetlock feather.017
Fra:1 Mem:30.28M (Peak 30.28M) | Time:00:00.01 | Mem:0.02M, Peak:0.02M | Scene, ViewLayer | Synchronizing object | Fetlock feather.018
Fra:1 Mem:30.28M (Peak 30.28M) | Time:00:00.01 | Mem:0.02M, Peak:0.02M | Scene, ViewLayer | Synchronizing object | Fetlock feather.019
Fra:1 Mem:30.29M (Peak 30.29M) | Time:00:00.01 | Mem:0.02M, Peak:0.02M | Scene, ViewLayer | Synchronizing object | Articulated tail
Fra:1 Mem:30.29M (Peak 30.29M) | Time:00:00.01 | Mem:0.02M, Peak:0.02M | Scene, ViewLayer | Synchronizing object | Rainbow tail ribbon
Fra:1 Mem:30.32M (Peak 30.32M) | Time:00:00.01 | Mem:0.02M, Peak:0.02M | Scene, ViewLayer | Synchronizing object | Rainbow tail ribbon.001
Fra:1 Mem:30.32M (Peak 30.32M) | Time:00:00.01 | Mem:0.02M, Peak:0.02M | Scene, ViewLayer | Synchronizing object | Rainbow tail ribbon.002
Fra:1 Mem:30.33M (Peak 30.33M) | Time:00:00.01 | Mem:0.02M, Peak:0.02M | Scene, ViewLayer | Synchronizing object | Rainbow tail ribbon.003
Fra:1 Mem:30.36M (Peak 30.36M) | Time:00:00.01 | Mem:0.02M, Peak:0.02M | Scene, ViewLayer | Initializing
Fra:1 Mem:28.95M (Peak 30.36M) | Time:00:00.02 | Mem:0.02M, Peak:0.02M | Scene, ViewLayer | Updating Images | Loading Authored short-fur normal
Fra:1 Mem:25.12M (Peak 30.36M) | Time:00:00.05 | Mem:0.27M, Peak:0.27M | Scene, ViewLayer | Waiting for render to start
Fra:1 Mem:25.12M (Peak 30.36M) | Time:00:00.05 | Mem:0.27M, Peak:0.27M | Scene, ViewLayer | Updating Scene
Fra:1 Mem:25.12M (Peak 30.36M) | Time:00:00.05 | Mem:0.27M, Peak:0.27M | Scene, ViewLayer | Updating Shaders
Fra:1 Mem:25.13M (Peak 30.36M) | Time:00:00.05 | Mem:0.27M, Peak:0.27M | Scene, ViewLayer | Loading render kernels (may take a few minutes the first time)
Fra:1 Mem:25.21M (Peak 30.36M) | Time:00:00.15 | Mem:0.29M, Peak:0.29M | Scene, ViewLayer | Updating Procedurals
Fra:1 Mem:25.21M (Peak 30.36M) | Time:00:00.15 | Mem:0.29M, Peak:0.29M | Scene, ViewLayer | Updating Background
Fra:1 Mem:25.21M (Peak 30.36M) | Time:00:00.15 | Mem:0.29M, Peak:0.29M | Scene, ViewLayer | Updating Camera
Fra:1 Mem:25.21M (Peak 30.36M) | Time:00:00.15 | Mem:0.29M, Peak:0.29M | Scene, ViewLayer | Updating Meshes Flags
Fra:1 Mem:25.21M (Peak 30.36M) | Time:00:00.15 | Mem:0.29M, Peak:0.29M | Scene, ViewLayer | Updating Objects
Fra:1 Mem:25.21M (Peak 30.36M) | Time:00:00.15 | Mem:0.29M, Peak:0.29M | Scene, ViewLayer | Updating Objects | Copying Transformations to device
Fra:1 Mem:25.21M (Peak 30.36M) | Time:00:00.15 | Mem:0.32M, Peak:0.32M | Scene, ViewLayer | Updating Particle Systems
Fra:1 Mem:25.21M (Peak 30.36M) | Time:00:00.15 | Mem:0.32M, Peak:0.32M | Scene, ViewLayer | Updating Particle Systems | Copying Particles to device
Fra:1 Mem:25.21M (Peak 30.36M) | Time:00:00.15 | Mem:0.32M, Peak:0.32M | Scene, ViewLayer | Updating Meshes
Fra:1 Mem:25.80M (Peak 30.36M) | Time:00:00.17 | Mem:0.32M, Peak:0.32M | Scene, ViewLayer | Updating Objects | Applying Static Transformations
Fra:1 Mem:25.80M (Peak 30.36M) | Time:00:00.17 | Mem:0.32M, Peak:0.32M | Scene, ViewLayer | Updating Mesh | Computing attributes
Fra:1 Mem:26.66M (Peak 30.36M) | Time:00:00.17 | Mem:0.33M, Peak:0.33M | Scene, ViewLayer | Updating Mesh | Copying Attributes to device
Fra:1 Mem:25.80M (Peak 30.36M) | Time:00:00.55 | Mem:1.22M, Peak:1.22M | Scene, ViewLayer | Updating Geometry BVH light 86/85 | Building BVH
Fra:1 Mem:25.80M (Peak 30.36M) | Time:00:00.55 | Mem:1.22M, Peak:1.22M | Scene, ViewLayer | Updating Geometry BVH Bronzed hoof.001 5/85 | Building BVH
Fra:1 Mem:25.80M (Peak 30.36M) | Time:00:00.55 | Mem:1.22M, Peak:1.22M | Scene, ViewLayer | Updating Geometry BVH Hoof cleft.002 8/85 | Building BVH
Fra:1 Mem:25.80M (Peak 30.36M) | Time:00:00.55 | Mem:1.22M, Peak:1.22M | Scene, ViewLayer | Updating Geometry BVH Hoof cleft.002 8/85 | Building mesh BLAS |      44 tris | Hoof cleft.002
Fra:1 Mem:25.80M (Peak 30.36M) | Time:00:00.55 | Mem:1.22M, Peak:1.22M | Scene, ViewLayer | Updating Geometry BVH Sky fill 84/85 | Building mesh BLAS |      44 tris | Hoof cleft
Fra:1 Mem:25.80M (Peak 30.36M) | Time:00:00.55 | Mem:1.22M, Peak:1.22M | Scene, ViewLayer | Updating Geometry BVH Sky fill 84/85 | Building mesh BLAS |      92 tris | Bronzed hoof.001
Fra:1 Mem:25.80M (Peak 30.36M) | Time:00:00.55 | Mem:1.22M, Peak:1.22M | Scene, ViewLayer | Updating Geometry BVH Sky fill 84/85 | Building mesh BLAS |      44 tris | Hoof cleft.001
Fra:1 Mem:25.80M (Peak 30.36M) | Time:00:00.55 | Mem:1.22M, Peak:1.22M | Scene, ViewLayer | Updating Geometry BVH Sky fill 84/85 | Building mesh BLAS |      92 tris | Bronzed hoof.002
Fra:1 Mem:25.80M (Peak 30.36M) | Time:00:00.55 | Mem:1.22M, Peak:1.22M | Scene, ViewLayer | Updating Geometry BVH Sky fill 84/85 | Building mesh BLAS |      92 tris | Bronzed hoof
Fra:1 Mem:25.80M (Peak 30.36M) | Time:00:00.55 | Mem:1.22M, Peak:1.22M | Scene, ViewLayer | Updating Geometry BVH Sky fill 84/85 | Building mesh BLAS |    4170 tris | ribcage.002
Fra:1 Mem:25.80M (Peak 30.36M) | Time:00:00.55 | Mem:1.22M, Peak:1.22M | Scene, ViewLayer | Updating Geometry BVH Sunset key 83/85 | Building BVH
Fra:1 Mem:25.80M (Peak 30.36M) | Time:00:00.55 | Mem:1.22M, Peak:1.22M | Scene, ViewLayer | Updating Geometry BVH Plane 82/85 | Building BVH
Fra:1 Mem:25.80M (Peak 30.36M) | Time:00:00.55 | Mem:1.22M, Peak:1.22M | Scene, ViewLayer | Updating Geometry BVH Plane 82/85 | Building mesh BLAS |       2 tris | Plane
Fra:1 Mem:25.80M (Peak 30.36M) | Time:00:00.55 | Mem:1.22M, Peak:1.22M | Scene, ViewLayer | Updating Geometry BVH Bronzed hoof.003 9/85 | Building BVH
Fra:1 Mem:25.80M (Peak 30.36M) | Time:00:00.55 | Mem:1.22M, Peak:1.22M | Scene, ViewLayer | Updating Geometry BVH Bronzed hoof.003 9/85 | Building mesh BLAS |      92 tris | Bronzed hoof.003
Fra:1 Mem:25.80M (Peak 30.36M) | Time:00:00.55 | Mem:1.22M, Peak:1.22M | Scene, ViewLayer | Updating Geometry BVH Skull.002 11/85 | Building BVH
Fra:1 Mem:25.80M (Peak 30.36M) | Time:00:00.55 | Mem:1.22M, Peak:1.22M | Scene, ViewLayer | Updating Geometry BVH Skull.002 11/85 | Building mesh BLAS |    3088 tris | Skull.002
Fra:1 Mem:25.80M (Peak 30.36M) | Time:00:00.55 | Mem:1.22M, Peak:1.22M | Scene, ViewLayer | Updating Geometry BVH Velvet muzzle 12/85 | Building BVH
Fra:1 Mem:25.80M (Peak 30.36M) | Time:00:00.55 | Mem:1.22M, Peak:1.22M | Scene, ViewLayer | Updating Geometry BVH Nostril 13/85 | Building BVH
Fra:1 Mem:25.80M (Peak 30.36M) | Time:00:00.55 | Mem:1.22M, Peak:1.22M | Scene, ViewLayer | Updating Geometry BVH Nostril 13/85 | Building mesh BLAS |     320 tris | Nostril
Fra:1 Mem:25.80M (Peak 30.36M) | Time:00:00.55 | Mem:1.22M, Peak:1.22M | Scene, ViewLayer | Updating Geometry BVH Nostril 13/85 | Building mesh BLAS |      44 tris | Hoof cleft.003
Fra:1 Mem:25.80M (Peak 30.36M) | Time:00:00.55 | Mem:1.22M, Peak:1.22M | Scene, ViewLayer | Updating Geometry BVH Nostril.001 14/85 | Building BVH
Fra:1 Mem:25.80M (Peak 30.36M) | Time:00:00.55 | Mem:1.22M, Peak:1.22M | Scene, ViewLayer | Updating Geometry BVH Nostril.001 14/85 | Building mesh BLAS |     320 tris | Nostril.001
Fra:1 Mem:25.80M (Peak 30.36M) | Time:00:00.55 | Mem:1.22M, Peak:1.22M | Scene, ViewLayer | Updating Geometry BVH Eye socket.004 15/85 | Building BVH
Fra:1 Mem:25.80M (Peak 30.36M) | Time:00:00.55 | Mem:1.22M, Peak:1.22M | Scene, ViewLayer | Updating Geometry BVH Ivory eye.004 16/85 | Building BVH
Fra:1 Mem:25.80M (Peak 30.36M) | Time:00:00.55 | Mem:1.22M, Peak:1.22M | Scene, ViewLayer | Updating Geometry BVH Ivory eye.004 16/85 | Building mesh BLAS |     480 tris | Eye socket.004
Fra:1 Mem:25.80M (Peak 30.36M) | Time:00:00.55 | Mem:1.22M, Peak:1.22M | Scene, ViewLayer | Updating Geometry BVH Iris.004 17/85 | Building BVH
Fra:1 Mem:25.80M (Peak 30.36M) | Time:00:00.55 | Mem:1.22M, Peak:1.22M | Scene, ViewLayer | Updating Geometry BVH Iris.004 17/85 | Building mesh BLAS |     480 tris | Iris.004
Fra:1 Mem:25.80M (Peak 30.36M) | Time:00:00.55 | Mem:1.22M, Peak:1.22M | Scene, ViewLayer | Updating Geometry BVH Pupil.004 18/85 | Building BVH
Fra:1 Mem:25.80M (Peak 30.36M) | Time:00:00.55 | Mem:1.22M, Peak:1.22M | Scene, ViewLayer | Updating Geometry BVH Pupil.004 18/85 | Building mesh BLAS |     320 tris | Pupil.004
Fra:1 Mem:25.80M (Peak 30.36M) | Time:00:00.55 | Mem:1.22M, Peak:1.22M | Scene, ViewLayer | Updating Geometry BVH Pupil.004 18/85 | Building mesh BLAS |     480 tris | Velvet muzzle
Fra:1 Mem:25.80M (Peak 30.36M) | Time:00:00.55 | Mem:1.22M, Peak:1.22M | Scene, ViewLayer | Updating Geometry BVH Eye glint.004 19/85 | Building BVH
Fra:1 Mem:25.80M (Peak 30.36M) | Time:00:00.55 | Mem:1.22M, Peak:1.22M | Scene, ViewLayer | Updating Geometry BVH Eye glint.004 19/85 | Building mesh BLAS |     192 tris | Eye glint.004
Fra:1 Mem:25.80M (Peak 30.36M) | Time:00:00.55 | Mem:1.22M, Peak:1.22M | Scene, ViewLayer | Updating Geometry BVH Expressive brow.004 20/85 | Building BVH
Fra:1 Mem:25.80M (Peak 30.36M) | Time:00:00.55 | Mem:1.22M, Peak:1.22M | Scene, ViewLayer | Updating Geometry BVH Expressive brow.004 20/85 | Building mesh BLAS |      44 tris | Expressive brow.004
Fra:1 Mem:25.80M (Peak 30.36M) | Time:00:00.55 | Mem:1.22M, Peak:1.22M | Scene, ViewLayer | Updating Geometry BVH Smiling mouth.004 21/85 | Building BVH
Fra:1 Mem:25.80M (Peak 30.36M) | Time:00:00.55 | Mem:1.22M, Peak:1.22M | Scene, ViewLayer | Updating Geometry BVH Smiling mouth.004 21/85 | Building mesh BLAS |      32 tris | Smiling mouth.004
Fra:1 Mem:25.80M (Peak 30.36M) | Time:00:00.55 | Mem:1.22M, Peak:1.22M | Scene, ViewLayer | Updating Geometry BVH Eye socket.005 22/85 | Building BVH
Fra:1 Mem:25.80M (Peak 30.36M) | Time:00:00.55 | Mem:1.22M, Peak:1.22M | Scene, ViewLayer | Updating Geometry BVH Eye socket.005 22/85 | Building mesh BLAS |     480 tris | Eye socket.005
Fra:1 Mem:25.80M (Peak 30.36M) | Time:00:00.55 | Mem:1.22M, Peak:1.22M | Scene, ViewLayer | Updating Geometry BVH Ivory eye.005 23/85 | Building BVH
Fra:1 Mem:25.80M (Peak 30.36M) | Time:00:00.55 | Mem:1.22M, Peak:1.22M | Scene, ViewLayer | Updating Geometry BVH Ivory eye.005 23/85 | Building mesh BLAS |     480 tris | Ivory eye.005
Fra:1 Mem:25.80M (Peak 30.36M) | Time:00:00.55 | Mem:1.22M, Peak:1.22M | Scene, ViewLayer | Updating Geometry BVH Iris.005 24/85 | Building BVH
Fra:1 Mem:25.80M (Peak 30.36M) | Time:00:00.55 | Mem:1.22M, Peak:1.22M | Scene, ViewLayer | Updating Geometry BVH Iris.005 24/85 | Building mesh BLAS |     480 tris | Iris.005
Fra:1 Mem:25.80M (Peak 30.36M) | Time:00:00.55 | Mem:1.22M, Peak:1.22M | Scene, ViewLayer | Updating Geometry BVH Pupil.005 25/85 | Building BVH
Fra:1 Mem:25.80M (Peak 30.36M) | Time:00:00.55 | Mem:1.22M, Peak:1.22M | Scene, ViewLayer | Updating Geometry BVH Pupil.005 25/85 | Building mesh BLAS |     320 tris | Pupil.005
Fra:1 Mem:25.80M (Peak 30.36M) | Time:00:00.55 | Mem:1.22M, Peak:1.22M | Scene, ViewLayer | Updating Geometry BVH Eye glint.005 26/85 | Building BVH
Fra:1 Mem:25.80M (Peak 30.36M) | Time:00:00.55 | Mem:1.22M, Peak:1.22M | Scene, ViewLayer | Updating Geometry BVH Expressive brow.005 27/85 | Building BVH
Fra:1 Mem:25.80M (Peak 30.36M) | Time:00:00.55 | Mem:1.22M, Peak:1.22M | Scene, ViewLayer | Updating Geometry BVH Expressive brow.005 27/85 | Building mesh BLAS |     192 tris | Eye glint.005
Fra:1 Mem:25.80M (Peak 30.36M) | Time:00:00.55 | Mem:1.22M, Peak:1.22M | Scene, ViewLayer | Updating Geometry BVH Expressive brow.005 27/85 | Building mesh BLAS |      44 tris | Expressive brow.005
Fra:1 Mem:25.80M (Peak 30.36M) | Time:00:00.55 | Mem:1.22M, Peak:1.22M | Scene, ViewLayer | Updating Geometry BVH Smiling mouth.005 28/85 | Building BVH
Fra:1 Mem:25.80M (Peak 30.36M) | Time:00:00.55 | Mem:1.22M, Peak:1.22M | Scene, ViewLayer | Updating Geometry BVH Pointed species ear.003 32/85 | Building mesh BLAS |      32 tris | Smiling mouth.005
Fra:1 Mem:25.80M (Peak 30.36M) | Time:00:00.55 | Mem:1.22M, Peak:1.22M | Scene, ViewLayer | Updating Geometry BVH Inner ear.003 33/85 | Building mesh BLAS |     400 tris | Lower jaw.002
Fra:1 Mem:25.80M (Peak 30.36M) | Time:00:00.56 | Mem:1.22M, Peak:1.22M | Scene, ViewLayer | Updating Geometry BVH Rainbow swept forelock 34/85 | Building BVH
Fra:1 Mem:25.80M (Peak 30.36M) | Time:00:00.56 | Mem:1.22M, Peak:1.22M | Scene, ViewLayer | Updating Geometry BVH Rainbow swept forelock 34/85 | Building mesh BLAS |      60 tris | Rainbow swept forelock
Fra:1 Mem:25.80M (Peak 30.36M) | Time:00:00.56 | Mem:1.22M, Peak:1.22M | Scene, ViewLayer | Updating Geometry BVH Ribbon mane 35/85 | Building BVH
Fra:1 Mem:25.80M (Peak 30.36M) | Time:00:00.56 | Mem:1.22M, Peak:1.22M | Scene, ViewLayer | Updating Geometry BVH Ribbon mane 35/85 | Building mesh BLAS |      60 tris | Ribbon mane
Fra:1 Mem:25.80M (Peak 30.36M) | Time:00:00.56 | Mem:1.22M, Peak:1.22M | Scene, ViewLayer | Updating Geometry BVH Rainbow swept forelock.001 36/85 | Building BVH
Fra:1 Mem:25.80M (Peak 30.36M) | Time:00:00.57 | Mem:1.22M, Peak:1.22M | Scene, ViewLayer | Updating Geometry BVH Rainbow swept forelock.001 36/85 | Building mesh BLAS |      60 tris | Rainbow swept forelock.001
Fra:1 Mem:25.80M (Peak 30.36M) | Time:00:00.57 | Mem:1.22M, Peak:1.22M | Scene, ViewLayer | Updating Geometry BVH Ribbon mane.001 37/85 | Building mesh BLAS |       3 tris | Inner ear.002
Fra:1 Mem:25.80M (Peak 30.36M) | Time:00:00.57 | Mem:1.42M, Peak:1.42M | Scene, ViewLayer | Updating Geometry BVH Rainbow swept forelock.002 38/85 | Building BVH
Fra:1 Mem:25.80M (Peak 30.36M) | Time:00:00.57 | Mem:1.42M, Peak:1.42M | Scene, ViewLayer | Updating Geometry BVH Rainbow swept forelock.002 38/85 | Building mesh BLAS |      60 tris | Rainbow swept forelock.002
Fra:1 Mem:25.80M (Peak 30.36M) | Time:00:00.57 | Mem:1.42M, Peak:1.42M | Scene, ViewLayer | Updating Geometry BVH Ribbon mane.002 39/85 | Building BVH
Fra:1 Mem:25.80M (Peak 30.36M) | Time:00:00.57 | Mem:1.42M, Peak:1.42M | Scene, ViewLayer | Updating Geometry BVH Ribbon mane.002 39/85 | Building mesh BLAS |       6 tris | Pointed species ear.002
Fra:1 Mem:25.80M (Peak 30.36M) | Time:00:00.57 | Mem:1.42M, Peak:1.42M | Scene, ViewLayer | Updating Geometry BVH Ribbon mane.002 39/85 | Building mesh BLAS |      60 tris | Ribbon mane.002
Fra:1 Mem:25.80M (Peak 30.36M) | Time:00:00.57 | Mem:1.42M, Peak:1.42M | Scene, ViewLayer | Updating Geometry BVH Rainbow swept forelock.003 40/85 | Building BVH
Fra:1 Mem:25.80M (Peak 30.36M) | Time:00:00.57 | Mem:1.42M, Peak:1.42M | Scene, ViewLayer | Updating Geometry BVH Rainbow swept forelock.003 40/85 | Building mesh BLAS |      46 tris | Raised elemental crest.002
Fra:1 Mem:25.80M (Peak 30.36M) | Time:00:00.57 | Mem:1.42M, Peak:1.42M | Scene, ViewLayer | Updating Geometry BVH Rainbow swept forelock.003 40/85 | Building mesh BLAS |       6 tris | Pointed species ear.003
Fra:1 Mem:25.80M (Peak 30.36M) | Time:00:00.57 | Mem:1.42M, Peak:1.42M | Scene, ViewLayer | Updating Geometry BVH Ribbon mane.003 41/85 | Building BVH
Fra:1 Mem:25.80M (Peak 30.36M) | Time:00:00.57 | Mem:1.42M, Peak:1.42M | Scene, ViewLayer | Updating Geometry BVH Ribbon mane.003 41/85 | Building mesh BLAS |      60 tris | Ribbon mane.003
Fra:1 Mem:25.80M (Peak 30.36M) | Time:00:00.57 | Mem:1.42M, Peak:1.42M | Scene, ViewLayer | Updating Geometry BVH Rainbow swept forelock.004 42/85 | Building BVH
Fra:1 Mem:25.80M (Peak 30.36M) | Time:00:00.57 | Mem:1.42M, Peak:1.42M | Scene, ViewLayer | Updating Geometry BVH Rainbow swept forelock.004 42/85 | Building mesh BLAS |      60 tris | Rainbow swept forelock.004
Fra:1 Mem:25.80M (Peak 30.36M) | Time:00:00.57 | Mem:1.42M, Peak:1.42M | Scene, ViewLayer | Updating Geometry BVH Rainbow swept forelock.004 42/85 | Building mesh BLAS |      60 tris | Rainbow swept forelock.003
Fra:1 Mem:25.80M (Peak 30.36M) | Time:00:00.57 | Mem:1.42M, Peak:1.42M | Scene, ViewLayer | Updating Geometry BVH Ribbon mane.004 43/85 | Building BVH
Fra:1 Mem:25.80M (Peak 30.36M) | Time:00:00.57 | Mem:1.42M, Peak:1.42M | Scene, ViewLayer | Updating Geometry BVH Ribbon mane.004 43/85 | Building mesh BLAS |      60 tris | Ribbon mane.004
Fra:1 Mem:25.80M (Peak 30.36M) | Time:00:00.57 | Mem:1.42M, Peak:1.42M | Scene, ViewLayer | Updating Geometry BVH Rainbow swept forelock.005 44/85 | Building BVH
Fra:1 Mem:25.80M (Peak 30.36M) | Time:00:00.57 | Mem:1.42M, Peak:1.42M | Scene, ViewLayer | Updating Geometry BVH Rainbow swept forelock.005 44/85 | Building mesh BLAS |      60 tris | Rainbow swept forelock.005
Fra:1 Mem:25.80M (Peak 30.36M) | Time:00:00.57 | Mem:1.42M, Peak:1.42M | Scene, ViewLayer | Updating Geometry BVH Rainbow swept forelock.005 44/85 | Building mesh BLAS |       3 tris | Inner ear.003
Fra:1 Mem:25.80M (Peak 30.36M) | Time:00:00.57 | Mem:1.42M, Peak:1.42M | Scene, ViewLayer | Updating Geometry BVH Ribbon mane.005 45/85 | Building BVH
Fra:1 Mem:25.80M (Peak 30.36M) | Time:00:00.57 | Mem:1.42M, Peak:1.42M | Scene, ViewLayer | Updating Geometry BVH Ribbon mane.005 45/85 | Building mesh BLAS |      60 tris | Ribbon mane.005
Fra:1 Mem:25.80M (Peak 30.36M) | Time:00:00.57 | Mem:1.42M, Peak:1.42M | Scene, ViewLayer | Updating Geometry BVH Rainbow swept forelock.006 46/85 | Building BVH
Fra:1 Mem:25.80M (Peak 30.36M) | Time:00:00.57 | Mem:1.42M, Peak:1.42M | Scene, ViewLayer | Updating Geometry BVH Ribbon mane.006 47/85 | Building BVH
Fra:1 Mem:25.80M (Peak 30.36M) | Time:00:00.57 | Mem:1.42M, Peak:1.42M | Scene, ViewLayer | Updating Geometry BVH Ribbon mane.006 47/85 | Building mesh BLAS |      60 tris | Ribbon mane.006
Fra:1 Mem:25.80M (Peak 30.36M) | Time:00:00.57 | Mem:1.42M, Peak:1.42M | Scene, ViewLayer | Updating Geometry BVH Golden unicorn horn 48/85 | Building BVH
Fra:1 Mem:25.80M (Peak 30.36M) | Time:00:00.57 | Mem:1.42M, Peak:1.42M | Scene, ViewLayer | Updating Geometry BVH Golden unicorn horn 48/85 | Building mesh BLAS |      92 tris | Golden unicorn horn
Fra:1 Mem:25.80M (Peak 30.36M) | Time:00:00.57 | Mem:1.42M, Peak:1.42M | Scene, ViewLayer | Updating Geometry BVH Horn spiral ridge 49/85 | Building BVH
Fra:1 Mem:25.80M (Peak 30.36M) | Time:00:00.57 | Mem:1.42M, Peak:1.42M | Scene, ViewLayer | Updating Geometry BVH Fetlock feather.001 51/85 | Building BVH
Fra:1 Mem:25.80M (Peak 30.36M) | Time:00:00.57 | Mem:1.42M, Peak:1.42M | Scene, ViewLayer | Updating Geometry BVH Fetlock feather.001 51/85 | Building mesh BLAS |      44 tris | Fetlock feather.001
Fra:1 Mem:25.80M (Peak 30.36M) | Time:00:00.57 | Mem:1.42M, Peak:1.42M | Scene, ViewLayer | Updating Geometry BVH Brass crest clasp.002 80/85 | Building BVH
Fra:1 Mem:25.80M (Peak 30.36M) | Time:00:00.57 | Mem:1.42M, Peak:1.42M | Scene, ViewLayer | Updating Geometry BVH Brass crest clasp.002 80/85 | Building mesh BLAS |      44 tris | Fetlock feather.002
Fra:1 Mem:25.80M (Peak 30.36M) | Time:00:00.58 | Mem:1.42M, Peak:1.42M | Scene, ViewLayer | Updating Geometry BVH Fetlock feather.004 54/85 | Building BVH
Fra:1 Mem:25.80M (Peak 30.36M) | Time:00:00.58 | Mem:1.42M, Peak:1.42M | Scene, ViewLayer | Updating Geometry BVH Fetlock feather.005 55/85 | Building BVH
Fra:1 Mem:25.80M (Peak 30.36M) | Time:00:00.58 | Mem:1.42M, Peak:1.42M | Scene, ViewLayer | Updating Geometry BVH Fetlock feather.005 55/85 | Building mesh BLAS |      44 tris | Fetlock feather.005
Fra:1 Mem:25.80M (Peak 30.36M) | Time:00:00.58 | Mem:1.42M, Peak:1.42M | Scene, ViewLayer | Updating Geometry BVH Fetlock feather.006 56/85 | Building BVH
Fra:1 Mem:25.80M (Peak 30.36M) | Time:00:00.58 | Mem:1.42M, Peak:1.42M | Scene, ViewLayer | Updating Geometry BVH Fetlock feather.006 56/85 | Building mesh BLAS |      44 tris | Fetlock feather.006
Fra:1 Mem:25.80M (Peak 30.36M) | Time:00:00.58 | Mem:1.42M, Peak:1.42M | Scene, ViewLayer | Updating Geometry BVH Fetlock feather.007 57/85 | Building BVH
Fra:1 Mem:25.80M (Peak 30.36M) | Time:00:00.58 | Mem:1.42M, Peak:1.42M | Scene, ViewLayer | Updating Geometry BVH Fetlock feather.008 58/85 | Building BVH
Fra:1 Mem:25.80M (Peak 30.36M) | Time:00:00.58 | Mem:1.42M, Peak:1.42M | Scene, ViewLayer | Updating Geometry BVH Fetlock feather.008 58/85 | Building mesh BLAS |      44 tris | Fetlock feather.007
Fra:1 Mem:25.80M (Peak 30.36M) | Time:00:00.58 | Mem:1.42M, Peak:1.42M | Scene, ViewLayer | Updating Geometry BVH Fetlock feather.008 58/85 | Building mesh BLAS |      44 tris | Fetlock feather.003
Fra:1 Mem:25.80M (Peak 30.36M) | Time:00:00.58 | Mem:1.42M, Peak:1.42M | Scene, ViewLayer | Updating Geometry BVH Fetlock feather.009 59/85 | Building BVH
Fra:1 Mem:25.80M (Peak 30.36M) | Time:00:00.58 | Mem:1.42M, Peak:1.42M | Scene, ViewLayer | Updating Geometry BVH Fetlock feather.009 59/85 | Building mesh BLAS |      44 tris | Fetlock feather.009
Fra:1 Mem:25.80M (Peak 30.36M) | Time:00:00.58 | Mem:1.42M, Peak:1.42M | Scene, ViewLayer | Updating Geometry BVH Fetlock feather.009 59/85 | Building mesh BLAS |     320 tris | Brass crest clasp.002
Fra:1 Mem:25.80M (Peak 30.36M) | Time:00:00.58 | Mem:1.42M, Peak:1.42M | Scene, ViewLayer | Updating Geometry BVH Fetlock feather.010 60/85 | Building BVH
Fra:1 Mem:25.80M (Peak 30.36M) | Time:00:00.58 | Mem:1.42M, Peak:1.42M | Scene, ViewLayer | Updating Geometry BVH Fetlock feather.010 60/85 | Building mesh BLAS |      44 tris | Fetlock feather.010
Fra:1 Mem:25.80M (Peak 30.36M) | Time:00:00.58 | Mem:1.42M, Peak:1.42M | Scene, ViewLayer | Updating Geometry BVH Fetlock feather.011 61/85 | Building BVH
Fra:1 Mem:25.80M (Peak 30.36M) | Time:00:00.58 | Mem:1.42M, Peak:1.42M | Scene, ViewLayer | Updating Geometry BVH Neckerchief folded point.002 79/85 | Building BVH
Fra:1 Mem:25.80M (Peak 30.36M) | Time:00:00.58 | Mem:1.42M, Peak:1.42M | Scene, ViewLayer | Updating Geometry BVH Fetlock feather.012 62/85 | Building BVH
Fra:1 Mem:25.80M (Peak 30.36M) | Time:00:00.58 | Mem:1.42M, Peak:1.42M | Scene, ViewLayer | Updating Geometry BVH Fetlock feather.012 62/85 | Building mesh BLAS |      44 tris | Fetlock feather.012
Fra:1 Mem:25.80M (Peak 30.36M) | Time:00:00.58 | Mem:1.42M, Peak:1.42M | Scene, ViewLayer | Updating Geometry BVH Fetlock feather.013 63/85 | Building BVH
Fra:1 Mem:25.80M (Peak 30.36M) | Time:00:00.58 | Mem:1.42M, Peak:1.42M | Scene, ViewLayer | Updating Geometry BVH Fetlock feather.013 63/85 | Building mesh BLAS |      44 tris | Fetlock feather.013
Fra:1 Mem:25.80M (Peak 30.36M) | Time:00:00.58 | Mem:1.59M, Peak:1.59M | Scene, ViewLayer | Updating Geometry BVH Fetlock feather.015 65/85 | Building BVH
Fra:1 Mem:25.80M (Peak 30.36M) | Time:00:00.58 | Mem:1.69M, Peak:1.69M | Scene, ViewLayer | Updating Geometry BVH Fetlock feather.015 65/85 | Building mesh BLAS |      44 tris | Fetlock feather.015
Fra:1 Mem:25.80M (Peak 30.36M) | Time:00:00.58 | Mem:1.77M, Peak:1.77M | Scene, ViewLayer | Updating Geometry BVH Fetlock feather.016 66/85 | Building BVH
Fra:1 Mem:25.80M (Peak 30.36M) | Time:00:00.58 | Mem:1.77M, Peak:1.77M | Scene, ViewLayer | Updating Geometry BVH Fetlock feather.016 66/85 | Building mesh BLAS |      44 tris | Fetlock feather.016
Fra:1 Mem:25.80M (Peak 30.36M) | Time:00:00.58 | Mem:1.77M, Peak:1.77M | Scene, ViewLayer | Updating Geometry BVH Fetlock feather.017 67/85 | Building BVH
Fra:1 Mem:25.80M (Peak 30.36M) | Time:00:00.58 | Mem:1.77M, Peak:1.77M | Scene, ViewLayer | Updating Geometry BVH Fetlock feather.018 68/85 | Building mesh BLAS |      44 tris | Fetlock feather.017
Fra:1 Mem:25.80M (Peak 30.36M) | Time:00:00.58 | Mem:1.85M, Peak:1.85M | Scene, ViewLayer | Updating Geometry BVH Fetlock feather.019 69/85 | Building BVH
Fra:1 Mem:25.80M (Peak 30.36M) | Time:00:00.58 | Mem:1.85M, Peak:1.85M | Scene, ViewLayer | Updating Geometry BVH Fetlock feather.019 69/85 | Building mesh BLAS |      44 tris | Fetlock feather.019
Fra:1 Mem:25.80M (Peak 30.36M) | Time:00:00.58 | Mem:1.85M, Peak:1.85M | Scene, ViewLayer | Updating Geometry BVH Fetlock feather.019 69/85 | Building mesh BLAS |      44 tris | Fetlock feather.018
Fra:1 Mem:25.80M (Peak 30.36M) | Time:00:00.58 | Mem:1.85M, Peak:1.85M | Scene, ViewLayer | Updating Geometry BVH Articulated tail.002 70/85 | Building BVH
Fra:1 Mem:25.80M (Peak 30.36M) | Time:00:00.58 | Mem:1.85M, Peak:1.85M | Scene, ViewLayer | Updating Geometry BVH Articulated tail.002 70/85 | Building mesh BLAS |     268 tris | Articulated tail.002
Fra:1 Mem:25.80M (Peak 30.36M) | Time:00:00.58 | Mem:1.85M, Peak:1.85M | Scene, ViewLayer | Updating Geometry BVH Rainbow tail ribbon.001 72/85 | Building BVH
Fra:1 Mem:25.80M (Peak 30.36M) | Time:00:00.58 | Mem:1.85M, Peak:1.85M | Scene, ViewLayer | Updating Geometry BVH Rainbow tail ribbon.001 72/85 | Building mesh BLAS |      60 tris | Rainbow tail ribbon.001
Fra:1 Mem:25.80M (Peak 30.36M) | Time:00:00.58 | Mem:1.85M, Peak:1.85M | Scene, ViewLayer | Updating Geometry BVH Rainbow tail ribbon.002 73/85 | Building BVH
Fra:1 Mem:25.80M (Peak 30.36M) | Time:00:00.58 | Mem:1.85M, Peak:1.85M | Scene, ViewLayer | Updating Geometry BVH Rainbow tail ribbon.003 74/85 | Building BVH
Fra:1 Mem:25.80M (Peak 30.36M) | Time:00:00.58 | Mem:1.85M, Peak:1.85M | Scene, ViewLayer | Updating Geometry BVH Rainbow tail ribbon.003 74/85 | Building mesh BLAS |      60 tris | Rainbow tail ribbon.003
Fra:1 Mem:25.80M (Peak 30.36M) | Time:00:00.58 | Mem:1.85M, Peak:1.85M | Scene, ViewLayer | Updating Geometry BVH Rainbow tail ribbon.004 75/85 | Building BVH
Fra:1 Mem:25.80M (Peak 30.36M) | Time:00:00.58 | Mem:1.85M, Peak:1.85M | Scene, ViewLayer | Updating Geometry BVH Rainbow tail ribbon.004 75/85 | Building mesh BLAS |      60 tris | Rainbow tail ribbon.004
Fra:1 Mem:25.80M (Peak 30.36M) | Time:00:00.58 | Mem:1.85M, Peak:1.85M | Scene, ViewLayer | Updating Geometry BVH Rainbow tail ribbon.006 77/85 | Building BVH
Fra:1 Mem:25.80M (Peak 30.36M) | Time:00:00.58 | Mem:1.85M, Peak:1.85M | Scene, ViewLayer | Updating Geometry BVH Rainbow tail ribbon.005 76/85 | Building mesh BLAS |      60 tris | Rainbow tail ribbon.006
Fra:1 Mem:25.80M (Peak 30.36M) | Time:00:00.58 | Mem:1.85M, Peak:1.85M | Scene, ViewLayer | Updating Geometry BVH Leather neckerchief roll.002 78/85 | Building BVH
Fra:1 Mem:25.80M (Peak 30.36M) | Time:00:00.58 | Mem:1.85M, Peak:1.85M | Scene, ViewLayer | Updating Geometry BVH Leather neckerchief roll.002 78/85 | Building mesh BLAS |      76 tris | Leather neckerchief roll.002
Fra:1 Mem:25.80M (Peak 30.36M) | Time:00:00.58 | Mem:1.85M, Peak:1.85M | Scene, ViewLayer | Updating Geometry BVH Leather neckerchief roll.002 78/85 | Building mesh BLAS |      44 tris | Fetlock feather.014
Fra:1 Mem:25.80M (Peak 30.36M) | Time:00:00.58 | Mem:1.85M, Peak:1.85M | Scene, ViewLayer | Updating Geometry BVH Leather neckerchief roll.002 78/85 | Building mesh BLAS |      60 tris | Rainbow tail ribbon
Fra:1 Mem:25.80M (Peak 30.36M) | Time:00:00.58 | Mem:1.85M, Peak:1.85M | Scene, ViewLayer | Updating Geometry BVH Leather neckerchief roll.002 78/85 | Building mesh BLAS |      60 tris | Rainbow tail ribbon.005
Fra:1 Mem:25.80M (Peak 30.36M) | Time:00:00.58 | Mem:1.85M, Peak:1.85M | Scene, ViewLayer | Updating Scene BVH | Building
Fra:1 Mem:25.80M (Peak 30.36M) | Time:00:00.62 | Mem:2.07M, Peak:2.07M | Scene, ViewLayer | Updating Scene BVH | Building TLAS      |      85 instances
Fra:1 Mem:25.80M (Peak 30.36M) | Time:00:00.62 | Mem:2.10M, Peak:2.10M | Scene, ViewLayer | Updating Scene BVH | Copying BVH to device
Fra:1 Mem:25.80M (Peak 30.36M) | Time:00:00.62 | Mem:2.10M, Peak:2.10M | Scene, ViewLayer | Updating Mesh | Computing normals
Fra:1 Mem:26.27M (Peak 30.36M) | Time:00:00.62 | Mem:2.10M, Peak:2.10M | Scene, ViewLayer | Updating Mesh | Copying Mesh to device
Fra:1 Mem:25.80M (Peak 30.36M) | Time:00:00.62 | Mem:2.60M, Peak:2.60M | Scene, ViewLayer | Updating Objects Flags
Fra:1 Mem:25.80M (Peak 30.36M) | Time:00:00.62 | Mem:2.60M, Peak:2.60M | Scene, ViewLayer | Updating Primitive Offsets
Fra:1 Mem:25.80M (Peak 30.36M) | Time:00:00.62 | Mem:2.60M, Peak:2.60M | Scene, ViewLayer | Updating Images
Fra:1 Mem:25.80M (Peak 30.36M) | Time:00:00.62 | Mem:2.60M, Peak:2.60M | Scene, ViewLayer | Updating Camera Volume
Fra:1 Mem:25.80M (Peak 30.36M) | Time:00:00.62 | Mem:2.60M, Peak:2.60M | Scene, ViewLayer | Updating Lookup Tables
Fra:1 Mem:25.72M (Peak 30.36M) | Time:00:00.62 | Mem:2.70M, Peak:2.70M | Scene, ViewLayer | Updating Lights
Fra:1 Mem:25.72M (Peak 30.36M) | Time:00:00.62 | Mem:2.70M, Peak:2.70M | Scene, ViewLayer | Updating Lights | Computing tree
Fra:1 Mem:25.72M (Peak 30.36M) | Time:00:00.62 | Mem:2.70M, Peak:2.70M | Scene, ViewLayer | Updating Integrator
Fra:1 Mem:25.72M (Peak 30.36M) | Time:00:00.62 | Mem:2.70M, Peak:2.70M | Scene, ViewLayer | Updating Film
Fra:1 Mem:25.81M (Peak 30.36M) | Time:00:00.62 | Mem:2.60M, Peak:2.70M | Scene, ViewLayer | Updating Lookup Tables
Fra:1 Mem:25.72M (Peak 30.36M) | Time:00:00.62 | Mem:2.70M, Peak:2.70M | Scene, ViewLayer | Updating Baking
Fra:1 Mem:25.72M (Peak 30.36M) | Time:00:00.62 | Mem:2.70M, Peak:2.70M | Scene, ViewLayer | Updating Device | Writing constant memory
Fra:1 Mem:25.73M (Peak 30.36M) | Time:00:00.68 | Mem:2.70M, Peak:2.70M | Scene, ViewLayer | Loading denoising kernels (may take a few minutes the first time)
Fra:1 Mem:25.73M (Peak 57.73M) | Time:00:00.71 | Mem:2818.71M, Peak:2818.71M | Scene, ViewLayer | Sample 0/12 (Using optimized kernels)
Fra:1 Mem:25.72M (Peak 61.23M) | Time:00:01.92 | Remaining:00:13.31 | Mem:2854.25M, Peak:2854.25M | Scene, ViewLayer | Sample 1/12 (Using optimized kernels)
Fra:1 Mem:40.67M (Peak 63.11M) | Time:00:16.09 | Mem:2854.26M, Peak:2854.26M | Scene, ViewLayer | Sample 12/12 (Using optimized kernels)
Fra:1 Mem:40.67M (Peak 63.11M) | Time:00:16.09 | Mem:2854.26M, Peak:2854.26M | Scene, ViewLayer | Finished
Saved: '/Users/chikumatsuboi/Code/animal-racers-western/assets/source/western/qa/unicorn-race_idle-01.png'
Time: 00:16.84 (Saving: 00:00.60)

Fra:1 Mem:28.97M (Peak 28.97M) | Time:00:00.03 | Mem:0.02M, Peak:0.02M | Scene, ViewLayer | Synchronizing object | Body • continuous sculpted skin
Fra:1 Mem:28.97M (Peak 28.97M) | Time:00:00.03 | Mem:0.02M, Peak:0.02M | Scene, ViewLayer | Synchronizing object | Bronzed hoof.001
Fra:1 Mem:28.97M (Peak 28.97M) | Time:00:00.03 | Mem:0.02M, Peak:0.02M | Scene, ViewLayer | Synchronizing object | Bronzed hoof.002
Fra:1 Mem:29.22M (Peak 29.22M) | Time:00:00.03 | Mem:0.02M, Peak:0.02M | Scene, ViewLayer | Synchronizing object | Hoof cleft.002
Fra:1 Mem:29.23M (Peak 29.23M) | Time:00:00.03 | Mem:0.02M, Peak:0.02M | Scene, ViewLayer | Synchronizing object | Hoof cleft.003
Fra:1 Mem:29.23M (Peak 29.23M) | Time:00:00.03 | Mem:0.02M, Peak:0.02M | Scene, ViewLayer | Synchronizing object | Head • species sculpt
Fra:1 Mem:29.41M (Peak 29.41M) | Time:00:00.03 | Mem:0.02M, Peak:0.02M | Scene, ViewLayer | Synchronizing object | Velvet muzzle
Fra:1 Mem:29.41M (Peak 29.41M) | Time:00:00.03 | Mem:0.02M, Peak:0.02M | Scene, ViewLayer | Synchronizing object | Nostril
Fra:1 Mem:29.62M (Peak 29.62M) | Time:00:00.03 | Mem:0.02M, Peak:0.02M | Scene, ViewLayer | Synchronizing object | Eye socket
Fra:1 Mem:29.60M (Peak 29.62M) | Time:00:00.03 | Mem:0.02M, Peak:0.02M | Scene, ViewLayer | Synchronizing object | Ivory eye
Fra:1 Mem:29.65M (Peak 29.66M) | Time:00:00.03 | Mem:0.02M, Peak:0.02M | Scene, ViewLayer | Synchronizing object | Iris
Fra:1 Mem:29.82M (Peak 29.82M) | Time:00:00.03 | Mem:0.02M, Peak:0.02M | Scene, ViewLayer | Synchronizing object | Pupil
Fra:1 Mem:29.83M (Peak 29.83M) | Time:00:00.03 | Mem:0.02M, Peak:0.02M | Scene, ViewLayer | Synchronizing object | Eye glint
Fra:1 Mem:29.85M (Peak 29.85M) | Time:00:00.03 | Mem:0.02M, Peak:0.02M | Scene, ViewLayer | Synchronizing object | Smiling mouth
Fra:1 Mem:29.86M (Peak 29.86M) | Time:00:00.03 | Mem:0.02M, Peak:0.02M | Scene, ViewLayer | Synchronizing object | Eye socket.001
Fra:1 Mem:29.86M (Peak 29.86M) | Time:00:00.03 | Mem:0.02M, Peak:0.02M | Scene, ViewLayer | Synchronizing object | Iris.001
Fra:1 Mem:29.92M (Peak 29.92M) | Time:00:00.03 | Mem:0.02M, Peak:0.02M | Scene, ViewLayer | Synchronizing object | Pupil.001
Fra:1 Mem:29.99M (Peak 29.99M) | Time:00:00.03 | Mem:0.02M, Peak:0.02M | Scene, ViewLayer | Synchronizing object | Eye glint.001
Fra:1 Mem:29.99M (Peak 29.99M) | Time:00:00.03 | Mem:0.02M, Peak:0.02M | Scene, ViewLayer | Synchronizing object | Expressive brow.001
Fra:1 Mem:30.00M (Peak 30.00M) | Time:00:00.03 | Mem:0.02M, Peak:0.02M | Scene, ViewLayer | Synchronizing object | Smiling mouth.001
Fra:1 Mem:30.00M (Peak 30.00M) | Time:00:00.03 | Mem:0.02M, Peak:0.02M | Scene, ViewLayer | Synchronizing object | Pointed species ear
Fra:1 Mem:30.02M (Peak 30.02M) | Time:00:00.03 | Mem:0.02M, Peak:0.02M | Scene, ViewLayer | Synchronizing object | Warm rim
Fra:1 Mem:30.03M (Peak 30.03M) | Time:00:00.03 | Mem:0.02M, Peak:0.02M | Scene, ViewLayer | Synchronizing object | Sky fill
Fra:1 Mem:30.04M (Peak 30.04M) | Time:00:00.03 | Mem:0.02M, Peak:0.02M | Scene, ViewLayer | Synchronizing object | Sunset key
Fra:1 Mem:30.06M (Peak 30.06M) | Time:00:00.03 | Mem:0.02M, Peak:0.02M | Scene, ViewLayer | Synchronizing object | Plane
Fra:1 Mem:30.06M (Peak 30.06M) | Time:00:00.03 | Mem:0.02M, Peak:0.02M | Scene, ViewLayer | Synchronizing object | Inner ear.001
Fra:1 Mem:30.09M (Peak 30.09M) | Time:00:00.03 | Mem:0.02M, Peak:0.02M | Scene, ViewLayer | Synchronizing object | Raised elemental crest
Fra:1 Mem:30.10M (Peak 30.10M) | Time:00:00.03 | Mem:0.02M, Peak:0.02M | Scene, ViewLayer | Synchronizing object | Rainbow swept forelock.001
Fra:1 Mem:30.10M (Peak 30.10M) | Time:00:00.03 | Mem:0.02M, Peak:0.02M | Scene, ViewLayer | Synchronizing object | Ribbon mane.001
Fra:1 Mem:30.10M (Peak 30.10M) | Time:00:00.03 | Mem:0.02M, Peak:0.02M | Scene, ViewLayer | Synchronizing object | Rainbow swept forelock.002
Fra:1 Mem:30.10M (Peak 30.10M) | Time:00:00.03 | Mem:0.02M, Peak:0.02M | Scene, ViewLayer | Synchronizing object | Ribbon mane.002
Fra:1 Mem:30.11M (Peak 30.11M) | Time:00:00.03 | Mem:0.02M, Peak:0.02M | Scene, ViewLayer | Synchronizing object | Ribbon mane.003
Fra:1 Mem:30.11M (Peak 30.11M) | Time:00:00.03 | Mem:0.02M, Peak:0.02M | Scene, ViewLayer | Synchronizing object | Rainbow swept forelock.004
Fra:1 Mem:30.12M (Peak 30.12M) | Time:00:00.03 | Mem:0.02M, Peak:0.02M | Scene, ViewLayer | Synchronizing object | Ribbon mane.004
Fra:1 Mem:30.12M (Peak 30.12M) | Time:00:00.03 | Mem:0.02M, Peak:0.02M | Scene, ViewLayer | Synchronizing object | Rainbow swept forelock.005
Fra:1 Mem:30.13M (Peak 30.13M) | Time:00:00.03 | Mem:0.02M, Peak:0.02M | Scene, ViewLayer | Synchronizing object | Ribbon mane.006
Fra:1 Mem:30.14M (Peak 30.14M) | Time:00:00.03 | Mem:0.02M, Peak:0.02M | Scene, ViewLayer | Synchronizing object | Brass crest clasp
Fra:1 Mem:30.14M (Peak 30.14M) | Time:00:00.03 | Mem:0.02M, Peak:0.02M | Scene, ViewLayer | Synchronizing object | Golden unicorn horn
Fra:1 Mem:30.15M (Peak 30.15M) | Time:00:00.03 | Mem:0.02M, Peak:0.02M | Scene, ViewLayer | Synchronizing object | Fetlock feather
Fra:1 Mem:30.15M (Peak 30.15M) | Time:00:00.03 | Mem:0.02M, Peak:0.02M | Scene, ViewLayer | Synchronizing object | Fetlock feather.002
Fra:1 Mem:30.16M (Peak 30.16M) | Time:00:00.03 | Mem:0.02M, Peak:0.02M | Scene, ViewLayer | Synchronizing object | Fetlock feather.003
Fra:1 Mem:30.22M (Peak 30.22M) | Time:00:00.03 | Mem:0.02M, Peak:0.02M | Scene, ViewLayer | Synchronizing object | Fetlock feather.004
Fra:1 Mem:30.23M (Peak 30.23M) | Time:00:00.03 | Mem:0.02M, Peak:0.02M | Scene, ViewLayer | Synchronizing object | Fetlock feather.005
Fra:1 Mem:30.23M (Peak 30.23M) | Time:00:00.03 | Mem:0.02M, Peak:0.02M | Scene, ViewLayer | Synchronizing object | Neckerchief folded point
Fra:1 Mem:30.25M (Peak 30.25M) | Time:00:00.03 | Mem:0.02M, Peak:0.02M | Scene, ViewLayer | Synchronizing object | Fetlock feather.007
Fra:1 Mem:30.25M (Peak 30.25M) | Time:00:00.03 | Mem:0.02M, Peak:0.02M | Scene, ViewLayer | Synchronizing object | Fetlock feather.009
Fra:1 Mem:30.27M (Peak 30.27M) | Time:00:00.03 | Mem:0.02M, Peak:0.02M | Scene, ViewLayer | Synchronizing object | Fetlock feather.010
Fra:1 Mem:30.25M (Peak 30.27M) | Time:00:00.03 | Mem:0.02M, Peak:0.02M | Scene, ViewLayer | Synchronizing object | Fetlock feather.011
Fra:1 Mem:30.26M (Peak 30.27M) | Time:00:00.03 | Mem:0.02M, Peak:0.02M | Scene, ViewLayer | Synchronizing object | Fetlock feather.012
Fra:1 Mem:30.26M (Peak 30.27M) | Time:00:00.03 | Mem:0.02M, Peak:0.02M | Scene, ViewLayer | Synchronizing object | Fetlock feather.013
Fra:1 Mem:30.27M (Peak 30.27M) | Time:00:00.03 | Mem:0.02M, Peak:0.02M | Scene, ViewLayer | Synchronizing object | Rainbow tail ribbon.006
Fra:1 Mem:30.28M (Peak 30.28M) | Time:00:00.03 | Mem:0.02M, Peak:0.02M | Scene, ViewLayer | Synchronizing object | Fetlock feather.016
Fra:1 Mem:30.28M (Peak 30.28M) | Time:00:00.03 | Mem:0.02M, Peak:0.02M | Scene, ViewLayer | Synchronizing object | Rainbow tail ribbon.005
Fra:1 Mem:30.29M (Peak 30.29M) | Time:00:00.03 | Mem:0.02M, Peak:0.02M | Scene, ViewLayer | Synchronizing object | Fetlock feather.017
Fra:1 Mem:30.29M (Peak 30.29M) | Time:00:00.03 | Mem:0.02M, Peak:0.02M | Scene, ViewLayer | Synchronizing object | Fetlock feather.019
Fra:1 Mem:30.29M (Peak 30.29M) | Time:00:00.03 | Mem:0.02M, Peak:0.02M | Scene, ViewLayer | Synchronizing object | Articulated tail
Fra:1 Mem:30.31M (Peak 30.31M) | Time:00:00.03 | Mem:0.02M, Peak:0.02M | Scene, ViewLayer | Synchronizing object | Rainbow tail ribbon
Fra:1 Mem:30.34M (Peak 30.34M) | Time:00:00.03 | Mem:0.02M, Peak:0.02M | Scene, ViewLayer | Synchronizing object | Rainbow tail ribbon.001
Fra:1 Mem:30.33M (Peak 30.34M) | Time:00:00.03 | Mem:0.02M, Peak:0.02M | Scene, ViewLayer | Synchronizing object | Rainbow tail ribbon.004
Fra:1 Mem:30.33M (Peak 30.34M) | Time:00:00.03 | Mem:0.02M, Peak:0.02M | Scene, ViewLayer | Synchronizing object | Rainbow tail ribbon.003
Fra:1 Mem:30.36M (Peak 30.36M) | Time:00:00.03 | Mem:0.02M, Peak:0.02M | Scene, ViewLayer | Initializing
Fra:1 Mem:28.95M (Peak 30.36M) | Time:00:00.03 | Mem:0.02M, Peak:0.02M | Scene, ViewLayer | Updating Images | Loading Authored short-fur normal
Fra:1 Mem:25.13M (Peak 30.36M) | Time:00:00.04 | Mem:0.27M, Peak:0.27M | Scene, ViewLayer | Waiting for render to start
Fra:1 Mem:25.13M (Peak 30.36M) | Time:00:00.04 | Mem:0.27M, Peak:0.27M | Scene, ViewLayer | Updating Scene
Fra:1 Mem:25.13M (Peak 30.36M) | Time:00:00.04 | Mem:0.27M, Peak:0.27M | Scene, ViewLayer | Updating Shaders
Fra:1 Mem:25.13M (Peak 30.36M) | Time:00:00.04 | Mem:0.27M, Peak:0.27M | Scene, ViewLayer | Loading render kernels (may take a few minutes the first time)
Fra:1 Mem:25.21M (Peak 30.36M) | Time:00:00.97 | Mem:0.29M, Peak:0.29M | Scene, ViewLayer | Updating Procedurals
Fra:1 Mem:25.21M (Peak 30.36M) | Time:00:00.97 | Mem:0.29M, Peak:0.29M | Scene, ViewLayer | Updating Background
Fra:1 Mem:25.21M (Peak 30.36M) | Time:00:00.97 | Mem:0.29M, Peak:0.29M | Scene, ViewLayer | Updating Camera
Fra:1 Mem:25.21M (Peak 30.36M) | Time:00:00.97 | Mem:0.29M, Peak:0.29M | Scene, ViewLayer | Updating Meshes Flags
Fra:1 Mem:25.21M (Peak 30.36M) | Time:00:00.97 | Mem:0.29M, Peak:0.29M | Scene, ViewLayer | Updating Objects
Fra:1 Mem:25.21M (Peak 30.36M) | Time:00:00.97 | Mem:0.29M, Peak:0.29M | Scene, ViewLayer | Updating Objects | Copying Transformations to device
Fra:1 Mem:25.21M (Peak 30.36M) | Time:00:00.98 | Mem:0.32M, Peak:0.32M | Scene, ViewLayer | Updating Particle Systems
Fra:1 Mem:25.21M (Peak 30.36M) | Time:00:00.98 | Mem:0.32M, Peak:0.32M | Scene, ViewLayer | Updating Particle Systems | Copying Particles to device
Fra:1 Mem:25.21M (Peak 30.36M) | Time:00:00.98 | Mem:0.32M, Peak:0.32M | Scene, ViewLayer | Updating Meshes
Fra:1 Mem:25.80M (Peak 30.36M) | Time:00:01.01 | Mem:0.32M, Peak:0.32M | Scene, ViewLayer | Updating Objects | Applying Static Transformations
Fra:1 Mem:25.80M (Peak 30.36M) | Time:00:01.01 | Mem:0.32M, Peak:0.32M | Scene, ViewLayer | Updating Mesh | Computing attributes
Fra:1 Mem:26.66M (Peak 30.36M) | Time:00:01.01 | Mem:0.33M, Peak:0.33M | Scene, ViewLayer | Updating Mesh | Copying Attributes to device
Fra:1 Mem:25.80M (Peak 30.36M) | Time:00:01.44 | Mem:1.22M, Peak:1.22M | Scene, ViewLayer | Updating Geometry BVH ribcage.002 2/59 | Building BVH
Fra:1 Mem:25.80M (Peak 30.36M) | Time:00:01.44 | Mem:1.22M, Peak:1.22M | Scene, ViewLayer | Updating Geometry BVH Hoof cleft.001 6/85 | Building BVH
Fra:1 Mem:25.80M (Peak 30.36M) | Time:00:01.44 | Mem:1.22M, Peak:1.22M | Scene, ViewLayer | Updating Geometry BVH Hoof cleft.001 6/85 | Building mesh BLAS |      44 tris | Hoof cleft.001
Fra:1 Mem:25.80M (Peak 30.36M) | Time:00:01.44 | Mem:1.22M, Peak:1.22M | Scene, ViewLayer | Updating Geometry BVH Bronzed hoof.002 7/85 | Building BVH
Fra:1 Mem:25.80M (Peak 30.36M) | Time:00:01.44 | Mem:1.22M, Peak:1.22M | Scene, ViewLayer | Updating Geometry BVH Hoof cleft.002 8/85 | Building mesh BLAS |    4170 tris | ribcage.002
Fra:1 Mem:25.80M (Peak 30.36M) | Time:00:01.44 | Mem:1.22M, Peak:1.22M | Scene, ViewLayer | Updating Geometry BVH Hoof cleft.002 8/85 | Building mesh BLAS |      92 tris | Bronzed hoof.002
Fra:1 Mem:25.80M (Peak 30.36M) | Time:00:01.44 | Mem:1.22M, Peak:1.22M | Scene, ViewLayer | Updating Geometry BVH Bronzed hoof.003 9/85 | Building BVH
Fra:1 Mem:25.80M (Peak 30.36M) | Time:00:01.44 | Mem:1.22M, Peak:1.22M | Scene, ViewLayer | Updating Geometry BVH Bronzed hoof.003 9/85 | Building mesh BLAS |      92 tris | Bronzed hoof.003
Fra:1 Mem:25.80M (Peak 30.36M) | Time:00:01.44 | Mem:1.22M, Peak:1.22M | Scene, ViewLayer | Updating Geometry BVH Hoof cleft.003 10/85 | Building BVH
Fra:1 Mem:25.80M (Peak 30.36M) | Time:00:01.44 | Mem:1.22M, Peak:1.22M | Scene, ViewLayer | Updating Geometry BVH Hoof cleft.003 10/85 | Building mesh BLAS |      44 tris | Hoof cleft.003
Fra:1 Mem:25.80M (Peak 30.36M) | Time:00:01.44 | Mem:1.22M, Peak:1.22M | Scene, ViewLayer | Updating Geometry BVH Skull.002 11/85 | Building BVH
Fra:1 Mem:25.80M (Peak 30.36M) | Time:00:01.44 | Mem:1.22M, Peak:1.22M | Scene, ViewLayer | Updating Geometry BVH Skull.002 11/85 | Building mesh BLAS |    3088 tris | Skull.002
Fra:1 Mem:25.80M (Peak 30.36M) | Time:00:01.45 | Mem:1.22M, Peak:1.22M | Scene, ViewLayer | Updating Geometry BVH Nostril.001 14/85 | Building BVH
Fra:1 Mem:25.80M (Peak 30.36M) | Time:00:01.45 | Mem:1.22M, Peak:1.22M | Scene, ViewLayer | Updating Geometry BVH Nostril 13/85 | Building BVH
Fra:1 Mem:25.80M (Peak 30.36M) | Time:00:01.45 | Mem:1.22M, Peak:1.22M | Scene, ViewLayer | Updating Geometry BVH Nostril 13/85 | Building mesh BLAS |     320 tris | Nostril.001
Fra:1 Mem:25.80M (Peak 30.36M) | Time:00:01.45 | Mem:1.22M, Peak:1.22M | Scene, ViewLayer | Updating Geometry BVH Nostril 13/85 | Building mesh BLAS |     320 tris | Nostril
Fra:1 Mem:25.80M (Peak 30.36M) | Time:00:01.45 | Mem:1.22M, Peak:1.22M | Scene, ViewLayer | Updating Geometry BVH Warm rim 85/85 | Building BVH
Fra:1 Mem:25.80M (Peak 30.36M) | Time:00:01.45 | Mem:1.22M, Peak:1.22M | Scene, ViewLayer | Updating Geometry BVH Sky fill 84/85 | Building BVH
Fra:1 Mem:25.80M (Peak 30.36M) | Time:00:01.45 | Mem:1.22M, Peak:1.22M | Scene, ViewLayer | Updating Geometry BVH Sunset key 83/85 | Building BVH
Fra:1 Mem:25.80M (Peak 30.36M) | Time:00:01.45 | Mem:1.22M, Peak:1.22M | Scene, ViewLayer | Updating Geometry BVH Sunset key 83/85 | Building mesh BLAS |      44 tris | Hoof cleft
Fra:1 Mem:25.80M (Peak 30.36M) | Time:00:01.45 | Mem:1.22M, Peak:1.22M | Scene, ViewLayer | Updating Geometry BVH Sunset key 83/85 | Building mesh BLAS |      44 tris | Hoof cleft.002
Fra:1 Mem:25.80M (Peak 30.36M) | Time:00:01.45 | Mem:1.22M, Peak:1.22M | Scene, ViewLayer | Updating Geometry BVH Plane 82/85 | Building BVH
Fra:1 Mem:25.80M (Peak 30.36M) | Time:00:01.45 | Mem:1.22M, Peak:1.22M | Scene, ViewLayer | Updating Geometry BVH Plane 82/85 | Building mesh BLAS |     480 tris | Velvet muzzle
Fra:1 Mem:25.80M (Peak 30.36M) | Time:00:01.45 | Mem:1.22M, Peak:1.22M | Scene, ViewLayer | Updating Geometry BVH Plane 82/85 | Building mesh BLAS |       2 tris | Plane
Fra:1 Mem:25.80M (Peak 30.36M) | Time:00:01.45 | Mem:1.22M, Peak:1.22M | Scene, ViewLayer | Updating Geometry BVH Eye socket.004 15/85 | Building BVH
Fra:1 Mem:25.80M (Peak 30.36M) | Time:00:01.45 | Mem:1.22M, Peak:1.22M | Scene, ViewLayer | Updating Geometry BVH Ivory eye.004 16/85 | Building BVH
Fra:1 Mem:25.80M (Peak 30.36M) | Time:00:01.45 | Mem:1.22M, Peak:1.22M | Scene, ViewLayer | Updating Geometry BVH Iris.004 17/85 | Building BVH
Fra:1 Mem:25.80M (Peak 30.36M) | Time:00:01.45 | Mem:1.22M, Peak:1.22M | Scene, ViewLayer | Updating Geometry BVH Iris.004 17/85 | Building mesh BLAS |     480 tris | Ivory eye.004
Fra:1 Mem:25.80M (Peak 30.36M) | Time:00:01.45 | Mem:1.22M, Peak:1.22M | Scene, ViewLayer | Updating Geometry BVH Pupil.004 18/85 | Building BVH
Fra:1 Mem:25.80M (Peak 30.36M) | Time:00:01.45 | Mem:1.22M, Peak:1.22M | Scene, ViewLayer | Updating Geometry BVH Pupil.004 18/85 | Building mesh BLAS |     320 tris | Pupil.004
Fra:1 Mem:25.80M (Peak 30.36M) | Time:00:01.45 | Mem:1.22M, Peak:1.22M | Scene, ViewLayer | Updating Geometry BVH Eye glint.004 19/85 | Building BVH
Fra:1 Mem:25.80M (Peak 30.36M) | Time:00:01.45 | Mem:1.22M, Peak:1.22M | Scene, ViewLayer | Updating Geometry BVH Eye glint.004 19/85 | Building mesh BLAS |     192 tris | Eye glint.004
Fra:1 Mem:25.80M (Peak 30.36M) | Time:00:01.45 | Mem:1.22M, Peak:1.22M | Scene, ViewLayer | Updating Geometry BVH Expressive brow.004 20/85 | Building BVH
Fra:1 Mem:25.80M (Peak 30.36M) | Time:00:01.45 | Mem:1.22M, Peak:1.22M | Scene, ViewLayer | Updating Geometry BVH Expressive brow.004 20/85 | Building mesh BLAS |      44 tris | Expressive brow.004
Fra:1 Mem:25.80M (Peak 30.36M) | Time:00:01.45 | Mem:1.22M, Peak:1.22M | Scene, ViewLayer | Updating Geometry BVH Expressive brow.004 20/85 | Building mesh BLAS |     480 tris | Iris.004
Fra:1 Mem:25.80M (Peak 30.36M) | Time:00:01.45 | Mem:1.22M, Peak:1.22M | Scene, ViewLayer | Updating Geometry BVH Smiling mouth.004 21/85 | Building BVH
Fra:1 Mem:25.80M (Peak 30.36M) | Time:00:01.45 | Mem:1.22M, Peak:1.22M | Scene, ViewLayer | Updating Geometry BVH Smiling mouth.004 21/85 | Building mesh BLAS |      32 tris | Smiling mouth.004
Fra:1 Mem:25.80M (Peak 30.36M) | Time:00:01.45 | Mem:1.22M, Peak:1.22M | Scene, ViewLayer | Updating Geometry BVH Eye socket.005 22/85 | Building BVH
Fra:1 Mem:25.80M (Peak 30.36M) | Time:00:01.45 | Mem:1.22M, Peak:1.22M | Scene, ViewLayer | Updating Geometry BVH Eye socket.005 22/85 | Building mesh BLAS |     480 tris | Eye socket.005
Fra:1 Mem:25.80M (Peak 30.36M) | Time:00:01.45 | Mem:1.22M, Peak:1.22M | Scene, ViewLayer | Updating Geometry BVH Ivory eye.005 23/85 | Building BVH
Fra:1 Mem:25.80M (Peak 30.36M) | Time:00:01.45 | Mem:1.22M, Peak:1.22M | Scene, ViewLayer | Updating Geometry BVH Ivory eye.005 23/85 | Building mesh BLAS |     480 tris | Ivory eye.005
Fra:1 Mem:25.80M (Peak 30.36M) | Time:00:01.45 | Mem:1.22M, Peak:1.22M | Scene, ViewLayer | Updating Geometry BVH Iris.005 24/85 | Building BVH
Fra:1 Mem:25.80M (Peak 30.36M) | Time:00:01.45 | Mem:1.22M, Peak:1.22M | Scene, ViewLayer | Updating Geometry BVH Iris.005 24/85 | Building mesh BLAS |     480 tris | Iris.005
Fra:1 Mem:25.80M (Peak 30.36M) | Time:00:01.45 | Mem:1.22M, Peak:1.22M | Scene, ViewLayer | Updating Geometry BVH Pupil.005 25/85 | Building BVH
Fra:1 Mem:25.80M (Peak 30.36M) | Time:00:01.45 | Mem:1.22M, Peak:1.22M | Scene, ViewLayer | Updating Geometry BVH Pupil.005 25/85 | Building mesh BLAS |     320 tris | Pupil.005
Fra:1 Mem:25.80M (Peak 30.36M) | Time:00:01.45 | Mem:1.22M, Peak:1.22M | Scene, ViewLayer | Updating Geometry BVH Eye glint.005 26/85 | Building BVH
Fra:1 Mem:25.80M (Peak 30.36M) | Time:00:01.45 | Mem:1.22M, Peak:1.22M | Scene, ViewLayer | Updating Geometry BVH Expressive brow.005 27/85 | Building BVH
Fra:1 Mem:25.80M (Peak 30.36M) | Time:00:01.45 | Mem:1.22M, Peak:1.22M | Scene, ViewLayer | Updating Geometry BVH Expressive brow.005 27/85 | Building mesh BLAS |      44 tris | Expressive brow.005
Fra:1 Mem:25.80M (Peak 30.36M) | Time:00:01.45 | Mem:1.22M, Peak:1.22M | Scene, ViewLayer | Updating Geometry BVH Smiling mouth.005 28/85 | Building BVH
Fra:1 Mem:25.80M (Peak 30.36M) | Time:00:01.45 | Mem:1.22M, Peak:1.22M | Scene, ViewLayer | Updating Geometry BVH Smiling mouth.005 28/85 | Building mesh BLAS |      32 tris | Smiling mouth.005
Fra:1 Mem:25.80M (Peak 30.36M) | Time:00:01.46 | Mem:1.22M, Peak:1.22M | Scene, ViewLayer | Updating Geometry BVH Smiling mouth.005 28/85 | Building mesh BLAS |     192 tris | Eye glint.005
Fra:1 Mem:25.80M (Peak 30.36M) | Time:00:01.46 | Mem:1.22M, Peak:1.22M | Scene, ViewLayer | Updating Geometry BVH Lower jaw.002 29/85 | Building BVH
Fra:1 Mem:25.80M (Peak 30.36M) | Time:00:01.46 | Mem:1.22M, Peak:1.22M | Scene, ViewLayer | Updating Geometry BVH Inner ear.002 31/85 | Building BVH
Fra:1 Mem:25.80M (Peak 30.36M) | Time:00:01.46 | Mem:1.22M, Peak:1.22M | Scene, ViewLayer | Updating Geometry BVH Inner ear.002 31/85 | Building mesh BLAS |       3 tris | Inner ear.002
Fra:1 Mem:25.80M (Peak 30.36M) | Time:00:01.46 | Mem:1.22M, Peak:1.22M | Scene, ViewLayer | Updating Geometry BVH Raised elemental crest.002 81/85 | Building BVH
Fra:1 Mem:25.80M (Peak 30.36M) | Time:00:01.46 | Mem:1.22M, Peak:1.22M | Scene, ViewLayer | Updating Geometry BVH Raised elemental crest.002 81/85 | Building mesh BLAS |      46 tris | Raised elemental crest.002
Fra:1 Mem:25.80M (Peak 30.36M) | Time:00:01.46 | Mem:1.22M, Peak:1.22M | Scene, ViewLayer | Updating Geometry BVH Pointed species ear.003 32/85 | Building BVH
Fra:1 Mem:25.80M (Peak 30.36M) | Time:00:01.46 | Mem:1.22M, Peak:1.22M | Scene, ViewLayer | Updating Geometry BVH Pointed species ear.003 32/85 | Building mesh BLAS |       6 tris | Pointed species ear.003
Fra:1 Mem:25.80M (Peak 30.36M) | Time:00:01.46 | Mem:1.22M, Peak:1.22M | Scene, ViewLayer | Updating Geometry BVH Pointed species ear.003 32/85 | Building mesh BLAS |       6 tris | Pointed species ear.002
Fra:1 Mem:25.80M (Peak 30.36M) | Time:00:01.46 | Mem:1.22M, Peak:1.22M | Scene, ViewLayer | Updating Geometry BVH Rainbow swept forelock 34/85 | Building BVH
Fra:1 Mem:25.80M (Peak 30.36M) | Time:00:01.46 | Mem:1.22M, Peak:1.22M | Scene, ViewLayer | Updating Geometry BVH Rainbow swept forelock 34/85 | Building mesh BLAS |      60 tris | Rainbow swept forelock
Fra:1 Mem:25.80M (Peak 30.36M) | Time:00:01.46 | Mem:1.22M, Peak:1.22M | Scene, ViewLayer | Updating Geometry BVH Ribbon mane 35/85 | Building BVH
Fra:1 Mem:25.80M (Peak 30.36M) | Time:00:01.46 | Mem:1.22M, Peak:1.22M | Scene, ViewLayer | Updating Geometry BVH Ribbon mane 35/85 | Building mesh BLAS |      60 tris | Ribbon mane
Fra:1 Mem:25.80M (Peak 30.36M) | Time:00:01.46 | Mem:1.22M, Peak:1.22M | Scene, ViewLayer | Updating Geometry BVH Rainbow swept forelock.001 36/85 | Building BVH
Fra:1 Mem:25.80M (Peak 30.36M) | Time:00:01.46 | Mem:1.22M, Peak:1.22M | Scene, ViewLayer | Updating Geometry BVH Rainbow swept forelock.001 36/85 | Building mesh BLAS |      60 tris | Rainbow swept forelock.001
Fra:1 Mem:25.80M (Peak 30.36M) | Time:00:01.46 | Mem:1.22M, Peak:1.22M | Scene, ViewLayer | Updating Geometry BVH Ribbon mane.002 39/85 | Building BVH
Fra:1 Mem:25.80M (Peak 30.36M) | Time:00:01.46 | Mem:1.22M, Peak:1.22M | Scene, ViewLayer | Updating Geometry BVH Ribbon mane.002 39/85 | Building mesh BLAS |      60 tris | Ribbon mane.002
Fra:1 Mem:25.80M (Peak 30.36M) | Time:00:01.46 | Mem:1.22M, Peak:1.22M | Scene, ViewLayer | Updating Geometry BVH Ribbon mane.002 39/85 | Building mesh BLAS |       3 tris | Inner ear.003
Fra:1 Mem:25.80M (Peak 30.36M) | Time:00:01.46 | Mem:1.22M, Peak:1.22M | Scene, ViewLayer | Updating Geometry BVH Ribbon mane.002 39/85 | Building mesh BLAS |      60 tris | Ribbon mane.001
Fra:1 Mem:25.80M (Peak 30.36M) | Time:00:01.46 | Mem:1.22M, Peak:1.22M | Scene, ViewLayer | Updating Geometry BVH Ribbon mane.002 39/85 | Building mesh BLAS |      60 tris | Rainbow swept forelock.002
Fra:1 Mem:25.80M (Peak 30.36M) | Time:00:01.46 | Mem:1.22M, Peak:1.22M | Scene, ViewLayer | Updating Geometry BVH Brass crest clasp.002 80/85 | Building BVH
Fra:1 Mem:25.80M (Peak 30.36M) | Time:00:01.46 | Mem:1.22M, Peak:1.22M | Scene, ViewLayer | Updating Geometry BVH Brass crest clasp.002 80/85 | Building mesh BLAS |     320 tris | Brass crest clasp.002
Fra:1 Mem:25.80M (Peak 30.36M) | Time:00:01.46 | Mem:1.22M, Peak:1.22M | Scene, ViewLayer | Updating Geometry BVH Rainbow swept forelock.003 40/85 | Building BVH
Fra:1 Mem:25.80M (Peak 30.36M) | Time:00:01.46 | Mem:1.22M, Peak:1.22M | Scene, ViewLayer | Updating Geometry BVH Rainbow swept forelock.003 40/85 | Building mesh BLAS |      60 tris | Rainbow swept forelock.003
Fra:1 Mem:25.80M (Peak 30.36M) | Time:00:01.46 | Mem:1.22M, Peak:1.22M | Scene, ViewLayer | Updating Geometry BVH Neckerchief folded point.002 79/85 | Building BVH
Fra:1 Mem:25.80M (Peak 30.36M) | Time:00:01.46 | Mem:1.22M, Peak:1.22M | Scene, ViewLayer | Updating Geometry BVH Neckerchief folded point.002 79/85 | Building mesh BLAS |       4 tris | Neckerchief folded point.002
Fra:1 Mem:25.80M (Peak 30.36M) | Time:00:01.46 | Mem:1.22M, Peak:1.22M | Scene, ViewLayer | Updating Geometry BVH Ribbon mane.003 41/85 | Building BVH
Fra:1 Mem:25.80M (Peak 30.36M) | Time:00:01.46 | Mem:1.22M, Peak:1.22M | Scene, ViewLayer | Updating Geometry BVH Rainbow swept forelock.004 42/85 | Building mesh BLAS |      60 tris | Ribbon mane.003
Fra:1 Mem:25.80M (Peak 30.36M) | Time:00:01.46 | Mem:1.22M, Peak:1.22M | Scene, ViewLayer | Updating Geometry BVH Leather neckerchief roll.002 78/85 | Building BVH
Fra:1 Mem:25.80M (Peak 30.36M) | Time:00:01.46 | Mem:1.22M, Peak:1.22M | Scene, ViewLayer | Updating Geometry BVH Leather neckerchief roll.002 78/85 | Building mesh BLAS |      60 tris | Rainbow swept forelock.004
Fra:1 Mem:25.80M (Peak 30.36M) | Time:00:01.46 | Mem:1.22M, Peak:1.22M | Scene, ViewLayer | Updating Geometry BVH Leather neckerchief roll.002 78/85 | Building mesh BLAS |      76 tris | Leather neckerchief roll.002
Fra:1 Mem:25.80M (Peak 30.36M) | Time:00:01.46 | Mem:1.22M, Peak:1.22M | Scene, ViewLayer | Updating Geometry BVH Rainbow swept forelock.005 44/85 | Building BVH
Fra:1 Mem:25.80M (Peak 30.36M) | Time:00:01.46 | Mem:1.22M, Peak:1.22M | Scene, ViewLayer | Updating Geometry BVH Rainbow swept forelock.005 44/85 | Building mesh BLAS |      60 tris | Rainbow swept forelock.005
Fra:1 Mem:25.80M (Peak 30.36M) | Time:00:01.46 | Mem:1.22M, Peak:1.22M | Scene, ViewLayer | Updating Geometry BVH Ribbon mane.005 45/85 | Building BVH
Fra:1 Mem:25.80M (Peak 30.36M) | Time:00:01.46 | Mem:1.22M, Peak:1.22M | Scene, ViewLayer | Updating Geometry BVH Ribbon mane.005 45/85 | Building mesh BLAS |      60 tris | Ribbon mane.005
Fra:1 Mem:25.80M (Peak 30.36M) | Time:00:01.46 | Mem:1.22M, Peak:1.22M | Scene, ViewLayer | Updating Geometry BVH Rainbow tail ribbon.006 77/85 | Building BVH
Fra:1 Mem:25.80M (Peak 30.36M) | Time:00:01.46 | Mem:1.22M, Peak:1.22M | Scene, ViewLayer | Updating Geometry BVH Rainbow tail ribbon.006 77/85 | Building mesh BLAS |      60 tris | Ribbon mane.004
Fra:1 Mem:25.80M (Peak 30.36M) | Time:00:01.46 | Mem:1.22M, Peak:1.22M | Scene, ViewLayer | Updating Geometry BVH Rainbow tail ribbon.006 77/85 | Building mesh BLAS |      60 tris | Rainbow tail ribbon.006
Fra:1 Mem:25.80M (Peak 30.36M) | Time:00:01.46 | Mem:1.22M, Peak:1.22M | Scene, ViewLayer | Updating Geometry BVH Rainbow tail ribbon.006 77/85 | Building mesh BLAS |      60 tris | Rainbow swept forelock.006
Fra:1 Mem:25.80M (Peak 30.36M) | Time:00:01.46 | Mem:1.22M, Peak:1.22M | Scene, ViewLayer | Updating Geometry BVH Golden unicorn horn 48/85 | Building BVH
Fra:1 Mem:25.80M (Peak 30.36M) | Time:00:01.46 | Mem:1.22M, Peak:1.22M | Scene, ViewLayer | Updating Geometry BVH Golden unicorn horn 48/85 | Building mesh BLAS |      92 tris | Golden unicorn horn
Fra:1 Mem:25.80M (Peak 30.36M) | Time:00:01.46 | Mem:1.22M, Peak:1.22M | Scene, ViewLayer | Updating Geometry BVH Horn spiral ridge 49/85 | Building BVH
Fra:1 Mem:25.80M (Peak 30.36M) | Time:00:01.46 | Mem:1.22M, Peak:1.22M | Scene, ViewLayer | Updating Geometry BVH Horn spiral ridge 49/85 | Building mesh BLAS |     776 tris | Horn spiral ridge
Fra:1 Mem:25.80M (Peak 30.36M) | Time:00:01.46 | Mem:1.22M, Peak:1.22M | Scene, ViewLayer | Updating Geometry BVH Fetlock feather 50/85 | Building BVH
Fra:1 Mem:25.80M (Peak 30.36M) | Time:00:01.46 | Mem:1.22M, Peak:1.22M | Scene, ViewLayer | Updating Geometry BVH Fetlock feather 50/85 | Building mesh BLAS |      44 tris | Fetlock feather
Fra:1 Mem:25.80M (Peak 30.36M) | Time:00:01.46 | Mem:1.22M, Peak:1.22M | Scene, ViewLayer | Updating Geometry BVH Fetlock feather.001 51/85 | Building BVH
Fra:1 Mem:25.80M (Peak 30.36M) | Time:00:01.46 | Mem:1.22M, Peak:1.22M | Scene, ViewLayer | Updating Geometry BVH Fetlock feather.001 51/85 | Building mesh BLAS |      44 tris | Fetlock feather.001
Fra:1 Mem:25.80M (Peak 30.36M) | Time:00:01.46 | Mem:1.22M, Peak:1.22M | Scene, ViewLayer | Updating Geometry BVH Fetlock feather.002 52/85 | Building BVH
Fra:1 Mem:25.80M (Peak 30.36M) | Time:00:01.46 | Mem:1.22M, Peak:1.22M | Scene, ViewLayer | Updating Geometry BVH Fetlock feather.004 54/85 | Building BVH
Fra:1 Mem:25.80M (Peak 30.36M) | Time:00:01.46 | Mem:1.22M, Peak:1.22M | Scene, ViewLayer | Updating Geometry BVH Fetlock feather.004 54/85 | Building mesh BLAS |      60 tris | Ribbon mane.006
Fra:1 Mem:25.80M (Peak 30.36M) | Time:00:01.46 | Mem:1.22M, Peak:1.22M | Scene, ViewLayer | Updating Geometry BVH Fetlock feather.005 55/85 | Building BVH
Fra:1 Mem:25.80M (Peak 30.36M) | Time:00:01.46 | Mem:1.22M, Peak:1.22M | Scene, ViewLayer | Updating Geometry BVH Fetlock feather.005 55/85 | Building mesh BLAS |      44 tris | Fetlock feather.005
Fra:1 Mem:25.80M (Peak 30.36M) | Time:00:01.46 | Mem:1.22M, Peak:1.22M | Scene, ViewLayer | Updating Geometry BVH Fetlock feather.006 56/85 | Building BVH
Fra:1 Mem:25.80M (Peak 30.36M) | Time:00:01.46 | Mem:1.22M, Peak:1.22M | Scene, ViewLayer | Updating Geometry BVH Fetlock feather.006 56/85 | Building mesh BLAS |      44 tris | Fetlock feather.006
Fra:1 Mem:25.80M (Peak 30.36M) | Time:00:01.46 | Mem:1.22M, Peak:1.22M | Scene, ViewLayer | Updating Geometry BVH Fetlock feather.007 57/85 | Building BVH
Fra:1 Mem:25.80M (Peak 30.36M) | Time:00:01.46 | Mem:1.22M, Peak:1.22M | Scene, ViewLayer | Updating Geometry BVH Fetlock feather.007 57/85 | Building mesh BLAS |      44 tris | Fetlock feather.007
Fra:1 Mem:25.80M (Peak 30.36M) | Time:00:01.46 | Mem:1.22M, Peak:1.22M | Scene, ViewLayer | Updating Geometry BVH Fetlock feather.008 58/85 | Building BVH
Fra:1 Mem:25.80M (Peak 30.36M) | Time:00:01.46 | Mem:1.22M, Peak:1.22M | Scene, ViewLayer | Updating Geometry BVH Fetlock feather.008 58/85 | Building mesh BLAS |      44 tris | Fetlock feather.008
Fra:1 Mem:25.80M (Peak 30.36M) | Time:00:01.46 | Mem:1.22M, Peak:1.22M | Scene, ViewLayer | Updating Geometry BVH Fetlock feather.008 58/85 | Building mesh BLAS |      44 tris | Fetlock feather.003
Fra:1 Mem:25.80M (Peak 30.36M) | Time:00:01.46 | Mem:1.22M, Peak:1.22M | Scene, ViewLayer | Updating Geometry BVH Fetlock feather.008 58/85 | Building mesh BLAS |      44 tris | Fetlock feather.002
Fra:1 Mem:25.80M (Peak 30.36M) | Time:00:01.46 | Mem:1.22M, Peak:1.22M | Scene, ViewLayer | Updating Geometry BVH Fetlock feather.009 59/85 | Building BVH
Fra:1 Mem:25.80M (Peak 30.36M) | Time:00:01.46 | Mem:1.22M, Peak:1.22M | Scene, ViewLayer | Updating Geometry BVH Fetlock feather.009 59/85 | Building mesh BLAS |      44 tris | Fetlock feather.009
Fra:1 Mem:25.80M (Peak 30.36M) | Time:00:01.46 | Mem:1.22M, Peak:1.22M | Scene, ViewLayer | Updating Geometry BVH Fetlock feather.010 60/85 | Building BVH
Fra:1 Mem:25.80M (Peak 30.36M) | Time:00:01.46 | Mem:1.22M, Peak:1.22M | Scene, ViewLayer | Updating Geometry BVH Rainbow tail ribbon.005 76/85 | Building BVH
Fra:1 Mem:25.80M (Peak 30.36M) | Time:00:01.46 | Mem:1.22M, Peak:1.22M | Scene, ViewLayer | Updating Geometry BVH Rainbow tail ribbon.005 76/85 | Building mesh BLAS |      60 tris | Rainbow tail ribbon.005
Fra:1 Mem:25.80M (Peak 30.36M) | Time:00:01.46 | Mem:1.22M, Peak:1.22M | Scene, ViewLayer | Updating Geometry BVH Rainbow tail ribbon.005 76/85 | Building mesh BLAS |      44 tris | Fetlock feather.010
Fra:1 Mem:25.80M (Peak 30.36M) | Time:00:01.46 | Mem:1.22M, Peak:1.22M | Scene, ViewLayer | Updating Geometry BVH Fetlock feather.011 61/85 | Building BVH
Fra:1 Mem:25.80M (Peak 30.36M) | Time:00:01.46 | Mem:1.22M, Peak:1.22M | Scene, ViewLayer | Updating Geometry BVH Fetlock feather.011 61/85 | Building mesh BLAS |      44 tris | Fetlock feather.011
Fra:1 Mem:25.80M (Peak 30.36M) | Time:00:01.46 | Mem:1.22M, Peak:1.22M | Scene, ViewLayer | Updating Geometry BVH Rainbow tail ribbon.004 75/85 | Building BVH
Fra:1 Mem:25.80M (Peak 30.36M) | Time:00:01.46 | Mem:1.22M, Peak:1.22M | Scene, ViewLayer | Updating Geometry BVH Rainbow tail ribbon.004 75/85 | Building mesh BLAS |      60 tris | Rainbow tail ribbon.004
Fra:1 Mem:25.80M (Peak 30.36M) | Time:00:01.46 | Mem:1.22M, Peak:1.22M | Scene, ViewLayer | Updating Geometry BVH Fetlock feather.012 62/85 | Building BVH
Fra:1 Mem:25.80M (Peak 30.36M) | Time:00:01.46 | Mem:1.22M, Peak:1.22M | Scene, ViewLayer | Updating Geometry BVH Fetlock feather.013 63/85 | Building BVH
Fra:1 Mem:25.80M (Peak 30.36M) | Time:00:01.46 | Mem:1.22M, Peak:1.22M | Scene, ViewLayer | Updating Geometry BVH Fetlock feather.013 63/85 | Building mesh BLAS |      44 tris | Fetlock feather.013
Fra:1 Mem:25.80M (Peak 30.36M) | Time:00:01.46 | Mem:1.22M, Peak:1.22M | Scene, ViewLayer | Updating Geometry BVH Fetlock feather.014 64/85 | Building BVH
Fra:1 Mem:25.80M (Peak 30.36M) | Time:00:01.46 | Mem:1.22M, Peak:1.22M | Scene, ViewLayer | Updating Geometry BVH Fetlock feather.014 64/85 | Building mesh BLAS |      44 tris | Fetlock feather.014
Fra:1 Mem:25.80M (Peak 30.36M) | Time:00:01.46 | Mem:1.22M, Peak:1.22M | Scene, ViewLayer | Updating Geometry BVH Fetlock feather.015 65/85 | Building BVH
Fra:1 Mem:25.80M (Peak 30.36M) | Time:00:01.46 | Mem:1.22M, Peak:1.22M | Scene, ViewLayer | Updating Geometry BVH Fetlock feather.015 65/85 | Building mesh BLAS |      44 tris | Fetlock feather.015
Fra:1 Mem:25.80M (Peak 30.36M) | Time:00:01.46 | Mem:1.22M, Peak:1.22M | Scene, ViewLayer | Updating Geometry BVH Fetlock feather.016 66/85 | Building BVH
Fra:1 Mem:25.80M (Peak 30.36M) | Time:00:01.46 | Mem:1.22M, Peak:1.22M | Scene, ViewLayer | Updating Geometry BVH Fetlock feather.016 66/85 | Building mesh BLAS |      44 tris | Fetlock feather.016
Fra:1 Mem:25.80M (Peak 30.36M) | Time:00:01.46 | Mem:1.22M, Peak:1.22M | Scene, ViewLayer | Updating Geometry BVH Fetlock feather.017 67/85 | Building BVH
Fra:1 Mem:25.80M (Peak 30.36M) | Time:00:01.46 | Mem:1.22M, Peak:1.22M | Scene, ViewLayer | Updating Geometry BVH Fetlock feather.017 67/85 | Building mesh BLAS |      44 tris | Fetlock feather.017
Fra:1 Mem:25.80M (Peak 30.36M) | Time:00:01.46 | Mem:1.22M, Peak:1.22M | Scene, ViewLayer | Updating Geometry BVH Fetlock feather.018 68/85 | Building BVH
Fra:1 Mem:25.80M (Peak 30.36M) | Time:00:01.46 | Mem:1.22M, Peak:1.22M | Scene, ViewLayer | Updating Geometry BVH Rainbow tail ribbon.003 74/85 | Building mesh BLAS |      44 tris | Fetlock feather.018
Fra:1 Mem:25.80M (Peak 30.36M) | Time:00:01.46 | Mem:1.22M, Peak:1.22M | Scene, ViewLayer | Updating Geometry BVH Fetlock feather.019 69/85 | Building BVH
Fra:1 Mem:25.80M (Peak 30.36M) | Time:00:01.46 | Mem:1.22M, Peak:1.22M | Scene, ViewLayer | Updating Geometry BVH Fetlock feather.019 69/85 | Building mesh BLAS |      60 tris | Rainbow tail ribbon.003
Fra:1 Mem:25.80M (Peak 30.36M) | Time:00:01.46 | Mem:1.22M, Peak:1.22M | Scene, ViewLayer | Updating Geometry BVH Fetlock feather.019 69/85 | Building mesh BLAS |      44 tris | Fetlock feather.019
Fra:1 Mem:25.80M (Peak 30.36M) | Time:00:01.46 | Mem:1.22M, Peak:1.22M | Scene, ViewLayer | Updating Geometry BVH Articulated tail.002 70/85 | Building BVH
Fra:1 Mem:25.80M (Peak 30.36M) | Time:00:01.46 | Mem:1.22M, Peak:1.22M | Scene, ViewLayer | Updating Geometry BVH Articulated tail.002 70/85 | Building mesh BLAS |     268 tris | Articulated tail.002
Fra:1 Mem:25.80M (Peak 30.36M) | Time:00:01.46 | Mem:1.22M, Peak:1.22M | Scene, ViewLayer | Updating Geometry BVH Rainbow tail ribbon 71/85 | Building BVH
Fra:1 Mem:25.80M (Peak 30.36M) | Time:00:01.46 | Mem:1.22M, Peak:1.22M | Scene, ViewLayer | Updating Geometry BVH Rainbow tail ribbon 71/85 | Building mesh BLAS |      60 tris | Rainbow tail ribbon
Fra:1 Mem:25.80M (Peak 30.36M) | Time:00:01.46 | Mem:1.22M, Peak:1.22M | Scene, ViewLayer | Updating Geometry BVH Rainbow tail ribbon.001 72/85 | Building BVH
Fra:1 Mem:25.80M (Peak 30.36M) | Time:00:01.46 | Mem:1.22M, Peak:1.22M | Scene, ViewLayer | Updating Geometry BVH Rainbow tail ribbon.001 72/85 | Building mesh BLAS |      60 tris | Rainbow tail ribbon.001
Fra:1 Mem:25.80M (Peak 30.36M) | Time:00:01.46 | Mem:1.22M, Peak:1.22M | Scene, ViewLayer | Updating Geometry BVH Rainbow tail ribbon.002 73/85 | Building BVH
Fra:1 Mem:25.80M (Peak 30.36M) | Time:00:01.46 | Mem:1.22M, Peak:1.22M | Scene, ViewLayer | Updating Geometry BVH Rainbow tail ribbon.002 73/85 | Building mesh BLAS |      60 tris | Rainbow tail ribbon.002
Fra:1 Mem:25.80M (Peak 30.36M) | Time:00:01.47 | Mem:1.61M, Peak:1.61M | Scene, ViewLayer | Updating Scene BVH | Building
Fra:1 Mem:25.80M (Peak 30.36M) | Time:00:01.48 | Mem:2.07M, Peak:2.07M | Scene, ViewLayer | Updating Scene BVH | Building TLAS      |      85 instances
Fra:1 Mem:25.80M (Peak 30.36M) | Time:00:01.48 | Mem:2.10M, Peak:2.10M | Scene, ViewLayer | Updating Scene BVH | Copying BVH to device
Fra:1 Mem:25.80M (Peak 30.36M) | Time:00:01.48 | Mem:2.10M, Peak:2.10M | Scene, ViewLayer | Updating Mesh | Computing normals
Fra:1 Mem:26.27M (Peak 30.36M) | Time:00:01.48 | Mem:2.10M, Peak:2.10M | Scene, ViewLayer | Updating Mesh | Copying Mesh to device
Fra:1 Mem:25.80M (Peak 30.36M) | Time:00:01.48 | Mem:2.60M, Peak:2.60M | Scene, ViewLayer | Updating Objects Flags
Fra:1 Mem:25.80M (Peak 30.36M) | Time:00:01.48 | Mem:2.60M, Peak:2.60M | Scene, ViewLayer | Updating Primitive Offsets
Fra:1 Mem:25.80M (Peak 30.36M) | Time:00:01.48 | Mem:2.60M, Peak:2.60M | Scene, ViewLayer | Updating Images
Fra:1 Mem:25.80M (Peak 30.36M) | Time:00:01.48 | Mem:2.60M, Peak:2.60M | Scene, ViewLayer | Updating Camera Volume
Fra:1 Mem:25.80M (Peak 30.36M) | Time:00:01.48 | Mem:2.60M, Peak:2.60M | Scene, ViewLayer | Updating Lookup Tables
Fra:1 Mem:25.72M (Peak 30.36M) | Time:00:01.48 | Mem:2.70M, Peak:2.70M | Scene, ViewLayer | Updating Lights
Fra:1 Mem:25.72M (Peak 30.36M) | Time:00:01.48 | Mem:2.70M, Peak:2.70M | Scene, ViewLayer | Updating Lights | Computing tree
Fra:1 Mem:25.72M (Peak 30.36M) | Time:00:01.48 | Mem:2.70M, Peak:2.70M | Scene, ViewLayer | Updating Integrator
Fra:1 Mem:25.72M (Peak 30.36M) | Time:00:01.48 | Mem:2.70M, Peak:2.70M | Scene, ViewLayer | Updating Film
Fra:1 Mem:25.81M (Peak 30.36M) | Time:00:01.48 | Mem:2.61M, Peak:2.70M | Scene, ViewLayer | Updating Lookup Tables
Fra:1 Mem:25.72M (Peak 30.36M) | Time:00:01.48 | Mem:2.70M, Peak:2.70M | Scene, ViewLayer | Updating Baking
Fra:1 Mem:25.72M (Peak 30.36M) | Time:00:01.48 | Mem:2.70M, Peak:2.70M | Scene, ViewLayer | Updating Device | Writing constant memory
Fra:1 Mem:25.73M (Peak 30.36M) | Time:00:01.54 | Mem:2.70M, Peak:2.70M | Scene, ViewLayer | Loading denoising kernels (may take a few minutes the first time)
Fra:1 Mem:25.73M (Peak 57.73M) | Time:00:01.58 | Mem:2818.71M, Peak:2818.71M | Scene, ViewLayer | Sample 0/12 (Using optimized kernels)
Fra:1 Mem:25.72M (Peak 61.23M) | Time:00:03.75 | Remaining:00:23.84 | Mem:2854.26M, Peak:2854.26M | Scene, ViewLayer | Sample 1/12 (Using optimized kernels)
Fra:1 Mem:40.67M (Peak 63.11M) | Time:00:14.64 | Mem:2854.26M, Peak:2854.26M | Scene, ViewLayer | Sample 12/12 (Using optimized kernels)
Fra:1 Mem:40.67M (Peak 63.11M) | Time:00:14.64 | Mem:2854.26M, Peak:2854.26M | Scene, ViewLayer | Finished
Saved: '/Users/chikumatsuboi/Code/animal-racers-western/assets/source/western/qa/unicorn-fight_idle-01.png'
Time: 00:14.83 (Saving: 00:00.11)

Fra:7 Mem:27.66M (Peak 27.66M) | Time:00:00.01 | Mem:0.02M, Peak:0.02M | Scene, ViewLayer | Synchronizing object | Body • continuous sculpted skin
Fra:7 Mem:27.66M (Peak 27.66M) | Time:00:00.01 | Mem:0.02M, Peak:0.02M | Scene, ViewLayer | Synchronizing object | Bronzed hoof
Fra:7 Mem:27.72M (Peak 27.72M) | Time:00:00.01 | Mem:0.02M, Peak:0.02M | Scene, ViewLayer | Synchronizing object | Hoof cleft
Fra:7 Mem:27.91M (Peak 27.91M) | Time:00:00.01 | Mem:0.02M, Peak:0.02M | Scene, ViewLayer | Synchronizing object | Bronzed hoof.001
Fra:7 Mem:27.92M (Peak 27.92M) | Time:00:00.01 | Mem:0.02M, Peak:0.02M | Scene, ViewLayer | Synchronizing object | Hoof cleft.001
Fra:7 Mem:27.92M (Peak 27.92M) | Time:00:00.01 | Mem:0.02M, Peak:0.02M | Scene, ViewLayer | Synchronizing object | Bronzed hoof.002
Fra:7 Mem:27.93M (Peak 27.93M) | Time:00:00.01 | Mem:0.02M, Peak:0.02M | Scene, ViewLayer | Synchronizing object | Hoof cleft.002
Fra:7 Mem:27.94M (Peak 27.94M) | Time:00:00.01 | Mem:0.02M, Peak:0.02M | Scene, ViewLayer | Synchronizing object | Bronzed hoof.003
Fra:7 Mem:27.94M (Peak 27.94M) | Time:00:00.01 | Mem:0.02M, Peak:0.02M | Scene, ViewLayer | Synchronizing object | Hoof cleft.003
Fra:7 Mem:27.95M (Peak 27.95M) | Time:00:00.01 | Mem:0.02M, Peak:0.02M | Scene, ViewLayer | Synchronizing object | Head • species sculpt
Fra:7 Mem:28.16M (Peak 28.16M) | Time:00:00.01 | Mem:0.02M, Peak:0.02M | Scene, ViewLayer | Synchronizing object | Velvet muzzle
Fra:7 Mem:28.33M (Peak 28.33M) | Time:00:00.01 | Mem:0.02M, Peak:0.02M | Scene, ViewLayer | Synchronizing object | Nostril
Fra:7 Mem:28.33M (Peak 28.33M) | Time:00:00.01 | Mem:0.02M, Peak:0.02M | Scene, ViewLayer | Synchronizing object | Warm rim
Fra:7 Mem:28.36M (Peak 28.36M) | Time:00:00.01 | Mem:0.02M, Peak:0.02M | Scene, ViewLayer | Synchronizing object | Sky fill
Fra:7 Mem:28.36M (Peak 28.36M) | Time:00:00.01 | Mem:0.02M, Peak:0.02M | Scene, ViewLayer | Synchronizing object | Sunset key
Fra:7 Mem:28.36M (Peak 28.36M) | Time:00:00.01 | Mem:0.02M, Peak:0.02M | Scene, ViewLayer | Synchronizing object | Plane
Fra:7 Mem:28.36M (Peak 28.36M) | Time:00:00.01 | Mem:0.02M, Peak:0.02M | Scene, ViewLayer | Synchronizing object | Raised elemental crest
Fra:7 Mem:28.36M (Peak 28.36M) | Time:00:00.01 | Mem:0.02M, Peak:0.02M | Scene, ViewLayer | Synchronizing object | Brass crest clasp
Fra:7 Mem:28.38M (Peak 28.38M) | Time:00:00.01 | Mem:0.02M, Peak:0.02M | Scene, ViewLayer | Synchronizing object | Neckerchief folded point
Fra:7 Mem:28.40M (Peak 28.40M) | Time:00:00.01 | Mem:0.02M, Peak:0.02M | Scene, ViewLayer | Synchronizing object | Leather neckerchief roll
Fra:7 Mem:28.48M (Peak 28.48M) | Time:00:00.01 | Mem:0.02M, Peak:0.02M | Scene, ViewLayer | Synchronizing object | Rainbow tail ribbon.006
Fra:7 Mem:28.48M (Peak 28.48M) | Time:00:00.01 | Mem:0.02M, Peak:0.02M | Scene, ViewLayer | Synchronizing object | Iris
Fra:7 Mem:28.49M (Peak 28.49M) | Time:00:00.01 | Mem:0.02M, Peak:0.02M | Scene, ViewLayer | Synchronizing object | Pupil
Fra:7 Mem:28.53M (Peak 28.53M) | Time:00:00.01 | Mem:0.02M, Peak:0.02M | Scene, ViewLayer | Synchronizing object | Rainbow tail ribbon.005
Fra:7 Mem:28.55M (Peak 28.55M) | Time:00:00.01 | Mem:0.02M, Peak:0.02M | Scene, ViewLayer | Synchronizing object | Expressive brow
Fra:7 Mem:28.54M (Peak 28.55M) | Time:00:00.01 | Mem:0.02M, Peak:0.02M | Scene, ViewLayer | Synchronizing object | Rainbow tail ribbon.004
Fra:7 Mem:28.54M (Peak 28.55M) | Time:00:00.01 | Mem:0.02M, Peak:0.02M | Scene, ViewLayer | Synchronizing object | Smiling mouth
Fra:7 Mem:28.55M (Peak 28.55M) | Time:00:00.01 | Mem:0.02M, Peak:0.02M | Scene, ViewLayer | Synchronizing object | Eye socket.001
Fra:7 Mem:28.57M (Peak 28.57M) | Time:00:00.01 | Mem:0.02M, Peak:0.02M | Scene, ViewLayer | Synchronizing object | Rainbow tail ribbon.003
Fra:7 Mem:28.59M (Peak 28.59M) | Time:00:00.01 | Mem:0.02M, Peak:0.02M | Scene, ViewLayer | Synchronizing object | Pupil.001
Fra:7 Mem:28.64M (Peak 28.64M) | Time:00:00.01 | Mem:0.02M, Peak:0.02M | Scene, ViewLayer | Synchronizing object | Eye glint.001
Fra:7 Mem:28.68M (Peak 28.68M) | Time:00:00.01 | Mem:0.02M, Peak:0.02M | Scene, ViewLayer | Synchronizing object | Expressive brow.001
Fra:7 Mem:28.69M (Peak 28.69M) | Time:00:00.01 | Mem:0.02M, Peak:0.02M | Scene, ViewLayer | Synchronizing object | Lower jaw
Fra:7 Mem:28.72M (Peak 28.72M) | Time:00:00.01 | Mem:0.02M, Peak:0.02M | Scene, ViewLayer | Synchronizing object | Pointed species ear
Fra:7 Mem:28.73M (Peak 28.73M) | Time:00:00.01 | Mem:0.02M, Peak:0.02M | Scene, ViewLayer | Synchronizing object | Inner ear
Fra:7 Mem:28.73M (Peak 28.73M) | Time:00:00.01 | Mem:0.02M, Peak:0.02M | Scene, ViewLayer | Synchronizing object | Pointed species ear.001
Fra:7 Mem:28.73M (Peak 28.73M) | Time:00:00.01 | Mem:0.02M, Peak:0.02M | Scene, ViewLayer | Synchronizing object | Inner ear.001
Fra:7 Mem:28.75M (Peak 28.75M) | Time:00:00.01 | Mem:0.02M, Peak:0.02M | Scene, ViewLayer | Synchronizing object | Ribbon mane
Fra:7 Mem:28.75M (Peak 28.75M) | Time:00:00.01 | Mem:0.02M, Peak:0.02M | Scene, ViewLayer | Synchronizing object | Rainbow swept forelock.001
Fra:7 Mem:28.76M (Peak 28.76M) | Time:00:00.01 | Mem:0.02M, Peak:0.02M | Scene, ViewLayer | Synchronizing object | Ribbon mane.001
Fra:7 Mem:28.80M (Peak 28.80M) | Time:00:00.01 | Mem:0.02M, Peak:0.02M | Scene, ViewLayer | Synchronizing object | Rainbow swept forelock.002
Fra:7 Mem:28.80M (Peak 28.80M) | Time:00:00.01 | Mem:0.02M, Peak:0.02M | Scene, ViewLayer | Synchronizing object | Rainbow swept forelock.003
Fra:7 Mem:28.81M (Peak 28.81M) | Time:00:00.01 | Mem:0.02M, Peak:0.02M | Scene, ViewLayer | Synchronizing object | Ribbon mane.003
Fra:7 Mem:28.81M (Peak 28.81M) | Time:00:00.01 | Mem:0.02M, Peak:0.02M | Scene, ViewLayer | Synchronizing object | Rainbow swept forelock.004
Fra:7 Mem:28.82M (Peak 28.82M) | Time:00:00.01 | Mem:0.02M, Peak:0.02M | Scene, ViewLayer | Synchronizing object | Ribbon mane.004
Fra:7 Mem:28.85M (Peak 28.85M) | Time:00:00.01 | Mem:0.02M, Peak:0.02M | Scene, ViewLayer | Synchronizing object | Rainbow swept forelock.005
Fra:7 Mem:28.89M (Peak 28.89M) | Time:00:00.01 | Mem:0.02M, Peak:0.02M | Scene, ViewLayer | Synchronizing object | Ribbon mane.005
Fra:7 Mem:28.88M (Peak 28.89M) | Time:00:00.01 | Mem:0.02M, Peak:0.02M | Scene, ViewLayer | Synchronizing object | Horn spiral ridge
Fra:7 Mem:28.88M (Peak 28.89M) | Time:00:00.01 | Mem:0.02M, Peak:0.02M | Scene, ViewLayer | Synchronizing object | Fetlock feather
Fra:7 Mem:28.88M (Peak 28.89M) | Time:00:00.01 | Mem:0.02M, Peak:0.02M | Scene, ViewLayer | Synchronizing object | Fetlock feather.001
Fra:7 Mem:28.89M (Peak 28.89M) | Time:00:00.01 | Mem:0.02M, Peak:0.02M | Scene, ViewLayer | Synchronizing object | Fetlock feather.002
Fra:7 Mem:28.91M (Peak 28.91M) | Time:00:00.01 | Mem:0.02M, Peak:0.02M | Scene, ViewLayer | Synchronizing object | Fetlock feather.003
Fra:7 Mem:28.93M (Peak 28.93M) | Time:00:00.01 | Mem:0.02M, Peak:0.02M | Scene, ViewLayer | Synchronizing object | Rainbow tail ribbon
Fra:7 Mem:28.91M (Peak 28.93M) | Time:00:00.01 | Mem:0.02M, Peak:0.02M | Scene, ViewLayer | Synchronizing object | Fetlock feather.004
Fra:7 Mem:28.92M (Peak 28.93M) | Time:00:00.01 | Mem:0.02M, Peak:0.02M | Scene, ViewLayer | Synchronizing object | Fetlock feather.007
Fra:7 Mem:28.94M (Peak 28.94M) | Time:00:00.01 | Mem:0.02M, Peak:0.02M | Scene, ViewLayer | Synchronizing object | Fetlock feather.008
Fra:7 Mem:28.97M (Peak 28.97M) | Time:00:00.01 | Mem:0.02M, Peak:0.02M | Scene, ViewLayer | Synchronizing object | Fetlock feather.009
Fra:7 Mem:28.97M (Peak 28.97M) | Time:00:00.01 | Mem:0.02M, Peak:0.02M | Scene, ViewLayer | Synchronizing object | Fetlock feather.010
Fra:7 Mem:28.98M (Peak 28.98M) | Time:00:00.01 | Mem:0.02M, Peak:0.02M | Scene, ViewLayer | Synchronizing object | Fetlock feather.011
Fra:7 Mem:28.99M (Peak 28.99M) | Time:00:00.01 | Mem:0.02M, Peak:0.02M | Scene, ViewLayer | Synchronizing object | Fetlock feather.013
Fra:7 Mem:28.99M (Peak 28.99M) | Time:00:00.01 | Mem:0.02M, Peak:0.02M | Scene, ViewLayer | Synchronizing object | Fetlock feather.015
Fra:7 Mem:29.02M (Peak 29.02M) | Time:00:00.01 | Mem:0.02M, Peak:0.02M | Scene, ViewLayer | Synchronizing object | Fetlock feather.016
Fra:7 Mem:29.03M (Peak 29.03M) | Time:00:00.01 | Mem:0.02M, Peak:0.02M | Scene, ViewLayer | Synchronizing object | Fetlock feather.017
Fra:7 Mem:29.04M (Peak 29.04M) | Time:00:00.01 | Mem:0.02M, Peak:0.02M | Scene, ViewLayer | Synchronizing object | Fetlock feather.019
Fra:7 Mem:29.06M (Peak 29.06M) | Time:00:00.01 | Mem:0.02M, Peak:0.02M | Scene, ViewLayer | Initializing
Fra:7 Mem:27.64M (Peak 29.06M) | Time:00:00.01 | Mem:0.02M, Peak:0.02M | Scene, ViewLayer | Updating Images | Loading Authored short-fur normal
Fra:7 Mem:24.47M (Peak 29.06M) | Time:00:00.02 | Mem:0.27M, Peak:0.27M | Scene, ViewLayer | Waiting for render to start
Fra:7 Mem:24.47M (Peak 29.06M) | Time:00:00.02 | Mem:0.27M, Peak:0.27M | Scene, ViewLayer | Updating Scene
Fra:7 Mem:24.47M (Peak 29.06M) | Time:00:00.02 | Mem:0.27M, Peak:0.27M | Scene, ViewLayer | Updating Shaders
Fra:7 Mem:24.47M (Peak 29.06M) | Time:00:00.02 | Mem:0.27M, Peak:0.27M | Scene, ViewLayer | Loading render kernels (may take a few minutes the first time)
Fra:7 Mem:24.55M (Peak 29.06M) | Time:00:00.13 | Mem:0.29M, Peak:0.29M | Scene, ViewLayer | Updating Procedurals
Fra:7 Mem:24.55M (Peak 29.06M) | Time:00:00.13 | Mem:0.29M, Peak:0.29M | Scene, ViewLayer | Updating Background
Fra:7 Mem:24.55M (Peak 29.06M) | Time:00:00.13 | Mem:0.29M, Peak:0.29M | Scene, ViewLayer | Updating Camera
Fra:7 Mem:24.55M (Peak 29.06M) | Time:00:00.13 | Mem:0.29M, Peak:0.29M | Scene, ViewLayer | Updating Meshes Flags
Fra:7 Mem:24.55M (Peak 29.06M) | Time:00:00.13 | Mem:0.29M, Peak:0.29M | Scene, ViewLayer | Updating Objects
Fra:7 Mem:24.55M (Peak 29.06M) | Time:00:00.13 | Mem:0.29M, Peak:0.29M | Scene, ViewLayer | Updating Objects | Copying Transformations to device
Fra:7 Mem:24.55M (Peak 29.06M) | Time:00:00.13 | Mem:0.32M, Peak:0.32M | Scene, ViewLayer | Updating Particle Systems
Fra:7 Mem:24.55M (Peak 29.06M) | Time:00:00.13 | Mem:0.32M, Peak:0.32M | Scene, ViewLayer | Updating Particle Systems | Copying Particles to device
Fra:7 Mem:24.55M (Peak 29.06M) | Time:00:00.13 | Mem:0.32M, Peak:0.32M | Scene, ViewLayer | Updating Meshes
Fra:7 Mem:25.15M (Peak 29.06M) | Time:00:00.14 | Mem:0.32M, Peak:0.32M | Scene, ViewLayer | Updating Objects | Applying Static Transformations
Fra:7 Mem:25.15M (Peak 29.06M) | Time:00:00.14 | Mem:0.32M, Peak:0.32M | Scene, ViewLayer | Updating Mesh | Computing attributes
Fra:7 Mem:26.01M (Peak 29.06M) | Time:00:00.14 | Mem:0.33M, Peak:0.33M | Scene, ViewLayer | Updating Mesh | Copying Attributes to device
Fra:7 Mem:25.15M (Peak 29.06M) | Time:00:00.37 | Mem:1.22M, Peak:1.22M | Scene, ViewLayer | Updating Geometry BVH light 86/85 | Building BVH
Fra:7 Mem:25.15M (Peak 29.06M) | Time:00:00.37 | Mem:1.22M, Peak:1.22M | Scene, ViewLayer | Updating Geometry BVH Warm rim 85/85 | Building BVH
Fra:7 Mem:25.15M (Peak 29.06M) | Time:00:00.37 | Mem:1.22M, Peak:1.22M | Scene, ViewLayer | Updating Geometry BVH Sky fill 84/85 | Building BVH
Fra:7 Mem:25.15M (Peak 29.06M) | Time:00:00.37 | Mem:1.22M, Peak:1.22M | Scene, ViewLayer | Updating Geometry BVH Sunset key 83/85 | Building BVH
Fra:7 Mem:25.15M (Peak 29.06M) | Time:00:00.37 | Mem:1.22M, Peak:1.22M | Scene, ViewLayer | Updating Geometry BVH Plane 82/85 | Building BVH
Fra:7 Mem:25.15M (Peak 29.06M) | Time:00:00.37 | Mem:1.22M, Peak:1.22M | Scene, ViewLayer | Updating Geometry BVH Plane 82/85 | Building mesh BLAS |       2 tris | Plane
Fra:7 Mem:25.15M (Peak 29.06M) | Time:00:00.37 | Mem:1.22M, Peak:1.22M | Scene, ViewLayer | Updating Geometry BVH Plane 82/85 | Building mesh BLAS |      92 tris | Bronzed hoof.002
Fra:7 Mem:25.15M (Peak 29.06M) | Time:00:00.37 | Mem:1.22M, Peak:1.22M | Scene, ViewLayer | Updating Geometry BVH Plane 82/85 | Building mesh BLAS |      44 tris | Hoof cleft.002
Fra:7 Mem:25.15M (Peak 29.06M) | Time:00:00.37 | Mem:1.22M, Peak:1.22M | Scene, ViewLayer | Updating Geometry BVH Plane 82/85 | Building mesh BLAS |      44 tris | Hoof cleft
Fra:7 Mem:25.15M (Peak 29.06M) | Time:00:00.37 | Mem:1.22M, Peak:1.22M | Scene, ViewLayer | Updating Geometry BVH Plane 82/85 | Building mesh BLAS |    4170 tris | ribcage.002
Fra:7 Mem:25.15M (Peak 29.06M) | Time:00:00.37 | Mem:1.22M, Peak:1.22M | Scene, ViewLayer | Updating Geometry BVH Plane 82/85 | Building mesh BLAS |      92 tris | Bronzed hoof
Fra:7 Mem:25.15M (Peak 29.06M) | Time:00:00.37 | Mem:1.22M, Peak:1.22M | Scene, ViewLayer | Updating Geometry BVH Bronzed hoof.003 9/85 | Building BVH
Fra:7 Mem:25.15M (Peak 29.06M) | Time:00:00.38 | Mem:1.22M, Peak:1.22M | Scene, ViewLayer | Updating Geometry BVH Bronzed hoof.003 9/85 | Building mesh BLAS |      92 tris | Bronzed hoof.003
Fra:7 Mem:25.15M (Peak 29.06M) | Time:00:00.38 | Mem:1.22M, Peak:1.22M | Scene, ViewLayer | Updating Geometry BVH Hoof cleft.003 10/85 | Building BVH
Fra:7 Mem:25.15M (Peak 29.06M) | Time:00:00.38 | Mem:1.22M, Peak:1.22M | Scene, ViewLayer | Updating Geometry BVH Raised elemental crest.002 81/85 | Building BVH
Fra:7 Mem:25.15M (Peak 29.06M) | Time:00:00.38 | Mem:1.22M, Peak:1.22M | Scene, ViewLayer | Updating Geometry BVH Raised elemental crest.002 81/85 | Building mesh BLAS |      46 tris | Raised elemental crest.002
Fra:7 Mem:25.15M (Peak 29.06M) | Time:00:00.38 | Mem:1.22M, Peak:1.22M | Scene, ViewLayer | Updating Geometry BVH Skull.002 11/85 | Building BVH
Fra:7 Mem:25.15M (Peak 29.06M) | Time:00:00.38 | Mem:1.22M, Peak:1.22M | Scene, ViewLayer | Updating Geometry BVH Velvet muzzle 12/85 | Building BVH
Fra:7 Mem:25.15M (Peak 29.06M) | Time:00:00.38 | Mem:1.22M, Peak:1.22M | Scene, ViewLayer | Updating Geometry BVH Velvet muzzle 12/85 | Building mesh BLAS |     480 tris | Velvet muzzle
Fra:7 Mem:25.15M (Peak 29.06M) | Time:00:00.38 | Mem:1.22M, Peak:1.22M | Scene, ViewLayer | Updating Geometry BVH Nostril 13/85 | Building BVH
Fra:7 Mem:25.15M (Peak 29.06M) | Time:00:00.38 | Mem:1.22M, Peak:1.22M | Scene, ViewLayer | Updating Geometry BVH Nostril.001 14/85 | Building BVH
Fra:7 Mem:25.15M (Peak 29.06M) | Time:00:00.38 | Mem:1.22M, Peak:1.22M | Scene, ViewLayer | Updating Geometry BVH Eye socket.004 15/85 | Building BVH
Fra:7 Mem:25.15M (Peak 29.06M) | Time:00:00.38 | Mem:1.22M, Peak:1.22M | Scene, ViewLayer | Updating Geometry BVH Ivory eye.004 16/85 | Building BVH
Fra:7 Mem:25.15M (Peak 29.06M) | Time:00:00.38 | Mem:1.22M, Peak:1.22M | Scene, ViewLayer | Updating Geometry BVH Brass crest clasp.002 80/85 | Building BVH
Fra:7 Mem:25.15M (Peak 29.06M) | Time:00:00.38 | Mem:1.22M, Peak:1.22M | Scene, ViewLayer | Updating Geometry BVH Brass crest clasp.002 80/85 | Building mesh BLAS |     480 tris | Eye socket.004
Fra:7 Mem:25.15M (Peak 29.06M) | Time:00:00.38 | Mem:1.22M, Peak:1.22M | Scene, ViewLayer | Updating Geometry BVH Brass crest clasp.002 80/85 | Building mesh BLAS |     480 tris | Ivory eye.004
Fra:7 Mem:25.15M (Peak 29.06M) | Time:00:00.38 | Mem:1.22M, Peak:1.22M | Scene, ViewLayer | Updating Geometry BVH Iris.004 17/85 | Building BVH
Fra:7 Mem:25.15M (Peak 29.06M) | Time:00:00.38 | Mem:1.22M, Peak:1.22M | Scene, ViewLayer | Updating Geometry BVH Iris.004 17/85 | Building mesh BLAS |     320 tris | Brass crest clasp.002
Fra:7 Mem:25.15M (Peak 29.06M) | Time:00:00.38 | Mem:1.22M, Peak:1.22M | Scene, ViewLayer | Updating Geometry BVH Iris.004 17/85 | Building mesh BLAS |     320 tris | Nostril.001
Fra:7 Mem:25.15M (Peak 29.06M) | Time:00:00.38 | Mem:1.22M, Peak:1.22M | Scene, ViewLayer | Updating Geometry BVH Pupil.004 18/85 | Building BVH
Fra:7 Mem:25.15M (Peak 29.06M) | Time:00:00.38 | Mem:1.22M, Peak:1.22M | Scene, ViewLayer | Updating Geometry BVH Pupil.004 18/85 | Building mesh BLAS |     480 tris | Iris.004
Fra:7 Mem:25.15M (Peak 29.06M) | Time:00:00.38 | Mem:1.22M, Peak:1.22M | Scene, ViewLayer | Updating Geometry BVH Pupil.004 18/85 | Building mesh BLAS |     320 tris | Pupil.004
Fra:7 Mem:25.15M (Peak 29.06M) | Time:00:00.38 | Mem:1.22M, Peak:1.22M | Scene, ViewLayer | Updating Geometry BVH Eye glint.004 19/85 | Building BVH
Fra:7 Mem:25.15M (Peak 29.06M) | Time:00:00.38 | Mem:1.22M, Peak:1.22M | Scene, ViewLayer | Updating Geometry BVH Expressive brow.004 20/85 | Building BVH
Fra:7 Mem:25.15M (Peak 29.06M) | Time:00:00.38 | Mem:1.22M, Peak:1.22M | Scene, ViewLayer | Updating Geometry BVH Expressive brow.004 20/85 | Building mesh BLAS |     192 tris | Eye glint.004
Fra:7 Mem:25.15M (Peak 29.06M) | Time:00:00.38 | Mem:1.22M, Peak:1.22M | Scene, ViewLayer | Updating Geometry BVH Smiling mouth.004 21/85 | Building BVH
Fra:7 Mem:25.15M (Peak 29.06M) | Time:00:00.38 | Mem:1.22M, Peak:1.22M | Scene, ViewLayer | Updating Geometry BVH Eye socket.005 22/85 | Building BVH
Fra:7 Mem:25.15M (Peak 29.06M) | Time:00:00.38 | Mem:1.22M, Peak:1.22M | Scene, ViewLayer | Updating Geometry BVH Eye socket.005 22/85 | Building mesh BLAS |      32 tris | Smiling mouth.004
Fra:7 Mem:25.15M (Peak 29.06M) | Time:00:00.38 | Mem:1.22M, Peak:1.22M | Scene, ViewLayer | Updating Geometry BVH Ivory eye.005 23/85 | Building mesh BLAS |     480 tris | Eye socket.005
Fra:7 Mem:25.15M (Peak 29.06M) | Time:00:00.38 | Mem:1.22M, Peak:1.22M | Scene, ViewLayer | Updating Geometry BVH Neckerchief folded point.002 79/85 | Building BVH
Fra:7 Mem:25.15M (Peak 29.06M) | Time:00:00.38 | Mem:1.22M, Peak:1.22M | Scene, ViewLayer | Updating Geometry BVH Neckerchief folded point.002 79/85 | Building mesh BLAS |     480 tris | Ivory eye.005
Fra:7 Mem:25.15M (Peak 29.06M) | Time:00:00.38 | Mem:1.22M, Peak:1.22M | Scene, ViewLayer | Updating Geometry BVH Iris.005 24/85 | Building BVH
Fra:7 Mem:25.15M (Peak 29.06M) | Time:00:00.38 | Mem:1.22M, Peak:1.22M | Scene, ViewLayer | Updating Geometry BVH Iris.005 24/85 | Building mesh BLAS |     480 tris | Iris.005
Fra:7 Mem:25.15M (Peak 29.06M) | Time:00:00.38 | Mem:1.22M, Peak:1.22M | Scene, ViewLayer | Updating Geometry BVH Pupil.005 25/85 | Building BVH
Fra:7 Mem:25.15M (Peak 29.06M) | Time:00:00.38 | Mem:1.22M, Peak:1.22M | Scene, ViewLayer | Updating Geometry BVH Pupil.005 25/85 | Building mesh BLAS |     320 tris | Pupil.005
Fra:7 Mem:25.15M (Peak 29.06M) | Time:00:00.38 | Mem:1.22M, Peak:1.22M | Scene, ViewLayer | Updating Geometry BVH Pupil.005 25/85 | Building mesh BLAS |       4 tris | Neckerchief folded point.002
Fra:7 Mem:25.15M (Peak 29.06M) | Time:00:00.38 | Mem:1.22M, Peak:1.22M | Scene, ViewLayer | Updating Geometry BVH Eye glint.005 26/85 | Building BVH
Fra:7 Mem:25.15M (Peak 29.06M) | Time:00:00.38 | Mem:1.22M, Peak:1.22M | Scene, ViewLayer | Updating Geometry BVH Eye glint.005 26/85 | Building mesh BLAS |     192 tris | Eye glint.005
Fra:7 Mem:25.15M (Peak 29.06M) | Time:00:00.38 | Mem:1.22M, Peak:1.22M | Scene, ViewLayer | Updating Geometry BVH Expressive brow.005 27/85 | Building BVH
Fra:7 Mem:25.15M (Peak 29.06M) | Time:00:00.38 | Mem:1.22M, Peak:1.22M | Scene, ViewLayer | Updating Geometry BVH Expressive brow.005 27/85 | Building mesh BLAS |      44 tris | Expressive brow.005
Fra:7 Mem:25.15M (Peak 29.06M) | Time:00:00.38 | Mem:1.22M, Peak:1.22M | Scene, ViewLayer | Updating Geometry BVH Leather neckerchief roll.002 78/85 | Building BVH
Fra:7 Mem:25.15M (Peak 29.06M) | Time:00:00.38 | Mem:1.22M, Peak:1.22M | Scene, ViewLayer | Updating Geometry BVH Leather neckerchief roll.002 78/85 | Building mesh BLAS |      76 tris | Leather neckerchief roll.002
Fra:7 Mem:25.15M (Peak 29.06M) | Time:00:00.38 | Mem:1.22M, Peak:1.22M | Scene, ViewLayer | Updating Geometry BVH Lower jaw.002 29/85 | Building BVH
Fra:7 Mem:25.15M (Peak 29.06M) | Time:00:00.38 | Mem:1.22M, Peak:1.22M | Scene, ViewLayer | Updating Geometry BVH Lower jaw.002 29/85 | Building mesh BLAS |     400 tris | Lower jaw.002
Fra:7 Mem:25.15M (Peak 29.06M) | Time:00:00.38 | Mem:1.22M, Peak:1.22M | Scene, ViewLayer | Updating Geometry BVH Lower jaw.002 29/85 | Building mesh BLAS |      32 tris | Smiling mouth.005
Fra:7 Mem:25.15M (Peak 29.06M) | Time:00:00.38 | Mem:1.22M, Peak:1.22M | Scene, ViewLayer | Updating Geometry BVH Pointed species ear.002 30/85 | Building BVH
Fra:7 Mem:25.15M (Peak 29.06M) | Time:00:00.38 | Mem:1.22M, Peak:1.22M | Scene, ViewLayer | Updating Geometry BVH Pointed species ear.002 30/85 | Building mesh BLAS |       6 tris | Pointed species ear.002
Fra:7 Mem:25.15M (Peak 29.06M) | Time:00:00.38 | Mem:1.22M, Peak:1.22M | Scene, ViewLayer | Updating Geometry BVH Inner ear.002 31/85 | Building BVH
Fra:7 Mem:25.15M (Peak 29.06M) | Time:00:00.38 | Mem:1.22M, Peak:1.22M | Scene, ViewLayer | Updating Geometry BVH Inner ear.002 31/85 | Building mesh BLAS |       3 tris | Inner ear.002
Fra:7 Mem:25.15M (Peak 29.06M) | Time:00:00.38 | Mem:1.22M, Peak:1.22M | Scene, ViewLayer | Updating Geometry BVH Pointed species ear.003 32/85 | Building BVH
Fra:7 Mem:25.15M (Peak 29.06M) | Time:00:00.38 | Mem:1.22M, Peak:1.22M | Scene, ViewLayer | Updating Geometry BVH Inner ear.003 33/85 | Building mesh BLAS |       6 tris | Pointed species ear.003
Fra:7 Mem:25.15M (Peak 29.06M) | Time:00:00.38 | Mem:1.22M, Peak:1.22M | Scene, ViewLayer | Updating Geometry BVH Rainbow swept forelock 34/85 | Building BVH
Fra:7 Mem:25.15M (Peak 29.06M) | Time:00:00.38 | Mem:1.22M, Peak:1.22M | Scene, ViewLayer | Updating Geometry BVH Rainbow swept forelock 34/85 | Building mesh BLAS |      60 tris | Rainbow swept forelock
Fra:7 Mem:25.15M (Peak 29.06M) | Time:00:00.38 | Mem:1.22M, Peak:1.22M | Scene, ViewLayer | Updating Geometry BVH Rainbow swept forelock 34/85 | Building mesh BLAS |       3 tris | Inner ear.003
Fra:7 Mem:25.15M (Peak 29.06M) | Time:00:00.38 | Mem:1.22M, Peak:1.22M | Scene, ViewLayer | Updating Geometry BVH Rainbow tail ribbon.006 77/85 | Building BVH
Fra:7 Mem:25.15M (Peak 29.06M) | Time:00:00.38 | Mem:1.22M, Peak:1.22M | Scene, ViewLayer | Updating Geometry BVH Rainbow tail ribbon.006 77/85 | Building mesh BLAS |      60 tris | Rainbow tail ribbon.006
Fra:7 Mem:25.15M (Peak 29.06M) | Time:00:00.38 | Mem:1.22M, Peak:1.22M | Scene, ViewLayer | Updating Geometry BVH Ribbon mane 35/85 | Building BVH
Fra:7 Mem:25.15M (Peak 29.06M) | Time:00:00.38 | Mem:1.22M, Peak:1.22M | Scene, ViewLayer | Updating Geometry BVH Rainbow swept forelock.001 36/85 | Building BVH
Fra:7 Mem:25.15M (Peak 29.06M) | Time:00:00.38 | Mem:1.22M, Peak:1.22M | Scene, ViewLayer | Updating Geometry BVH Rainbow swept forelock.001 36/85 | Building mesh BLAS |      60 tris | Ribbon mane
Fra:7 Mem:25.15M (Peak 29.06M) | Time:00:00.38 | Mem:1.22M, Peak:1.22M | Scene, ViewLayer | Updating Geometry BVH Rainbow swept forelock.001 36/85 | Building mesh BLAS |      60 tris | Rainbow swept forelock.001
Fra:7 Mem:25.15M (Peak 29.06M) | Time:00:00.38 | Mem:1.22M, Peak:1.22M | Scene, ViewLayer | Updating Geometry BVH Ribbon mane.001 37/85 | Building BVH
Fra:7 Mem:25.15M (Peak 29.06M) | Time:00:00.38 | Mem:1.22M, Peak:1.22M | Scene, ViewLayer | Updating Geometry BVH Rainbow tail ribbon.005 76/85 | Building mesh BLAS |      60 tris | Ribbon mane.001
Fra:7 Mem:25.15M (Peak 29.06M) | Time:00:00.38 | Mem:1.22M, Peak:1.22M | Scene, ViewLayer | Updating Geometry BVH Rainbow swept forelock.002 38/85 | Building BVH
Fra:7 Mem:25.15M (Peak 29.06M) | Time:00:00.38 | Mem:1.22M, Peak:1.22M | Scene, ViewLayer | Updating Geometry BVH Ribbon mane.002 39/85 | Building mesh BLAS |      60 tris | Rainbow swept forelock.002
Fra:7 Mem:25.15M (Peak 29.06M) | Time:00:00.38 | Mem:1.22M, Peak:1.22M | Scene, ViewLayer | Updating Geometry BVH Rainbow swept forelock.003 40/85 | Building BVH
Fra:7 Mem:25.15M (Peak 29.06M) | Time:00:00.38 | Mem:1.22M, Peak:1.22M | Scene, ViewLayer | Updating Geometry BVH Rainbow swept forelock.003 40/85 | Building mesh BLAS |      60 tris | Rainbow swept forelock.003
Fra:7 Mem:25.15M (Peak 29.06M) | Time:00:00.38 | Mem:1.22M, Peak:1.22M | Scene, ViewLayer | Updating Geometry BVH Ribbon mane.003 41/85 | Building BVH
Fra:7 Mem:25.15M (Peak 29.06M) | Time:00:00.38 | Mem:1.22M, Peak:1.22M | Scene, ViewLayer | Updating Geometry BVH Rainbow swept forelock.004 42/85 | Building mesh BLAS |      60 tris | Ribbon mane.003
Fra:7 Mem:25.15M (Peak 29.06M) | Time:00:00.38 | Mem:1.22M, Peak:1.22M | Scene, ViewLayer | Updating Geometry BVH Ribbon mane.004 43/85 | Building BVH
Fra:7 Mem:25.15M (Peak 29.06M) | Time:00:00.38 | Mem:1.22M, Peak:1.22M | Scene, ViewLayer | Updating Geometry BVH Rainbow swept forelock.005 44/85 | Building mesh BLAS |      60 tris | Ribbon mane.004
Fra:7 Mem:25.15M (Peak 29.06M) | Time:00:00.38 | Mem:1.22M, Peak:1.22M | Scene, ViewLayer | Updating Geometry BVH Ribbon mane.005 45/85 | Building BVH
Fra:7 Mem:25.15M (Peak 29.06M) | Time:00:00.38 | Mem:1.22M, Peak:1.22M | Scene, ViewLayer | Updating Geometry BVH Ribbon mane.005 45/85 | Building mesh BLAS |      60 tris | Ribbon mane.005
Fra:7 Mem:25.15M (Peak 29.06M) | Time:00:00.38 | Mem:1.22M, Peak:1.22M | Scene, ViewLayer | Updating Geometry BVH Ribbon mane.005 45/85 | Building mesh BLAS |      60 tris | Ribbon mane.002
Fra:7 Mem:25.15M (Peak 29.06M) | Time:00:00.38 | Mem:1.22M, Peak:1.22M | Scene, ViewLayer | Updating Geometry BVH Ribbon mane.006 47/85 | Building BVH
Fra:7 Mem:25.15M (Peak 29.06M) | Time:00:00.38 | Mem:1.22M, Peak:1.22M | Scene, ViewLayer | Updating Geometry BVH Ribbon mane.006 47/85 | Building mesh BLAS |      60 tris | Rainbow tail ribbon.005
Fra:7 Mem:25.15M (Peak 29.06M) | Time:00:00.38 | Mem:1.22M, Peak:1.22M | Scene, ViewLayer | Updating Geometry BVH Golden unicorn horn 48/85 | Building BVH
Fra:7 Mem:25.15M (Peak 29.06M) | Time:00:00.38 | Mem:1.22M, Peak:1.22M | Scene, ViewLayer | Updating Geometry BVH Golden unicorn horn 48/85 | Building mesh BLAS |      92 tris | Golden unicorn horn
Fra:7 Mem:25.15M (Peak 29.06M) | Time:00:00.38 | Mem:1.22M, Peak:1.22M | Scene, ViewLayer | Updating Geometry BVH Rainbow tail ribbon.004 75/85 | Building BVH
Fra:7 Mem:25.15M (Peak 29.06M) | Time:00:00.38 | Mem:1.22M, Peak:1.22M | Scene, ViewLayer | Updating Geometry BVH Fetlock feather.001 51/85 | Building BVH
Fra:7 Mem:25.15M (Peak 29.06M) | Time:00:00.38 | Mem:1.22M, Peak:1.22M | Scene, ViewLayer | Updating Geometry BVH Fetlock feather.001 51/85 | Building mesh BLAS |      60 tris | Rainbow tail ribbon.004
Fra:7 Mem:25.15M (Peak 29.06M) | Time:00:00.38 | Mem:1.22M, Peak:1.22M | Scene, ViewLayer | Updating Geometry BVH Fetlock feather.001 51/85 | Building mesh BLAS |      60 tris | Rainbow swept forelock.004
Fra:7 Mem:25.15M (Peak 29.06M) | Time:00:00.38 | Mem:1.22M, Peak:1.22M | Scene, ViewLayer | Updating Geometry BVH Fetlock feather.001 51/85 | Building mesh BLAS |      44 tris | Fetlock feather
Fra:7 Mem:25.15M (Peak 29.06M) | Time:00:00.38 | Mem:1.22M, Peak:1.22M | Scene, ViewLayer | Updating Geometry BVH Fetlock feather.001 51/85 | Building mesh BLAS |      60 tris | Rainbow swept forelock.006
Fra:7 Mem:25.15M (Peak 29.06M) | Time:00:00.38 | Mem:1.22M, Peak:1.22M | Scene, ViewLayer | Updating Geometry BVH Fetlock feather.001 51/85 | Building mesh BLAS |      60 tris | Rainbow swept forelock.005
Fra:7 Mem:25.15M (Peak 29.06M) | Time:00:00.38 | Mem:1.22M, Peak:1.22M | Scene, ViewLayer | Updating Geometry BVH Fetlock feather.001 51/85 | Building mesh BLAS |      60 tris | Ribbon mane.006
Fra:7 Mem:25.15M (Peak 29.06M) | Time:00:00.38 | Mem:1.22M, Peak:1.22M | Scene, ViewLayer | Updating Geometry BVH Fetlock feather.001 51/85 | Building mesh BLAS |     776 tris | Horn spiral ridge
Fra:7 Mem:25.15M (Peak 29.06M) | Time:00:00.38 | Mem:1.22M, Peak:1.22M | Scene, ViewLayer | Updating Geometry BVH Fetlock feather.002 52/85 | Building BVH
Fra:7 Mem:25.15M (Peak 29.06M) | Time:00:00.38 | Mem:1.22M, Peak:1.22M | Scene, ViewLayer | Updating Geometry BVH Fetlock feather.002 52/85 | Building mesh BLAS |      44 tris | Fetlock feather.002
Fra:7 Mem:25.15M (Peak 29.06M) | Time:00:00.38 | Mem:1.22M, Peak:1.22M | Scene, ViewLayer | Updating Geometry BVH Fetlock feather.003 53/85 | Building BVH
Fra:7 Mem:25.15M (Peak 29.06M) | Time:00:00.38 | Mem:1.22M, Peak:1.22M | Scene, ViewLayer | Updating Geometry BVH Fetlock feather.003 53/85 | Building mesh BLAS |      44 tris | Fetlock feather.003
Fra:7 Mem:25.15M (Peak 29.06M) | Time:00:00.38 | Mem:1.22M, Peak:1.22M | Scene, ViewLayer | Updating Geometry BVH Fetlock feather.004 54/85 | Building BVH
Fra:7 Mem:25.15M (Peak 29.06M) | Time:00:00.38 | Mem:1.22M, Peak:1.22M | Scene, ViewLayer | Updating Geometry BVH Fetlock feather.004 54/85 | Building mesh BLAS |      44 tris | Fetlock feather.004
Fra:7 Mem:25.15M (Peak 29.06M) | Time:00:00.38 | Mem:1.22M, Peak:1.22M | Scene, ViewLayer | Updating Geometry BVH Rainbow tail ribbon.003 74/85 | Building BVH
Fra:7 Mem:25.15M (Peak 29.06M) | Time:00:00.38 | Mem:1.22M, Peak:1.22M | Scene, ViewLayer | Updating Geometry BVH Rainbow tail ribbon.003 74/85 | Building mesh BLAS |      60 tris | Rainbow tail ribbon.003
Fra:7 Mem:25.15M (Peak 29.06M) | Time:00:00.38 | Mem:1.22M, Peak:1.22M | Scene, ViewLayer | Updating Geometry BVH Fetlock feather.005 55/85 | Building BVH
Fra:7 Mem:25.15M (Peak 29.06M) | Time:00:00.38 | Mem:1.22M, Peak:1.22M | Scene, ViewLayer | Updating Geometry BVH Fetlock feather.005 55/85 | Building mesh BLAS |      44 tris | Fetlock feather.005
Fra:7 Mem:25.15M (Peak 29.06M) | Time:00:00.38 | Mem:1.22M, Peak:1.22M | Scene, ViewLayer | Updating Geometry BVH Fetlock feather.006 56/85 | Building BVH
Fra:7 Mem:25.15M (Peak 29.06M) | Time:00:00.38 | Mem:1.22M, Peak:1.22M | Scene, ViewLayer | Updating Geometry BVH Fetlock feather.007 57/85 | Building BVH
Fra:7 Mem:25.15M (Peak 29.06M) | Time:00:00.38 | Mem:1.22M, Peak:1.22M | Scene, ViewLayer | Updating Geometry BVH Fetlock feather.007 57/85 | Building mesh BLAS |      44 tris | Fetlock feather.006
Fra:7 Mem:25.15M (Peak 29.06M) | Time:00:00.38 | Mem:1.22M, Peak:1.22M | Scene, ViewLayer | Updating Geometry BVH Fetlock feather.008 58/85 | Building BVH
Fra:7 Mem:25.15M (Peak 29.06M) | Time:00:00.38 | Mem:1.22M, Peak:1.22M | Scene, ViewLayer | Updating Geometry BVH Fetlock feather.008 58/85 | Building mesh BLAS |      44 tris | Fetlock feather.008
Fra:7 Mem:25.15M (Peak 29.06M) | Time:00:00.39 | Mem:1.22M, Peak:1.22M | Scene, ViewLayer | Updating Geometry BVH Fetlock feather.009 59/85 | Building BVH
Fra:7 Mem:25.15M (Peak 29.06M) | Time:00:00.39 | Mem:1.22M, Peak:1.22M | Scene, ViewLayer | Updating Geometry BVH Fetlock feather.009 59/85 | Building mesh BLAS |      44 tris | Fetlock feather.009
Fra:7 Mem:25.15M (Peak 29.06M) | Time:00:00.39 | Mem:1.22M, Peak:1.22M | Scene, ViewLayer | Updating Geometry BVH Fetlock feather.010 60/85 | Building BVH
Fra:7 Mem:25.15M (Peak 29.06M) | Time:00:00.39 | Mem:1.22M, Peak:1.22M | Scene, ViewLayer | Updating Geometry BVH Fetlock feather.010 60/85 | Building mesh BLAS |      44 tris | Fetlock feather.010
Fra:7 Mem:25.15M (Peak 29.06M) | Time:00:00.39 | Mem:1.22M, Peak:1.22M | Scene, ViewLayer | Updating Geometry BVH Fetlock feather.011 61/85 | Building BVH
Fra:7 Mem:25.15M (Peak 29.06M) | Time:00:00.39 | Mem:1.22M, Peak:1.22M | Scene, ViewLayer | Updating Geometry BVH Rainbow tail ribbon.002 73/85 | Building BVH
Fra:7 Mem:25.15M (Peak 29.06M) | Time:00:00.39 | Mem:1.22M, Peak:1.22M | Scene, ViewLayer | Updating Geometry BVH Rainbow tail ribbon.002 73/85 | Building mesh BLAS |      44 tris | Fetlock feather.011
Fra:7 Mem:25.15M (Peak 29.06M) | Time:00:00.39 | Mem:1.22M, Peak:1.22M | Scene, ViewLayer | Updating Geometry BVH Rainbow tail ribbon.002 73/85 | Building mesh BLAS |      60 tris | Rainbow tail ribbon.002
Fra:7 Mem:25.15M (Peak 29.06M) | Time:00:00.39 | Mem:1.22M, Peak:1.22M | Scene, ViewLayer | Updating Geometry BVH Fetlock feather.012 62/85 | Building BVH
Fra:7 Mem:25.15M (Peak 29.06M) | Time:00:00.39 | Mem:1.22M, Peak:1.22M | Scene, ViewLayer | Updating Geometry BVH Fetlock feather.012 62/85 | Building mesh BLAS |      44 tris | Fetlock feather.012
Fra:7 Mem:25.15M (Peak 29.06M) | Time:00:00.39 | Mem:1.22M, Peak:1.22M | Scene, ViewLayer | Updating Geometry BVH Fetlock feather.014 64/85 | Building BVH
Fra:7 Mem:25.15M (Peak 29.06M) | Time:00:00.39 | Mem:1.43M, Peak:1.43M | Scene, ViewLayer | Updating Geometry BVH Fetlock feather.014 64/85 | Building mesh BLAS |      44 tris | Fetlock feather.014
Fra:7 Mem:25.15M (Peak 29.06M) | Time:00:00.39 | Mem:1.44M, Peak:1.44M | Scene, ViewLayer | Updating Geometry BVH Fetlock feather.014 64/85 | Building mesh BLAS |      44 tris | Fetlock feather.013
Fra:7 Mem:25.15M (Peak 29.06M) | Time:00:00.39 | Mem:1.44M, Peak:1.44M | Scene, ViewLayer | Updating Geometry BVH Fetlock feather.015 65/85 | Building BVH
Fra:7 Mem:25.15M (Peak 29.06M) | Time:00:00.39 | Mem:1.44M, Peak:1.44M | Scene, ViewLayer | Updating Geometry BVH Fetlock feather.016 66/85 | Building BVH
Fra:7 Mem:25.15M (Peak 29.06M) | Time:00:00.39 | Mem:1.44M, Peak:1.44M | Scene, ViewLayer | Updating Geometry BVH Fetlock feather.017 67/85 | Building BVH
Fra:7 Mem:25.15M (Peak 29.06M) | Time:00:00.39 | Mem:1.44M, Peak:1.44M | Scene, ViewLayer | Updating Geometry BVH Fetlock feather.017 67/85 | Building mesh BLAS |      44 tris | Fetlock feather.017
Fra:7 Mem:25.15M (Peak 29.06M) | Time:00:00.39 | Mem:1.44M, Peak:1.44M | Scene, ViewLayer | Updating Geometry BVH Rainbow tail ribbon.001 72/85 | Building BVH
Fra:7 Mem:25.15M (Peak 29.06M) | Time:00:00.39 | Mem:1.44M, Peak:1.44M | Scene, ViewLayer | Updating Geometry BVH Fetlock feather.018 68/85 | Building BVH
Fra:7 Mem:25.15M (Peak 29.06M) | Time:00:00.39 | Mem:1.44M, Peak:1.44M | Scene, ViewLayer | Updating Geometry BVH Fetlock feather.018 68/85 | Building mesh BLAS |      44 tris | Fetlock feather.018
Fra:7 Mem:25.15M (Peak 29.06M) | Time:00:00.39 | Mem:1.44M, Peak:1.44M | Scene, ViewLayer | Updating Geometry BVH Fetlock feather.019 69/85 | Building BVH
Fra:7 Mem:25.15M (Peak 29.06M) | Time:00:00.39 | Mem:1.44M, Peak:1.44M | Scene, ViewLayer | Updating Geometry BVH Fetlock feather.019 69/85 | Building mesh BLAS |      44 tris | Fetlock feather.019
Fra:7 Mem:25.15M (Peak 29.06M) | Time:00:00.39 | Mem:1.44M, Peak:1.44M | Scene, ViewLayer | Updating Geometry BVH Articulated tail.002 70/85 | Building BVH
Fra:7 Mem:25.15M (Peak 29.06M) | Time:00:00.39 | Mem:1.44M, Peak:1.44M | Scene, ViewLayer | Updating Geometry BVH Articulated tail.002 70/85 | Building mesh BLAS |     268 tris | Articulated tail.002
Fra:7 Mem:25.15M (Peak 29.06M) | Time:00:00.39 | Mem:1.44M, Peak:1.44M | Scene, ViewLayer | Updating Geometry BVH Rainbow tail ribbon 71/85 | Building BVH
Fra:7 Mem:25.15M (Peak 29.06M) | Time:00:00.39 | Mem:1.44M, Peak:1.44M | Scene, ViewLayer | Updating Geometry BVH Rainbow tail ribbon 71/85 | Building mesh BLAS |      60 tris | Rainbow tail ribbon
Fra:7 Mem:25.15M (Peak 29.06M) | Time:00:00.39 | Mem:1.45M, Peak:1.45M | Scene, ViewLayer | Updating Scene BVH | Building
Fra:7 Mem:25.15M (Peak 29.06M) | Time:00:00.41 | Mem:2.07M, Peak:2.07M | Scene, ViewLayer | Updating Scene BVH | Building TLAS      |      85 instances
Fra:7 Mem:25.15M (Peak 29.06M) | Time:00:00.41 | Mem:2.10M, Peak:2.10M | Scene, ViewLayer | Updating Scene BVH | Copying BVH to device
Fra:7 Mem:25.15M (Peak 29.06M) | Time:00:00.41 | Mem:2.10M, Peak:2.10M | Scene, ViewLayer | Updating Mesh | Computing normals
Fra:7 Mem:25.62M (Peak 29.06M) | Time:00:00.41 | Mem:2.10M, Peak:2.10M | Scene, ViewLayer | Updating Mesh | Copying Mesh to device
Fra:7 Mem:25.15M (Peak 29.06M) | Time:00:00.41 | Mem:2.60M, Peak:2.60M | Scene, ViewLayer | Updating Objects Flags
Fra:7 Mem:25.15M (Peak 29.06M) | Time:00:00.41 | Mem:2.60M, Peak:2.60M | Scene, ViewLayer | Updating Primitive Offsets
Fra:7 Mem:25.15M (Peak 29.06M) | Time:00:00.41 | Mem:2.60M, Peak:2.60M | Scene, ViewLayer | Updating Images
Fra:7 Mem:25.15M (Peak 29.06M) | Time:00:00.41 | Mem:2.60M, Peak:2.60M | Scene, ViewLayer | Updating Camera Volume
Fra:7 Mem:25.15M (Peak 29.06M) | Time:00:00.41 | Mem:2.60M, Peak:2.60M | Scene, ViewLayer | Updating Lookup Tables
Fra:7 Mem:25.07M (Peak 29.06M) | Time:00:00.41 | Mem:2.70M, Peak:2.70M | Scene, ViewLayer | Updating Lights
Fra:7 Mem:25.07M (Peak 29.06M) | Time:00:00.41 | Mem:2.70M, Peak:2.70M | Scene, ViewLayer | Updating Lights | Computing tree
Fra:7 Mem:25.07M (Peak 29.06M) | Time:00:00.41 | Mem:2.70M, Peak:2.70M | Scene, ViewLayer | Updating Integrator
Fra:7 Mem:25.07M (Peak 29.06M) | Time:00:00.41 | Mem:2.70M, Peak:2.70M | Scene, ViewLayer | Updating Film
Fra:7 Mem:25.15M (Peak 29.06M) | Time:00:00.41 | Mem:2.61M, Peak:2.70M | Scene, ViewLayer | Updating Lookup Tables
Fra:7 Mem:25.07M (Peak 29.06M) | Time:00:00.41 | Mem:2.70M, Peak:2.70M | Scene, ViewLayer | Updating Baking
Fra:7 Mem:25.07M (Peak 29.06M) | Time:00:00.41 | Mem:2.70M, Peak:2.70M | Scene, ViewLayer | Updating Device | Writing constant memory
Fra:7 Mem:25.07M (Peak 29.06M) | Time:00:00.46 | Mem:2.70M, Peak:2.70M | Scene, ViewLayer | Loading denoising kernels (may take a few minutes the first time)
Fra:7 Mem:25.07M (Peak 57.07M) | Time:00:00.47 | Mem:2818.71M, Peak:2818.71M | Scene, ViewLayer | Sample 0/12 (Using optimized kernels)
Fra:7 Mem:25.06M (Peak 60.58M) | Time:00:01.32 | Remaining:00:09.33 | Mem:2854.26M, Peak:2854.26M | Scene, ViewLayer | Sample 1/12 (Using optimized kernels)
Fra:7 Mem:40.02M (Peak 62.45M) | Time:00:13.84 | Mem:2854.26M, Peak:2854.26M | Scene, ViewLayer | Sample 12/12 (Using optimized kernels)
Fra:7 Mem:40.02M (Peak 62.45M) | Time:00:13.84 | Mem:2854.26M, Peak:2854.26M | Scene, ViewLayer | Finished
Saved: '/Users/chikumatsuboi/Code/animal-racers-western/assets/source/western/qa/unicorn-attack-07.png'
Time: 00:14.05 (Saving: 00:00.13)

Fra:13 Mem:27.66M (Peak 27.66M) | Time:00:00.01 | Mem:0.02M, Peak:0.02M | Scene, ViewLayer | Synchronizing object | Body • continuous sculpted skin
Fra:13 Mem:27.66M (Peak 27.66M) | Time:00:00.01 | Mem:0.02M, Peak:0.02M | Scene, ViewLayer | Synchronizing object | Hoof cleft.002
Fra:13 Mem:27.92M (Peak 27.92M) | Time:00:00.01 | Mem:0.02M, Peak:0.02M | Scene, ViewLayer | Synchronizing object | Bronzed hoof.003
Fra:13 Mem:27.92M (Peak 27.92M) | Time:00:00.01 | Mem:0.02M, Peak:0.02M | Scene, ViewLayer | Synchronizing object | Hoof cleft.003
Fra:13 Mem:27.93M (Peak 27.93M) | Time:00:00.01 | Mem:0.02M, Peak:0.02M | Scene, ViewLayer | Synchronizing object | Head • species sculpt
Fra:13 Mem:27.94M (Peak 27.94M) | Time:00:00.01 | Mem:0.02M, Peak:0.02M | Scene, ViewLayer | Synchronizing object | Nostril
Fra:13 Mem:27.94M (Peak 27.94M) | Time:00:00.01 | Mem:0.02M, Peak:0.02M | Scene, ViewLayer | Synchronizing object | Nostril.001
Fra:13 Mem:28.00M (Peak 28.00M) | Time:00:00.01 | Mem:0.02M, Peak:0.02M | Scene, ViewLayer | Synchronizing object | Eye socket
Fra:13 Mem:28.16M (Peak 28.16M) | Time:00:00.01 | Mem:0.02M, Peak:0.02M | Scene, ViewLayer | Synchronizing object | Ivory eye
Fra:13 Mem:28.21M (Peak 28.21M) | Time:00:00.01 | Mem:0.02M, Peak:0.02M | Scene, ViewLayer | Synchronizing object | Iris
Fra:13 Mem:28.20M (Peak 28.21M) | Time:00:00.01 | Mem:0.02M, Peak:0.02M | Scene, ViewLayer | Synchronizing object | Pupil
Fra:13 Mem:28.25M (Peak 28.25M) | Time:00:00.01 | Mem:0.02M, Peak:0.02M | Scene, ViewLayer | Synchronizing object | Eye glint
Fra:13 Mem:28.25M (Peak 28.25M) | Time:00:00.01 | Mem:0.02M, Peak:0.02M | Scene, ViewLayer | Synchronizing object | Smiling mouth
Fra:13 Mem:28.43M (Peak 28.43M) | Time:00:00.01 | Mem:0.02M, Peak:0.02M | Scene, ViewLayer | Synchronizing object | Eye socket.001
Fra:13 Mem:28.45M (Peak 28.45M) | Time:00:00.01 | Mem:0.02M, Peak:0.02M | Scene, ViewLayer | Synchronizing object | Ivory eye.001
Fra:13 Mem:28.45M (Peak 28.45M) | Time:00:00.01 | Mem:0.02M, Peak:0.02M | Scene, ViewLayer | Synchronizing object | Iris.001
Fra:13 Mem:28.50M (Peak 28.50M) | Time:00:00.01 | Mem:0.02M, Peak:0.02M | Scene, ViewLayer | Synchronizing object | Pupil.001
Fra:13 Mem:28.50M (Peak 28.50M) | Time:00:00.01 | Mem:0.02M, Peak:0.02M | Scene, ViewLayer | Synchronizing object | Eye glint.001
Fra:13 Mem:28.56M (Peak 28.56M) | Time:00:00.01 | Mem:0.02M, Peak:0.02M | Scene, ViewLayer | Synchronizing object | Expressive brow.001
Fra:13 Mem:28.71M (Peak 28.71M) | Time:00:00.01 | Mem:0.02M, Peak:0.02M | Scene, ViewLayer | Synchronizing object | Smiling mouth.001
Fra:13 Mem:28.64M (Peak 28.71M) | Time:00:00.01 | Mem:0.02M, Peak:0.02M | Scene, ViewLayer | Synchronizing object | Pointed species ear
Fra:13 Mem:28.66M (Peak 28.71M) | Time:00:00.01 | Mem:0.02M, Peak:0.02M | Scene, ViewLayer | Synchronizing object | Inner ear
Fra:13 Mem:28.67M (Peak 28.71M) | Time:00:00.01 | Mem:0.02M, Peak:0.02M | Scene, ViewLayer | Synchronizing object | Pointed species ear.001
Fra:13 Mem:28.71M (Peak 28.71M) | Time:00:00.01 | Mem:0.02M, Peak:0.02M | Scene, ViewLayer | Synchronizing object | Inner ear.001
Fra:13 Mem:28.74M (Peak 28.74M) | Time:00:00.01 | Mem:0.02M, Peak:0.02M | Scene, ViewLayer | Synchronizing object | Rainbow swept forelock
Fra:13 Mem:28.75M (Peak 28.75M) | Time:00:00.01 | Mem:0.02M, Peak:0.02M | Scene, ViewLayer | Synchronizing object | Rainbow swept forelock.001
Fra:13 Mem:28.78M (Peak 28.78M) | Time:00:00.01 | Mem:0.02M, Peak:0.02M | Scene, ViewLayer | Synchronizing object | Ribbon mane.001
Fra:13 Mem:28.77M (Peak 28.78M) | Time:00:00.01 | Mem:0.02M, Peak:0.02M | Scene, ViewLayer | Synchronizing object | Rainbow swept forelock.003
Fra:13 Mem:28.77M (Peak 28.78M) | Time:00:00.01 | Mem:0.02M, Peak:0.02M | Scene, ViewLayer | Synchronizing object | Ribbon mane.003
Fra:13 Mem:28.77M (Peak 28.78M) | Time:00:00.01 | Mem:0.02M, Peak:0.02M | Scene, ViewLayer | Synchronizing object | Rainbow swept forelock.004
Fra:13 Mem:28.78M (Peak 28.78M) | Time:00:00.01 | Mem:0.02M, Peak:0.02M | Scene, ViewLayer | Synchronizing object | Ribbon mane.004
Fra:13 Mem:28.79M (Peak 28.79M) | Time:00:00.01 | Mem:0.02M, Peak:0.02M | Scene, ViewLayer | Synchronizing object | Rainbow swept forelock.005
Fra:13 Mem:28.79M (Peak 28.79M) | Time:00:00.01 | Mem:0.02M, Peak:0.02M | Scene, ViewLayer | Synchronizing object | Ribbon mane.005
Fra:13 Mem:28.79M (Peak 28.79M) | Time:00:00.01 | Mem:0.02M, Peak:0.02M | Scene, ViewLayer | Synchronizing object | Sunset key
Fra:13 Mem:28.79M (Peak 28.79M) | Time:00:00.01 | Mem:0.02M, Peak:0.02M | Scene, ViewLayer | Synchronizing object | Plane
Fra:13 Mem:28.79M (Peak 28.79M) | Time:00:00.01 | Mem:0.02M, Peak:0.02M | Scene, ViewLayer | Synchronizing object | Raised elemental crest
Fra:13 Mem:28.80M (Peak 28.80M) | Time:00:00.01 | Mem:0.02M, Peak:0.02M | Scene, ViewLayer | Synchronizing object | Golden unicorn horn
Fra:13 Mem:28.82M (Peak 28.82M) | Time:00:00.01 | Mem:0.02M, Peak:0.02M | Scene, ViewLayer | Synchronizing object | Brass crest clasp
Fra:13 Mem:28.81M (Peak 28.82M) | Time:00:00.01 | Mem:0.02M, Peak:0.02M | Scene, ViewLayer | Synchronizing object | Horn spiral ridge
Fra:13 Mem:28.81M (Peak 28.82M) | Time:00:00.01 | Mem:0.02M, Peak:0.02M | Scene, ViewLayer | Synchronizing object | Fetlock feather
Fra:13 Mem:28.82M (Peak 28.82M) | Time:00:00.01 | Mem:0.02M, Peak:0.02M | Scene, ViewLayer | Synchronizing object | Fetlock feather.002
Fra:13 Mem:28.83M (Peak 28.83M) | Time:00:00.01 | Mem:0.02M, Peak:0.02M | Scene, ViewLayer | Synchronizing object | Fetlock feather.003
Fra:13 Mem:28.85M (Peak 28.85M) | Time:00:00.01 | Mem:0.02M, Peak:0.02M | Scene, ViewLayer | Synchronizing object | Fetlock feather.004
Fra:13 Mem:28.85M (Peak 28.85M) | Time:00:00.01 | Mem:0.02M, Peak:0.02M | Scene, ViewLayer | Synchronizing object | Fetlock feather.006
Fra:13 Mem:28.86M (Peak 28.86M) | Time:00:00.01 | Mem:0.02M, Peak:0.02M | Scene, ViewLayer | Synchronizing object | Neckerchief folded point
Fra:13 Mem:28.86M (Peak 28.86M) | Time:00:00.01 | Mem:0.02M, Peak:0.02M | Scene, ViewLayer | Synchronizing object | Fetlock feather.008
Fra:13 Mem:28.86M (Peak 28.86M) | Time:00:00.01 | Mem:0.02M, Peak:0.02M | Scene, ViewLayer | Synchronizing object | Fetlock feather.009
Fra:13 Mem:28.92M (Peak 28.92M) | Time:00:00.01 | Mem:0.02M, Peak:0.02M | Scene, ViewLayer | Synchronizing object | Leather neckerchief roll
Fra:13 Mem:28.96M (Peak 28.96M) | Time:00:00.01 | Mem:0.02M, Peak:0.02M | Scene, ViewLayer | Synchronizing object | Fetlock feather.010
Fra:13 Mem:28.96M (Peak 28.96M) | Time:00:00.01 | Mem:0.02M, Peak:0.02M | Scene, ViewLayer | Synchronizing object | Rainbow tail ribbon.006
Fra:13 Mem:28.96M (Peak 28.96M) | Time:00:00.01 | Mem:0.02M, Peak:0.02M | Scene, ViewLayer | Synchronizing object | Fetlock feather.013
Fra:13 Mem:28.96M (Peak 28.96M) | Time:00:00.01 | Mem:0.02M, Peak:0.02M | Scene, ViewLayer | Synchronizing object | Fetlock feather.014
Fra:13 Mem:28.98M (Peak 28.98M) | Time:00:00.01 | Mem:0.02M, Peak:0.02M | Scene, ViewLayer | Synchronizing object | Rainbow tail ribbon.005
Fra:13 Mem:28.97M (Peak 28.98M) | Time:00:00.01 | Mem:0.02M, Peak:0.02M | Scene, ViewLayer | Synchronizing object | Fetlock feather.016
Fra:13 Mem:28.98M (Peak 28.98M) | Time:00:00.01 | Mem:0.02M, Peak:0.02M | Scene, ViewLayer | Synchronizing object | Fetlock feather.017
Fra:13 Mem:28.98M (Peak 28.98M) | Time:00:00.01 | Mem:0.02M, Peak:0.02M | Scene, ViewLayer | Synchronizing object | Fetlock feather.018
Fra:13 Mem:28.98M (Peak 28.98M) | Time:00:00.01 | Mem:0.02M, Peak:0.02M | Scene, ViewLayer | Synchronizing object | Fetlock feather.019
Fra:13 Mem:29.00M (Peak 29.00M) | Time:00:00.01 | Mem:0.02M, Peak:0.02M | Scene, ViewLayer | Synchronizing object | Articulated tail
Fra:13 Mem:28.99M (Peak 29.00M) | Time:00:00.01 | Mem:0.02M, Peak:0.02M | Scene, ViewLayer | Synchronizing object | Rainbow tail ribbon
Fra:13 Mem:29.04M (Peak 29.04M) | Time:00:00.01 | Mem:0.02M, Peak:0.02M | Scene, ViewLayer | Synchronizing object | Rainbow tail ribbon.002
Fra:13 Mem:29.02M (Peak 29.04M) | Time:00:00.01 | Mem:0.02M, Peak:0.02M | Scene, ViewLayer | Synchronizing object | Rainbow tail ribbon.003
Fra:13 Mem:29.04M (Peak 29.04M) | Time:00:00.01 | Mem:0.02M, Peak:0.02M | Scene, ViewLayer | Synchronizing object | Rainbow tail ribbon.004
Fra:13 Mem:29.06M (Peak 29.06M) | Time:00:00.01 | Mem:0.02M, Peak:0.02M | Scene, ViewLayer | Initializing
Fra:13 Mem:27.64M (Peak 29.06M) | Time:00:00.01 | Mem:0.02M, Peak:0.02M | Scene, ViewLayer | Updating Images | Loading Authored short-fur normal
Fra:13 Mem:24.47M (Peak 29.06M) | Time:00:00.02 | Mem:0.27M, Peak:0.27M | Scene, ViewLayer | Waiting for render to start
Fra:13 Mem:24.47M (Peak 29.06M) | Time:00:00.02 | Mem:0.27M, Peak:0.27M | Scene, ViewLayer | Updating Scene
Fra:13 Mem:24.47M (Peak 29.06M) | Time:00:00.02 | Mem:0.27M, Peak:0.27M | Scene, ViewLayer | Updating Shaders
Fra:13 Mem:24.47M (Peak 29.06M) | Time:00:00.02 | Mem:0.27M, Peak:0.27M | Scene, ViewLayer | Loading render kernels (may take a few minutes the first time)
Fra:13 Mem:24.55M (Peak 29.06M) | Time:00:00.11 | Mem:0.29M, Peak:0.29M | Scene, ViewLayer | Updating Procedurals
Fra:13 Mem:24.55M (Peak 29.06M) | Time:00:00.11 | Mem:0.29M, Peak:0.29M | Scene, ViewLayer | Updating Background
Fra:13 Mem:24.55M (Peak 29.06M) | Time:00:00.11 | Mem:0.29M, Peak:0.29M | Scene, ViewLayer | Updating Camera
Fra:13 Mem:24.55M (Peak 29.06M) | Time:00:00.11 | Mem:0.29M, Peak:0.29M | Scene, ViewLayer | Updating Meshes Flags
Fra:13 Mem:24.55M (Peak 29.06M) | Time:00:00.11 | Mem:0.29M, Peak:0.29M | Scene, ViewLayer | Updating Objects
Fra:13 Mem:24.55M (Peak 29.06M) | Time:00:00.11 | Mem:0.29M, Peak:0.29M | Scene, ViewLayer | Updating Objects | Copying Transformations to device
Fra:13 Mem:24.55M (Peak 29.06M) | Time:00:00.11 | Mem:0.32M, Peak:0.32M | Scene, ViewLayer | Updating Particle Systems
Fra:13 Mem:24.55M (Peak 29.06M) | Time:00:00.11 | Mem:0.32M, Peak:0.32M | Scene, ViewLayer | Updating Particle Systems | Copying Particles to device
Fra:13 Mem:24.55M (Peak 29.06M) | Time:00:00.11 | Mem:0.32M, Peak:0.32M | Scene, ViewLayer | Updating Meshes
Fra:13 Mem:25.15M (Peak 29.06M) | Time:00:00.13 | Mem:0.32M, Peak:0.32M | Scene, ViewLayer | Updating Objects | Applying Static Transformations
Fra:13 Mem:25.15M (Peak 29.06M) | Time:00:00.13 | Mem:0.32M, Peak:0.32M | Scene, ViewLayer | Updating Mesh | Computing attributes
Fra:13 Mem:26.01M (Peak 29.06M) | Time:00:00.13 | Mem:0.33M, Peak:0.33M | Scene, ViewLayer | Updating Mesh | Copying Attributes to device
Fra:13 Mem:25.15M (Peak 29.06M) | Time:00:00.34 | Mem:1.22M, Peak:1.22M | Scene, ViewLayer | Updating Geometry BVH ribcage.002 2/38 | Building BVH
Fra:13 Mem:25.15M (Peak 29.06M) | Time:00:00.34 | Mem:1.22M, Peak:1.22M | Scene, ViewLayer | Updating Geometry BVH Hoof cleft.002 8/85 | Building BVH
Fra:13 Mem:25.15M (Peak 29.06M) | Time:00:00.34 | Mem:1.22M, Peak:1.22M | Scene, ViewLayer | Updating Geometry BVH Hoof cleft.002 8/85 | Building mesh BLAS |    4170 tris | ribcage.002
Fra:13 Mem:25.15M (Peak 29.06M) | Time:00:00.34 | Mem:1.22M, Peak:1.22M | Scene, ViewLayer | Updating Geometry BVH Warm rim 85/85 | Building BVH
Fra:13 Mem:25.15M (Peak 29.06M) | Time:00:00.34 | Mem:1.22M, Peak:1.22M | Scene, ViewLayer | Updating Geometry BVH Sky fill 84/85 | Building BVH
Fra:13 Mem:25.15M (Peak 29.06M) | Time:00:00.34 | Mem:1.22M, Peak:1.22M | Scene, ViewLayer | Updating Geometry BVH Sunset key 83/85 | Building BVH
Fra:13 Mem:25.15M (Peak 29.06M) | Time:00:00.34 | Mem:1.22M, Peak:1.22M | Scene, ViewLayer | Updating Geometry BVH Plane 82/85 | Building BVH
Fra:13 Mem:25.15M (Peak 29.06M) | Time:00:00.34 | Mem:1.22M, Peak:1.22M | Scene, ViewLayer | Updating Geometry BVH Plane 82/85 | Building mesh BLAS |       2 tris | Plane
Fra:13 Mem:25.15M (Peak 29.06M) | Time:00:00.34 | Mem:1.22M, Peak:1.22M | Scene, ViewLayer | Updating Geometry BVH Plane 82/85 | Building mesh BLAS |      92 tris | Bronzed hoof.001
Fra:13 Mem:25.15M (Peak 29.06M) | Time:00:00.34 | Mem:1.22M, Peak:1.22M | Scene, ViewLayer | Updating Geometry BVH Plane 82/85 | Building mesh BLAS |      92 tris | Bronzed hoof.002
Fra:13 Mem:25.15M (Peak 29.06M) | Time:00:00.34 | Mem:1.22M, Peak:1.22M | Scene, ViewLayer | Updating Geometry BVH Raised elemental crest.002 81/85 | Building BVH
Fra:13 Mem:25.15M (Peak 29.06M) | Time:00:00.34 | Mem:1.22M, Peak:1.22M | Scene, ViewLayer | Updating Geometry BVH Raised elemental crest.002 81/85 | Building mesh BLAS |      46 tris | Raised elemental crest.002
Fra:13 Mem:25.15M (Peak 29.06M) | Time:00:00.34 | Mem:1.22M, Peak:1.22M | Scene, ViewLayer | Updating Geometry BVH Raised elemental crest.002 81/85 | Building mesh BLAS |      44 tris | Hoof cleft.001
Fra:13 Mem:25.15M (Peak 29.06M) | Time:00:00.34 | Mem:1.22M, Peak:1.22M | Scene, ViewLayer | Updating Geometry BVH Bronzed hoof.003 9/85 | Building BVH
Fra:13 Mem:25.15M (Peak 29.06M) | Time:00:00.34 | Mem:1.22M, Peak:1.22M | Scene, ViewLayer | Updating Geometry BVH Skull.002 11/85 | Building mesh BLAS |      92 tris | Bronzed hoof.003
Fra:13 Mem:25.15M (Peak 29.06M) | Time:00:00.34 | Mem:1.22M, Peak:1.22M | Scene, ViewLayer | Updating Geometry BVH Velvet muzzle 12/85 | Building BVH
Fra:13 Mem:25.15M (Peak 29.06M) | Time:00:00.34 | Mem:1.22M, Peak:1.22M | Scene, ViewLayer | Updating Geometry BVH Nostril 13/85 | Building BVH
Fra:13 Mem:25.15M (Peak 29.06M) | Time:00:00.34 | Mem:1.22M, Peak:1.22M | Scene, ViewLayer | Updating Geometry BVH Nostril 13/85 | Building mesh BLAS |     480 tris | Velvet muzzle
Fra:13 Mem:25.15M (Peak 29.06M) | Time:00:00.34 | Mem:1.22M, Peak:1.22M | Scene, ViewLayer | Updating Geometry BVH Brass crest clasp.002 80/85 | Building BVH
Fra:13 Mem:25.15M (Peak 29.06M) | Time:00:00.34 | Mem:1.22M, Peak:1.22M | Scene, ViewLayer | Updating Geometry BVH Brass crest clasp.002 80/85 | Building mesh BLAS |      44 tris | Hoof cleft.003
Fra:13 Mem:25.15M (Peak 29.06M) | Time:00:00.34 | Mem:1.22M, Peak:1.22M | Scene, ViewLayer | Updating Geometry BVH Nostril.001 14/85 | Building BVH
Fra:13 Mem:25.15M (Peak 29.06M) | Time:00:00.34 | Mem:1.22M, Peak:1.22M | Scene, ViewLayer | Updating Geometry BVH Ivory eye.004 16/85 | Building BVH
Fra:13 Mem:25.15M (Peak 29.06M) | Time:00:00.34 | Mem:1.22M, Peak:1.22M | Scene, ViewLayer | Updating Geometry BVH Ivory eye.004 16/85 | Building mesh BLAS |     480 tris | Eye socket.004
Fra:13 Mem:25.15M (Peak 29.06M) | Time:00:00.34 | Mem:1.22M, Peak:1.22M | Scene, ViewLayer | Updating Geometry BVH Ivory eye.004 16/85 | Building mesh BLAS |      44 tris | Hoof cleft.002
Fra:13 Mem:25.15M (Peak 29.06M) | Time:00:00.34 | Mem:1.22M, Peak:1.22M | Scene, ViewLayer | Updating Geometry BVH Ivory eye.004 16/85 | Building mesh BLAS |     320 tris | Brass crest clasp.002
Fra:13 Mem:25.15M (Peak 29.06M) | Time:00:00.34 | Mem:1.22M, Peak:1.22M | Scene, ViewLayer | Updating Geometry BVH Iris.004 17/85 | Building BVH
Fra:13 Mem:25.15M (Peak 29.06M) | Time:00:00.34 | Mem:1.22M, Peak:1.22M | Scene, ViewLayer | Updating Geometry BVH Iris.004 17/85 | Building mesh BLAS |    3088 tris | Skull.002
Fra:13 Mem:25.15M (Peak 29.06M) | Time:00:00.34 | Mem:1.22M, Peak:1.22M | Scene, ViewLayer | Updating Geometry BVH Pupil.004 18/85 | Building BVH
Fra:13 Mem:25.15M (Peak 29.06M) | Time:00:00.34 | Mem:1.22M, Peak:1.22M | Scene, ViewLayer | Updating Geometry BVH Eye glint.004 19/85 | Building BVH
Fra:13 Mem:25.15M (Peak 29.06M) | Time:00:00.34 | Mem:1.22M, Peak:1.22M | Scene, ViewLayer | Updating Geometry BVH Eye glint.004 19/85 | Building mesh BLAS |     192 tris | Eye glint.004
Fra:13 Mem:25.15M (Peak 29.06M) | Time:00:00.34 | Mem:1.22M, Peak:1.22M | Scene, ViewLayer | Updating Geometry BVH Neckerchief folded point.002 79/85 | Building BVH
Fra:13 Mem:25.15M (Peak 29.06M) | Time:00:00.34 | Mem:1.22M, Peak:1.22M | Scene, ViewLayer | Updating Geometry BVH Expressive brow.004 20/85 | Building BVH
Fra:13 Mem:25.15M (Peak 29.06M) | Time:00:00.34 | Mem:1.22M, Peak:1.22M | Scene, ViewLayer | Updating Geometry BVH Smiling mouth.004 21/85 | Building BVH
Fra:13 Mem:25.15M (Peak 29.06M) | Time:00:00.34 | Mem:1.22M, Peak:1.22M | Scene, ViewLayer | Updating Geometry BVH Iris.005 24/85 | Building mesh BLAS |      32 tris | Smiling mouth.004
Fra:13 Mem:25.15M (Peak 29.06M) | Time:00:00.35 | Mem:1.22M, Peak:1.22M | Scene, ViewLayer | Updating Geometry BVH Iris.005 24/85 | Building mesh BLAS |     480 tris | Eye socket.005
Fra:13 Mem:25.15M (Peak 29.06M) | Time:00:00.35 | Mem:1.22M, Peak:1.22M | Scene, ViewLayer | Updating Geometry BVH Iris.005 24/85 | Building mesh BLAS |     480 tris | Ivory eye.005
Fra:13 Mem:25.15M (Peak 29.06M) | Time:00:00.35 | Mem:1.22M, Peak:1.22M | Scene, ViewLayer | Updating Geometry BVH Iris.005 24/85 | Building mesh BLAS |     320 tris | Pupil.004
Fra:13 Mem:25.15M (Peak 29.06M) | Time:00:00.35 | Mem:1.22M, Peak:1.22M | Scene, ViewLayer | Updating Geometry BVH Eye glint.005 26/85 | Building BVH
Fra:13 Mem:25.15M (Peak 29.06M) | Time:00:00.35 | Mem:1.22M, Peak:1.22M | Scene, ViewLayer | Updating Geometry BVH Pupil.005 25/85 | Building BVH
Fra:13 Mem:25.15M (Peak 29.06M) | Time:00:00.35 | Mem:1.22M, Peak:1.22M | Scene, ViewLayer | Updating Geometry BVH Pupil.005 25/85 | Building mesh BLAS |     192 tris | Eye glint.005
Fra:13 Mem:25.15M (Peak 29.06M) | Time:00:00.35 | Mem:1.22M, Peak:1.22M | Scene, ViewLayer | Updating Geometry BVH Pupil.005 25/85 | Building mesh BLAS |      44 tris | Expressive brow.004
Fra:13 Mem:25.15M (Peak 29.06M) | Time:00:00.35 | Mem:1.22M, Peak:1.22M | Scene, ViewLayer | Updating Geometry BVH Pupil.005 25/85 | Building mesh BLAS |     320 tris | Pupil.005
Fra:13 Mem:25.15M (Peak 29.06M) | Time:00:00.35 | Mem:1.22M, Peak:1.22M | Scene, ViewLayer | Updating Geometry BVH Expressive brow.005 27/85 | Building BVH
Fra:13 Mem:25.15M (Peak 29.06M) | Time:00:00.35 | Mem:1.22M, Peak:1.22M | Scene, ViewLayer | Updating Geometry BVH Expressive brow.005 27/85 | Building mesh BLAS |      44 tris | Expressive brow.005
Fra:13 Mem:25.15M (Peak 29.06M) | Time:00:00.35 | Mem:1.22M, Peak:1.22M | Scene, ViewLayer | Updating Geometry BVH Leather neckerchief roll.002 78/85 | Building BVH
Fra:13 Mem:25.15M (Peak 29.06M) | Time:00:00.35 | Mem:1.22M, Peak:1.22M | Scene, ViewLayer | Updating Geometry BVH Leather neckerchief roll.002 78/85 | Building mesh BLAS |      76 tris | Leather neckerchief roll.002
Fra:13 Mem:25.15M (Peak 29.06M) | Time:00:00.35 | Mem:1.22M, Peak:1.22M | Scene, ViewLayer | Updating Geometry BVH Smiling mouth.005 28/85 | Building BVH
Fra:13 Mem:25.15M (Peak 29.06M) | Time:00:00.35 | Mem:1.22M, Peak:1.22M | Scene, ViewLayer | Updating Geometry BVH Smiling mouth.005 28/85 | Building mesh BLAS |      32 tris | Smiling mouth.005
Fra:13 Mem:25.15M (Peak 29.06M) | Time:00:00.35 | Mem:1.22M, Peak:1.22M | Scene, ViewLayer | Updating Geometry BVH Lower jaw.002 29/85 | Building BVH
Fra:13 Mem:25.15M (Peak 29.06M) | Time:00:00.35 | Mem:1.22M, Peak:1.22M | Scene, ViewLayer | Updating Geometry BVH Pointed species ear.002 30/85 | Building mesh BLAS |     400 tris | Lower jaw.002
Fra:13 Mem:25.15M (Peak 29.06M) | Time:00:00.35 | Mem:1.22M, Peak:1.22M | Scene, ViewLayer | Updating Geometry BVH Inner ear.002 31/85 | Building BVH
Fra:13 Mem:25.15M (Peak 29.06M) | Time:00:00.35 | Mem:1.22M, Peak:1.22M | Scene, ViewLayer | Updating Geometry BVH Inner ear.002 31/85 | Building mesh BLAS |       3 tris | Inner ear.002
Fra:13 Mem:25.15M (Peak 29.06M) | Time:00:00.35 | Mem:1.22M, Peak:1.22M | Scene, ViewLayer | Updating Geometry BVH Pointed species ear.003 32/85 | Building BVH
Fra:13 Mem:25.15M (Peak 29.06M) | Time:00:00.35 | Mem:1.22M, Peak:1.22M | Scene, ViewLayer | Updating Geometry BVH Pointed species ear.003 32/85 | Building mesh BLAS |       6 tris | Pointed species ear.003
Fra:13 Mem:25.15M (Peak 29.06M) | Time:00:00.35 | Mem:1.22M, Peak:1.22M | Scene, ViewLayer | Updating Geometry BVH Inner ear.003 33/85 | Building BVH
Fra:13 Mem:25.15M (Peak 29.06M) | Time:00:00.35 | Mem:1.22M, Peak:1.22M | Scene, ViewLayer | Updating Geometry BVH Inner ear.003 33/85 | Building mesh BLAS |       3 tris | Inner ear.003
Fra:13 Mem:25.15M (Peak 29.06M) | Time:00:00.35 | Mem:1.23M, Peak:1.23M | Scene, ViewLayer | Updating Geometry BVH Rainbow swept forelock 34/85 | Building BVH
Fra:13 Mem:25.15M (Peak 29.06M) | Time:00:00.35 | Mem:1.23M, Peak:1.23M | Scene, ViewLayer | Updating Geometry BVH Ribbon mane 35/85 | Building BVH
Fra:13 Mem:25.15M (Peak 29.06M) | Time:00:00.35 | Mem:1.23M, Peak:1.23M | Scene, ViewLayer | Updating Geometry BVH Ribbon mane.001 37/85 | Building mesh BLAS |      60 tris | Ribbon mane
Fra:13 Mem:25.15M (Peak 29.06M) | Time:00:00.35 | Mem:1.23M, Peak:1.23M | Scene, ViewLayer | Updating Geometry BVH Rainbow swept forelock.002 38/85 | Building BVH
Fra:13 Mem:25.15M (Peak 29.06M) | Time:00:00.35 | Mem:1.23M, Peak:1.23M | Scene, ViewLayer | Updating Geometry BVH Rainbow swept forelock.002 38/85 | Building mesh BLAS |      60 tris | Rainbow swept forelock.002
Fra:13 Mem:25.15M (Peak 29.06M) | Time:00:00.36 | Mem:1.51M, Peak:1.51M | Scene, ViewLayer | Updating Geometry BVH Ribbon mane.002 39/85 | Building BVH
Fra:13 Mem:25.15M (Peak 29.06M) | Time:00:00.36 | Mem:1.53M, Peak:1.53M | Scene, ViewLayer | Updating Geometry BVH Ribbon mane.002 39/85 | Building mesh BLAS |      60 tris | Ribbon mane.002
Fra:13 Mem:25.15M (Peak 29.06M) | Time:00:00.36 | Mem:1.53M, Peak:1.53M | Scene, ViewLayer | Updating Geometry BVH Ribbon mane.002 39/85 | Building mesh BLAS |      60 tris | Rainbow swept forelock
Fra:13 Mem:25.15M (Peak 29.06M) | Time:00:00.36 | Mem:1.53M, Peak:1.53M | Scene, ViewLayer | Updating Geometry BVH Rainbow swept forelock.003 40/85 | Building BVH
Fra:13 Mem:25.15M (Peak 29.06M) | Time:00:00.36 | Mem:1.53M, Peak:1.53M | Scene, ViewLayer | Updating Geometry BVH Rainbow swept forelock.003 40/85 | Building mesh BLAS |      60 tris | Rainbow swept forelock.003
Fra:13 Mem:25.15M (Peak 29.06M) | Time:00:00.36 | Mem:1.53M, Peak:1.53M | Scene, ViewLayer | Updating Geometry BVH Ribbon mane.003 41/85 | Building BVH
Fra:13 Mem:25.15M (Peak 29.06M) | Time:00:00.36 | Mem:1.53M, Peak:1.53M | Scene, ViewLayer | Updating Geometry BVH Rainbow swept forelock.004 42/85 | Building BVH
Fra:13 Mem:25.15M (Peak 29.06M) | Time:00:00.36 | Mem:1.53M, Peak:1.53M | Scene, ViewLayer | Updating Geometry BVH Rainbow swept forelock.004 42/85 | Building mesh BLAS |     480 tris | Ivory eye.004
Fra:13 Mem:25.15M (Peak 29.06M) | Time:00:00.36 | Mem:1.53M, Peak:1.53M | Scene, ViewLayer | Updating Geometry BVH Rainbow swept forelock.004 42/85 | Building mesh BLAS |      60 tris | Ribbon mane.001
Fra:13 Mem:25.15M (Peak 29.06M) | Time:00:00.36 | Mem:1.57M, Peak:1.57M | Scene, ViewLayer | Updating Geometry BVH Ribbon mane.004 43/85 | Building BVH
Fra:13 Mem:25.15M (Peak 29.06M) | Time:00:00.36 | Mem:1.73M, Peak:1.73M | Scene, ViewLayer | Updating Geometry BVH Ribbon mane.004 43/85 | Building mesh BLAS |      60 tris | Ribbon mane.004
Fra:13 Mem:25.15M (Peak 29.06M) | Time:00:00.36 | Mem:1.73M, Peak:1.73M | Scene, ViewLayer | Updating Geometry BVH Rainbow swept forelock.005 44/85 | Building BVH
Fra:13 Mem:25.15M (Peak 29.06M) | Time:00:00.36 | Mem:1.73M, Peak:1.73M | Scene, ViewLayer | Updating Geometry BVH Rainbow swept forelock.005 44/85 | Building mesh BLAS |      60 tris | Rainbow swept forelock.005
Fra:13 Mem:25.15M (Peak 29.06M) | Time:00:00.36 | Mem:1.73M, Peak:1.73M | Scene, ViewLayer | Updating Geometry BVH Ribbon mane.005 45/85 | Building BVH
Fra:13 Mem:25.15M (Peak 29.06M) | Time:00:00.36 | Mem:1.73M, Peak:1.73M | Scene, ViewLayer | Updating Geometry BVH Rainbow swept forelock.006 46/85 | Building BVH
Fra:13 Mem:25.15M (Peak 29.06M) | Time:00:00.36 | Mem:1.73M, Peak:1.73M | Scene, ViewLayer | Updating Geometry BVH Ribbon mane.006 47/85 | Building BVH
Fra:13 Mem:25.15M (Peak 29.06M) | Time:00:00.36 | Mem:1.73M, Peak:1.73M | Scene, ViewLayer | Updating Geometry BVH Ribbon mane.006 47/85 | Building mesh BLAS |      60 tris | Rainbow swept forelock.006
Fra:13 Mem:25.15M (Peak 29.06M) | Time:00:00.36 | Mem:1.74M, Peak:1.74M | Scene, ViewLayer | Updating Geometry BVH Ribbon mane.006 47/85 | Building mesh BLAS |      60 tris | Ribbon mane.003
Fra:13 Mem:25.15M (Peak 29.06M) | Time:00:00.36 | Mem:1.74M, Peak:1.74M | Scene, ViewLayer | Updating Geometry BVH Ribbon mane.006 47/85 | Building mesh BLAS |      60 tris | Rainbow swept forelock.001
Fra:13 Mem:25.15M (Peak 29.06M) | Time:00:00.36 | Mem:1.74M, Peak:1.74M | Scene, ViewLayer | Updating Geometry BVH Ribbon mane.006 47/85 | Building mesh BLAS |      60 tris | Rainbow tail ribbon.006
Fra:13 Mem:25.15M (Peak 29.06M) | Time:00:00.36 | Mem:1.74M, Peak:1.74M | Scene, ViewLayer | Updating Geometry BVH Golden unicorn horn 48/85 | Building mesh BLAS |      60 tris | Ribbon mane.006
Fra:13 Mem:25.15M (Peak 29.06M) | Time:00:00.36 | Mem:1.74M, Peak:1.74M | Scene, ViewLayer | Updating Geometry BVH Golden unicorn horn 48/85 | Building mesh BLAS |      60 tris | Rainbow swept forelock.004
Fra:13 Mem:25.15M (Peak 29.06M) | Time:00:00.36 | Mem:1.74M, Peak:1.74M | Scene, ViewLayer | Updating Geometry BVH Golden unicorn horn 48/85 | Building mesh BLAS |       6 tris | Pointed species ear.002
Fra:13 Mem:25.15M (Peak 29.06M) | Time:00:00.36 | Mem:1.74M, Peak:1.74M | Scene, ViewLayer | Updating Geometry BVH Horn spiral ridge 49/85 | Building BVH
Fra:13 Mem:25.15M (Peak 29.06M) | Time:00:00.36 | Mem:1.74M, Peak:1.74M | Scene, ViewLayer | Updating Geometry BVH Fetlock feather 50/85 | Building mesh BLAS |      92 tris | Golden unicorn horn
Fra:13 Mem:25.15M (Peak 29.06M) | Time:00:00.36 | Mem:1.74M, Peak:1.74M | Scene, ViewLayer | Updating Geometry BVH Fetlock feather 50/85 | Building mesh BLAS |     776 tris | Horn spiral ridge
Fra:13 Mem:25.15M (Peak 29.06M) | Time:00:00.36 | Mem:1.74M, Peak:1.74M | Scene, ViewLayer | Updating Geometry BVH Fetlock feather 50/85 | Building mesh BLAS |      44 tris | Fetlock feather
Fra:13 Mem:25.15M (Peak 29.06M) | Time:00:00.36 | Mem:1.74M, Peak:1.74M | Scene, ViewLayer | Updating Geometry BVH Rainbow tail ribbon.005 76/85 | Building BVH
Fra:13 Mem:25.15M (Peak 29.06M) | Time:00:00.36 | Mem:1.74M, Peak:1.74M | Scene, ViewLayer | Updating Geometry BVH Rainbow tail ribbon.005 76/85 | Building mesh BLAS |      60 tris | Rainbow tail ribbon.005
Fra:13 Mem:25.15M (Peak 29.06M) | Time:00:00.36 | Mem:1.74M, Peak:1.74M | Scene, ViewLayer | Updating Geometry BVH Fetlock feather.002 52/85 | Building BVH
Fra:13 Mem:25.15M (Peak 29.06M) | Time:00:00.36 | Mem:1.74M, Peak:1.74M | Scene, ViewLayer | Updating Geometry BVH Fetlock feather.002 52/85 | Building mesh BLAS |      44 tris | Fetlock feather.001
Fra:13 Mem:25.15M (Peak 29.06M) | Time:00:00.36 | Mem:1.74M, Peak:1.74M | Scene, ViewLayer | Updating Geometry BVH Fetlock feather.002 52/85 | Building mesh BLAS |      44 tris | Fetlock feather.002
Fra:13 Mem:25.15M (Peak 29.06M) | Time:00:00.36 | Mem:1.74M, Peak:1.74M | Scene, ViewLayer | Updating Geometry BVH Fetlock feather.003 53/85 | Building BVH
Fra:13 Mem:25.15M (Peak 29.06M) | Time:00:00.36 | Mem:1.74M, Peak:1.74M | Scene, ViewLayer | Updating Geometry BVH Fetlock feather.003 53/85 | Building mesh BLAS |      44 tris | Fetlock feather.003
Fra:13 Mem:25.15M (Peak 29.06M) | Time:00:00.36 | Mem:1.74M, Peak:1.74M | Scene, ViewLayer | Updating Geometry BVH Fetlock feather.004 54/85 | Building BVH
Fra:13 Mem:25.15M (Peak 29.06M) | Time:00:00.36 | Mem:1.74M, Peak:1.74M | Scene, ViewLayer | Updating Geometry BVH Fetlock feather.004 54/85 | Building mesh BLAS |      44 tris | Fetlock feather.004
Fra:13 Mem:25.15M (Peak 29.06M) | Time:00:00.36 | Mem:1.74M, Peak:1.74M | Scene, ViewLayer | Updating Geometry BVH Fetlock feather.005 55/85 | Building BVH
Fra:13 Mem:25.15M (Peak 29.06M) | Time:00:00.36 | Mem:1.74M, Peak:1.74M | Scene, ViewLayer | Updating Geometry BVH Fetlock feather.006 56/85 | Building BVH
Fra:13 Mem:25.15M (Peak 29.06M) | Time:00:00.36 | Mem:1.74M, Peak:1.74M | Scene, ViewLayer | Updating Geometry BVH Fetlock feather.007 57/85 | Building BVH
Fra:13 Mem:25.15M (Peak 29.06M) | Time:00:00.36 | Mem:1.74M, Peak:1.74M | Scene, ViewLayer | Updating Geometry BVH Fetlock feather.008 58/85 | Building BVH
Fra:13 Mem:25.15M (Peak 29.06M) | Time:00:00.36 | Mem:1.74M, Peak:1.74M | Scene, ViewLayer | Updating Geometry BVH Fetlock feather.008 58/85 | Building mesh BLAS |      44 tris | Fetlock feather.007
Fra:13 Mem:25.15M (Peak 29.06M) | Time:00:00.36 | Mem:1.74M, Peak:1.74M | Scene, ViewLayer | Updating Geometry BVH Rainbow tail ribbon.004 75/85 | Building BVH
Fra:13 Mem:25.15M (Peak 29.06M) | Time:00:00.36 | Mem:1.74M, Peak:1.74M | Scene, ViewLayer | Updating Geometry BVH Rainbow tail ribbon.004 75/85 | Building mesh BLAS |      60 tris | Rainbow tail ribbon.004
Fra:13 Mem:25.15M (Peak 29.06M) | Time:00:00.36 | Mem:1.74M, Peak:1.74M | Scene, ViewLayer | Updating Geometry BVH Rainbow tail ribbon.004 75/85 | Building mesh BLAS |      44 tris | Fetlock feather.008
Fra:13 Mem:25.15M (Peak 29.06M) | Time:00:00.36 | Mem:1.74M, Peak:1.74M | Scene, ViewLayer | Updating Geometry BVH Fetlock feather.009 59/85 | Building BVH
Fra:13 Mem:25.15M (Peak 29.06M) | Time:00:00.36 | Mem:1.74M, Peak:1.74M | Scene, ViewLayer | Updating Geometry BVH Fetlock feather.010 60/85 | Building BVH
Fra:13 Mem:25.15M (Peak 29.06M) | Time:00:00.36 | Mem:1.74M, Peak:1.74M | Scene, ViewLayer | Updating Geometry BVH Fetlock feather.010 60/85 | Building mesh BLAS |      44 tris | Fetlock feather.010
Fra:13 Mem:25.15M (Peak 29.06M) | Time:00:00.36 | Mem:1.74M, Peak:1.74M | Scene, ViewLayer | Updating Geometry BVH Fetlock feather.011 61/85 | Building BVH
Fra:13 Mem:25.15M (Peak 29.06M) | Time:00:00.36 | Mem:1.74M, Peak:1.74M | Scene, ViewLayer | Updating Geometry BVH Fetlock feather.011 61/85 | Building mesh BLAS |      44 tris | Fetlock feather.011
Fra:13 Mem:25.15M (Peak 29.06M) | Time:00:00.36 | Mem:1.74M, Peak:1.74M | Scene, ViewLayer | Updating Geometry BVH Fetlock feather.012 62/85 | Building BVH
Fra:13 Mem:25.15M (Peak 29.06M) | Time:00:00.36 | Mem:1.74M, Peak:1.74M | Scene, ViewLayer | Updating Geometry BVH Fetlock feather.012 62/85 | Building mesh BLAS |      44 tris | Fetlock feather.012
Fra:13 Mem:25.15M (Peak 29.06M) | Time:00:00.36 | Mem:1.74M, Peak:1.74M | Scene, ViewLayer | Updating Geometry BVH Fetlock feather.012 62/85 | Building mesh BLAS |      60 tris | Rainbow tail ribbon.003
Fra:13 Mem:25.15M (Peak 29.06M) | Time:00:00.36 | Mem:1.74M, Peak:1.74M | Scene, ViewLayer | Updating Geometry BVH Fetlock feather.012 62/85 | Building mesh BLAS |      44 tris | Fetlock feather.009
Fra:13 Mem:25.15M (Peak 29.06M) | Time:00:00.36 | Mem:1.74M, Peak:1.74M | Scene, ViewLayer | Updating Geometry BVH Fetlock feather.014 64/85 | Building BVH
Fra:13 Mem:25.15M (Peak 29.06M) | Time:00:00.36 | Mem:1.74M, Peak:1.74M | Scene, ViewLayer | Updating Geometry BVH Fetlock feather.014 64/85 | Building mesh BLAS |      44 tris | Fetlock feather.014
Fra:13 Mem:25.15M (Peak 29.06M) | Time:00:00.36 | Mem:1.74M, Peak:1.74M | Scene, ViewLayer | Updating Geometry BVH Fetlock feather.015 65/85 | Building BVH
Fra:13 Mem:25.15M (Peak 29.06M) | Time:00:00.36 | Mem:1.74M, Peak:1.74M | Scene, ViewLayer | Updating Geometry BVH Fetlock feather.015 65/85 | Building mesh BLAS |      44 tris | Fetlock feather.015
Fra:13 Mem:25.15M (Peak 29.06M) | Time:00:00.36 | Mem:1.74M, Peak:1.74M | Scene, ViewLayer | Updating Geometry BVH Fetlock feather.016 66/85 | Building BVH
Fra:13 Mem:25.15M (Peak 29.06M) | Time:00:00.36 | Mem:1.74M, Peak:1.74M | Scene, ViewLayer | Updating Geometry BVH Fetlock feather.016 66/85 | Building mesh BLAS |      44 tris | Fetlock feather.016
Fra:13 Mem:25.15M (Peak 29.06M) | Time:00:00.36 | Mem:1.74M, Peak:1.74M | Scene, ViewLayer | Updating Geometry BVH Fetlock feather.013 63/85 | Building BVH
Fra:13 Mem:25.15M (Peak 29.06M) | Time:00:00.36 | Mem:1.74M, Peak:1.74M | Scene, ViewLayer | Updating Geometry BVH Fetlock feather.017 67/85 | Building mesh BLAS |      44 tris | Fetlock feather.013
Fra:13 Mem:25.15M (Peak 29.06M) | Time:00:00.36 | Mem:1.74M, Peak:1.74M | Scene, ViewLayer | Updating Geometry BVH Fetlock feather.017 67/85 | Building mesh BLAS |      44 tris | Fetlock feather.017
Fra:13 Mem:25.15M (Peak 29.06M) | Time:00:00.36 | Mem:1.74M, Peak:1.74M | Scene, ViewLayer | Updating Geometry BVH Rainbow tail ribbon.002 73/85 | Building BVH
Fra:13 Mem:25.15M (Peak 29.06M) | Time:00:00.36 | Mem:1.74M, Peak:1.74M | Scene, ViewLayer | Updating Geometry BVH Rainbow tail ribbon.002 73/85 | Building mesh BLAS |      60 tris | Rainbow tail ribbon.002
Fra:13 Mem:25.15M (Peak 29.06M) | Time:00:00.36 | Mem:1.74M, Peak:1.74M | Scene, ViewLayer | Updating Geometry BVH Fetlock feather.018 68/85 | Building BVH
Fra:13 Mem:25.15M (Peak 29.06M) | Time:00:00.36 | Mem:1.74M, Peak:1.74M | Scene, ViewLayer | Updating Geometry BVH Fetlock feather.018 68/85 | Building mesh BLAS |      44 tris | Fetlock feather.018
Fra:13 Mem:25.15M (Peak 29.06M) | Time:00:00.36 | Mem:1.74M, Peak:1.74M | Scene, ViewLayer | Updating Geometry BVH Fetlock feather.019 69/85 | Building BVH
Fra:13 Mem:25.15M (Peak 29.06M) | Time:00:00.36 | Mem:1.74M, Peak:1.74M | Scene, ViewLayer | Updating Geometry BVH Fetlock feather.019 69/85 | Building mesh BLAS |      44 tris | Fetlock feather.019
Fra:13 Mem:25.15M (Peak 29.06M) | Time:00:00.36 | Mem:1.74M, Peak:1.74M | Scene, ViewLayer | Updating Geometry BVH Articulated tail.002 70/85 | Building BVH
Fra:13 Mem:25.15M (Peak 29.06M) | Time:00:00.36 | Mem:1.74M, Peak:1.74M | Scene, ViewLayer | Updating Geometry BVH Articulated tail.002 70/85 | Building mesh BLAS |     268 tris | Articulated tail.002
Fra:13 Mem:25.15M (Peak 29.06M) | Time:00:00.36 | Mem:1.74M, Peak:1.74M | Scene, ViewLayer | Updating Geometry BVH Rainbow tail ribbon.001 72/85 | Building BVH
Fra:13 Mem:25.15M (Peak 29.06M) | Time:00:00.36 | Mem:1.74M, Peak:1.74M | Scene, ViewLayer | Updating Geometry BVH Rainbow tail ribbon.001 72/85 | Building mesh BLAS |      60 tris | Rainbow tail ribbon.001
Fra:13 Mem:25.15M (Peak 29.06M) | Time:00:00.36 | Mem:1.74M, Peak:1.74M | Scene, ViewLayer | Updating Geometry BVH Rainbow tail ribbon 71/85 | Building BVH
Fra:13 Mem:25.15M (Peak 29.06M) | Time:00:00.36 | Mem:1.74M, Peak:1.74M | Scene, ViewLayer | Updating Geometry BVH Rainbow tail ribbon 71/85 | Building mesh BLAS |      60 tris | Rainbow tail ribbon
Fra:13 Mem:25.15M (Peak 29.06M) | Time:00:00.36 | Mem:1.74M, Peak:1.74M | Scene, ViewLayer | Updating Scene BVH | Building
Fra:13 Mem:25.15M (Peak 29.06M) | Time:00:00.38 | Mem:2.07M, Peak:2.07M | Scene, ViewLayer | Updating Scene BVH | Building TLAS      |      85 instances
Fra:13 Mem:25.15M (Peak 29.06M) | Time:00:00.38 | Mem:2.10M, Peak:2.10M | Scene, ViewLayer | Updating Scene BVH | Copying BVH to device
Fra:13 Mem:25.15M (Peak 29.06M) | Time:00:00.38 | Mem:2.10M, Peak:2.10M | Scene, ViewLayer | Updating Mesh | Computing normals
Fra:13 Mem:25.62M (Peak 29.06M) | Time:00:00.38 | Mem:2.10M, Peak:2.10M | Scene, ViewLayer | Updating Mesh | Copying Mesh to device
Fra:13 Mem:25.15M (Peak 29.06M) | Time:00:00.38 | Mem:2.60M, Peak:2.60M | Scene, ViewLayer | Updating Objects Flags
Fra:13 Mem:25.15M (Peak 29.06M) | Time:00:00.38 | Mem:2.60M, Peak:2.60M | Scene, ViewLayer | Updating Primitive Offsets
Fra:13 Mem:25.15M (Peak 29.06M) | Time:00:00.38 | Mem:2.60M, Peak:2.60M | Scene, ViewLayer | Updating Images
Fra:13 Mem:25.15M (Peak 29.06M) | Time:00:00.38 | Mem:2.60M, Peak:2.60M | Scene, ViewLayer | Updating Camera Volume
Fra:13 Mem:25.15M (Peak 29.06M) | Time:00:00.38 | Mem:2.60M, Peak:2.60M | Scene, ViewLayer | Updating Lookup Tables
Fra:13 Mem:25.07M (Peak 29.06M) | Time:00:00.38 | Mem:2.70M, Peak:2.70M | Scene, ViewLayer | Updating Lights
Fra:13 Mem:25.07M (Peak 29.06M) | Time:00:00.38 | Mem:2.70M, Peak:2.70M | Scene, ViewLayer | Updating Lights | Computing tree
Fra:13 Mem:25.07M (Peak 29.06M) | Time:00:00.38 | Mem:2.70M, Peak:2.70M | Scene, ViewLayer | Updating Integrator
Fra:13 Mem:25.07M (Peak 29.06M) | Time:00:00.38 | Mem:2.70M, Peak:2.70M | Scene, ViewLayer | Updating Film
Fra:13 Mem:25.15M (Peak 29.06M) | Time:00:00.38 | Mem:2.61M, Peak:2.70M | Scene, ViewLayer | Updating Lookup Tables
Fra:13 Mem:25.07M (Peak 29.06M) | Time:00:00.38 | Mem:2.70M, Peak:2.70M | Scene, ViewLayer | Updating Baking
Fra:13 Mem:25.07M (Peak 29.06M) | Time:00:00.38 | Mem:2.70M, Peak:2.70M | Scene, ViewLayer | Updating Device | Writing constant memory
Fra:13 Mem:25.07M (Peak 29.06M) | Time:00:00.44 | Mem:2.70M, Peak:2.70M | Scene, ViewLayer | Loading denoising kernels (may take a few minutes the first time)
Fra:13 Mem:25.07M (Peak 57.07M) | Time:00:00.45 | Mem:2818.71M, Peak:2818.71M | Scene, ViewLayer | Sample 0/12 (Using optimized kernels)
Fra:13 Mem:25.06M (Peak 60.58M) | Time:00:00.90 | Remaining:00:04.92 | Mem:2854.26M, Peak:2854.26M | Scene, ViewLayer | Sample 1/12 (Using optimized kernels)
Fra:13 Mem:40.02M (Peak 62.45M) | Time:00:12.40 | Mem:2854.26M, Peak:2854.26M | Scene, ViewLayer | Sample 12/12 (Using optimized kernels)
Fra:13 Mem:40.02M (Peak 62.45M) | Time:00:12.40 | Mem:2854.26M, Peak:2854.26M | Scene, ViewLayer | Finished
Saved: '/Users/chikumatsuboi/Code/animal-racers-western/assets/source/western/qa/unicorn-attack-13.png'
Time: 00:12.54 (Saving: 00:00.08)

Fra:13 Mem:28.00M (Peak 28.00M) | Time:00:00.00 | Mem:0.02M, Peak:0.02M | Scene, ViewLayer | Synchronizing object | Body • continuous sculpted skin
Fra:13 Mem:28.00M (Peak 28.00M) | Time:00:00.01 | Mem:0.02M, Peak:0.02M | Scene, ViewLayer | Synchronizing object | Hoof cleft
Fra:13 Mem:28.05M (Peak 28.05M) | Time:00:00.01 | Mem:0.02M, Peak:0.02M | Scene, ViewLayer | Synchronizing object | Hoof cleft.002
Fra:13 Mem:28.26M (Peak 28.26M) | Time:00:00.01 | Mem:0.02M, Peak:0.02M | Scene, ViewLayer | Synchronizing object | Bronzed hoof.003
Fra:13 Mem:28.26M (Peak 28.26M) | Time:00:00.01 | Mem:0.02M, Peak:0.02M | Scene, ViewLayer | Synchronizing object | Hoof cleft.003
Fra:13 Mem:28.27M (Peak 28.27M) | Time:00:00.01 | Mem:0.02M, Peak:0.02M | Scene, ViewLayer | Synchronizing object | Nostril.001
Fra:13 Mem:28.49M (Peak 28.49M) | Time:00:00.01 | Mem:0.02M, Peak:0.02M | Scene, ViewLayer | Synchronizing object | Eye socket
Fra:13 Mem:28.54M (Peak 28.54M) | Time:00:00.01 | Mem:0.02M, Peak:0.02M | Scene, ViewLayer | Synchronizing object | Ivory eye
Fra:13 Mem:28.61M (Peak 28.61M) | Time:00:00.01 | Mem:0.02M, Peak:0.02M | Scene, ViewLayer | Synchronizing object | Iris
Fra:13 Mem:28.76M (Peak 28.76M) | Time:00:00.01 | Mem:0.02M, Peak:0.02M | Scene, ViewLayer | Synchronizing object | Pupil
Fra:13 Mem:28.79M (Peak 28.79M) | Time:00:00.01 | Mem:0.02M, Peak:0.02M | Scene, ViewLayer | Synchronizing object | Eye glint
Fra:13 Mem:28.91M (Peak 28.91M) | Time:00:00.01 | Mem:0.02M, Peak:0.02M | Scene, ViewLayer | Synchronizing object | Expressive brow
Fra:13 Mem:28.90M (Peak 28.91M) | Time:00:00.01 | Mem:0.02M, Peak:0.02M | Scene, ViewLayer | Synchronizing object | Eye socket.001
Fra:13 Mem:28.93M (Peak 28.93M) | Time:00:00.01 | Mem:0.02M, Peak:0.02M | Scene, ViewLayer | Synchronizing object | Ivory eye.001
Fra:13 Mem:28.93M (Peak 28.93M) | Time:00:00.01 | Mem:0.02M, Peak:0.02M | Scene, ViewLayer | Synchronizing object | Iris.001
Fra:13 Mem:29.01M (Peak 29.01M) | Time:00:00.01 | Mem:0.02M, Peak:0.02M | Scene, ViewLayer | Synchronizing object | Pupil.001
Fra:13 Mem:29.01M (Peak 29.01M) | Time:00:00.01 | Mem:0.02M, Peak:0.02M | Scene, ViewLayer | Synchronizing object | Eye glint.001
Fra:13 Mem:29.04M (Peak 29.04M) | Time:00:00.01 | Mem:0.02M, Peak:0.02M | Scene, ViewLayer | Synchronizing object | Expressive brow.001
Fra:13 Mem:29.07M (Peak 29.07M) | Time:00:00.01 | Mem:0.02M, Peak:0.02M | Scene, ViewLayer | Synchronizing object | Smiling mouth.001
Fra:13 Mem:29.07M (Peak 29.07M) | Time:00:00.01 | Mem:0.02M, Peak:0.02M | Scene, ViewLayer | Synchronizing object | Pointed species ear.001
Fra:13 Mem:29.07M (Peak 29.07M) | Time:00:00.01 | Mem:0.02M, Peak:0.02M | Scene, ViewLayer | Synchronizing object | Sky fill
Fra:13 Mem:29.08M (Peak 29.08M) | Time:00:00.01 | Mem:0.02M, Peak:0.02M | Scene, ViewLayer | Synchronizing object | Inner ear.001
Fra:13 Mem:29.09M (Peak 29.09M) | Time:00:00.01 | Mem:0.02M, Peak:0.02M | Scene, ViewLayer | Synchronizing object | Rainbow swept forelock
Fra:13 Mem:29.11M (Peak 29.11M) | Time:00:00.01 | Mem:0.02M, Peak:0.02M | Scene, ViewLayer | Synchronizing object | Rainbow swept forelock.001
Fra:13 Mem:29.10M (Peak 29.11M) | Time:00:00.01 | Mem:0.02M, Peak:0.02M | Scene, ViewLayer | Synchronizing object | Sunset key
Fra:13 Mem:29.10M (Peak 29.11M) | Time:00:00.01 | Mem:0.02M, Peak:0.02M | Scene, ViewLayer | Synchronizing object | Rainbow swept forelock.002
Fra:13 Mem:29.10M (Peak 29.11M) | Time:00:00.01 | Mem:0.02M, Peak:0.02M | Scene, ViewLayer | Synchronizing object | Plane
Fra:13 Mem:29.14M (Peak 29.14M) | Time:00:00.01 | Mem:0.02M, Peak:0.02M | Scene, ViewLayer | Synchronizing object | Rainbow swept forelock.003
Fra:13 Mem:29.14M (Peak 29.14M) | Time:00:00.01 | Mem:0.02M, Peak:0.02M | Scene, ViewLayer | Synchronizing object | Ribbon mane.003
Fra:13 Mem:29.15M (Peak 29.15M) | Time:00:00.01 | Mem:0.02M, Peak:0.02M | Scene, ViewLayer | Synchronizing object | Rainbow swept forelock.004
Fra:13 Mem:29.15M (Peak 29.15M) | Time:00:00.01 | Mem:0.02M, Peak:0.02M | Scene, ViewLayer | Synchronizing object | Rainbow swept forelock.005
Fra:13 Mem:29.15M (Peak 29.15M) | Time:00:00.01 | Mem:0.02M, Peak:0.02M | Scene, ViewLayer | Synchronizing object | Ribbon mane.005
Fra:13 Mem:29.16M (Peak 29.16M) | Time:00:00.01 | Mem:0.02M, Peak:0.02M | Scene, ViewLayer | Synchronizing object | Rainbow swept forelock.006
Fra:13 Mem:29.17M (Peak 29.17M) | Time:00:00.01 | Mem:0.02M, Peak:0.02M | Scene, ViewLayer | Synchronizing object | Ribbon mane.006
Fra:13 Mem:29.17M (Peak 29.17M) | Time:00:00.01 | Mem:0.02M, Peak:0.02M | Scene, ViewLayer | Synchronizing object | Fetlock feather
Fra:13 Mem:29.17M (Peak 29.17M) | Time:00:00.01 | Mem:0.02M, Peak:0.02M | Scene, ViewLayer | Synchronizing object | Fetlock feather.001
Fra:13 Mem:29.18M (Peak 29.18M) | Time:00:00.01 | Mem:0.02M, Peak:0.02M | Scene, ViewLayer | Synchronizing object | Fetlock feather.002
Fra:13 Mem:29.19M (Peak 29.19M) | Time:00:00.01 | Mem:0.02M, Peak:0.02M | Scene, ViewLayer | Synchronizing object | Fetlock feather.003
Fra:13 Mem:29.21M (Peak 29.21M) | Time:00:00.01 | Mem:0.02M, Peak:0.02M | Scene, ViewLayer | Synchronizing object | Fetlock feather.005
Fra:13 Mem:29.23M (Peak 29.23M) | Time:00:00.01 | Mem:0.02M, Peak:0.02M | Scene, ViewLayer | Synchronizing object | Fetlock feather.006
Fra:13 Mem:29.24M (Peak 29.24M) | Time:00:00.01 | Mem:0.02M, Peak:0.02M | Scene, ViewLayer | Synchronizing object | Fetlock feather.007
Fra:13 Mem:29.26M (Peak 29.26M) | Time:00:00.01 | Mem:0.02M, Peak:0.02M | Scene, ViewLayer | Synchronizing object | Fetlock feather.008
Fra:13 Mem:29.26M (Peak 29.26M) | Time:00:00.01 | Mem:0.02M, Peak:0.02M | Scene, ViewLayer | Synchronizing object | Fetlock feather.011
Fra:13 Mem:29.27M (Peak 29.27M) | Time:00:00.01 | Mem:0.02M, Peak:0.02M | Scene, ViewLayer | Synchronizing object | Fetlock feather.014
Fra:13 Mem:29.29M (Peak 29.29M) | Time:00:00.01 | Mem:0.02M, Peak:0.02M | Scene, ViewLayer | Synchronizing object | Brass crest clasp
Fra:13 Mem:29.29M (Peak 29.29M) | Time:00:00.01 | Mem:0.02M, Peak:0.02M | Scene, ViewLayer | Synchronizing object | Fetlock feather.015
Fra:13 Mem:29.31M (Peak 29.31M) | Time:00:00.01 | Mem:0.02M, Peak:0.02M | Scene, ViewLayer | Synchronizing object | Fetlock feather.016
Fra:13 Mem:29.30M (Peak 29.31M) | Time:00:00.01 | Mem:0.02M, Peak:0.02M | Scene, ViewLayer | Synchronizing object | Fetlock feather.017
Fra:13 Mem:29.31M (Peak 29.31M) | Time:00:00.01 | Mem:0.02M, Peak:0.02M | Scene, ViewLayer | Synchronizing object | Fetlock feather.018
Fra:13 Mem:29.31M (Peak 29.31M) | Time:00:00.01 | Mem:0.02M, Peak:0.02M | Scene, ViewLayer | Synchronizing object | Fetlock feather.019
Fra:13 Mem:29.33M (Peak 29.33M) | Time:00:00.01 | Mem:0.02M, Peak:0.02M | Scene, ViewLayer | Synchronizing object | Articulated tail
Fra:13 Mem:29.32M (Peak 29.33M) | Time:00:00.01 | Mem:0.02M, Peak:0.02M | Scene, ViewLayer | Synchronizing object | Rainbow tail ribbon
Fra:13 Mem:29.35M (Peak 29.35M) | Time:00:00.01 | Mem:0.02M, Peak:0.02M | Scene, ViewLayer | Synchronizing object | Rainbow tail ribbon.002
Fra:13 Mem:29.35M (Peak 29.35M) | Time:00:00.01 | Mem:0.02M, Peak:0.02M | Scene, ViewLayer | Synchronizing object | Rainbow tail ribbon.003
Fra:13 Mem:29.36M (Peak 29.36M) | Time:00:00.01 | Mem:0.02M, Peak:0.02M | Scene, ViewLayer | Synchronizing object | Rainbow tail ribbon.004
Fra:13 Mem:29.36M (Peak 29.36M) | Time:00:00.01 | Mem:0.02M, Peak:0.02M | Scene, ViewLayer | Synchronizing object | Rainbow tail ribbon.006
Fra:13 Mem:29.36M (Peak 29.36M) | Time:00:00.01 | Mem:0.02M, Peak:0.02M | Scene, ViewLayer | Synchronizing object | Leather neckerchief roll
Fra:13 Mem:29.39M (Peak 29.39M) | Time:00:00.01 | Mem:0.02M, Peak:0.02M | Scene, ViewLayer | Initializing
Fra:13 Mem:27.98M (Peak 29.39M) | Time:00:00.01 | Mem:0.02M, Peak:0.02M | Scene, ViewLayer | Updating Images | Loading Authored short-fur normal
Fra:13 Mem:24.64M (Peak 29.39M) | Time:00:00.02 | Mem:0.27M, Peak:0.27M | Scene, ViewLayer | Waiting for render to start
Fra:13 Mem:24.64M (Peak 29.39M) | Time:00:00.02 | Mem:0.27M, Peak:0.27M | Scene, ViewLayer | Updating Scene
Fra:13 Mem:24.64M (Peak 29.39M) | Time:00:00.02 | Mem:0.27M, Peak:0.27M | Scene, ViewLayer | Updating Shaders
Fra:13 Mem:24.64M (Peak 29.39M) | Time:00:00.02 | Mem:0.27M, Peak:0.27M | Scene, ViewLayer | Loading render kernels (may take a few minutes the first time)
Fra:13 Mem:24.72M (Peak 29.39M) | Time:00:00.09 | Mem:0.29M, Peak:0.29M | Scene, ViewLayer | Updating Procedurals
Fra:13 Mem:24.72M (Peak 29.39M) | Time:00:00.09 | Mem:0.29M, Peak:0.29M | Scene, ViewLayer | Updating Background
Fra:13 Mem:24.72M (Peak 29.39M) | Time:00:00.09 | Mem:0.29M, Peak:0.29M | Scene, ViewLayer | Updating Camera
Fra:13 Mem:24.72M (Peak 29.39M) | Time:00:00.09 | Mem:0.29M, Peak:0.29M | Scene, ViewLayer | Updating Meshes Flags
Fra:13 Mem:24.72M (Peak 29.39M) | Time:00:00.09 | Mem:0.29M, Peak:0.29M | Scene, ViewLayer | Updating Objects
Fra:13 Mem:24.72M (Peak 29.39M) | Time:00:00.09 | Mem:0.29M, Peak:0.29M | Scene, ViewLayer | Updating Objects | Copying Transformations to device
Fra:13 Mem:24.72M (Peak 29.39M) | Time:00:00.09 | Mem:0.32M, Peak:0.32M | Scene, ViewLayer | Updating Particle Systems
Fra:13 Mem:24.72M (Peak 29.39M) | Time:00:00.09 | Mem:0.32M, Peak:0.32M | Scene, ViewLayer | Updating Particle Systems | Copying Particles to device
Fra:13 Mem:24.72M (Peak 29.39M) | Time:00:00.09 | Mem:0.32M, Peak:0.32M | Scene, ViewLayer | Updating Meshes
Fra:13 Mem:25.31M (Peak 29.39M) | Time:00:00.10 | Mem:0.32M, Peak:0.32M | Scene, ViewLayer | Updating Objects | Applying Static Transformations
Fra:13 Mem:25.31M (Peak 29.39M) | Time:00:00.10 | Mem:0.32M, Peak:0.32M | Scene, ViewLayer | Updating Mesh | Computing attributes
Fra:13 Mem:26.17M (Peak 29.39M) | Time:00:00.10 | Mem:0.33M, Peak:0.33M | Scene, ViewLayer | Updating Mesh | Copying Attributes to device
Fra:13 Mem:25.31M (Peak 29.39M) | Time:00:00.25 | Mem:1.22M, Peak:1.22M | Scene, ViewLayer | Updating Geometry BVH ribcage.002 2/30 | Building BVH
Fra:13 Mem:25.31M (Peak 29.39M) | Time:00:00.26 | Mem:1.22M, Peak:1.22M | Scene, ViewLayer | Updating Geometry BVH Hoof cleft 4/85 | Building BVH
Fra:13 Mem:25.31M (Peak 29.39M) | Time:00:00.26 | Mem:1.22M, Peak:1.22M | Scene, ViewLayer | Updating Geometry BVH Hoof cleft.001 6/85 | Building BVH
Fra:13 Mem:25.31M (Peak 29.39M) | Time:00:00.26 | Mem:1.22M, Peak:1.22M | Scene, ViewLayer | Updating Geometry BVH Hoof cleft.001 6/85 | Building mesh BLAS |      44 tris | Hoof cleft
Fra:13 Mem:25.31M (Peak 29.39M) | Time:00:00.26 | Mem:1.22M, Peak:1.22M | Scene, ViewLayer | Updating Geometry BVH Hoof cleft.001 6/85 | Building mesh BLAS |      44 tris | Hoof cleft.001
Fra:13 Mem:25.31M (Peak 29.39M) | Time:00:00.26 | Mem:1.22M, Peak:1.22M | Scene, ViewLayer | Updating Geometry BVH Hoof cleft.001 6/85 | Building mesh BLAS |      92 tris | Bronzed hoof.001
Fra:13 Mem:25.31M (Peak 29.39M) | Time:00:00.26 | Mem:1.22M, Peak:1.22M | Scene, ViewLayer | Updating Geometry BVH Hoof cleft.001 6/85 | Building mesh BLAS |    4170 tris | ribcage.002
Fra:13 Mem:25.31M (Peak 29.39M) | Time:00:00.26 | Mem:1.22M, Peak:1.22M | Scene, ViewLayer | Updating Geometry BVH Bronzed hoof.002 7/85 | Building BVH
Fra:13 Mem:25.31M (Peak 29.39M) | Time:00:00.26 | Mem:1.22M, Peak:1.22M | Scene, ViewLayer | Updating Geometry BVH Bronzed hoof.002 7/85 | Building mesh BLAS |      92 tris | Bronzed hoof.002
Fra:13 Mem:25.31M (Peak 29.39M) | Time:00:00.26 | Mem:1.22M, Peak:1.22M | Scene, ViewLayer | Updating Geometry BVH Hoof cleft.002 8/85 | Building BVH
Fra:13 Mem:25.31M (Peak 29.39M) | Time:00:00.26 | Mem:1.22M, Peak:1.22M | Scene, ViewLayer | Updating Geometry BVH Bronzed hoof.003 9/85 | Building mesh BLAS |      44 tris | Hoof cleft.002
Fra:13 Mem:25.31M (Peak 29.39M) | Time:00:00.26 | Mem:1.22M, Peak:1.22M | Scene, ViewLayer | Updating Geometry BVH Hoof cleft.003 10/85 | Building BVH
Fra:13 Mem:25.31M (Peak 29.39M) | Time:00:00.26 | Mem:1.22M, Peak:1.22M | Scene, ViewLayer | Updating Geometry BVH Hoof cleft.003 10/85 | Building mesh BLAS |      44 tris | Hoof cleft.003
Fra:13 Mem:25.31M (Peak 29.39M) | Time:00:00.26 | Mem:1.22M, Peak:1.22M | Scene, ViewLayer | Updating Geometry BVH Skull.002 11/85 | Building BVH
Fra:13 Mem:25.31M (Peak 29.39M) | Time:00:00.26 | Mem:1.22M, Peak:1.22M | Scene, ViewLayer | Updating Geometry BVH Skull.002 11/85 | Building mesh BLAS |    3088 tris | Skull.002
Fra:13 Mem:25.31M (Peak 29.39M) | Time:00:00.26 | Mem:1.22M, Peak:1.22M | Scene, ViewLayer | Updating Geometry BVH Velvet muzzle 12/85 | Building BVH
Fra:13 Mem:25.31M (Peak 29.39M) | Time:00:00.26 | Mem:1.22M, Peak:1.22M | Scene, ViewLayer | Updating Geometry BVH Nostril 13/85 | Building BVH
Fra:13 Mem:25.31M (Peak 29.39M) | Time:00:00.26 | Mem:1.22M, Peak:1.22M | Scene, ViewLayer | Updating Geometry BVH Nostril 13/85 | Building mesh BLAS |     320 tris | Nostril
Fra:13 Mem:25.31M (Peak 29.39M) | Time:00:00.26 | Mem:1.22M, Peak:1.22M | Scene, ViewLayer | Updating Geometry BVH Nostril 13/85 | Building mesh BLAS |     480 tris | Velvet muzzle
Fra:13 Mem:25.31M (Peak 29.39M) | Time:00:00.26 | Mem:1.22M, Peak:1.22M | Scene, ViewLayer | Updating Geometry BVH Nostril.001 14/85 | Building BVH
Fra:13 Mem:25.31M (Peak 29.39M) | Time:00:00.26 | Mem:1.22M, Peak:1.22M | Scene, ViewLayer | Updating Geometry BVH Nostril.001 14/85 | Building mesh BLAS |     320 tris | Nostril.001
Fra:13 Mem:25.31M (Peak 29.39M) | Time:00:00.26 | Mem:1.22M, Peak:1.22M | Scene, ViewLayer | Updating Geometry BVH Nostril.001 14/85 | Building mesh BLAS |      92 tris | Bronzed hoof.003
Fra:13 Mem:25.31M (Peak 29.39M) | Time:00:00.26 | Mem:1.22M, Peak:1.22M | Scene, ViewLayer | Updating Geometry BVH Eye socket.004 15/85 | Building BVH
Fra:13 Mem:25.31M (Peak 29.39M) | Time:00:00.26 | Mem:1.22M, Peak:1.22M | Scene, ViewLayer | Updating Geometry BVH Eye socket.004 15/85 | Building mesh BLAS |     480 tris | Eye socket.004
Fra:13 Mem:25.31M (Peak 29.39M) | Time:00:00.26 | Mem:1.22M, Peak:1.22M | Scene, ViewLayer | Updating Geometry BVH Ivory eye.004 16/85 | Building BVH
Fra:13 Mem:25.31M (Peak 29.39M) | Time:00:00.26 | Mem:1.22M, Peak:1.22M | Scene, ViewLayer | Updating Geometry BVH Ivory eye.004 16/85 | Building mesh BLAS |     480 tris | Ivory eye.004
Fra:13 Mem:25.31M (Peak 29.39M) | Time:00:00.26 | Mem:1.22M, Peak:1.22M | Scene, ViewLayer | Updating Geometry BVH Warm rim 85/85 | Building BVH
Fra:13 Mem:25.31M (Peak 29.39M) | Time:00:00.26 | Mem:1.22M, Peak:1.22M | Scene, ViewLayer | Updating Geometry BVH Iris.004 17/85 | Building BVH
Fra:13 Mem:25.31M (Peak 29.39M) | Time:00:00.26 | Mem:1.22M, Peak:1.22M | Scene, ViewLayer | Updating Geometry BVH Iris.004 17/85 | Building mesh BLAS |     480 tris | Iris.004
Fra:13 Mem:25.31M (Peak 29.39M) | Time:00:00.26 | Mem:1.22M, Peak:1.22M | Scene, ViewLayer | Updating Geometry BVH Pupil.004 18/85 | Building BVH
Fra:13 Mem:25.31M (Peak 29.39M) | Time:00:00.26 | Mem:1.22M, Peak:1.22M | Scene, ViewLayer | Updating Geometry BVH Pupil.004 18/85 | Building mesh BLAS |     320 tris | Pupil.004
Fra:13 Mem:25.31M (Peak 29.39M) | Time:00:00.26 | Mem:1.22M, Peak:1.22M | Scene, ViewLayer | Updating Geometry BVH Expressive brow.004 20/85 | Building BVH
Fra:13 Mem:25.31M (Peak 29.39M) | Time:00:00.26 | Mem:1.22M, Peak:1.22M | Scene, ViewLayer | Updating Geometry BVH Expressive brow.004 20/85 | Building mesh BLAS |      44 tris | Expressive brow.004
Fra:13 Mem:25.31M (Peak 29.39M) | Time:00:00.26 | Mem:1.22M, Peak:1.22M | Scene, ViewLayer | Updating Geometry BVH Smiling mouth.004 21/85 | Building BVH
Fra:13 Mem:25.31M (Peak 29.39M) | Time:00:00.26 | Mem:1.22M, Peak:1.22M | Scene, ViewLayer | Updating Geometry BVH Eye socket.005 22/85 | Building BVH
Fra:13 Mem:25.31M (Peak 29.39M) | Time:00:00.26 | Mem:1.22M, Peak:1.22M | Scene, ViewLayer | Updating Geometry BVH Eye socket.005 22/85 | Building mesh BLAS |     480 tris | Eye socket.005
Fra:13 Mem:25.31M (Peak 29.39M) | Time:00:00.26 | Mem:1.22M, Peak:1.22M | Scene, ViewLayer | Updating Geometry BVH Ivory eye.005 23/85 | Building BVH
Fra:13 Mem:25.31M (Peak 29.39M) | Time:00:00.26 | Mem:1.22M, Peak:1.22M | Scene, ViewLayer | Updating Geometry BVH Ivory eye.005 23/85 | Building mesh BLAS |     480 tris | Ivory eye.005
Fra:13 Mem:25.31M (Peak 29.39M) | Time:00:00.26 | Mem:1.22M, Peak:1.22M | Scene, ViewLayer | Updating Geometry BVH Iris.005 24/85 | Building BVH
Fra:13 Mem:25.31M (Peak 29.39M) | Time:00:00.26 | Mem:1.22M, Peak:1.22M | Scene, ViewLayer | Updating Geometry BVH Iris.005 24/85 | Building mesh BLAS |     480 tris | Iris.005
Fra:13 Mem:25.31M (Peak 29.39M) | Time:00:00.26 | Mem:1.22M, Peak:1.22M | Scene, ViewLayer | Updating Geometry BVH Sky fill 84/85 | Building BVH
Fra:13 Mem:25.31M (Peak 29.39M) | Time:00:00.26 | Mem:1.22M, Peak:1.22M | Scene, ViewLayer | Updating Geometry BVH Sunset key 83/85 | Building BVH
Fra:13 Mem:25.31M (Peak 29.39M) | Time:00:00.26 | Mem:1.22M, Peak:1.22M | Scene, ViewLayer | Updating Geometry BVH Plane 82/85 | Building BVH
Fra:13 Mem:25.31M (Peak 29.39M) | Time:00:00.26 | Mem:1.22M, Peak:1.22M | Scene, ViewLayer | Updating Geometry BVH Plane 82/85 | Building mesh BLAS |       2 tris | Plane
Fra:13 Mem:25.31M (Peak 29.39M) | Time:00:00.26 | Mem:1.22M, Peak:1.22M | Scene, ViewLayer | Updating Geometry BVH Pupil.005 25/85 | Building BVH
Fra:13 Mem:25.31M (Peak 29.39M) | Time:00:00.26 | Mem:1.22M, Peak:1.22M | Scene, ViewLayer | Updating Geometry BVH Pupil.005 25/85 | Building mesh BLAS |     320 tris | Pupil.005
Fra:13 Mem:25.31M (Peak 29.39M) | Time:00:00.26 | Mem:1.22M, Peak:1.22M | Scene, ViewLayer | Updating Geometry BVH Pupil.005 25/85 | Building mesh BLAS |      92 tris | Bronzed hoof
Fra:13 Mem:25.31M (Peak 29.39M) | Time:00:00.26 | Mem:1.22M, Peak:1.22M | Scene, ViewLayer | Updating Geometry BVH Eye glint.005 26/85 | Building BVH
Fra:13 Mem:25.31M (Peak 29.39M) | Time:00:00.26 | Mem:1.22M, Peak:1.22M | Scene, ViewLayer | Updating Geometry BVH Expressive brow.005 27/85 | Building mesh BLAS |     192 tris | Eye glint.005
Fra:13 Mem:25.31M (Peak 29.39M) | Time:00:00.26 | Mem:1.22M, Peak:1.22M | Scene, ViewLayer | Updating Geometry BVH Raised elemental crest.002 81/85 | Building BVH
Fra:13 Mem:25.31M (Peak 29.39M) | Time:00:00.26 | Mem:1.22M, Peak:1.22M | Scene, ViewLayer | Updating Geometry BVH Raised elemental crest.002 81/85 | Building mesh BLAS |      46 tris | Raised elemental crest.002
Fra:13 Mem:25.31M (Peak 29.39M) | Time:00:00.26 | Mem:1.22M, Peak:1.22M | Scene, ViewLayer | Updating Geometry BVH Lower jaw.002 29/85 | Building BVH
Fra:13 Mem:25.31M (Peak 29.39M) | Time:00:00.26 | Mem:1.22M, Peak:1.22M | Scene, ViewLayer | Updating Geometry BVH Pointed species ear.002 30/85 | Building BVH
Fra:13 Mem:25.31M (Peak 29.39M) | Time:00:00.26 | Mem:1.22M, Peak:1.22M | Scene, ViewLayer | Updating Geometry BVH Inner ear.002 31/85 | Building BVH
Fra:13 Mem:25.31M (Peak 29.39M) | Time:00:00.26 | Mem:1.22M, Peak:1.22M | Scene, ViewLayer | Updating Geometry BVH Brass crest clasp.002 80/85 | Building BVH
Fra:13 Mem:25.31M (Peak 29.39M) | Time:00:00.26 | Mem:1.22M, Peak:1.22M | Scene, ViewLayer | Updating Geometry BVH Brass crest clasp.002 80/85 | Building mesh BLAS |       3 tris | Inner ear.002
Fra:13 Mem:25.31M (Peak 29.39M) | Time:00:00.26 | Mem:1.22M, Peak:1.22M | Scene, ViewLayer | Updating Geometry BVH Brass crest clasp.002 80/85 | Building mesh BLAS |     320 tris | Brass crest clasp.002
Fra:13 Mem:25.31M (Peak 29.39M) | Time:00:00.26 | Mem:1.22M, Peak:1.22M | Scene, ViewLayer | Updating Geometry BVH Pointed species ear.003 32/85 | Building BVH
Fra:13 Mem:25.31M (Peak 29.39M) | Time:00:00.26 | Mem:1.22M, Peak:1.22M | Scene, ViewLayer | Updating Geometry BVH Pointed species ear.003 32/85 | Building mesh BLAS |       6 tris | Pointed species ear.003
Fra:13 Mem:25.31M (Peak 29.39M) | Time:00:00.26 | Mem:1.22M, Peak:1.22M | Scene, ViewLayer | Updating Geometry BVH Neckerchief folded point.002 79/85 | Building BVH
Fra:13 Mem:25.31M (Peak 29.39M) | Time:00:00.26 | Mem:1.22M, Peak:1.22M | Scene, ViewLayer | Updating Geometry BVH Neckerchief folded point.002 79/85 | Building mesh BLAS |       4 tris | Neckerchief folded point.002
Fra:13 Mem:25.31M (Peak 29.39M) | Time:00:00.26 | Mem:1.22M, Peak:1.22M | Scene, ViewLayer | Updating Geometry BVH Inner ear.003 33/85 | Building BVH
Fra:13 Mem:25.31M (Peak 29.39M) | Time:00:00.26 | Mem:1.22M, Peak:1.22M | Scene, ViewLayer | Updating Geometry BVH Inner ear.003 33/85 | Building mesh BLAS |       3 tris | Inner ear.003
Fra:13 Mem:25.31M (Peak 29.39M) | Time:00:00.26 | Mem:1.22M, Peak:1.22M | Scene, ViewLayer | Updating Geometry BVH Rainbow swept forelock 34/85 | Building BVH
Fra:13 Mem:25.31M (Peak 29.39M) | Time:00:00.26 | Mem:1.22M, Peak:1.22M | Scene, ViewLayer | Updating Geometry BVH Rainbow swept forelock 34/85 | Building mesh BLAS |      60 tris | Rainbow swept forelock
Fra:13 Mem:25.31M (Peak 29.39M) | Time:00:00.26 | Mem:1.22M, Peak:1.22M | Scene, ViewLayer | Updating Geometry BVH Rainbow swept forelock 34/85 | Building mesh BLAS |       6 tris | Pointed species ear.002
Fra:13 Mem:25.31M (Peak 29.39M) | Time:00:00.26 | Mem:1.22M, Peak:1.22M | Scene, ViewLayer | Updating Geometry BVH Rainbow swept forelock 34/85 | Building mesh BLAS |      32 tris | Smiling mouth.005
Fra:13 Mem:25.31M (Peak 29.39M) | Time:00:00.26 | Mem:1.22M, Peak:1.22M | Scene, ViewLayer | Updating Geometry BVH Rainbow swept forelock 34/85 | Building mesh BLAS |     192 tris | Eye glint.004
Fra:13 Mem:25.31M (Peak 29.39M) | Time:00:00.26 | Mem:1.22M, Peak:1.22M | Scene, ViewLayer | Updating Geometry BVH Leather neckerchief roll.002 78/85 | Building BVH
Fra:13 Mem:25.31M (Peak 29.39M) | Time:00:00.26 | Mem:1.22M, Peak:1.22M | Scene, ViewLayer | Updating Geometry BVH Rainbow swept forelock.001 36/85 | Building BVH
Fra:13 Mem:25.31M (Peak 29.39M) | Time:00:00.26 | Mem:1.22M, Peak:1.22M | Scene, ViewLayer | Updating Geometry BVH Rainbow swept forelock.001 36/85 | Building mesh BLAS |      60 tris | Rainbow swept forelock.001
Fra:13 Mem:25.31M (Peak 29.39M) | Time:00:00.26 | Mem:1.22M, Peak:1.22M | Scene, ViewLayer | Updating Geometry BVH Ribbon mane.001 37/85 | Building BVH
Fra:13 Mem:25.31M (Peak 29.39M) | Time:00:00.26 | Mem:1.22M, Peak:1.22M | Scene, ViewLayer | Updating Geometry BVH Ribbon mane.001 37/85 | Building mesh BLAS |      60 tris | Ribbon mane.001
Fra:13 Mem:25.31M (Peak 29.39M) | Time:00:00.26 | Mem:1.22M, Peak:1.22M | Scene, ViewLayer | Updating Geometry BVH Ribbon mane.001 37/85 | Building mesh BLAS |      76 tris | Leather neckerchief roll.002
Fra:13 Mem:25.31M (Peak 29.39M) | Time:00:00.26 | Mem:1.22M, Peak:1.22M | Scene, ViewLayer | Updating Geometry BVH Ribbon mane.001 37/85 | Building mesh BLAS |      60 tris | Ribbon mane
Fra:13 Mem:25.31M (Peak 29.39M) | Time:00:00.26 | Mem:1.22M, Peak:1.22M | Scene, ViewLayer | Updating Geometry BVH Rainbow swept forelock.002 38/85 | Building BVH
Fra:13 Mem:25.31M (Peak 29.39M) | Time:00:00.26 | Mem:1.22M, Peak:1.22M | Scene, ViewLayer | Updating Geometry BVH Rainbow swept forelock.002 38/85 | Building mesh BLAS |      60 tris | Rainbow swept forelock.002
Fra:13 Mem:25.31M (Peak 29.39M) | Time:00:00.26 | Mem:1.22M, Peak:1.22M | Scene, ViewLayer | Updating Geometry BVH Ribbon mane.002 39/85 | Building BVH
Fra:13 Mem:25.31M (Peak 29.39M) | Time:00:00.26 | Mem:1.22M, Peak:1.22M | Scene, ViewLayer | Updating Geometry BVH Rainbow swept forelock.003 40/85 | Building BVH
Fra:13 Mem:25.31M (Peak 29.39M) | Time:00:00.26 | Mem:1.22M, Peak:1.22M | Scene, ViewLayer | Updating Geometry BVH Rainbow swept forelock.003 40/85 | Building mesh BLAS |      60 tris | Ribbon mane.002
Fra:13 Mem:25.31M (Peak 29.39M) | Time:00:00.26 | Mem:1.22M, Peak:1.22M | Scene, ViewLayer | Updating Geometry BVH Rainbow swept forelock.003 40/85 | Building mesh BLAS |      44 tris | Expressive brow.005
Fra:13 Mem:25.31M (Peak 29.39M) | Time:00:00.26 | Mem:1.22M, Peak:1.22M | Scene, ViewLayer | Updating Geometry BVH Rainbow swept forelock.003 40/85 | Building mesh BLAS |      60 tris | Rainbow swept forelock.003
Fra:13 Mem:25.31M (Peak 29.39M) | Time:00:00.26 | Mem:1.22M, Peak:1.22M | Scene, ViewLayer | Updating Geometry BVH Ribbon mane.003 41/85 | Building BVH
Fra:13 Mem:25.31M (Peak 29.39M) | Time:00:00.26 | Mem:1.22M, Peak:1.22M | Scene, ViewLayer | Updating Geometry BVH Ribbon mane.003 41/85 | Building mesh BLAS |      60 tris | Ribbon mane.003
Fra:13 Mem:25.31M (Peak 29.39M) | Time:00:00.26 | Mem:1.22M, Peak:1.22M | Scene, ViewLayer | Updating Geometry BVH Rainbow swept forelock.004 42/85 | Building BVH
Fra:13 Mem:25.31M (Peak 29.39M) | Time:00:00.26 | Mem:1.22M, Peak:1.22M | Scene, ViewLayer | Updating Geometry BVH Ribbon mane.004 43/85 | Building BVH
Fra:13 Mem:25.31M (Peak 29.39M) | Time:00:00.26 | Mem:1.22M, Peak:1.22M | Scene, ViewLayer | Updating Geometry BVH Rainbow tail ribbon.006 77/85 | Building BVH
Fra:13 Mem:25.31M (Peak 29.39M) | Time:00:00.26 | Mem:1.22M, Peak:1.22M | Scene, ViewLayer | Updating Geometry BVH Rainbow tail ribbon.006 77/85 | Building mesh BLAS |      60 tris | Rainbow tail ribbon.006
Fra:13 Mem:25.31M (Peak 29.39M) | Time:00:00.26 | Mem:1.22M, Peak:1.22M | Scene, ViewLayer | Updating Geometry BVH Rainbow tail ribbon.006 77/85 | Building mesh BLAS |      60 tris | Rainbow swept forelock.004
Fra:13 Mem:25.31M (Peak 29.39M) | Time:00:00.26 | Mem:1.22M, Peak:1.22M | Scene, ViewLayer | Updating Geometry BVH Rainbow swept forelock.005 44/85 | Building BVH
Fra:13 Mem:25.31M (Peak 29.39M) | Time:00:00.26 | Mem:1.22M, Peak:1.22M | Scene, ViewLayer | Updating Geometry BVH Rainbow swept forelock.006 46/85 | Building BVH
Fra:13 Mem:25.31M (Peak 29.39M) | Time:00:00.26 | Mem:1.22M, Peak:1.22M | Scene, ViewLayer | Updating Geometry BVH Rainbow swept forelock.006 46/85 | Building mesh BLAS |      60 tris | Rainbow swept forelock.006
Fra:13 Mem:25.31M (Peak 29.39M) | Time:00:00.27 | Mem:1.22M, Peak:1.22M | Scene, ViewLayer | Updating Geometry BVH Ribbon mane.006 47/85 | Building BVH
Fra:13 Mem:25.31M (Peak 29.39M) | Time:00:00.27 | Mem:1.22M, Peak:1.22M | Scene, ViewLayer | Updating Geometry BVH Ribbon mane.006 47/85 | Building mesh BLAS |      60 tris | Ribbon mane.006
Fra:13 Mem:25.31M (Peak 29.39M) | Time:00:00.27 | Mem:1.22M, Peak:1.22M | Scene, ViewLayer | Updating Geometry BVH Ribbon mane.006 47/85 | Building mesh BLAS |      60 tris | Ribbon mane.005
Fra:13 Mem:25.31M (Peak 29.39M) | Time:00:00.27 | Mem:1.22M, Peak:1.22M | Scene, ViewLayer | Updating Geometry BVH Golden unicorn horn 48/85 | Building BVH
Fra:13 Mem:25.31M (Peak 29.39M) | Time:00:00.27 | Mem:1.22M, Peak:1.22M | Scene, ViewLayer | Updating Geometry BVH Golden unicorn horn 48/85 | Building mesh BLAS |      92 tris | Golden unicorn horn
Fra:13 Mem:25.31M (Peak 29.39M) | Time:00:00.27 | Mem:1.22M, Peak:1.22M | Scene, ViewLayer | Updating Geometry BVH Horn spiral ridge 49/85 | Building BVH
Fra:13 Mem:25.31M (Peak 29.39M) | Time:00:00.27 | Mem:1.22M, Peak:1.22M | Scene, ViewLayer | Updating Geometry BVH Horn spiral ridge 49/85 | Building mesh BLAS |     776 tris | Horn spiral ridge
Fra:13 Mem:25.31M (Peak 29.39M) | Time:00:00.27 | Mem:1.22M, Peak:1.22M | Scene, ViewLayer | Updating Geometry BVH Fetlock feather 50/85 | Building BVH
Fra:13 Mem:25.31M (Peak 29.39M) | Time:00:00.27 | Mem:1.22M, Peak:1.22M | Scene, ViewLayer | Updating Geometry BVH Fetlock feather 50/85 | Building mesh BLAS |      44 tris | Fetlock feather
Fra:13 Mem:25.31M (Peak 29.39M) | Time:00:00.27 | Mem:1.22M, Peak:1.22M | Scene, ViewLayer | Updating Geometry BVH Fetlock feather.001 51/85 | Building BVH
Fra:13 Mem:25.31M (Peak 29.39M) | Time:00:00.27 | Mem:1.22M, Peak:1.22M | Scene, ViewLayer | Updating Geometry BVH Fetlock feather.001 51/85 | Building mesh BLAS |      44 tris | Fetlock feather.001
Fra:13 Mem:25.31M (Peak 29.39M) | Time:00:00.27 | Mem:1.22M, Peak:1.22M | Scene, ViewLayer | Updating Geometry BVH Fetlock feather.002 52/85 | Building BVH
Fra:13 Mem:25.31M (Peak 29.39M) | Time:00:00.27 | Mem:1.22M, Peak:1.22M | Scene, ViewLayer | Updating Geometry BVH Fetlock feather.004 54/85 | Building mesh BLAS |      44 tris | Fetlock feather.002
Fra:13 Mem:25.31M (Peak 29.39M) | Time:00:00.27 | Mem:1.22M, Peak:1.22M | Scene, ViewLayer | Updating Geometry BVH Fetlock feather.005 55/85 | Building BVH
Fra:13 Mem:25.31M (Peak 29.39M) | Time:00:00.27 | Mem:1.22M, Peak:1.22M | Scene, ViewLayer | Updating Geometry BVH Fetlock feather.005 55/85 | Building mesh BLAS |      44 tris | Fetlock feather.005
Fra:13 Mem:25.31M (Peak 29.39M) | Time:00:00.27 | Mem:1.22M, Peak:1.22M | Scene, ViewLayer | Updating Geometry BVH Fetlock feather.006 56/85 | Building BVH
Fra:13 Mem:25.31M (Peak 29.39M) | Time:00:00.27 | Mem:1.22M, Peak:1.22M | Scene, ViewLayer | Updating Geometry BVH Fetlock feather.006 56/85 | Building mesh BLAS |      44 tris | Fetlock feather.006
Fra:13 Mem:25.31M (Peak 29.39M) | Time:00:00.27 | Mem:1.22M, Peak:1.22M | Scene, ViewLayer | Updating Geometry BVH Fetlock feather.007 57/85 | Building BVH
Fra:13 Mem:25.31M (Peak 29.39M) | Time:00:00.27 | Mem:1.22M, Peak:1.22M | Scene, ViewLayer | Updating Geometry BVH Fetlock feather.007 57/85 | Building mesh BLAS |      44 tris | Fetlock feather.003
Fra:13 Mem:25.31M (Peak 29.39M) | Time:00:00.27 | Mem:1.22M, Peak:1.22M | Scene, ViewLayer | Updating Geometry BVH Fetlock feather.007 57/85 | Building mesh BLAS |      44 tris | Fetlock feather.004
Fra:13 Mem:25.31M (Peak 29.39M) | Time:00:00.27 | Mem:1.22M, Peak:1.22M | Scene, ViewLayer | Updating Geometry BVH Fetlock feather.008 58/85 | Building BVH
Fra:13 Mem:25.31M (Peak 29.39M) | Time:00:00.27 | Mem:1.22M, Peak:1.22M | Scene, ViewLayer | Updating Geometry BVH Fetlock feather.008 58/85 | Building mesh BLAS |      44 tris | Fetlock feather.008
Fra:13 Mem:25.31M (Peak 29.39M) | Time:00:00.27 | Mem:1.22M, Peak:1.22M | Scene, ViewLayer | Updating Geometry BVH Fetlock feather.008 58/85 | Building mesh BLAS |      44 tris | Fetlock feather.007
Fra:13 Mem:25.31M (Peak 29.39M) | Time:00:00.27 | Mem:1.22M, Peak:1.22M | Scene, ViewLayer | Updating Geometry BVH Rainbow tail ribbon.005 76/85 | Building BVH
Fra:13 Mem:25.31M (Peak 29.39M) | Time:00:00.27 | Mem:1.22M, Peak:1.22M | Scene, ViewLayer | Updating Geometry BVH Rainbow tail ribbon.005 76/85 | Building mesh BLAS |      60 tris | Rainbow tail ribbon.005
Fra:13 Mem:25.31M (Peak 29.39M) | Time:00:00.27 | Mem:1.22M, Peak:1.22M | Scene, ViewLayer | Updating Geometry BVH Fetlock feather.009 59/85 | Building BVH
Fra:13 Mem:25.31M (Peak 29.39M) | Time:00:00.27 | Mem:1.22M, Peak:1.22M | Scene, ViewLayer | Updating Geometry BVH Fetlock feather.010 60/85 | Building BVH
Fra:13 Mem:25.31M (Peak 29.39M) | Time:00:00.27 | Mem:1.22M, Peak:1.22M | Scene, ViewLayer | Updating Geometry BVH Fetlock feather.010 60/85 | Building mesh BLAS |      44 tris | Fetlock feather.010
Fra:13 Mem:25.31M (Peak 29.39M) | Time:00:00.27 | Mem:1.22M, Peak:1.22M | Scene, ViewLayer | Updating Geometry BVH Fetlock feather.011 61/85 | Building BVH
Fra:13 Mem:25.31M (Peak 29.39M) | Time:00:00.27 | Mem:1.22M, Peak:1.22M | Scene, ViewLayer | Updating Geometry BVH Fetlock feather.011 61/85 | Building mesh BLAS |      44 tris | Fetlock feather.011
Fra:13 Mem:25.31M (Peak 29.39M) | Time:00:00.27 | Mem:1.22M, Peak:1.22M | Scene, ViewLayer | Updating Geometry BVH Fetlock feather.012 62/85 | Building BVH
Fra:13 Mem:25.31M (Peak 29.39M) | Time:00:00.27 | Mem:1.22M, Peak:1.22M | Scene, ViewLayer | Updating Geometry BVH Fetlock feather.012 62/85 | Building mesh BLAS |      44 tris | Fetlock feather.012
Fra:13 Mem:25.31M (Peak 29.39M) | Time:00:00.27 | Mem:1.22M, Peak:1.22M | Scene, ViewLayer | Updating Geometry BVH Fetlock feather.013 63/85 | Building BVH
Fra:13 Mem:25.31M (Peak 29.39M) | Time:00:00.27 | Mem:1.22M, Peak:1.22M | Scene, ViewLayer | Updating Geometry BVH Fetlock feather.013 63/85 | Building mesh BLAS |      44 tris | Fetlock feather.013
Fra:13 Mem:25.31M (Peak 29.39M) | Time:00:00.27 | Mem:1.22M, Peak:1.22M | Scene, ViewLayer | Updating Geometry BVH Fetlock feather.014 64/85 | Building BVH
Fra:13 Mem:25.31M (Peak 29.39M) | Time:00:00.27 | Mem:1.22M, Peak:1.22M | Scene, ViewLayer | Updating Geometry BVH Fetlock feather.014 64/85 | Building mesh BLAS |      44 tris | Fetlock feather.014
Fra:13 Mem:25.31M (Peak 29.39M) | Time:00:00.27 | Mem:1.22M, Peak:1.22M | Scene, ViewLayer | Updating Geometry BVH Rainbow tail ribbon.004 75/85 | Building BVH
Fra:13 Mem:25.31M (Peak 29.39M) | Time:00:00.27 | Mem:1.22M, Peak:1.22M | Scene, ViewLayer | Updating Geometry BVH Fetlock feather.015 65/85 | Building BVH
Fra:13 Mem:25.31M (Peak 29.39M) | Time:00:00.27 | Mem:1.22M, Peak:1.22M | Scene, ViewLayer | Updating Geometry BVH Fetlock feather.016 66/85 | Building BVH
Fra:13 Mem:25.31M (Peak 29.39M) | Time:00:00.27 | Mem:1.22M, Peak:1.22M | Scene, ViewLayer | Updating Geometry BVH Fetlock feather.016 66/85 | Building mesh BLAS |      44 tris | Fetlock feather.015
Fra:13 Mem:25.31M (Peak 29.39M) | Time:00:00.27 | Mem:1.22M, Peak:1.22M | Scene, ViewLayer | Updating Geometry BVH Fetlock feather.017 67/85 | Building mesh BLAS |      44 tris | Fetlock feather.016
Fra:13 Mem:25.31M (Peak 29.39M) | Time:00:00.27 | Mem:1.22M, Peak:1.22M | Scene, ViewLayer | Updating Geometry BVH Fetlock feather.017 67/85 | Building mesh BLAS |      44 tris | Fetlock feather.017
Fra:13 Mem:25.31M (Peak 29.39M) | Time:00:00.27 | Mem:1.22M, Peak:1.22M | Scene, ViewLayer | Updating Geometry BVH Fetlock feather.018 68/85 | Building BVH
Fra:13 Mem:25.31M (Peak 29.39M) | Time:00:00.27 | Mem:1.22M, Peak:1.22M | Scene, ViewLayer | Updating Geometry BVH Fetlock feather.018 68/85 | Building mesh BLAS |      44 tris | Fetlock feather.018
Fra:13 Mem:25.31M (Peak 29.39M) | Time:00:00.27 | Mem:1.22M, Peak:1.22M | Scene, ViewLayer | Updating Geometry BVH Fetlock feather.019 69/85 | Building BVH
Fra:13 Mem:25.31M (Peak 29.39M) | Time:00:00.27 | Mem:1.22M, Peak:1.22M | Scene, ViewLayer | Updating Geometry BVH Fetlock feather.019 69/85 | Building mesh BLAS |      44 tris | Fetlock feather.019
Fra:13 Mem:25.31M (Peak 29.39M) | Time:00:00.27 | Mem:1.22M, Peak:1.22M | Scene, ViewLayer | Updating Geometry BVH Articulated tail.002 70/85 | Building BVH
Fra:13 Mem:25.32M (Peak 29.39M) | Time:00:00.27 | Mem:1.22M, Peak:1.22M | Scene, ViewLayer | Updating Geometry BVH Rainbow tail ribbon 71/85 | Building BVH
Fra:13 Mem:25.32M (Peak 29.39M) | Time:00:00.27 | Mem:1.22M, Peak:1.22M | Scene, ViewLayer | Updating Geometry BVH Rainbow tail ribbon.003 74/85 | Building BVH
Fra:13 Mem:25.32M (Peak 29.39M) | Time:00:00.27 | Mem:1.22M, Peak:1.22M | Scene, ViewLayer | Updating Geometry BVH Rainbow tail ribbon.003 74/85 | Building mesh BLAS |      60 tris | Rainbow tail ribbon
Fra:13 Mem:25.32M (Peak 29.39M) | Time:00:00.27 | Mem:1.22M, Peak:1.22M | Scene, ViewLayer | Updating Geometry BVH Rainbow tail ribbon.001 72/85 | Building BVH
Fra:13 Mem:25.32M (Peak 29.39M) | Time:00:00.27 | Mem:1.22M, Peak:1.22M | Scene, ViewLayer | Updating Geometry BVH Rainbow tail ribbon.001 72/85 | Building mesh BLAS |      60 tris | Rainbow tail ribbon.003
Fra:13 Mem:25.32M (Peak 29.39M) | Time:00:00.27 | Mem:1.22M, Peak:1.22M | Scene, ViewLayer | Updating Geometry BVH Rainbow tail ribbon.002 73/85 | Building BVH
Fra:13 Mem:25.32M (Peak 29.39M) | Time:00:00.27 | Mem:1.22M, Peak:1.22M | Scene, ViewLayer | Updating Geometry BVH Rainbow tail ribbon.002 73/85 | Building mesh BLAS |      60 tris | Rainbow tail ribbon.001
Fra:13 Mem:25.32M (Peak 29.39M) | Time:00:00.27 | Mem:1.22M, Peak:1.22M | Scene, ViewLayer | Updating Geometry BVH Rainbow tail ribbon.002 73/85 | Building mesh BLAS |      60 tris | Rainbow tail ribbon.002
Fra:13 Mem:25.31M (Peak 29.39M) | Time:00:00.27 | Mem:1.22M, Peak:1.22M | Scene, ViewLayer | Updating Scene BVH | Building
Fra:13 Mem:25.32M (Peak 29.39M) | Time:00:00.29 | Mem:2.07M, Peak:2.07M | Scene, ViewLayer | Updating Scene BVH | Building TLAS      |      85 instances
Fra:13 Mem:25.32M (Peak 29.39M) | Time:00:00.29 | Mem:2.10M, Peak:2.10M | Scene, ViewLayer | Updating Scene BVH | Copying BVH to device
Fra:13 Mem:25.32M (Peak 29.39M) | Time:00:00.29 | Mem:2.10M, Peak:2.10M | Scene, ViewLayer | Updating Mesh | Computing normals
Fra:13 Mem:25.78M (Peak 29.39M) | Time:00:00.29 | Mem:2.10M, Peak:2.10M | Scene, ViewLayer | Updating Mesh | Copying Mesh to device
Fra:13 Mem:25.32M (Peak 29.39M) | Time:00:00.29 | Mem:2.60M, Peak:2.60M | Scene, ViewLayer | Updating Objects Flags
Fra:13 Mem:25.32M (Peak 29.39M) | Time:00:00.29 | Mem:2.60M, Peak:2.60M | Scene, ViewLayer | Updating Primitive Offsets
Fra:13 Mem:25.32M (Peak 29.39M) | Time:00:00.29 | Mem:2.60M, Peak:2.60M | Scene, ViewLayer | Updating Images
Fra:13 Mem:25.32M (Peak 29.39M) | Time:00:00.29 | Mem:2.60M, Peak:2.60M | Scene, ViewLayer | Updating Camera Volume
Fra:13 Mem:25.32M (Peak 29.39M) | Time:00:00.29 | Mem:2.60M, Peak:2.60M | Scene, ViewLayer | Updating Lookup Tables
Fra:13 Mem:25.24M (Peak 29.39M) | Time:00:00.29 | Mem:2.70M, Peak:2.70M | Scene, ViewLayer | Updating Lights
Fra:13 Mem:25.24M (Peak 29.39M) | Time:00:00.29 | Mem:2.70M, Peak:2.70M | Scene, ViewLayer | Updating Lights | Computing tree
Fra:13 Mem:25.24M (Peak 29.39M) | Time:00:00.29 | Mem:2.70M, Peak:2.70M | Scene, ViewLayer | Updating Integrator
Fra:13 Mem:25.24M (Peak 29.39M) | Time:00:00.29 | Mem:2.70M, Peak:2.70M | Scene, ViewLayer | Updating Film
Fra:13 Mem:25.32M (Peak 29.39M) | Time:00:00.29 | Mem:2.61M, Peak:2.70M | Scene, ViewLayer | Updating Lookup Tables
Fra:13 Mem:25.24M (Peak 29.39M) | Time:00:00.29 | Mem:2.70M, Peak:2.70M | Scene, ViewLayer | Updating Baking
Fra:13 Mem:25.24M (Peak 29.39M) | Time:00:00.29 | Mem:2.70M, Peak:2.70M | Scene, ViewLayer | Updating Device | Writing constant memory
Fra:13 Mem:25.24M (Peak 29.39M) | Time:00:00.33 | Mem:2.70M, Peak:2.70M | Scene, ViewLayer | Loading denoising kernels (may take a few minutes the first time)
Fra:13 Mem:25.24M (Peak 57.24M) | Time:00:00.34 | Mem:2818.71M, Peak:2818.71M | Scene, ViewLayer | Sample 0/12 (Using optimized kernels)
Fra:13 Mem:25.23M (Peak 60.75M) | Time:00:00.61 | Remaining:00:02.93 | Mem:2854.26M, Peak:2854.26M | Scene, ViewLayer | Sample 1/12 (Using optimized kernels)
Fra:13 Mem:40.19M (Peak 62.62M) | Time:00:15.98 | Mem:2854.26M, Peak:2854.26M | Scene, ViewLayer | Sample 12/12 (Using optimized kernels)
Fra:13 Mem:40.19M (Peak 62.62M) | Time:00:15.98 | Mem:2854.26M, Peak:2854.26M | Scene, ViewLayer | Finished
Saved: '/Users/chikumatsuboi/Code/animal-racers-western/assets/source/western/qa/unicorn-special-13.png'
Time: 00:16.14 (Saving: 00:00.09)

Fra:19 Mem:28.24M (Peak 28.24M) | Time:00:00.01 | Mem:0.02M, Peak:0.02M | Scene, ViewLayer | Synchronizing object | Body • continuous sculpted skin
Fra:19 Mem:28.24M (Peak 28.24M) | Time:00:00.01 | Mem:0.02M, Peak:0.02M | Scene, ViewLayer | Synchronizing object | Hoof cleft.002
Fra:19 Mem:28.30M (Peak 28.30M) | Time:00:00.01 | Mem:0.02M, Peak:0.02M | Scene, ViewLayer | Synchronizing object | Bronzed hoof.003
Fra:19 Mem:28.32M (Peak 28.32M) | Time:00:00.01 | Mem:0.02M, Peak:0.02M | Scene, ViewLayer | Synchronizing object | Hoof cleft.003
Fra:19 Mem:28.32M (Peak 28.32M) | Time:00:00.01 | Mem:0.02M, Peak:0.02M | Scene, ViewLayer | Synchronizing object | Head • species sculpt
Fra:19 Mem:28.50M (Peak 28.50M) | Time:00:00.01 | Mem:0.02M, Peak:0.02M | Scene, ViewLayer | Synchronizing object | Nostril
Fra:19 Mem:28.60M (Peak 28.60M) | Time:00:00.01 | Mem:0.02M, Peak:0.02M | Scene, ViewLayer | Synchronizing object | Nostril.001
Fra:19 Mem:28.76M (Peak 28.76M) | Time:00:00.01 | Mem:0.02M, Peak:0.02M | Scene, ViewLayer | Synchronizing object | Eye socket
Fra:19 Mem:28.79M (Peak 28.79M) | Time:00:00.01 | Mem:0.02M, Peak:0.02M | Scene, ViewLayer | Synchronizing object | Ivory eye
Fra:19 Mem:28.85M (Peak 28.85M) | Time:00:00.01 | Mem:0.02M, Peak:0.02M | Scene, ViewLayer | Synchronizing object | Pupil
Fra:19 Mem:29.03M (Peak 29.03M) | Time:00:00.01 | Mem:0.02M, Peak:0.02M | Scene, ViewLayer | Synchronizing object | Eye glint
Fra:19 Mem:29.06M (Peak 29.06M) | Time:00:00.01 | Mem:0.02M, Peak:0.02M | Scene, ViewLayer | Synchronizing object | Expressive brow
Fra:19 Mem:29.06M (Peak 29.06M) | Time:00:00.01 | Mem:0.02M, Peak:0.02M | Scene, ViewLayer | Synchronizing object | Smiling mouth
Fra:19 Mem:29.07M (Peak 29.07M) | Time:00:00.01 | Mem:0.02M, Peak:0.02M | Scene, ViewLayer | Synchronizing object | Eye socket.001
Fra:19 Mem:29.07M (Peak 29.07M) | Time:00:00.01 | Mem:0.02M, Peak:0.02M | Scene, ViewLayer | Synchronizing object | Ivory eye.001
Fra:19 Mem:29.10M (Peak 29.10M) | Time:00:00.01 | Mem:0.02M, Peak:0.02M | Scene, ViewLayer | Synchronizing object | Warm rim
Fra:19 Mem:29.14M (Peak 29.14M) | Time:00:00.01 | Mem:0.02M, Peak:0.02M | Scene, ViewLayer | Synchronizing object | Sky fill
Fra:19 Mem:29.17M (Peak 29.17M) | Time:00:00.01 | Mem:0.02M, Peak:0.02M | Scene, ViewLayer | Synchronizing object | Sunset key
Fra:19 Mem:29.17M (Peak 29.17M) | Time:00:00.01 | Mem:0.02M, Peak:0.02M | Scene, ViewLayer | Synchronizing object | Plane
Fra:19 Mem:29.17M (Peak 29.17M) | Time:00:00.01 | Mem:0.02M, Peak:0.02M | Scene, ViewLayer | Synchronizing object | Eye glint.001
Fra:19 Mem:29.19M (Peak 29.19M) | Time:00:00.01 | Mem:0.02M, Peak:0.02M | Scene, ViewLayer | Synchronizing object | Expressive brow.001
Fra:19 Mem:29.22M (Peak 29.22M) | Time:00:00.01 | Mem:0.02M, Peak:0.02M | Scene, ViewLayer | Synchronizing object | Smiling mouth.001
Fra:19 Mem:29.22M (Peak 29.22M) | Time:00:00.01 | Mem:0.02M, Peak:0.02M | Scene, ViewLayer | Synchronizing object | Pointed species ear
Fra:19 Mem:29.31M (Peak 29.31M) | Time:00:00.01 | Mem:0.02M, Peak:0.02M | Scene, ViewLayer | Synchronizing object | Pointed species ear.001
Fra:19 Mem:29.32M (Peak 29.32M) | Time:00:00.01 | Mem:0.02M, Peak:0.02M | Scene, ViewLayer | Synchronizing object | Brass crest clasp
Fra:19 Mem:29.34M (Peak 29.34M) | Time:00:00.01 | Mem:0.02M, Peak:0.02M | Scene, ViewLayer | Synchronizing object | Inner ear.001
Fra:19 Mem:29.34M (Peak 29.34M) | Time:00:00.01 | Mem:0.02M, Peak:0.02M | Scene, ViewLayer | Synchronizing object | Rainbow swept forelock
Fra:19 Mem:29.36M (Peak 29.36M) | Time:00:00.01 | Mem:0.02M, Peak:0.02M | Scene, ViewLayer | Synchronizing object | Ribbon mane.001
Fra:19 Mem:29.38M (Peak 29.38M) | Time:00:00.01 | Mem:0.02M, Peak:0.02M | Scene, ViewLayer | Synchronizing object | Rainbow swept forelock.002
Fra:19 Mem:29.40M (Peak 29.40M) | Time:00:00.01 | Mem:0.02M, Peak:0.02M | Scene, ViewLayer | Synchronizing object | Ribbon mane.002
Fra:19 Mem:29.42M (Peak 29.42M) | Time:00:00.01 | Mem:0.02M, Peak:0.02M | Scene, ViewLayer | Synchronizing object | Ribbon mane.003
Fra:19 Mem:29.41M (Peak 29.42M) | Time:00:00.01 | Mem:0.02M, Peak:0.02M | Scene, ViewLayer | Synchronizing object | Rainbow swept forelock.004
Fra:19 Mem:29.41M (Peak 29.42M) | Time:00:00.01 | Mem:0.02M, Peak:0.02M | Scene, ViewLayer | Synchronizing object | Rainbow swept forelock.005
Fra:19 Mem:29.42M (Peak 29.42M) | Time:00:00.01 | Mem:0.02M, Peak:0.02M | Scene, ViewLayer | Synchronizing object | Ribbon mane.005
Fra:19 Mem:29.42M (Peak 29.42M) | Time:00:00.01 | Mem:0.02M, Peak:0.02M | Scene, ViewLayer | Synchronizing object | Ribbon mane.006
Fra:19 Mem:29.43M (Peak 29.43M) | Time:00:00.01 | Mem:0.02M, Peak:0.02M | Scene, ViewLayer | Synchronizing object | Golden unicorn horn
Fra:19 Mem:29.44M (Peak 29.44M) | Time:00:00.01 | Mem:0.02M, Peak:0.02M | Scene, ViewLayer | Synchronizing object | Horn spiral ridge
Fra:19 Mem:29.45M (Peak 29.45M) | Time:00:00.01 | Mem:0.02M, Peak:0.02M | Scene, ViewLayer | Synchronizing object | Fetlock feather.003
Fra:19 Mem:29.50M (Peak 29.50M) | Time:00:00.01 | Mem:0.02M, Peak:0.02M | Scene, ViewLayer | Synchronizing object | Fetlock feather.004
Fra:19 Mem:29.50M (Peak 29.50M) | Time:00:00.01 | Mem:0.02M, Peak:0.02M | Scene, ViewLayer | Synchronizing object | Fetlock feather.005
Fra:19 Mem:29.51M (Peak 29.51M) | Time:00:00.01 | Mem:0.02M, Peak:0.02M | Scene, ViewLayer | Synchronizing object | Fetlock feather.008
Fra:19 Mem:29.53M (Peak 29.53M) | Time:00:00.01 | Mem:0.02M, Peak:0.02M | Scene, ViewLayer | Synchronizing object | Fetlock feather.009
Fra:19 Mem:29.52M (Peak 29.53M) | Time:00:00.01 | Mem:0.02M, Peak:0.02M | Scene, ViewLayer | Synchronizing object | Fetlock feather.010
Fra:19 Mem:29.52M (Peak 29.53M) | Time:00:00.01 | Mem:0.02M, Peak:0.02M | Scene, ViewLayer | Synchronizing object | Leather neckerchief roll
Fra:19 Mem:29.52M (Peak 29.53M) | Time:00:00.01 | Mem:0.02M, Peak:0.02M | Scene, ViewLayer | Synchronizing object | Fetlock feather.011
Fra:19 Mem:29.52M (Peak 29.53M) | Time:00:00.01 | Mem:0.02M, Peak:0.02M | Scene, ViewLayer | Synchronizing object | Fetlock feather.012
Fra:19 Mem:29.56M (Peak 29.56M) | Time:00:00.01 | Mem:0.02M, Peak:0.02M | Scene, ViewLayer | Synchronizing object | Fetlock feather.013
Fra:19 Mem:29.54M (Peak 29.56M) | Time:00:00.01 | Mem:0.02M, Peak:0.02M | Scene, ViewLayer | Synchronizing object | Fetlock feather.015
Fra:19 Mem:29.54M (Peak 29.56M) | Time:00:00.01 | Mem:0.02M, Peak:0.02M | Scene, ViewLayer | Synchronizing object | Fetlock feather.016
Fra:19 Mem:29.55M (Peak 29.56M) | Time:00:00.01 | Mem:0.02M, Peak:0.02M | Scene, ViewLayer | Synchronizing object | Fetlock feather.017
Fra:19 Mem:29.56M (Peak 29.56M) | Time:00:00.01 | Mem:0.02M, Peak:0.02M | Scene, ViewLayer | Synchronizing object | Fetlock feather.018
Fra:19 Mem:29.57M (Peak 29.57M) | Time:00:00.01 | Mem:0.02M, Peak:0.02M | Scene, ViewLayer | Synchronizing object | Rainbow tail ribbon
Fra:19 Mem:29.57M (Peak 29.57M) | Time:00:00.01 | Mem:0.02M, Peak:0.02M | Scene, ViewLayer | Synchronizing object | Rainbow tail ribbon.006
Fra:19 Mem:29.58M (Peak 29.58M) | Time:00:00.01 | Mem:0.02M, Peak:0.02M | Scene, ViewLayer | Synchronizing object | Rainbow tail ribbon.003
Fra:19 Mem:29.58M (Peak 29.58M) | Time:00:00.01 | Mem:0.02M, Peak:0.02M | Scene, ViewLayer | Synchronizing object | Rainbow tail ribbon.004
Fra:19 Mem:29.59M (Peak 29.59M) | Time:00:00.01 | Mem:0.02M, Peak:0.02M | Scene, ViewLayer | Synchronizing object | Rainbow tail ribbon.005
Fra:19 Mem:29.63M (Peak 29.63M) | Time:00:00.01 | Mem:0.02M, Peak:0.02M | Scene, ViewLayer | Initializing
Fra:19 Mem:28.22M (Peak 29.63M) | Time:00:00.01 | Mem:0.02M, Peak:0.02M | Scene, ViewLayer | Updating Images | Loading Authored short-fur normal
Fra:19 Mem:24.76M (Peak 29.63M) | Time:00:00.02 | Mem:0.27M, Peak:0.27M | Scene, ViewLayer | Waiting for render to start
Fra:19 Mem:24.76M (Peak 29.63M) | Time:00:00.02 | Mem:0.27M, Peak:0.27M | Scene, ViewLayer | Updating Scene
Fra:19 Mem:24.76M (Peak 29.63M) | Time:00:00.02 | Mem:0.27M, Peak:0.27M | Scene, ViewLayer | Updating Shaders
Fra:19 Mem:24.76M (Peak 29.63M) | Time:00:00.02 | Mem:0.27M, Peak:0.27M | Scene, ViewLayer | Loading render kernels (may take a few minutes the first time)
Fra:19 Mem:24.84M (Peak 29.63M) | Time:00:00.11 | Mem:0.29M, Peak:0.29M | Scene, ViewLayer | Updating Procedurals
Fra:19 Mem:24.84M (Peak 29.63M) | Time:00:00.11 | Mem:0.29M, Peak:0.29M | Scene, ViewLayer | Updating Background
Fra:19 Mem:24.84M (Peak 29.63M) | Time:00:00.11 | Mem:0.29M, Peak:0.29M | Scene, ViewLayer | Updating Camera
Fra:19 Mem:24.84M (Peak 29.63M) | Time:00:00.11 | Mem:0.29M, Peak:0.29M | Scene, ViewLayer | Updating Meshes Flags
Fra:19 Mem:24.84M (Peak 29.63M) | Time:00:00.11 | Mem:0.29M, Peak:0.29M | Scene, ViewLayer | Updating Objects
Fra:19 Mem:24.84M (Peak 29.63M) | Time:00:00.11 | Mem:0.29M, Peak:0.29M | Scene, ViewLayer | Updating Objects | Copying Transformations to device
Fra:19 Mem:24.84M (Peak 29.63M) | Time:00:00.11 | Mem:0.32M, Peak:0.32M | Scene, ViewLayer | Updating Particle Systems
Fra:19 Mem:24.84M (Peak 29.63M) | Time:00:00.11 | Mem:0.32M, Peak:0.32M | Scene, ViewLayer | Updating Particle Systems | Copying Particles to device
Fra:19 Mem:24.84M (Peak 29.63M) | Time:00:00.11 | Mem:0.32M, Peak:0.32M | Scene, ViewLayer | Updating Meshes
Fra:19 Mem:25.44M (Peak 29.63M) | Time:00:00.12 | Mem:0.32M, Peak:0.32M | Scene, ViewLayer | Updating Objects | Applying Static Transformations
Fra:19 Mem:25.44M (Peak 29.63M) | Time:00:00.12 | Mem:0.32M, Peak:0.32M | Scene, ViewLayer | Updating Mesh | Computing attributes
Fra:19 Mem:26.29M (Peak 29.63M) | Time:00:00.12 | Mem:0.33M, Peak:0.33M | Scene, ViewLayer | Updating Mesh | Copying Attributes to device
Fra:19 Mem:25.44M (Peak 29.63M) | Time:00:00.29 | Mem:1.22M, Peak:1.22M | Scene, ViewLayer | Updating Geometry BVH Bronzed hoof 3/85 | Building BVH
Fra:19 Mem:25.44M (Peak 29.63M) | Time:00:00.29 | Mem:1.22M, Peak:1.22M | Scene, ViewLayer | Updating Geometry BVH Bronzed hoof.002 7/85 | Building BVH
Fra:19 Mem:25.44M (Peak 29.63M) | Time:00:00.29 | Mem:1.22M, Peak:1.22M | Scene, ViewLayer | Updating Geometry BVH Warm rim 85/85 | Building BVH
Fra:19 Mem:25.44M (Peak 29.63M) | Time:00:00.29 | Mem:1.22M, Peak:1.22M | Scene, ViewLayer | Updating Geometry BVH Sky fill 84/85 | Building BVH
Fra:19 Mem:25.44M (Peak 29.63M) | Time:00:00.29 | Mem:1.22M, Peak:1.22M | Scene, ViewLayer | Updating Geometry BVH Sunset key 83/85 | Building BVH
Fra:19 Mem:25.44M (Peak 29.63M) | Time:00:00.29 | Mem:1.22M, Peak:1.22M | Scene, ViewLayer | Updating Geometry BVH Plane 82/85 | Building BVH
Fra:19 Mem:25.44M (Peak 29.63M) | Time:00:00.29 | Mem:1.22M, Peak:1.22M | Scene, ViewLayer | Updating Geometry BVH Plane 82/85 | Building mesh BLAS |       2 tris | Plane
Fra:19 Mem:25.44M (Peak 29.63M) | Time:00:00.29 | Mem:1.22M, Peak:1.22M | Scene, ViewLayer | Updating Geometry BVH Plane 82/85 | Building mesh BLAS |      92 tris | Bronzed hoof.001
Fra:19 Mem:25.44M (Peak 29.63M) | Time:00:00.29 | Mem:1.22M, Peak:1.22M | Scene, ViewLayer | Updating Geometry BVH Plane 82/85 | Building mesh BLAS |      44 tris | Hoof cleft.001
Fra:19 Mem:25.44M (Peak 29.63M) | Time:00:00.29 | Mem:1.22M, Peak:1.22M | Scene, ViewLayer | Updating Geometry BVH Bronzed hoof.003 9/85 | Building BVH
Fra:19 Mem:25.44M (Peak 29.63M) | Time:00:00.29 | Mem:1.22M, Peak:1.22M | Scene, ViewLayer | Updating Geometry BVH Raised elemental crest.002 81/85 | Building BVH
Fra:19 Mem:25.44M (Peak 29.63M) | Time:00:00.29 | Mem:1.22M, Peak:1.22M | Scene, ViewLayer | Updating Geometry BVH Raised elemental crest.002 81/85 | Building mesh BLAS |      92 tris | Bronzed hoof.003
Fra:19 Mem:25.44M (Peak 29.63M) | Time:00:00.29 | Mem:1.22M, Peak:1.22M | Scene, ViewLayer | Updating Geometry BVH Raised elemental crest.002 81/85 | Building mesh BLAS |      46 tris | Raised elemental crest.002
Fra:19 Mem:25.44M (Peak 29.63M) | Time:00:00.29 | Mem:1.22M, Peak:1.22M | Scene, ViewLayer | Updating Geometry BVH Hoof cleft.003 10/85 | Building BVH
Fra:19 Mem:25.44M (Peak 29.63M) | Time:00:00.29 | Mem:1.22M, Peak:1.22M | Scene, ViewLayer | Updating Geometry BVH Skull.002 11/85 | Building BVH
Fra:19 Mem:25.44M (Peak 29.63M) | Time:00:00.29 | Mem:1.22M, Peak:1.22M | Scene, ViewLayer | Updating Geometry BVH Skull.002 11/85 | Building mesh BLAS |    3088 tris | Skull.002
Fra:19 Mem:25.44M (Peak 29.63M) | Time:00:00.29 | Mem:1.22M, Peak:1.22M | Scene, ViewLayer | Updating Geometry BVH Velvet muzzle 12/85 | Building BVH
Fra:19 Mem:25.44M (Peak 29.63M) | Time:00:00.29 | Mem:1.22M, Peak:1.22M | Scene, ViewLayer | Updating Geometry BVH Nostril 13/85 | Building BVH
Fra:19 Mem:25.44M (Peak 29.63M) | Time:00:00.29 | Mem:1.22M, Peak:1.22M | Scene, ViewLayer | Updating Geometry BVH Nostril 13/85 | Building mesh BLAS |     480 tris | Velvet muzzle
Fra:19 Mem:25.44M (Peak 29.63M) | Time:00:00.29 | Mem:1.22M, Peak:1.22M | Scene, ViewLayer | Updating Geometry BVH Nostril.001 14/85 | Building BVH
Fra:19 Mem:25.44M (Peak 29.63M) | Time:00:00.29 | Mem:1.22M, Peak:1.22M | Scene, ViewLayer | Updating Geometry BVH Nostril.001 14/85 | Building mesh BLAS |      44 tris | Hoof cleft.003
Fra:19 Mem:25.44M (Peak 29.63M) | Time:00:00.29 | Mem:1.22M, Peak:1.22M | Scene, ViewLayer | Updating Geometry BVH Nostril.001 14/85 | Building mesh BLAS |     320 tris | Nostril
Fra:19 Mem:25.44M (Peak 29.63M) | Time:00:00.29 | Mem:1.22M, Peak:1.22M | Scene, ViewLayer | Updating Geometry BVH Brass crest clasp.002 80/85 | Building BVH
Fra:19 Mem:25.44M (Peak 29.63M) | Time:00:00.29 | Mem:1.22M, Peak:1.22M | Scene, ViewLayer | Updating Geometry BVH Eye socket.004 15/85 | Building BVH
Fra:19 Mem:25.44M (Peak 29.63M) | Time:00:00.29 | Mem:1.22M, Peak:1.22M | Scene, ViewLayer | Updating Geometry BVH Eye socket.004 15/85 | Building mesh BLAS |     480 tris | Eye socket.004
Fra:19 Mem:25.44M (Peak 29.63M) | Time:00:00.29 | Mem:1.22M, Peak:1.22M | Scene, ViewLayer | Updating Geometry BVH Eye socket.004 15/85 | Building mesh BLAS |     320 tris | Brass crest clasp.002
Fra:19 Mem:25.44M (Peak 29.63M) | Time:00:00.29 | Mem:1.22M, Peak:1.22M | Scene, ViewLayer | Updating Geometry BVH Iris.004 17/85 | Building BVH
Fra:19 Mem:25.44M (Peak 29.63M) | Time:00:00.29 | Mem:1.22M, Peak:1.22M | Scene, ViewLayer | Updating Geometry BVH Pupil.004 18/85 | Building BVH
Fra:19 Mem:25.44M (Peak 29.63M) | Time:00:00.29 | Mem:1.22M, Peak:1.22M | Scene, ViewLayer | Updating Geometry BVH Pupil.004 18/85 | Building mesh BLAS |     320 tris | Pupil.004
Fra:19 Mem:25.44M (Peak 29.63M) | Time:00:00.29 | Mem:1.22M, Peak:1.22M | Scene, ViewLayer | Updating Geometry BVH Eye glint.004 19/85 | Building BVH
Fra:19 Mem:25.44M (Peak 29.63M) | Time:00:00.30 | Mem:1.22M, Peak:1.22M | Scene, ViewLayer | Updating Geometry BVH Ivory eye.005 23/85 | Building mesh BLAS |     192 tris | Eye glint.004
Fra:19 Mem:25.44M (Peak 29.63M) | Time:00:00.30 | Mem:1.22M, Peak:1.22M | Scene, ViewLayer | Updating Geometry BVH Ivory eye.005 23/85 | Building mesh BLAS |      44 tris | Expressive brow.004
Fra:19 Mem:25.44M (Peak 29.63M) | Time:00:00.30 | Mem:1.22M, Peak:1.22M | Scene, ViewLayer | Updating Geometry BVH Neckerchief folded point.002 79/85 | Building BVH
Fra:19 Mem:25.44M (Peak 29.63M) | Time:00:00.30 | Mem:1.22M, Peak:1.22M | Scene, ViewLayer | Updating Geometry BVH Neckerchief folded point.002 79/85 | Building mesh BLAS |       4 tris | Neckerchief folded point.002
Fra:19 Mem:25.44M (Peak 29.63M) | Time:00:00.30 | Mem:1.22M, Peak:1.22M | Scene, ViewLayer | Updating Geometry BVH Iris.005 24/85 | Building BVH
Fra:19 Mem:25.44M (Peak 29.63M) | Time:00:00.30 | Mem:1.22M, Peak:1.22M | Scene, ViewLayer | Updating Geometry BVH Iris.005 24/85 | Building mesh BLAS |     480 tris | Ivory eye.005
Fra:19 Mem:25.44M (Peak 29.63M) | Time:00:00.30 | Mem:1.22M, Peak:1.22M | Scene, ViewLayer | Updating Geometry BVH Iris.005 24/85 | Building mesh BLAS |     480 tris | Iris.005
Fra:19 Mem:25.44M (Peak 29.63M) | Time:00:00.30 | Mem:1.22M, Peak:1.22M | Scene, ViewLayer | Updating Geometry BVH Leather neckerchief roll.002 78/85 | Building BVH
Fra:19 Mem:25.44M (Peak 29.63M) | Time:00:00.30 | Mem:1.22M, Peak:1.22M | Scene, ViewLayer | Updating Geometry BVH Leather neckerchief roll.002 78/85 | Building mesh BLAS |      76 tris | Leather neckerchief roll.002
Fra:19 Mem:25.44M (Peak 29.63M) | Time:00:00.30 | Mem:1.22M, Peak:1.22M | Scene, ViewLayer | Updating Geometry BVH Pupil.005 25/85 | Building BVH
Fra:19 Mem:25.44M (Peak 29.63M) | Time:00:00.30 | Mem:1.22M, Peak:1.22M | Scene, ViewLayer | Updating Geometry BVH Pupil.005 25/85 | Building mesh BLAS |     320 tris | Pupil.005
Fra:19 Mem:25.44M (Peak 29.63M) | Time:00:00.30 | Mem:1.22M, Peak:1.22M | Scene, ViewLayer | Updating Geometry BVH Eye glint.005 26/85 | Building BVH
Fra:19 Mem:25.44M (Peak 29.63M) | Time:00:00.30 | Mem:1.22M, Peak:1.22M | Scene, ViewLayer | Updating Geometry BVH Eye glint.005 26/85 | Building mesh BLAS |      32 tris | Smiling mouth.004
Fra:19 Mem:25.44M (Peak 29.63M) | Time:00:00.30 | Mem:1.22M, Peak:1.22M | Scene, ViewLayer | Updating Geometry BVH Eye glint.005 26/85 | Building mesh BLAS |     192 tris | Eye glint.005
Fra:19 Mem:25.44M (Peak 29.63M) | Time:00:00.30 | Mem:1.22M, Peak:1.22M | Scene, ViewLayer | Updating Geometry BVH Smiling mouth.005 28/85 | Building BVH
Fra:19 Mem:25.44M (Peak 29.63M) | Time:00:00.30 | Mem:1.22M, Peak:1.22M | Scene, ViewLayer | Updating Geometry BVH Smiling mouth.005 28/85 | Building mesh BLAS |      32 tris | Smiling mouth.005
Fra:19 Mem:25.44M (Peak 29.63M) | Time:00:00.30 | Mem:1.22M, Peak:1.22M | Scene, ViewLayer | Updating Geometry BVH Smiling mouth.005 28/85 | Building mesh BLAS |     480 tris | Ivory eye.004
Fra:19 Mem:25.44M (Peak 29.63M) | Time:00:00.30 | Mem:1.22M, Peak:1.22M | Scene, ViewLayer | Updating Geometry BVH Smiling mouth.005 28/85 | Building mesh BLAS |      44 tris | Expressive brow.005
Fra:19 Mem:25.44M (Peak 29.63M) | Time:00:00.30 | Mem:1.22M, Peak:1.22M | Scene, ViewLayer | Updating Geometry BVH Lower jaw.002 29/85 | Building BVH
Fra:19 Mem:25.44M (Peak 29.63M) | Time:00:00.30 | Mem:1.22M, Peak:1.22M | Scene, ViewLayer | Updating Geometry BVH Lower jaw.002 29/85 | Building mesh BLAS |     400 tris | Lower jaw.002
Fra:19 Mem:25.44M (Peak 29.63M) | Time:00:00.30 | Mem:1.22M, Peak:1.22M | Scene, ViewLayer | Updating Geometry BVH Pointed species ear.002 30/85 | Building BVH
Fra:19 Mem:25.44M (Peak 29.63M) | Time:00:00.30 | Mem:1.22M, Peak:1.22M | Scene, ViewLayer | Updating Geometry BVH Pointed species ear.002 30/85 | Building mesh BLAS |       6 tris | Pointed species ear.002
Fra:19 Mem:25.44M (Peak 29.63M) | Time:00:00.30 | Mem:1.22M, Peak:1.22M | Scene, ViewLayer | Updating Geometry BVH Inner ear.002 31/85 | Building BVH
Fra:19 Mem:25.44M (Peak 29.63M) | Time:00:00.30 | Mem:1.22M, Peak:1.22M | Scene, ViewLayer | Updating Geometry BVH Inner ear.002 31/85 | Building mesh BLAS |       3 tris | Inner ear.002
Fra:19 Mem:25.44M (Peak 29.63M) | Time:00:00.30 | Mem:1.22M, Peak:1.22M | Scene, ViewLayer | Updating Geometry BVH Pointed species ear.003 32/85 | Building BVH
Fra:19 Mem:25.44M (Peak 29.63M) | Time:00:00.30 | Mem:1.22M, Peak:1.22M | Scene, ViewLayer | Updating Geometry BVH Pointed species ear.003 32/85 | Building mesh BLAS |       6 tris | Pointed species ear.003
Fra:19 Mem:25.44M (Peak 29.63M) | Time:00:00.30 | Mem:1.22M, Peak:1.22M | Scene, ViewLayer | Updating Geometry BVH Inner ear.003 33/85 | Building BVH
Fra:19 Mem:25.44M (Peak 29.63M) | Time:00:00.30 | Mem:1.22M, Peak:1.22M | Scene, ViewLayer | Updating Geometry BVH Inner ear.003 33/85 | Building mesh BLAS |       3 tris | Inner ear.003
Fra:19 Mem:25.44M (Peak 29.63M) | Time:00:00.30 | Mem:1.22M, Peak:1.22M | Scene, ViewLayer | Updating Geometry BVH Rainbow swept forelock 34/85 | Building BVH
Fra:19 Mem:25.44M (Peak 29.63M) | Time:00:00.30 | Mem:1.22M, Peak:1.22M | Scene, ViewLayer | Updating Geometry BVH Rainbow swept forelock 34/85 | Building mesh BLAS |      60 tris | Rainbow swept forelock
Fra:19 Mem:25.44M (Peak 29.63M) | Time:00:00.30 | Mem:1.22M, Peak:1.22M | Scene, ViewLayer | Updating Geometry BVH Ribbon mane 35/85 | Building BVH
Fra:19 Mem:25.44M (Peak 29.63M) | Time:00:00.30 | Mem:1.22M, Peak:1.22M | Scene, ViewLayer | Updating Geometry BVH Ribbon mane 35/85 | Building mesh BLAS |      60 tris | Ribbon mane
Fra:19 Mem:25.44M (Peak 29.63M) | Time:00:00.30 | Mem:1.22M, Peak:1.22M | Scene, ViewLayer | Updating Geometry BVH Rainbow swept forelock.001 36/85 | Building BVH
Fra:19 Mem:25.44M (Peak 29.63M) | Time:00:00.30 | Mem:1.22M, Peak:1.22M | Scene, ViewLayer | Updating Geometry BVH Rainbow tail ribbon.006 77/85 | Building BVH
Fra:19 Mem:25.44M (Peak 29.63M) | Time:00:00.30 | Mem:1.22M, Peak:1.22M | Scene, ViewLayer | Updating Geometry BVH Ribbon mane.002 39/85 | Building BVH
Fra:19 Mem:25.44M (Peak 29.63M) | Time:00:00.30 | Mem:1.22M, Peak:1.22M | Scene, ViewLayer | Updating Geometry BVH Ribbon mane.002 39/85 | Building mesh BLAS |      60 tris | Ribbon mane.002
Fra:19 Mem:25.44M (Peak 29.63M) | Time:00:00.30 | Mem:1.22M, Peak:1.22M | Scene, ViewLayer | Updating Geometry BVH Rainbow swept forelock.003 40/85 | Building BVH
Fra:19 Mem:25.44M (Peak 29.63M) | Time:00:00.30 | Mem:1.22M, Peak:1.22M | Scene, ViewLayer | Updating Geometry BVH Ribbon mane.003 41/85 | Building BVH
Fra:19 Mem:25.44M (Peak 29.63M) | Time:00:00.30 | Mem:1.22M, Peak:1.22M | Scene, ViewLayer | Updating Geometry BVH Ribbon mane.003 41/85 | Building mesh BLAS |      60 tris | Ribbon mane.003
Fra:19 Mem:25.44M (Peak 29.63M) | Time:00:00.30 | Mem:1.22M, Peak:1.22M | Scene, ViewLayer | Updating Geometry BVH Ribbon mane.003 41/85 | Building mesh BLAS |      60 tris | Ribbon mane.001
Fra:19 Mem:25.44M (Peak 29.63M) | Time:00:00.30 | Mem:1.22M, Peak:1.22M | Scene, ViewLayer | Updating Geometry BVH Ribbon mane.004 43/85 | Building BVH
Fra:19 Mem:25.44M (Peak 29.63M) | Time:00:00.30 | Mem:1.22M, Peak:1.22M | Scene, ViewLayer | Updating Geometry BVH Ribbon mane.004 43/85 | Building mesh BLAS |      60 tris | Ribbon mane.004
Fra:19 Mem:25.44M (Peak 29.63M) | Time:00:00.30 | Mem:1.22M, Peak:1.22M | Scene, ViewLayer | Updating Geometry BVH Rainbow swept forelock.005 44/85 | Building BVH
Fra:19 Mem:25.44M (Peak 29.63M) | Time:00:00.30 | Mem:1.22M, Peak:1.22M | Scene, ViewLayer | Updating Geometry BVH Rainbow swept forelock.005 44/85 | Building mesh BLAS |      60 tris | Rainbow swept forelock.005
Fra:19 Mem:25.44M (Peak 29.63M) | Time:00:00.30 | Mem:1.22M, Peak:1.22M | Scene, ViewLayer | Updating Geometry BVH Rainbow swept forelock.005 44/85 | Building mesh BLAS |      60 tris | Rainbow swept forelock.004
Fra:19 Mem:25.44M (Peak 29.63M) | Time:00:00.30 | Mem:1.22M, Peak:1.22M | Scene, ViewLayer | Updating Geometry BVH Rainbow swept forelock.005 44/85 | Building mesh BLAS |      60 tris | Rainbow swept forelock.003
Fra:19 Mem:25.44M (Peak 29.63M) | Time:00:00.30 | Mem:1.22M, Peak:1.22M | Scene, ViewLayer | Updating Geometry BVH Rainbow swept forelock.005 44/85 | Building mesh BLAS |      60 tris | Rainbow swept forelock.002
Fra:19 Mem:25.44M (Peak 29.63M) | Time:00:00.30 | Mem:1.22M, Peak:1.22M | Scene, ViewLayer | Updating Geometry BVH Ribbon mane.005 45/85 | Building BVH
Fra:19 Mem:25.44M (Peak 29.63M) | Time:00:00.30 | Mem:1.22M, Peak:1.22M | Scene, ViewLayer | Updating Geometry BVH Rainbow swept forelock.006 46/85 | Building BVH
Fra:19 Mem:25.44M (Peak 29.63M) | Time:00:00.30 | Mem:1.22M, Peak:1.22M | Scene, ViewLayer | Updating Geometry BVH Rainbow swept forelock.006 46/85 | Building mesh BLAS |      60 tris | Rainbow swept forelock.006
Fra:19 Mem:25.44M (Peak 29.63M) | Time:00:00.30 | Mem:1.22M, Peak:1.22M | Scene, ViewLayer | Updating Geometry BVH Rainbow tail ribbon.005 76/85 | Building BVH
Fra:19 Mem:25.44M (Peak 29.63M) | Time:00:00.30 | Mem:1.22M, Peak:1.22M | Scene, ViewLayer | Updating Geometry BVH Golden unicorn horn 48/85 | Building BVH
Fra:19 Mem:25.44M (Peak 29.63M) | Time:00:00.30 | Mem:1.22M, Peak:1.22M | Scene, ViewLayer | Updating Geometry BVH Golden unicorn horn 48/85 | Building mesh BLAS |      60 tris | Rainbow tail ribbon.005
Fra:19 Mem:25.44M (Peak 29.63M) | Time:00:00.30 | Mem:1.22M, Peak:1.22M | Scene, ViewLayer | Updating Geometry BVH Golden unicorn horn 48/85 | Building mesh BLAS |      92 tris | Golden unicorn horn
Fra:19 Mem:25.44M (Peak 29.63M) | Time:00:00.30 | Mem:1.22M, Peak:1.22M | Scene, ViewLayer | Updating Geometry BVH Horn spiral ridge 49/85 | Building BVH
Fra:19 Mem:25.44M (Peak 29.63M) | Time:00:00.30 | Mem:1.22M, Peak:1.22M | Scene, ViewLayer | Updating Geometry BVH Horn spiral ridge 49/85 | Building mesh BLAS |     776 tris | Horn spiral ridge
Fra:19 Mem:25.44M (Peak 29.63M) | Time:00:00.30 | Mem:1.22M, Peak:1.22M | Scene, ViewLayer | Updating Geometry BVH Fetlock feather 50/85 | Building mesh BLAS |      60 tris | Ribbon mane.006
Fra:19 Mem:25.44M (Peak 29.63M) | Time:00:00.30 | Mem:1.22M, Peak:1.22M | Scene, ViewLayer | Updating Geometry BVH Fetlock feather.002 52/85 | Building BVH
Fra:19 Mem:25.44M (Peak 29.63M) | Time:00:00.30 | Mem:1.22M, Peak:1.22M | Scene, ViewLayer | Updating Geometry BVH Fetlock feather.002 52/85 | Building mesh BLAS |      44 tris | Fetlock feather.002
Fra:19 Mem:25.44M (Peak 29.63M) | Time:00:00.30 | Mem:1.22M, Peak:1.22M | Scene, ViewLayer | Updating Geometry BVH Fetlock feather.002 52/85 | Building mesh BLAS |      44 tris | Fetlock feather
Fra:19 Mem:25.44M (Peak 29.63M) | Time:00:00.30 | Mem:1.22M, Peak:1.22M | Scene, ViewLayer | Updating Geometry BVH Fetlock feather.003 53/85 | Building BVH
Fra:19 Mem:25.44M (Peak 29.63M) | Time:00:00.30 | Mem:1.22M, Peak:1.22M | Scene, ViewLayer | Updating Geometry BVH Fetlock feather.003 53/85 | Building mesh BLAS |      44 tris | Fetlock feather.003
Fra:19 Mem:25.44M (Peak 29.63M) | Time:00:00.30 | Mem:1.22M, Peak:1.22M | Scene, ViewLayer | Updating Geometry BVH Rainbow tail ribbon.004 75/85 | Building BVH
Fra:19 Mem:25.44M (Peak 29.63M) | Time:00:00.30 | Mem:1.22M, Peak:1.22M | Scene, ViewLayer | Updating Geometry BVH Fetlock feather.004 54/85 | Building BVH
Fra:19 Mem:25.44M (Peak 29.63M) | Time:00:00.30 | Mem:1.22M, Peak:1.22M | Scene, ViewLayer | Updating Geometry BVH Fetlock feather.004 54/85 | Building mesh BLAS |      44 tris | Fetlock feather.004
Fra:19 Mem:25.44M (Peak 29.63M) | Time:00:00.30 | Mem:1.22M, Peak:1.22M | Scene, ViewLayer | Updating Geometry BVH Fetlock feather.005 55/85 | Building BVH
Fra:19 Mem:25.44M (Peak 29.63M) | Time:00:00.30 | Mem:1.22M, Peak:1.22M | Scene, ViewLayer | Updating Geometry BVH Fetlock feather.005 55/85 | Building mesh BLAS |      60 tris | Rainbow tail ribbon.004
Fra:19 Mem:25.44M (Peak 29.63M) | Time:00:00.30 | Mem:1.22M, Peak:1.22M | Scene, ViewLayer | Updating Geometry BVH Fetlock feather.008 58/85 | Building mesh BLAS |      44 tris | Fetlock feather.001
Fra:19 Mem:25.44M (Peak 29.63M) | Time:00:00.30 | Mem:1.22M, Peak:1.22M | Scene, ViewLayer | Updating Geometry BVH Fetlock feather.008 58/85 | Building mesh BLAS |      44 tris | Fetlock feather.005
Fra:19 Mem:25.44M (Peak 29.63M) | Time:00:00.30 | Mem:1.22M, Peak:1.22M | Scene, ViewLayer | Updating Geometry BVH Fetlock feather.009 59/85 | Building BVH
Fra:19 Mem:25.44M (Peak 29.63M) | Time:00:00.30 | Mem:1.22M, Peak:1.22M | Scene, ViewLayer | Updating Geometry BVH Fetlock feather.009 59/85 | Building mesh BLAS |      44 tris | Fetlock feather.007
Fra:19 Mem:25.44M (Peak 29.63M) | Time:00:00.30 | Mem:1.22M, Peak:1.22M | Scene, ViewLayer | Updating Geometry BVH Fetlock feather.009 59/85 | Building mesh BLAS |      44 tris | Fetlock feather.009
Fra:19 Mem:25.44M (Peak 29.63M) | Time:00:00.30 | Mem:1.22M, Peak:1.22M | Scene, ViewLayer | Updating Geometry BVH Fetlock feather.010 60/85 | Building BVH
Fra:19 Mem:25.44M (Peak 29.63M) | Time:00:00.30 | Mem:1.22M, Peak:1.22M | Scene, ViewLayer | Updating Geometry BVH Fetlock feather.010 60/85 | Building mesh BLAS |      44 tris | Fetlock feather.006
Fra:19 Mem:25.44M (Peak 29.63M) | Time:00:00.30 | Mem:1.22M, Peak:1.22M | Scene, ViewLayer | Updating Geometry BVH Fetlock feather.010 60/85 | Building mesh BLAS |      44 tris | Fetlock feather.010
Fra:19 Mem:25.44M (Peak 29.63M) | Time:00:00.30 | Mem:1.22M, Peak:1.22M | Scene, ViewLayer | Updating Geometry BVH Fetlock feather.010 60/85 | Building mesh BLAS |      44 tris | Fetlock feather.008
Fra:19 Mem:25.44M (Peak 29.63M) | Time:00:00.30 | Mem:1.22M, Peak:1.22M | Scene, ViewLayer | Updating Geometry BVH Fetlock feather.011 61/85 | Building BVH
Fra:19 Mem:25.44M (Peak 29.63M) | Time:00:00.30 | Mem:1.22M, Peak:1.22M | Scene, ViewLayer | Updating Geometry BVH Fetlock feather.012 62/85 | Building BVH
Fra:19 Mem:25.44M (Peak 29.63M) | Time:00:00.30 | Mem:1.22M, Peak:1.22M | Scene, ViewLayer | Updating Geometry BVH Fetlock feather.012 62/85 | Building mesh BLAS |      44 tris | Fetlock feather.011
Fra:19 Mem:25.44M (Peak 29.63M) | Time:00:00.30 | Mem:1.22M, Peak:1.22M | Scene, ViewLayer | Updating Geometry BVH Rainbow tail ribbon.003 74/85 | Building mesh BLAS |      44 tris | Fetlock feather.012
Fra:19 Mem:25.44M (Peak 29.63M) | Time:00:00.30 | Mem:1.22M, Peak:1.22M | Scene, ViewLayer | Updating Geometry BVH Rainbow tail ribbon.003 74/85 | Building mesh BLAS |      60 tris | Rainbow tail ribbon.003
Fra:19 Mem:25.44M (Peak 29.63M) | Time:00:00.30 | Mem:1.22M, Peak:1.22M | Scene, ViewLayer | Updating Geometry BVH Fetlock feather.013 63/85 | Building BVH
Fra:19 Mem:25.44M (Peak 29.63M) | Time:00:00.30 | Mem:1.22M, Peak:1.22M | Scene, ViewLayer | Updating Geometry BVH Fetlock feather.013 63/85 | Building mesh BLAS |      44 tris | Fetlock feather.013
Fra:19 Mem:25.44M (Peak 29.63M) | Time:00:00.30 | Mem:1.22M, Peak:1.22M | Scene, ViewLayer | Updating Geometry BVH Fetlock feather.014 64/85 | Building BVH
Fra:19 Mem:25.44M (Peak 29.63M) | Time:00:00.30 | Mem:1.22M, Peak:1.22M | Scene, ViewLayer | Updating Geometry BVH Fetlock feather.014 64/85 | Building mesh BLAS |      44 tris | Fetlock feather.014
Fra:19 Mem:25.44M (Peak 29.63M) | Time:00:00.30 | Mem:1.22M, Peak:1.22M | Scene, ViewLayer | Updating Geometry BVH Fetlock feather.015 65/85 | Building BVH
Fra:19 Mem:25.44M (Peak 29.63M) | Time:00:00.30 | Mem:1.22M, Peak:1.22M | Scene, ViewLayer | Updating Geometry BVH Fetlock feather.017 67/85 | Building BVH
Fra:19 Mem:25.44M (Peak 29.63M) | Time:00:00.30 | Mem:1.22M, Peak:1.22M | Scene, ViewLayer | Updating Geometry BVH Fetlock feather.018 68/85 | Building mesh BLAS |      44 tris | Fetlock feather.016
Fra:19 Mem:25.44M (Peak 29.63M) | Time:00:00.30 | Mem:1.22M, Peak:1.22M | Scene, ViewLayer | Updating Geometry BVH Fetlock feather.019 69/85 | Building BVH
Fra:19 Mem:25.44M (Peak 29.63M) | Time:00:00.30 | Mem:1.22M, Peak:1.22M | Scene, ViewLayer | Updating Geometry BVH Fetlock feather.019 69/85 | Building mesh BLAS |      44 tris | Fetlock feather.019
Fra:19 Mem:25.44M (Peak 29.63M) | Time:00:00.30 | Mem:1.22M, Peak:1.22M | Scene, ViewLayer | Updating Geometry BVH Articulated tail.002 70/85 | Building BVH
Fra:19 Mem:25.44M (Peak 29.63M) | Time:00:00.30 | Mem:1.22M, Peak:1.22M | Scene, ViewLayer | Updating Geometry BVH Articulated tail.002 70/85 | Building mesh BLAS |     268 tris | Articulated tail.002
Fra:19 Mem:25.44M (Peak 29.63M) | Time:00:00.30 | Mem:1.22M, Peak:1.22M | Scene, ViewLayer | Updating Geometry BVH Articulated tail.002 70/85 | Building mesh BLAS |      44 tris | Fetlock feather.015
Fra:19 Mem:25.44M (Peak 29.63M) | Time:00:00.30 | Mem:1.22M, Peak:1.22M | Scene, ViewLayer | Updating Geometry BVH Rainbow tail ribbon.002 73/85 | Building BVH
Fra:19 Mem:25.44M (Peak 29.63M) | Time:00:00.30 | Mem:1.22M, Peak:1.22M | Scene, ViewLayer | Updating Geometry BVH Rainbow tail ribbon.002 73/85 | Building mesh BLAS |      60 tris | Rainbow tail ribbon.002
Fra:19 Mem:25.44M (Peak 29.63M) | Time:00:00.30 | Mem:1.22M, Peak:1.22M | Scene, ViewLayer | Updating Geometry BVH Rainbow tail ribbon 71/85 | Building mesh BLAS |      44 tris | Fetlock feather.017
Fra:19 Mem:25.44M (Peak 29.63M) | Time:00:00.30 | Mem:1.22M, Peak:1.22M | Scene, ViewLayer | Updating Geometry BVH Rainbow tail ribbon 71/85 | Building mesh BLAS |      60 tris | Rainbow tail ribbon
Fra:19 Mem:25.44M (Peak 29.63M) | Time:00:00.30 | Mem:1.22M, Peak:1.22M | Scene, ViewLayer | Updating Geometry BVH Rainbow tail ribbon.001 72/85 | Building BVH
Fra:19 Mem:25.44M (Peak 29.63M) | Time:00:00.30 | Mem:1.22M, Peak:1.22M | Scene, ViewLayer | Updating Geometry BVH Rainbow tail ribbon.001 72/85 | Building mesh BLAS |      60 tris | Rainbow tail ribbon.001
Fra:19 Mem:25.44M (Peak 29.63M) | Time:00:00.30 | Mem:1.22M, Peak:1.22M | Scene, ViewLayer | Updating Geometry BVH Rainbow tail ribbon.001 72/85 | Building mesh BLAS |      44 tris | Fetlock feather.018
Fra:19 Mem:25.44M (Peak 29.63M) | Time:00:00.31 | Mem:1.43M, Peak:1.43M | Scene, ViewLayer | Updating Scene BVH | Building
Fra:19 Mem:25.44M (Peak 29.63M) | Time:00:00.32 | Mem:2.07M, Peak:2.07M | Scene, ViewLayer | Updating Scene BVH | Building TLAS      |      85 instances
Fra:19 Mem:25.44M (Peak 29.63M) | Time:00:00.32 | Mem:2.10M, Peak:2.10M | Scene, ViewLayer | Updating Scene BVH | Copying BVH to device
Fra:19 Mem:25.44M (Peak 29.63M) | Time:00:00.32 | Mem:2.10M, Peak:2.10M | Scene, ViewLayer | Updating Mesh | Computing normals
Fra:19 Mem:25.91M (Peak 29.63M) | Time:00:00.32 | Mem:2.10M, Peak:2.10M | Scene, ViewLayer | Updating Mesh | Copying Mesh to device
Fra:19 Mem:25.44M (Peak 29.63M) | Time:00:00.32 | Mem:2.60M, Peak:2.60M | Scene, ViewLayer | Updating Objects Flags
Fra:19 Mem:25.44M (Peak 29.63M) | Time:00:00.32 | Mem:2.60M, Peak:2.60M | Scene, ViewLayer | Updating Primitive Offsets
Fra:19 Mem:25.44M (Peak 29.63M) | Time:00:00.32 | Mem:2.60M, Peak:2.60M | Scene, ViewLayer | Updating Images
Fra:19 Mem:25.44M (Peak 29.63M) | Time:00:00.32 | Mem:2.60M, Peak:2.60M | Scene, ViewLayer | Updating Camera Volume
Fra:19 Mem:25.44M (Peak 29.63M) | Time:00:00.32 | Mem:2.60M, Peak:2.60M | Scene, ViewLayer | Updating Lookup Tables
Fra:19 Mem:25.36M (Peak 29.63M) | Time:00:00.32 | Mem:2.70M, Peak:2.70M | Scene, ViewLayer | Updating Lights
Fra:19 Mem:25.36M (Peak 29.63M) | Time:00:00.32 | Mem:2.70M, Peak:2.70M | Scene, ViewLayer | Updating Lights | Computing tree
Fra:19 Mem:25.36M (Peak 29.63M) | Time:00:00.32 | Mem:2.70M, Peak:2.70M | Scene, ViewLayer | Updating Integrator
Fra:19 Mem:25.36M (Peak 29.63M) | Time:00:00.32 | Mem:2.70M, Peak:2.70M | Scene, ViewLayer | Updating Film
Fra:19 Mem:25.44M (Peak 29.63M) | Time:00:00.32 | Mem:2.60M, Peak:2.70M | Scene, ViewLayer | Updating Lookup Tables
Fra:19 Mem:25.36M (Peak 29.63M) | Time:00:00.32 | Mem:2.70M, Peak:2.70M | Scene, ViewLayer | Updating Baking
Fra:19 Mem:25.36M (Peak 29.63M) | Time:00:00.32 | Mem:2.70M, Peak:2.70M | Scene, ViewLayer | Updating Device | Writing constant memory
Fra:19 Mem:25.36M (Peak 29.63M) | Time:00:00.37 | Mem:2.70M, Peak:2.70M | Scene, ViewLayer | Loading denoising kernels (may take a few minutes the first time)
Fra:19 Mem:25.36M (Peak 57.36M) | Time:00:00.37 | Mem:2818.71M, Peak:2818.71M | Scene, ViewLayer | Sample 0/12 (Using optimized kernels)
Fra:19 Mem:25.35M (Peak 60.87M) | Time:00:00.69 | Remaining:00:03.49 | Mem:2854.26M, Peak:2854.26M | Scene, ViewLayer | Sample 1/12 (Using optimized kernels)
Fra:19 Mem:40.31M (Peak 62.74M) | Time:00:07.06 | Mem:2854.26M, Peak:2854.26M | Scene, ViewLayer | Sample 12/12 (Using optimized kernels)
Fra:19 Mem:40.31M (Peak 62.74M) | Time:00:07.06 | Mem:2854.26M, Peak:2854.26M | Scene, ViewLayer | Finished
Saved: '/Users/chikumatsuboi/Code/animal-racers-western/assets/source/western/qa/unicorn-transform-19.png'
Time: 00:07.22 (Saving: 00:00.09)

Fra:40 Mem:28.33M (Peak 28.33M) | Time:00:00.01 | Mem:0.02M, Peak:0.02M | Scene, ViewLayer | Synchronizing object | Body • continuous sculpted skin
Fra:40 Mem:28.34M (Peak 28.34M) | Time:00:00.01 | Mem:0.02M, Peak:0.02M | Scene, ViewLayer | Synchronizing object | Hoof cleft.002
Fra:40 Mem:28.59M (Peak 28.59M) | Time:00:00.01 | Mem:0.02M, Peak:0.02M | Scene, ViewLayer | Synchronizing object | Bronzed hoof.003
Fra:40 Mem:28.60M (Peak 28.60M) | Time:00:00.01 | Mem:0.02M, Peak:0.02M | Scene, ViewLayer | Synchronizing object | Head • species sculpt
Fra:40 Mem:28.72M (Peak 28.72M) | Time:00:00.01 | Mem:0.02M, Peak:0.02M | Scene, ViewLayer | Synchronizing object | Velvet muzzle
Fra:40 Mem:28.80M (Peak 28.80M) | Time:00:00.01 | Mem:0.02M, Peak:0.02M | Scene, ViewLayer | Synchronizing object | Nostril.001
Fra:40 Mem:28.85M (Peak 28.85M) | Time:00:00.01 | Mem:0.02M, Peak:0.02M | Scene, ViewLayer | Synchronizing object | Eye socket
Fra:40 Mem:28.87M (Peak 28.87M) | Time:00:00.01 | Mem:0.02M, Peak:0.02M | Scene, ViewLayer | Synchronizing object | Ivory eye
Fra:40 Mem:28.89M (Peak 28.89M) | Time:00:00.01 | Mem:0.02M, Peak:0.02M | Scene, ViewLayer | Synchronizing object | Pupil
Fra:40 Mem:28.96M (Peak 28.96M) | Time:00:00.01 | Mem:0.02M, Peak:0.02M | Scene, ViewLayer | Synchronizing object | Eye glint
Fra:40 Mem:29.10M (Peak 29.10M) | Time:00:00.01 | Mem:0.02M, Peak:0.02M | Scene, ViewLayer | Synchronizing object | Expressive brow
Fra:40 Mem:29.16M (Peak 29.16M) | Time:00:00.01 | Mem:0.02M, Peak:0.02M | Scene, ViewLayer | Synchronizing object | Eye socket.001
Fra:40 Mem:29.20M (Peak 29.20M) | Time:00:00.01 | Mem:0.02M, Peak:0.02M | Scene, ViewLayer | Synchronizing object | Ivory eye.001
Fra:40 Mem:29.24M (Peak 29.24M) | Time:00:00.01 | Mem:0.02M, Peak:0.02M | Scene, ViewLayer | Synchronizing object | Iris.001
Fra:40 Mem:29.26M (Peak 29.27M) | Time:00:00.01 | Mem:0.02M, Peak:0.02M | Scene, ViewLayer | Synchronizing object | Warm rim
Fra:40 Mem:29.31M (Peak 29.31M) | Time:00:00.01 | Mem:0.02M, Peak:0.02M | Scene, ViewLayer | Synchronizing object | Sky fill
Fra:40 Mem:29.31M (Peak 29.31M) | Time:00:00.01 | Mem:0.02M, Peak:0.02M | Scene, ViewLayer | Synchronizing object | Sunset key
Fra:40 Mem:29.31M (Peak 29.31M) | Time:00:00.01 | Mem:0.02M, Peak:0.02M | Scene, ViewLayer | Synchronizing object | Plane
Fra:40 Mem:29.31M (Peak 29.31M) | Time:00:00.01 | Mem:0.02M, Peak:0.02M | Scene, ViewLayer | Synchronizing object | Raised elemental crest
Fra:40 Mem:29.32M (Peak 29.32M) | Time:00:00.01 | Mem:0.02M, Peak:0.02M | Scene, ViewLayer | Synchronizing object | Brass crest clasp
Fra:40 Mem:29.37M (Peak 29.37M) | Time:00:00.01 | Mem:0.02M, Peak:0.02M | Scene, ViewLayer | Synchronizing object | Pointed species ear
Fra:40 Mem:29.43M (Peak 29.43M) | Time:00:00.01 | Mem:0.02M, Peak:0.02M | Scene, ViewLayer | Synchronizing object | Pointed species ear.001
Fra:40 Mem:29.43M (Peak 29.43M) | Time:00:00.01 | Mem:0.02M, Peak:0.02M | Scene, ViewLayer | Synchronizing object | Ribbon mane
Fra:40 Mem:29.44M (Peak 29.44M) | Time:00:00.01 | Mem:0.02M, Peak:0.02M | Scene, ViewLayer | Synchronizing object | Rainbow swept forelock.001
Fra:40 Mem:29.45M (Peak 29.45M) | Time:00:00.01 | Mem:0.02M, Peak:0.02M | Scene, ViewLayer | Synchronizing object | Ribbon mane.001
Fra:40 Mem:29.49M (Peak 29.49M) | Time:00:00.01 | Mem:0.02M, Peak:0.02M | Scene, ViewLayer | Synchronizing object | Neckerchief folded point
Fra:40 Mem:29.49M (Peak 29.49M) | Time:00:00.01 | Mem:0.02M, Peak:0.02M | Scene, ViewLayer | Synchronizing object | Rainbow swept forelock.003
Fra:40 Mem:29.50M (Peak 29.50M) | Time:00:00.01 | Mem:0.02M, Peak:0.02M | Scene, ViewLayer | Synchronizing object | Ribbon mane.003
Fra:40 Mem:29.50M (Peak 29.50M) | Time:00:00.01 | Mem:0.02M, Peak:0.02M | Scene, ViewLayer | Synchronizing object | Ribbon mane.004
Fra:40 Mem:29.51M (Peak 29.51M) | Time:00:00.01 | Mem:0.02M, Peak:0.02M | Scene, ViewLayer | Synchronizing object | Leather neckerchief roll
Fra:40 Mem:29.51M (Peak 29.51M) | Time:00:00.01 | Mem:0.02M, Peak:0.02M | Scene, ViewLayer | Synchronizing object | Ribbon mane.005
Fra:40 Mem:29.52M (Peak 29.52M) | Time:00:00.01 | Mem:0.02M, Peak:0.02M | Scene, ViewLayer | Synchronizing object | Rainbow swept forelock.006
Fra:40 Mem:29.52M (Peak 29.52M) | Time:00:00.01 | Mem:0.02M, Peak:0.02M | Scene, ViewLayer | Synchronizing object | Golden unicorn horn
Fra:40 Mem:29.53M (Peak 29.53M) | Time:00:00.01 | Mem:0.02M, Peak:0.02M | Scene, ViewLayer | Synchronizing object | Horn spiral ridge
Fra:40 Mem:29.53M (Peak 29.53M) | Time:00:00.01 | Mem:0.02M, Peak:0.02M | Scene, ViewLayer | Synchronizing object | Rainbow tail ribbon.006
Fra:40 Mem:29.54M (Peak 29.54M) | Time:00:00.01 | Mem:0.02M, Peak:0.02M | Scene, ViewLayer | Synchronizing object | Rainbow tail ribbon.005
Fra:40 Mem:29.56M (Peak 29.56M) | Time:00:00.01 | Mem:0.02M, Peak:0.02M | Scene, ViewLayer | Synchronizing object | Fetlock feather.001
Fra:40 Mem:29.56M (Peak 29.56M) | Time:00:00.01 | Mem:0.02M, Peak:0.02M | Scene, ViewLayer | Synchronizing object | Fetlock feather.002
Fra:40 Mem:29.55M (Peak 29.56M) | Time:00:00.01 | Mem:0.02M, Peak:0.02M | Scene, ViewLayer | Synchronizing object | Fetlock feather.003
Fra:40 Mem:29.60M (Peak 29.60M) | Time:00:00.01 | Mem:0.02M, Peak:0.02M | Scene, ViewLayer | Synchronizing object | Fetlock feather.004
Fra:40 Mem:29.62M (Peak 29.62M) | Time:00:00.01 | Mem:0.02M, Peak:0.02M | Scene, ViewLayer | Synchronizing object | Fetlock feather.005
Fra:40 Mem:29.62M (Peak 29.62M) | Time:00:00.01 | Mem:0.02M, Peak:0.02M | Scene, ViewLayer | Synchronizing object | Fetlock feather.007
Fra:40 Mem:29.63M (Peak 29.63M) | Time:00:00.01 | Mem:0.02M, Peak:0.02M | Scene, ViewLayer | Synchronizing object | Fetlock feather.008
Fra:40 Mem:29.62M (Peak 29.63M) | Time:00:00.01 | Mem:0.02M, Peak:0.02M | Scene, ViewLayer | Synchronizing object | Fetlock feather.009
Fra:40 Mem:29.62M (Peak 29.63M) | Time:00:00.01 | Mem:0.02M, Peak:0.02M | Scene, ViewLayer | Synchronizing object | Fetlock feather.010
Fra:40 Mem:29.63M (Peak 29.63M) | Time:00:00.01 | Mem:0.02M, Peak:0.02M | Scene, ViewLayer | Synchronizing object | Fetlock feather.011
Fra:40 Mem:29.65M (Peak 29.65M) | Time:00:00.01 | Mem:0.02M, Peak:0.02M | Scene, ViewLayer | Synchronizing object | Fetlock feather.013
Fra:40 Mem:29.64M (Peak 29.65M) | Time:00:00.01 | Mem:0.02M, Peak:0.02M | Scene, ViewLayer | Synchronizing object | Fetlock feather.014
Fra:40 Mem:29.64M (Peak 29.65M) | Time:00:00.01 | Mem:0.02M, Peak:0.02M | Scene, ViewLayer | Synchronizing object | Fetlock feather.015
Fra:40 Mem:29.66M (Peak 29.66M) | Time:00:00.01 | Mem:0.02M, Peak:0.02M | Scene, ViewLayer | Synchronizing object | Fetlock feather.016
Fra:40 Mem:29.65M (Peak 29.66M) | Time:00:00.01 | Mem:0.02M, Peak:0.02M | Scene, ViewLayer | Synchronizing object | Fetlock feather.018
Fra:40 Mem:29.67M (Peak 29.67M) | Time:00:00.01 | Mem:0.02M, Peak:0.02M | Scene, ViewLayer | Synchronizing object | Fetlock feather.019
Fra:40 Mem:29.66M (Peak 29.67M) | Time:00:00.01 | Mem:0.02M, Peak:0.02M | Scene, ViewLayer | Synchronizing object | Rainbow tail ribbon.003
Fra:40 Mem:29.67M (Peak 29.67M) | Time:00:00.01 | Mem:0.02M, Peak:0.02M | Scene, ViewLayer | Synchronizing object | Rainbow tail ribbon
Fra:40 Mem:29.67M (Peak 29.67M) | Time:00:00.01 | Mem:0.02M, Peak:0.02M | Scene, ViewLayer | Synchronizing object | Rainbow tail ribbon.002
Fra:40 Mem:29.68M (Peak 29.68M) | Time:00:00.01 | Mem:0.02M, Peak:0.02M | Scene, ViewLayer | Synchronizing object | Rainbow tail ribbon.001
Fra:40 Mem:29.72M (Peak 29.72M) | Time:00:00.01 | Mem:0.02M, Peak:0.02M | Scene, ViewLayer | Initializing
Fra:40 Mem:28.31M (Peak 29.72M) | Time:00:00.01 | Mem:0.02M, Peak:0.02M | Scene, ViewLayer | Updating Images | Loading Authored short-fur normal
Fra:40 Mem:24.81M (Peak 29.72M) | Time:00:00.02 | Mem:0.27M, Peak:0.27M | Scene, ViewLayer | Waiting for render to start
Fra:40 Mem:24.81M (Peak 29.72M) | Time:00:00.02 | Mem:0.27M, Peak:0.27M | Scene, ViewLayer | Updating Scene
Fra:40 Mem:24.81M (Peak 29.72M) | Time:00:00.02 | Mem:0.27M, Peak:0.27M | Scene, ViewLayer | Updating Shaders
Fra:40 Mem:24.81M (Peak 29.72M) | Time:00:00.02 | Mem:0.27M, Peak:0.27M | Scene, ViewLayer | Loading render kernels (may take a few minutes the first time)
Fra:40 Mem:24.89M (Peak 29.72M) | Time:00:00.11 | Mem:0.29M, Peak:0.29M | Scene, ViewLayer | Updating Procedurals
Fra:40 Mem:24.89M (Peak 29.72M) | Time:00:00.11 | Mem:0.29M, Peak:0.29M | Scene, ViewLayer | Updating Background
Fra:40 Mem:24.89M (Peak 29.72M) | Time:00:00.11 | Mem:0.29M, Peak:0.29M | Scene, ViewLayer | Updating Camera
Fra:40 Mem:24.89M (Peak 29.72M) | Time:00:00.11 | Mem:0.29M, Peak:0.29M | Scene, ViewLayer | Updating Meshes Flags
Fra:40 Mem:24.89M (Peak 29.72M) | Time:00:00.11 | Mem:0.29M, Peak:0.29M | Scene, ViewLayer | Updating Objects
Fra:40 Mem:24.89M (Peak 29.72M) | Time:00:00.11 | Mem:0.29M, Peak:0.29M | Scene, ViewLayer | Updating Objects | Copying Transformations to device
Fra:40 Mem:24.89M (Peak 29.72M) | Time:00:00.11 | Mem:0.32M, Peak:0.32M | Scene, ViewLayer | Updating Particle Systems
Fra:40 Mem:24.89M (Peak 29.72M) | Time:00:00.11 | Mem:0.32M, Peak:0.32M | Scene, ViewLayer | Updating Particle Systems | Copying Particles to device
Fra:40 Mem:24.89M (Peak 29.72M) | Time:00:00.11 | Mem:0.32M, Peak:0.32M | Scene, ViewLayer | Updating Meshes
Fra:40 Mem:25.48M (Peak 29.72M) | Time:00:00.11 | Mem:0.32M, Peak:0.32M | Scene, ViewLayer | Updating Objects | Applying Static Transformations
Fra:40 Mem:25.48M (Peak 29.72M) | Time:00:00.11 | Mem:0.32M, Peak:0.32M | Scene, ViewLayer | Updating Mesh | Computing attributes
Fra:40 Mem:26.34M (Peak 29.72M) | Time:00:00.12 | Mem:0.33M, Peak:0.33M | Scene, ViewLayer | Updating Mesh | Copying Attributes to device
Fra:40 Mem:25.48M (Peak 29.72M) | Time:00:00.29 | Mem:1.22M, Peak:1.22M | Scene, ViewLayer | Updating Geometry BVH light 86/85 | Building BVH
Fra:40 Mem:25.48M (Peak 29.72M) | Time:00:00.29 | Mem:1.22M, Peak:1.22M | Scene, ViewLayer | Updating Geometry BVH Hoof cleft.002 8/85 | Building BVH
Fra:40 Mem:25.48M (Peak 29.72M) | Time:00:00.29 | Mem:1.22M, Peak:1.22M | Scene, ViewLayer | Updating Geometry BVH Warm rim 85/85 | Building BVH
Fra:40 Mem:25.48M (Peak 29.72M) | Time:00:00.29 | Mem:1.22M, Peak:1.22M | Scene, ViewLayer | Updating Geometry BVH Warm rim 85/85 | Building mesh BLAS |      92 tris | Bronzed hoof
Fra:40 Mem:25.48M (Peak 29.72M) | Time:00:00.29 | Mem:1.22M, Peak:1.22M | Scene, ViewLayer | Updating Geometry BVH Warm rim 85/85 | Building mesh BLAS |    4170 tris | ribcage.002
Fra:40 Mem:25.48M (Peak 29.72M) | Time:00:00.29 | Mem:1.22M, Peak:1.22M | Scene, ViewLayer | Updating Geometry BVH Warm rim 85/85 | Building mesh BLAS |      92 tris | Bronzed hoof.002
Fra:40 Mem:25.48M (Peak 29.72M) | Time:00:00.29 | Mem:1.22M, Peak:1.22M | Scene, ViewLayer | Updating Geometry BVH Sky fill 84/85 | Building BVH
Fra:40 Mem:25.48M (Peak 29.72M) | Time:00:00.29 | Mem:1.22M, Peak:1.22M | Scene, ViewLayer | Updating Geometry BVH Sky fill 84/85 | Building mesh BLAS |      44 tris | Hoof cleft.001
Fra:40 Mem:25.48M (Peak 29.72M) | Time:00:00.29 | Mem:1.22M, Peak:1.22M | Scene, ViewLayer | Updating Geometry BVH Sky fill 84/85 | Building mesh BLAS |      44 tris | Hoof cleft.002
Fra:40 Mem:25.48M (Peak 29.72M) | Time:00:00.29 | Mem:1.22M, Peak:1.22M | Scene, ViewLayer | Updating Geometry BVH Sunset key 83/85 | Building BVH
Fra:40 Mem:25.48M (Peak 29.72M) | Time:00:00.29 | Mem:1.22M, Peak:1.22M | Scene, ViewLayer | Updating Geometry BVH Plane 82/85 | Building BVH
Fra:40 Mem:25.48M (Peak 29.72M) | Time:00:00.29 | Mem:1.22M, Peak:1.22M | Scene, ViewLayer | Updating Geometry BVH Plane 82/85 | Building mesh BLAS |       2 tris | Plane
Fra:40 Mem:25.48M (Peak 29.72M) | Time:00:00.29 | Mem:1.22M, Peak:1.22M | Scene, ViewLayer | Updating Geometry BVH Plane 82/85 | Building mesh BLAS |      92 tris | Bronzed hoof.003
Fra:40 Mem:25.48M (Peak 29.72M) | Time:00:00.29 | Mem:1.22M, Peak:1.22M | Scene, ViewLayer | Updating Geometry BVH Skull.002 11/85 | Building BVH
Fra:40 Mem:25.48M (Peak 29.72M) | Time:00:00.29 | Mem:1.22M, Peak:1.22M | Scene, ViewLayer | Updating Geometry BVH Skull.002 11/85 | Building mesh BLAS |    3088 tris | Skull.002
Fra:40 Mem:25.48M (Peak 29.72M) | Time:00:00.29 | Mem:1.22M, Peak:1.22M | Scene, ViewLayer | Updating Geometry BVH Velvet muzzle 12/85 | Building BVH
Fra:40 Mem:25.48M (Peak 29.72M) | Time:00:00.29 | Mem:1.22M, Peak:1.22M | Scene, ViewLayer | Updating Geometry BVH Velvet muzzle 12/85 | Building mesh BLAS |     480 tris | Velvet muzzle
Fra:40 Mem:25.48M (Peak 29.72M) | Time:00:00.29 | Mem:1.22M, Peak:1.22M | Scene, ViewLayer | Updating Geometry BVH Velvet muzzle 12/85 | Building mesh BLAS |      44 tris | Hoof cleft.003
Fra:40 Mem:25.48M (Peak 29.72M) | Time:00:00.29 | Mem:1.22M, Peak:1.22M | Scene, ViewLayer | Updating Geometry BVH Nostril 13/85 | Building BVH
Fra:40 Mem:25.48M (Peak 29.72M) | Time:00:00.29 | Mem:1.22M, Peak:1.22M | Scene, ViewLayer | Updating Geometry BVH Ivory eye.004 16/85 | Building BVH
Fra:40 Mem:25.48M (Peak 29.72M) | Time:00:00.29 | Mem:1.22M, Peak:1.22M | Scene, ViewLayer | Updating Geometry BVH Ivory eye.004 16/85 | Building mesh BLAS |     480 tris | Ivory eye.004
Fra:40 Mem:25.48M (Peak 29.72M) | Time:00:00.29 | Mem:1.22M, Peak:1.22M | Scene, ViewLayer | Updating Geometry BVH Ivory eye.004 16/85 | Building mesh BLAS |     320 tris | Nostril
Fra:40 Mem:25.48M (Peak 29.72M) | Time:00:00.29 | Mem:1.22M, Peak:1.22M | Scene, ViewLayer | Updating Geometry BVH Pupil.004 18/85 | Building BVH
Fra:40 Mem:25.48M (Peak 29.72M) | Time:00:00.29 | Mem:1.22M, Peak:1.22M | Scene, ViewLayer | Updating Geometry BVH Pupil.004 18/85 | Building mesh BLAS |     320 tris | Pupil.004
Fra:40 Mem:25.48M (Peak 29.72M) | Time:00:00.29 | Mem:1.22M, Peak:1.22M | Scene, ViewLayer | Updating Geometry BVH Raised elemental crest.002 81/85 | Building BVH
Fra:40 Mem:25.48M (Peak 29.72M) | Time:00:00.29 | Mem:1.22M, Peak:1.22M | Scene, ViewLayer | Updating Geometry BVH Raised elemental crest.002 81/85 | Building mesh BLAS |      46 tris | Raised elemental crest.002
Fra:40 Mem:25.48M (Peak 29.72M) | Time:00:00.29 | Mem:1.22M, Peak:1.22M | Scene, ViewLayer | Updating Geometry BVH Raised elemental crest.002 81/85 | Building mesh BLAS |     480 tris | Eye socket.004
Fra:40 Mem:25.48M (Peak 29.72M) | Time:00:00.29 | Mem:1.22M, Peak:1.22M | Scene, ViewLayer | Updating Geometry BVH Raised elemental crest.002 81/85 | Building mesh BLAS |     480 tris | Iris.004
Fra:40 Mem:25.48M (Peak 29.72M) | Time:00:00.29 | Mem:1.22M, Peak:1.22M | Scene, ViewLayer | Updating Geometry BVH Eye glint.004 19/85 | Building BVH
Fra:40 Mem:25.48M (Peak 29.72M) | Time:00:00.29 | Mem:1.22M, Peak:1.22M | Scene, ViewLayer | Updating Geometry BVH Expressive brow.004 20/85 | Building BVH
Fra:40 Mem:25.48M (Peak 29.72M) | Time:00:00.29 | Mem:1.22M, Peak:1.22M | Scene, ViewLayer | Updating Geometry BVH Smiling mouth.004 21/85 | Building BVH
Fra:40 Mem:25.48M (Peak 29.72M) | Time:00:00.29 | Mem:1.22M, Peak:1.22M | Scene, ViewLayer | Updating Geometry BVH Eye socket.005 22/85 | Building BVH
Fra:40 Mem:25.48M (Peak 29.72M) | Time:00:00.29 | Mem:1.22M, Peak:1.22M | Scene, ViewLayer | Updating Geometry BVH Eye socket.005 22/85 | Building mesh BLAS |      32 tris | Smiling mouth.004
Fra:40 Mem:25.48M (Peak 29.72M) | Time:00:00.29 | Mem:1.22M, Peak:1.22M | Scene, ViewLayer | Updating Geometry BVH Eye socket.005 22/85 | Building mesh BLAS |     480 tris | Eye socket.005
Fra:40 Mem:25.48M (Peak 29.72M) | Time:00:00.29 | Mem:1.22M, Peak:1.22M | Scene, ViewLayer | Updating Geometry BVH Iris.005 24/85 | Building BVH
Fra:40 Mem:25.48M (Peak 29.72M) | Time:00:00.29 | Mem:1.22M, Peak:1.22M | Scene, ViewLayer | Updating Geometry BVH Iris.005 24/85 | Building mesh BLAS |     480 tris | Iris.005
Fra:40 Mem:25.48M (Peak 29.72M) | Time:00:00.29 | Mem:1.22M, Peak:1.22M | Scene, ViewLayer | Updating Geometry BVH Pupil.005 25/85 | Building BVH
Fra:40 Mem:25.48M (Peak 29.72M) | Time:00:00.29 | Mem:1.22M, Peak:1.22M | Scene, ViewLayer | Updating Geometry BVH Pupil.005 25/85 | Building mesh BLAS |     320 tris | Pupil.005
Fra:40 Mem:25.48M (Peak 29.72M) | Time:00:00.29 | Mem:1.22M, Peak:1.22M | Scene, ViewLayer | Updating Geometry BVH Pupil.005 25/85 | Building mesh BLAS |     480 tris | Ivory eye.005
Fra:40 Mem:25.48M (Peak 29.72M) | Time:00:00.29 | Mem:1.22M, Peak:1.22M | Scene, ViewLayer | Updating Geometry BVH Eye glint.005 26/85 | Building BVH
Fra:40 Mem:25.48M (Peak 29.72M) | Time:00:00.29 | Mem:1.22M, Peak:1.22M | Scene, ViewLayer | Updating Geometry BVH Eye glint.005 26/85 | Building mesh BLAS |     192 tris | Eye glint.005
Fra:40 Mem:25.48M (Peak 29.72M) | Time:00:00.29 | Mem:1.22M, Peak:1.22M | Scene, ViewLayer | Updating Geometry BVH Expressive brow.005 27/85 | Building BVH
Fra:40 Mem:25.48M (Peak 29.72M) | Time:00:00.29 | Mem:1.22M, Peak:1.22M | Scene, ViewLayer | Updating Geometry BVH Expressive brow.005 27/85 | Building mesh BLAS |      44 tris | Expressive brow.005
Fra:40 Mem:25.48M (Peak 29.72M) | Time:00:00.29 | Mem:1.22M, Peak:1.22M | Scene, ViewLayer | Updating Geometry BVH Smiling mouth.005 28/85 | Building BVH
Fra:40 Mem:25.48M (Peak 29.72M) | Time:00:00.29 | Mem:1.22M, Peak:1.22M | Scene, ViewLayer | Updating Geometry BVH Lower jaw.002 29/85 | Building BVH
Fra:40 Mem:25.48M (Peak 29.72M) | Time:00:00.29 | Mem:1.22M, Peak:1.22M | Scene, ViewLayer | Updating Geometry BVH Lower jaw.002 29/85 | Building mesh BLAS |      32 tris | Smiling mouth.005
Fra:40 Mem:25.48M (Peak 29.72M) | Time:00:00.29 | Mem:1.22M, Peak:1.22M | Scene, ViewLayer | Updating Geometry BVH Lower jaw.002 29/85 | Building mesh BLAS |     400 tris | Lower jaw.002
Fra:40 Mem:25.48M (Peak 29.72M) | Time:00:00.29 | Mem:1.22M, Peak:1.22M | Scene, ViewLayer | Updating Geometry BVH Lower jaw.002 29/85 | Building mesh BLAS |     320 tris | Brass crest clasp.002
Fra:40 Mem:25.48M (Peak 29.72M) | Time:00:00.29 | Mem:1.22M, Peak:1.22M | Scene, ViewLayer | Updating Geometry BVH Pointed species ear.002 30/85 | Building BVH
Fra:40 Mem:25.48M (Peak 29.72M) | Time:00:00.29 | Mem:1.22M, Peak:1.22M | Scene, ViewLayer | Updating Geometry BVH Pointed species ear.002 30/85 | Building mesh BLAS |       6 tris | Pointed species ear.002
Fra:40 Mem:25.48M (Peak 29.72M) | Time:00:00.29 | Mem:1.22M, Peak:1.22M | Scene, ViewLayer | Updating Geometry BVH Pointed species ear.003 32/85 | Building BVH
Fra:40 Mem:25.48M (Peak 29.72M) | Time:00:00.29 | Mem:1.22M, Peak:1.22M | Scene, ViewLayer | Updating Geometry BVH Pointed species ear.003 32/85 | Building mesh BLAS |       6 tris | Pointed species ear.003
Fra:40 Mem:25.48M (Peak 29.72M) | Time:00:00.29 | Mem:1.22M, Peak:1.22M | Scene, ViewLayer | Updating Geometry BVH Inner ear.003 33/85 | Building mesh BLAS |       3 tris | Inner ear.002
Fra:40 Mem:25.48M (Peak 29.72M) | Time:00:00.29 | Mem:1.22M, Peak:1.22M | Scene, ViewLayer | Updating Geometry BVH Rainbow swept forelock 34/85 | Building BVH
Fra:40 Mem:25.48M (Peak 29.72M) | Time:00:00.29 | Mem:1.22M, Peak:1.22M | Scene, ViewLayer | Updating Geometry BVH Ribbon mane 35/85 | Building mesh BLAS |      60 tris | Rainbow swept forelock
Fra:40 Mem:25.48M (Peak 29.72M) | Time:00:00.29 | Mem:1.22M, Peak:1.22M | Scene, ViewLayer | Updating Geometry BVH Ribbon mane 35/85 | Building mesh BLAS |      60 tris | Ribbon mane
Fra:40 Mem:25.48M (Peak 29.72M) | Time:00:00.29 | Mem:1.22M, Peak:1.22M | Scene, ViewLayer | Updating Geometry BVH Rainbow swept forelock.001 36/85 | Building BVH
Fra:40 Mem:25.48M (Peak 29.72M) | Time:00:00.29 | Mem:1.22M, Peak:1.22M | Scene, ViewLayer | Updating Geometry BVH Rainbow swept forelock.001 36/85 | Building mesh BLAS |      60 tris | Rainbow swept forelock.001
Fra:40 Mem:25.48M (Peak 29.72M) | Time:00:00.29 | Mem:1.22M, Peak:1.22M | Scene, ViewLayer | Updating Geometry BVH Ribbon mane.001 37/85 | Building BVH
Fra:40 Mem:25.48M (Peak 29.72M) | Time:00:00.29 | Mem:1.22M, Peak:1.22M | Scene, ViewLayer | Updating Geometry BVH Ribbon mane.001 37/85 | Building mesh BLAS |      60 tris | Ribbon mane.001
Fra:40 Mem:25.48M (Peak 29.72M) | Time:00:00.29 | Mem:1.22M, Peak:1.22M | Scene, ViewLayer | Updating Geometry BVH Neckerchief folded point.002 79/85 | Building BVH
Fra:40 Mem:25.48M (Peak 29.72M) | Time:00:00.29 | Mem:1.22M, Peak:1.22M | Scene, ViewLayer | Updating Geometry BVH Neckerchief folded point.002 79/85 | Building mesh BLAS |       4 tris | Neckerchief folded point.002
Fra:40 Mem:25.48M (Peak 29.72M) | Time:00:00.29 | Mem:1.22M, Peak:1.22M | Scene, ViewLayer | Updating Geometry BVH Rainbow swept forelock.002 38/85 | Building BVH
Fra:40 Mem:25.48M (Peak 29.72M) | Time:00:00.29 | Mem:1.22M, Peak:1.22M | Scene, ViewLayer | Updating Geometry BVH Ribbon mane.002 39/85 | Building mesh BLAS |      60 tris | Rainbow swept forelock.002
Fra:40 Mem:25.48M (Peak 29.72M) | Time:00:00.29 | Mem:1.22M, Peak:1.22M | Scene, ViewLayer | Updating Geometry BVH Rainbow swept forelock.003 40/85 | Building BVH
Fra:40 Mem:25.48M (Peak 29.72M) | Time:00:00.29 | Mem:1.22M, Peak:1.22M | Scene, ViewLayer | Updating Geometry BVH Ribbon mane.003 41/85 | Building BVH
Fra:40 Mem:25.48M (Peak 29.72M) | Time:00:00.30 | Mem:1.22M, Peak:1.22M | Scene, ViewLayer | Updating Geometry BVH Leather neckerchief roll.002 78/85 | Building mesh BLAS |      60 tris | Ribbon mane.003
Fra:40 Mem:25.48M (Peak 29.72M) | Time:00:00.30 | Mem:1.22M, Peak:1.22M | Scene, ViewLayer | Updating Geometry BVH Leather neckerchief roll.002 78/85 | Building mesh BLAS |      76 tris | Leather neckerchief roll.002
Fra:40 Mem:25.48M (Peak 29.72M) | Time:00:00.30 | Mem:1.22M, Peak:1.22M | Scene, ViewLayer | Updating Geometry BVH Rainbow swept forelock.004 42/85 | Building BVH
Fra:40 Mem:25.48M (Peak 29.72M) | Time:00:00.30 | Mem:1.22M, Peak:1.22M | Scene, ViewLayer | Updating Geometry BVH Rainbow swept forelock.004 42/85 | Building mesh BLAS |      60 tris | Rainbow swept forelock.004
Fra:40 Mem:25.48M (Peak 29.72M) | Time:00:00.30 | Mem:1.22M, Peak:1.22M | Scene, ViewLayer | Updating Geometry BVH Ribbon mane.004 43/85 | Building BVH
Fra:40 Mem:25.48M (Peak 29.72M) | Time:00:00.30 | Mem:1.22M, Peak:1.22M | Scene, ViewLayer | Updating Geometry BVH Ribbon mane.004 43/85 | Building mesh BLAS |      60 tris | Ribbon mane.004
Fra:40 Mem:25.48M (Peak 29.72M) | Time:00:00.30 | Mem:1.22M, Peak:1.22M | Scene, ViewLayer | Updating Geometry BVH Ribbon mane.004 43/85 | Building mesh BLAS |      60 tris | Ribbon mane.002
Fra:40 Mem:25.48M (Peak 29.72M) | Time:00:00.30 | Mem:1.22M, Peak:1.22M | Scene, ViewLayer | Updating Geometry BVH Rainbow swept forelock.005 44/85 | Building BVH
Fra:40 Mem:25.48M (Peak 29.72M) | Time:00:00.30 | Mem:1.22M, Peak:1.22M | Scene, ViewLayer | Updating Geometry BVH Rainbow swept forelock.005 44/85 | Building mesh BLAS |      60 tris | Rainbow swept forelock.005
Fra:40 Mem:25.48M (Peak 29.72M) | Time:00:00.30 | Mem:1.22M, Peak:1.22M | Scene, ViewLayer | Updating Geometry BVH Rainbow tail ribbon.006 77/85 | Building BVH
Fra:40 Mem:25.48M (Peak 29.72M) | Time:00:00.30 | Mem:1.22M, Peak:1.22M | Scene, ViewLayer | Updating Geometry BVH Ribbon mane.005 45/85 | Building mesh BLAS |      60 tris | Rainbow tail ribbon.006
Fra:40 Mem:25.48M (Peak 29.72M) | Time:00:00.30 | Mem:1.22M, Peak:1.22M | Scene, ViewLayer | Updating Geometry BVH Rainbow swept forelock.006 46/85 | Building BVH
Fra:40 Mem:25.48M (Peak 29.72M) | Time:00:00.30 | Mem:1.22M, Peak:1.22M | Scene, ViewLayer | Updating Geometry BVH Ribbon mane.006 47/85 | Building BVH
Fra:40 Mem:25.48M (Peak 29.72M) | Time:00:00.30 | Mem:1.22M, Peak:1.22M | Scene, ViewLayer | Updating Geometry BVH Horn spiral ridge 49/85 | Building BVH
Fra:40 Mem:25.48M (Peak 29.72M) | Time:00:00.30 | Mem:1.22M, Peak:1.22M | Scene, ViewLayer | Updating Geometry BVH Horn spiral ridge 49/85 | Building mesh BLAS |     776 tris | Horn spiral ridge
Fra:40 Mem:25.48M (Peak 29.72M) | Time:00:00.30 | Mem:1.22M, Peak:1.22M | Scene, ViewLayer | Updating Geometry BVH Rainbow tail ribbon.005 76/85 | Building BVH
Fra:40 Mem:25.48M (Peak 29.72M) | Time:00:00.30 | Mem:1.22M, Peak:1.22M | Scene, ViewLayer | Updating Geometry BVH Rainbow tail ribbon.005 76/85 | Building mesh BLAS |      60 tris | Rainbow tail ribbon.005
Fra:40 Mem:25.48M (Peak 29.72M) | Time:00:00.30 | Mem:1.22M, Peak:1.22M | Scene, ViewLayer | Updating Geometry BVH Rainbow tail ribbon.005 76/85 | Building mesh BLAS |      92 tris | Golden unicorn horn
Fra:40 Mem:25.48M (Peak 29.72M) | Time:00:00.30 | Mem:1.22M, Peak:1.22M | Scene, ViewLayer | Updating Geometry BVH Rainbow tail ribbon.004 75/85 | Building BVH
Fra:40 Mem:25.48M (Peak 29.72M) | Time:00:00.30 | Mem:1.22M, Peak:1.22M | Scene, ViewLayer | Updating Geometry BVH Rainbow tail ribbon.004 75/85 | Building mesh BLAS |      60 tris | Rainbow tail ribbon.004
Fra:40 Mem:25.48M (Peak 29.72M) | Time:00:00.30 | Mem:1.22M, Peak:1.22M | Scene, ViewLayer | Updating Geometry BVH Fetlock feather 50/85 | Building BVH
Fra:40 Mem:25.48M (Peak 29.72M) | Time:00:00.30 | Mem:1.22M, Peak:1.22M | Scene, ViewLayer | Updating Geometry BVH Fetlock feather 50/85 | Building mesh BLAS |      44 tris | Fetlock feather
Fra:40 Mem:25.48M (Peak 29.72M) | Time:00:00.30 | Mem:1.22M, Peak:1.22M | Scene, ViewLayer | Updating Geometry BVH Fetlock feather.001 51/85 | Building BVH
Fra:40 Mem:25.48M (Peak 29.72M) | Time:00:00.30 | Mem:1.22M, Peak:1.22M | Scene, ViewLayer | Updating Geometry BVH Fetlock feather.001 51/85 | Building mesh BLAS |      44 tris | Fetlock feather.001
Fra:40 Mem:25.48M (Peak 29.72M) | Time:00:00.30 | Mem:1.22M, Peak:1.22M | Scene, ViewLayer | Updating Geometry BVH Fetlock feather.002 52/85 | Building BVH
Fra:40 Mem:25.48M (Peak 29.72M) | Time:00:00.30 | Mem:1.22M, Peak:1.22M | Scene, ViewLayer | Updating Geometry BVH Fetlock feather.003 53/85 | Building BVH
Fra:40 Mem:25.48M (Peak 29.72M) | Time:00:00.30 | Mem:1.22M, Peak:1.22M | Scene, ViewLayer | Updating Geometry BVH Fetlock feather.004 54/85 | Building BVH
Fra:40 Mem:25.48M (Peak 29.72M) | Time:00:00.30 | Mem:1.22M, Peak:1.22M | Scene, ViewLayer | Updating Geometry BVH Fetlock feather.004 54/85 | Building mesh BLAS |      44 tris | Fetlock feather.003
Fra:40 Mem:25.48M (Peak 29.72M) | Time:00:00.30 | Mem:1.22M, Peak:1.22M | Scene, ViewLayer | Updating Geometry BVH Fetlock feather.004 54/85 | Building mesh BLAS |      44 tris | Fetlock feather.004
Fra:40 Mem:25.48M (Peak 29.72M) | Time:00:00.30 | Mem:1.22M, Peak:1.22M | Scene, ViewLayer | Updating Geometry BVH Fetlock feather.004 54/85 | Building mesh BLAS |      60 tris | Rainbow tail ribbon.003
Fra:40 Mem:25.48M (Peak 29.72M) | Time:00:00.30 | Mem:1.22M, Peak:1.22M | Scene, ViewLayer | Updating Geometry BVH Fetlock feather.005 55/85 | Building BVH
Fra:40 Mem:25.48M (Peak 29.72M) | Time:00:00.30 | Mem:1.22M, Peak:1.22M | Scene, ViewLayer | Updating Geometry BVH Fetlock feather.005 55/85 | Building mesh BLAS |      44 tris | Fetlock feather.005
Fra:40 Mem:25.48M (Peak 29.72M) | Time:00:00.30 | Mem:1.22M, Peak:1.22M | Scene, ViewLayer | Updating Geometry BVH Fetlock feather.006 56/85 | Building BVH
Fra:40 Mem:25.48M (Peak 29.72M) | Time:00:00.30 | Mem:1.22M, Peak:1.22M | Scene, ViewLayer | Updating Geometry BVH Fetlock feather.006 56/85 | Building mesh BLAS |      44 tris | Fetlock feather.006
Fra:40 Mem:25.48M (Peak 29.72M) | Time:00:00.30 | Mem:1.22M, Peak:1.22M | Scene, ViewLayer | Updating Geometry BVH Fetlock feather.008 58/85 | Building BVH
Fra:40 Mem:25.48M (Peak 29.72M) | Time:00:00.30 | Mem:1.22M, Peak:1.22M | Scene, ViewLayer | Updating Geometry BVH Fetlock feather.008 58/85 | Building mesh BLAS |      44 tris | Fetlock feather.008
Fra:40 Mem:25.48M (Peak 29.72M) | Time:00:00.30 | Mem:1.22M, Peak:1.22M | Scene, ViewLayer | Updating Geometry BVH Fetlock feather.009 59/85 | Building BVH
Fra:40 Mem:25.48M (Peak 29.72M) | Time:00:00.30 | Mem:1.22M, Peak:1.22M | Scene, ViewLayer | Updating Geometry BVH Fetlock feather.010 60/85 | Building BVH
Fra:40 Mem:25.48M (Peak 29.72M) | Time:00:00.30 | Mem:1.22M, Peak:1.22M | Scene, ViewLayer | Updating Geometry BVH Rainbow tail ribbon.002 73/85 | Building BVH
Fra:40 Mem:25.48M (Peak 29.72M) | Time:00:00.30 | Mem:1.22M, Peak:1.22M | Scene, ViewLayer | Updating Geometry BVH Rainbow tail ribbon.002 73/85 | Building mesh BLAS |      44 tris | Fetlock feather.010
Fra:40 Mem:25.48M (Peak 29.72M) | Time:00:00.30 | Mem:1.22M, Peak:1.22M | Scene, ViewLayer | Updating Geometry BVH Rainbow tail ribbon.002 73/85 | Building mesh BLAS |      60 tris | Rainbow tail ribbon.002
Fra:40 Mem:25.48M (Peak 29.72M) | Time:00:00.30 | Mem:1.22M, Peak:1.22M | Scene, ViewLayer | Updating Geometry BVH Rainbow tail ribbon.002 73/85 | Building mesh BLAS |      44 tris | Fetlock feather.007
Fra:40 Mem:25.48M (Peak 29.72M) | Time:00:00.30 | Mem:1.22M, Peak:1.22M | Scene, ViewLayer | Updating Geometry BVH Fetlock feather.011 61/85 | Building BVH
Fra:40 Mem:25.48M (Peak 29.72M) | Time:00:00.30 | Mem:1.22M, Peak:1.22M | Scene, ViewLayer | Updating Geometry BVH Fetlock feather.011 61/85 | Building mesh BLAS |      44 tris | Fetlock feather.011
Fra:40 Mem:25.48M (Peak 29.72M) | Time:00:00.30 | Mem:1.22M, Peak:1.22M | Scene, ViewLayer | Updating Geometry BVH Fetlock feather.012 62/85 | Building BVH
Fra:40 Mem:25.48M (Peak 29.72M) | Time:00:00.30 | Mem:1.22M, Peak:1.22M | Scene, ViewLayer | Updating Geometry BVH Fetlock feather.012 62/85 | Building mesh BLAS |      44 tris | Fetlock feather.012
Fra:40 Mem:25.48M (Peak 29.72M) | Time:00:00.30 | Mem:1.22M, Peak:1.22M | Scene, ViewLayer | Updating Geometry BVH Fetlock feather.013 63/85 | Building BVH
Fra:40 Mem:25.48M (Peak 29.72M) | Time:00:00.30 | Mem:1.22M, Peak:1.22M | Scene, ViewLayer | Updating Geometry BVH Fetlock feather.013 63/85 | Building mesh BLAS |      44 tris | Fetlock feather.013
Fra:40 Mem:25.48M (Peak 29.72M) | Time:00:00.30 | Mem:1.22M, Peak:1.22M | Scene, ViewLayer | Updating Geometry BVH Rainbow tail ribbon.001 72/85 | Building BVH
Fra:40 Mem:25.48M (Peak 29.72M) | Time:00:00.30 | Mem:1.22M, Peak:1.22M | Scene, ViewLayer | Updating Geometry BVH Fetlock feather.014 64/85 | Building BVH
Fra:40 Mem:25.48M (Peak 29.72M) | Time:00:00.30 | Mem:1.22M, Peak:1.22M | Scene, ViewLayer | Updating Geometry BVH Fetlock feather.015 65/85 | Building mesh BLAS |      44 tris | Fetlock feather.014
Fra:40 Mem:25.48M (Peak 29.72M) | Time:00:00.30 | Mem:1.22M, Peak:1.22M | Scene, ViewLayer | Updating Geometry BVH Fetlock feather.016 66/85 | Building BVH
Fra:40 Mem:25.48M (Peak 29.72M) | Time:00:00.30 | Mem:1.22M, Peak:1.22M | Scene, ViewLayer | Updating Geometry BVH Fetlock feather.016 66/85 | Building mesh BLAS |      44 tris | Fetlock feather.016
Fra:40 Mem:25.48M (Peak 29.72M) | Time:00:00.30 | Mem:1.22M, Peak:1.22M | Scene, ViewLayer | Updating Geometry BVH Fetlock feather.016 66/85 | Building mesh BLAS |      44 tris | Fetlock feather.015
Fra:40 Mem:25.48M (Peak 29.72M) | Time:00:00.30 | Mem:1.22M, Peak:1.22M | Scene, ViewLayer | Updating Geometry BVH Fetlock feather.017 67/85 | Building BVH
Fra:40 Mem:25.48M (Peak 29.72M) | Time:00:00.30 | Mem:1.22M, Peak:1.22M | Scene, ViewLayer | Updating Geometry BVH Fetlock feather.018 68/85 | Building mesh BLAS |      44 tris | Fetlock feather.017
Fra:40 Mem:25.48M (Peak 29.72M) | Time:00:00.30 | Mem:1.22M, Peak:1.22M | Scene, ViewLayer | Updating Geometry BVH Fetlock feather.019 69/85 | Building BVH
Fra:40 Mem:25.48M (Peak 29.72M) | Time:00:00.30 | Mem:1.22M, Peak:1.22M | Scene, ViewLayer | Updating Geometry BVH Fetlock feather.019 69/85 | Building mesh BLAS |      44 tris | Fetlock feather.019
Fra:40 Mem:25.48M (Peak 29.72M) | Time:00:00.30 | Mem:1.22M, Peak:1.22M | Scene, ViewLayer | Updating Geometry BVH Articulated tail.002 70/85 | Building BVH
Fra:40 Mem:25.48M (Peak 29.72M) | Time:00:00.30 | Mem:1.22M, Peak:1.22M | Scene, ViewLayer | Updating Geometry BVH Rainbow tail ribbon 71/85 | Building BVH
Fra:40 Mem:25.48M (Peak 29.72M) | Time:00:00.30 | Mem:1.22M, Peak:1.22M | Scene, ViewLayer | Updating Geometry BVH Rainbow tail ribbon 71/85 | Building mesh BLAS |     268 tris | Articulated tail.002
Fra:40 Mem:25.48M (Peak 29.72M) | Time:00:00.30 | Mem:1.22M, Peak:1.22M | Scene, ViewLayer | Updating Geometry BVH Rainbow tail ribbon 71/85 | Building mesh BLAS |      44 tris | Fetlock feather.018
Fra:40 Mem:25.48M (Peak 29.72M) | Time:00:00.30 | Mem:1.22M, Peak:1.22M | Scene, ViewLayer | Updating Geometry BVH Rainbow tail ribbon 71/85 | Building mesh BLAS |      60 tris | Rainbow tail ribbon
Fra:40 Mem:25.48M (Peak 29.72M) | Time:00:00.30 | Mem:1.22M, Peak:1.22M | Scene, ViewLayer | Updating Scene BVH | Building
Fra:40 Mem:25.48M (Peak 29.72M) | Time:00:00.31 | Mem:2.07M, Peak:2.07M | Scene, ViewLayer | Updating Scene BVH | Building TLAS      |      85 instances
Fra:40 Mem:25.49M (Peak 29.72M) | Time:00:00.31 | Mem:2.10M, Peak:2.10M | Scene, ViewLayer | Updating Scene BVH | Copying BVH to device
Fra:40 Mem:25.49M (Peak 29.72M) | Time:00:00.31 | Mem:2.10M, Peak:2.10M | Scene, ViewLayer | Updating Mesh | Computing normals
Fra:40 Mem:25.95M (Peak 29.72M) | Time:00:00.31 | Mem:2.10M, Peak:2.10M | Scene, ViewLayer | Updating Mesh | Copying Mesh to device
Fra:40 Mem:25.49M (Peak 29.72M) | Time:00:00.31 | Mem:2.60M, Peak:2.60M | Scene, ViewLayer | Updating Objects Flags
Fra:40 Mem:25.48M (Peak 29.72M) | Time:00:00.31 | Mem:2.60M, Peak:2.60M | Scene, ViewLayer | Updating Primitive Offsets
Fra:40 Mem:25.48M (Peak 29.72M) | Time:00:00.31 | Mem:2.60M, Peak:2.60M | Scene, ViewLayer | Updating Images
Fra:40 Mem:25.48M (Peak 29.72M) | Time:00:00.31 | Mem:2.60M, Peak:2.60M | Scene, ViewLayer | Updating Camera Volume
Fra:40 Mem:25.48M (Peak 29.72M) | Time:00:00.31 | Mem:2.60M, Peak:2.60M | Scene, ViewLayer | Updating Lookup Tables
Fra:40 Mem:25.40M (Peak 29.72M) | Time:00:00.31 | Mem:2.70M, Peak:2.70M | Scene, ViewLayer | Updating Lights
Fra:40 Mem:25.40M (Peak 29.72M) | Time:00:00.31 | Mem:2.70M, Peak:2.70M | Scene, ViewLayer | Updating Lights | Computing tree
Fra:40 Mem:25.40M (Peak 29.72M) | Time:00:00.31 | Mem:2.70M, Peak:2.70M | Scene, ViewLayer | Updating Integrator
Fra:40 Mem:25.40M (Peak 29.72M) | Time:00:00.31 | Mem:2.70M, Peak:2.70M | Scene, ViewLayer | Updating Film
Fra:40 Mem:25.49M (Peak 29.72M) | Time:00:00.31 | Mem:2.61M, Peak:2.70M | Scene, ViewLayer | Updating Lookup Tables
Fra:40 Mem:25.40M (Peak 29.72M) | Time:00:00.31 | Mem:2.70M, Peak:2.70M | Scene, ViewLayer | Updating Baking
Fra:40 Mem:25.40M (Peak 29.72M) | Time:00:00.31 | Mem:2.70M, Peak:2.70M | Scene, ViewLayer | Updating Device | Writing constant memory
Fra:40 Mem:25.41M (Peak 29.72M) | Time:00:00.36 | Mem:2.70M, Peak:2.70M | Scene, ViewLayer | Loading denoising kernels (may take a few minutes the first time)
Fra:40 Mem:25.41M (Peak 57.41M) | Time:00:00.37 | Mem:2818.71M, Peak:2818.71M | Scene, ViewLayer | Sample 0/12 (Using optimized kernels)
Fra:40 Mem:25.40M (Peak 60.91M) | Time:00:00.63 | Remaining:00:02.85 | Mem:2854.26M, Peak:2854.26M | Scene, ViewLayer | Sample 1/12 (Using optimized kernels)
Fra:40 Mem:40.36M (Peak 62.79M) | Time:00:09.01 | Mem:2854.26M, Peak:2854.26M | Scene, ViewLayer | Sample 12/12 (Using optimized kernels)
Fra:40 Mem:40.36M (Peak 62.79M) | Time:00:09.01 | Mem:2854.26M, Peak:2854.26M | Scene, ViewLayer | Finished
Saved: '/Users/chikumatsuboi/Code/animal-racers-western/assets/source/western/qa/unicorn-defeat-40.png'
Time: 00:09.31 (Saving: 00:00.18)

Fra:1 Mem:28.97M (Peak 28.97M) | Time:00:00.04 | Mem:0.02M, Peak:0.02M | Scene, ViewLayer | Synchronizing object | Body • continuous sculpted skin
Fra:1 Mem:28.97M (Peak 28.97M) | Time:00:00.04 | Mem:0.02M, Peak:0.02M | Scene, ViewLayer | Synchronizing object | Hoof cleft.002
Fra:1 Mem:29.22M (Peak 29.22M) | Time:00:00.04 | Mem:0.02M, Peak:0.02M | Scene, ViewLayer | Synchronizing object | Bronzed hoof.003
Fra:1 Mem:29.22M (Peak 29.22M) | Time:00:00.04 | Mem:0.02M, Peak:0.02M | Scene, ViewLayer | Synchronizing object | Hoof cleft.003
Fra:1 Mem:29.23M (Peak 29.23M) | Time:00:00.04 | Mem:0.02M, Peak:0.02M | Scene, ViewLayer | Synchronizing object | Head • species sculpt
Fra:1 Mem:29.44M (Peak 29.44M) | Time:00:00.04 | Mem:0.02M, Peak:0.02M | Scene, ViewLayer | Synchronizing object | Velvet muzzle
Fra:1 Mem:29.67M (Peak 29.67M) | Time:00:00.04 | Mem:0.02M, Peak:0.02M | Scene, ViewLayer | Synchronizing object | Nostril.001
Fra:1 Mem:29.73M (Peak 29.73M) | Time:00:00.04 | Mem:0.02M, Peak:0.02M | Scene, ViewLayer | Synchronizing object | Eye socket
Fra:1 Mem:29.78M (Peak 29.78M) | Time:00:00.04 | Mem:0.02M, Peak:0.02M | Scene, ViewLayer | Synchronizing object | Iris
Fra:1 Mem:29.81M (Peak 29.81M) | Time:00:00.04 | Mem:0.02M, Peak:0.02M | Scene, ViewLayer | Synchronizing object | Pupil
Fra:1 Mem:29.83M (Peak 29.83M) | Time:00:00.04 | Mem:0.02M, Peak:0.02M | Scene, ViewLayer | Synchronizing object | Eye glint
Fra:1 Mem:29.84M (Peak 29.84M) | Time:00:00.04 | Mem:0.02M, Peak:0.02M | Scene, ViewLayer | Synchronizing object | Expressive brow
Fra:1 Mem:29.85M (Peak 29.85M) | Time:00:00.04 | Mem:0.02M, Peak:0.02M | Scene, ViewLayer | Synchronizing object | Smiling mouth
Fra:1 Mem:29.85M (Peak 29.85M) | Time:00:00.04 | Mem:0.02M, Peak:0.02M | Scene, ViewLayer | Synchronizing object | Eye socket.001
Fra:1 Mem:29.89M (Peak 29.89M) | Time:00:00.04 | Mem:0.02M, Peak:0.02M | Scene, ViewLayer | Synchronizing object | Ivory eye.001
Fra:1 Mem:29.93M (Peak 29.93M) | Time:00:00.04 | Mem:0.02M, Peak:0.02M | Scene, ViewLayer | Synchronizing object | Iris.001
Fra:1 Mem:29.96M (Peak 29.96M) | Time:00:00.04 | Mem:0.02M, Peak:0.02M | Scene, ViewLayer | Synchronizing object | Pupil.001
Fra:1 Mem:29.98M (Peak 29.98M) | Time:00:00.04 | Mem:0.02M, Peak:0.02M | Scene, ViewLayer | Synchronizing object | Eye glint.001
Fra:1 Mem:29.99M (Peak 29.99M) | Time:00:00.04 | Mem:0.02M, Peak:0.02M | Scene, ViewLayer | Synchronizing object | Expressive brow.001
Fra:1 Mem:29.99M (Peak 29.99M) | Time:00:00.04 | Mem:0.02M, Peak:0.02M | Scene, ViewLayer | Synchronizing object | Smiling mouth.001
Fra:1 Mem:30.00M (Peak 30.00M) | Time:00:00.04 | Mem:0.02M, Peak:0.02M | Scene, ViewLayer | Synchronizing object | Pointed species ear
Fra:1 Mem:30.00M (Peak 30.00M) | Time:00:00.04 | Mem:0.02M, Peak:0.02M | Scene, ViewLayer | Synchronizing object | Inner ear
Fra:1 Mem:30.00M (Peak 30.00M) | Time:00:00.04 | Mem:0.02M, Peak:0.02M | Scene, ViewLayer | Synchronizing object | Pointed species ear.001
Fra:1 Mem:30.00M (Peak 30.00M) | Time:00:00.04 | Mem:0.02M, Peak:0.02M | Scene, ViewLayer | Synchronizing object | Inner ear.001
Fra:1 Mem:30.00M (Peak 30.00M) | Time:00:00.04 | Mem:0.02M, Peak:0.02M | Scene, ViewLayer | Synchronizing object | Rainbow swept forelock
Fra:1 Mem:30.00M (Peak 30.00M) | Time:00:00.04 | Mem:0.02M, Peak:0.02M | Scene, ViewLayer | Synchronizing object | Ribbon mane
Fra:1 Mem:30.00M (Peak 30.00M) | Time:00:00.04 | Mem:0.02M, Peak:0.02M | Scene, ViewLayer | Synchronizing object | Rainbow swept forelock.001
Fra:1 Mem:30.03M (Peak 30.03M) | Time:00:00.04 | Mem:0.02M, Peak:0.02M | Scene, ViewLayer | Synchronizing object | Ribbon mane.001
Fra:1 Mem:30.06M (Peak 30.06M) | Time:00:00.04 | Mem:0.02M, Peak:0.02M | Scene, ViewLayer | Synchronizing object | Rainbow swept forelock.002
Fra:1 Mem:30.07M (Peak 30.07M) | Time:00:00.04 | Mem:0.02M, Peak:0.02M | Scene, ViewLayer | Synchronizing object | Ribbon mane.002
Fra:1 Mem:30.06M (Peak 30.07M) | Time:00:00.04 | Mem:0.02M, Peak:0.02M | Scene, ViewLayer | Synchronizing object | Ribbon mane.003
Fra:1 Mem:30.06M (Peak 30.07M) | Time:00:00.04 | Mem:0.02M, Peak:0.02M | Scene, ViewLayer | Synchronizing object | Rainbow swept forelock.004
Fra:1 Mem:30.06M (Peak 30.07M) | Time:00:00.04 | Mem:0.02M, Peak:0.02M | Scene, ViewLayer | Synchronizing object | Ribbon mane.004
Fra:1 Mem:30.07M (Peak 30.07M) | Time:00:00.04 | Mem:0.02M, Peak:0.02M | Scene, ViewLayer | Synchronizing object | Rainbow swept forelock.005
Fra:1 Mem:30.07M (Peak 30.07M) | Time:00:00.04 | Mem:0.02M, Peak:0.02M | Scene, ViewLayer | Synchronizing object | Sky fill
Fra:1 Mem:30.08M (Peak 30.08M) | Time:00:00.04 | Mem:0.02M, Peak:0.02M | Scene, ViewLayer | Synchronizing object | Rainbow swept forelock.006
Fra:1 Mem:30.10M (Peak 30.10M) | Time:00:00.04 | Mem:0.02M, Peak:0.02M | Scene, ViewLayer | Synchronizing object | Ribbon mane.006
Fra:1 Mem:30.10M (Peak 30.10M) | Time:00:00.04 | Mem:0.02M, Peak:0.02M | Scene, ViewLayer | Synchronizing object | Golden unicorn horn
Fra:1 Mem:30.14M (Peak 30.14M) | Time:00:00.04 | Mem:0.02M, Peak:0.02M | Scene, ViewLayer | Synchronizing object | Horn spiral ridge
Fra:1 Mem:30.14M (Peak 30.14M) | Time:00:00.04 | Mem:0.02M, Peak:0.02M | Scene, ViewLayer | Synchronizing object | Fetlock feather
Fra:1 Mem:30.14M (Peak 30.14M) | Time:00:00.04 | Mem:0.02M, Peak:0.02M | Scene, ViewLayer | Synchronizing object | Fetlock feather.001
Fra:1 Mem:30.15M (Peak 30.15M) | Time:00:00.04 | Mem:0.02M, Peak:0.02M | Scene, ViewLayer | Synchronizing object | Fetlock feather.002
Fra:1 Mem:30.15M (Peak 30.15M) | Time:00:00.04 | Mem:0.02M, Peak:0.02M | Scene, ViewLayer | Synchronizing object | Fetlock feather.003
Fra:1 Mem:30.15M (Peak 30.15M) | Time:00:00.04 | Mem:0.02M, Peak:0.02M | Scene, ViewLayer | Synchronizing object | Sunset key
Fra:1 Mem:30.15M (Peak 30.15M) | Time:00:00.04 | Mem:0.02M, Peak:0.02M | Scene, ViewLayer | Synchronizing object | Plane
Fra:1 Mem:30.16M (Peak 30.16M) | Time:00:00.04 | Mem:0.02M, Peak:0.02M | Scene, ViewLayer | Synchronizing object | Fetlock feather.004
Fra:1 Mem:30.16M (Peak 30.16M) | Time:00:00.04 | Mem:0.02M, Peak:0.02M | Scene, ViewLayer | Synchronizing object | Fetlock feather.006
Fra:1 Mem:30.17M (Peak 30.17M) | Time:00:00.04 | Mem:0.02M, Peak:0.02M | Scene, ViewLayer | Synchronizing object | Fetlock feather.007
Fra:1 Mem:30.18M (Peak 30.18M) | Time:00:00.04 | Mem:0.02M, Peak:0.02M | Scene, ViewLayer | Synchronizing object | Fetlock feather.008
Fra:1 Mem:30.18M (Peak 30.18M) | Time:00:00.04 | Mem:0.02M, Peak:0.02M | Scene, ViewLayer | Synchronizing object | Fetlock feather.010
Fra:1 Mem:30.18M (Peak 30.18M) | Time:00:00.04 | Mem:0.02M, Peak:0.02M | Scene, ViewLayer | Synchronizing object | Fetlock feather.011
Fra:1 Mem:30.18M (Peak 30.18M) | Time:00:00.04 | Mem:0.02M, Peak:0.02M | Scene, ViewLayer | Synchronizing object | Fetlock feather.012
Fra:1 Mem:30.19M (Peak 30.19M) | Time:00:00.04 | Mem:0.02M, Peak:0.02M | Scene, ViewLayer | Synchronizing object | Fetlock feather.013
Fra:1 Mem:30.20M (Peak 30.20M) | Time:00:00.04 | Mem:0.02M, Peak:0.02M | Scene, ViewLayer | Synchronizing object | Fetlock feather.015
Fra:1 Mem:30.20M (Peak 30.20M) | Time:00:00.04 | Mem:0.02M, Peak:0.02M | Scene, ViewLayer | Synchronizing object | Fetlock feather.016
Fra:1 Mem:30.20M (Peak 30.20M) | Time:00:00.04 | Mem:0.02M, Peak:0.02M | Scene, ViewLayer | Synchronizing object | Fetlock feather.017
Fra:1 Mem:30.21M (Peak 30.21M) | Time:00:00.04 | Mem:0.02M, Peak:0.02M | Scene, ViewLayer | Synchronizing object | Fetlock feather.018
Fra:1 Mem:30.21M (Peak 30.21M) | Time:00:00.04 | Mem:0.02M, Peak:0.02M | Scene, ViewLayer | Synchronizing object | Fetlock feather.019
Fra:1 Mem:30.22M (Peak 30.22M) | Time:00:00.04 | Mem:0.02M, Peak:0.02M | Scene, ViewLayer | Synchronizing object | Articulated tail
Fra:1 Mem:30.22M (Peak 30.22M) | Time:00:00.04 | Mem:0.02M, Peak:0.02M | Scene, ViewLayer | Synchronizing object | Rainbow tail ribbon
Fra:1 Mem:30.23M (Peak 30.23M) | Time:00:00.04 | Mem:0.02M, Peak:0.02M | Scene, ViewLayer | Synchronizing object | Rainbow tail ribbon.001
Fra:1 Mem:30.25M (Peak 30.25M) | Time:00:00.04 | Mem:0.02M, Peak:0.02M | Scene, ViewLayer | Synchronizing object | Rainbow tail ribbon.002
Fra:1 Mem:30.26M (Peak 30.26M) | Time:00:00.04 | Mem:0.02M, Peak:0.02M | Scene, ViewLayer | Synchronizing object | Rainbow tail ribbon.003
Fra:1 Mem:30.26M (Peak 30.26M) | Time:00:00.04 | Mem:0.02M, Peak:0.02M | Scene, ViewLayer | Synchronizing object | Rainbow tail ribbon.004
Fra:1 Mem:30.26M (Peak 30.26M) | Time:00:00.04 | Mem:0.02M, Peak:0.02M | Scene, ViewLayer | Synchronizing object | Rainbow tail ribbon.005
Fra:1 Mem:30.27M (Peak 30.27M) | Time:00:00.04 | Mem:0.02M, Peak:0.02M | Scene, ViewLayer | Synchronizing object | Rainbow tail ribbon.006
Fra:1 Mem:30.30M (Peak 30.30M) | Time:00:00.04 | Mem:0.02M, Peak:0.02M | Scene, ViewLayer | Synchronizing object | Leather neckerchief roll
Fra:1 Mem:30.30M (Peak 30.30M) | Time:00:00.04 | Mem:0.02M, Peak:0.02M | Scene, ViewLayer | Synchronizing object | Neckerchief folded point
Fra:1 Mem:30.36M (Peak 30.36M) | Time:00:00.05 | Mem:0.02M, Peak:0.02M | Scene, ViewLayer | Initializing
Fra:1 Mem:28.95M (Peak 30.36M) | Time:00:00.05 | Mem:0.02M, Peak:0.02M | Scene, ViewLayer | Updating Images | Loading Authored short-fur normal
Fra:1 Mem:25.13M (Peak 30.36M) | Time:00:00.07 | Mem:0.27M, Peak:0.27M | Scene, ViewLayer | Waiting for render to start
Fra:1 Mem:25.13M (Peak 30.36M) | Time:00:00.07 | Mem:0.27M, Peak:0.27M | Scene, ViewLayer | Updating Scene
Fra:1 Mem:25.13M (Peak 30.36M) | Time:00:00.07 | Mem:0.27M, Peak:0.27M | Scene, ViewLayer | Updating Shaders
Fra:1 Mem:25.13M (Peak 30.36M) | Time:00:00.07 | Mem:0.27M, Peak:0.27M | Scene, ViewLayer | Loading render kernels (may take a few minutes the first time)
Fra:1 Mem:25.21M (Peak 30.36M) | Time:00:00.20 | Mem:0.29M, Peak:0.29M | Scene, ViewLayer | Updating Procedurals
Fra:1 Mem:25.21M (Peak 30.36M) | Time:00:00.20 | Mem:0.29M, Peak:0.29M | Scene, ViewLayer | Updating Background
Fra:1 Mem:25.21M (Peak 30.36M) | Time:00:00.20 | Mem:0.29M, Peak:0.29M | Scene, ViewLayer | Updating Camera
Fra:1 Mem:25.21M (Peak 30.36M) | Time:00:00.20 | Mem:0.29M, Peak:0.29M | Scene, ViewLayer | Updating Meshes Flags
Fra:1 Mem:25.21M (Peak 30.36M) | Time:00:00.20 | Mem:0.29M, Peak:0.29M | Scene, ViewLayer | Updating Objects
Fra:1 Mem:25.21M (Peak 30.36M) | Time:00:00.20 | Mem:0.29M, Peak:0.29M | Scene, ViewLayer | Updating Objects | Copying Transformations to device
Fra:1 Mem:25.21M (Peak 30.36M) | Time:00:00.20 | Mem:0.32M, Peak:0.32M | Scene, ViewLayer | Updating Particle Systems
Fra:1 Mem:25.21M (Peak 30.36M) | Time:00:00.20 | Mem:0.32M, Peak:0.32M | Scene, ViewLayer | Updating Particle Systems | Copying Particles to device
Fra:1 Mem:25.21M (Peak 30.36M) | Time:00:00.20 | Mem:0.32M, Peak:0.32M | Scene, ViewLayer | Updating Meshes
Fra:1 Mem:25.80M (Peak 30.36M) | Time:00:00.21 | Mem:0.32M, Peak:0.32M | Scene, ViewLayer | Updating Objects | Applying Static Transformations
Fra:1 Mem:25.80M (Peak 30.36M) | Time:00:00.21 | Mem:0.32M, Peak:0.32M | Scene, ViewLayer | Updating Mesh | Computing attributes
Fra:1 Mem:26.66M (Peak 30.36M) | Time:00:00.22 | Mem:0.33M, Peak:0.33M | Scene, ViewLayer | Updating Mesh | Copying Attributes to device
Fra:1 Mem:25.80M (Peak 30.36M) | Time:00:00.49 | Mem:1.22M, Peak:1.22M | Scene, ViewLayer | Updating Geometry BVH light 86/85 | Building BVH
Fra:1 Mem:25.80M (Peak 30.36M) | Time:00:00.49 | Mem:1.22M, Peak:1.22M | Scene, ViewLayer | Updating Geometry BVH Hoof cleft 4/85 | Building BVH
Fra:1 Mem:25.80M (Peak 30.36M) | Time:00:00.49 | Mem:1.22M, Peak:1.22M | Scene, ViewLayer | Updating Geometry BVH Hoof cleft.002 8/85 | Building BVH
Fra:1 Mem:25.80M (Peak 30.36M) | Time:00:00.49 | Mem:1.22M, Peak:1.22M | Scene, ViewLayer | Updating Geometry BVH Hoof cleft.002 8/85 | Building mesh BLAS |    4170 tris | ribcage.002
Fra:1 Mem:25.80M (Peak 30.36M) | Time:00:00.49 | Mem:1.22M, Peak:1.22M | Scene, ViewLayer | Updating Geometry BVH Hoof cleft.002 8/85 | Building mesh BLAS |      92 tris | Bronzed hoof.001
Fra:1 Mem:25.80M (Peak 30.36M) | Time:00:00.49 | Mem:1.22M, Peak:1.22M | Scene, ViewLayer | Updating Geometry BVH Hoof cleft.002 8/85 | Building mesh BLAS |      92 tris | Bronzed hoof.002
Fra:1 Mem:25.80M (Peak 30.36M) | Time:00:00.49 | Mem:1.22M, Peak:1.22M | Scene, ViewLayer | Updating Geometry BVH Hoof cleft.002 8/85 | Building mesh BLAS |      44 tris | Hoof cleft.002
Fra:1 Mem:25.80M (Peak 30.36M) | Time:00:00.49 | Mem:1.22M, Peak:1.22M | Scene, ViewLayer | Updating Geometry BVH Hoof cleft.002 8/85 | Building mesh BLAS |      44 tris | Hoof cleft.001
Fra:1 Mem:25.80M (Peak 30.36M) | Time:00:00.49 | Mem:1.22M, Peak:1.22M | Scene, ViewLayer | Updating Geometry BVH Hoof cleft.002 8/85 | Building mesh BLAS |      44 tris | Hoof cleft
Fra:1 Mem:25.80M (Peak 30.36M) | Time:00:00.49 | Mem:1.22M, Peak:1.22M | Scene, ViewLayer | Updating Geometry BVH Sky fill 84/85 | Building BVH
Fra:1 Mem:25.80M (Peak 30.36M) | Time:00:00.49 | Mem:1.22M, Peak:1.22M | Scene, ViewLayer | Updating Geometry BVH Sunset key 83/85 | Building BVH
Fra:1 Mem:25.80M (Peak 30.36M) | Time:00:00.49 | Mem:1.22M, Peak:1.22M | Scene, ViewLayer | Updating Geometry BVH Plane 82/85 | Building BVH
Fra:1 Mem:25.80M (Peak 30.36M) | Time:00:00.49 | Mem:1.22M, Peak:1.22M | Scene, ViewLayer | Updating Geometry BVH Plane 82/85 | Building mesh BLAS |       2 tris | Plane
Fra:1 Mem:25.80M (Peak 30.36M) | Time:00:00.49 | Mem:1.22M, Peak:1.22M | Scene, ViewLayer | Updating Geometry BVH Bronzed hoof.003 9/85 | Building BVH
Fra:1 Mem:25.80M (Peak 30.36M) | Time:00:00.49 | Mem:1.22M, Peak:1.22M | Scene, ViewLayer | Updating Geometry BVH Bronzed hoof.003 9/85 | Building mesh BLAS |      92 tris | Bronzed hoof.003
Fra:1 Mem:25.80M (Peak 30.36M) | Time:00:00.49 | Mem:1.22M, Peak:1.22M | Scene, ViewLayer | Updating Geometry BVH Hoof cleft.003 10/85 | Building BVH
Fra:1 Mem:25.80M (Peak 30.36M) | Time:00:00.49 | Mem:1.22M, Peak:1.22M | Scene, ViewLayer | Updating Geometry BVH Hoof cleft.003 10/85 | Building mesh BLAS |      44 tris | Hoof cleft.003
Fra:1 Mem:25.80M (Peak 30.36M) | Time:00:00.49 | Mem:1.22M, Peak:1.22M | Scene, ViewLayer | Updating Geometry BVH Skull.002 11/85 | Building BVH
Fra:1 Mem:25.80M (Peak 30.36M) | Time:00:00.49 | Mem:1.22M, Peak:1.22M | Scene, ViewLayer | Updating Geometry BVH Velvet muzzle 12/85 | Building BVH
Fra:1 Mem:25.80M (Peak 30.36M) | Time:00:00.49 | Mem:1.22M, Peak:1.22M | Scene, ViewLayer | Updating Geometry BVH Velvet muzzle 12/85 | Building mesh BLAS |     480 tris | Velvet muzzle
Fra:1 Mem:25.80M (Peak 30.36M) | Time:00:00.49 | Mem:1.22M, Peak:1.22M | Scene, ViewLayer | Updating Geometry BVH Nostril 13/85 | Building BVH
Fra:1 Mem:25.80M (Peak 30.36M) | Time:00:00.50 | Mem:1.22M, Peak:1.22M | Scene, ViewLayer | Updating Geometry BVH Nostril.001 14/85 | Building mesh BLAS |     320 tris | Nostril
Fra:1 Mem:25.80M (Peak 30.36M) | Time:00:00.50 | Mem:1.22M, Peak:1.22M | Scene, ViewLayer | Updating Geometry BVH Nostril.001 14/85 | Building mesh BLAS |    3088 tris | Skull.002
Fra:1 Mem:25.80M (Peak 30.36M) | Time:00:00.50 | Mem:1.22M, Peak:1.22M | Scene, ViewLayer | Updating Geometry BVH Eye socket.004 15/85 | Building BVH
Fra:1 Mem:25.80M (Peak 30.36M) | Time:00:00.50 | Mem:1.22M, Peak:1.22M | Scene, ViewLayer | Updating Geometry BVH Eye socket.004 15/85 | Building mesh BLAS |     480 tris | Eye socket.004
Fra:1 Mem:25.80M (Peak 30.36M) | Time:00:00.50 | Mem:1.22M, Peak:1.22M | Scene, ViewLayer | Updating Geometry BVH Ivory eye.004 16/85 | Building BVH
Fra:1 Mem:25.80M (Peak 30.36M) | Time:00:00.50 | Mem:1.22M, Peak:1.22M | Scene, ViewLayer | Updating Geometry BVH Iris.004 17/85 | Building BVH
Fra:1 Mem:25.80M (Peak 30.36M) | Time:00:00.50 | Mem:1.22M, Peak:1.22M | Scene, ViewLayer | Updating Geometry BVH Iris.004 17/85 | Building mesh BLAS |     480 tris | Ivory eye.004
Fra:1 Mem:25.80M (Peak 30.36M) | Time:00:00.50 | Mem:1.22M, Peak:1.22M | Scene, ViewLayer | Updating Geometry BVH Pupil.004 18/85 | Building BVH
Fra:1 Mem:25.80M (Peak 30.36M) | Time:00:00.50 | Mem:1.22M, Peak:1.22M | Scene, ViewLayer | Updating Geometry BVH Pupil.004 18/85 | Building mesh BLAS |     480 tris | Iris.004
Fra:1 Mem:25.80M (Peak 30.36M) | Time:00:00.50 | Mem:1.22M, Peak:1.22M | Scene, ViewLayer | Updating Geometry BVH Pupil.004 18/85 | Building mesh BLAS |     320 tris | Pupil.004
Fra:1 Mem:25.80M (Peak 30.36M) | Time:00:00.50 | Mem:1.22M, Peak:1.22M | Scene, ViewLayer | Updating Geometry BVH Eye glint.004 19/85 | Building BVH
Fra:1 Mem:25.80M (Peak 30.36M) | Time:00:00.50 | Mem:1.22M, Peak:1.22M | Scene, ViewLayer | Updating Geometry BVH Eye glint.004 19/85 | Building mesh BLAS |     192 tris | Eye glint.004
Fra:1 Mem:25.80M (Peak 30.36M) | Time:00:00.50 | Mem:1.22M, Peak:1.22M | Scene, ViewLayer | Updating Geometry BVH Smiling mouth.004 21/85 | Building BVH
Fra:1 Mem:25.80M (Peak 30.36M) | Time:00:00.50 | Mem:1.22M, Peak:1.22M | Scene, ViewLayer | Updating Geometry BVH Smiling mouth.004 21/85 | Building mesh BLAS |      32 tris | Smiling mouth.004
Fra:1 Mem:25.80M (Peak 30.36M) | Time:00:00.50 | Mem:1.22M, Peak:1.22M | Scene, ViewLayer | Updating Geometry BVH Raised elemental crest.002 81/85 | Building BVH
Fra:1 Mem:25.80M (Peak 30.36M) | Time:00:00.50 | Mem:1.22M, Peak:1.22M | Scene, ViewLayer | Updating Geometry BVH Ivory eye.005 23/85 | Building BVH
Fra:1 Mem:25.80M (Peak 30.36M) | Time:00:00.50 | Mem:1.22M, Peak:1.22M | Scene, ViewLayer | Updating Geometry BVH Ivory eye.005 23/85 | Building mesh BLAS |      46 tris | Raised elemental crest.002
Fra:1 Mem:25.80M (Peak 30.36M) | Time:00:00.50 | Mem:1.22M, Peak:1.22M | Scene, ViewLayer | Updating Geometry BVH Iris.005 24/85 | Building BVH
Fra:1 Mem:25.80M (Peak 30.36M) | Time:00:00.50 | Mem:1.22M, Peak:1.22M | Scene, ViewLayer | Updating Geometry BVH Iris.005 24/85 | Building mesh BLAS |     480 tris | Iris.005
Fra:1 Mem:25.80M (Peak 30.36M) | Time:00:00.50 | Mem:1.22M, Peak:1.22M | Scene, ViewLayer | Updating Geometry BVH Pupil.005 25/85 | Building BVH
Fra:1 Mem:25.80M (Peak 30.36M) | Time:00:00.50 | Mem:1.22M, Peak:1.22M | Scene, ViewLayer | Updating Geometry BVH Pupil.005 25/85 | Building mesh BLAS |     320 tris | Pupil.005
Fra:1 Mem:25.80M (Peak 30.36M) | Time:00:00.50 | Mem:1.22M, Peak:1.22M | Scene, ViewLayer | Updating Geometry BVH Pupil.005 25/85 | Building mesh BLAS |      44 tris | Expressive brow.004
Fra:1 Mem:25.80M (Peak 30.36M) | Time:00:00.50 | Mem:1.22M, Peak:1.22M | Scene, ViewLayer | Updating Geometry BVH Brass crest clasp.002 80/85 | Building BVH
Fra:1 Mem:25.80M (Peak 30.36M) | Time:00:00.50 | Mem:1.22M, Peak:1.22M | Scene, ViewLayer | Updating Geometry BVH Eye glint.005 26/85 | Building BVH
Fra:1 Mem:25.80M (Peak 30.36M) | Time:00:00.50 | Mem:1.22M, Peak:1.22M | Scene, ViewLayer | Updating Geometry BVH Eye glint.005 26/85 | Building mesh BLAS |     192 tris | Eye glint.005
Fra:1 Mem:25.80M (Peak 30.36M) | Time:00:00.50 | Mem:1.22M, Peak:1.22M | Scene, ViewLayer | Updating Geometry BVH Expressive brow.005 27/85 | Building BVH
Fra:1 Mem:25.80M (Peak 30.36M) | Time:00:00.50 | Mem:1.22M, Peak:1.22M | Scene, ViewLayer | Updating Geometry BVH Expressive brow.005 27/85 | Building mesh BLAS |     320 tris | Brass crest clasp.002
Fra:1 Mem:25.80M (Peak 30.36M) | Time:00:00.50 | Mem:1.22M, Peak:1.22M | Scene, ViewLayer | Updating Geometry BVH Expressive brow.005 27/85 | Building mesh BLAS |      44 tris | Expressive brow.005
Fra:1 Mem:25.80M (Peak 30.36M) | Time:00:00.50 | Mem:1.22M, Peak:1.22M | Scene, ViewLayer | Updating Geometry BVH Smiling mouth.005 28/85 | Building BVH
Fra:1 Mem:25.80M (Peak 30.36M) | Time:00:00.50 | Mem:1.22M, Peak:1.22M | Scene, ViewLayer | Updating Geometry BVH Smiling mouth.005 28/85 | Building mesh BLAS |      32 tris | Smiling mouth.005
Fra:1 Mem:25.80M (Peak 30.36M) | Time:00:00.50 | Mem:1.22M, Peak:1.22M | Scene, ViewLayer | Updating Geometry BVH Lower jaw.002 29/85 | Building BVH
Fra:1 Mem:25.80M (Peak 30.36M) | Time:00:00.50 | Mem:1.22M, Peak:1.22M | Scene, ViewLayer | Updating Geometry BVH Pointed species ear.002 30/85 | Building BVH
Fra:1 Mem:25.80M (Peak 30.36M) | Time:00:00.50 | Mem:1.22M, Peak:1.22M | Scene, ViewLayer | Updating Geometry BVH Pointed species ear.002 30/85 | Building mesh BLAS |       6 tris | Pointed species ear.002
Fra:1 Mem:25.80M (Peak 30.36M) | Time:00:00.50 | Mem:1.22M, Peak:1.22M | Scene, ViewLayer | Updating Geometry BVH Inner ear.002 31/85 | Building BVH
Fra:1 Mem:25.80M (Peak 30.36M) | Time:00:00.50 | Mem:1.22M, Peak:1.22M | Scene, ViewLayer | Updating Geometry BVH Inner ear.002 31/85 | Building mesh BLAS |       3 tris | Inner ear.002
Fra:1 Mem:25.80M (Peak 30.36M) | Time:00:00.50 | Mem:1.22M, Peak:1.22M | Scene, ViewLayer | Updating Geometry BVH Pointed species ear.003 32/85 | Building BVH
Fra:1 Mem:25.80M (Peak 30.36M) | Time:00:00.50 | Mem:1.22M, Peak:1.22M | Scene, ViewLayer | Updating Geometry BVH Inner ear.003 33/85 | Building BVH
Fra:1 Mem:25.80M (Peak 30.36M) | Time:00:00.50 | Mem:1.22M, Peak:1.22M | Scene, ViewLayer | Updating Geometry BVH Inner ear.003 33/85 | Building mesh BLAS |       3 tris | Inner ear.003
Fra:1 Mem:25.80M (Peak 30.36M) | Time:00:00.50 | Mem:1.22M, Peak:1.22M | Scene, ViewLayer | Updating Geometry BVH Rainbow swept forelock 34/85 | Building BVH
Fra:1 Mem:25.80M (Peak 30.36M) | Time:00:00.50 | Mem:1.22M, Peak:1.22M | Scene, ViewLayer | Updating Geometry BVH Rainbow swept forelock 34/85 | Building mesh BLAS |      60 tris | Rainbow swept forelock
Fra:1 Mem:25.80M (Peak 30.36M) | Time:00:00.50 | Mem:1.22M, Peak:1.22M | Scene, ViewLayer | Updating Geometry BVH Ribbon mane 35/85 | Building BVH
Fra:1 Mem:25.80M (Peak 30.36M) | Time:00:00.50 | Mem:1.22M, Peak:1.22M | Scene, ViewLayer | Updating Geometry BVH Ribbon mane 35/85 | Building mesh BLAS |      60 tris | Ribbon mane
Fra:1 Mem:25.80M (Peak 30.36M) | Time:00:00.50 | Mem:1.22M, Peak:1.22M | Scene, ViewLayer | Updating Geometry BVH Ribbon mane 35/85 | Building mesh BLAS |       6 tris | Pointed species ear.003
Fra:1 Mem:25.80M (Peak 30.36M) | Time:00:00.50 | Mem:1.22M, Peak:1.22M | Scene, ViewLayer | Updating Geometry BVH Rainbow swept forelock.001 36/85 | Building BVH
Fra:1 Mem:25.80M (Peak 30.36M) | Time:00:00.50 | Mem:1.22M, Peak:1.22M | Scene, ViewLayer | Updating Geometry BVH Rainbow swept forelock.001 36/85 | Building mesh BLAS |      60 tris | Rainbow swept forelock.001
Fra:1 Mem:25.80M (Peak 30.36M) | Time:00:00.50 | Mem:1.22M, Peak:1.22M | Scene, ViewLayer | Updating Geometry BVH Rainbow swept forelock.002 38/85 | Building BVH
Fra:1 Mem:25.80M (Peak 30.36M) | Time:00:00.50 | Mem:1.22M, Peak:1.22M | Scene, ViewLayer | Updating Geometry BVH Rainbow swept forelock.002 38/85 | Building mesh BLAS |      60 tris | Rainbow swept forelock.002
Fra:1 Mem:25.80M (Peak 30.36M) | Time:00:00.50 | Mem:1.22M, Peak:1.22M | Scene, ViewLayer | Updating Geometry BVH Rainbow swept forelock.002 38/85 | Building mesh BLAS |      60 tris | Ribbon mane.001
Fra:1 Mem:25.80M (Peak 30.36M) | Time:00:00.50 | Mem:1.22M, Peak:1.22M | Scene, ViewLayer | Updating Geometry BVH Ribbon mane.002 39/85 | Building BVH
Fra:1 Mem:25.80M (Peak 30.36M) | Time:00:00.50 | Mem:1.22M, Peak:1.22M | Scene, ViewLayer | Updating Geometry BVH Ribbon mane.002 39/85 | Building mesh BLAS |      60 tris | Ribbon mane.002
Fra:1 Mem:25.80M (Peak 30.36M) | Time:00:00.50 | Mem:1.22M, Peak:1.22M | Scene, ViewLayer | Updating Geometry BVH Rainbow swept forelock.003 40/85 | Building BVH
Fra:1 Mem:25.80M (Peak 30.36M) | Time:00:00.50 | Mem:1.22M, Peak:1.22M | Scene, ViewLayer | Updating Geometry BVH Rainbow swept forelock.003 40/85 | Building mesh BLAS |      60 tris | Rainbow swept forelock.003
Fra:1 Mem:25.80M (Peak 30.36M) | Time:00:00.50 | Mem:1.22M, Peak:1.22M | Scene, ViewLayer | Updating Geometry BVH Ribbon mane.003 41/85 | Building BVH
Fra:1 Mem:25.80M (Peak 30.36M) | Time:00:00.50 | Mem:1.22M, Peak:1.22M | Scene, ViewLayer | Updating Geometry BVH Ribbon mane.003 41/85 | Building mesh BLAS |      60 tris | Ribbon mane.003
Fra:1 Mem:25.80M (Peak 30.36M) | Time:00:00.50 | Mem:1.22M, Peak:1.22M | Scene, ViewLayer | Updating Geometry BVH Neckerchief folded point.002 79/85 | Building BVH
Fra:1 Mem:25.80M (Peak 30.36M) | Time:00:00.50 | Mem:1.22M, Peak:1.22M | Scene, ViewLayer | Updating Geometry BVH Neckerchief folded point.002 79/85 | Building mesh BLAS |       4 tris | Neckerchief folded point.002
Fra:1 Mem:25.80M (Peak 30.36M) | Time:00:00.50 | Mem:1.22M, Peak:1.22M | Scene, ViewLayer | Updating Geometry BVH Rainbow swept forelock.004 42/85 | Building BVH
Fra:1 Mem:25.80M (Peak 30.36M) | Time:00:00.50 | Mem:1.22M, Peak:1.22M | Scene, ViewLayer | Updating Geometry BVH Rainbow swept forelock.004 42/85 | Building mesh BLAS |      60 tris | Rainbow swept forelock.004
Fra:1 Mem:25.80M (Peak 30.36M) | Time:00:00.50 | Mem:1.22M, Peak:1.22M | Scene, ViewLayer | Updating Geometry BVH Ribbon mane.004 43/85 | Building BVH
Fra:1 Mem:25.80M (Peak 30.36M) | Time:00:00.50 | Mem:1.22M, Peak:1.22M | Scene, ViewLayer | Updating Geometry BVH Ribbon mane.005 45/85 | Building BVH
Fra:1 Mem:25.80M (Peak 30.36M) | Time:00:00.50 | Mem:1.22M, Peak:1.22M | Scene, ViewLayer | Updating Geometry BVH Ribbon mane.005 45/85 | Building mesh BLAS |      60 tris | Ribbon mane.005
Fra:1 Mem:25.80M (Peak 30.36M) | Time:00:00.50 | Mem:1.22M, Peak:1.22M | Scene, ViewLayer | Updating Geometry BVH Leather neckerchief roll.002 78/85 | Building BVH
Fra:1 Mem:25.80M (Peak 30.36M) | Time:00:00.50 | Mem:1.22M, Peak:1.22M | Scene, ViewLayer | Updating Geometry BVH Leather neckerchief roll.002 78/85 | Building mesh BLAS |      76 tris | Leather neckerchief roll.002
Fra:1 Mem:25.80M (Peak 30.36M) | Time:00:00.50 | Mem:1.22M, Peak:1.22M | Scene, ViewLayer | Updating Geometry BVH Rainbow swept forelock.006 46/85 | Building BVH
Fra:1 Mem:25.80M (Peak 30.36M) | Time:00:00.50 | Mem:1.22M, Peak:1.22M | Scene, ViewLayer | Updating Geometry BVH Rainbow swept forelock.006 46/85 | Building mesh BLAS |      60 tris | Rainbow swept forelock.006
Fra:1 Mem:25.80M (Peak 30.36M) | Time:00:00.50 | Mem:1.22M, Peak:1.22M | Scene, ViewLayer | Updating Geometry BVH Rainbow swept forelock.006 46/85 | Building mesh BLAS |      60 tris | Rainbow swept forelock.005
Fra:1 Mem:25.80M (Peak 30.36M) | Time:00:00.50 | Mem:1.22M, Peak:1.22M | Scene, ViewLayer | Updating Geometry BVH Ribbon mane.006 47/85 | Building BVH
Fra:1 Mem:25.80M (Peak 30.36M) | Time:00:00.50 | Mem:1.22M, Peak:1.22M | Scene, ViewLayer | Updating Geometry BVH Ribbon mane.006 47/85 | Building mesh BLAS |      60 tris | Ribbon mane.004
Fra:1 Mem:25.80M (Peak 30.36M) | Time:00:00.50 | Mem:1.22M, Peak:1.22M | Scene, ViewLayer | Updating Geometry BVH Golden unicorn horn 48/85 | Building BVH
Fra:1 Mem:25.80M (Peak 30.36M) | Time:00:00.50 | Mem:1.22M, Peak:1.22M | Scene, ViewLayer | Updating Geometry BVH Golden unicorn horn 48/85 | Building mesh BLAS |      60 tris | Ribbon mane.006
Fra:1 Mem:25.80M (Peak 30.36M) | Time:00:00.50 | Mem:1.22M, Peak:1.22M | Scene, ViewLayer | Updating Geometry BVH Horn spiral ridge 49/85 | Building BVH
Fra:1 Mem:25.80M (Peak 30.36M) | Time:00:00.50 | Mem:1.22M, Peak:1.22M | Scene, ViewLayer | Updating Geometry BVH Horn spiral ridge 49/85 | Building mesh BLAS |     776 tris | Horn spiral ridge
Fra:1 Mem:25.80M (Peak 30.36M) | Time:00:00.50 | Mem:1.22M, Peak:1.22M | Scene, ViewLayer | Updating Geometry BVH Fetlock feather 50/85 | Building BVH
Fra:1 Mem:25.80M (Peak 30.36M) | Time:00:00.50 | Mem:1.22M, Peak:1.22M | Scene, ViewLayer | Updating Geometry BVH Fetlock feather 50/85 | Building mesh BLAS |      44 tris | Fetlock feather
Fra:1 Mem:25.80M (Peak 30.36M) | Time:00:00.50 | Mem:1.22M, Peak:1.22M | Scene, ViewLayer | Updating Geometry BVH Fetlock feather.002 52/85 | Building BVH
Fra:1 Mem:25.80M (Peak 30.36M) | Time:00:00.50 | Mem:1.22M, Peak:1.22M | Scene, ViewLayer | Updating Geometry BVH Fetlock feather.002 52/85 | Building mesh BLAS |      44 tris | Fetlock feather.002
Fra:1 Mem:25.80M (Peak 30.36M) | Time:00:00.50 | Mem:1.22M, Peak:1.22M | Scene, ViewLayer | Updating Geometry BVH Rainbow tail ribbon.006 77/85 | Building BVH
Fra:1 Mem:25.80M (Peak 30.36M) | Time:00:00.50 | Mem:1.22M, Peak:1.22M | Scene, ViewLayer | Updating Geometry BVH Rainbow tail ribbon.006 77/85 | Building mesh BLAS |      60 tris | Rainbow tail ribbon.006
Fra:1 Mem:25.80M (Peak 30.36M) | Time:00:00.50 | Mem:1.22M, Peak:1.22M | Scene, ViewLayer | Updating Geometry BVH Fetlock feather.003 53/85 | Building BVH
Fra:1 Mem:25.80M (Peak 30.36M) | Time:00:00.50 | Mem:1.22M, Peak:1.22M | Scene, ViewLayer | Updating Geometry BVH Fetlock feather.003 53/85 | Building mesh BLAS |      44 tris | Fetlock feather.003
Fra:1 Mem:25.80M (Peak 30.36M) | Time:00:00.50 | Mem:1.22M, Peak:1.22M | Scene, ViewLayer | Updating Geometry BVH Fetlock feather.004 54/85 | Building BVH
Fra:1 Mem:25.80M (Peak 30.36M) | Time:00:00.50 | Mem:1.22M, Peak:1.22M | Scene, ViewLayer | Updating Geometry BVH Fetlock feather.004 54/85 | Building mesh BLAS |      44 tris | Fetlock feather.004
Fra:1 Mem:25.80M (Peak 30.36M) | Time:00:00.50 | Mem:1.22M, Peak:1.22M | Scene, ViewLayer | Updating Geometry BVH Fetlock feather.005 55/85 | Building BVH
Fra:1 Mem:25.80M (Peak 30.36M) | Time:00:00.50 | Mem:1.22M, Peak:1.22M | Scene, ViewLayer | Updating Geometry BVH Fetlock feather.005 55/85 | Building mesh BLAS |      44 tris | Fetlock feather.005
Fra:1 Mem:25.80M (Peak 30.36M) | Time:00:00.50 | Mem:1.22M, Peak:1.22M | Scene, ViewLayer | Updating Geometry BVH Rainbow tail ribbon.005 76/85 | Building BVH
Fra:1 Mem:25.80M (Peak 30.36M) | Time:00:00.50 | Mem:1.22M, Peak:1.22M | Scene, ViewLayer | Updating Geometry BVH Rainbow tail ribbon.005 76/85 | Building mesh BLAS |      60 tris | Rainbow tail ribbon.005
Fra:1 Mem:25.80M (Peak 30.36M) | Time:00:00.50 | Mem:1.22M, Peak:1.22M | Scene, ViewLayer | Updating Geometry BVH Rainbow tail ribbon.005 76/85 | Building mesh BLAS |      44 tris | Fetlock feather.006
Fra:1 Mem:25.80M (Peak 30.36M) | Time:00:00.50 | Mem:1.22M, Peak:1.22M | Scene, ViewLayer | Updating Geometry BVH Rainbow tail ribbon.005 76/85 | Building mesh BLAS |      44 tris | Fetlock feather.001
Fra:1 Mem:25.80M (Peak 30.36M) | Time:00:00.50 | Mem:1.22M, Peak:1.22M | Scene, ViewLayer | Updating Geometry BVH Fetlock feather.007 57/85 | Building BVH
Fra:1 Mem:25.80M (Peak 30.36M) | Time:00:00.50 | Mem:1.22M, Peak:1.22M | Scene, ViewLayer | Updating Geometry BVH Fetlock feather.008 58/85 | Building BVH
Fra:1 Mem:25.80M (Peak 30.36M) | Time:00:00.50 | Mem:1.22M, Peak:1.22M | Scene, ViewLayer | Updating Geometry BVH Fetlock feather.008 58/85 | Building mesh BLAS |      44 tris | Fetlock feather.008
Fra:1 Mem:25.80M (Peak 30.36M) | Time:00:00.50 | Mem:1.22M, Peak:1.22M | Scene, ViewLayer | Updating Geometry BVH Fetlock feather.008 58/85 | Building mesh BLAS |      44 tris | Fetlock feather.007
Fra:1 Mem:25.80M (Peak 30.36M) | Time:00:00.50 | Mem:1.22M, Peak:1.22M | Scene, ViewLayer | Updating Geometry BVH Rainbow tail ribbon.004 75/85 | Building BVH
Fra:1 Mem:25.80M (Peak 30.36M) | Time:00:00.50 | Mem:1.22M, Peak:1.22M | Scene, ViewLayer | Updating Geometry BVH Rainbow tail ribbon.004 75/85 | Building mesh BLAS |      60 tris | Rainbow tail ribbon.004
Fra:1 Mem:25.80M (Peak 30.36M) | Time:00:00.50 | Mem:1.22M, Peak:1.22M | Scene, ViewLayer | Updating Geometry BVH Fetlock feather.009 59/85 | Building BVH
Fra:1 Mem:25.80M (Peak 30.36M) | Time:00:00.50 | Mem:1.22M, Peak:1.22M | Scene, ViewLayer | Updating Geometry BVH Fetlock feather.009 59/85 | Building mesh BLAS |      44 tris | Fetlock feather.009
Fra:1 Mem:25.80M (Peak 30.36M) | Time:00:00.50 | Mem:1.22M, Peak:1.22M | Scene, ViewLayer | Updating Geometry BVH Fetlock feather.010 60/85 | Building BVH
Fra:1 Mem:25.80M (Peak 30.36M) | Time:00:00.50 | Mem:1.22M, Peak:1.22M | Scene, ViewLayer | Updating Geometry BVH Fetlock feather.011 61/85 | Building BVH
Fra:1 Mem:25.80M (Peak 30.36M) | Time:00:00.50 | Mem:1.22M, Peak:1.22M | Scene, ViewLayer | Updating Geometry BVH Fetlock feather.011 61/85 | Building mesh BLAS |      44 tris | Fetlock feather.010
Fra:1 Mem:25.80M (Peak 30.36M) | Time:00:00.50 | Mem:1.22M, Peak:1.22M | Scene, ViewLayer | Updating Geometry BVH Fetlock feather.012 62/85 | Building BVH
Fra:1 Mem:25.80M (Peak 30.36M) | Time:00:00.50 | Mem:1.22M, Peak:1.22M | Scene, ViewLayer | Updating Geometry BVH Fetlock feather.012 62/85 | Building mesh BLAS |      44 tris | Fetlock feather.012
Fra:1 Mem:25.80M (Peak 30.36M) | Time:00:00.50 | Mem:1.22M, Peak:1.22M | Scene, ViewLayer | Updating Geometry BVH Fetlock feather.013 63/85 | Building BVH
Fra:1 Mem:25.80M (Peak 30.36M) | Time:00:00.50 | Mem:1.22M, Peak:1.22M | Scene, ViewLayer | Updating Geometry BVH Fetlock feather.013 63/85 | Building mesh BLAS |      44 tris | Fetlock feather.013
Fra:1 Mem:25.80M (Peak 30.36M) | Time:00:00.50 | Mem:1.22M, Peak:1.22M | Scene, ViewLayer | Updating Geometry BVH Rainbow tail ribbon.003 74/85 | Building BVH
Fra:1 Mem:25.80M (Peak 30.36M) | Time:00:00.50 | Mem:1.22M, Peak:1.22M | Scene, ViewLayer | Updating Geometry BVH Rainbow tail ribbon.003 74/85 | Building mesh BLAS |      60 tris | Rainbow tail ribbon.003
Fra:1 Mem:25.80M (Peak 30.36M) | Time:00:00.50 | Mem:1.22M, Peak:1.22M | Scene, ViewLayer | Updating Geometry BVH Rainbow tail ribbon.003 74/85 | Building mesh BLAS |      44 tris | Fetlock feather.014
Fra:1 Mem:25.80M (Peak 30.36M) | Time:00:00.50 | Mem:1.22M, Peak:1.22M | Scene, ViewLayer | Updating Geometry BVH Fetlock feather.015 65/85 | Building BVH
Fra:1 Mem:25.80M (Peak 30.36M) | Time:00:00.50 | Mem:1.22M, Peak:1.22M | Scene, ViewLayer | Updating Geometry BVH Fetlock feather.015 65/85 | Building mesh BLAS |      44 tris | Fetlock feather.015
Fra:1 Mem:25.80M (Peak 30.36M) | Time:00:00.50 | Mem:1.22M, Peak:1.22M | Scene, ViewLayer | Updating Geometry BVH Fetlock feather.016 66/85 | Building BVH
Fra:1 Mem:25.80M (Peak 30.36M) | Time:00:00.50 | Mem:1.22M, Peak:1.22M | Scene, ViewLayer | Updating Geometry BVH Fetlock feather.017 67/85 | Building BVH
Fra:1 Mem:25.80M (Peak 30.36M) | Time:00:00.50 | Mem:1.22M, Peak:1.22M | Scene, ViewLayer | Updating Geometry BVH Fetlock feather.017 67/85 | Building mesh BLAS |      44 tris | Fetlock feather.016
Fra:1 Mem:25.80M (Peak 30.36M) | Time:00:00.50 | Mem:1.22M, Peak:1.22M | Scene, ViewLayer | Updating Geometry BVH Fetlock feather.017 67/85 | Building mesh BLAS |      44 tris | Fetlock feather.017
Fra:1 Mem:25.80M (Peak 30.36M) | Time:00:00.50 | Mem:1.22M, Peak:1.22M | Scene, ViewLayer | Updating Geometry BVH Fetlock feather.018 68/85 | Building BVH
Fra:1 Mem:25.80M (Peak 30.36M) | Time:00:00.50 | Mem:1.22M, Peak:1.22M | Scene, ViewLayer | Updating Geometry BVH Fetlock feather.019 69/85 | Building BVH
Fra:1 Mem:25.80M (Peak 30.36M) | Time:00:00.50 | Mem:1.22M, Peak:1.22M | Scene, ViewLayer | Updating Geometry BVH Fetlock feather.019 69/85 | Building mesh BLAS |      44 tris | Fetlock feather.018
Fra:1 Mem:25.80M (Peak 30.36M) | Time:00:00.50 | Mem:1.22M, Peak:1.22M | Scene, ViewLayer | Updating Geometry BVH Fetlock feather.019 69/85 | Building mesh BLAS |      44 tris | Fetlock feather.019
Fra:1 Mem:25.80M (Peak 30.36M) | Time:00:00.50 | Mem:1.22M, Peak:1.22M | Scene, ViewLayer | Updating Geometry BVH Rainbow tail ribbon 71/85 | Building BVH
Fra:1 Mem:25.80M (Peak 30.36M) | Time:00:00.50 | Mem:1.22M, Peak:1.22M | Scene, ViewLayer | Updating Geometry BVH Rainbow tail ribbon 71/85 | Building mesh BLAS |      60 tris | Rainbow tail ribbon
Fra:1 Mem:25.80M (Peak 30.36M) | Time:00:00.50 | Mem:1.22M, Peak:1.22M | Scene, ViewLayer | Updating Geometry BVH Rainbow tail ribbon.001 72/85 | Building BVH
Fra:1 Mem:25.80M (Peak 30.36M) | Time:00:00.50 | Mem:1.22M, Peak:1.22M | Scene, ViewLayer | Updating Geometry BVH Rainbow tail ribbon.001 72/85 | Building mesh BLAS |      60 tris | Rainbow tail ribbon.002
Fra:1 Mem:25.80M (Peak 30.36M) | Time:00:00.50 | Mem:1.22M, Peak:1.22M | Scene, ViewLayer | Updating Geometry BVH Rainbow tail ribbon.001 72/85 | Building mesh BLAS |      60 tris | Rainbow tail ribbon.001
Fra:1 Mem:25.80M (Peak 30.36M) | Time:00:00.51 | Mem:1.43M, Peak:1.43M | Scene, ViewLayer | Updating Scene BVH | Building
Fra:1 Mem:25.80M (Peak 30.36M) | Time:00:00.53 | Mem:2.07M, Peak:2.07M | Scene, ViewLayer | Updating Scene BVH | Building TLAS      |      85 instances
Fra:1 Mem:25.80M (Peak 30.36M) | Time:00:00.53 | Mem:2.10M, Peak:2.10M | Scene, ViewLayer | Updating Scene BVH | Copying BVH to device
Fra:1 Mem:25.80M (Peak 30.36M) | Time:00:00.53 | Mem:2.10M, Peak:2.10M | Scene, ViewLayer | Updating Mesh | Computing normals
Fra:1 Mem:26.27M (Peak 30.36M) | Time:00:00.53 | Mem:2.10M, Peak:2.10M | Scene, ViewLayer | Updating Mesh | Copying Mesh to device
Fra:1 Mem:25.80M (Peak 30.36M) | Time:00:00.53 | Mem:2.60M, Peak:2.60M | Scene, ViewLayer | Updating Objects Flags
Fra:1 Mem:25.80M (Peak 30.36M) | Time:00:00.53 | Mem:2.60M, Peak:2.60M | Scene, ViewLayer | Updating Primitive Offsets
Fra:1 Mem:25.80M (Peak 30.36M) | Time:00:00.53 | Mem:2.60M, Peak:2.60M | Scene, ViewLayer | Updating Images
Fra:1 Mem:25.80M (Peak 30.36M) | Time:00:00.53 | Mem:2.60M, Peak:2.60M | Scene, ViewLayer | Updating Camera Volume
Fra:1 Mem:25.80M (Peak 30.36M) | Time:00:00.53 | Mem:2.60M, Peak:2.60M | Scene, ViewLayer | Updating Lookup Tables
Fra:1 Mem:25.72M (Peak 30.36M) | Time:00:00.53 | Mem:2.70M, Peak:2.70M | Scene, ViewLayer | Updating Lights
Fra:1 Mem:25.72M (Peak 30.36M) | Time:00:00.53 | Mem:2.70M, Peak:2.70M | Scene, ViewLayer | Updating Lights | Computing tree
Fra:1 Mem:25.72M (Peak 30.36M) | Time:00:00.53 | Mem:2.70M, Peak:2.70M | Scene, ViewLayer | Updating Integrator
Fra:1 Mem:25.72M (Peak 30.36M) | Time:00:00.53 | Mem:2.70M, Peak:2.70M | Scene, ViewLayer | Updating Film
Fra:1 Mem:25.81M (Peak 30.36M) | Time:00:00.53 | Mem:2.60M, Peak:2.70M | Scene, ViewLayer | Updating Lookup Tables
Fra:1 Mem:25.72M (Peak 30.36M) | Time:00:00.53 | Mem:2.70M, Peak:2.70M | Scene, ViewLayer | Updating Baking
Fra:1 Mem:25.72M (Peak 30.36M) | Time:00:00.53 | Mem:2.70M, Peak:2.70M | Scene, ViewLayer | Updating Device | Writing constant memory
Fra:1 Mem:25.73M (Peak 30.36M) | Time:00:00.58 | Mem:2.70M, Peak:2.70M | Scene, ViewLayer | Loading denoising kernels (may take a few minutes the first time)
Fra:1 Mem:25.73M (Peak 57.73M) | Time:00:00.59 | Mem:2818.71M, Peak:2818.71M | Scene, ViewLayer | Sample 0/12 (Using optimized kernels)
Fra:1 Mem:25.72M (Peak 61.23M) | Time:00:00.86 | Remaining:00:03.03 | Mem:2854.25M, Peak:2854.25M | Scene, ViewLayer | Sample 1/12 (Using optimized kernels)
Fra:1 Mem:40.67M (Peak 63.11M) | Time:00:08.07 | Mem:2854.26M, Peak:2854.26M | Scene, ViewLayer | Sample 12/12 (Using optimized kernels)
Fra:1 Mem:40.67M (Peak 63.11M) | Time:00:08.07 | Mem:2854.26M, Peak:2854.26M | Scene, ViewLayer | Finished
Saved: '/Users/chikumatsuboi/Code/animal-racers-western/assets/source/western/qa/unicorn-race-rear.png'
Time: 00:08.26 (Saving: 00:00.10)

Fra:1 Mem:28.97M (Peak 28.97M) | Time:00:00.01 | Mem:0.02M, Peak:0.02M | Scene, ViewLayer | Synchronizing object | Body • continuous sculpted skin
Fra:1 Mem:28.97M (Peak 28.97M) | Time:00:00.01 | Mem:0.02M, Peak:0.02M | Scene, ViewLayer | Synchronizing object | Bronzed hoof.001
Fra:1 Mem:29.02M (Peak 29.02M) | Time:00:00.01 | Mem:0.02M, Peak:0.02M | Scene, ViewLayer | Synchronizing object | Hoof cleft.001
Fra:1 Mem:29.11M (Peak 29.11M) | Time:00:00.01 | Mem:0.02M, Peak:0.02M | Scene, ViewLayer | Synchronizing object | Bronzed hoof.002
Fra:1 Mem:29.22M (Peak 29.22M) | Time:00:00.01 | Mem:0.02M, Peak:0.02M | Scene, ViewLayer | Synchronizing object | Hoof cleft.002
Fra:1 Mem:29.22M (Peak 29.22M) | Time:00:00.01 | Mem:0.02M, Peak:0.02M | Scene, ViewLayer | Synchronizing object | Head • species sculpt
Fra:1 Mem:29.24M (Peak 29.24M) | Time:00:00.01 | Mem:0.02M, Peak:0.02M | Scene, ViewLayer | Synchronizing object | Velvet muzzle
Fra:1 Mem:29.25M (Peak 29.25M) | Time:00:00.01 | Mem:0.02M, Peak:0.02M | Scene, ViewLayer | Synchronizing object | Nostril
Fra:1 Mem:29.31M (Peak 29.31M) | Time:00:00.01 | Mem:0.02M, Peak:0.02M | Scene, ViewLayer | Synchronizing object | Nostril.001
Fra:1 Mem:29.34M (Peak 29.34M) | Time:00:00.01 | Mem:0.02M, Peak:0.02M | Scene, ViewLayer | Synchronizing object | Iris
Fra:1 Mem:29.56M (Peak 29.56M) | Time:00:00.01 | Mem:0.02M, Peak:0.02M | Scene, ViewLayer | Synchronizing object | Pupil
Fra:1 Mem:29.64M (Peak 29.64M) | Time:00:00.01 | Mem:0.02M, Peak:0.02M | Scene, ViewLayer | Synchronizing object | Expressive brow
Fra:1 Mem:29.75M (Peak 29.75M) | Time:00:00.01 | Mem:0.02M, Peak:0.02M | Scene, ViewLayer | Synchronizing object | Smiling mouth
Fra:1 Mem:29.78M (Peak 29.79M) | Time:00:00.01 | Mem:0.02M, Peak:0.02M | Scene, ViewLayer | Synchronizing object | Eye socket.001
Fra:1 Mem:29.80M (Peak 29.80M) | Time:00:00.01 | Mem:0.02M, Peak:0.02M | Scene, ViewLayer | Synchronizing object | Ivory eye.001
Fra:1 Mem:29.82M (Peak 29.82M) | Time:00:00.01 | Mem:0.02M, Peak:0.02M | Scene, ViewLayer | Synchronizing object | Iris.001
Fra:1 Mem:29.82M (Peak 29.82M) | Time:00:00.01 | Mem:0.02M, Peak:0.02M | Scene, ViewLayer | Synchronizing object | Eye glint.001
Fra:1 Mem:29.91M (Peak 29.91M) | Time:00:00.01 | Mem:0.02M, Peak:0.02M | Scene, ViewLayer | Synchronizing object | Expressive brow.001
Fra:1 Mem:29.99M (Peak 29.99M) | Time:00:00.01 | Mem:0.02M, Peak:0.02M | Scene, ViewLayer | Synchronizing object | Smiling mouth.001
Fra:1 Mem:30.00M (Peak 30.00M) | Time:00:00.01 | Mem:0.02M, Peak:0.02M | Scene, ViewLayer | Synchronizing object | Inner ear
Fra:1 Mem:30.00M (Peak 30.00M) | Time:00:00.01 | Mem:0.02M, Peak:0.02M | Scene, ViewLayer | Synchronizing object | Pointed species ear.001
Fra:1 Mem:30.03M (Peak 30.03M) | Time:00:00.01 | Mem:0.02M, Peak:0.02M | Scene, ViewLayer | Synchronizing object | Inner ear.001
Fra:1 Mem:30.05M (Peak 30.05M) | Time:00:00.01 | Mem:0.02M, Peak:0.02M | Scene, ViewLayer | Synchronizing object | Rainbow swept forelock
Fra:1 Mem:30.07M (Peak 30.07M) | Time:00:00.01 | Mem:0.02M, Peak:0.02M | Scene, ViewLayer | Synchronizing object | Ribbon mane
Fra:1 Mem:30.05M (Peak 30.07M) | Time:00:00.01 | Mem:0.02M, Peak:0.02M | Scene, ViewLayer | Synchronizing object | Rainbow swept forelock.001
Fra:1 Mem:30.09M (Peak 30.09M) | Time:00:00.01 | Mem:0.02M, Peak:0.02M | Scene, ViewLayer | Synchronizing object | Ribbon mane.001
Fra:1 Mem:30.10M (Peak 30.10M) | Time:00:00.01 | Mem:0.02M, Peak:0.02M | Scene, ViewLayer | Synchronizing object | Ribbon mane.002
Fra:1 Mem:30.11M (Peak 30.11M) | Time:00:00.01 | Mem:0.02M, Peak:0.02M | Scene, ViewLayer | Synchronizing object | Rainbow swept forelock.003
Fra:1 Mem:30.13M (Peak 30.13M) | Time:00:00.01 | Mem:0.02M, Peak:0.02M | Scene, ViewLayer | Synchronizing object | Rainbow swept forelock.004
Fra:1 Mem:30.12M (Peak 30.13M) | Time:00:00.01 | Mem:0.02M, Peak:0.02M | Scene, ViewLayer | Synchronizing object | Rainbow swept forelock.005
Fra:1 Mem:30.12M (Peak 30.13M) | Time:00:00.01 | Mem:0.02M, Peak:0.02M | Scene, ViewLayer | Synchronizing object | Ribbon mane.005
Fra:1 Mem:30.14M (Peak 30.14M) | Time:00:00.01 | Mem:0.02M, Peak:0.02M | Scene, ViewLayer | Synchronizing object | Rainbow swept forelock.006
Fra:1 Mem:30.13M (Peak 30.14M) | Time:00:00.01 | Mem:0.02M, Peak:0.02M | Scene, ViewLayer | Synchronizing object | Ribbon mane.006
Fra:1 Mem:30.13M (Peak 30.14M) | Time:00:00.01 | Mem:0.02M, Peak:0.02M | Scene, ViewLayer | Synchronizing object | Golden unicorn horn
Fra:1 Mem:30.14M (Peak 30.14M) | Time:00:00.01 | Mem:0.02M, Peak:0.02M | Scene, ViewLayer | Synchronizing object | Horn spiral ridge
Fra:1 Mem:30.17M (Peak 30.17M) | Time:00:00.01 | Mem:0.02M, Peak:0.02M | Scene, ViewLayer | Synchronizing object | Fetlock feather
Fra:1 Mem:30.20M (Peak 30.20M) | Time:00:00.01 | Mem:0.02M, Peak:0.02M | Scene, ViewLayer | Synchronizing object | Fetlock feather.001
Fra:1 Mem:30.20M (Peak 30.20M) | Time:00:00.01 | Mem:0.02M, Peak:0.02M | Scene, ViewLayer | Synchronizing object | Fetlock feather.004
Fra:1 Mem:30.21M (Peak 30.21M) | Time:00:00.01 | Mem:0.02M, Peak:0.02M | Scene, ViewLayer | Synchronizing object | Fetlock feather.005
Fra:1 Mem:30.22M (Peak 30.22M) | Time:00:00.01 | Mem:0.02M, Peak:0.02M | Scene, ViewLayer | Synchronizing object | Fetlock feather.006
Fra:1 Mem:30.22M (Peak 30.22M) | Time:00:00.01 | Mem:0.02M, Peak:0.02M | Scene, ViewLayer | Synchronizing object | Fetlock feather.009
Fra:1 Mem:30.23M (Peak 30.23M) | Time:00:00.01 | Mem:0.02M, Peak:0.02M | Scene, ViewLayer | Synchronizing object | Plane
Fra:1 Mem:30.25M (Peak 30.25M) | Time:00:00.01 | Mem:0.02M, Peak:0.02M | Scene, ViewLayer | Synchronizing object | Fetlock feather.011
Fra:1 Mem:30.23M (Peak 30.25M) | Time:00:00.01 | Mem:0.02M, Peak:0.02M | Scene, ViewLayer | Synchronizing object | Fetlock feather.012
Fra:1 Mem:30.25M (Peak 30.25M) | Time:00:00.01 | Mem:0.02M, Peak:0.02M | Scene, ViewLayer | Synchronizing object | Fetlock feather.013
Fra:1 Mem:30.24M (Peak 30.25M) | Time:00:00.01 | Mem:0.02M, Peak:0.02M | Scene, ViewLayer | Synchronizing object | Fetlock feather.014
Fra:1 Mem:30.24M (Peak 30.25M) | Time:00:00.01 | Mem:0.02M, Peak:0.02M | Scene, ViewLayer | Synchronizing object | Fetlock feather.015
Fra:1 Mem:30.26M (Peak 30.26M) | Time:00:00.01 | Mem:0.02M, Peak:0.02M | Scene, ViewLayer | Synchronizing object | Fetlock feather.016
Fra:1 Mem:30.25M (Peak 30.26M) | Time:00:00.01 | Mem:0.02M, Peak:0.02M | Scene, ViewLayer | Synchronizing object | Fetlock feather.017
Fra:1 Mem:30.28M (Peak 30.28M) | Time:00:00.01 | Mem:0.02M, Peak:0.02M | Scene, ViewLayer | Synchronizing object | Fetlock feather.019
Fra:1 Mem:30.28M (Peak 30.28M) | Time:00:00.01 | Mem:0.02M, Peak:0.02M | Scene, ViewLayer | Synchronizing object | Articulated tail
Fra:1 Mem:30.27M (Peak 30.28M) | Time:00:00.01 | Mem:0.02M, Peak:0.02M | Scene, ViewLayer | Synchronizing object | Rainbow tail ribbon.001
Fra:1 Mem:30.29M (Peak 30.29M) | Time:00:00.02 | Mem:0.02M, Peak:0.02M | Scene, ViewLayer | Synchronizing object | Rainbow tail ribbon.002
Fra:1 Mem:30.28M (Peak 30.29M) | Time:00:00.02 | Mem:0.02M, Peak:0.02M | Scene, ViewLayer | Synchronizing object | Rainbow tail ribbon.004
Fra:1 Mem:30.28M (Peak 30.29M) | Time:00:00.02 | Mem:0.02M, Peak:0.02M | Scene, ViewLayer | Synchronizing object | Rainbow tail ribbon.005
Fra:1 Mem:30.29M (Peak 30.29M) | Time:00:00.02 | Mem:0.02M, Peak:0.02M | Scene, ViewLayer | Synchronizing object | Brass crest clasp
Fra:1 Mem:30.29M (Peak 30.29M) | Time:00:00.02 | Mem:0.02M, Peak:0.02M | Scene, ViewLayer | Synchronizing object | Rainbow tail ribbon.006
Fra:1 Mem:30.33M (Peak 30.33M) | Time:00:00.02 | Mem:0.02M, Peak:0.02M | Scene, ViewLayer | Synchronizing object | Leather neckerchief roll
Fra:1 Mem:30.32M (Peak 30.33M) | Time:00:00.02 | Mem:0.02M, Peak:0.02M | Scene, ViewLayer | Synchronizing object | Neckerchief folded point
Fra:1 Mem:30.36M (Peak 30.36M) | Time:00:00.02 | Mem:0.02M, Peak:0.02M | Scene, ViewLayer | Initializing
Fra:1 Mem:28.95M (Peak 30.36M) | Time:00:00.02 | Mem:0.02M, Peak:0.02M | Scene, ViewLayer | Updating Images | Loading Authored short-fur normal
Fra:1 Mem:25.13M (Peak 30.36M) | Time:00:00.02 | Mem:0.27M, Peak:0.27M | Scene, ViewLayer | Waiting for render to start
Fra:1 Mem:25.13M (Peak 30.36M) | Time:00:00.02 | Mem:0.27M, Peak:0.27M | Scene, ViewLayer | Updating Scene
Fra:1 Mem:25.13M (Peak 30.36M) | Time:00:00.02 | Mem:0.27M, Peak:0.27M | Scene, ViewLayer | Updating Shaders
Fra:1 Mem:25.13M (Peak 30.36M) | Time:00:00.02 | Mem:0.27M, Peak:0.27M | Scene, ViewLayer | Loading render kernels (may take a few minutes the first time)
Fra:1 Mem:25.21M (Peak 30.36M) | Time:00:00.14 | Mem:0.29M, Peak:0.29M | Scene, ViewLayer | Updating Procedurals
Fra:1 Mem:25.21M (Peak 30.36M) | Time:00:00.14 | Mem:0.29M, Peak:0.29M | Scene, ViewLayer | Updating Background
Fra:1 Mem:25.21M (Peak 30.36M) | Time:00:00.14 | Mem:0.29M, Peak:0.29M | Scene, ViewLayer | Updating Camera
Fra:1 Mem:25.21M (Peak 30.36M) | Time:00:00.14 | Mem:0.29M, Peak:0.29M | Scene, ViewLayer | Updating Meshes Flags
Fra:1 Mem:25.21M (Peak 30.36M) | Time:00:00.14 | Mem:0.29M, Peak:0.29M | Scene, ViewLayer | Updating Objects
Fra:1 Mem:25.21M (Peak 30.36M) | Time:00:00.14 | Mem:0.29M, Peak:0.29M | Scene, ViewLayer | Updating Objects | Copying Transformations to device
Fra:1 Mem:25.21M (Peak 30.36M) | Time:00:00.14 | Mem:0.32M, Peak:0.32M | Scene, ViewLayer | Updating Particle Systems
Fra:1 Mem:25.21M (Peak 30.36M) | Time:00:00.14 | Mem:0.32M, Peak:0.32M | Scene, ViewLayer | Updating Particle Systems | Copying Particles to device
Fra:1 Mem:25.21M (Peak 30.36M) | Time:00:00.14 | Mem:0.32M, Peak:0.32M | Scene, ViewLayer | Updating Meshes
Fra:1 Mem:25.80M (Peak 30.36M) | Time:00:00.15 | Mem:0.32M, Peak:0.32M | Scene, ViewLayer | Updating Objects | Applying Static Transformations
Fra:1 Mem:25.80M (Peak 30.36M) | Time:00:00.15 | Mem:0.32M, Peak:0.32M | Scene, ViewLayer | Updating Mesh | Computing attributes
Fra:1 Mem:26.66M (Peak 30.36M) | Time:00:00.15 | Mem:0.33M, Peak:0.33M | Scene, ViewLayer | Updating Mesh | Copying Attributes to device
Fra:1 Mem:25.80M (Peak 30.36M) | Time:00:00.35 | Mem:1.22M, Peak:1.22M | Scene, ViewLayer | Updating Geometry BVH light 86/85 | Building BVH
Fra:1 Mem:25.80M (Peak 30.36M) | Time:00:00.35 | Mem:1.22M, Peak:1.22M | Scene, ViewLayer | Updating Geometry BVH Warm rim 85/85 | Building BVH
Fra:1 Mem:25.80M (Peak 30.36M) | Time:00:00.35 | Mem:1.22M, Peak:1.22M | Scene, ViewLayer | Updating Geometry BVH Sky fill 84/85 | Building BVH
Fra:1 Mem:25.80M (Peak 30.36M) | Time:00:00.35 | Mem:1.22M, Peak:1.22M | Scene, ViewLayer | Updating Geometry BVH Sunset key 83/85 | Building BVH
Fra:1 Mem:25.80M (Peak 30.36M) | Time:00:00.35 | Mem:1.22M, Peak:1.22M | Scene, ViewLayer | Updating Geometry BVH Plane 82/85 | Building BVH
Fra:1 Mem:25.80M (Peak 30.36M) | Time:00:00.35 | Mem:1.22M, Peak:1.22M | Scene, ViewLayer | Updating Geometry BVH Plane 82/85 | Building mesh BLAS |       2 tris | Plane
Fra:1 Mem:25.80M (Peak 30.36M) | Time:00:00.35 | Mem:1.22M, Peak:1.22M | Scene, ViewLayer | Updating Geometry BVH Plane 82/85 | Building mesh BLAS |      44 tris | Hoof cleft
Fra:1 Mem:25.80M (Peak 30.36M) | Time:00:00.35 | Mem:1.22M, Peak:1.22M | Scene, ViewLayer | Updating Geometry BVH Plane 82/85 | Building mesh BLAS |    4170 tris | ribcage.002
Fra:1 Mem:25.80M (Peak 30.36M) | Time:00:00.35 | Mem:1.22M, Peak:1.22M | Scene, ViewLayer | Updating Geometry BVH Plane 82/85 | Building mesh BLAS |      44 tris | Hoof cleft.002
Fra:1 Mem:25.80M (Peak 30.36M) | Time:00:00.35 | Mem:1.22M, Peak:1.22M | Scene, ViewLayer | Updating Geometry BVH Plane 82/85 | Building mesh BLAS |      44 tris | Hoof cleft.001
Fra:1 Mem:25.80M (Peak 30.36M) | Time:00:00.35 | Mem:1.22M, Peak:1.22M | Scene, ViewLayer | Updating Geometry BVH Raised elemental crest.002 81/85 | Building BVH
Fra:1 Mem:25.80M (Peak 30.36M) | Time:00:00.35 | Mem:1.22M, Peak:1.22M | Scene, ViewLayer | Updating Geometry BVH Raised elemental crest.002 81/85 | Building mesh BLAS |      92 tris | Bronzed hoof.002
Fra:1 Mem:25.80M (Peak 30.36M) | Time:00:00.35 | Mem:1.22M, Peak:1.22M | Scene, ViewLayer | Updating Geometry BVH Raised elemental crest.002 81/85 | Building mesh BLAS |      46 tris | Raised elemental crest.002
Fra:1 Mem:25.80M (Peak 30.36M) | Time:00:00.35 | Mem:1.22M, Peak:1.22M | Scene, ViewLayer | Updating Geometry BVH Bronzed hoof.003 9/85 | Building BVH
Fra:1 Mem:25.80M (Peak 30.36M) | Time:00:00.35 | Mem:1.22M, Peak:1.22M | Scene, ViewLayer | Updating Geometry BVH Bronzed hoof.003 9/85 | Building mesh BLAS |      92 tris | Bronzed hoof.003
Fra:1 Mem:25.80M (Peak 30.36M) | Time:00:00.35 | Mem:1.22M, Peak:1.22M | Scene, ViewLayer | Updating Geometry BVH Hoof cleft.003 10/85 | Building BVH
Fra:1 Mem:25.80M (Peak 30.36M) | Time:00:00.35 | Mem:1.22M, Peak:1.22M | Scene, ViewLayer | Updating Geometry BVH Hoof cleft.003 10/85 | Building mesh BLAS |      44 tris | Hoof cleft.003
Fra:1 Mem:25.80M (Peak 30.36M) | Time:00:00.35 | Mem:1.22M, Peak:1.22M | Scene, ViewLayer | Updating Geometry BVH Skull.002 11/85 | Building BVH
Fra:1 Mem:25.80M (Peak 30.36M) | Time:00:00.35 | Mem:1.22M, Peak:1.22M | Scene, ViewLayer | Updating Geometry BVH Velvet muzzle 12/85 | Building BVH
Fra:1 Mem:25.80M (Peak 30.36M) | Time:00:00.35 | Mem:1.22M, Peak:1.22M | Scene, ViewLayer | Updating Geometry BVH Brass crest clasp.002 80/85 | Building BVH
Fra:1 Mem:25.80M (Peak 30.36M) | Time:00:00.35 | Mem:1.22M, Peak:1.22M | Scene, ViewLayer | Updating Geometry BVH Brass crest clasp.002 80/85 | Building mesh BLAS |     320 tris | Brass crest clasp.002
Fra:1 Mem:25.80M (Peak 30.36M) | Time:00:00.35 | Mem:1.22M, Peak:1.22M | Scene, ViewLayer | Updating Geometry BVH Brass crest clasp.002 80/85 | Building mesh BLAS |    3088 tris | Skull.002
Fra:1 Mem:25.80M (Peak 30.36M) | Time:00:00.35 | Mem:1.22M, Peak:1.22M | Scene, ViewLayer | Updating Geometry BVH Nostril.001 14/85 | Building BVH
Fra:1 Mem:25.80M (Peak 30.36M) | Time:00:00.35 | Mem:1.22M, Peak:1.22M | Scene, ViewLayer | Updating Geometry BVH Nostril 13/85 | Building BVH
Fra:1 Mem:25.80M (Peak 30.36M) | Time:00:00.35 | Mem:1.22M, Peak:1.22M | Scene, ViewLayer | Updating Geometry BVH Nostril 13/85 | Building mesh BLAS |     320 tris | Nostril
Fra:1 Mem:25.80M (Peak 30.36M) | Time:00:00.35 | Mem:1.22M, Peak:1.22M | Scene, ViewLayer | Updating Geometry BVH Eye socket.004 15/85 | Building mesh BLAS |     320 tris | Nostril.001
Fra:1 Mem:25.80M (Peak 30.36M) | Time:00:00.35 | Mem:1.22M, Peak:1.22M | Scene, ViewLayer | Updating Geometry BVH Eye socket.004 15/85 | Building mesh BLAS |     480 tris | Eye socket.004
Fra:1 Mem:25.80M (Peak 30.36M) | Time:00:00.35 | Mem:1.22M, Peak:1.22M | Scene, ViewLayer | Updating Geometry BVH Ivory eye.004 16/85 | Building BVH
Fra:1 Mem:25.80M (Peak 30.36M) | Time:00:00.35 | Mem:1.22M, Peak:1.22M | Scene, ViewLayer | Updating Geometry BVH Iris.004 17/85 | Building BVH
Fra:1 Mem:25.80M (Peak 30.36M) | Time:00:00.35 | Mem:1.22M, Peak:1.22M | Scene, ViewLayer | Updating Geometry BVH Iris.004 17/85 | Building mesh BLAS |     480 tris | Ivory eye.004
Fra:1 Mem:25.80M (Peak 30.36M) | Time:00:00.35 | Mem:1.22M, Peak:1.22M | Scene, ViewLayer | Updating Geometry BVH Iris.004 17/85 | Building mesh BLAS |     480 tris | Iris.004
Fra:1 Mem:25.80M (Peak 30.36M) | Time:00:00.35 | Mem:1.22M, Peak:1.22M | Scene, ViewLayer | Updating Geometry BVH Neckerchief folded point.002 79/85 | Building BVH
Fra:1 Mem:25.80M (Peak 30.36M) | Time:00:00.35 | Mem:1.22M, Peak:1.22M | Scene, ViewLayer | Updating Geometry BVH Neckerchief folded point.002 79/85 | Building mesh BLAS |       4 tris | Neckerchief folded point.002
Fra:1 Mem:25.80M (Peak 30.36M) | Time:00:00.35 | Mem:1.22M, Peak:1.22M | Scene, ViewLayer | Updating Geometry BVH Pupil.004 18/85 | Building BVH
Fra:1 Mem:25.80M (Peak 30.36M) | Time:00:00.35 | Mem:1.22M, Peak:1.22M | Scene, ViewLayer | Updating Geometry BVH Pupil.004 18/85 | Building mesh BLAS |     320 tris | Pupil.004
Fra:1 Mem:25.80M (Peak 30.36M) | Time:00:00.35 | Mem:1.22M, Peak:1.22M | Scene, ViewLayer | Updating Geometry BVH Eye glint.004 19/85 | Building BVH
Fra:1 Mem:25.80M (Peak 30.36M) | Time:00:00.35 | Mem:1.22M, Peak:1.22M | Scene, ViewLayer | Updating Geometry BVH Expressive brow.004 20/85 | Building BVH
Fra:1 Mem:25.80M (Peak 30.36M) | Time:00:00.35 | Mem:1.22M, Peak:1.22M | Scene, ViewLayer | Updating Geometry BVH Expressive brow.004 20/85 | Building mesh BLAS |     192 tris | Eye glint.004
Fra:1 Mem:25.80M (Peak 30.36M) | Time:00:00.35 | Mem:1.22M, Peak:1.22M | Scene, ViewLayer | Updating Geometry BVH Smiling mouth.004 21/85 | Building BVH
Fra:1 Mem:25.80M (Peak 30.36M) | Time:00:00.35 | Mem:1.22M, Peak:1.22M | Scene, ViewLayer | Updating Geometry BVH Eye socket.005 22/85 | Building BVH
Fra:1 Mem:25.80M (Peak 30.36M) | Time:00:00.35 | Mem:1.22M, Peak:1.22M | Scene, ViewLayer | Updating Geometry BVH Ivory eye.005 23/85 | Building BVH
Fra:1 Mem:25.80M (Peak 30.36M) | Time:00:00.35 | Mem:1.22M, Peak:1.22M | Scene, ViewLayer | Updating Geometry BVH Ivory eye.005 23/85 | Building mesh BLAS |     480 tris | Eye socket.005
Fra:1 Mem:25.80M (Peak 30.36M) | Time:00:00.35 | Mem:1.22M, Peak:1.22M | Scene, ViewLayer | Updating Geometry BVH Ivory eye.005 23/85 | Building mesh BLAS |     480 tris | Ivory eye.005
Fra:1 Mem:25.80M (Peak 30.36M) | Time:00:00.35 | Mem:1.22M, Peak:1.22M | Scene, ViewLayer | Updating Geometry BVH Leather neckerchief roll.002 78/85 | Building BVH
Fra:1 Mem:25.80M (Peak 30.36M) | Time:00:00.35 | Mem:1.22M, Peak:1.22M | Scene, ViewLayer | Updating Geometry BVH Iris.005 24/85 | Building mesh BLAS |      32 tris | Smiling mouth.004
Fra:1 Mem:25.80M (Peak 30.36M) | Time:00:00.35 | Mem:1.22M, Peak:1.22M | Scene, ViewLayer | Updating Geometry BVH Pupil.005 25/85 | Building BVH
Fra:1 Mem:25.80M (Peak 30.36M) | Time:00:00.36 | Mem:1.22M, Peak:1.22M | Scene, ViewLayer | Updating Geometry BVH Eye glint.005 26/85 | Building BVH
Fra:1 Mem:25.80M (Peak 30.36M) | Time:00:00.36 | Mem:1.22M, Peak:1.22M | Scene, ViewLayer | Updating Geometry BVH Eye glint.005 26/85 | Building mesh BLAS |     320 tris | Pupil.005
Fra:1 Mem:25.80M (Peak 30.36M) | Time:00:00.36 | Mem:1.22M, Peak:1.22M | Scene, ViewLayer | Updating Geometry BVH Eye glint.005 26/85 | Building mesh BLAS |     192 tris | Eye glint.005
Fra:1 Mem:25.80M (Peak 30.36M) | Time:00:00.36 | Mem:1.22M, Peak:1.22M | Scene, ViewLayer | Updating Geometry BVH Expressive brow.005 27/85 | Building mesh BLAS |     480 tris | Iris.005
Fra:1 Mem:25.80M (Peak 30.36M) | Time:00:00.36 | Mem:1.22M, Peak:1.22M | Scene, ViewLayer | Updating Geometry BVH Smiling mouth.005 28/85 | Building BVH
Fra:1 Mem:25.80M (Peak 30.36M) | Time:00:00.36 | Mem:1.22M, Peak:1.22M | Scene, ViewLayer | Updating Geometry BVH Smiling mouth.005 28/85 | Building mesh BLAS |      32 tris | Smiling mouth.005
Fra:1 Mem:25.80M (Peak 30.36M) | Time:00:00.36 | Mem:1.22M, Peak:1.22M | Scene, ViewLayer | Updating Geometry BVH Lower jaw.002 29/85 | Building BVH
Fra:1 Mem:25.80M (Peak 30.36M) | Time:00:00.36 | Mem:1.22M, Peak:1.22M | Scene, ViewLayer | Updating Geometry BVH Lower jaw.002 29/85 | Building mesh BLAS |     400 tris | Lower jaw.002
Fra:1 Mem:25.80M (Peak 30.36M) | Time:00:00.36 | Mem:1.22M, Peak:1.22M | Scene, ViewLayer | Updating Geometry BVH Lower jaw.002 29/85 | Building mesh BLAS |      44 tris | Expressive brow.005
Fra:1 Mem:25.80M (Peak 30.36M) | Time:00:00.36 | Mem:1.22M, Peak:1.22M | Scene, ViewLayer | Updating Geometry BVH Pointed species ear.002 30/85 | Building BVH
Fra:1 Mem:25.80M (Peak 30.36M) | Time:00:00.36 | Mem:1.22M, Peak:1.22M | Scene, ViewLayer | Updating Geometry BVH Pointed species ear.002 30/85 | Building mesh BLAS |       6 tris | Pointed species ear.002
Fra:1 Mem:25.80M (Peak 30.36M) | Time:00:00.36 | Mem:1.22M, Peak:1.22M | Scene, ViewLayer | Updating Geometry BVH Inner ear.002 31/85 | Building BVH
Fra:1 Mem:25.80M (Peak 30.36M) | Time:00:00.36 | Mem:1.22M, Peak:1.22M | Scene, ViewLayer | Updating Geometry BVH Inner ear.002 31/85 | Building mesh BLAS |       3 tris | Inner ear.002
Fra:1 Mem:25.80M (Peak 30.36M) | Time:00:00.36 | Mem:1.22M, Peak:1.22M | Scene, ViewLayer | Updating Geometry BVH Pointed species ear.003 32/85 | Building BVH
Fra:1 Mem:25.80M (Peak 30.36M) | Time:00:00.36 | Mem:1.22M, Peak:1.22M | Scene, ViewLayer | Updating Geometry BVH Pointed species ear.003 32/85 | Building mesh BLAS |       6 tris | Pointed species ear.003
Fra:1 Mem:25.80M (Peak 30.36M) | Time:00:00.36 | Mem:1.22M, Peak:1.22M | Scene, ViewLayer | Updating Geometry BVH Inner ear.003 33/85 | Building BVH
Fra:1 Mem:25.80M (Peak 30.36M) | Time:00:00.36 | Mem:1.22M, Peak:1.22M | Scene, ViewLayer | Updating Geometry BVH Inner ear.003 33/85 | Building mesh BLAS |       3 tris | Inner ear.003
Fra:1 Mem:25.80M (Peak 30.36M) | Time:00:00.36 | Mem:1.22M, Peak:1.22M | Scene, ViewLayer | Updating Geometry BVH Rainbow swept forelock 34/85 | Building BVH
Fra:1 Mem:25.80M (Peak 30.36M) | Time:00:00.36 | Mem:1.22M, Peak:1.22M | Scene, ViewLayer | Updating Geometry BVH Rainbow swept forelock.001 36/85 | Building BVH
Fra:1 Mem:25.80M (Peak 30.36M) | Time:00:00.36 | Mem:1.22M, Peak:1.22M | Scene, ViewLayer | Updating Geometry BVH Rainbow tail ribbon.006 77/85 | Building BVH
Fra:1 Mem:25.80M (Peak 30.36M) | Time:00:00.36 | Mem:1.22M, Peak:1.22M | Scene, ViewLayer | Updating Geometry BVH Rainbow tail ribbon.006 77/85 | Building mesh BLAS |      60 tris | Rainbow swept forelock.001
Fra:1 Mem:25.80M (Peak 30.36M) | Time:00:00.36 | Mem:1.22M, Peak:1.22M | Scene, ViewLayer | Updating Geometry BVH Ribbon mane.001 37/85 | Building mesh BLAS |      60 tris | Rainbow tail ribbon.006
Fra:1 Mem:25.80M (Peak 30.36M) | Time:00:00.36 | Mem:1.22M, Peak:1.22M | Scene, ViewLayer | Updating Geometry BVH Ribbon mane.001 37/85 | Building mesh BLAS |      60 tris | Ribbon mane
Fra:1 Mem:25.80M (Peak 30.36M) | Time:00:00.36 | Mem:1.22M, Peak:1.22M | Scene, ViewLayer | Updating Geometry BVH Ribbon mane.001 37/85 | Building mesh BLAS |      60 tris | Ribbon mane.001
Fra:1 Mem:25.80M (Peak 30.36M) | Time:00:00.36 | Mem:1.22M, Peak:1.22M | Scene, ViewLayer | Updating Geometry BVH Rainbow swept forelock.002 38/85 | Building BVH
Fra:1 Mem:25.80M (Peak 30.36M) | Time:00:00.36 | Mem:1.22M, Peak:1.22M | Scene, ViewLayer | Updating Geometry BVH Rainbow swept forelock.002 38/85 | Building mesh BLAS |      60 tris | Rainbow swept forelock.002
Fra:1 Mem:25.80M (Peak 30.36M) | Time:00:00.36 | Mem:1.22M, Peak:1.22M | Scene, ViewLayer | Updating Geometry BVH Ribbon mane.002 39/85 | Building BVH
Fra:1 Mem:25.80M (Peak 30.36M) | Time:00:00.36 | Mem:1.22M, Peak:1.22M | Scene, ViewLayer | Updating Geometry BVH Ribbon mane.002 39/85 | Building mesh BLAS |      60 tris | Ribbon mane.002
Fra:1 Mem:25.80M (Peak 30.36M) | Time:00:00.36 | Mem:1.22M, Peak:1.22M | Scene, ViewLayer | Updating Geometry BVH Rainbow tail ribbon.005 76/85 | Building BVH
Fra:1 Mem:25.80M (Peak 30.36M) | Time:00:00.36 | Mem:1.22M, Peak:1.22M | Scene, ViewLayer | Updating Geometry BVH Rainbow tail ribbon.005 76/85 | Building mesh BLAS |      60 tris | Rainbow tail ribbon.005
Fra:1 Mem:25.80M (Peak 30.36M) | Time:00:00.36 | Mem:1.22M, Peak:1.22M | Scene, ViewLayer | Updating Geometry BVH Rainbow swept forelock.003 40/85 | Building BVH
Fra:1 Mem:25.80M (Peak 30.36M) | Time:00:00.36 | Mem:1.22M, Peak:1.22M | Scene, ViewLayer | Updating Geometry BVH Rainbow swept forelock.003 40/85 | Building mesh BLAS |      60 tris | Rainbow swept forelock.003
Fra:1 Mem:25.80M (Peak 30.36M) | Time:00:00.36 | Mem:1.22M, Peak:1.22M | Scene, ViewLayer | Updating Geometry BVH Rainbow swept forelock.004 42/85 | Building BVH
Fra:1 Mem:25.80M (Peak 30.36M) | Time:00:00.36 | Mem:1.22M, Peak:1.22M | Scene, ViewLayer | Updating Geometry BVH Ribbon mane.003 41/85 | Building mesh BLAS |      60 tris | Rainbow swept forelock.004
Fra:1 Mem:25.80M (Peak 30.36M) | Time:00:00.36 | Mem:1.22M, Peak:1.22M | Scene, ViewLayer | Updating Geometry BVH Ribbon mane.003 41/85 | Building mesh BLAS |      60 tris | Ribbon mane.003
Fra:1 Mem:25.80M (Peak 30.36M) | Time:00:00.36 | Mem:1.22M, Peak:1.22M | Scene, ViewLayer | Updating Geometry BVH Ribbon mane.004 43/85 | Building BVH
Fra:1 Mem:25.80M (Peak 30.36M) | Time:00:00.36 | Mem:1.22M, Peak:1.22M | Scene, ViewLayer | Updating Geometry BVH Rainbow tail ribbon.004 75/85 | Building BVH
Fra:1 Mem:25.80M (Peak 30.36M) | Time:00:00.36 | Mem:1.22M, Peak:1.22M | Scene, ViewLayer | Updating Geometry BVH Rainbow swept forelock.005 44/85 | Building mesh BLAS |      60 tris | Rainbow tail ribbon.004
Fra:1 Mem:25.80M (Peak 30.36M) | Time:00:00.36 | Mem:1.22M, Peak:1.22M | Scene, ViewLayer | Updating Geometry BVH Ribbon mane.005 45/85 | Building BVH
Fra:1 Mem:25.80M (Peak 30.36M) | Time:00:00.36 | Mem:1.22M, Peak:1.22M | Scene, ViewLayer | Updating Geometry BVH Ribbon mane.005 45/85 | Building mesh BLAS |      60 tris | Ribbon mane.005
Fra:1 Mem:25.80M (Peak 30.36M) | Time:00:00.36 | Mem:1.22M, Peak:1.22M | Scene, ViewLayer | Updating Geometry BVH Rainbow swept forelock.006 46/85 | Building BVH
Fra:1 Mem:25.80M (Peak 30.36M) | Time:00:00.36 | Mem:1.22M, Peak:1.22M | Scene, ViewLayer | Updating Geometry BVH Rainbow swept forelock.006 46/85 | Building mesh BLAS |      60 tris | Rainbow swept forelock.006
Fra:1 Mem:25.80M (Peak 30.36M) | Time:00:00.36 | Mem:1.22M, Peak:1.22M | Scene, ViewLayer | Updating Geometry BVH Ribbon mane.006 47/85 | Building BVH
Fra:1 Mem:25.80M (Peak 30.36M) | Time:00:00.36 | Mem:1.22M, Peak:1.22M | Scene, ViewLayer | Updating Geometry BVH Golden unicorn horn 48/85 | Building BVH
Fra:1 Mem:25.80M (Peak 30.36M) | Time:00:00.36 | Mem:1.22M, Peak:1.22M | Scene, ViewLayer | Updating Geometry BVH Horn spiral ridge 49/85 | Building BVH
Fra:1 Mem:25.80M (Peak 30.36M) | Time:00:00.36 | Mem:1.22M, Peak:1.22M | Scene, ViewLayer | Updating Geometry BVH Horn spiral ridge 49/85 | Building mesh BLAS |     776 tris | Horn spiral ridge
Fra:1 Mem:25.80M (Peak 30.36M) | Time:00:00.36 | Mem:1.22M, Peak:1.22M | Scene, ViewLayer | Updating Geometry BVH Rainbow tail ribbon.003 74/85 | Building BVH
Fra:1 Mem:25.80M (Peak 30.36M) | Time:00:00.36 | Mem:1.22M, Peak:1.22M | Scene, ViewLayer | Updating Geometry BVH Fetlock feather 50/85 | Building BVH
Fra:1 Mem:25.80M (Peak 30.36M) | Time:00:00.36 | Mem:1.22M, Peak:1.22M | Scene, ViewLayer | Updating Geometry BVH Fetlock feather 50/85 | Building mesh BLAS |      44 tris | Fetlock feather
Fra:1 Mem:25.80M (Peak 30.36M) | Time:00:00.36 | Mem:1.22M, Peak:1.22M | Scene, ViewLayer | Updating Geometry BVH Fetlock feather.001 51/85 | Building BVH
Fra:1 Mem:25.80M (Peak 30.36M) | Time:00:00.36 | Mem:1.22M, Peak:1.22M | Scene, ViewLayer | Updating Geometry BVH Fetlock feather.002 52/85 | Building BVH
Fra:1 Mem:25.80M (Peak 30.36M) | Time:00:00.36 | Mem:1.22M, Peak:1.22M | Scene, ViewLayer | Updating Geometry BVH Fetlock feather.002 52/85 | Building mesh BLAS |      44 tris | Fetlock feather.001
Fra:1 Mem:25.80M (Peak 30.36M) | Time:00:00.36 | Mem:1.22M, Peak:1.22M | Scene, ViewLayer | Updating Geometry BVH Fetlock feather.002 52/85 | Building mesh BLAS |      44 tris | Fetlock feather.002
Fra:1 Mem:25.80M (Peak 30.36M) | Time:00:00.36 | Mem:1.22M, Peak:1.22M | Scene, ViewLayer | Updating Geometry BVH Fetlock feather.003 53/85 | Building BVH
Fra:1 Mem:25.80M (Peak 30.36M) | Time:00:00.36 | Mem:1.22M, Peak:1.22M | Scene, ViewLayer | Updating Geometry BVH Fetlock feather.003 53/85 | Building mesh BLAS |      44 tris | Fetlock feather.003
Fra:1 Mem:25.80M (Peak 30.36M) | Time:00:00.36 | Mem:1.22M, Peak:1.22M | Scene, ViewLayer | Updating Geometry BVH Fetlock feather.004 54/85 | Building BVH
Fra:1 Mem:25.80M (Peak 30.36M) | Time:00:00.36 | Mem:1.22M, Peak:1.22M | Scene, ViewLayer | Updating Geometry BVH Fetlock feather.005 55/85 | Building BVH
Fra:1 Mem:25.80M (Peak 30.36M) | Time:00:00.36 | Mem:1.22M, Peak:1.22M | Scene, ViewLayer | Updating Geometry BVH Fetlock feather.005 55/85 | Building mesh BLAS |      44 tris | Fetlock feather.004
Fra:1 Mem:25.80M (Peak 30.36M) | Time:00:00.36 | Mem:1.22M, Peak:1.22M | Scene, ViewLayer | Updating Geometry BVH Fetlock feather.005 55/85 | Building mesh BLAS |      44 tris | Fetlock feather.005
Fra:1 Mem:25.80M (Peak 30.36M) | Time:00:00.36 | Mem:1.22M, Peak:1.22M | Scene, ViewLayer | Updating Geometry BVH Rainbow tail ribbon.002 73/85 | Building BVH
Fra:1 Mem:25.80M (Peak 30.36M) | Time:00:00.36 | Mem:1.22M, Peak:1.22M | Scene, ViewLayer | Updating Geometry BVH Rainbow tail ribbon.002 73/85 | Building mesh BLAS |      60 tris | Rainbow tail ribbon.002
Fra:1 Mem:25.80M (Peak 30.36M) | Time:00:00.36 | Mem:1.22M, Peak:1.22M | Scene, ViewLayer | Updating Geometry BVH Fetlock feather.006 56/85 | Building BVH
Fra:1 Mem:25.80M (Peak 30.36M) | Time:00:00.36 | Mem:1.22M, Peak:1.22M | Scene, ViewLayer | Updating Geometry BVH Fetlock feather.006 56/85 | Building mesh BLAS |      44 tris | Fetlock feather.006
Fra:1 Mem:25.80M (Peak 30.36M) | Time:00:00.36 | Mem:1.22M, Peak:1.22M | Scene, ViewLayer | Updating Geometry BVH Fetlock feather.007 57/85 | Building BVH
Fra:1 Mem:25.80M (Peak 30.36M) | Time:00:00.36 | Mem:1.22M, Peak:1.22M | Scene, ViewLayer | Updating Geometry BVH Fetlock feather.008 58/85 | Building BVH
Fra:1 Mem:25.80M (Peak 30.36M) | Time:00:00.36 | Mem:1.22M, Peak:1.22M | Scene, ViewLayer | Updating Geometry BVH Fetlock feather.009 59/85 | Building BVH
Fra:1 Mem:25.80M (Peak 30.36M) | Time:00:00.36 | Mem:1.22M, Peak:1.22M | Scene, ViewLayer | Updating Geometry BVH Fetlock feather.010 60/85 | Building mesh BLAS |      44 tris | Fetlock feather.008
Fra:1 Mem:25.80M (Peak 30.36M) | Time:00:00.36 | Mem:1.22M, Peak:1.22M | Scene, ViewLayer | Updating Geometry BVH Fetlock feather.012 62/85 | Building BVH
Fra:1 Mem:25.80M (Peak 30.36M) | Time:00:00.36 | Mem:1.22M, Peak:1.22M | Scene, ViewLayer | Updating Geometry BVH Rainbow tail ribbon.001 72/85 | Building BVH
Fra:1 Mem:25.80M (Peak 30.36M) | Time:00:00.36 | Mem:1.22M, Peak:1.22M | Scene, ViewLayer | Updating Geometry BVH Fetlock feather.013 63/85 | Building mesh BLAS |      44 tris | Fetlock feather.009
Fra:1 Mem:25.80M (Peak 30.36M) | Time:00:00.36 | Mem:1.22M, Peak:1.22M | Scene, ViewLayer | Updating Geometry BVH Fetlock feather.014 64/85 | Building BVH
Fra:1 Mem:25.80M (Peak 30.36M) | Time:00:00.36 | Mem:1.22M, Peak:1.22M | Scene, ViewLayer | Updating Geometry BVH Fetlock feather.014 64/85 | Building mesh BLAS |      60 tris | Rainbow tail ribbon.001
Fra:1 Mem:25.80M (Peak 30.36M) | Time:00:00.36 | Mem:1.22M, Peak:1.22M | Scene, ViewLayer | Updating Geometry BVH Fetlock feather.014 64/85 | Building mesh BLAS |      44 tris | Fetlock feather.014
Fra:1 Mem:25.80M (Peak 30.36M) | Time:00:00.36 | Mem:1.22M, Peak:1.22M | Scene, ViewLayer | Updating Geometry BVH Fetlock feather.014 64/85 | Building mesh BLAS |      44 tris | Fetlock feather.010
Fra:1 Mem:25.80M (Peak 30.36M) | Time:00:00.36 | Mem:1.22M, Peak:1.22M | Scene, ViewLayer | Updating Geometry BVH Fetlock feather.014 64/85 | Building mesh BLAS |      44 tris | Fetlock feather.013
Fra:1 Mem:25.80M (Peak 30.36M) | Time:00:00.36 | Mem:1.22M, Peak:1.22M | Scene, ViewLayer | Updating Geometry BVH Fetlock feather.014 64/85 | Building mesh BLAS |      44 tris | Fetlock feather.011
Fra:1 Mem:25.80M (Peak 30.36M) | Time:00:00.36 | Mem:1.22M, Peak:1.22M | Scene, ViewLayer | Updating Geometry BVH Fetlock feather.015 65/85 | Building BVH
Fra:1 Mem:25.80M (Peak 30.36M) | Time:00:00.36 | Mem:1.22M, Peak:1.22M | Scene, ViewLayer | Updating Geometry BVH Fetlock feather.015 65/85 | Building mesh BLAS |      44 tris | Fetlock feather.015
Fra:1 Mem:25.80M (Peak 30.36M) | Time:00:00.36 | Mem:1.22M, Peak:1.22M | Scene, ViewLayer | Updating Geometry BVH Fetlock feather.016 66/85 | Building BVH
Fra:1 Mem:25.80M (Peak 30.36M) | Time:00:00.36 | Mem:1.22M, Peak:1.22M | Scene, ViewLayer | Updating Geometry BVH Fetlock feather.017 67/85 | Building BVH
Fra:1 Mem:25.80M (Peak 30.36M) | Time:00:00.36 | Mem:1.22M, Peak:1.22M | Scene, ViewLayer | Updating Geometry BVH Fetlock feather.017 67/85 | Building mesh BLAS |      44 tris | Fetlock feather.016
Fra:1 Mem:25.80M (Peak 30.36M) | Time:00:00.36 | Mem:1.22M, Peak:1.22M | Scene, ViewLayer | Updating Geometry BVH Rainbow tail ribbon 71/85 | Building BVH
Fra:1 Mem:25.80M (Peak 30.36M) | Time:00:00.36 | Mem:1.22M, Peak:1.22M | Scene, ViewLayer | Updating Geometry BVH Fetlock feather.018 68/85 | Building BVH
Fra:1 Mem:25.80M (Peak 30.36M) | Time:00:00.36 | Mem:1.22M, Peak:1.22M | Scene, ViewLayer | Updating Geometry BVH Fetlock feather.018 68/85 | Building mesh BLAS |      60 tris | Rainbow tail ribbon
Fra:1 Mem:25.80M (Peak 30.36M) | Time:00:00.36 | Mem:1.22M, Peak:1.22M | Scene, ViewLayer | Updating Geometry BVH Fetlock feather.019 69/85 | Building BVH
Fra:1 Mem:25.80M (Peak 30.36M) | Time:00:00.36 | Mem:1.22M, Peak:1.22M | Scene, ViewLayer | Updating Geometry BVH Fetlock feather.019 69/85 | Building mesh BLAS |      44 tris | Fetlock feather.018
Fra:1 Mem:25.80M (Peak 30.36M) | Time:00:00.36 | Mem:1.22M, Peak:1.22M | Scene, ViewLayer | Updating Geometry BVH Fetlock feather.019 69/85 | Building mesh BLAS |      44 tris | Fetlock feather.019
Fra:1 Mem:25.80M (Peak 30.36M) | Time:00:00.36 | Mem:1.22M, Peak:1.22M | Scene, ViewLayer | Updating Geometry BVH Articulated tail.002 70/85 | Building BVH
Fra:1 Mem:25.80M (Peak 30.36M) | Time:00:00.36 | Mem:1.22M, Peak:1.22M | Scene, ViewLayer | Updating Geometry BVH Articulated tail.002 70/85 | Building mesh BLAS |     268 tris | Articulated tail.002
Fra:1 Mem:25.80M (Peak 30.36M) | Time:00:00.36 | Mem:1.22M, Peak:1.22M | Scene, ViewLayer | Updating Scene BVH | Building
Fra:1 Mem:25.80M (Peak 30.36M) | Time:00:00.38 | Mem:2.07M, Peak:2.07M | Scene, ViewLayer | Updating Scene BVH | Building TLAS      |      85 instances
Fra:1 Mem:25.80M (Peak 30.36M) | Time:00:00.38 | Mem:2.10M, Peak:2.10M | Scene, ViewLayer | Updating Scene BVH | Copying BVH to device
Fra:1 Mem:25.80M (Peak 30.36M) | Time:00:00.38 | Mem:2.10M, Peak:2.10M | Scene, ViewLayer | Updating Mesh | Computing normals
Fra:1 Mem:26.27M (Peak 30.36M) | Time:00:00.38 | Mem:2.10M, Peak:2.10M | Scene, ViewLayer | Updating Mesh | Copying Mesh to device
Fra:1 Mem:25.80M (Peak 30.36M) | Time:00:00.38 | Mem:2.60M, Peak:2.60M | Scene, ViewLayer | Updating Objects Flags
Fra:1 Mem:25.80M (Peak 30.36M) | Time:00:00.38 | Mem:2.60M, Peak:2.60M | Scene, ViewLayer | Updating Primitive Offsets
Fra:1 Mem:25.80M (Peak 30.36M) | Time:00:00.38 | Mem:2.60M, Peak:2.60M | Scene, ViewLayer | Updating Images
Fra:1 Mem:25.80M (Peak 30.36M) | Time:00:00.38 | Mem:2.60M, Peak:2.60M | Scene, ViewLayer | Updating Camera Volume
Fra:1 Mem:25.80M (Peak 30.36M) | Time:00:00.38 | Mem:2.60M, Peak:2.60M | Scene, ViewLayer | Updating Lookup Tables
Fra:1 Mem:25.72M (Peak 30.36M) | Time:00:00.38 | Mem:2.70M, Peak:2.70M | Scene, ViewLayer | Updating Lights
Fra:1 Mem:25.72M (Peak 30.36M) | Time:00:00.38 | Mem:2.70M, Peak:2.70M | Scene, ViewLayer | Updating Lights | Computing tree
Fra:1 Mem:25.72M (Peak 30.36M) | Time:00:00.38 | Mem:2.70M, Peak:2.70M | Scene, ViewLayer | Updating Integrator
Fra:1 Mem:25.72M (Peak 30.36M) | Time:00:00.38 | Mem:2.70M, Peak:2.70M | Scene, ViewLayer | Updating Film
Fra:1 Mem:25.81M (Peak 30.36M) | Time:00:00.38 | Mem:2.61M, Peak:2.70M | Scene, ViewLayer | Updating Lookup Tables
Fra:1 Mem:25.72M (Peak 30.36M) | Time:00:00.38 | Mem:2.70M, Peak:2.70M | Scene, ViewLayer | Updating Baking
Fra:1 Mem:25.72M (Peak 30.36M) | Time:00:00.38 | Mem:2.70M, Peak:2.70M | Scene, ViewLayer | Updating Device | Writing constant memory
Fra:1 Mem:25.73M (Peak 30.36M) | Time:00:00.43 | Mem:2.70M, Peak:2.70M | Scene, ViewLayer | Loading denoising kernels (may take a few minutes the first time)
Fra:1 Mem:25.73M (Peak 57.73M) | Time:00:00.44 | Mem:2818.71M, Peak:2818.71M | Scene, ViewLayer | Sample 0/12 (Using optimized kernels)
Fra:1 Mem:25.72M (Peak 61.23M) | Time:00:00.69 | Remaining:00:02.71 | Mem:2854.26M, Peak:2854.26M | Scene, ViewLayer | Sample 1/12 (Using optimized kernels)
Fra:1 Mem:40.67M (Peak 63.11M) | Time:00:07.46 | Mem:2854.26M, Peak:2854.26M | Scene, ViewLayer | Sample 12/12 (Using optimized kernels)
Fra:1 Mem:40.67M (Peak 63.11M) | Time:00:07.46 | Mem:2854.26M, Peak:2854.26M | Scene, ViewLayer | Finished
Saved: '/Users/chikumatsuboi/Code/animal-racers-western/assets/source/western/qa/unicorn-fight-side.png'
Time: 00:07.67 (Saving: 00:00.13)

RENDERED unicorn

Blender quit
