Blender 4.5.9 LTS (hash 8bf95cbd38d1 built 2026-04-21 01:30:46)
Read blend: "/Users/chikumatsuboi/Code/animal-racers-western/assets/source/western/lion.blend"
Fra:1 Mem:31.73M (Peak 31.73M) | Time:00:00.01 | Mem:0.02M, Peak:0.02M | Scene, ViewLayer | Synchronizing object | Body • continuous sculpted skin
Fra:1 Mem:31.73M (Peak 31.73M) | Time:00:00.01 | Mem:0.02M, Peak:0.02M | Scene, ViewLayer | Synchronizing object | Paw toe.002
Fra:1 Mem:31.78M (Peak 31.78M) | Time:00:00.01 | Mem:0.02M, Peak:0.02M | Scene, ViewLayer | Synchronizing object | Ivory claw.002
Fra:1 Mem:32.04M (Peak 32.04M) | Time:00:00.01 | Mem:0.02M, Peak:0.02M | Scene, ViewLayer | Synchronizing object | Paw toe.003
Fra:1 Mem:32.07M (Peak 32.08M) | Time:00:00.01 | Mem:0.02M, Peak:0.02M | Scene, ViewLayer | Synchronizing object | Ivory claw.003
Fra:1 Mem:32.08M (Peak 32.08M) | Time:00:00.01 | Mem:0.02M, Peak:0.02M | Scene, ViewLayer | Synchronizing object | Paw toe.004
Fra:1 Mem:32.10M (Peak 32.10M) | Time:00:00.01 | Mem:0.02M, Peak:0.02M | Scene, ViewLayer | Synchronizing object | Paw toe.005
Fra:1 Mem:32.12M (Peak 32.12M) | Time:00:00.01 | Mem:0.02M, Peak:0.02M | Scene, ViewLayer | Synchronizing object | Ivory claw.005
Fra:1 Mem:32.12M (Peak 32.12M) | Time:00:00.01 | Mem:0.02M, Peak:0.02M | Scene, ViewLayer | Synchronizing object | Paw toe.006
Fra:1 Mem:32.15M (Peak 32.15M) | Time:00:00.01 | Mem:0.02M, Peak:0.02M | Scene, ViewLayer | Synchronizing object | Paw toe.007
Fra:1 Mem:32.19M (Peak 32.19M) | Time:00:00.01 | Mem:0.02M, Peak:0.02M | Scene, ViewLayer | Synchronizing object | Ivory claw.007
Fra:1 Mem:32.23M (Peak 32.23M) | Time:00:00.01 | Mem:0.02M, Peak:0.02M | Scene, ViewLayer | Synchronizing object | Paw toe.008
Fra:1 Mem:32.25M (Peak 32.25M) | Time:00:00.01 | Mem:0.02M, Peak:0.02M | Scene, ViewLayer | Synchronizing object | Paw toe.009
Fra:1 Mem:32.42M (Peak 32.42M) | Time:00:00.01 | Mem:0.02M, Peak:0.02M | Scene, ViewLayer | Synchronizing object | Ivory claw.009
Fra:1 Mem:32.51M (Peak 32.51M) | Time:00:00.01 | Mem:0.02M, Peak:0.02M | Scene, ViewLayer | Synchronizing object | Paw toe.010
Fra:1 Mem:32.43M (Peak 32.51M) | Time:00:00.01 | Mem:0.02M, Peak:0.02M | Scene, ViewLayer | Synchronizing object | Ivory claw.010
Fra:1 Mem:32.43M (Peak 32.51M) | Time:00:00.01 | Mem:0.02M, Peak:0.02M | Scene, ViewLayer | Synchronizing object | Head • species sculpt
Fra:1 Mem:32.47M (Peak 32.51M) | Time:00:00.01 | Mem:0.02M, Peak:0.02M | Scene, ViewLayer | Synchronizing object | Cream muzzle pad.001
Fra:1 Mem:32.70M (Peak 32.70M) | Time:00:00.01 | Mem:0.02M, Peak:0.02M | Scene, ViewLayer | Synchronizing object | Heart shaped nose
Fra:1 Mem:32.71M (Peak 32.71M) | Time:00:00.01 | Mem:0.02M, Peak:0.02M | Scene, ViewLayer | Synchronizing object | Ivory eye
Fra:1 Mem:32.74M (Peak 32.74M) | Time:00:00.01 | Mem:0.02M, Peak:0.02M | Scene, ViewLayer | Synchronizing object | Pupil
Fra:1 Mem:32.77M (Peak 32.77M) | Time:00:00.01 | Mem:0.02M, Peak:0.02M | Scene, ViewLayer | Synchronizing object | Eye glint
Fra:1 Mem:32.84M (Peak 32.84M) | Time:00:00.01 | Mem:0.02M, Peak:0.02M | Scene, ViewLayer | Synchronizing object | Expressive brow
Fra:1 Mem:32.87M (Peak 32.87M) | Time:00:00.01 | Mem:0.02M, Peak:0.02M | Scene, ViewLayer | Synchronizing object | Smiling mouth
Fra:1 Mem:32.90M (Peak 32.90M) | Time:00:00.01 | Mem:0.02M, Peak:0.02M | Scene, ViewLayer | Synchronizing object | Whisker pore.001
Fra:1 Mem:32.95M (Peak 32.95M) | Time:00:00.01 | Mem:0.02M, Peak:0.02M | Scene, ViewLayer | Synchronizing object | Whisker pore.002
Fra:1 Mem:33.02M (Peak 33.02M) | Time:00:00.01 | Mem:0.02M, Peak:0.02M | Scene, ViewLayer | Synchronizing object | Eye socket.001
Fra:1 Mem:33.03M (Peak 33.03M) | Time:00:00.01 | Mem:0.02M, Peak:0.02M | Scene, ViewLayer | Synchronizing object | Pupil.001
Fra:1 Mem:33.09M (Peak 33.09M) | Time:00:00.01 | Mem:0.02M, Peak:0.02M | Scene, ViewLayer | Synchronizing object | Warm rim
Fra:1 Mem:33.12M (Peak 33.12M) | Time:00:00.01 | Mem:0.02M, Peak:0.02M | Scene, ViewLayer | Synchronizing object | Eye glint.001
Fra:1 Mem:33.15M (Peak 33.15M) | Time:00:00.01 | Mem:0.02M, Peak:0.02M | Scene, ViewLayer | Synchronizing object | Smiling mouth.001
Fra:1 Mem:33.17M (Peak 33.17M) | Time:00:00.01 | Mem:0.02M, Peak:0.02M | Scene, ViewLayer | Synchronizing object | Whisker pore.004
Fra:1 Mem:33.21M (Peak 33.21M) | Time:00:00.01 | Mem:0.02M, Peak:0.02M | Scene, ViewLayer | Synchronizing object | Whisker pore.005
Fra:1 Mem:33.21M (Peak 33.21M) | Time:00:00.01 | Mem:0.02M, Peak:0.02M | Scene, ViewLayer | Synchronizing object | Lower jaw
Fra:1 Mem:33.24M (Peak 33.24M) | Time:00:00.01 | Mem:0.02M, Peak:0.02M | Scene, ViewLayer | Synchronizing object | Mouth cavity
Fra:1 Mem:33.25M (Peak 33.25M) | Time:00:00.01 | Mem:0.02M, Peak:0.02M | Scene, ViewLayer | Synchronizing object | Sky fill
Fra:1 Mem:33.29M (Peak 33.29M) | Time:00:00.01 | Mem:0.02M, Peak:0.02M | Scene, ViewLayer | Synchronizing object | Lower canine
Fra:1 Mem:33.29M (Peak 33.29M) | Time:00:00.01 | Mem:0.02M, Peak:0.02M | Scene, ViewLayer | Synchronizing object | Lower canine.001
Fra:1 Mem:33.33M (Peak 33.33M) | Time:00:00.01 | Mem:0.02M, Peak:0.02M | Scene, ViewLayer | Synchronizing object | Rounded lion ear
Fra:1 Mem:33.32M (Peak 33.33M) | Time:00:00.01 | Mem:0.02M, Peak:0.02M | Scene, ViewLayer | Synchronizing object | Inner lion ear
Fra:1 Mem:33.34M (Peak 33.34M) | Time:00:00.01 | Mem:0.02M, Peak:0.02M | Scene, ViewLayer | Synchronizing object | Inner lion ear.001
Fra:1 Mem:33.37M (Peak 33.37M) | Time:00:00.01 | Mem:0.02M, Peak:0.02M | Scene, ViewLayer | Synchronizing object | Sculpted mane lock
Fra:1 Mem:33.40M (Peak 33.40M) | Time:00:00.01 | Mem:0.02M, Peak:0.02M | Scene, ViewLayer | Synchronizing object | Sculpted mane lock.001
Fra:1 Mem:33.43M (Peak 33.43M) | Time:00:00.01 | Mem:0.02M, Peak:0.02M | Scene, ViewLayer | Synchronizing object | Sculpted mane lock.004
Fra:1 Mem:33.42M (Peak 33.43M) | Time:00:00.01 | Mem:0.02M, Peak:0.02M | Scene, ViewLayer | Synchronizing object | Sunset key
Fra:1 Mem:33.42M (Peak 33.43M) | Time:00:00.01 | Mem:0.02M, Peak:0.02M | Scene, ViewLayer | Synchronizing object | Plane
Fra:1 Mem:33.42M (Peak 33.43M) | Time:00:00.01 | Mem:0.02M, Peak:0.02M | Scene, ViewLayer | Synchronizing object | Sculpted mane lock.005
Fra:1 Mem:33.42M (Peak 33.43M) | Time:00:00.01 | Mem:0.02M, Peak:0.02M | Scene, ViewLayer | Synchronizing object | Raised elemental crest
Fra:1 Mem:33.43M (Peak 33.43M) | Time:00:00.01 | Mem:0.02M, Peak:0.02M | Scene, ViewLayer | Synchronizing object | Sculpted mane lock.006
Fra:1 Mem:33.47M (Peak 33.47M) | Time:00:00.01 | Mem:0.02M, Peak:0.02M | Scene, ViewLayer | Synchronizing object | Brass crest clasp
Fra:1 Mem:33.50M (Peak 33.50M) | Time:00:00.01 | Mem:0.02M, Peak:0.02M | Scene, ViewLayer | Synchronizing object | Sculpted mane lock.007
Fra:1 Mem:33.53M (Peak 33.53M) | Time:00:00.01 | Mem:0.02M, Peak:0.02M | Scene, ViewLayer | Synchronizing object | Sculpted mane lock.008
Fra:1 Mem:33.55M (Peak 33.55M) | Time:00:00.01 | Mem:0.02M, Peak:0.02M | Scene, ViewLayer | Synchronizing object | Sculpted mane lock.011
Fra:1 Mem:33.57M (Peak 33.57M) | Time:00:00.01 | Mem:0.02M, Peak:0.02M | Scene, ViewLayer | Synchronizing object | Sculpted mane lock.012
Fra:1 Mem:33.57M (Peak 33.57M) | Time:00:00.01 | Mem:0.02M, Peak:0.02M | Scene, ViewLayer | Synchronizing object | Sculpted mane lock.013
Fra:1 Mem:33.58M (Peak 33.58M) | Time:00:00.01 | Mem:0.02M, Peak:0.02M | Scene, ViewLayer | Synchronizing object | Sculpted mane lock.014
Fra:1 Mem:33.59M (Peak 33.59M) | Time:00:00.01 | Mem:0.02M, Peak:0.02M | Scene, ViewLayer | Synchronizing object | Sculpted mane lock.017
Fra:1 Mem:33.60M (Peak 33.60M) | Time:00:00.01 | Mem:0.02M, Peak:0.02M | Scene, ViewLayer | Synchronizing object | Sculpted mane lock.018
Fra:1 Mem:33.60M (Peak 33.60M) | Time:00:00.01 | Mem:0.02M, Peak:0.02M | Scene, ViewLayer | Synchronizing object | Sculpted mane lock.019
Fra:1 Mem:33.61M (Peak 33.61M) | Time:00:00.01 | Mem:0.02M, Peak:0.02M | Scene, ViewLayer | Synchronizing object | Leather neckerchief roll
Fra:1 Mem:33.61M (Peak 33.61M) | Time:00:00.01 | Mem:0.02M, Peak:0.02M | Scene, ViewLayer | Synchronizing object | Sculpted mane lock.020
Fra:1 Mem:33.62M (Peak 33.62M) | Time:00:00.01 | Mem:0.02M, Peak:0.02M | Scene, ViewLayer | Synchronizing object | Sculpted mane lock.023
Fra:1 Mem:33.65M (Peak 33.65M) | Time:00:00.01 | Mem:0.02M, Peak:0.02M | Scene, ViewLayer | Synchronizing object | Sculpted mane lock.024
Fra:1 Mem:33.65M (Peak 33.65M) | Time:00:00.01 | Mem:0.02M, Peak:0.02M | Scene, ViewLayer | Synchronizing object | Sculpted mane lock.025
Fra:1 Mem:33.65M (Peak 33.65M) | Time:00:00.01 | Mem:0.02M, Peak:0.02M | Scene, ViewLayer | Synchronizing object | Sculpted mane lock.026
Fra:1 Mem:33.66M (Peak 33.66M) | Time:00:00.01 | Mem:0.02M, Peak:0.02M | Scene, ViewLayer | Synchronizing object | Sculpted mane lock.027
Fra:1 Mem:33.67M (Peak 33.67M) | Time:00:00.01 | Mem:0.02M, Peak:0.02M | Scene, ViewLayer | Synchronizing object | Sculpted mane lock.029
Fra:1 Mem:33.67M (Peak 33.67M) | Time:00:00.01 | Mem:0.02M, Peak:0.02M | Scene, ViewLayer | Synchronizing object | Sculpted mane lock.030
Fra:1 Mem:33.68M (Peak 33.68M) | Time:00:00.01 | Mem:0.02M, Peak:0.02M | Scene, ViewLayer | Synchronizing object | Flame tail tuft.005
Fra:1 Mem:33.70M (Peak 33.70M) | Time:00:00.01 | Mem:0.02M, Peak:0.02M | Scene, ViewLayer | Synchronizing object | Sculpted mane lock.033
Fra:1 Mem:33.72M (Peak 33.72M) | Time:00:00.01 | Mem:0.02M, Peak:0.02M | Scene, ViewLayer | Synchronizing object | Sculpted mane lock.032
Fra:1 Mem:33.71M (Peak 33.72M) | Time:00:00.01 | Mem:0.02M, Peak:0.02M | Scene, ViewLayer | Synchronizing object | Sculpted mane lock.034
Fra:1 Mem:33.73M (Peak 33.73M) | Time:00:00.01 | Mem:0.02M, Peak:0.02M | Scene, ViewLayer | Synchronizing object | Sculpted mane lock.036
Fra:1 Mem:33.72M (Peak 33.73M) | Time:00:00.01 | Mem:0.02M, Peak:0.02M | Scene, ViewLayer | Synchronizing object | Flame tail tuft.004
Fra:1 Mem:33.73M (Peak 33.73M) | Time:00:00.01 | Mem:0.02M, Peak:0.02M | Scene, ViewLayer | Synchronizing object | Sculpted mane lock.038
Fra:1 Mem:33.73M (Peak 33.73M) | Time:00:00.01 | Mem:0.02M, Peak:0.02M | Scene, ViewLayer | Synchronizing object | Flame tail tuft.003
Fra:1 Mem:33.74M (Peak 33.74M) | Time:00:00.01 | Mem:0.02M, Peak:0.02M | Scene, ViewLayer | Synchronizing object | Sculpted mane lock.039
Fra:1 Mem:33.74M (Peak 33.74M) | Time:00:00.01 | Mem:0.02M, Peak:0.02M | Scene, ViewLayer | Synchronizing object | Flame tail tuft.002
Fra:1 Mem:33.75M (Peak 33.75M) | Time:00:00.01 | Mem:0.02M, Peak:0.02M | Scene, ViewLayer | Synchronizing object | Flame tail tuft.001
Fra:1 Mem:33.76M (Peak 33.76M) | Time:00:00.01 | Mem:0.02M, Peak:0.02M | Scene, ViewLayer | Synchronizing object | Sculpted mane lock.040
Fra:1 Mem:33.76M (Peak 33.76M) | Time:00:00.01 | Mem:0.02M, Peak:0.02M | Scene, ViewLayer | Synchronizing object | Sculpted mane lock.041
Fra:1 Mem:33.77M (Peak 33.77M) | Time:00:00.01 | Mem:0.02M, Peak:0.02M | Scene, ViewLayer | Synchronizing object | Sculpted mane lock.042
Fra:1 Mem:33.77M (Peak 33.77M) | Time:00:00.01 | Mem:0.02M, Peak:0.02M | Scene, ViewLayer | Synchronizing object | Sculpted mane lock.043
Fra:1 Mem:33.78M (Peak 33.78M) | Time:00:00.01 | Mem:0.02M, Peak:0.02M | Scene, ViewLayer | Synchronizing object | Sculpted mane lock.044
Fra:1 Mem:33.78M (Peak 33.78M) | Time:00:00.01 | Mem:0.02M, Peak:0.02M | Scene, ViewLayer | Synchronizing object | Sculpted mane lock.045
Fra:1 Mem:33.79M (Peak 33.79M) | Time:00:00.01 | Mem:0.02M, Peak:0.02M | Scene, ViewLayer | Synchronizing object | Sculpted mane lock.047
Fra:1 Mem:33.80M (Peak 33.80M) | Time:00:00.01 | Mem:0.02M, Peak:0.02M | Scene, ViewLayer | Synchronizing object | Sculpted mane lock.048
Fra:1 Mem:33.82M (Peak 33.82M) | Time:00:00.01 | Mem:0.02M, Peak:0.02M | Scene, ViewLayer | Synchronizing object | Sculpted mane lock.049
Fra:1 Mem:33.83M (Peak 33.83M) | Time:00:00.01 | Mem:0.02M, Peak:0.02M | Scene, ViewLayer | Synchronizing object | Sculpted mane lock.050
Fra:1 Mem:33.83M (Peak 33.83M) | Time:00:00.01 | Mem:0.02M, Peak:0.02M | Scene, ViewLayer | Synchronizing object | Layered shoulder fur.001
Fra:1 Mem:33.84M (Peak 33.84M) | Time:00:00.01 | Mem:0.02M, Peak:0.02M | Scene, ViewLayer | Synchronizing object | Wrist fur
Fra:1 Mem:33.84M (Peak 33.84M) | Time:00:00.01 | Mem:0.02M, Peak:0.02M | Scene, ViewLayer | Synchronizing object | Wrist fur.002
Fra:1 Mem:33.85M (Peak 33.85M) | Time:00:00.01 | Mem:0.02M, Peak:0.02M | Scene, ViewLayer | Synchronizing object | Layered shoulder fur.003
Fra:1 Mem:33.86M (Peak 33.86M) | Time:00:00.01 | Mem:0.02M, Peak:0.02M | Scene, ViewLayer | Synchronizing object | Layered shoulder fur.005
Fra:1 Mem:33.89M (Peak 33.89M) | Time:00:00.01 | Mem:0.02M, Peak:0.02M | Scene, ViewLayer | Synchronizing object | Wrist fur.004
Fra:1 Mem:33.89M (Peak 33.89M) | Time:00:00.01 | Mem:0.02M, Peak:0.02M | Scene, ViewLayer | Synchronizing object | Wrist fur.005
Fra:1 Mem:33.89M (Peak 33.89M) | Time:00:00.01 | Mem:0.02M, Peak:0.02M | Scene, ViewLayer | Synchronizing object | Articulated tail
Fra:1 Mem:33.90M (Peak 33.90M) | Time:00:00.01 | Mem:0.02M, Peak:0.02M | Scene, ViewLayer | Synchronizing object | Layered shoulder fur.007
Fra:1 Mem:33.91M (Peak 33.91M) | Time:00:00.01 | Mem:0.02M, Peak:0.02M | Scene, ViewLayer | Synchronizing object | Layered shoulder fur.008
Fra:1 Mem:33.92M (Peak 33.92M) | Time:00:00.01 | Mem:0.02M, Peak:0.02M | Scene, ViewLayer | Synchronizing object | Wrist fur.006
Fra:1 Mem:33.93M (Peak 33.93M) | Time:00:00.01 | Mem:0.02M, Peak:0.02M | Scene, ViewLayer | Synchronizing object | Wrist fur.011
Fra:1 Mem:33.93M (Peak 33.93M) | Time:00:00.01 | Mem:0.02M, Peak:0.02M | Scene, ViewLayer | Synchronizing object | Wrist fur.008
Fra:1 Mem:33.95M (Peak 33.95M) | Time:00:00.01 | Mem:0.02M, Peak:0.02M | Scene, ViewLayer | Synchronizing object | Wrist fur.010
Fra:1 Mem:33.95M (Peak 33.95M) | Time:00:00.01 | Mem:0.02M, Peak:0.02M | Scene, ViewLayer | Synchronizing object | Layered shoulder fur.011
Fra:1 Mem:33.95M (Peak 33.95M) | Time:00:00.01 | Mem:0.02M, Peak:0.02M | Scene, ViewLayer | Synchronizing object | Wrist fur.009
Fra:1 Mem:33.98M (Peak 33.98M) | Time:00:00.01 | Mem:0.02M, Peak:0.02M | Scene, ViewLayer | Initializing
Fra:1 Mem:31.79M (Peak 33.98M) | Time:00:00.02 | Mem:0.02M, Peak:0.02M | Scene, ViewLayer | Updating Images | Loading Authored short-fur normal
Fra:1 Mem:26.69M (Peak 33.98M) | Time:00:00.04 | Mem:0.27M, Peak:0.27M | Scene, ViewLayer | Waiting for render to start
Fra:1 Mem:26.69M (Peak 33.98M) | Time:00:00.04 | Mem:0.27M, Peak:0.27M | Scene, ViewLayer | Updating Scene
Fra:1 Mem:26.69M (Peak 33.98M) | Time:00:00.04 | Mem:0.27M, Peak:0.27M | Scene, ViewLayer | Updating Shaders
Fra:1 Mem:26.69M (Peak 33.98M) | Time:00:00.04 | Mem:0.27M, Peak:0.27M | Scene, ViewLayer | Loading render kernels (may take a few minutes the first time)
Fra:1 Mem:26.77M (Peak 33.98M) | Time:00:00.11 | Mem:0.28M, Peak:0.28M | Scene, ViewLayer | Updating Procedurals
Fra:1 Mem:26.77M (Peak 33.98M) | Time:00:00.11 | Mem:0.28M, Peak:0.28M | Scene, ViewLayer | Updating Background
Fra:1 Mem:26.77M (Peak 33.98M) | Time:00:00.11 | Mem:0.28M, Peak:0.28M | Scene, ViewLayer | Updating Camera
Fra:1 Mem:26.77M (Peak 33.98M) | Time:00:00.11 | Mem:0.28M, Peak:0.28M | Scene, ViewLayer | Updating Meshes Flags
Fra:1 Mem:26.77M (Peak 33.98M) | Time:00:00.11 | Mem:0.28M, Peak:0.28M | Scene, ViewLayer | Updating Objects
Fra:1 Mem:26.77M (Peak 33.98M) | Time:00:00.11 | Mem:0.28M, Peak:0.28M | Scene, ViewLayer | Updating Objects | Copying Transformations to device
Fra:1 Mem:26.77M (Peak 33.98M) | Time:00:00.11 | Mem:0.33M, Peak:0.33M | Scene, ViewLayer | Updating Particle Systems
Fra:1 Mem:26.77M (Peak 33.98M) | Time:00:00.11 | Mem:0.33M, Peak:0.33M | Scene, ViewLayer | Updating Particle Systems | Copying Particles to device
Fra:1 Mem:26.77M (Peak 33.98M) | Time:00:00.11 | Mem:0.33M, Peak:0.33M | Scene, ViewLayer | Updating Meshes
Fra:1 Mem:27.79M (Peak 33.98M) | Time:00:00.13 | Mem:0.33M, Peak:0.33M | Scene, ViewLayer | Updating Objects | Applying Static Transformations
Fra:1 Mem:27.79M (Peak 33.98M) | Time:00:00.13 | Mem:0.33M, Peak:0.33M | Scene, ViewLayer | Updating Mesh | Computing attributes
Fra:1 Mem:29.22M (Peak 33.98M) | Time:00:00.13 | Mem:0.36M, Peak:0.36M | Scene, ViewLayer | Updating Mesh | Copying Attributes to device
Fra:1 Mem:27.79M (Peak 33.98M) | Time:00:00.28 | Mem:1.81M, Peak:1.81M | Scene, ViewLayer | Updating Geometry BVH Ivory claw 4/70 | Building BVH
Fra:1 Mem:27.79M (Peak 33.98M) | Time:00:00.28 | Mem:1.81M, Peak:1.81M | Scene, ViewLayer | Updating Geometry BVH Ivory claw.002 8/149 | Building BVH
Fra:1 Mem:27.79M (Peak 33.98M) | Time:00:00.28 | Mem:1.81M, Peak:1.81M | Scene, ViewLayer | Updating Geometry BVH Ivory claw.002 8/149 | Building mesh BLAS |     192 tris | Paw toe
Fra:1 Mem:27.79M (Peak 33.98M) | Time:00:00.28 | Mem:1.81M, Peak:1.81M | Scene, ViewLayer | Updating Geometry BVH Ivory claw.002 8/149 | Building mesh BLAS |     192 tris | Paw toe.001
Fra:1 Mem:27.79M (Peak 33.98M) | Time:00:00.28 | Mem:1.81M, Peak:1.81M | Scene, ViewLayer | Updating Geometry BVH Ivory claw.002 8/149 | Building mesh BLAS |      32 tris | Ivory claw.001
Fra:1 Mem:27.79M (Peak 33.98M) | Time:00:00.28 | Mem:1.81M, Peak:1.81M | Scene, ViewLayer | Updating Geometry BVH Ivory claw.002 8/149 | Building mesh BLAS |    4170 tris | ribcage
Fra:1 Mem:27.79M (Peak 33.98M) | Time:00:00.28 | Mem:1.81M, Peak:1.81M | Scene, ViewLayer | Updating Geometry BVH Warm rim 149/149 | Building BVH
Fra:1 Mem:27.79M (Peak 33.98M) | Time:00:00.28 | Mem:1.81M, Peak:1.81M | Scene, ViewLayer | Updating Geometry BVH Sky fill 148/149 | Building BVH
Fra:1 Mem:27.79M (Peak 33.98M) | Time:00:00.28 | Mem:1.81M, Peak:1.81M | Scene, ViewLayer | Updating Geometry BVH Sunset key 147/149 | Building BVH
Fra:1 Mem:27.79M (Peak 33.98M) | Time:00:00.28 | Mem:1.81M, Peak:1.81M | Scene, ViewLayer | Updating Geometry BVH Plane 146/149 | Building BVH
Fra:1 Mem:27.79M (Peak 33.98M) | Time:00:00.28 | Mem:1.81M, Peak:1.81M | Scene, ViewLayer | Updating Geometry BVH Plane 146/149 | Building mesh BLAS |       2 tris | Plane
Fra:1 Mem:27.79M (Peak 33.98M) | Time:00:00.28 | Mem:1.81M, Peak:1.81M | Scene, ViewLayer | Updating Geometry BVH Plane 146/149 | Building mesh BLAS |      32 tris | Ivory claw.002
Fra:1 Mem:27.79M (Peak 33.98M) | Time:00:00.28 | Mem:1.81M, Peak:1.81M | Scene, ViewLayer | Updating Geometry BVH Paw toe.003 9/149 | Building BVH
Fra:1 Mem:27.79M (Peak 33.98M) | Time:00:00.28 | Mem:1.81M, Peak:1.81M | Scene, ViewLayer | Updating Geometry BVH Paw toe.004 11/149 | Building BVH
Fra:1 Mem:27.79M (Peak 33.98M) | Time:00:00.28 | Mem:1.81M, Peak:1.81M | Scene, ViewLayer | Updating Geometry BVH Paw toe.004 11/149 | Building mesh BLAS |     192 tris | Paw toe.003
Fra:1 Mem:27.79M (Peak 33.98M) | Time:00:00.28 | Mem:1.81M, Peak:1.81M | Scene, ViewLayer | Updating Geometry BVH Paw toe.006 15/149 | Building BVH
Fra:1 Mem:27.79M (Peak 33.98M) | Time:00:00.28 | Mem:1.81M, Peak:1.81M | Scene, ViewLayer | Updating Geometry BVH Ivory claw.005 14/149 | Building mesh BLAS |      36 tris | Raised elemental crest
Fra:1 Mem:27.79M (Peak 33.98M) | Time:00:00.28 | Mem:1.81M, Peak:1.81M | Scene, ViewLayer | Updating Geometry BVH Ivory claw.005 14/149 | Building mesh BLAS |     192 tris | Paw toe.006
Fra:1 Mem:27.79M (Peak 33.98M) | Time:00:00.28 | Mem:1.81M, Peak:1.81M | Scene, ViewLayer | Updating Geometry BVH Ivory claw.005 14/149 | Building mesh BLAS |     192 tris | Paw toe.005
Fra:1 Mem:27.79M (Peak 33.98M) | Time:00:00.28 | Mem:1.81M, Peak:1.81M | Scene, ViewLayer | Updating Geometry BVH Ivory claw.005 14/149 | Building mesh BLAS |     192 tris | Paw toe.004
Fra:1 Mem:27.79M (Peak 33.98M) | Time:00:00.28 | Mem:1.81M, Peak:1.81M | Scene, ViewLayer | Updating Geometry BVH Ivory claw.005 14/149 | Building mesh BLAS |      32 tris | Ivory claw.005
Fra:1 Mem:27.79M (Peak 33.98M) | Time:00:00.28 | Mem:1.81M, Peak:1.81M | Scene, ViewLayer | Updating Geometry BVH Ivory claw.006 16/149 | Building BVH
Fra:1 Mem:27.79M (Peak 33.98M) | Time:00:00.28 | Mem:1.81M, Peak:1.81M | Scene, ViewLayer | Updating Geometry BVH Ivory claw.006 16/149 | Building mesh BLAS |      32 tris | Ivory claw.006
Fra:1 Mem:27.79M (Peak 33.98M) | Time:00:00.28 | Mem:1.81M, Peak:1.81M | Scene, ViewLayer | Updating Geometry BVH Paw toe.007 17/149 | Building BVH
Fra:1 Mem:27.79M (Peak 33.98M) | Time:00:00.28 | Mem:1.81M, Peak:1.81M | Scene, ViewLayer | Updating Geometry BVH Paw toe.007 17/149 | Building mesh BLAS |     192 tris | Paw toe.007
Fra:1 Mem:27.79M (Peak 33.98M) | Time:00:00.28 | Mem:1.81M, Peak:1.81M | Scene, ViewLayer | Updating Geometry BVH Ivory claw.007 18/149 | Building BVH
Fra:1 Mem:27.79M (Peak 33.98M) | Time:00:00.28 | Mem:1.81M, Peak:1.81M | Scene, ViewLayer | Updating Geometry BVH Ivory claw.007 18/149 | Building mesh BLAS |      32 tris | Ivory claw.007
Fra:1 Mem:27.79M (Peak 33.98M) | Time:00:00.28 | Mem:1.81M, Peak:1.81M | Scene, ViewLayer | Updating Geometry BVH Paw toe.008 19/149 | Building BVH
Fra:1 Mem:27.79M (Peak 33.98M) | Time:00:00.28 | Mem:1.81M, Peak:1.81M | Scene, ViewLayer | Updating Geometry BVH Paw toe.008 19/149 | Building mesh BLAS |     192 tris | Paw toe.008
Fra:1 Mem:27.79M (Peak 33.98M) | Time:00:00.28 | Mem:1.81M, Peak:1.81M | Scene, ViewLayer | Updating Geometry BVH Paw toe.008 19/149 | Building mesh BLAS |      32 tris | Ivory claw.004
Fra:1 Mem:27.79M (Peak 33.98M) | Time:00:00.28 | Mem:1.81M, Peak:1.81M | Scene, ViewLayer | Updating Geometry BVH Ivory claw.008 20/149 | Building BVH
Fra:1 Mem:27.79M (Peak 33.98M) | Time:00:00.28 | Mem:1.81M, Peak:1.81M | Scene, ViewLayer | Updating Geometry BVH Ivory claw.008 20/149 | Building mesh BLAS |      32 tris | Ivory claw.008
Fra:1 Mem:27.79M (Peak 33.98M) | Time:00:00.28 | Mem:1.81M, Peak:1.81M | Scene, ViewLayer | Updating Geometry BVH Paw toe.009 21/149 | Building BVH
Fra:1 Mem:27.79M (Peak 33.98M) | Time:00:00.28 | Mem:1.81M, Peak:1.81M | Scene, ViewLayer | Updating Geometry BVH Paw toe.009 21/149 | Building mesh BLAS |     192 tris | Paw toe.009
Fra:1 Mem:27.79M (Peak 33.98M) | Time:00:00.28 | Mem:1.81M, Peak:1.81M | Scene, ViewLayer | Updating Geometry BVH Brass crest clasp 144/149 | Building BVH
Fra:1 Mem:27.79M (Peak 33.98M) | Time:00:00.28 | Mem:1.81M, Peak:1.81M | Scene, ViewLayer | Updating Geometry BVH Paw toe.010 23/149 | Building BVH
Fra:1 Mem:27.79M (Peak 33.98M) | Time:00:00.28 | Mem:1.81M, Peak:1.81M | Scene, ViewLayer | Updating Geometry BVH Paw toe.010 23/149 | Building mesh BLAS |     320 tris | Brass crest clasp
Fra:1 Mem:27.79M (Peak 33.98M) | Time:00:00.28 | Mem:1.81M, Peak:1.81M | Scene, ViewLayer | Updating Geometry BVH Paw toe.010 23/149 | Building mesh BLAS |      32 tris | Ivory claw.009
Fra:1 Mem:27.79M (Peak 33.98M) | Time:00:00.28 | Mem:1.81M, Peak:1.81M | Scene, ViewLayer | Updating Geometry BVH Paw toe.011 25/149 | Building BVH
Fra:1 Mem:27.79M (Peak 33.98M) | Time:00:00.28 | Mem:1.81M, Peak:1.81M | Scene, ViewLayer | Updating Geometry BVH Paw toe.011 25/149 | Building mesh BLAS |     192 tris | Paw toe.011
Fra:1 Mem:27.79M (Peak 33.98M) | Time:00:00.28 | Mem:1.81M, Peak:1.81M | Scene, ViewLayer | Updating Geometry BVH Ivory claw.011 26/149 | Building mesh BLAS |      32 tris | Ivory claw.010
Fra:1 Mem:27.79M (Peak 33.98M) | Time:00:00.28 | Mem:1.81M, Peak:1.81M | Scene, ViewLayer | Updating Geometry BVH Skull 27/149 | Building BVH
Fra:1 Mem:27.79M (Peak 33.98M) | Time:00:00.28 | Mem:1.81M, Peak:1.81M | Scene, ViewLayer | Updating Geometry BVH Cream muzzle pad 28/149 | Building BVH
Fra:1 Mem:27.79M (Peak 33.98M) | Time:00:00.28 | Mem:1.81M, Peak:1.81M | Scene, ViewLayer | Updating Geometry BVH Cream muzzle pad 28/149 | Building mesh BLAS |     192 tris | Paw toe.010
Fra:1 Mem:27.79M (Peak 33.98M) | Time:00:00.28 | Mem:1.81M, Peak:1.81M | Scene, ViewLayer | Updating Geometry BVH Cream muzzle pad 28/149 | Building mesh BLAS |    2832 tris | Skull
Fra:1 Mem:27.79M (Peak 33.98M) | Time:00:00.28 | Mem:1.81M, Peak:1.81M | Scene, ViewLayer | Updating Geometry BVH Cream muzzle pad 28/149 | Building mesh BLAS |     480 tris | Cream muzzle pad
Fra:1 Mem:27.79M (Peak 33.98M) | Time:00:00.28 | Mem:1.81M, Peak:1.81M | Scene, ViewLayer | Updating Geometry BVH Neckerchief folded point 143/149 | Building BVH
Fra:1 Mem:27.79M (Peak 33.98M) | Time:00:00.28 | Mem:1.81M, Peak:1.81M | Scene, ViewLayer | Updating Geometry BVH Neckerchief folded point 143/149 | Building mesh BLAS |       4 tris | Neckerchief folded point
Fra:1 Mem:27.79M (Peak 33.98M) | Time:00:00.28 | Mem:1.81M, Peak:1.81M | Scene, ViewLayer | Updating Geometry BVH Cream muzzle pad.001 29/149 | Building BVH
Fra:1 Mem:27.79M (Peak 33.98M) | Time:00:00.28 | Mem:1.81M, Peak:1.81M | Scene, ViewLayer | Updating Geometry BVH Heart shaped nose 30/149 | Building BVH
Fra:1 Mem:27.79M (Peak 33.98M) | Time:00:00.28 | Mem:1.81M, Peak:1.81M | Scene, ViewLayer | Updating Geometry BVH Heart shaped nose 30/149 | Building mesh BLAS |     480 tris | Cream muzzle pad.001
Fra:1 Mem:27.79M (Peak 33.98M) | Time:00:00.28 | Mem:1.81M, Peak:1.81M | Scene, ViewLayer | Updating Geometry BVH Heart shaped nose 30/149 | Building mesh BLAS |       6 tris | Heart shaped nose
Fra:1 Mem:27.79M (Peak 33.98M) | Time:00:00.28 | Mem:1.81M, Peak:1.81M | Scene, ViewLayer | Updating Geometry BVH Eye socket 31/149 | Building BVH
Fra:1 Mem:27.79M (Peak 33.98M) | Time:00:00.28 | Mem:1.81M, Peak:1.81M | Scene, ViewLayer | Updating Geometry BVH Ivory eye 32/149 | Building BVH
Fra:1 Mem:27.79M (Peak 33.98M) | Time:00:00.28 | Mem:1.81M, Peak:1.81M | Scene, ViewLayer | Updating Geometry BVH Ivory eye 32/149 | Building mesh BLAS |     480 tris | Eye socket
Fra:1 Mem:27.79M (Peak 33.98M) | Time:00:00.28 | Mem:1.81M, Peak:1.81M | Scene, ViewLayer | Updating Geometry BVH Ivory eye 32/149 | Building mesh BLAS |     480 tris | Ivory eye
Fra:1 Mem:27.79M (Peak 33.98M) | Time:00:00.28 | Mem:1.81M, Peak:1.81M | Scene, ViewLayer | Updating Geometry BVH Iris 33/149 | Building BVH
Fra:1 Mem:27.79M (Peak 33.98M) | Time:00:00.28 | Mem:1.81M, Peak:1.81M | Scene, ViewLayer | Updating Geometry BVH Iris 33/149 | Building mesh BLAS |     480 tris | Iris
Fra:1 Mem:27.79M (Peak 33.98M) | Time:00:00.28 | Mem:1.81M, Peak:1.81M | Scene, ViewLayer | Updating Geometry BVH Pupil 34/149 | Building BVH
Fra:1 Mem:27.79M (Peak 33.98M) | Time:00:00.28 | Mem:1.81M, Peak:1.81M | Scene, ViewLayer | Updating Geometry BVH Eye glint 35/149 | Building BVH
Fra:1 Mem:27.79M (Peak 33.98M) | Time:00:00.28 | Mem:1.81M, Peak:1.81M | Scene, ViewLayer | Updating Geometry BVH Eye glint 35/149 | Building mesh BLAS |     192 tris | Eye glint
Fra:1 Mem:27.79M (Peak 33.98M) | Time:00:00.28 | Mem:1.81M, Peak:1.81M | Scene, ViewLayer | Updating Geometry BVH Expressive brow 36/149 | Building BVH
Fra:1 Mem:27.79M (Peak 33.98M) | Time:00:00.28 | Mem:1.81M, Peak:1.81M | Scene, ViewLayer | Updating Geometry BVH Expressive brow 36/149 | Building mesh BLAS |      44 tris | Expressive brow
Fra:1 Mem:27.79M (Peak 33.98M) | Time:00:00.28 | Mem:1.81M, Peak:1.81M | Scene, ViewLayer | Updating Geometry BVH Smiling mouth 37/149 | Building BVH
Fra:1 Mem:27.79M (Peak 33.98M) | Time:00:00.28 | Mem:1.81M, Peak:1.81M | Scene, ViewLayer | Updating Geometry BVH Smiling mouth 37/149 | Building mesh BLAS |      32 tris | Smiling mouth
Fra:1 Mem:27.79M (Peak 33.98M) | Time:00:00.28 | Mem:1.81M, Peak:1.81M | Scene, ViewLayer | Updating Geometry BVH Whisker pore 38/149 | Building BVH
Fra:1 Mem:27.79M (Peak 33.98M) | Time:00:00.28 | Mem:1.81M, Peak:1.81M | Scene, ViewLayer | Updating Geometry BVH Whisker pore 38/149 | Building mesh BLAS |      64 tris | Whisker pore
Fra:1 Mem:27.79M (Peak 33.98M) | Time:00:00.28 | Mem:1.81M, Peak:1.81M | Scene, ViewLayer | Updating Geometry BVH Whisker pore.001 39/149 | Building BVH
Fra:1 Mem:27.79M (Peak 33.98M) | Time:00:00.28 | Mem:1.81M, Peak:1.81M | Scene, ViewLayer | Updating Geometry BVH Whisker pore.002 40/149 | Building BVH
Fra:1 Mem:27.79M (Peak 33.98M) | Time:00:00.28 | Mem:1.81M, Peak:1.81M | Scene, ViewLayer | Updating Geometry BVH Whisker pore.002 40/149 | Building mesh BLAS |      76 tris | Leather neckerchief roll
Fra:1 Mem:27.79M (Peak 33.98M) | Time:00:00.28 | Mem:1.81M, Peak:1.81M | Scene, ViewLayer | Updating Geometry BVH Eye socket.001 41/149 | Building BVH
Fra:1 Mem:27.79M (Peak 33.98M) | Time:00:00.28 | Mem:1.81M, Peak:1.81M | Scene, ViewLayer | Updating Geometry BVH Ivory eye.001 42/149 | Building BVH
Fra:1 Mem:27.79M (Peak 33.98M) | Time:00:00.28 | Mem:1.81M, Peak:1.81M | Scene, ViewLayer | Updating Geometry BVH Ivory eye.001 42/149 | Building mesh BLAS |     480 tris | Eye socket.001
Fra:1 Mem:27.79M (Peak 33.98M) | Time:00:00.28 | Mem:1.81M, Peak:1.81M | Scene, ViewLayer | Updating Geometry BVH Ivory eye.001 42/149 | Building mesh BLAS |     480 tris | Ivory eye.001
Fra:1 Mem:27.79M (Peak 33.98M) | Time:00:00.28 | Mem:1.81M, Peak:1.81M | Scene, ViewLayer | Updating Geometry BVH Ivory eye.001 42/149 | Building mesh BLAS |      64 tris | Whisker pore.001
Fra:1 Mem:27.79M (Peak 33.98M) | Time:00:00.28 | Mem:1.81M, Peak:1.81M | Scene, ViewLayer | Updating Geometry BVH Iris.001 43/149 | Building BVH
Fra:1 Mem:27.79M (Peak 33.98M) | Time:00:00.28 | Mem:1.81M, Peak:1.81M | Scene, ViewLayer | Updating Geometry BVH Pupil.001 44/149 | Building BVH
Fra:1 Mem:27.79M (Peak 33.98M) | Time:00:00.28 | Mem:1.81M, Peak:1.81M | Scene, ViewLayer | Updating Geometry BVH Eye glint.001 45/149 | Building mesh BLAS |     480 tris | Iris.001
Fra:1 Mem:27.79M (Peak 33.98M) | Time:00:00.28 | Mem:1.81M, Peak:1.81M | Scene, ViewLayer | Updating Geometry BVH Eye glint.001 45/149 | Building mesh BLAS |     320 tris | Pupil.001
Fra:1 Mem:27.79M (Peak 33.98M) | Time:00:00.28 | Mem:1.81M, Peak:1.81M | Scene, ViewLayer | Updating Geometry BVH Eye glint.001 45/149 | Building mesh BLAS |     192 tris | Eye glint.001
Fra:1 Mem:27.79M (Peak 33.98M) | Time:00:00.28 | Mem:1.81M, Peak:1.81M | Scene, ViewLayer | Updating Geometry BVH Expressive brow.001 46/149 | Building BVH
Fra:1 Mem:27.79M (Peak 33.98M) | Time:00:00.28 | Mem:1.81M, Peak:1.81M | Scene, ViewLayer | Updating Geometry BVH Smiling mouth.001 47/149 | Building BVH
Fra:1 Mem:27.79M (Peak 33.98M) | Time:00:00.28 | Mem:1.81M, Peak:1.81M | Scene, ViewLayer | Updating Geometry BVH Whisker pore.003 48/149 | Building BVH
Fra:1 Mem:27.79M (Peak 33.98M) | Time:00:00.28 | Mem:1.81M, Peak:1.81M | Scene, ViewLayer | Updating Geometry BVH Whisker pore.003 48/149 | Building mesh BLAS |      32 tris | Smiling mouth.001
Fra:1 Mem:27.79M (Peak 33.98M) | Time:00:00.28 | Mem:1.81M, Peak:1.81M | Scene, ViewLayer | Updating Geometry BVH Whisker pore.004 49/149 | Building BVH
Fra:1 Mem:27.79M (Peak 33.98M) | Time:00:00.28 | Mem:1.81M, Peak:1.81M | Scene, ViewLayer | Updating Geometry BVH Whisker pore.005 50/149 | Building BVH
Fra:1 Mem:27.79M (Peak 33.98M) | Time:00:00.28 | Mem:1.81M, Peak:1.81M | Scene, ViewLayer | Updating Geometry BVH Whisker pore.005 50/149 | Building mesh BLAS |      64 tris | Whisker pore.005
Fra:1 Mem:27.79M (Peak 33.98M) | Time:00:00.28 | Mem:1.81M, Peak:1.81M | Scene, ViewLayer | Updating Geometry BVH Whisker pore.005 50/149 | Building mesh BLAS |      64 tris | Whisker pore.004
Fra:1 Mem:27.79M (Peak 33.98M) | Time:00:00.28 | Mem:1.81M, Peak:1.81M | Scene, ViewLayer | Updating Geometry BVH Lower jaw 51/149 | Building BVH
Fra:1 Mem:27.79M (Peak 33.98M) | Time:00:00.28 | Mem:1.81M, Peak:1.81M | Scene, ViewLayer | Updating Geometry BVH Lower jaw 51/149 | Building mesh BLAS |     400 tris | Lower jaw
Fra:1 Mem:27.79M (Peak 33.98M) | Time:00:00.28 | Mem:1.81M, Peak:1.81M | Scene, ViewLayer | Updating Geometry BVH Mouth cavity 52/149 | Building BVH
Fra:1 Mem:27.79M (Peak 33.98M) | Time:00:00.28 | Mem:1.81M, Peak:1.81M | Scene, ViewLayer | Updating Geometry BVH Lower canine 53/149 | Building BVH
Fra:1 Mem:27.79M (Peak 33.98M) | Time:00:00.28 | Mem:1.81M, Peak:1.81M | Scene, ViewLayer | Updating Geometry BVH Lower canine 53/149 | Building mesh BLAS |     360 tris | Mouth cavity
Fra:1 Mem:27.79M (Peak 33.98M) | Time:00:00.28 | Mem:1.81M, Peak:1.81M | Scene, ViewLayer | Updating Geometry BVH Lower canine 53/149 | Building mesh BLAS |      38 tris | Lower canine
Fra:1 Mem:27.79M (Peak 33.98M) | Time:00:00.28 | Mem:1.81M, Peak:1.81M | Scene, ViewLayer | Updating Geometry BVH Rounded lion ear 55/149 | Building BVH
Fra:1 Mem:27.79M (Peak 33.98M) | Time:00:00.28 | Mem:1.81M, Peak:1.81M | Scene, ViewLayer | Updating Geometry BVH Rounded lion ear 55/149 | Building mesh BLAS |     432 tris | Rounded lion ear
Fra:1 Mem:27.79M (Peak 33.98M) | Time:00:00.28 | Mem:1.81M, Peak:1.81M | Scene, ViewLayer | Updating Geometry BVH Rounded lion ear 55/149 | Building mesh BLAS |      38 tris | Lower canine.001
Fra:1 Mem:27.79M (Peak 33.98M) | Time:00:00.28 | Mem:1.81M, Peak:1.81M | Scene, ViewLayer | Updating Geometry BVH Flame tail tuft.006 141/149 | Building BVH
Fra:1 Mem:27.79M (Peak 33.98M) | Time:00:00.28 | Mem:1.81M, Peak:1.81M | Scene, ViewLayer | Updating Geometry BVH Flame tail tuft.006 141/149 | Building mesh BLAS |      44 tris | Flame tail tuft.006
Fra:1 Mem:27.79M (Peak 33.98M) | Time:00:00.28 | Mem:1.81M, Peak:1.81M | Scene, ViewLayer | Updating Geometry BVH Rounded lion ear.001 57/149 | Building BVH
Fra:1 Mem:27.79M (Peak 33.98M) | Time:00:00.28 | Mem:1.81M, Peak:1.81M | Scene, ViewLayer | Updating Geometry BVH Sculpted mane lock 59/149 | Building BVH
Fra:1 Mem:27.79M (Peak 33.98M) | Time:00:00.28 | Mem:1.81M, Peak:1.81M | Scene, ViewLayer | Updating Geometry BVH Sculpted mane lock 59/149 | Building mesh BLAS |     432 tris | Rounded lion ear.001
Fra:1 Mem:27.79M (Peak 33.98M) | Time:00:00.28 | Mem:1.81M, Peak:1.81M | Scene, ViewLayer | Updating Geometry BVH Sculpted mane lock 59/149 | Building mesh BLAS |      60 tris | Sculpted mane lock
Fra:1 Mem:27.79M (Peak 33.98M) | Time:00:00.28 | Mem:1.81M, Peak:1.81M | Scene, ViewLayer | Updating Geometry BVH Sculpted mane lock.001 60/149 | Building BVH
Fra:1 Mem:27.79M (Peak 33.98M) | Time:00:00.28 | Mem:1.81M, Peak:1.81M | Scene, ViewLayer | Updating Geometry BVH Sculpted mane lock.001 60/149 | Building mesh BLAS |     320 tris | Inner lion ear.001
Fra:1 Mem:27.79M (Peak 33.98M) | Time:00:00.28 | Mem:1.81M, Peak:1.81M | Scene, ViewLayer | Updating Geometry BVH Sculpted mane lock.002 61/149 | Building BVH
Fra:1 Mem:27.79M (Peak 33.98M) | Time:00:00.28 | Mem:1.81M, Peak:1.81M | Scene, ViewLayer | Updating Geometry BVH Sculpted mane lock.002 61/149 | Building mesh BLAS |     320 tris | Inner lion ear
Fra:1 Mem:27.79M (Peak 33.98M) | Time:00:00.28 | Mem:1.81M, Peak:1.81M | Scene, ViewLayer | Updating Geometry BVH Sculpted mane lock.002 61/149 | Building mesh BLAS |      60 tris | Sculpted mane lock.002
Fra:1 Mem:27.79M (Peak 33.98M) | Time:00:00.28 | Mem:1.81M, Peak:1.81M | Scene, ViewLayer | Updating Geometry BVH Sculpted mane lock.003 62/149 | Building BVH
Fra:1 Mem:27.79M (Peak 33.98M) | Time:00:00.28 | Mem:1.81M, Peak:1.81M | Scene, ViewLayer | Updating Geometry BVH Flame tail tuft.005 140/149 | Building BVH
Fra:1 Mem:27.79M (Peak 33.98M) | Time:00:00.28 | Mem:1.81M, Peak:1.81M | Scene, ViewLayer | Updating Geometry BVH Flame tail tuft.005 140/149 | Building mesh BLAS |      44 tris | Flame tail tuft.005
Fra:1 Mem:27.79M (Peak 33.98M) | Time:00:00.28 | Mem:1.81M, Peak:1.81M | Scene, ViewLayer | Updating Geometry BVH Flame tail tuft.005 140/149 | Building mesh BLAS |      60 tris | Sculpted mane lock.003
Fra:1 Mem:27.79M (Peak 33.98M) | Time:00:00.28 | Mem:1.81M, Peak:1.81M | Scene, ViewLayer | Updating Geometry BVH Sculpted mane lock.004 63/149 | Building BVH
Fra:1 Mem:27.79M (Peak 33.98M) | Time:00:00.28 | Mem:1.81M, Peak:1.81M | Scene, ViewLayer | Updating Geometry BVH Sculpted mane lock.004 63/149 | Building mesh BLAS |      60 tris | Sculpted mane lock.004
Fra:1 Mem:27.79M (Peak 33.98M) | Time:00:00.28 | Mem:1.81M, Peak:1.81M | Scene, ViewLayer | Updating Geometry BVH Sculpted mane lock.005 64/149 | Building BVH
Fra:1 Mem:27.79M (Peak 33.98M) | Time:00:00.28 | Mem:1.81M, Peak:1.81M | Scene, ViewLayer | Updating Geometry BVH Sculpted mane lock.005 64/149 | Building mesh BLAS |      60 tris | Sculpted mane lock.005
Fra:1 Mem:27.79M (Peak 33.98M) | Time:00:00.28 | Mem:1.81M, Peak:1.81M | Scene, ViewLayer | Updating Geometry BVH Flame tail tuft.004 139/149 | Building BVH
Fra:1 Mem:27.79M (Peak 33.98M) | Time:00:00.28 | Mem:1.81M, Peak:1.81M | Scene, ViewLayer | Updating Geometry BVH Flame tail tuft.004 139/149 | Building mesh BLAS |      44 tris | Flame tail tuft.004
Fra:1 Mem:27.79M (Peak 33.98M) | Time:00:00.28 | Mem:1.81M, Peak:1.81M | Scene, ViewLayer | Updating Geometry BVH Sculpted mane lock.006 65/149 | Building BVH
Fra:1 Mem:27.79M (Peak 33.98M) | Time:00:00.28 | Mem:1.81M, Peak:1.81M | Scene, ViewLayer | Updating Geometry BVH Sculpted mane lock.007 66/149 | Building BVH
Fra:1 Mem:27.79M (Peak 33.98M) | Time:00:00.28 | Mem:1.81M, Peak:1.81M | Scene, ViewLayer | Updating Geometry BVH Sculpted mane lock.007 66/149 | Building mesh BLAS |      60 tris | Sculpted mane lock.006
Fra:1 Mem:27.79M (Peak 33.98M) | Time:00:00.28 | Mem:1.81M, Peak:1.81M | Scene, ViewLayer | Updating Geometry BVH Sculpted mane lock.008 67/149 | Building BVH
Fra:1 Mem:27.80M (Peak 33.98M) | Time:00:00.28 | Mem:1.81M, Peak:1.81M | Scene, ViewLayer | Updating Geometry BVH Sculpted mane lock.009 68/149 | Building BVH
Fra:1 Mem:27.79M (Peak 33.98M) | Time:00:00.28 | Mem:1.81M, Peak:1.81M | Scene, ViewLayer | Updating Geometry BVH Sculpted mane lock.009 68/149 | Building mesh BLAS |      60 tris | Sculpted mane lock.008
Fra:1 Mem:27.79M (Peak 33.98M) | Time:00:00.28 | Mem:1.81M, Peak:1.81M | Scene, ViewLayer | Updating Geometry BVH Sculpted mane lock.009 68/149 | Building mesh BLAS |      60 tris | Sculpted mane lock.009
Fra:1 Mem:27.79M (Peak 33.98M) | Time:00:00.28 | Mem:1.81M, Peak:1.81M | Scene, ViewLayer | Updating Geometry BVH Sculpted mane lock.010 69/149 | Building BVH
Fra:1 Mem:27.79M (Peak 33.98M) | Time:00:00.28 | Mem:1.81M, Peak:1.81M | Scene, ViewLayer | Updating Geometry BVH Sculpted mane lock.010 69/149 | Building mesh BLAS |      60 tris | Sculpted mane lock.010
Fra:1 Mem:27.79M (Peak 33.98M) | Time:00:00.28 | Mem:1.81M, Peak:1.81M | Scene, ViewLayer | Updating Geometry BVH Sculpted mane lock.011 70/149 | Building BVH
Fra:1 Mem:27.79M (Peak 33.98M) | Time:00:00.28 | Mem:1.81M, Peak:1.81M | Scene, ViewLayer | Updating Geometry BVH Sculpted mane lock.011 70/149 | Building mesh BLAS |      60 tris | Sculpted mane lock.011
Fra:1 Mem:27.79M (Peak 33.98M) | Time:00:00.28 | Mem:1.81M, Peak:1.81M | Scene, ViewLayer | Updating Geometry BVH Sculpted mane lock.012 71/149 | Building BVH
Fra:1 Mem:27.79M (Peak 33.98M) | Time:00:00.28 | Mem:1.81M, Peak:1.81M | Scene, ViewLayer | Updating Geometry BVH Sculpted mane lock.012 71/149 | Building mesh BLAS |      60 tris | Sculpted mane lock.012
Fra:1 Mem:27.79M (Peak 33.98M) | Time:00:00.28 | Mem:1.81M, Peak:1.81M | Scene, ViewLayer | Updating Geometry BVH Flame tail tuft.003 138/149 | Building BVH
Fra:1 Mem:27.80M (Peak 33.98M) | Time:00:00.28 | Mem:1.81M, Peak:1.81M | Scene, ViewLayer | Updating Geometry BVH Flame tail tuft.003 138/149 | Building mesh BLAS |      44 tris | Flame tail tuft.003
Fra:1 Mem:27.80M (Peak 33.98M) | Time:00:00.29 | Mem:1.81M, Peak:1.81M | Scene, ViewLayer | Updating Geometry BVH Sculpted mane lock.013 72/149 | Building BVH
Fra:1 Mem:27.80M (Peak 33.98M) | Time:00:00.29 | Mem:1.81M, Peak:1.81M | Scene, ViewLayer | Updating Geometry BVH Sculpted mane lock.013 72/149 | Building mesh BLAS |      60 tris | Sculpted mane lock.013
Fra:1 Mem:27.80M (Peak 33.98M) | Time:00:00.29 | Mem:1.81M, Peak:1.81M | Scene, ViewLayer | Updating Geometry BVH Sculpted mane lock.014 73/149 | Building BVH
Fra:1 Mem:27.80M (Peak 33.98M) | Time:00:00.29 | Mem:1.81M, Peak:1.81M | Scene, ViewLayer | Updating Geometry BVH Sculpted mane lock.015 74/149 | Building BVH
Fra:1 Mem:27.80M (Peak 33.98M) | Time:00:00.29 | Mem:1.81M, Peak:1.81M | Scene, ViewLayer | Updating Geometry BVH Sculpted mane lock.017 76/149 | Building mesh BLAS |      60 tris | Sculpted mane lock.015
Fra:1 Mem:27.80M (Peak 33.98M) | Time:00:00.29 | Mem:1.81M, Peak:1.81M | Scene, ViewLayer | Updating Geometry BVH Sculpted mane lock.017 76/149 | Building mesh BLAS |      60 tris | Sculpted mane lock.016
Fra:1 Mem:27.80M (Peak 33.98M) | Time:00:00.29 | Mem:1.81M, Peak:1.81M | Scene, ViewLayer | Updating Geometry BVH Sculpted mane lock.017 76/149 | Building mesh BLAS |      60 tris | Sculpted mane lock.017
Fra:1 Mem:27.80M (Peak 33.98M) | Time:00:00.29 | Mem:1.81M, Peak:1.81M | Scene, ViewLayer | Updating Geometry BVH Sculpted mane lock.018 77/149 | Building BVH
Fra:1 Mem:27.80M (Peak 33.98M) | Time:00:00.29 | Mem:1.81M, Peak:1.81M | Scene, ViewLayer | Updating Geometry BVH Sculpted mane lock.018 77/149 | Building mesh BLAS |      60 tris | Sculpted mane lock.018
Fra:1 Mem:27.80M (Peak 33.98M) | Time:00:00.29 | Mem:1.81M, Peak:1.81M | Scene, ViewLayer | Updating Geometry BVH Sculpted mane lock.019 78/149 | Building BVH
Fra:1 Mem:27.80M (Peak 33.98M) | Time:00:00.29 | Mem:1.81M, Peak:1.81M | Scene, ViewLayer | Updating Geometry BVH Sculpted mane lock.019 78/149 | Building mesh BLAS |      60 tris | Sculpted mane lock.019
Fra:1 Mem:27.80M (Peak 33.98M) | Time:00:00.29 | Mem:1.81M, Peak:1.81M | Scene, ViewLayer | Updating Geometry BVH Flame tail tuft.002 137/149 | Building BVH
Fra:1 Mem:27.80M (Peak 33.98M) | Time:00:00.29 | Mem:1.81M, Peak:1.81M | Scene, ViewLayer | Updating Geometry BVH Flame tail tuft.002 137/149 | Building mesh BLAS |      44 tris | Flame tail tuft.002
Fra:1 Mem:27.80M (Peak 33.98M) | Time:00:00.29 | Mem:1.81M, Peak:1.81M | Scene, ViewLayer | Updating Geometry BVH Sculpted mane lock.020 79/149 | Building BVH
Fra:1 Mem:27.80M (Peak 33.98M) | Time:00:00.29 | Mem:1.81M, Peak:1.81M | Scene, ViewLayer | Updating Geometry BVH Sculpted mane lock.020 79/149 | Building mesh BLAS |      60 tris | Sculpted mane lock.020
Fra:1 Mem:27.80M (Peak 33.98M) | Time:00:00.29 | Mem:1.82M, Peak:1.82M | Scene, ViewLayer | Updating Geometry BVH Sculpted mane lock.021 80/149 | Building BVH
Fra:1 Mem:27.80M (Peak 33.98M) | Time:00:00.29 | Mem:1.82M, Peak:1.82M | Scene, ViewLayer | Updating Geometry BVH Sculpted mane lock.021 80/149 | Building mesh BLAS |      60 tris | Sculpted mane lock.021
Fra:1 Mem:27.80M (Peak 33.98M) | Time:00:00.29 | Mem:1.82M, Peak:1.82M | Scene, ViewLayer | Updating Geometry BVH Sculpted mane lock.022 81/149 | Building BVH
Fra:1 Mem:27.80M (Peak 33.98M) | Time:00:00.29 | Mem:1.82M, Peak:1.82M | Scene, ViewLayer | Updating Geometry BVH Sculpted mane lock.022 81/149 | Building mesh BLAS |      60 tris | Sculpted mane lock.022
Fra:1 Mem:27.80M (Peak 33.98M) | Time:00:00.29 | Mem:1.82M, Peak:1.82M | Scene, ViewLayer | Updating Geometry BVH Sculpted mane lock.023 82/149 | Building BVH
Fra:1 Mem:27.80M (Peak 33.98M) | Time:00:00.29 | Mem:1.82M, Peak:1.82M | Scene, ViewLayer | Updating Geometry BVH Sculpted mane lock.023 82/149 | Building mesh BLAS |      60 tris | Sculpted mane lock.023
Fra:1 Mem:27.80M (Peak 33.98M) | Time:00:00.29 | Mem:1.83M, Peak:1.83M | Scene, ViewLayer | Updating Geometry BVH Sculpted mane lock.024 83/149 | Building BVH
Fra:1 Mem:27.80M (Peak 33.98M) | Time:00:00.29 | Mem:1.83M, Peak:1.83M | Scene, ViewLayer | Updating Geometry BVH Sculpted mane lock.024 83/149 | Building mesh BLAS |      60 tris | Sculpted mane lock.024
Fra:1 Mem:27.80M (Peak 33.98M) | Time:00:00.29 | Mem:1.83M, Peak:1.83M | Scene, ViewLayer | Updating Geometry BVH Sculpted mane lock.025 84/149 | Building BVH
Fra:1 Mem:27.80M (Peak 33.98M) | Time:00:00.29 | Mem:1.83M, Peak:1.83M | Scene, ViewLayer | Updating Geometry BVH Sculpted mane lock.025 84/149 | Building mesh BLAS |      60 tris | Sculpted mane lock.025
Fra:1 Mem:27.80M (Peak 33.98M) | Time:00:00.29 | Mem:1.83M, Peak:1.83M | Scene, ViewLayer | Updating Geometry BVH Sculpted mane lock.026 85/149 | Building BVH
Fra:1 Mem:27.80M (Peak 33.98M) | Time:00:00.29 | Mem:1.83M, Peak:1.83M | Scene, ViewLayer | Updating Geometry BVH Sculpted mane lock.026 85/149 | Building mesh BLAS |      60 tris | Sculpted mane lock.026
Fra:1 Mem:27.80M (Peak 33.98M) | Time:00:00.29 | Mem:1.83M, Peak:1.83M | Scene, ViewLayer | Updating Geometry BVH Flame tail tuft.001 136/149 | Building BVH
Fra:1 Mem:27.80M (Peak 33.98M) | Time:00:00.29 | Mem:1.83M, Peak:1.83M | Scene, ViewLayer | Updating Geometry BVH Flame tail tuft.001 136/149 | Building mesh BLAS |      44 tris | Flame tail tuft.001
Fra:1 Mem:27.80M (Peak 33.98M) | Time:00:00.30 | Mem:1.83M, Peak:1.83M | Scene, ViewLayer | Updating Geometry BVH Sculpted mane lock.027 86/149 | Building BVH
Fra:1 Mem:27.80M (Peak 33.98M) | Time:00:00.30 | Mem:1.83M, Peak:1.83M | Scene, ViewLayer | Updating Geometry BVH Sculpted mane lock.028 87/149 | Building BVH
Fra:1 Mem:27.80M (Peak 33.98M) | Time:00:00.30 | Mem:1.83M, Peak:1.83M | Scene, ViewLayer | Updating Geometry BVH Sculpted mane lock.028 87/149 | Building mesh BLAS |      60 tris | Sculpted mane lock.027
Fra:1 Mem:27.80M (Peak 33.98M) | Time:00:00.30 | Mem:1.83M, Peak:1.83M | Scene, ViewLayer | Updating Geometry BVH Sculpted mane lock.028 87/149 | Building mesh BLAS |      60 tris | Sculpted mane lock.028
Fra:1 Mem:27.80M (Peak 33.98M) | Time:00:00.30 | Mem:2.03M, Peak:2.03M | Scene, ViewLayer | Updating Geometry BVH Sculpted mane lock.029 88/149 | Building BVH
Fra:1 Mem:27.80M (Peak 33.98M) | Time:00:00.30 | Mem:2.03M, Peak:2.03M | Scene, ViewLayer | Updating Geometry BVH Sculpted mane lock.029 88/149 | Building mesh BLAS |      60 tris | Sculpted mane lock.029
Fra:1 Mem:27.80M (Peak 33.98M) | Time:00:00.30 | Mem:2.05M, Peak:2.05M | Scene, ViewLayer | Updating Geometry BVH Sculpted mane lock.030 89/149 | Building BVH
Fra:1 Mem:27.80M (Peak 33.98M) | Time:00:00.30 | Mem:2.05M, Peak:2.05M | Scene, ViewLayer | Updating Geometry BVH Sculpted mane lock.032 91/149 | Building BVH
Fra:1 Mem:27.80M (Peak 33.98M) | Time:00:00.30 | Mem:2.05M, Peak:2.05M | Scene, ViewLayer | Updating Geometry BVH Sculpted mane lock.032 91/149 | Building mesh BLAS |      60 tris | Sculpted mane lock.032
Fra:1 Mem:27.80M (Peak 33.98M) | Time:00:00.30 | Mem:2.05M, Peak:2.05M | Scene, ViewLayer | Updating Geometry BVH Sculpted mane lock.033 92/149 | Building BVH
Fra:1 Mem:27.80M (Peak 33.98M) | Time:00:00.30 | Mem:2.05M, Peak:2.05M | Scene, ViewLayer | Updating Geometry BVH Sculpted mane lock.033 92/149 | Building mesh BLAS |      60 tris | Sculpted mane lock.033
Fra:1 Mem:27.80M (Peak 33.98M) | Time:00:00.30 | Mem:2.05M, Peak:2.05M | Scene, ViewLayer | Updating Geometry BVH Sculpted mane lock.033 92/149 | Building mesh BLAS |      60 tris | Sculpted mane lock.031
Fra:1 Mem:27.80M (Peak 33.98M) | Time:00:00.30 | Mem:2.05M, Peak:2.05M | Scene, ViewLayer | Updating Geometry BVH Flame tail tuft 135/149 | Building BVH
Fra:1 Mem:27.80M (Peak 33.98M) | Time:00:00.30 | Mem:2.05M, Peak:2.05M | Scene, ViewLayer | Updating Geometry BVH Flame tail tuft 135/149 | Building mesh BLAS |      44 tris | Flame tail tuft
Fra:1 Mem:27.80M (Peak 33.98M) | Time:00:00.30 | Mem:2.09M, Peak:2.09M | Scene, ViewLayer | Updating Geometry BVH Sculpted mane lock.035 94/149 | Building BVH
Fra:1 Mem:27.80M (Peak 33.98M) | Time:00:00.30 | Mem:2.09M, Peak:2.09M | Scene, ViewLayer | Updating Geometry BVH Sculpted mane lock.036 95/149 | Building BVH
Fra:1 Mem:27.80M (Peak 33.98M) | Time:00:00.30 | Mem:2.09M, Peak:2.09M | Scene, ViewLayer | Updating Geometry BVH Sculpted mane lock.036 95/149 | Building mesh BLAS |      60 tris | Sculpted mane lock.035
Fra:1 Mem:27.80M (Peak 33.98M) | Time:00:00.30 | Mem:2.09M, Peak:2.09M | Scene, ViewLayer | Updating Geometry BVH Sculpted mane lock.036 95/149 | Building mesh BLAS |      60 tris | Sculpted mane lock.034
Fra:1 Mem:27.80M (Peak 33.98M) | Time:00:00.30 | Mem:2.09M, Peak:2.09M | Scene, ViewLayer | Updating Geometry BVH Sculpted mane lock.036 95/149 | Building mesh BLAS |      60 tris | Sculpted mane lock.036
Fra:1 Mem:27.80M (Peak 33.98M) | Time:00:00.30 | Mem:2.27M, Peak:2.27M | Scene, ViewLayer | Updating Geometry BVH Sculpted mane lock.037 96/149 | Building BVH
Fra:1 Mem:27.80M (Peak 33.98M) | Time:00:00.30 | Mem:2.27M, Peak:2.27M | Scene, ViewLayer | Updating Geometry BVH Sculpted mane lock.037 96/149 | Building mesh BLAS |      60 tris | Sculpted mane lock.037
Fra:1 Mem:27.80M (Peak 33.98M) | Time:00:00.30 | Mem:2.33M, Peak:2.33M | Scene, ViewLayer | Updating Geometry BVH Sculpted mane lock.038 97/149 | Building BVH
Fra:1 Mem:27.80M (Peak 33.98M) | Time:00:00.30 | Mem:2.33M, Peak:2.33M | Scene, ViewLayer | Updating Geometry BVH Sculpted mane lock.039 98/149 | Building BVH
Fra:1 Mem:27.80M (Peak 33.98M) | Time:00:00.30 | Mem:2.40M, Peak:2.40M | Scene, ViewLayer | Updating Geometry BVH Sculpted mane lock.041 100/149 | Building BVH
Fra:1 Mem:27.80M (Peak 33.98M) | Time:00:00.30 | Mem:2.40M, Peak:2.40M | Scene, ViewLayer | Updating Geometry BVH Sculpted mane lock.042 101/149 | Building mesh BLAS |      60 tris | Sculpted mane lock.039
Fra:1 Mem:27.80M (Peak 33.98M) | Time:00:00.30 | Mem:2.43M, Peak:2.43M | Scene, ViewLayer | Updating Geometry BVH Sculpted mane lock.043 102/149 | Building BVH
Fra:1 Mem:27.80M (Peak 33.98M) | Time:00:00.30 | Mem:2.44M, Peak:2.44M | Scene, ViewLayer | Updating Geometry BVH Sculpted mane lock.043 102/149 | Building mesh BLAS |      60 tris | Sculpted mane lock.042
Fra:1 Mem:27.80M (Peak 33.98M) | Time:00:00.30 | Mem:2.45M, Peak:2.45M | Scene, ViewLayer | Updating Geometry BVH Sculpted mane lock.043 102/149 | Building mesh BLAS |     268 tris | Articulated tail
Fra:1 Mem:27.80M (Peak 33.98M) | Time:00:00.30 | Mem:2.52M, Peak:2.52M | Scene, ViewLayer | Updating Geometry BVH Sculpted mane lock.044 103/149 | Building BVH
Fra:1 Mem:27.80M (Peak 33.98M) | Time:00:00.30 | Mem:2.52M, Peak:2.52M | Scene, ViewLayer | Updating Geometry BVH Sculpted mane lock.045 104/149 | Building BVH
Fra:1 Mem:27.80M (Peak 33.98M) | Time:00:00.30 | Mem:2.52M, Peak:2.52M | Scene, ViewLayer | Updating Geometry BVH Sculpted mane lock.045 104/149 | Building mesh BLAS |      60 tris | Sculpted mane lock.045
Fra:1 Mem:27.80M (Peak 33.98M) | Time:00:00.30 | Mem:2.52M, Peak:2.52M | Scene, ViewLayer | Updating Geometry BVH Sculpted mane lock.045 104/149 | Building mesh BLAS |      60 tris | Sculpted mane lock.043
Fra:1 Mem:27.80M (Peak 33.98M) | Time:00:00.30 | Mem:2.52M, Peak:2.52M | Scene, ViewLayer | Updating Geometry BVH Sculpted mane lock.046 105/149 | Building BVH
Fra:1 Mem:27.80M (Peak 33.98M) | Time:00:00.30 | Mem:2.52M, Peak:2.52M | Scene, ViewLayer | Updating Geometry BVH Sculpted mane lock.046 105/149 | Building mesh BLAS |      60 tris | Sculpted mane lock.044
Fra:1 Mem:27.80M (Peak 33.98M) | Time:00:00.30 | Mem:2.52M, Peak:2.52M | Scene, ViewLayer | Updating Geometry BVH Sculpted mane lock.046 105/149 | Building mesh BLAS |      60 tris | Sculpted mane lock.046
Fra:1 Mem:27.80M (Peak 33.98M) | Time:00:00.30 | Mem:2.52M, Peak:2.52M | Scene, ViewLayer | Updating Geometry BVH Sculpted mane lock.047 106/149 | Building BVH
Fra:1 Mem:27.80M (Peak 33.98M) | Time:00:00.30 | Mem:2.55M, Peak:2.55M | Scene, ViewLayer | Updating Geometry BVH Sculpted mane lock.047 106/149 | Building mesh BLAS |      60 tris | Sculpted mane lock.047
Fra:1 Mem:27.80M (Peak 33.98M) | Time:00:00.30 | Mem:2.57M, Peak:2.57M | Scene, ViewLayer | Updating Geometry BVH Wrist fur.011 133/149 | Building BVH
Fra:1 Mem:27.80M (Peak 33.98M) | Time:00:00.30 | Mem:2.57M, Peak:2.57M | Scene, ViewLayer | Updating Geometry BVH Sculpted mane lock.048 107/149 | Building BVH
Fra:1 Mem:27.80M (Peak 33.98M) | Time:00:00.30 | Mem:2.57M, Peak:2.57M | Scene, ViewLayer | Updating Geometry BVH Sculpted mane lock.048 107/149 | Building mesh BLAS |      44 tris | Wrist fur.011
Fra:1 Mem:27.80M (Peak 33.98M) | Time:00:00.30 | Mem:2.57M, Peak:2.57M | Scene, ViewLayer | Updating Geometry BVH Sculpted mane lock.050 109/149 | Building BVH
Fra:1 Mem:27.80M (Peak 33.98M) | Time:00:00.30 | Mem:2.57M, Peak:2.57M | Scene, ViewLayer | Updating Geometry BVH Layered shoulder fur.001 111/149 | Building BVH
Fra:1 Mem:27.80M (Peak 33.98M) | Time:00:00.30 | Mem:2.57M, Peak:2.57M | Scene, ViewLayer | Updating Geometry BVH Layered shoulder fur.001 111/149 | Building mesh BLAS |      60 tris | Sculpted mane lock.050
Fra:1 Mem:27.80M (Peak 33.98M) | Time:00:00.30 | Mem:2.57M, Peak:2.57M | Scene, ViewLayer | Updating Geometry BVH Layered shoulder fur.001 111/149 | Building mesh BLAS |      44 tris | Layered shoulder fur.001
Fra:1 Mem:27.80M (Peak 33.98M) | Time:00:00.30 | Mem:2.57M, Peak:2.57M | Scene, ViewLayer | Updating Geometry BVH Layered shoulder fur.001 111/149 | Building mesh BLAS |      60 tris | Sculpted mane lock.049
Fra:1 Mem:27.80M (Peak 33.98M) | Time:00:00.30 | Mem:2.57M, Peak:2.57M | Scene, ViewLayer | Updating Geometry BVH Layered shoulder fur.001 111/149 | Building mesh BLAS |      44 tris | Layered shoulder fur
Fra:1 Mem:27.80M (Peak 33.98M) | Time:00:00.30 | Mem:2.58M, Peak:2.58M | Scene, ViewLayer | Updating Geometry BVH Layered shoulder fur.002 112/149 | Building BVH
Fra:1 Mem:27.80M (Peak 33.98M) | Time:00:00.30 | Mem:2.60M, Peak:2.60M | Scene, ViewLayer | Updating Geometry BVH Wrist fur 113/149 | Building BVH
Fra:1 Mem:27.80M (Peak 33.98M) | Time:00:00.30 | Mem:2.65M, Peak:2.65M | Scene, ViewLayer | Updating Geometry BVH Wrist fur.001 114/149 | Building BVH
Fra:1 Mem:27.80M (Peak 33.98M) | Time:00:00.30 | Mem:2.65M, Peak:2.65M | Scene, ViewLayer | Updating Geometry BVH Wrist fur.002 115/149 | Building mesh BLAS |      44 tris | Wrist fur
Fra:1 Mem:27.80M (Peak 33.98M) | Time:00:00.30 | Mem:2.65M, Peak:2.65M | Scene, ViewLayer | Updating Geometry BVH Layered shoulder fur.003 116/149 | Building mesh BLAS |      44 tris | Wrist fur.001
Fra:1 Mem:27.80M (Peak 33.98M) | Time:00:00.30 | Mem:2.65M, Peak:2.65M | Scene, ViewLayer | Updating Geometry BVH Layered shoulder fur.004 117/149 | Building BVH
Fra:1 Mem:27.80M (Peak 33.98M) | Time:00:00.30 | Mem:2.65M, Peak:2.65M | Scene, ViewLayer | Updating Geometry BVH Layered shoulder fur.005 118/149 | Building BVH
Fra:1 Mem:27.80M (Peak 33.98M) | Time:00:00.30 | Mem:2.65M, Peak:2.65M | Scene, ViewLayer | Updating Geometry BVH Layered shoulder fur.005 118/149 | Building mesh BLAS |      44 tris | Wrist fur.010
Fra:1 Mem:27.80M (Peak 33.98M) | Time:00:00.30 | Mem:2.65M, Peak:2.65M | Scene, ViewLayer | Updating Geometry BVH Layered shoulder fur.005 118/149 | Building mesh BLAS |      44 tris | Layered shoulder fur.005
Fra:1 Mem:27.80M (Peak 33.98M) | Time:00:00.30 | Mem:2.65M, Peak:2.65M | Scene, ViewLayer | Updating Geometry BVH Layered shoulder fur.005 118/149 | Building mesh BLAS |      44 tris | Wrist fur.002
Fra:1 Mem:27.80M (Peak 33.98M) | Time:00:00.30 | Mem:2.65M, Peak:2.65M | Scene, ViewLayer | Updating Geometry BVH Layered shoulder fur.005 118/149 | Building mesh BLAS |      44 tris | Layered shoulder fur.003
Fra:1 Mem:27.80M (Peak 33.98M) | Time:00:00.30 | Mem:2.65M, Peak:2.65M | Scene, ViewLayer | Updating Geometry BVH Wrist fur.003 119/149 | Building BVH
Fra:1 Mem:27.80M (Peak 33.98M) | Time:00:00.30 | Mem:2.68M, Peak:2.68M | Scene, ViewLayer | Updating Geometry BVH Wrist fur.004 120/149 | Building BVH
Fra:1 Mem:27.80M (Peak 33.98M) | Time:00:00.30 | Mem:2.71M, Peak:2.71M | Scene, ViewLayer | Updating Geometry BVH Wrist fur.005 121/149 | Building BVH
Fra:1 Mem:27.80M (Peak 33.98M) | Time:00:00.30 | Mem:2.71M, Peak:2.71M | Scene, ViewLayer | Updating Geometry BVH Wrist fur.009 131/149 | Building BVH
Fra:1 Mem:27.80M (Peak 33.98M) | Time:00:00.30 | Mem:2.71M, Peak:2.71M | Scene, ViewLayer | Updating Geometry BVH Layered shoulder fur.007 123/149 | Building BVH
Fra:1 Mem:27.80M (Peak 33.98M) | Time:00:00.30 | Mem:2.71M, Peak:2.71M | Scene, ViewLayer | Updating Geometry BVH Layered shoulder fur.007 123/149 | Building mesh BLAS |      44 tris | Wrist fur.005
Fra:1 Mem:27.80M (Peak 33.98M) | Time:00:00.30 | Mem:2.71M, Peak:2.71M | Scene, ViewLayer | Updating Geometry BVH Layered shoulder fur.008 124/149 | Building mesh BLAS |      44 tris | Layered shoulder fur.006
Fra:1 Mem:27.80M (Peak 33.98M) | Time:00:00.30 | Mem:2.71M, Peak:2.71M | Scene, ViewLayer | Updating Geometry BVH Wrist fur.006 125/149 | Building BVH
Fra:1 Mem:27.80M (Peak 33.98M) | Time:00:00.30 | Mem:2.72M, Peak:2.72M | Scene, ViewLayer | Updating Geometry BVH Wrist fur.006 125/149 | Building mesh BLAS |      44 tris | Wrist fur.009
Fra:1 Mem:27.80M (Peak 33.98M) | Time:00:00.30 | Mem:2.72M, Peak:2.72M | Scene, ViewLayer | Updating Geometry BVH Wrist fur.006 125/149 | Building mesh BLAS |      44 tris | Wrist fur.006
Fra:1 Mem:27.80M (Peak 33.98M) | Time:00:00.30 | Mem:2.72M, Peak:2.72M | Scene, ViewLayer | Updating Geometry BVH Wrist fur.006 125/149 | Building mesh BLAS |      44 tris | Layered shoulder fur.008
Fra:1 Mem:27.80M (Peak 33.98M) | Time:00:00.30 | Mem:2.73M, Peak:2.73M | Scene, ViewLayer | Updating Geometry BVH Wrist fur.006 125/149 | Building mesh BLAS |      44 tris | Layered shoulder fur.007
Fra:1 Mem:27.80M (Peak 33.98M) | Time:00:00.30 | Mem:2.73M, Peak:2.73M | Scene, ViewLayer | Updating Geometry BVH Wrist fur.007 126/149 | Building BVH
Fra:1 Mem:27.80M (Peak 33.98M) | Time:00:00.30 | Mem:2.73M, Peak:2.73M | Scene, ViewLayer | Updating Geometry BVH Wrist fur.008 127/149 | Building BVH
Fra:1 Mem:27.80M (Peak 33.98M) | Time:00:00.30 | Mem:2.73M, Peak:2.73M | Scene, ViewLayer | Updating Geometry BVH Layered shoulder fur.011 130/149 | Building BVH
Fra:1 Mem:27.80M (Peak 33.98M) | Time:00:00.30 | Mem:2.73M, Peak:2.73M | Scene, ViewLayer | Updating Geometry BVH Layered shoulder fur.010 129/149 | Building BVH
Fra:1 Mem:27.80M (Peak 33.98M) | Time:00:00.30 | Mem:2.73M, Peak:2.73M | Scene, ViewLayer | Updating Geometry BVH Layered shoulder fur.010 129/149 | Building mesh BLAS |      44 tris | Wrist fur.007
Fra:1 Mem:27.80M (Peak 33.98M) | Time:00:00.30 | Mem:2.73M, Peak:2.73M | Scene, ViewLayer | Updating Geometry BVH Layered shoulder fur.010 129/149 | Building mesh BLAS |      44 tris | Layered shoulder fur.009
Fra:1 Mem:27.80M (Peak 33.98M) | Time:00:00.30 | Mem:2.73M, Peak:2.73M | Scene, ViewLayer | Updating Geometry BVH Layered shoulder fur.010 129/149 | Building mesh BLAS |      44 tris | Layered shoulder fur.011
Fra:1 Mem:27.80M (Peak 33.98M) | Time:00:00.30 | Mem:2.73M, Peak:2.73M | Scene, ViewLayer | Updating Geometry BVH Layered shoulder fur.010 129/149 | Building mesh BLAS |      44 tris | Layered shoulder fur.010
Fra:1 Mem:27.80M (Peak 33.98M) | Time:00:00.30 | Mem:2.74M, Peak:2.74M | Scene, ViewLayer | Updating Scene BVH | Building
Fra:1 Mem:27.80M (Peak 33.98M) | Time:00:00.32 | Mem:2.90M, Peak:2.90M | Scene, ViewLayer | Updating Scene BVH | Building TLAS      |     149 instances
Fra:1 Mem:27.80M (Peak 33.98M) | Time:00:00.32 | Mem:2.95M, Peak:2.95M | Scene, ViewLayer | Updating Scene BVH | Copying BVH to device
Fra:1 Mem:27.80M (Peak 33.98M) | Time:00:00.32 | Mem:2.95M, Peak:2.95M | Scene, ViewLayer | Updating Mesh | Computing normals
Fra:1 Mem:28.42M (Peak 33.98M) | Time:00:00.32 | Mem:2.95M, Peak:2.95M | Scene, ViewLayer | Updating Mesh | Copying Mesh to device
Fra:1 Mem:27.80M (Peak 33.98M) | Time:00:00.32 | Mem:3.59M, Peak:3.59M | Scene, ViewLayer | Updating Objects Flags
Fra:1 Mem:27.80M (Peak 33.98M) | Time:00:00.32 | Mem:3.59M, Peak:3.59M | Scene, ViewLayer | Updating Primitive Offsets
Fra:1 Mem:27.80M (Peak 33.98M) | Time:00:00.32 | Mem:3.60M, Peak:3.60M | Scene, ViewLayer | Updating Images
Fra:1 Mem:27.80M (Peak 33.98M) | Time:00:00.32 | Mem:3.60M, Peak:3.60M | Scene, ViewLayer | Updating Camera Volume
Fra:1 Mem:27.80M (Peak 33.98M) | Time:00:00.32 | Mem:3.60M, Peak:3.60M | Scene, ViewLayer | Updating Lookup Tables
Fra:1 Mem:27.72M (Peak 33.98M) | Time:00:00.32 | Mem:3.69M, Peak:3.69M | Scene, ViewLayer | Updating Lights
Fra:1 Mem:27.72M (Peak 33.98M) | Time:00:00.32 | Mem:3.69M, Peak:3.69M | Scene, ViewLayer | Updating Lights | Computing tree
Fra:1 Mem:27.72M (Peak 33.98M) | Time:00:00.32 | Mem:3.69M, Peak:3.69M | Scene, ViewLayer | Updating Integrator
Fra:1 Mem:27.72M (Peak 33.98M) | Time:00:00.32 | Mem:3.69M, Peak:3.69M | Scene, ViewLayer | Updating Film
Fra:1 Mem:27.80M (Peak 33.98M) | Time:00:00.32 | Mem:3.60M, Peak:3.69M | Scene, ViewLayer | Updating Lookup Tables
Fra:1 Mem:27.72M (Peak 33.98M) | Time:00:00.32 | Mem:3.69M, Peak:3.69M | Scene, ViewLayer | Updating Baking
Fra:1 Mem:27.72M (Peak 33.98M) | Time:00:00.32 | Mem:3.69M, Peak:3.69M | Scene, ViewLayer | Updating Device | Writing constant memory
Fra:1 Mem:27.72M (Peak 33.98M) | Time:00:00.36 | Mem:3.69M, Peak:3.69M | Scene, ViewLayer | Loading denoising kernels (may take a few minutes the first time)
Fra:1 Mem:27.72M (Peak 59.72M) | Time:00:00.37 | Mem:2819.70M, Peak:2819.70M | Scene, ViewLayer | Sample 0/12 (Using optimized kernels)
Fra:1 Mem:27.72M (Peak 63.23M) | Time:00:00.90 | Remaining:00:05.88 | Mem:2855.24M, Peak:2855.24M | Scene, ViewLayer | Sample 1/12 (Using optimized kernels)
Fra:1 Mem:42.67M (Peak 65.10M) | Time:00:05.61 | Mem:2855.25M, Peak:2855.25M | Scene, ViewLayer | Sample 12/12 (Using optimized kernels)
Fra:1 Mem:42.67M (Peak 65.10M) | Time:00:05.61 | Mem:2855.25M, Peak:2855.25M | Scene, ViewLayer | Finished
Saved: '/Users/chikumatsuboi/Code/animal-racers-western/assets/source/western/qa/lion-race_idle-01.png'
Time: 00:05.87 (Saving: 00:00.18)

Fra:1 Mem:32.05M (Peak 32.05M) | Time:00:00.01 | Mem:0.02M, Peak:0.02M | Scene, ViewLayer | Synchronizing object | Body • continuous sculpted skin
Fra:1 Mem:32.05M (Peak 32.05M) | Time:00:00.01 | Mem:0.02M, Peak:0.02M | Scene, ViewLayer | Synchronizing object | Ivory claw.002
Fra:1 Mem:32.33M (Peak 32.33M) | Time:00:00.01 | Mem:0.02M, Peak:0.02M | Scene, ViewLayer | Synchronizing object | Paw toe.003
Fra:1 Mem:32.35M (Peak 32.35M) | Time:00:00.01 | Mem:0.02M, Peak:0.02M | Scene, ViewLayer | Synchronizing object | Ivory claw.003
Fra:1 Mem:32.37M (Peak 32.37M) | Time:00:00.01 | Mem:0.02M, Peak:0.02M | Scene, ViewLayer | Synchronizing object | Ivory claw.004
Fra:1 Mem:32.38M (Peak 32.38M) | Time:00:00.01 | Mem:0.02M, Peak:0.02M | Scene, ViewLayer | Synchronizing object | Paw toe.006
Fra:1 Mem:32.40M (Peak 32.40M) | Time:00:00.01 | Mem:0.02M, Peak:0.02M | Scene, ViewLayer | Synchronizing object | Paw toe.007
Fra:1 Mem:32.46M (Peak 32.46M) | Time:00:00.01 | Mem:0.02M, Peak:0.02M | Scene, ViewLayer | Synchronizing object | Ivory claw.007
Fra:1 Mem:32.60M (Peak 32.60M) | Time:00:00.01 | Mem:0.02M, Peak:0.02M | Scene, ViewLayer | Synchronizing object | Paw toe.009
Fra:1 Mem:32.59M (Peak 32.60M) | Time:00:00.01 | Mem:0.02M, Peak:0.02M | Scene, ViewLayer | Synchronizing object | Ivory claw.008
Fra:1 Mem:32.60M (Peak 32.60M) | Time:00:00.01 | Mem:0.02M, Peak:0.02M | Scene, ViewLayer | Synchronizing object | Paw toe.010
Fra:1 Mem:32.63M (Peak 32.63M) | Time:00:00.01 | Mem:0.02M, Peak:0.02M | Scene, ViewLayer | Synchronizing object | Ivory claw.010
Fra:1 Mem:32.65M (Peak 32.65M) | Time:00:00.01 | Mem:0.02M, Peak:0.02M | Scene, ViewLayer | Synchronizing object | Ivory claw.011
Fra:1 Mem:32.66M (Peak 32.66M) | Time:00:00.01 | Mem:0.02M, Peak:0.02M | Scene, ViewLayer | Synchronizing object | Head • species sculpt
Fra:1 Mem:32.66M (Peak 32.66M) | Time:00:00.01 | Mem:0.02M, Peak:0.02M | Scene, ViewLayer | Synchronizing object | Cream muzzle pad
Fra:1 Mem:32.81M (Peak 32.81M) | Time:00:00.01 | Mem:0.02M, Peak:0.02M | Scene, ViewLayer | Synchronizing object | Cream muzzle pad.001
Fra:1 Mem:32.88M (Peak 32.88M) | Time:00:00.01 | Mem:0.02M, Peak:0.02M | Scene, ViewLayer | Synchronizing object | Heart shaped nose
Fra:1 Mem:32.89M (Peak 32.89M) | Time:00:00.01 | Mem:0.02M, Peak:0.02M | Scene, ViewLayer | Synchronizing object | Eye socket
Fra:1 Mem:32.90M (Peak 32.90M) | Time:00:00.01 | Mem:0.02M, Peak:0.02M | Scene, ViewLayer | Synchronizing object | Ivory eye
Fra:1 Mem:32.94M (Peak 32.94M) | Time:00:00.01 | Mem:0.02M, Peak:0.02M | Scene, ViewLayer | Synchronizing object | Iris
Fra:1 Mem:32.92M (Peak 32.94M) | Time:00:00.01 | Mem:0.02M, Peak:0.02M | Scene, ViewLayer | Synchronizing object | Pupil
Fra:1 Mem:32.98M (Peak 32.98M) | Time:00:00.01 | Mem:0.02M, Peak:0.02M | Scene, ViewLayer | Synchronizing object | Eye glint
Fra:1 Mem:33.02M (Peak 33.02M) | Time:00:00.01 | Mem:0.02M, Peak:0.02M | Scene, ViewLayer | Synchronizing object | Expressive brow
Fra:1 Mem:33.04M (Peak 33.04M) | Time:00:00.01 | Mem:0.02M, Peak:0.02M | Scene, ViewLayer | Synchronizing object | Smiling mouth
Fra:1 Mem:33.05M (Peak 33.05M) | Time:00:00.01 | Mem:0.02M, Peak:0.02M | Scene, ViewLayer | Synchronizing object | Whisker pore.001
Fra:1 Mem:33.08M (Peak 33.08M) | Time:00:00.01 | Mem:0.02M, Peak:0.02M | Scene, ViewLayer | Synchronizing object | Ivory eye.001
Fra:1 Mem:33.15M (Peak 33.15M) | Time:00:00.01 | Mem:0.02M, Peak:0.02M | Scene, ViewLayer | Synchronizing object | Iris.001
Fra:1 Mem:33.18M (Peak 33.18M) | Time:00:00.01 | Mem:0.02M, Peak:0.02M | Scene, ViewLayer | Synchronizing object | Pupil.001
Fra:1 Mem:33.22M (Peak 33.22M) | Time:00:00.01 | Mem:0.02M, Peak:0.02M | Scene, ViewLayer | Synchronizing object | Expressive brow.001
Fra:1 Mem:33.29M (Peak 33.29M) | Time:00:00.01 | Mem:0.02M, Peak:0.02M | Scene, ViewLayer | Synchronizing object | Smiling mouth.001
Fra:1 Mem:33.30M (Peak 33.30M) | Time:00:00.01 | Mem:0.02M, Peak:0.02M | Scene, ViewLayer | Synchronizing object | Whisker pore.003
Fra:1 Mem:33.31M (Peak 33.31M) | Time:00:00.01 | Mem:0.02M, Peak:0.02M | Scene, ViewLayer | Synchronizing object | Whisker pore.005
Fra:1 Mem:33.31M (Peak 33.31M) | Time:00:00.01 | Mem:0.02M, Peak:0.02M | Scene, ViewLayer | Synchronizing object | Lower canine.001
Fra:1 Mem:33.32M (Peak 33.32M) | Time:00:00.01 | Mem:0.02M, Peak:0.02M | Scene, ViewLayer | Synchronizing object | Rounded lion ear
Fra:1 Mem:33.36M (Peak 33.36M) | Time:00:00.01 | Mem:0.02M, Peak:0.02M | Scene, ViewLayer | Synchronizing object | Inner lion ear
Fra:1 Mem:33.36M (Peak 33.36M) | Time:00:00.01 | Mem:0.02M, Peak:0.02M | Scene, ViewLayer | Synchronizing object | Rounded lion ear.001
Fra:1 Mem:33.46M (Peak 33.46M) | Time:00:00.01 | Mem:0.02M, Peak:0.02M | Scene, ViewLayer | Synchronizing object | Inner lion ear.001
Fra:1 Mem:33.50M (Peak 33.50M) | Time:00:00.01 | Mem:0.02M, Peak:0.02M | Scene, ViewLayer | Synchronizing object | Sculpted mane lock
Fra:1 Mem:33.52M (Peak 33.52M) | Time:00:00.01 | Mem:0.02M, Peak:0.02M | Scene, ViewLayer | Synchronizing object | Sculpted mane lock.004
Fra:1 Mem:33.53M (Peak 33.53M) | Time:00:00.01 | Mem:0.02M, Peak:0.02M | Scene, ViewLayer | Synchronizing object | Sculpted mane lock.005
Fra:1 Mem:33.56M (Peak 33.56M) | Time:00:00.01 | Mem:0.02M, Peak:0.02M | Scene, ViewLayer | Synchronizing object | Sculpted mane lock.006
Fra:1 Mem:33.57M (Peak 33.57M) | Time:00:00.01 | Mem:0.02M, Peak:0.02M | Scene, ViewLayer | Synchronizing object | Sculpted mane lock.008
Fra:1 Mem:33.58M (Peak 33.58M) | Time:00:00.01 | Mem:0.02M, Peak:0.02M | Scene, ViewLayer | Synchronizing object | Sculpted mane lock.009
Fra:1 Mem:33.58M (Peak 33.58M) | Time:00:00.01 | Mem:0.02M, Peak:0.02M | Scene, ViewLayer | Synchronizing object | Sculpted mane lock.010
Fra:1 Mem:33.59M (Peak 33.59M) | Time:00:00.01 | Mem:0.02M, Peak:0.02M | Scene, ViewLayer | Synchronizing object | Sculpted mane lock.011
Fra:1 Mem:33.59M (Peak 33.59M) | Time:00:00.01 | Mem:0.02M, Peak:0.02M | Scene, ViewLayer | Synchronizing object | Sculpted mane lock.012
Fra:1 Mem:33.62M (Peak 33.62M) | Time:00:00.01 | Mem:0.02M, Peak:0.02M | Scene, ViewLayer | Synchronizing object | Sculpted mane lock.014
Fra:1 Mem:33.61M (Peak 33.62M) | Time:00:00.01 | Mem:0.02M, Peak:0.02M | Scene, ViewLayer | Synchronizing object | Sculpted mane lock.015
Fra:1 Mem:33.61M (Peak 33.62M) | Time:00:00.01 | Mem:0.02M, Peak:0.02M | Scene, ViewLayer | Synchronizing object | Sculpted mane lock.016
Fra:1 Mem:33.62M (Peak 33.62M) | Time:00:00.01 | Mem:0.02M, Peak:0.02M | Scene, ViewLayer | Synchronizing object | Warm rim
Fra:1 Mem:33.63M (Peak 33.63M) | Time:00:00.01 | Mem:0.02M, Peak:0.02M | Scene, ViewLayer | Synchronizing object | Sculpted mane lock.018
Fra:1 Mem:33.63M (Peak 33.63M) | Time:00:00.01 | Mem:0.02M, Peak:0.02M | Scene, ViewLayer | Synchronizing object | Sculpted mane lock.019
Fra:1 Mem:33.64M (Peak 33.64M) | Time:00:00.01 | Mem:0.02M, Peak:0.02M | Scene, ViewLayer | Synchronizing object | Sculpted mane lock.020
Fra:1 Mem:33.65M (Peak 33.65M) | Time:00:00.01 | Mem:0.02M, Peak:0.02M | Scene, ViewLayer | Synchronizing object | Sculpted mane lock.022
Fra:1 Mem:33.66M (Peak 33.66M) | Time:00:00.01 | Mem:0.02M, Peak:0.02M | Scene, ViewLayer | Synchronizing object | Sculpted mane lock.024
Fra:1 Mem:33.67M (Peak 33.67M) | Time:00:00.01 | Mem:0.02M, Peak:0.02M | Scene, ViewLayer | Synchronizing object | Sculpted mane lock.025
Fra:1 Mem:33.67M (Peak 33.67M) | Time:00:00.01 | Mem:0.02M, Peak:0.02M | Scene, ViewLayer | Synchronizing object | Sculpted mane lock.026
Fra:1 Mem:33.69M (Peak 33.69M) | Time:00:00.01 | Mem:0.02M, Peak:0.02M | Scene, ViewLayer | Synchronizing object | Sculpted mane lock.027
Fra:1 Mem:33.68M (Peak 33.69M) | Time:00:00.01 | Mem:0.02M, Peak:0.02M | Scene, ViewLayer | Synchronizing object | Sculpted mane lock.028
Fra:1 Mem:33.68M (Peak 33.69M) | Time:00:00.01 | Mem:0.02M, Peak:0.02M | Scene, ViewLayer | Synchronizing object | Sunset key
Fra:1 Mem:33.69M (Peak 33.69M) | Time:00:00.01 | Mem:0.02M, Peak:0.02M | Scene, ViewLayer | Synchronizing object | Sculpted mane lock.030
Fra:1 Mem:33.69M (Peak 33.69M) | Time:00:00.01 | Mem:0.02M, Peak:0.02M | Scene, ViewLayer | Synchronizing object | Plane
Fra:1 Mem:33.70M (Peak 33.70M) | Time:00:00.01 | Mem:0.02M, Peak:0.02M | Scene, ViewLayer | Synchronizing object | Sculpted mane lock.031
Fra:1 Mem:33.70M (Peak 33.70M) | Time:00:00.01 | Mem:0.02M, Peak:0.02M | Scene, ViewLayer | Synchronizing object | Sculpted mane lock.033
Fra:1 Mem:33.71M (Peak 33.71M) | Time:00:00.01 | Mem:0.02M, Peak:0.02M | Scene, ViewLayer | Synchronizing object | Sculpted mane lock.034
Fra:1 Mem:33.72M (Peak 33.72M) | Time:00:00.01 | Mem:0.02M, Peak:0.02M | Scene, ViewLayer | Synchronizing object | Sculpted mane lock.035
Fra:1 Mem:33.72M (Peak 33.72M) | Time:00:00.01 | Mem:0.02M, Peak:0.02M | Scene, ViewLayer | Synchronizing object | Sculpted mane lock.037
Fra:1 Mem:33.73M (Peak 33.73M) | Time:00:00.01 | Mem:0.02M, Peak:0.02M | Scene, ViewLayer | Synchronizing object | Sculpted mane lock.039
Fra:1 Mem:33.75M (Peak 33.75M) | Time:00:00.01 | Mem:0.02M, Peak:0.02M | Scene, ViewLayer | Synchronizing object | Sculpted mane lock.041
Fra:1 Mem:33.75M (Peak 33.75M) | Time:00:00.01 | Mem:0.02M, Peak:0.02M | Scene, ViewLayer | Synchronizing object | Sculpted mane lock.043
Fra:1 Mem:33.77M (Peak 33.77M) | Time:00:00.01 | Mem:0.02M, Peak:0.02M | Scene, ViewLayer | Synchronizing object | Sculpted mane lock.044
Fra:1 Mem:33.77M (Peak 33.77M) | Time:00:00.01 | Mem:0.02M, Peak:0.02M | Scene, ViewLayer | Synchronizing object | Sculpted mane lock.046
Fra:1 Mem:33.77M (Peak 33.77M) | Time:00:00.01 | Mem:0.02M, Peak:0.02M | Scene, ViewLayer | Synchronizing object | Sculpted mane lock.047
Fra:1 Mem:33.78M (Peak 33.78M) | Time:00:00.01 | Mem:0.02M, Peak:0.02M | Scene, ViewLayer | Synchronizing object | Raised elemental crest
Fra:1 Mem:33.78M (Peak 33.78M) | Time:00:00.01 | Mem:0.02M, Peak:0.02M | Scene, ViewLayer | Synchronizing object | Sculpted mane lock.048
Fra:1 Mem:33.79M (Peak 33.79M) | Time:00:00.01 | Mem:0.02M, Peak:0.02M | Scene, ViewLayer | Synchronizing object | Sculpted mane lock.050
Fra:1 Mem:33.80M (Peak 33.80M) | Time:00:00.01 | Mem:0.02M, Peak:0.02M | Scene, ViewLayer | Synchronizing object | Layered shoulder fur.001
Fra:1 Mem:33.80M (Peak 33.80M) | Time:00:00.01 | Mem:0.02M, Peak:0.02M | Scene, ViewLayer | Synchronizing object | Layered shoulder fur.002
Fra:1 Mem:33.81M (Peak 33.81M) | Time:00:00.01 | Mem:0.02M, Peak:0.02M | Scene, ViewLayer | Synchronizing object | Brass crest clasp
Fra:1 Mem:33.81M (Peak 33.81M) | Time:00:00.01 | Mem:0.02M, Peak:0.02M | Scene, ViewLayer | Synchronizing object | Wrist fur.001
Fra:1 Mem:33.83M (Peak 33.83M) | Time:00:00.01 | Mem:0.02M, Peak:0.02M | Scene, ViewLayer | Synchronizing object | Neckerchief folded point
Fra:1 Mem:33.84M (Peak 33.84M) | Time:00:00.01 | Mem:0.02M, Peak:0.02M | Scene, ViewLayer | Synchronizing object | Wrist fur.002
Fra:1 Mem:33.84M (Peak 33.84M) | Time:00:00.01 | Mem:0.02M, Peak:0.02M | Scene, ViewLayer | Synchronizing object | Leather neckerchief roll
Fra:1 Mem:33.84M (Peak 33.84M) | Time:00:00.01 | Mem:0.02M, Peak:0.02M | Scene, ViewLayer | Synchronizing object | Layered shoulder fur.003
Fra:1 Mem:33.85M (Peak 33.85M) | Time:00:00.01 | Mem:0.02M, Peak:0.02M | Scene, ViewLayer | Synchronizing object | Layered shoulder fur.004
Fra:1 Mem:33.85M (Peak 33.85M) | Time:00:00.01 | Mem:0.02M, Peak:0.02M | Scene, ViewLayer | Synchronizing object | Layered shoulder fur.005
Fra:1 Mem:33.85M (Peak 33.85M) | Time:00:00.01 | Mem:0.02M, Peak:0.02M | Scene, ViewLayer | Synchronizing object | Wrist fur.003
Fra:1 Mem:33.86M (Peak 33.86M) | Time:00:00.01 | Mem:0.02M, Peak:0.02M | Scene, ViewLayer | Synchronizing object | Wrist fur.004
Fra:1 Mem:33.90M (Peak 33.90M) | Time:00:00.01 | Mem:0.02M, Peak:0.02M | Scene, ViewLayer | Synchronizing object | Layered shoulder fur.006
Fra:1 Mem:33.87M (Peak 33.90M) | Time:00:00.01 | Mem:0.02M, Peak:0.02M | Scene, ViewLayer | Synchronizing object | Layered shoulder fur.007
Fra:1 Mem:33.87M (Peak 33.90M) | Time:00:00.01 | Mem:0.02M, Peak:0.02M | Scene, ViewLayer | Synchronizing object | Layered shoulder fur.008
Fra:1 Mem:33.89M (Peak 33.90M) | Time:00:00.01 | Mem:0.02M, Peak:0.02M | Scene, ViewLayer | Synchronizing object | Wrist fur.006
Fra:1 Mem:33.88M (Peak 33.90M) | Time:00:00.01 | Mem:0.02M, Peak:0.02M | Scene, ViewLayer | Synchronizing object | Wrist fur.008
Fra:1 Mem:33.89M (Peak 33.90M) | Time:00:00.01 | Mem:0.02M, Peak:0.02M | Scene, ViewLayer | Synchronizing object | Layered shoulder fur.009
Fra:1 Mem:33.92M (Peak 33.92M) | Time:00:00.01 | Mem:0.02M, Peak:0.02M | Scene, ViewLayer | Synchronizing object | Flame tail tuft.006
Fra:1 Mem:33.91M (Peak 33.92M) | Time:00:00.01 | Mem:0.02M, Peak:0.02M | Scene, ViewLayer | Synchronizing object | Layered shoulder fur.011
Fra:1 Mem:33.91M (Peak 33.92M) | Time:00:00.01 | Mem:0.02M, Peak:0.02M | Scene, ViewLayer | Synchronizing object | Flame tail tuft.005
Fra:1 Mem:33.91M (Peak 33.92M) | Time:00:00.01 | Mem:0.02M, Peak:0.02M | Scene, ViewLayer | Synchronizing object | Wrist fur.010
Fra:1 Mem:33.92M (Peak 33.92M) | Time:00:00.01 | Mem:0.02M, Peak:0.02M | Scene, ViewLayer | Synchronizing object | Wrist fur.011
Fra:1 Mem:33.92M (Peak 33.92M) | Time:00:00.01 | Mem:0.02M, Peak:0.02M | Scene, ViewLayer | Synchronizing object | Flame tail tuft.004
Fra:1 Mem:33.92M (Peak 33.92M) | Time:00:00.01 | Mem:0.02M, Peak:0.02M | Scene, ViewLayer | Synchronizing object | Articulated tail
Fra:1 Mem:33.94M (Peak 33.94M) | Time:00:00.01 | Mem:0.02M, Peak:0.02M | Scene, ViewLayer | Synchronizing object | Flame tail tuft.003
Fra:1 Mem:33.95M (Peak 33.95M) | Time:00:00.01 | Mem:0.02M, Peak:0.02M | Scene, ViewLayer | Synchronizing object | Flame tail tuft
Fra:1 Mem:33.96M (Peak 33.96M) | Time:00:00.01 | Mem:0.02M, Peak:0.02M | Scene, ViewLayer | Synchronizing object | Flame tail tuft.002
Fra:1 Mem:33.97M (Peak 33.97M) | Time:00:00.01 | Mem:0.02M, Peak:0.02M | Scene, ViewLayer | Synchronizing object | Flame tail tuft.001
Fra:1 Mem:33.98M (Peak 33.98M) | Time:00:00.01 | Mem:0.02M, Peak:0.02M | Scene, ViewLayer | Initializing
Fra:1 Mem:31.79M (Peak 33.98M) | Time:00:00.01 | Mem:0.02M, Peak:0.02M | Scene, ViewLayer | Updating Images | Loading Authored short-fur normal
Fra:1 Mem:26.69M (Peak 33.98M) | Time:00:00.02 | Mem:0.27M, Peak:0.27M | Scene, ViewLayer | Waiting for render to start
Fra:1 Mem:26.69M (Peak 33.98M) | Time:00:00.02 | Mem:0.27M, Peak:0.27M | Scene, ViewLayer | Updating Scene
Fra:1 Mem:26.69M (Peak 33.98M) | Time:00:00.02 | Mem:0.27M, Peak:0.27M | Scene, ViewLayer | Updating Shaders
Fra:1 Mem:26.69M (Peak 33.98M) | Time:00:00.02 | Mem:0.27M, Peak:0.27M | Scene, ViewLayer | Loading render kernels (may take a few minutes the first time)
Fra:1 Mem:26.77M (Peak 33.98M) | Time:00:00.09 | Mem:0.28M, Peak:0.28M | Scene, ViewLayer | Updating Procedurals
Fra:1 Mem:26.77M (Peak 33.98M) | Time:00:00.09 | Mem:0.28M, Peak:0.28M | Scene, ViewLayer | Updating Background
Fra:1 Mem:26.77M (Peak 33.98M) | Time:00:00.09 | Mem:0.28M, Peak:0.28M | Scene, ViewLayer | Updating Camera
Fra:1 Mem:26.77M (Peak 33.98M) | Time:00:00.09 | Mem:0.28M, Peak:0.28M | Scene, ViewLayer | Updating Meshes Flags
Fra:1 Mem:26.77M (Peak 33.98M) | Time:00:00.09 | Mem:0.28M, Peak:0.28M | Scene, ViewLayer | Updating Objects
Fra:1 Mem:26.77M (Peak 33.98M) | Time:00:00.09 | Mem:0.28M, Peak:0.28M | Scene, ViewLayer | Updating Objects | Copying Transformations to device
Fra:1 Mem:26.77M (Peak 33.98M) | Time:00:00.09 | Mem:0.33M, Peak:0.33M | Scene, ViewLayer | Updating Particle Systems
Fra:1 Mem:26.77M (Peak 33.98M) | Time:00:00.09 | Mem:0.33M, Peak:0.33M | Scene, ViewLayer | Updating Particle Systems | Copying Particles to device
Fra:1 Mem:26.77M (Peak 33.98M) | Time:00:00.09 | Mem:0.33M, Peak:0.33M | Scene, ViewLayer | Updating Meshes
Fra:1 Mem:27.79M (Peak 33.98M) | Time:00:00.11 | Mem:0.33M, Peak:0.33M | Scene, ViewLayer | Updating Objects | Applying Static Transformations
Fra:1 Mem:27.79M (Peak 33.98M) | Time:00:00.11 | Mem:0.33M, Peak:0.33M | Scene, ViewLayer | Updating Mesh | Computing attributes
Fra:1 Mem:29.22M (Peak 33.98M) | Time:00:00.11 | Mem:0.36M, Peak:0.36M | Scene, ViewLayer | Updating Mesh | Copying Attributes to device
Fra:1 Mem:27.79M (Peak 33.98M) | Time:00:00.27 | Mem:1.81M, Peak:1.81M | Scene, ViewLayer | Updating Geometry BVH ribcage 2/129 | Building BVH
Fra:1 Mem:27.79M (Peak 33.98M) | Time:00:00.27 | Mem:1.81M, Peak:1.81M | Scene, ViewLayer | Updating Geometry BVH Warm rim 149/149 | Building BVH
Fra:1 Mem:27.79M (Peak 33.98M) | Time:00:00.27 | Mem:1.81M, Peak:1.81M | Scene, ViewLayer | Updating Geometry BVH Warm rim 149/149 | Building mesh BLAS |      32 tris | Ivory claw
Fra:1 Mem:27.79M (Peak 33.98M) | Time:00:00.27 | Mem:1.81M, Peak:1.81M | Scene, ViewLayer | Updating Geometry BVH Warm rim 149/149 | Building mesh BLAS |    4170 tris | ribcage
Fra:1 Mem:27.79M (Peak 33.98M) | Time:00:00.27 | Mem:1.81M, Peak:1.81M | Scene, ViewLayer | Updating Geometry BVH Warm rim 149/149 | Building mesh BLAS |     192 tris | Paw toe
Fra:1 Mem:27.79M (Peak 33.98M) | Time:00:00.27 | Mem:1.81M, Peak:1.81M | Scene, ViewLayer | Updating Geometry BVH Warm rim 149/149 | Building mesh BLAS |     192 tris | Paw toe.002
Fra:1 Mem:27.79M (Peak 33.98M) | Time:00:00.27 | Mem:1.81M, Peak:1.81M | Scene, ViewLayer | Updating Geometry BVH Sky fill 148/149 | Building BVH
Fra:1 Mem:27.79M (Peak 33.98M) | Time:00:00.27 | Mem:1.81M, Peak:1.81M | Scene, ViewLayer | Updating Geometry BVH Sunset key 147/149 | Building BVH
Fra:1 Mem:27.79M (Peak 33.98M) | Time:00:00.27 | Mem:1.81M, Peak:1.81M | Scene, ViewLayer | Updating Geometry BVH Plane 146/149 | Building BVH
Fra:1 Mem:27.79M (Peak 33.98M) | Time:00:00.27 | Mem:1.81M, Peak:1.81M | Scene, ViewLayer | Updating Geometry BVH Plane 146/149 | Building mesh BLAS |       2 tris | Plane
Fra:1 Mem:27.79M (Peak 33.98M) | Time:00:00.28 | Mem:1.81M, Peak:1.81M | Scene, ViewLayer | Updating Geometry BVH Raised elemental crest 145/149 | Building BVH
Fra:1 Mem:27.79M (Peak 33.98M) | Time:00:00.28 | Mem:1.81M, Peak:1.81M | Scene, ViewLayer | Updating Geometry BVH Raised elemental crest 145/149 | Building mesh BLAS |      36 tris | Raised elemental crest
Fra:1 Mem:27.79M (Peak 33.98M) | Time:00:00.28 | Mem:1.81M, Peak:1.81M | Scene, ViewLayer | Updating Geometry BVH Paw toe.003 9/149 | Building BVH
Fra:1 Mem:27.79M (Peak 33.98M) | Time:00:00.28 | Mem:1.81M, Peak:1.81M | Scene, ViewLayer | Updating Geometry BVH Paw toe.003 9/149 | Building mesh BLAS |     192 tris | Paw toe.003
Fra:1 Mem:27.79M (Peak 33.98M) | Time:00:00.28 | Mem:1.81M, Peak:1.81M | Scene, ViewLayer | Updating Geometry BVH Ivory claw.003 10/149 | Building BVH
Fra:1 Mem:27.79M (Peak 33.98M) | Time:00:00.28 | Mem:1.81M, Peak:1.81M | Scene, ViewLayer | Updating Geometry BVH Ivory claw.003 10/149 | Building mesh BLAS |      32 tris | Ivory claw.003
Fra:1 Mem:27.79M (Peak 33.98M) | Time:00:00.28 | Mem:1.81M, Peak:1.81M | Scene, ViewLayer | Updating Geometry BVH Paw toe.004 11/149 | Building BVH
Fra:1 Mem:27.79M (Peak 33.98M) | Time:00:00.28 | Mem:1.81M, Peak:1.81M | Scene, ViewLayer | Updating Geometry BVH Paw toe.005 13/149 | Building BVH
Fra:1 Mem:27.79M (Peak 33.98M) | Time:00:00.28 | Mem:1.81M, Peak:1.81M | Scene, ViewLayer | Updating Geometry BVH Paw toe.005 13/149 | Building mesh BLAS |     192 tris | Paw toe.004
Fra:1 Mem:27.79M (Peak 33.98M) | Time:00:00.28 | Mem:1.81M, Peak:1.81M | Scene, ViewLayer | Updating Geometry BVH Paw toe.005 13/149 | Building mesh BLAS |      32 tris | Ivory claw.004
Fra:1 Mem:27.79M (Peak 33.98M) | Time:00:00.28 | Mem:1.81M, Peak:1.81M | Scene, ViewLayer | Updating Geometry BVH Paw toe.006 15/149 | Building BVH
Fra:1 Mem:27.79M (Peak 33.98M) | Time:00:00.28 | Mem:1.81M, Peak:1.81M | Scene, ViewLayer | Updating Geometry BVH Paw toe.006 15/149 | Building mesh BLAS |     192 tris | Paw toe.006
Fra:1 Mem:27.79M (Peak 33.98M) | Time:00:00.28 | Mem:1.81M, Peak:1.81M | Scene, ViewLayer | Updating Geometry BVH Brass crest clasp 144/149 | Building BVH
Fra:1 Mem:27.79M (Peak 33.98M) | Time:00:00.28 | Mem:1.81M, Peak:1.81M | Scene, ViewLayer | Updating Geometry BVH Brass crest clasp 144/149 | Building mesh BLAS |      32 tris | Ivory claw.005
Fra:1 Mem:27.79M (Peak 33.98M) | Time:00:00.28 | Mem:1.81M, Peak:1.81M | Scene, ViewLayer | Updating Geometry BVH Ivory claw.006 16/149 | Building BVH
Fra:1 Mem:27.79M (Peak 33.98M) | Time:00:00.28 | Mem:1.81M, Peak:1.81M | Scene, ViewLayer | Updating Geometry BVH Paw toe.007 17/149 | Building BVH
Fra:1 Mem:27.79M (Peak 33.98M) | Time:00:00.28 | Mem:1.81M, Peak:1.81M | Scene, ViewLayer | Updating Geometry BVH Paw toe.008 19/149 | Building BVH
Fra:1 Mem:27.79M (Peak 33.98M) | Time:00:00.28 | Mem:1.81M, Peak:1.81M | Scene, ViewLayer | Updating Geometry BVH Ivory claw.008 20/149 | Building BVH
Fra:1 Mem:27.79M (Peak 33.98M) | Time:00:00.28 | Mem:1.81M, Peak:1.81M | Scene, ViewLayer | Updating Geometry BVH Paw toe.009 21/149 | Building mesh BLAS |      32 tris | Ivory claw.007
Fra:1 Mem:27.79M (Peak 33.98M) | Time:00:00.28 | Mem:1.81M, Peak:1.81M | Scene, ViewLayer | Updating Geometry BVH Paw toe.009 21/149 | Building mesh BLAS |      32 tris | Ivory claw.008
Fra:1 Mem:27.79M (Peak 33.98M) | Time:00:00.28 | Mem:1.81M, Peak:1.81M | Scene, ViewLayer | Updating Geometry BVH Ivory claw.009 22/149 | Building BVH
Fra:1 Mem:27.79M (Peak 33.98M) | Time:00:00.28 | Mem:1.81M, Peak:1.81M | Scene, ViewLayer | Updating Geometry BVH Ivory claw.009 22/149 | Building mesh BLAS |     192 tris | Paw toe.008
Fra:1 Mem:27.79M (Peak 33.98M) | Time:00:00.28 | Mem:1.81M, Peak:1.81M | Scene, ViewLayer | Updating Geometry BVH Ivory claw.009 22/149 | Building mesh BLAS |     192 tris | Paw toe.009
Fra:1 Mem:27.79M (Peak 33.98M) | Time:00:00.28 | Mem:1.81M, Peak:1.81M | Scene, ViewLayer | Updating Geometry BVH Neckerchief folded point 143/149 | Building BVH
Fra:1 Mem:27.79M (Peak 33.98M) | Time:00:00.28 | Mem:1.81M, Peak:1.81M | Scene, ViewLayer | Updating Geometry BVH Neckerchief folded point 143/149 | Building mesh BLAS |       4 tris | Neckerchief folded point
Fra:1 Mem:27.79M (Peak 33.98M) | Time:00:00.28 | Mem:1.81M, Peak:1.81M | Scene, ViewLayer | Updating Geometry BVH Paw toe.010 23/149 | Building BVH
Fra:1 Mem:27.79M (Peak 33.98M) | Time:00:00.28 | Mem:1.81M, Peak:1.81M | Scene, ViewLayer | Updating Geometry BVH Paw toe.010 23/149 | Building mesh BLAS |     192 tris | Paw toe.010
Fra:1 Mem:27.79M (Peak 33.98M) | Time:00:00.28 | Mem:1.81M, Peak:1.81M | Scene, ViewLayer | Updating Geometry BVH Leather neckerchief roll 142/149 | Building BVH
Fra:1 Mem:27.79M (Peak 33.98M) | Time:00:00.28 | Mem:1.81M, Peak:1.81M | Scene, ViewLayer | Updating Geometry BVH Ivory claw.010 24/149 | Building BVH
Fra:1 Mem:27.79M (Peak 33.98M) | Time:00:00.28 | Mem:1.81M, Peak:1.81M | Scene, ViewLayer | Updating Geometry BVH Ivory claw.010 24/149 | Building mesh BLAS |      32 tris | Ivory claw.010
Fra:1 Mem:27.79M (Peak 33.98M) | Time:00:00.28 | Mem:1.81M, Peak:1.81M | Scene, ViewLayer | Updating Geometry BVH Paw toe.011 25/149 | Building BVH
Fra:1 Mem:27.79M (Peak 33.98M) | Time:00:00.28 | Mem:1.81M, Peak:1.81M | Scene, ViewLayer | Updating Geometry BVH Paw toe.011 25/149 | Building mesh BLAS |      76 tris | Leather neckerchief roll
Fra:1 Mem:27.79M (Peak 33.98M) | Time:00:00.28 | Mem:1.81M, Peak:1.81M | Scene, ViewLayer | Updating Geometry BVH Paw toe.011 25/149 | Building mesh BLAS |      32 tris | Ivory claw.009
Fra:1 Mem:27.79M (Peak 33.98M) | Time:00:00.28 | Mem:1.81M, Peak:1.81M | Scene, ViewLayer | Updating Geometry BVH Paw toe.011 25/149 | Building mesh BLAS |     192 tris | Paw toe.011
Fra:1 Mem:27.79M (Peak 33.98M) | Time:00:00.28 | Mem:1.81M, Peak:1.81M | Scene, ViewLayer | Updating Geometry BVH Ivory claw.011 26/149 | Building BVH
Fra:1 Mem:27.79M (Peak 33.98M) | Time:00:00.28 | Mem:1.81M, Peak:1.81M | Scene, ViewLayer | Updating Geometry BVH Cream muzzle pad 28/149 | Building BVH
Fra:1 Mem:27.79M (Peak 33.98M) | Time:00:00.28 | Mem:1.81M, Peak:1.81M | Scene, ViewLayer | Updating Geometry BVH Cream muzzle pad 28/149 | Building mesh BLAS |      32 tris | Ivory claw.011
Fra:1 Mem:27.79M (Peak 33.98M) | Time:00:00.28 | Mem:1.81M, Peak:1.81M | Scene, ViewLayer | Updating Geometry BVH Cream muzzle pad.001 29/149 | Building BVH
Fra:1 Mem:27.79M (Peak 33.98M) | Time:00:00.28 | Mem:1.81M, Peak:1.81M | Scene, ViewLayer | Updating Geometry BVH Cream muzzle pad.001 29/149 | Building mesh BLAS |    2832 tris | Skull
Fra:1 Mem:27.79M (Peak 33.98M) | Time:00:00.28 | Mem:1.81M, Peak:1.81M | Scene, ViewLayer | Updating Geometry BVH Cream muzzle pad.001 29/149 | Building mesh BLAS |     480 tris | Cream muzzle pad.001
Fra:1 Mem:27.79M (Peak 33.98M) | Time:00:00.28 | Mem:1.81M, Peak:1.81M | Scene, ViewLayer | Updating Geometry BVH Heart shaped nose 30/149 | Building mesh BLAS |      44 tris | Flame tail tuft.006
Fra:1 Mem:27.79M (Peak 33.98M) | Time:00:00.28 | Mem:1.81M, Peak:1.81M | Scene, ViewLayer | Updating Geometry BVH Eye socket 31/149 | Building BVH
Fra:1 Mem:27.79M (Peak 33.98M) | Time:00:00.28 | Mem:1.81M, Peak:1.81M | Scene, ViewLayer | Updating Geometry BVH Ivory eye 32/149 | Building BVH
Fra:1 Mem:27.79M (Peak 33.98M) | Time:00:00.28 | Mem:1.81M, Peak:1.81M | Scene, ViewLayer | Updating Geometry BVH Ivory eye 32/149 | Building mesh BLAS |     480 tris | Cream muzzle pad
Fra:1 Mem:27.79M (Peak 33.98M) | Time:00:00.28 | Mem:1.81M, Peak:1.81M | Scene, ViewLayer | Updating Geometry BVH Ivory eye 32/149 | Building mesh BLAS |     480 tris | Ivory eye
Fra:1 Mem:27.79M (Peak 33.98M) | Time:00:00.28 | Mem:1.81M, Peak:1.81M | Scene, ViewLayer | Updating Geometry BVH Iris 33/149 | Building BVH
Fra:1 Mem:27.79M (Peak 33.98M) | Time:00:00.28 | Mem:1.81M, Peak:1.81M | Scene, ViewLayer | Updating Geometry BVH Iris 33/149 | Building mesh BLAS |       6 tris | Heart shaped nose
Fra:1 Mem:27.79M (Peak 33.98M) | Time:00:00.28 | Mem:1.81M, Peak:1.81M | Scene, ViewLayer | Updating Geometry BVH Pupil 34/149 | Building BVH
Fra:1 Mem:27.79M (Peak 33.98M) | Time:00:00.28 | Mem:1.81M, Peak:1.81M | Scene, ViewLayer | Updating Geometry BVH Eye glint 35/149 | Building BVH
Fra:1 Mem:27.79M (Peak 33.98M) | Time:00:00.28 | Mem:1.81M, Peak:1.81M | Scene, ViewLayer | Updating Geometry BVH Eye glint 35/149 | Building mesh BLAS |     320 tris | Pupil
Fra:1 Mem:27.79M (Peak 33.98M) | Time:00:00.28 | Mem:1.81M, Peak:1.81M | Scene, ViewLayer | Updating Geometry BVH Flame tail tuft.005 140/149 | Building BVH
Fra:1 Mem:27.79M (Peak 33.98M) | Time:00:00.28 | Mem:1.81M, Peak:1.81M | Scene, ViewLayer | Updating Geometry BVH Flame tail tuft.005 140/149 | Building mesh BLAS |      44 tris | Flame tail tuft.005
Fra:1 Mem:27.79M (Peak 33.98M) | Time:00:00.28 | Mem:1.81M, Peak:1.81M | Scene, ViewLayer | Updating Geometry BVH Flame tail tuft.005 140/149 | Building mesh BLAS |     192 tris | Eye glint
Fra:1 Mem:27.79M (Peak 33.98M) | Time:00:00.28 | Mem:1.81M, Peak:1.81M | Scene, ViewLayer | Updating Geometry BVH Expressive brow 36/149 | Building BVH
Fra:1 Mem:27.79M (Peak 33.98M) | Time:00:00.28 | Mem:1.81M, Peak:1.81M | Scene, ViewLayer | Updating Geometry BVH Expressive brow 36/149 | Building mesh BLAS |      44 tris | Expressive brow
Fra:1 Mem:27.79M (Peak 33.98M) | Time:00:00.28 | Mem:1.81M, Peak:1.81M | Scene, ViewLayer | Updating Geometry BVH Smiling mouth 37/149 | Building BVH
Fra:1 Mem:27.79M (Peak 33.98M) | Time:00:00.28 | Mem:1.81M, Peak:1.81M | Scene, ViewLayer | Updating Geometry BVH Smiling mouth 37/149 | Building mesh BLAS |      32 tris | Smiling mouth
Fra:1 Mem:27.79M (Peak 33.98M) | Time:00:00.28 | Mem:1.81M, Peak:1.81M | Scene, ViewLayer | Updating Geometry BVH Whisker pore 38/149 | Building BVH
Fra:1 Mem:27.79M (Peak 33.98M) | Time:00:00.28 | Mem:1.81M, Peak:1.81M | Scene, ViewLayer | Updating Geometry BVH Whisker pore 38/149 | Building mesh BLAS |      64 tris | Whisker pore
Fra:1 Mem:27.79M (Peak 33.98M) | Time:00:00.28 | Mem:1.81M, Peak:1.81M | Scene, ViewLayer | Updating Geometry BVH Whisker pore.001 39/149 | Building BVH
Fra:1 Mem:27.79M (Peak 33.98M) | Time:00:00.28 | Mem:1.81M, Peak:1.81M | Scene, ViewLayer | Updating Geometry BVH Whisker pore.001 39/149 | Building mesh BLAS |      64 tris | Whisker pore.001
Fra:1 Mem:27.79M (Peak 33.98M) | Time:00:00.28 | Mem:1.81M, Peak:1.81M | Scene, ViewLayer | Updating Geometry BVH Whisker pore.002 40/149 | Building BVH
Fra:1 Mem:27.79M (Peak 33.98M) | Time:00:00.28 | Mem:1.81M, Peak:1.81M | Scene, ViewLayer | Updating Geometry BVH Whisker pore.002 40/149 | Building mesh BLAS |      64 tris | Whisker pore.002
Fra:1 Mem:27.79M (Peak 33.98M) | Time:00:00.28 | Mem:1.81M, Peak:1.81M | Scene, ViewLayer | Updating Geometry BVH Flame tail tuft.004 139/149 | Building BVH
Fra:1 Mem:27.79M (Peak 33.98M) | Time:00:00.28 | Mem:1.81M, Peak:1.81M | Scene, ViewLayer | Updating Geometry BVH Flame tail tuft.004 139/149 | Building mesh BLAS |      44 tris | Flame tail tuft.004
Fra:1 Mem:27.79M (Peak 33.98M) | Time:00:00.28 | Mem:1.81M, Peak:1.81M | Scene, ViewLayer | Updating Geometry BVH Eye socket.001 41/149 | Building BVH
Fra:1 Mem:27.79M (Peak 33.98M) | Time:00:00.28 | Mem:1.81M, Peak:1.81M | Scene, ViewLayer | Updating Geometry BVH Eye socket.001 41/149 | Building mesh BLAS |     480 tris | Eye socket.001
Fra:1 Mem:27.79M (Peak 33.98M) | Time:00:00.28 | Mem:1.81M, Peak:1.81M | Scene, ViewLayer | Updating Geometry BVH Ivory eye.001 42/149 | Building BVH
Fra:1 Mem:27.79M (Peak 33.98M) | Time:00:00.28 | Mem:1.81M, Peak:1.81M | Scene, ViewLayer | Updating Geometry BVH Ivory eye.001 42/149 | Building mesh BLAS |     480 tris | Ivory eye.001
Fra:1 Mem:27.79M (Peak 33.98M) | Time:00:00.28 | Mem:1.81M, Peak:1.81M | Scene, ViewLayer | Updating Geometry BVH Iris.001 43/149 | Building BVH
Fra:1 Mem:27.79M (Peak 33.98M) | Time:00:00.28 | Mem:1.81M, Peak:1.81M | Scene, ViewLayer | Updating Geometry BVH Iris.001 43/149 | Building mesh BLAS |     480 tris | Iris.001
Fra:1 Mem:27.79M (Peak 33.98M) | Time:00:00.28 | Mem:1.81M, Peak:1.81M | Scene, ViewLayer | Updating Geometry BVH Pupil.001 44/149 | Building BVH
Fra:1 Mem:27.79M (Peak 33.98M) | Time:00:00.28 | Mem:1.81M, Peak:1.81M | Scene, ViewLayer | Updating Geometry BVH Pupil.001 44/149 | Building mesh BLAS |     320 tris | Pupil.001
Fra:1 Mem:27.79M (Peak 33.98M) | Time:00:00.28 | Mem:1.81M, Peak:1.81M | Scene, ViewLayer | Updating Geometry BVH Eye glint.001 45/149 | Building BVH
Fra:1 Mem:27.79M (Peak 33.98M) | Time:00:00.28 | Mem:1.81M, Peak:1.81M | Scene, ViewLayer | Updating Geometry BVH Expressive brow.001 46/149 | Building BVH
Fra:1 Mem:27.79M (Peak 33.98M) | Time:00:00.28 | Mem:1.81M, Peak:1.81M | Scene, ViewLayer | Updating Geometry BVH Smiling mouth.001 47/149 | Building mesh BLAS |      44 tris | Expressive brow.001
Fra:1 Mem:27.79M (Peak 33.98M) | Time:00:00.28 | Mem:1.81M, Peak:1.81M | Scene, ViewLayer | Updating Geometry BVH Whisker pore.003 48/149 | Building BVH
Fra:1 Mem:27.79M (Peak 33.98M) | Time:00:00.28 | Mem:1.81M, Peak:1.81M | Scene, ViewLayer | Updating Geometry BVH Whisker pore.004 49/149 | Building BVH
Fra:1 Mem:27.79M (Peak 33.98M) | Time:00:00.28 | Mem:1.81M, Peak:1.81M | Scene, ViewLayer | Updating Geometry BVH Whisker pore.004 49/149 | Building mesh BLAS |      64 tris | Whisker pore.004
Fra:1 Mem:27.79M (Peak 33.98M) | Time:00:00.28 | Mem:1.81M, Peak:1.81M | Scene, ViewLayer | Updating Geometry BVH Flame tail tuft.003 138/149 | Building BVH
Fra:1 Mem:27.79M (Peak 33.98M) | Time:00:00.28 | Mem:1.81M, Peak:1.81M | Scene, ViewLayer | Updating Geometry BVH Flame tail tuft.003 138/149 | Building mesh BLAS |      32 tris | Smiling mouth.001
Fra:1 Mem:27.79M (Peak 33.98M) | Time:00:00.28 | Mem:1.81M, Peak:1.81M | Scene, ViewLayer | Updating Geometry BVH Whisker pore.005 50/149 | Building BVH
Fra:1 Mem:27.79M (Peak 33.98M) | Time:00:00.28 | Mem:1.81M, Peak:1.81M | Scene, ViewLayer | Updating Geometry BVH Whisker pore.005 50/149 | Building mesh BLAS |      44 tris | Flame tail tuft.003
Fra:1 Mem:27.79M (Peak 33.98M) | Time:00:00.28 | Mem:1.81M, Peak:1.81M | Scene, ViewLayer | Updating Geometry BVH Lower jaw 51/149 | Building BVH
Fra:1 Mem:27.79M (Peak 33.98M) | Time:00:00.28 | Mem:1.81M, Peak:1.81M | Scene, ViewLayer | Updating Geometry BVH Lower jaw 51/149 | Building mesh BLAS |     400 tris | Lower jaw
Fra:1 Mem:27.79M (Peak 33.98M) | Time:00:00.28 | Mem:1.81M, Peak:1.81M | Scene, ViewLayer | Updating Geometry BVH Mouth cavity 52/149 | Building BVH
Fra:1 Mem:27.79M (Peak 33.98M) | Time:00:00.28 | Mem:1.81M, Peak:1.81M | Scene, ViewLayer | Updating Geometry BVH Mouth cavity 52/149 | Building mesh BLAS |     360 tris | Mouth cavity
Fra:1 Mem:27.79M (Peak 33.98M) | Time:00:00.28 | Mem:1.81M, Peak:1.81M | Scene, ViewLayer | Updating Geometry BVH Mouth cavity 52/149 | Building mesh BLAS |      64 tris | Whisker pore.005
Fra:1 Mem:27.79M (Peak 33.98M) | Time:00:00.28 | Mem:1.81M, Peak:1.81M | Scene, ViewLayer | Updating Geometry BVH Lower canine 53/149 | Building BVH
Fra:1 Mem:27.79M (Peak 33.98M) | Time:00:00.28 | Mem:1.81M, Peak:1.81M | Scene, ViewLayer | Updating Geometry BVH Lower canine 53/149 | Building mesh BLAS |      38 tris | Lower canine
Fra:1 Mem:27.79M (Peak 33.98M) | Time:00:00.28 | Mem:1.81M, Peak:1.81M | Scene, ViewLayer | Updating Geometry BVH Flame tail tuft.002 137/149 | Building BVH
Fra:1 Mem:27.79M (Peak 33.98M) | Time:00:00.28 | Mem:1.81M, Peak:1.81M | Scene, ViewLayer | Updating Geometry BVH Flame tail tuft.002 137/149 | Building mesh BLAS |      44 tris | Flame tail tuft.002
Fra:1 Mem:27.79M (Peak 33.98M) | Time:00:00.28 | Mem:1.81M, Peak:1.81M | Scene, ViewLayer | Updating Geometry BVH Rounded lion ear 55/149 | Building BVH
Fra:1 Mem:27.79M (Peak 33.98M) | Time:00:00.28 | Mem:1.81M, Peak:1.81M | Scene, ViewLayer | Updating Geometry BVH Rounded lion ear 55/149 | Building mesh BLAS |     432 tris | Rounded lion ear
Fra:1 Mem:27.79M (Peak 33.98M) | Time:00:00.28 | Mem:1.81M, Peak:1.81M | Scene, ViewLayer | Updating Geometry BVH Rounded lion ear 55/149 | Building mesh BLAS |      38 tris | Lower canine.001
Fra:1 Mem:27.79M (Peak 33.98M) | Time:00:00.28 | Mem:1.81M, Peak:1.81M | Scene, ViewLayer | Updating Geometry BVH Inner lion ear 56/149 | Building BVH
Fra:1 Mem:27.79M (Peak 33.98M) | Time:00:00.28 | Mem:1.81M, Peak:1.81M | Scene, ViewLayer | Updating Geometry BVH Inner lion ear 56/149 | Building mesh BLAS |     320 tris | Inner lion ear
Fra:1 Mem:27.79M (Peak 33.98M) | Time:00:00.28 | Mem:1.81M, Peak:1.81M | Scene, ViewLayer | Updating Geometry BVH Rounded lion ear.001 57/149 | Building BVH
Fra:1 Mem:27.79M (Peak 33.98M) | Time:00:00.28 | Mem:1.81M, Peak:1.81M | Scene, ViewLayer | Updating Geometry BVH Rounded lion ear.001 57/149 | Building mesh BLAS |     432 tris | Rounded lion ear.001
Fra:1 Mem:27.79M (Peak 33.98M) | Time:00:00.28 | Mem:1.81M, Peak:1.81M | Scene, ViewLayer | Updating Geometry BVH Inner lion ear.001 58/149 | Building BVH
Fra:1 Mem:27.79M (Peak 33.98M) | Time:00:00.28 | Mem:1.81M, Peak:1.81M | Scene, ViewLayer | Updating Geometry BVH Inner lion ear.001 58/149 | Building mesh BLAS |     320 tris | Inner lion ear.001
Fra:1 Mem:27.79M (Peak 33.98M) | Time:00:00.28 | Mem:1.81M, Peak:1.81M | Scene, ViewLayer | Updating Geometry BVH Flame tail tuft.001 136/149 | Building BVH
Fra:1 Mem:27.79M (Peak 33.98M) | Time:00:00.28 | Mem:1.81M, Peak:1.81M | Scene, ViewLayer | Updating Geometry BVH Flame tail tuft.001 136/149 | Building mesh BLAS |      44 tris | Flame tail tuft.001
Fra:1 Mem:27.79M (Peak 33.98M) | Time:00:00.28 | Mem:1.81M, Peak:1.81M | Scene, ViewLayer | Updating Geometry BVH Flame tail tuft.001 136/149 | Building mesh BLAS |      60 tris | Sculpted mane lock
Fra:1 Mem:27.79M (Peak 33.98M) | Time:00:00.28 | Mem:1.81M, Peak:1.81M | Scene, ViewLayer | Updating Geometry BVH Sculpted mane lock.001 60/149 | Building BVH
Fra:1 Mem:27.79M (Peak 33.98M) | Time:00:00.28 | Mem:1.81M, Peak:1.81M | Scene, ViewLayer | Updating Geometry BVH Sculpted mane lock.001 60/149 | Building mesh BLAS |      60 tris | Sculpted mane lock.001
Fra:1 Mem:27.79M (Peak 33.98M) | Time:00:00.28 | Mem:1.81M, Peak:1.81M | Scene, ViewLayer | Updating Geometry BVH Sculpted mane lock.003 62/149 | Building BVH
Fra:1 Mem:27.79M (Peak 33.98M) | Time:00:00.28 | Mem:1.81M, Peak:1.81M | Scene, ViewLayer | Updating Geometry BVH Sculpted mane lock.003 62/149 | Building mesh BLAS |      60 tris | Sculpted mane lock.003
Fra:1 Mem:27.79M (Peak 33.98M) | Time:00:00.28 | Mem:1.81M, Peak:1.81M | Scene, ViewLayer | Updating Geometry BVH Sculpted mane lock.003 62/149 | Building mesh BLAS |      60 tris | Sculpted mane lock.002
Fra:1 Mem:27.79M (Peak 33.98M) | Time:00:00.28 | Mem:1.81M, Peak:1.81M | Scene, ViewLayer | Updating Geometry BVH Sculpted mane lock.004 63/149 | Building BVH
Fra:1 Mem:27.79M (Peak 33.98M) | Time:00:00.28 | Mem:1.81M, Peak:1.81M | Scene, ViewLayer | Updating Geometry BVH Sculpted mane lock.006 65/149 | Building BVH
Fra:1 Mem:27.79M (Peak 33.98M) | Time:00:00.28 | Mem:1.81M, Peak:1.81M | Scene, ViewLayer | Updating Geometry BVH Sculpted mane lock.006 65/149 | Building mesh BLAS |      60 tris | Sculpted mane lock.004
Fra:1 Mem:27.80M (Peak 33.98M) | Time:00:00.28 | Mem:1.81M, Peak:1.81M | Scene, ViewLayer | Updating Geometry BVH Sculpted mane lock.006 65/149 | Building mesh BLAS |      60 tris | Sculpted mane lock.006
Fra:1 Mem:27.80M (Peak 33.98M) | Time:00:00.28 | Mem:1.81M, Peak:1.81M | Scene, ViewLayer | Updating Geometry BVH Sculpted mane lock.006 65/149 | Building mesh BLAS |      60 tris | Sculpted mane lock.005
Fra:1 Mem:27.80M (Peak 33.98M) | Time:00:00.28 | Mem:1.81M, Peak:1.81M | Scene, ViewLayer | Updating Geometry BVH Sculpted mane lock.007 66/149 | Building BVH
Fra:1 Mem:27.80M (Peak 33.98M) | Time:00:00.28 | Mem:1.81M, Peak:1.81M | Scene, ViewLayer | Updating Geometry BVH Flame tail tuft 135/149 | Building BVH
Fra:1 Mem:27.80M (Peak 33.98M) | Time:00:00.28 | Mem:1.81M, Peak:1.81M | Scene, ViewLayer | Updating Geometry BVH Flame tail tuft 135/149 | Building mesh BLAS |      60 tris | Sculpted mane lock.007
Fra:1 Mem:27.80M (Peak 33.98M) | Time:00:00.28 | Mem:1.81M, Peak:1.81M | Scene, ViewLayer | Updating Geometry BVH Flame tail tuft 135/149 | Building mesh BLAS |      44 tris | Flame tail tuft
Fra:1 Mem:27.80M (Peak 33.98M) | Time:00:00.28 | Mem:1.81M, Peak:1.81M | Scene, ViewLayer | Updating Geometry BVH Sculpted mane lock.008 67/149 | Building BVH
Fra:1 Mem:27.80M (Peak 33.98M) | Time:00:00.28 | Mem:1.81M, Peak:1.81M | Scene, ViewLayer | Updating Geometry BVH Sculpted mane lock.008 67/149 | Building mesh BLAS |      60 tris | Sculpted mane lock.008
Fra:1 Mem:27.80M (Peak 33.98M) | Time:00:00.29 | Mem:1.81M, Peak:1.81M | Scene, ViewLayer | Updating Geometry BVH Sculpted mane lock.009 68/149 | Building BVH
Fra:1 Mem:27.80M (Peak 33.98M) | Time:00:00.29 | Mem:1.81M, Peak:1.81M | Scene, ViewLayer | Updating Geometry BVH Sculpted mane lock.009 68/149 | Building mesh BLAS |      60 tris | Sculpted mane lock.009
Fra:1 Mem:27.80M (Peak 33.98M) | Time:00:00.29 | Mem:1.81M, Peak:1.81M | Scene, ViewLayer | Updating Geometry BVH Sculpted mane lock.010 69/149 | Building BVH
Fra:1 Mem:27.80M (Peak 33.98M) | Time:00:00.29 | Mem:1.81M, Peak:1.81M | Scene, ViewLayer | Updating Geometry BVH Sculpted mane lock.010 69/149 | Building mesh BLAS |      60 tris | Sculpted mane lock.010
Fra:1 Mem:27.80M (Peak 33.98M) | Time:00:00.29 | Mem:1.81M, Peak:1.81M | Scene, ViewLayer | Updating Geometry BVH Sculpted mane lock.011 70/149 | Building BVH
Fra:1 Mem:27.80M (Peak 33.98M) | Time:00:00.29 | Mem:1.81M, Peak:1.81M | Scene, ViewLayer | Updating Geometry BVH Sculpted mane lock.011 70/149 | Building mesh BLAS |      60 tris | Sculpted mane lock.011
Fra:1 Mem:27.80M (Peak 33.98M) | Time:00:00.29 | Mem:1.81M, Peak:1.81M | Scene, ViewLayer | Updating Geometry BVH Sculpted mane lock.012 71/149 | Building BVH
Fra:1 Mem:27.80M (Peak 33.98M) | Time:00:00.29 | Mem:1.81M, Peak:1.81M | Scene, ViewLayer | Updating Geometry BVH Sculpted mane lock.012 71/149 | Building mesh BLAS |      60 tris | Sculpted mane lock.012
Fra:1 Mem:27.80M (Peak 33.98M) | Time:00:00.29 | Mem:1.81M, Peak:1.81M | Scene, ViewLayer | Updating Geometry BVH Sculpted mane lock.013 72/149 | Building BVH
Fra:1 Mem:27.80M (Peak 33.98M) | Time:00:00.29 | Mem:1.81M, Peak:1.81M | Scene, ViewLayer | Updating Geometry BVH Sculpted mane lock.013 72/149 | Building mesh BLAS |      60 tris | Sculpted mane lock.013
Fra:1 Mem:27.80M (Peak 33.98M) | Time:00:00.29 | Mem:1.81M, Peak:1.81M | Scene, ViewLayer | Updating Geometry BVH Sculpted mane lock.014 73/149 | Building BVH
Fra:1 Mem:27.80M (Peak 33.98M) | Time:00:00.29 | Mem:1.81M, Peak:1.81M | Scene, ViewLayer | Updating Geometry BVH Articulated tail 134/149 | Building BVH
Fra:1 Mem:27.80M (Peak 33.98M) | Time:00:00.29 | Mem:1.81M, Peak:1.81M | Scene, ViewLayer | Updating Geometry BVH Sculpted mane lock.015 74/149 | Building BVH
Fra:1 Mem:27.80M (Peak 33.98M) | Time:00:00.29 | Mem:1.81M, Peak:1.81M | Scene, ViewLayer | Updating Geometry BVH Sculpted mane lock.015 74/149 | Building mesh BLAS |     268 tris | Articulated tail
Fra:1 Mem:27.80M (Peak 33.98M) | Time:00:00.29 | Mem:1.81M, Peak:1.81M | Scene, ViewLayer | Updating Geometry BVH Sculpted mane lock.015 74/149 | Building mesh BLAS |      60 tris | Sculpted mane lock.015
Fra:1 Mem:27.80M (Peak 33.98M) | Time:00:00.29 | Mem:1.81M, Peak:1.81M | Scene, ViewLayer | Updating Geometry BVH Sculpted mane lock.015 74/149 | Building mesh BLAS |      60 tris | Sculpted mane lock.014
Fra:1 Mem:27.80M (Peak 33.98M) | Time:00:00.29 | Mem:1.81M, Peak:1.81M | Scene, ViewLayer | Updating Geometry BVH Sculpted mane lock.016 75/149 | Building BVH
Fra:1 Mem:27.80M (Peak 33.98M) | Time:00:00.29 | Mem:1.81M, Peak:1.81M | Scene, ViewLayer | Updating Geometry BVH Sculpted mane lock.016 75/149 | Building mesh BLAS |      60 tris | Sculpted mane lock.016
Fra:1 Mem:27.80M (Peak 33.98M) | Time:00:00.29 | Mem:1.81M, Peak:1.81M | Scene, ViewLayer | Updating Geometry BVH Sculpted mane lock.017 76/149 | Building BVH
Fra:1 Mem:27.80M (Peak 33.98M) | Time:00:00.29 | Mem:1.81M, Peak:1.81M | Scene, ViewLayer | Updating Geometry BVH Sculpted mane lock.017 76/149 | Building mesh BLAS |      60 tris | Sculpted mane lock.017
Fra:1 Mem:27.80M (Peak 33.98M) | Time:00:00.29 | Mem:2.02M, Peak:2.02M | Scene, ViewLayer | Updating Geometry BVH Sculpted mane lock.018 77/149 | Building BVH
Fra:1 Mem:27.80M (Peak 33.98M) | Time:00:00.29 | Mem:2.02M, Peak:2.02M | Scene, ViewLayer | Updating Geometry BVH Sculpted mane lock.018 77/149 | Building mesh BLAS |      60 tris | Sculpted mane lock.018
Fra:1 Mem:27.80M (Peak 33.98M) | Time:00:00.29 | Mem:2.02M, Peak:2.02M | Scene, ViewLayer | Updating Geometry BVH Sculpted mane lock.019 78/149 | Building BVH
Fra:1 Mem:27.80M (Peak 33.98M) | Time:00:00.29 | Mem:2.02M, Peak:2.02M | Scene, ViewLayer | Updating Geometry BVH Sculpted mane lock.020 79/149 | Building BVH
Fra:1 Mem:27.80M (Peak 33.98M) | Time:00:00.29 | Mem:2.02M, Peak:2.02M | Scene, ViewLayer | Updating Geometry BVH Sculpted mane lock.020 79/149 | Building mesh BLAS |      60 tris | Sculpted mane lock.020
Fra:1 Mem:27.80M (Peak 33.98M) | Time:00:00.29 | Mem:2.02M, Peak:2.02M | Scene, ViewLayer | Updating Geometry BVH Sculpted mane lock.020 79/149 | Building mesh BLAS |      60 tris | Sculpted mane lock.019
Fra:1 Mem:27.80M (Peak 33.98M) | Time:00:00.29 | Mem:2.03M, Peak:2.03M | Scene, ViewLayer | Updating Geometry BVH Wrist fur.011 133/149 | Building BVH
Fra:1 Mem:27.80M (Peak 33.98M) | Time:00:00.29 | Mem:2.03M, Peak:2.03M | Scene, ViewLayer | Updating Geometry BVH Sculpted mane lock.021 80/149 | Building BVH
Fra:1 Mem:27.80M (Peak 33.98M) | Time:00:00.29 | Mem:2.03M, Peak:2.03M | Scene, ViewLayer | Updating Geometry BVH Sculpted mane lock.021 80/149 | Building mesh BLAS |      60 tris | Sculpted mane lock.021
Fra:1 Mem:27.80M (Peak 33.98M) | Time:00:00.29 | Mem:2.03M, Peak:2.03M | Scene, ViewLayer | Updating Geometry BVH Sculpted mane lock.021 80/149 | Building mesh BLAS |      44 tris | Wrist fur.011
Fra:1 Mem:27.80M (Peak 33.98M) | Time:00:00.29 | Mem:2.03M, Peak:2.03M | Scene, ViewLayer | Updating Geometry BVH Sculpted mane lock.022 81/149 | Building BVH
Fra:1 Mem:27.80M (Peak 33.98M) | Time:00:00.29 | Mem:2.03M, Peak:2.03M | Scene, ViewLayer | Updating Geometry BVH Sculpted mane lock.022 81/149 | Building mesh BLAS |      60 tris | Sculpted mane lock.022
Fra:1 Mem:27.80M (Peak 33.98M) | Time:00:00.29 | Mem:2.03M, Peak:2.03M | Scene, ViewLayer | Updating Geometry BVH Sculpted mane lock.023 82/149 | Building BVH
Fra:1 Mem:27.80M (Peak 33.98M) | Time:00:00.29 | Mem:2.03M, Peak:2.03M | Scene, ViewLayer | Updating Geometry BVH Sculpted mane lock.023 82/149 | Building mesh BLAS |      60 tris | Sculpted mane lock.023
Fra:1 Mem:27.80M (Peak 33.98M) | Time:00:00.29 | Mem:2.03M, Peak:2.03M | Scene, ViewLayer | Updating Geometry BVH Sculpted mane lock.024 83/149 | Building BVH
Fra:1 Mem:27.80M (Peak 33.98M) | Time:00:00.29 | Mem:2.03M, Peak:2.03M | Scene, ViewLayer | Updating Geometry BVH Sculpted mane lock.024 83/149 | Building mesh BLAS |      60 tris | Sculpted mane lock.024
Fra:1 Mem:27.80M (Peak 33.98M) | Time:00:00.30 | Mem:2.03M, Peak:2.03M | Scene, ViewLayer | Updating Geometry BVH Sculpted mane lock.025 84/149 | Building BVH
Fra:1 Mem:27.80M (Peak 33.98M) | Time:00:00.30 | Mem:2.03M, Peak:2.03M | Scene, ViewLayer | Updating Geometry BVH Sculpted mane lock.025 84/149 | Building mesh BLAS |      60 tris | Sculpted mane lock.025
Fra:1 Mem:27.80M (Peak 33.98M) | Time:00:00.30 | Mem:2.03M, Peak:2.03M | Scene, ViewLayer | Updating Geometry BVH Sculpted mane lock.026 85/149 | Building BVH
Fra:1 Mem:27.80M (Peak 33.98M) | Time:00:00.30 | Mem:2.04M, Peak:2.04M | Scene, ViewLayer | Updating Geometry BVH Sculpted mane lock.026 85/149 | Building mesh BLAS |      60 tris | Sculpted mane lock.026
Fra:1 Mem:27.80M (Peak 33.98M) | Time:00:00.30 | Mem:2.04M, Peak:2.04M | Scene, ViewLayer | Updating Geometry BVH Sculpted mane lock.027 86/149 | Building BVH
Fra:1 Mem:27.80M (Peak 33.98M) | Time:00:00.30 | Mem:2.05M, Peak:2.05M | Scene, ViewLayer | Updating Geometry BVH Sculpted mane lock.027 86/149 | Building mesh BLAS |      60 tris | Sculpted mane lock.027
Fra:1 Mem:27.80M (Peak 33.98M) | Time:00:00.30 | Mem:2.10M, Peak:2.10M | Scene, ViewLayer | Updating Geometry BVH Sculpted mane lock.028 87/149 | Building BVH
Fra:1 Mem:27.80M (Peak 33.98M) | Time:00:00.30 | Mem:2.10M, Peak:2.10M | Scene, ViewLayer | Updating Geometry BVH Sculpted mane lock.028 87/149 | Building mesh BLAS |      60 tris | Sculpted mane lock.028
Fra:1 Mem:27.80M (Peak 33.98M) | Time:00:00.30 | Mem:2.13M, Peak:2.13M | Scene, ViewLayer | Updating Geometry BVH Wrist fur.010 132/149 | Building BVH
Fra:1 Mem:27.80M (Peak 33.98M) | Time:00:00.30 | Mem:2.14M, Peak:2.14M | Scene, ViewLayer | Updating Geometry BVH Wrist fur.010 132/149 | Building mesh BLAS |      44 tris | Wrist fur.010
Fra:1 Mem:27.80M (Peak 33.98M) | Time:00:00.30 | Mem:2.14M, Peak:2.14M | Scene, ViewLayer | Updating Geometry BVH Wrist fur.009 131/149 | Building BVH
Fra:1 Mem:27.80M (Peak 33.98M) | Time:00:00.30 | Mem:2.14M, Peak:2.14M | Scene, ViewLayer | Updating Geometry BVH Wrist fur.009 131/149 | Building mesh BLAS |      44 tris | Wrist fur.009
Fra:1 Mem:27.80M (Peak 33.98M) | Time:00:00.30 | Mem:2.14M, Peak:2.14M | Scene, ViewLayer | Updating Geometry BVH Layered shoulder fur.011 130/149 | Building BVH
Fra:1 Mem:27.80M (Peak 33.98M) | Time:00:00.30 | Mem:2.14M, Peak:2.14M | Scene, ViewLayer | Updating Geometry BVH Layered shoulder fur.011 130/149 | Building mesh BLAS |      44 tris | Layered shoulder fur.011
Fra:1 Mem:27.80M (Peak 33.98M) | Time:00:00.30 | Mem:2.14M, Peak:2.14M | Scene, ViewLayer | Updating Geometry BVH Layered shoulder fur.010 129/149 | Building BVH
Fra:1 Mem:27.80M (Peak 33.98M) | Time:00:00.30 | Mem:2.14M, Peak:2.14M | Scene, ViewLayer | Updating Geometry BVH Layered shoulder fur.010 129/149 | Building mesh BLAS |      44 tris | Layered shoulder fur.010
Fra:1 Mem:27.80M (Peak 33.98M) | Time:00:00.30 | Mem:2.14M, Peak:2.14M | Scene, ViewLayer | Updating Geometry BVH Layered shoulder fur.009 128/149 | Building BVH
Fra:1 Mem:27.80M (Peak 33.98M) | Time:00:00.30 | Mem:2.14M, Peak:2.14M | Scene, ViewLayer | Updating Geometry BVH Layered shoulder fur.009 128/149 | Building mesh BLAS |      44 tris | Layered shoulder fur.009
Fra:1 Mem:27.80M (Peak 33.98M) | Time:00:00.30 | Mem:2.14M, Peak:2.14M | Scene, ViewLayer | Updating Geometry BVH Sculpted mane lock.029 88/149 | Building BVH
Fra:1 Mem:27.80M (Peak 33.98M) | Time:00:00.30 | Mem:2.14M, Peak:2.14M | Scene, ViewLayer | Updating Geometry BVH Sculpted mane lock.030 89/149 | Building mesh BLAS |      60 tris | Sculpted mane lock.029
Fra:1 Mem:27.80M (Peak 33.98M) | Time:00:00.30 | Mem:2.14M, Peak:2.14M | Scene, ViewLayer | Updating Geometry BVH Sculpted mane lock.031 90/149 | Building BVH
Fra:1 Mem:27.80M (Peak 33.98M) | Time:00:00.30 | Mem:2.14M, Peak:2.14M | Scene, ViewLayer | Updating Geometry BVH Sculpted mane lock.031 90/149 | Building mesh BLAS |      60 tris | Sculpted mane lock.031
Fra:1 Mem:27.80M (Peak 33.98M) | Time:00:00.30 | Mem:2.14M, Peak:2.14M | Scene, ViewLayer | Updating Geometry BVH Sculpted mane lock.032 91/149 | Building BVH
Fra:1 Mem:27.80M (Peak 33.98M) | Time:00:00.30 | Mem:2.14M, Peak:2.14M | Scene, ViewLayer | Updating Geometry BVH Sculpted mane lock.032 91/149 | Building mesh BLAS |      60 tris | Sculpted mane lock.032
Fra:1 Mem:27.80M (Peak 33.98M) | Time:00:00.30 | Mem:2.14M, Peak:2.14M | Scene, ViewLayer | Updating Geometry BVH Sculpted mane lock.033 92/149 | Building BVH
Fra:1 Mem:27.80M (Peak 33.98M) | Time:00:00.30 | Mem:2.14M, Peak:2.14M | Scene, ViewLayer | Updating Geometry BVH Sculpted mane lock.033 92/149 | Building mesh BLAS |      60 tris | Sculpted mane lock.033
Fra:1 Mem:27.80M (Peak 33.98M) | Time:00:00.30 | Mem:2.14M, Peak:2.14M | Scene, ViewLayer | Updating Geometry BVH Sculpted mane lock.034 93/149 | Building BVH
Fra:1 Mem:27.80M (Peak 33.98M) | Time:00:00.30 | Mem:2.14M, Peak:2.14M | Scene, ViewLayer | Updating Geometry BVH Sculpted mane lock.035 94/149 | Building mesh BLAS |      60 tris | Sculpted mane lock.034
Fra:1 Mem:27.80M (Peak 33.98M) | Time:00:00.30 | Mem:2.14M, Peak:2.14M | Scene, ViewLayer | Updating Geometry BVH Sculpted mane lock.035 94/149 | Building mesh BLAS |      60 tris | Sculpted mane lock.030
Fra:1 Mem:27.80M (Peak 33.98M) | Time:00:00.30 | Mem:2.14M, Peak:2.14M | Scene, ViewLayer | Updating Geometry BVH Sculpted mane lock.035 94/149 | Building mesh BLAS |      60 tris | Sculpted mane lock.035
Fra:1 Mem:27.80M (Peak 33.98M) | Time:00:00.30 | Mem:2.42M, Peak:2.42M | Scene, ViewLayer | Updating Geometry BVH Wrist fur.008 127/149 | Building BVH
Fra:1 Mem:27.80M (Peak 33.98M) | Time:00:00.30 | Mem:2.43M, Peak:2.43M | Scene, ViewLayer | Updating Geometry BVH Sculpted mane lock.036 95/149 | Building BVH
Fra:1 Mem:27.80M (Peak 33.98M) | Time:00:00.30 | Mem:2.43M, Peak:2.43M | Scene, ViewLayer | Updating Geometry BVH Sculpted mane lock.036 95/149 | Building mesh BLAS |      44 tris | Wrist fur.008
Fra:1 Mem:27.80M (Peak 33.98M) | Time:00:00.30 | Mem:2.43M, Peak:2.43M | Scene, ViewLayer | Updating Geometry BVH Sculpted mane lock.037 96/149 | Building mesh BLAS |      60 tris | Sculpted mane lock.036
Fra:1 Mem:27.80M (Peak 33.98M) | Time:00:00.30 | Mem:2.43M, Peak:2.43M | Scene, ViewLayer | Updating Geometry BVH Sculpted mane lock.037 96/149 | Building mesh BLAS |      60 tris | Sculpted mane lock.037
Fra:1 Mem:27.80M (Peak 33.98M) | Time:00:00.30 | Mem:2.43M, Peak:2.43M | Scene, ViewLayer | Updating Geometry BVH Sculpted mane lock.038 97/149 | Building BVH
Fra:1 Mem:27.80M (Peak 33.98M) | Time:00:00.30 | Mem:2.43M, Peak:2.43M | Scene, ViewLayer | Updating Geometry BVH Sculpted mane lock.038 97/149 | Building mesh BLAS |      60 tris | Sculpted mane lock.038
Fra:1 Mem:27.80M (Peak 33.98M) | Time:00:00.30 | Mem:2.46M, Peak:2.46M | Scene, ViewLayer | Updating Geometry BVH Sculpted mane lock.039 98/149 | Building BVH
Fra:1 Mem:27.80M (Peak 33.98M) | Time:00:00.30 | Mem:2.47M, Peak:2.47M | Scene, ViewLayer | Updating Geometry BVH Sculpted mane lock.039 98/149 | Building mesh BLAS |      60 tris | Sculpted mane lock.039
Fra:1 Mem:27.80M (Peak 33.98M) | Time:00:00.30 | Mem:2.47M, Peak:2.47M | Scene, ViewLayer | Updating Geometry BVH Sculpted mane lock.040 99/149 | Building BVH
Fra:1 Mem:27.80M (Peak 33.98M) | Time:00:00.30 | Mem:2.51M, Peak:2.51M | Scene, ViewLayer | Updating Geometry BVH Sculpted mane lock.042 101/149 | Building BVH
Fra:1 Mem:27.80M (Peak 33.98M) | Time:00:00.30 | Mem:2.51M, Peak:2.51M | Scene, ViewLayer | Updating Geometry BVH Sculpted mane lock.042 101/149 | Building mesh BLAS |      60 tris | Sculpted mane lock.040
Fra:1 Mem:27.80M (Peak 33.98M) | Time:00:00.30 | Mem:2.52M, Peak:2.52M | Scene, ViewLayer | Updating Geometry BVH Wrist fur.007 126/149 | Building BVH
Fra:1 Mem:27.80M (Peak 33.98M) | Time:00:00.30 | Mem:2.52M, Peak:2.52M | Scene, ViewLayer | Updating Geometry BVH Sculpted mane lock.044 103/149 | Building BVH
Fra:1 Mem:27.80M (Peak 33.98M) | Time:00:00.30 | Mem:2.52M, Peak:2.52M | Scene, ViewLayer | Updating Geometry BVH Sculpted mane lock.044 103/149 | Building mesh BLAS |      44 tris | Wrist fur.007
Fra:1 Mem:27.80M (Peak 33.98M) | Time:00:00.30 | Mem:2.52M, Peak:2.52M | Scene, ViewLayer | Updating Geometry BVH Sculpted mane lock.045 104/149 | Building BVH
Fra:1 Mem:27.80M (Peak 33.98M) | Time:00:00.30 | Mem:2.52M, Peak:2.52M | Scene, ViewLayer | Updating Geometry BVH Sculpted mane lock.045 104/149 | Building mesh BLAS |      60 tris | Sculpted mane lock.045
Fra:1 Mem:27.80M (Peak 33.98M) | Time:00:00.30 | Mem:2.52M, Peak:2.52M | Scene, ViewLayer | Updating Geometry BVH Sculpted mane lock.045 104/149 | Building mesh BLAS |      60 tris | Sculpted mane lock.041
Fra:1 Mem:27.80M (Peak 33.98M) | Time:00:00.30 | Mem:2.52M, Peak:2.52M | Scene, ViewLayer | Updating Geometry BVH Sculpted mane lock.046 105/149 | Building mesh BLAS |      60 tris | Sculpted mane lock.044
Fra:1 Mem:27.80M (Peak 33.98M) | Time:00:00.30 | Mem:2.52M, Peak:2.52M | Scene, ViewLayer | Updating Geometry BVH Sculpted mane lock.046 105/149 | Building mesh BLAS |      60 tris | Sculpted mane lock.043
Fra:1 Mem:27.80M (Peak 33.98M) | Time:00:00.30 | Mem:2.52M, Peak:2.52M | Scene, ViewLayer | Updating Geometry BVH Sculpted mane lock.046 105/149 | Building mesh BLAS |      60 tris | Sculpted mane lock.046
Fra:1 Mem:27.80M (Peak 33.98M) | Time:00:00.30 | Mem:2.53M, Peak:2.53M | Scene, ViewLayer | Updating Geometry BVH Sculpted mane lock.047 106/149 | Building BVH
Fra:1 Mem:27.80M (Peak 33.98M) | Time:00:00.30 | Mem:2.53M, Peak:2.53M | Scene, ViewLayer | Updating Geometry BVH Sculpted mane lock.047 106/149 | Building mesh BLAS |      60 tris | Sculpted mane lock.047
Fra:1 Mem:27.80M (Peak 33.98M) | Time:00:00.30 | Mem:2.53M, Peak:2.53M | Scene, ViewLayer | Updating Geometry BVH Wrist fur.006 125/149 | Building BVH
Fra:1 Mem:27.80M (Peak 33.98M) | Time:00:00.30 | Mem:2.56M, Peak:2.56M | Scene, ViewLayer | Updating Geometry BVH Wrist fur.006 125/149 | Building mesh BLAS |      44 tris | Wrist fur.006
Fra:1 Mem:27.80M (Peak 33.98M) | Time:00:00.30 | Mem:2.56M, Peak:2.56M | Scene, ViewLayer | Updating Geometry BVH Sculpted mane lock.048 107/149 | Building BVH
Fra:1 Mem:27.80M (Peak 33.98M) | Time:00:00.30 | Mem:2.56M, Peak:2.56M | Scene, ViewLayer | Updating Geometry BVH Sculpted mane lock.049 108/149 | Building BVH
Fra:1 Mem:27.80M (Peak 33.98M) | Time:00:00.30 | Mem:2.60M, Peak:2.60M | Scene, ViewLayer | Updating Geometry BVH Sculpted mane lock.050 109/149 | Building BVH
Fra:1 Mem:27.80M (Peak 33.98M) | Time:00:00.30 | Mem:2.60M, Peak:2.60M | Scene, ViewLayer | Updating Geometry BVH Layered shoulder fur.001 111/149 | Building mesh BLAS |      60 tris | Sculpted mane lock.049
Fra:1 Mem:27.80M (Peak 33.98M) | Time:00:00.30 | Mem:2.60M, Peak:2.60M | Scene, ViewLayer | Updating Geometry BVH Layered shoulder fur.002 112/149 | Building BVH
Fra:1 Mem:27.80M (Peak 33.98M) | Time:00:00.30 | Mem:2.63M, Peak:2.63M | Scene, ViewLayer | Updating Geometry BVH Layered shoulder fur.008 124/149 | Building mesh BLAS |      44 tris | Layered shoulder fur
Fra:1 Mem:27.80M (Peak 33.98M) | Time:00:00.30 | Mem:2.64M, Peak:2.64M | Scene, ViewLayer | Updating Geometry BVH Wrist fur 113/149 | Building mesh BLAS |      44 tris | Layered shoulder fur.001
Fra:1 Mem:27.80M (Peak 33.98M) | Time:00:00.30 | Mem:2.64M, Peak:2.64M | Scene, ViewLayer | Updating Geometry BVH Wrist fur.001 114/149 | Building BVH
Fra:1 Mem:27.80M (Peak 33.98M) | Time:00:00.30 | Mem:2.65M, Peak:2.65M | Scene, ViewLayer | Updating Geometry BVH Wrist fur.001 114/149 | Building mesh BLAS |      44 tris | Wrist fur.001
Fra:1 Mem:27.80M (Peak 33.98M) | Time:00:00.30 | Mem:2.65M, Peak:2.65M | Scene, ViewLayer | Updating Geometry BVH Wrist fur.001 114/149 | Building mesh BLAS |      44 tris | Wrist fur
Fra:1 Mem:27.80M (Peak 33.98M) | Time:00:00.30 | Mem:2.65M, Peak:2.65M | Scene, ViewLayer | Updating Geometry BVH Wrist fur.002 115/149 | Building BVH
Fra:1 Mem:27.80M (Peak 33.98M) | Time:00:00.30 | Mem:2.65M, Peak:2.65M | Scene, ViewLayer | Updating Geometry BVH Layered shoulder fur.003 116/149 | Building BVH
Fra:1 Mem:27.80M (Peak 33.98M) | Time:00:00.30 | Mem:2.66M, Peak:2.66M | Scene, ViewLayer | Updating Geometry BVH Layered shoulder fur.003 116/149 | Building mesh BLAS |      44 tris | Wrist fur.002
Fra:1 Mem:27.80M (Peak 33.98M) | Time:00:00.30 | Mem:2.69M, Peak:2.69M | Scene, ViewLayer | Updating Geometry BVH Layered shoulder fur.005 118/149 | Building BVH
Fra:1 Mem:27.80M (Peak 33.98M) | Time:00:00.30 | Mem:2.72M, Peak:2.72M | Scene, ViewLayer | Updating Geometry BVH Wrist fur.003 119/149 | Building BVH
Fra:1 Mem:27.80M (Peak 33.98M) | Time:00:00.30 | Mem:2.72M, Peak:2.72M | Scene, ViewLayer | Updating Geometry BVH Wrist fur.003 119/149 | Building mesh BLAS |      44 tris | Layered shoulder fur.008
Fra:1 Mem:27.80M (Peak 33.98M) | Time:00:00.30 | Mem:2.72M, Peak:2.72M | Scene, ViewLayer | Updating Geometry BVH Wrist fur.004 120/149 | Building BVH
Fra:1 Mem:27.80M (Peak 33.98M) | Time:00:00.30 | Mem:2.72M, Peak:2.72M | Scene, ViewLayer | Updating Geometry BVH Wrist fur.004 120/149 | Building mesh BLAS |      44 tris | Wrist fur.004
Fra:1 Mem:27.80M (Peak 33.98M) | Time:00:00.30 | Mem:2.72M, Peak:2.72M | Scene, ViewLayer | Updating Geometry BVH Layered shoulder fur.007 123/149 | Building BVH
Fra:1 Mem:27.80M (Peak 33.98M) | Time:00:00.30 | Mem:2.72M, Peak:2.72M | Scene, ViewLayer | Updating Geometry BVH Layered shoulder fur.007 123/149 | Building mesh BLAS |      44 tris | Layered shoulder fur.007
Fra:1 Mem:27.80M (Peak 33.98M) | Time:00:00.30 | Mem:2.72M, Peak:2.72M | Scene, ViewLayer | Updating Geometry BVH Layered shoulder fur.007 123/149 | Building mesh BLAS |      44 tris | Layered shoulder fur.005
Fra:1 Mem:27.80M (Peak 33.98M) | Time:00:00.30 | Mem:2.72M, Peak:2.72M | Scene, ViewLayer | Updating Geometry BVH Layered shoulder fur.006 122/149 | Building BVH
Fra:1 Mem:27.80M (Peak 33.98M) | Time:00:00.30 | Mem:2.74M, Peak:2.74M | Scene, ViewLayer | Updating Geometry BVH Layered shoulder fur.006 122/149 | Building mesh BLAS |      44 tris | Layered shoulder fur.004
Fra:1 Mem:27.80M (Peak 33.98M) | Time:00:00.30 | Mem:2.74M, Peak:2.74M | Scene, ViewLayer | Updating Geometry BVH Layered shoulder fur.006 122/149 | Building mesh BLAS |      44 tris | Wrist fur.003
Fra:1 Mem:27.80M (Peak 33.98M) | Time:00:00.30 | Mem:2.74M, Peak:2.74M | Scene, ViewLayer | Updating Geometry BVH Layered shoulder fur.006 122/149 | Building mesh BLAS |      44 tris | Wrist fur.005
Fra:1 Mem:27.80M (Peak 33.98M) | Time:00:00.30 | Mem:2.74M, Peak:2.74M | Scene, ViewLayer | Updating Geometry BVH Layered shoulder fur.006 122/149 | Building mesh BLAS |      44 tris | Layered shoulder fur.006
Fra:1 Mem:27.80M (Peak 33.98M) | Time:00:00.30 | Mem:2.76M, Peak:2.76M | Scene, ViewLayer | Updating Scene BVH | Building
Fra:1 Mem:27.80M (Peak 33.98M) | Time:00:00.32 | Mem:2.91M, Peak:2.91M | Scene, ViewLayer | Updating Scene BVH | Building TLAS      |     149 instances
Fra:1 Mem:27.80M (Peak 33.98M) | Time:00:00.32 | Mem:2.96M, Peak:2.96M | Scene, ViewLayer | Updating Scene BVH | Copying BVH to device
Fra:1 Mem:27.80M (Peak 33.98M) | Time:00:00.32 | Mem:2.96M, Peak:2.96M | Scene, ViewLayer | Updating Mesh | Computing normals
Fra:1 Mem:28.42M (Peak 33.98M) | Time:00:00.32 | Mem:2.96M, Peak:2.96M | Scene, ViewLayer | Updating Mesh | Copying Mesh to device
Fra:1 Mem:27.80M (Peak 33.98M) | Time:00:00.32 | Mem:3.60M, Peak:3.60M | Scene, ViewLayer | Updating Objects Flags
Fra:1 Mem:27.80M (Peak 33.98M) | Time:00:00.32 | Mem:3.60M, Peak:3.60M | Scene, ViewLayer | Updating Primitive Offsets
Fra:1 Mem:27.80M (Peak 33.98M) | Time:00:00.32 | Mem:3.60M, Peak:3.60M | Scene, ViewLayer | Updating Images
Fra:1 Mem:27.80M (Peak 33.98M) | Time:00:00.32 | Mem:3.60M, Peak:3.60M | Scene, ViewLayer | Updating Camera Volume
Fra:1 Mem:27.80M (Peak 33.98M) | Time:00:00.32 | Mem:3.60M, Peak:3.60M | Scene, ViewLayer | Updating Lookup Tables
Fra:1 Mem:27.72M (Peak 33.98M) | Time:00:00.32 | Mem:3.69M, Peak:3.69M | Scene, ViewLayer | Updating Lights
Fra:1 Mem:27.72M (Peak 33.98M) | Time:00:00.32 | Mem:3.69M, Peak:3.69M | Scene, ViewLayer | Updating Lights | Computing tree
Fra:1 Mem:27.72M (Peak 33.98M) | Time:00:00.32 | Mem:3.69M, Peak:3.69M | Scene, ViewLayer | Updating Integrator
Fra:1 Mem:27.72M (Peak 33.98M) | Time:00:00.32 | Mem:3.69M, Peak:3.69M | Scene, ViewLayer | Updating Film
Fra:1 Mem:27.80M (Peak 33.98M) | Time:00:00.32 | Mem:3.60M, Peak:3.69M | Scene, ViewLayer | Updating Lookup Tables
Fra:1 Mem:27.72M (Peak 33.98M) | Time:00:00.32 | Mem:3.69M, Peak:3.69M | Scene, ViewLayer | Updating Baking
Fra:1 Mem:27.72M (Peak 33.98M) | Time:00:00.32 | Mem:3.69M, Peak:3.69M | Scene, ViewLayer | Updating Device | Writing constant memory
Fra:1 Mem:27.72M (Peak 33.98M) | Time:00:00.35 | Mem:3.69M, Peak:3.69M | Scene, ViewLayer | Loading denoising kernels (may take a few minutes the first time)
Fra:1 Mem:27.72M (Peak 59.72M) | Time:00:00.36 | Mem:2819.71M, Peak:2819.71M | Scene, ViewLayer | Sample 0/12 (Using optimized kernels)
Fra:1 Mem:27.72M (Peak 63.23M) | Time:00:00.62 | Remaining:00:02.77 | Mem:2855.25M, Peak:2855.25M | Scene, ViewLayer | Sample 1/12 (Using optimized kernels)
Fra:1 Mem:42.67M (Peak 65.10M) | Time:00:04.93 | Mem:2855.25M, Peak:2855.25M | Scene, ViewLayer | Sample 12/12 (Using optimized kernels)
Fra:1 Mem:42.67M (Peak 65.10M) | Time:00:04.93 | Mem:2855.25M, Peak:2855.25M | Scene, ViewLayer | Finished
Saved: '/Users/chikumatsuboi/Code/animal-racers-western/assets/source/western/qa/lion-fight_idle-01.png'
Time: 00:05.05 (Saving: 00:00.06)

Fra:7 Mem:30.74M (Peak 30.74M) | Time:00:00.01 | Mem:0.02M, Peak:0.02M | Scene, ViewLayer | Synchronizing object | Body • continuous sculpted skin
Fra:7 Mem:30.74M (Peak 30.74M) | Time:00:00.01 | Mem:0.02M, Peak:0.02M | Scene, ViewLayer | Synchronizing object | Ivory claw.002
Fra:7 Mem:31.03M (Peak 31.03M) | Time:00:00.01 | Mem:0.02M, Peak:0.02M | Scene, ViewLayer | Synchronizing object | Paw toe.003
Fra:7 Mem:31.05M (Peak 31.05M) | Time:00:00.01 | Mem:0.02M, Peak:0.02M | Scene, ViewLayer | Synchronizing object | Ivory claw.003
Fra:7 Mem:31.06M (Peak 31.06M) | Time:00:00.01 | Mem:0.02M, Peak:0.02M | Scene, ViewLayer | Synchronizing object | Paw toe.004
Fra:7 Mem:31.06M (Peak 31.06M) | Time:00:00.01 | Mem:0.02M, Peak:0.02M | Scene, ViewLayer | Synchronizing object | Paw toe.005
Fra:7 Mem:31.16M (Peak 31.16M) | Time:00:00.01 | Mem:0.02M, Peak:0.02M | Scene, ViewLayer | Synchronizing object | Ivory claw.006
Fra:7 Mem:31.26M (Peak 31.26M) | Time:00:00.01 | Mem:0.02M, Peak:0.02M | Scene, ViewLayer | Synchronizing object | Paw toe.007
Fra:7 Mem:31.27M (Peak 31.27M) | Time:00:00.01 | Mem:0.02M, Peak:0.02M | Scene, ViewLayer | Synchronizing object | Paw toe.008
Fra:7 Mem:31.29M (Peak 31.29M) | Time:00:00.01 | Mem:0.02M, Peak:0.02M | Scene, ViewLayer | Synchronizing object | Ivory claw.008
Fra:7 Mem:31.30M (Peak 31.30M) | Time:00:00.01 | Mem:0.02M, Peak:0.02M | Scene, ViewLayer | Synchronizing object | Ivory claw.009
Fra:7 Mem:31.31M (Peak 31.31M) | Time:00:00.01 | Mem:0.02M, Peak:0.02M | Scene, ViewLayer | Synchronizing object | Paw toe.010
Fra:7 Mem:31.32M (Peak 31.32M) | Time:00:00.01 | Mem:0.02M, Peak:0.02M | Scene, ViewLayer | Synchronizing object | Paw toe.011
Fra:7 Mem:31.33M (Peak 31.33M) | Time:00:00.01 | Mem:0.02M, Peak:0.02M | Scene, ViewLayer | Synchronizing object | Ivory claw.011
Fra:7 Mem:31.34M (Peak 31.34M) | Time:00:00.01 | Mem:0.02M, Peak:0.02M | Scene, ViewLayer | Synchronizing object | Head • species sculpt
Fra:7 Mem:31.38M (Peak 31.38M) | Time:00:00.01 | Mem:0.02M, Peak:0.02M | Scene, ViewLayer | Synchronizing object | Cream muzzle pad
Fra:7 Mem:31.57M (Peak 31.57M) | Time:00:00.01 | Mem:0.02M, Peak:0.02M | Scene, ViewLayer | Synchronizing object | Cream muzzle pad.001
Fra:7 Mem:31.59M (Peak 31.59M) | Time:00:00.01 | Mem:0.02M, Peak:0.02M | Scene, ViewLayer | Synchronizing object | Eye socket
Fra:7 Mem:31.61M (Peak 31.61M) | Time:00:00.01 | Mem:0.02M, Peak:0.02M | Scene, ViewLayer | Synchronizing object | Ivory eye
Fra:7 Mem:31.64M (Peak 31.64M) | Time:00:00.01 | Mem:0.02M, Peak:0.02M | Scene, ViewLayer | Synchronizing object | Iris
Fra:7 Mem:31.64M (Peak 31.64M) | Time:00:00.01 | Mem:0.02M, Peak:0.02M | Scene, ViewLayer | Synchronizing object | Expressive brow
Fra:7 Mem:31.79M (Peak 31.79M) | Time:00:00.01 | Mem:0.02M, Peak:0.02M | Scene, ViewLayer | Synchronizing object | Smiling mouth
Fra:7 Mem:31.87M (Peak 31.87M) | Time:00:00.01 | Mem:0.02M, Peak:0.02M | Scene, ViewLayer | Synchronizing object | Whisker pore
Fra:7 Mem:31.88M (Peak 31.88M) | Time:00:00.01 | Mem:0.02M, Peak:0.02M | Scene, ViewLayer | Synchronizing object | Whisker pore.001
Fra:7 Mem:31.88M (Peak 31.88M) | Time:00:00.01 | Mem:0.02M, Peak:0.02M | Scene, ViewLayer | Synchronizing object | Pupil.001
Fra:7 Mem:31.89M (Peak 31.89M) | Time:00:00.01 | Mem:0.02M, Peak:0.02M | Scene, ViewLayer | Synchronizing object | Eye glint.001
Fra:7 Mem:31.91M (Peak 31.91M) | Time:00:00.01 | Mem:0.02M, Peak:0.02M | Scene, ViewLayer | Synchronizing object | Expressive brow.001
Fra:7 Mem:31.98M (Peak 31.98M) | Time:00:00.01 | Mem:0.02M, Peak:0.02M | Scene, ViewLayer | Synchronizing object | Smiling mouth.001
Fra:7 Mem:32.01M (Peak 32.01M) | Time:00:00.01 | Mem:0.02M, Peak:0.02M | Scene, ViewLayer | Synchronizing object | Whisker pore.003
Fra:7 Mem:32.01M (Peak 32.01M) | Time:00:00.01 | Mem:0.02M, Peak:0.02M | Scene, ViewLayer | Synchronizing object | Whisker pore.004
Fra:7 Mem:32.02M (Peak 32.02M) | Time:00:00.01 | Mem:0.02M, Peak:0.02M | Scene, ViewLayer | Synchronizing object | Lower canine
Fra:7 Mem:32.02M (Peak 32.02M) | Time:00:00.01 | Mem:0.02M, Peak:0.02M | Scene, ViewLayer | Synchronizing object | Lower canine.001
Fra:7 Mem:32.03M (Peak 32.03M) | Time:00:00.01 | Mem:0.02M, Peak:0.02M | Scene, ViewLayer | Synchronizing object | Inner lion ear
Fra:7 Mem:32.04M (Peak 32.04M) | Time:00:00.01 | Mem:0.02M, Peak:0.02M | Scene, ViewLayer | Synchronizing object | Sky fill
Fra:7 Mem:32.10M (Peak 32.10M) | Time:00:00.01 | Mem:0.02M, Peak:0.02M | Scene, ViewLayer | Synchronizing object | Rounded lion ear.001
Fra:7 Mem:32.17M (Peak 32.17M) | Time:00:00.01 | Mem:0.02M, Peak:0.02M | Scene, ViewLayer | Synchronizing object | Inner lion ear.001
Fra:7 Mem:32.21M (Peak 32.21M) | Time:00:00.01 | Mem:0.02M, Peak:0.02M | Scene, ViewLayer | Synchronizing object | Sculpted mane lock
Fra:7 Mem:32.22M (Peak 32.22M) | Time:00:00.01 | Mem:0.02M, Peak:0.02M | Scene, ViewLayer | Synchronizing object | Sculpted mane lock.002
Fra:7 Mem:32.25M (Peak 32.25M) | Time:00:00.01 | Mem:0.02M, Peak:0.02M | Scene, ViewLayer | Synchronizing object | Sculpted mane lock.004
Fra:7 Mem:32.26M (Peak 32.26M) | Time:00:00.01 | Mem:0.02M, Peak:0.02M | Scene, ViewLayer | Synchronizing object | Sculpted mane lock.005
Fra:7 Mem:32.27M (Peak 32.27M) | Time:00:00.01 | Mem:0.02M, Peak:0.02M | Scene, ViewLayer | Synchronizing object | Sculpted mane lock.006
Fra:7 Mem:32.27M (Peak 32.27M) | Time:00:00.01 | Mem:0.02M, Peak:0.02M | Scene, ViewLayer | Synchronizing object | Sculpted mane lock.007
Fra:7 Mem:32.28M (Peak 32.28M) | Time:00:00.01 | Mem:0.02M, Peak:0.02M | Scene, ViewLayer | Synchronizing object | Sculpted mane lock.010
Fra:7 Mem:32.29M (Peak 32.29M) | Time:00:00.01 | Mem:0.02M, Peak:0.02M | Scene, ViewLayer | Synchronizing object | Sculpted mane lock.011
Fra:7 Mem:32.29M (Peak 32.29M) | Time:00:00.01 | Mem:0.02M, Peak:0.02M | Scene, ViewLayer | Synchronizing object | Sculpted mane lock.012
Fra:7 Mem:32.30M (Peak 32.30M) | Time:00:00.01 | Mem:0.02M, Peak:0.02M | Scene, ViewLayer | Synchronizing object | Sculpted mane lock.013
Fra:7 Mem:32.30M (Peak 32.30M) | Time:00:00.01 | Mem:0.02M, Peak:0.02M | Scene, ViewLayer | Synchronizing object | Sculpted mane lock.015
Fra:7 Mem:32.31M (Peak 32.31M) | Time:00:00.01 | Mem:0.02M, Peak:0.02M | Scene, ViewLayer | Synchronizing object | Sculpted mane lock.016
Fra:7 Mem:32.32M (Peak 32.32M) | Time:00:00.01 | Mem:0.02M, Peak:0.02M | Scene, ViewLayer | Synchronizing object | Sculpted mane lock.017
Fra:7 Mem:32.33M (Peak 32.33M) | Time:00:00.01 | Mem:0.02M, Peak:0.02M | Scene, ViewLayer | Synchronizing object | Sculpted mane lock.018
Fra:7 Mem:32.34M (Peak 32.34M) | Time:00:00.01 | Mem:0.02M, Peak:0.02M | Scene, ViewLayer | Synchronizing object | Sculpted mane lock.020
Fra:7 Mem:32.34M (Peak 32.34M) | Time:00:00.01 | Mem:0.02M, Peak:0.02M | Scene, ViewLayer | Synchronizing object | Sculpted mane lock.022
Fra:7 Mem:32.34M (Peak 32.34M) | Time:00:00.01 | Mem:0.02M, Peak:0.02M | Scene, ViewLayer | Synchronizing object | Sculpted mane lock.023
Fra:7 Mem:32.36M (Peak 32.36M) | Time:00:00.01 | Mem:0.02M, Peak:0.02M | Scene, ViewLayer | Synchronizing object | Sculpted mane lock.024
Fra:7 Mem:32.35M (Peak 32.36M) | Time:00:00.01 | Mem:0.02M, Peak:0.02M | Scene, ViewLayer | Synchronizing object | Sculpted mane lock.025
Fra:7 Mem:32.36M (Peak 32.36M) | Time:00:00.01 | Mem:0.02M, Peak:0.02M | Scene, ViewLayer | Synchronizing object | Sculpted mane lock.026
Fra:7 Mem:32.37M (Peak 32.37M) | Time:00:00.01 | Mem:0.02M, Peak:0.02M | Scene, ViewLayer | Synchronizing object | Sculpted mane lock.027
Fra:7 Mem:32.38M (Peak 32.38M) | Time:00:00.01 | Mem:0.02M, Peak:0.02M | Scene, ViewLayer | Synchronizing object | Sculpted mane lock.028
Fra:7 Mem:32.38M (Peak 32.38M) | Time:00:00.01 | Mem:0.02M, Peak:0.02M | Scene, ViewLayer | Synchronizing object | Sculpted mane lock.030
Fra:7 Mem:32.39M (Peak 32.39M) | Time:00:00.01 | Mem:0.02M, Peak:0.02M | Scene, ViewLayer | Synchronizing object | Plane
Fra:7 Mem:32.39M (Peak 32.39M) | Time:00:00.01 | Mem:0.02M, Peak:0.02M | Scene, ViewLayer | Synchronizing object | Sculpted mane lock.032
Fra:7 Mem:32.40M (Peak 32.40M) | Time:00:00.01 | Mem:0.02M, Peak:0.02M | Scene, ViewLayer | Synchronizing object | Sculpted mane lock.033
Fra:7 Mem:32.41M (Peak 32.41M) | Time:00:00.01 | Mem:0.02M, Peak:0.02M | Scene, ViewLayer | Synchronizing object | Sculpted mane lock.034
Fra:7 Mem:32.42M (Peak 32.42M) | Time:00:00.01 | Mem:0.02M, Peak:0.02M | Scene, ViewLayer | Synchronizing object | Sculpted mane lock.035
Fra:7 Mem:32.42M (Peak 32.42M) | Time:00:00.01 | Mem:0.02M, Peak:0.02M | Scene, ViewLayer | Synchronizing object | Sculpted mane lock.036
Fra:7 Mem:32.43M (Peak 32.43M) | Time:00:00.01 | Mem:0.02M, Peak:0.02M | Scene, ViewLayer | Synchronizing object | Sculpted mane lock.037
Fra:7 Mem:32.43M (Peak 32.43M) | Time:00:00.01 | Mem:0.02M, Peak:0.02M | Scene, ViewLayer | Synchronizing object | Sculpted mane lock.039
Fra:7 Mem:32.43M (Peak 32.43M) | Time:00:00.01 | Mem:0.02M, Peak:0.02M | Scene, ViewLayer | Synchronizing object | Sculpted mane lock.040
Fra:7 Mem:32.44M (Peak 32.44M) | Time:00:00.01 | Mem:0.02M, Peak:0.02M | Scene, ViewLayer | Synchronizing object | Sculpted mane lock.041
Fra:7 Mem:32.44M (Peak 32.44M) | Time:00:00.01 | Mem:0.02M, Peak:0.02M | Scene, ViewLayer | Synchronizing object | Sculpted mane lock.042
Fra:7 Mem:32.47M (Peak 32.47M) | Time:00:00.01 | Mem:0.02M, Peak:0.02M | Scene, ViewLayer | Synchronizing object | Sculpted mane lock.043
Fra:7 Mem:32.47M (Peak 32.47M) | Time:00:00.01 | Mem:0.02M, Peak:0.02M | Scene, ViewLayer | Synchronizing object | Sculpted mane lock.044
Fra:7 Mem:32.46M (Peak 32.47M) | Time:00:00.01 | Mem:0.02M, Peak:0.02M | Scene, ViewLayer | Synchronizing object | Brass crest clasp
Fra:7 Mem:32.46M (Peak 32.47M) | Time:00:00.01 | Mem:0.02M, Peak:0.02M | Scene, ViewLayer | Synchronizing object | Sculpted mane lock.046
Fra:7 Mem:32.47M (Peak 32.47M) | Time:00:00.01 | Mem:0.02M, Peak:0.02M | Scene, ViewLayer | Synchronizing object | Sculpted mane lock.047
Fra:7 Mem:32.48M (Peak 32.48M) | Time:00:00.01 | Mem:0.02M, Peak:0.02M | Scene, ViewLayer | Synchronizing object | Sculpted mane lock.048
Fra:7 Mem:32.48M (Peak 32.48M) | Time:00:00.01 | Mem:0.02M, Peak:0.02M | Scene, ViewLayer | Synchronizing object | Sculpted mane lock.050
Fra:7 Mem:32.49M (Peak 32.49M) | Time:00:00.01 | Mem:0.02M, Peak:0.02M | Scene, ViewLayer | Synchronizing object | Layered shoulder fur
Fra:7 Mem:32.50M (Peak 32.50M) | Time:00:00.01 | Mem:0.02M, Peak:0.02M | Scene, ViewLayer | Synchronizing object | Layered shoulder fur.001
Fra:7 Mem:32.50M (Peak 32.50M) | Time:00:00.01 | Mem:0.02M, Peak:0.02M | Scene, ViewLayer | Synchronizing object | Wrist fur
Fra:7 Mem:32.52M (Peak 32.52M) | Time:00:00.01 | Mem:0.02M, Peak:0.02M | Scene, ViewLayer | Synchronizing object | Wrist fur.001
Fra:7 Mem:32.54M (Peak 32.54M) | Time:00:00.01 | Mem:0.02M, Peak:0.02M | Scene, ViewLayer | Synchronizing object | Layered shoulder fur.003
Fra:7 Mem:32.54M (Peak 32.54M) | Time:00:00.01 | Mem:0.02M, Peak:0.02M | Scene, ViewLayer | Synchronizing object | Layered shoulder fur.004
Fra:7 Mem:32.54M (Peak 32.54M) | Time:00:00.01 | Mem:0.02M, Peak:0.02M | Scene, ViewLayer | Synchronizing object | Layered shoulder fur.005
Fra:7 Mem:32.55M (Peak 32.55M) | Time:00:00.01 | Mem:0.02M, Peak:0.02M | Scene, ViewLayer | Synchronizing object | Wrist fur.003
Fra:7 Mem:32.57M (Peak 32.57M) | Time:00:00.01 | Mem:0.02M, Peak:0.02M | Scene, ViewLayer | Synchronizing object | Wrist fur.004
Fra:7 Mem:32.56M (Peak 32.57M) | Time:00:00.01 | Mem:0.02M, Peak:0.02M | Scene, ViewLayer | Synchronizing object | Layered shoulder fur.006
Fra:7 Mem:32.56M (Peak 32.57M) | Time:00:00.01 | Mem:0.02M, Peak:0.02M | Scene, ViewLayer | Synchronizing object | Layered shoulder fur.007
Fra:7 Mem:32.57M (Peak 32.57M) | Time:00:00.01 | Mem:0.02M, Peak:0.02M | Scene, ViewLayer | Synchronizing object | Layered shoulder fur.008
Fra:7 Mem:32.57M (Peak 32.57M) | Time:00:00.01 | Mem:0.02M, Peak:0.02M | Scene, ViewLayer | Synchronizing object | Wrist fur.006
Fra:7 Mem:32.58M (Peak 32.58M) | Time:00:00.01 | Mem:0.02M, Peak:0.02M | Scene, ViewLayer | Synchronizing object | Wrist fur.007
Fra:7 Mem:32.58M (Peak 32.58M) | Time:00:00.01 | Mem:0.02M, Peak:0.02M | Scene, ViewLayer | Synchronizing object | Wrist fur.008
Fra:7 Mem:32.59M (Peak 32.59M) | Time:00:00.01 | Mem:0.02M, Peak:0.02M | Scene, ViewLayer | Synchronizing object | Layered shoulder fur.009
Fra:7 Mem:32.60M (Peak 32.60M) | Time:00:00.01 | Mem:0.02M, Peak:0.02M | Scene, ViewLayer | Synchronizing object | Layered shoulder fur.011
Fra:7 Mem:32.60M (Peak 32.60M) | Time:00:00.01 | Mem:0.02M, Peak:0.02M | Scene, ViewLayer | Synchronizing object | Wrist fur.009
Fra:7 Mem:32.60M (Peak 32.60M) | Time:00:00.01 | Mem:0.02M, Peak:0.02M | Scene, ViewLayer | Synchronizing object | Wrist fur.010
Fra:7 Mem:32.61M (Peak 32.61M) | Time:00:00.01 | Mem:0.02M, Peak:0.02M | Scene, ViewLayer | Synchronizing object | Articulated tail
Fra:7 Mem:32.61M (Peak 32.61M) | Time:00:00.01 | Mem:0.02M, Peak:0.02M | Scene, ViewLayer | Synchronizing object | Flame tail tuft
Fra:7 Mem:32.64M (Peak 32.64M) | Time:00:00.01 | Mem:0.02M, Peak:0.02M | Scene, ViewLayer | Synchronizing object | Flame tail tuft.001
Fra:7 Mem:32.64M (Peak 32.64M) | Time:00:00.01 | Mem:0.02M, Peak:0.02M | Scene, ViewLayer | Synchronizing object | Flame tail tuft.002
Fra:7 Mem:32.66M (Peak 32.66M) | Time:00:00.01 | Mem:0.02M, Peak:0.02M | Scene, ViewLayer | Synchronizing object | Flame tail tuft.004
Fra:7 Mem:32.66M (Peak 32.66M) | Time:00:00.01 | Mem:0.02M, Peak:0.02M | Scene, ViewLayer | Synchronizing object | Flame tail tuft.005
Fra:7 Mem:32.66M (Peak 32.66M) | Time:00:00.01 | Mem:0.02M, Peak:0.02M | Scene, ViewLayer | Synchronizing object | Flame tail tuft.006
Fra:7 Mem:32.68M (Peak 32.68M) | Time:00:00.01 | Mem:0.02M, Peak:0.02M | Scene, ViewLayer | Initializing
Fra:7 Mem:30.49M (Peak 32.68M) | Time:00:00.01 | Mem:0.02M, Peak:0.02M | Scene, ViewLayer | Updating Images | Loading Authored short-fur normal
Fra:7 Mem:26.04M (Peak 32.68M) | Time:00:00.01 | Mem:0.27M, Peak:0.27M | Scene, ViewLayer | Waiting for render to start
Fra:7 Mem:26.04M (Peak 32.68M) | Time:00:00.01 | Mem:0.27M, Peak:0.27M | Scene, ViewLayer | Updating Scene
Fra:7 Mem:26.04M (Peak 32.68M) | Time:00:00.01 | Mem:0.27M, Peak:0.27M | Scene, ViewLayer | Updating Shaders
Fra:7 Mem:26.04M (Peak 32.68M) | Time:00:00.02 | Mem:0.27M, Peak:0.27M | Scene, ViewLayer | Loading render kernels (may take a few minutes the first time)
Fra:7 Mem:26.12M (Peak 32.68M) | Time:00:00.07 | Mem:0.28M, Peak:0.28M | Scene, ViewLayer | Updating Procedurals
Fra:7 Mem:26.12M (Peak 32.68M) | Time:00:00.07 | Mem:0.28M, Peak:0.28M | Scene, ViewLayer | Updating Background
Fra:7 Mem:26.12M (Peak 32.68M) | Time:00:00.07 | Mem:0.28M, Peak:0.28M | Scene, ViewLayer | Updating Camera
Fra:7 Mem:26.12M (Peak 32.68M) | Time:00:00.07 | Mem:0.28M, Peak:0.28M | Scene, ViewLayer | Updating Meshes Flags
Fra:7 Mem:26.12M (Peak 32.68M) | Time:00:00.07 | Mem:0.28M, Peak:0.28M | Scene, ViewLayer | Updating Objects
Fra:7 Mem:26.12M (Peak 32.68M) | Time:00:00.07 | Mem:0.28M, Peak:0.28M | Scene, ViewLayer | Updating Objects | Copying Transformations to device
Fra:7 Mem:26.12M (Peak 32.68M) | Time:00:00.07 | Mem:0.33M, Peak:0.33M | Scene, ViewLayer | Updating Particle Systems
Fra:7 Mem:26.12M (Peak 32.68M) | Time:00:00.07 | Mem:0.33M, Peak:0.33M | Scene, ViewLayer | Updating Particle Systems | Copying Particles to device
Fra:7 Mem:26.12M (Peak 32.68M) | Time:00:00.07 | Mem:0.33M, Peak:0.33M | Scene, ViewLayer | Updating Meshes
Fra:7 Mem:27.14M (Peak 32.68M) | Time:00:00.08 | Mem:0.33M, Peak:0.33M | Scene, ViewLayer | Updating Objects | Applying Static Transformations
Fra:7 Mem:27.14M (Peak 32.68M) | Time:00:00.08 | Mem:0.33M, Peak:0.33M | Scene, ViewLayer | Updating Mesh | Computing attributes
Fra:7 Mem:28.57M (Peak 32.68M) | Time:00:00.08 | Mem:0.36M, Peak:0.36M | Scene, ViewLayer | Updating Mesh | Copying Attributes to device
Fra:7 Mem:27.14M (Peak 32.68M) | Time:00:00.18 | Mem:1.81M, Peak:1.81M | Scene, ViewLayer | Updating Geometry BVH ribcage 2/55 | Building BVH
Fra:7 Mem:27.14M (Peak 32.68M) | Time:00:00.18 | Mem:1.81M, Peak:1.81M | Scene, ViewLayer | Updating Geometry BVH Ivory claw.002 8/149 | Building BVH
Fra:7 Mem:27.14M (Peak 32.68M) | Time:00:00.18 | Mem:1.81M, Peak:1.81M | Scene, ViewLayer | Updating Geometry BVH Ivory claw.002 8/149 | Building mesh BLAS |     192 tris | Paw toe
Fra:7 Mem:27.14M (Peak 32.68M) | Time:00:00.18 | Mem:1.81M, Peak:1.81M | Scene, ViewLayer | Updating Geometry BVH Warm rim 149/149 | Building mesh BLAS |    4170 tris | ribcage
Fra:7 Mem:27.14M (Peak 32.68M) | Time:00:00.18 | Mem:1.81M, Peak:1.81M | Scene, ViewLayer | Updating Geometry BVH Warm rim 149/149 | Building mesh BLAS |     192 tris | Paw toe.002
Fra:7 Mem:27.14M (Peak 32.68M) | Time:00:00.18 | Mem:1.81M, Peak:1.81M | Scene, ViewLayer | Updating Geometry BVH Sky fill 148/149 | Building BVH
Fra:7 Mem:27.14M (Peak 32.68M) | Time:00:00.18 | Mem:1.81M, Peak:1.81M | Scene, ViewLayer | Updating Geometry BVH Sky fill 148/149 | Building mesh BLAS |      32 tris | Ivory claw.001
Fra:7 Mem:27.14M (Peak 32.68M) | Time:00:00.18 | Mem:1.81M, Peak:1.81M | Scene, ViewLayer | Updating Geometry BVH Paw toe.003 9/149 | Building BVH
Fra:7 Mem:27.14M (Peak 32.68M) | Time:00:00.18 | Mem:1.81M, Peak:1.81M | Scene, ViewLayer | Updating Geometry BVH Paw toe.003 9/149 | Building mesh BLAS |     192 tris | Paw toe.003
Fra:7 Mem:27.14M (Peak 32.68M) | Time:00:00.18 | Mem:1.81M, Peak:1.81M | Scene, ViewLayer | Updating Geometry BVH Paw toe.004 11/149 | Building BVH
Fra:7 Mem:27.14M (Peak 32.68M) | Time:00:00.18 | Mem:1.81M, Peak:1.81M | Scene, ViewLayer | Updating Geometry BVH Sunset key 147/149 | Building BVH
Fra:7 Mem:27.14M (Peak 32.68M) | Time:00:00.18 | Mem:1.81M, Peak:1.81M | Scene, ViewLayer | Updating Geometry BVH Plane 146/149 | Building BVH
Fra:7 Mem:27.14M (Peak 32.68M) | Time:00:00.18 | Mem:1.81M, Peak:1.81M | Scene, ViewLayer | Updating Geometry BVH Ivory claw.004 12/149 | Building mesh BLAS |       2 tris | Plane
Fra:7 Mem:27.14M (Peak 32.68M) | Time:00:00.18 | Mem:1.81M, Peak:1.81M | Scene, ViewLayer | Updating Geometry BVH Paw toe.005 13/149 | Building BVH
Fra:7 Mem:27.14M (Peak 32.68M) | Time:00:00.18 | Mem:1.81M, Peak:1.81M | Scene, ViewLayer | Updating Geometry BVH Paw toe.005 13/149 | Building mesh BLAS |     192 tris | Paw toe.004
Fra:7 Mem:27.14M (Peak 32.68M) | Time:00:00.18 | Mem:1.81M, Peak:1.81M | Scene, ViewLayer | Updating Geometry BVH Ivory claw.005 14/149 | Building BVH
Fra:7 Mem:27.14M (Peak 32.68M) | Time:00:00.18 | Mem:1.81M, Peak:1.81M | Scene, ViewLayer | Updating Geometry BVH Ivory claw.005 14/149 | Building mesh BLAS |     192 tris | Paw toe.005
Fra:7 Mem:27.14M (Peak 32.68M) | Time:00:00.18 | Mem:1.81M, Peak:1.81M | Scene, ViewLayer | Updating Geometry BVH Paw toe.006 15/149 | Building BVH
Fra:7 Mem:27.14M (Peak 32.68M) | Time:00:00.18 | Mem:1.81M, Peak:1.81M | Scene, ViewLayer | Updating Geometry BVH Paw toe.006 15/149 | Building mesh BLAS |      32 tris | Ivory claw.004
Fra:7 Mem:27.14M (Peak 32.68M) | Time:00:00.18 | Mem:1.81M, Peak:1.81M | Scene, ViewLayer | Updating Geometry BVH Paw toe.006 15/149 | Building mesh BLAS |     192 tris | Paw toe.006
Fra:7 Mem:27.14M (Peak 32.68M) | Time:00:00.18 | Mem:1.81M, Peak:1.81M | Scene, ViewLayer | Updating Geometry BVH Paw toe.006 15/149 | Building mesh BLAS |      32 tris | Ivory claw.005
Fra:7 Mem:27.14M (Peak 32.68M) | Time:00:00.18 | Mem:1.81M, Peak:1.81M | Scene, ViewLayer | Updating Geometry BVH Raised elemental crest 145/149 | Building BVH
Fra:7 Mem:27.14M (Peak 32.68M) | Time:00:00.18 | Mem:1.81M, Peak:1.81M | Scene, ViewLayer | Updating Geometry BVH Raised elemental crest 145/149 | Building mesh BLAS |      36 tris | Raised elemental crest
Fra:7 Mem:27.14M (Peak 32.68M) | Time:00:00.18 | Mem:1.81M, Peak:1.81M | Scene, ViewLayer | Updating Geometry BVH Ivory claw.006 16/149 | Building BVH
Fra:7 Mem:27.14M (Peak 32.68M) | Time:00:00.18 | Mem:1.81M, Peak:1.81M | Scene, ViewLayer | Updating Geometry BVH Ivory claw.006 16/149 | Building mesh BLAS |      32 tris | Ivory claw.006
Fra:7 Mem:27.14M (Peak 32.68M) | Time:00:00.18 | Mem:1.81M, Peak:1.81M | Scene, ViewLayer | Updating Geometry BVH Paw toe.007 17/149 | Building BVH
Fra:7 Mem:27.14M (Peak 32.68M) | Time:00:00.18 | Mem:1.81M, Peak:1.81M | Scene, ViewLayer | Updating Geometry BVH Paw toe.007 17/149 | Building mesh BLAS |     192 tris | Paw toe.007
Fra:7 Mem:27.14M (Peak 32.68M) | Time:00:00.18 | Mem:1.81M, Peak:1.81M | Scene, ViewLayer | Updating Geometry BVH Ivory claw.007 18/149 | Building BVH
Fra:7 Mem:27.14M (Peak 32.68M) | Time:00:00.18 | Mem:1.81M, Peak:1.81M | Scene, ViewLayer | Updating Geometry BVH Ivory claw.007 18/149 | Building mesh BLAS |      32 tris | Ivory claw.007
Fra:7 Mem:27.14M (Peak 32.68M) | Time:00:00.18 | Mem:1.81M, Peak:1.81M | Scene, ViewLayer | Updating Geometry BVH Ivory claw.007 18/149 | Building mesh BLAS |      32 tris | Ivory claw.003
Fra:7 Mem:27.14M (Peak 32.68M) | Time:00:00.18 | Mem:1.81M, Peak:1.81M | Scene, ViewLayer | Updating Geometry BVH Paw toe.008 19/149 | Building BVH
Fra:7 Mem:27.14M (Peak 32.68M) | Time:00:00.18 | Mem:1.81M, Peak:1.81M | Scene, ViewLayer | Updating Geometry BVH Paw toe.008 19/149 | Building mesh BLAS |     192 tris | Paw toe.008
Fra:7 Mem:27.14M (Peak 32.68M) | Time:00:00.18 | Mem:1.81M, Peak:1.81M | Scene, ViewLayer | Updating Geometry BVH Ivory claw.008 20/149 | Building BVH
Fra:7 Mem:27.14M (Peak 32.68M) | Time:00:00.18 | Mem:1.81M, Peak:1.81M | Scene, ViewLayer | Updating Geometry BVH Ivory claw.008 20/149 | Building mesh BLAS |      32 tris | Ivory claw.008
Fra:7 Mem:27.14M (Peak 32.68M) | Time:00:00.18 | Mem:1.81M, Peak:1.81M | Scene, ViewLayer | Updating Geometry BVH Paw toe.009 21/149 | Building BVH
Fra:7 Mem:27.14M (Peak 32.68M) | Time:00:00.18 | Mem:1.81M, Peak:1.81M | Scene, ViewLayer | Updating Geometry BVH Paw toe.009 21/149 | Building mesh BLAS |     192 tris | Paw toe.009
Fra:7 Mem:27.14M (Peak 32.68M) | Time:00:00.18 | Mem:1.81M, Peak:1.81M | Scene, ViewLayer | Updating Geometry BVH Ivory claw.009 22/149 | Building BVH
Fra:7 Mem:27.14M (Peak 32.68M) | Time:00:00.18 | Mem:1.81M, Peak:1.81M | Scene, ViewLayer | Updating Geometry BVH Ivory claw.009 22/149 | Building mesh BLAS |      32 tris | Ivory claw.009
Fra:7 Mem:27.14M (Peak 32.68M) | Time:00:00.18 | Mem:1.81M, Peak:1.81M | Scene, ViewLayer | Updating Geometry BVH Paw toe.010 23/149 | Building BVH
Fra:7 Mem:27.14M (Peak 32.68M) | Time:00:00.18 | Mem:1.81M, Peak:1.81M | Scene, ViewLayer | Updating Geometry BVH Brass crest clasp 144/149 | Building BVH
Fra:7 Mem:27.14M (Peak 32.68M) | Time:00:00.18 | Mem:1.81M, Peak:1.81M | Scene, ViewLayer | Updating Geometry BVH Brass crest clasp 144/149 | Building mesh BLAS |     192 tris | Paw toe.010
Fra:7 Mem:27.14M (Peak 32.68M) | Time:00:00.18 | Mem:1.81M, Peak:1.81M | Scene, ViewLayer | Updating Geometry BVH Ivory claw.010 24/149 | Building mesh BLAS |     320 tris | Brass crest clasp
Fra:7 Mem:27.14M (Peak 32.68M) | Time:00:00.18 | Mem:1.81M, Peak:1.81M | Scene, ViewLayer | Updating Geometry BVH Skull 27/149 | Building BVH
Fra:7 Mem:27.14M (Peak 32.68M) | Time:00:00.18 | Mem:1.81M, Peak:1.81M | Scene, ViewLayer | Updating Geometry BVH Cream muzzle pad 28/149 | Building mesh BLAS |     192 tris | Paw toe.011
Fra:7 Mem:27.14M (Peak 32.68M) | Time:00:00.18 | Mem:1.81M, Peak:1.81M | Scene, ViewLayer | Updating Geometry BVH Cream muzzle pad 28/149 | Building mesh BLAS |      32 tris | Ivory claw.011
Fra:7 Mem:27.14M (Peak 32.68M) | Time:00:00.18 | Mem:1.81M, Peak:1.81M | Scene, ViewLayer | Updating Geometry BVH Heart shaped nose 30/149 | Building BVH
Fra:7 Mem:27.14M (Peak 32.68M) | Time:00:00.18 | Mem:1.81M, Peak:1.81M | Scene, ViewLayer | Updating Geometry BVH Heart shaped nose 30/149 | Building mesh BLAS |      32 tris | Ivory claw.010
Fra:7 Mem:27.14M (Peak 32.68M) | Time:00:00.18 | Mem:1.81M, Peak:1.81M | Scene, ViewLayer | Updating Geometry BVH Heart shaped nose 30/149 | Building mesh BLAS |       6 tris | Heart shaped nose
Fra:7 Mem:27.14M (Peak 32.68M) | Time:00:00.18 | Mem:1.81M, Peak:1.81M | Scene, ViewLayer | Updating Geometry BVH Heart shaped nose 30/149 | Building mesh BLAS |     480 tris | Cream muzzle pad
Fra:7 Mem:27.14M (Peak 32.68M) | Time:00:00.18 | Mem:1.81M, Peak:1.81M | Scene, ViewLayer | Updating Geometry BVH Heart shaped nose 30/149 | Building mesh BLAS |    2832 tris | Skull
Fra:7 Mem:27.14M (Peak 32.68M) | Time:00:00.18 | Mem:1.81M, Peak:1.81M | Scene, ViewLayer | Updating Geometry BVH Heart shaped nose 30/149 | Building mesh BLAS |     480 tris | Cream muzzle pad.001
Fra:7 Mem:27.14M (Peak 32.68M) | Time:00:00.18 | Mem:1.81M, Peak:1.81M | Scene, ViewLayer | Updating Geometry BVH Eye socket 31/149 | Building BVH
Fra:7 Mem:27.14M (Peak 32.68M) | Time:00:00.18 | Mem:1.81M, Peak:1.81M | Scene, ViewLayer | Updating Geometry BVH Eye socket 31/149 | Building mesh BLAS |     480 tris | Eye socket
Fra:7 Mem:27.14M (Peak 32.68M) | Time:00:00.18 | Mem:1.81M, Peak:1.81M | Scene, ViewLayer | Updating Geometry BVH Ivory eye 32/149 | Building BVH
Fra:7 Mem:27.14M (Peak 32.68M) | Time:00:00.18 | Mem:1.81M, Peak:1.81M | Scene, ViewLayer | Updating Geometry BVH Ivory eye 32/149 | Building mesh BLAS |     480 tris | Ivory eye
Fra:7 Mem:27.14M (Peak 32.68M) | Time:00:00.18 | Mem:1.81M, Peak:1.81M | Scene, ViewLayer | Updating Geometry BVH Neckerchief folded point 143/149 | Building BVH
Fra:7 Mem:27.14M (Peak 32.68M) | Time:00:00.18 | Mem:1.81M, Peak:1.81M | Scene, ViewLayer | Updating Geometry BVH Neckerchief folded point 143/149 | Building mesh BLAS |       4 tris | Neckerchief folded point
Fra:7 Mem:27.14M (Peak 32.68M) | Time:00:00.18 | Mem:1.81M, Peak:1.81M | Scene, ViewLayer | Updating Geometry BVH Iris 33/149 | Building BVH
Fra:7 Mem:27.14M (Peak 32.68M) | Time:00:00.18 | Mem:1.81M, Peak:1.81M | Scene, ViewLayer | Updating Geometry BVH Pupil 34/149 | Building BVH
Fra:7 Mem:27.14M (Peak 32.68M) | Time:00:00.18 | Mem:1.81M, Peak:1.81M | Scene, ViewLayer | Updating Geometry BVH Pupil 34/149 | Building mesh BLAS |     480 tris | Iris
Fra:7 Mem:27.14M (Peak 32.68M) | Time:00:00.18 | Mem:1.81M, Peak:1.81M | Scene, ViewLayer | Updating Geometry BVH Eye glint 35/149 | Building mesh BLAS |     320 tris | Pupil
Fra:7 Mem:27.14M (Peak 32.68M) | Time:00:00.18 | Mem:1.81M, Peak:1.81M | Scene, ViewLayer | Updating Geometry BVH Expressive brow 36/149 | Building BVH
Fra:7 Mem:27.14M (Peak 32.68M) | Time:00:00.18 | Mem:1.81M, Peak:1.81M | Scene, ViewLayer | Updating Geometry BVH Expressive brow 36/149 | Building mesh BLAS |      44 tris | Expressive brow
Fra:7 Mem:27.14M (Peak 32.68M) | Time:00:00.18 | Mem:1.81M, Peak:1.81M | Scene, ViewLayer | Updating Geometry BVH Smiling mouth 37/149 | Building BVH
Fra:7 Mem:27.14M (Peak 32.68M) | Time:00:00.18 | Mem:1.81M, Peak:1.81M | Scene, ViewLayer | Updating Geometry BVH Smiling mouth 37/149 | Building mesh BLAS |      32 tris | Smiling mouth
Fra:7 Mem:27.14M (Peak 32.68M) | Time:00:00.18 | Mem:1.81M, Peak:1.81M | Scene, ViewLayer | Updating Geometry BVH Whisker pore 38/149 | Building BVH
Fra:7 Mem:27.14M (Peak 32.68M) | Time:00:00.18 | Mem:1.81M, Peak:1.81M | Scene, ViewLayer | Updating Geometry BVH Whisker pore 38/149 | Building mesh BLAS |      64 tris | Whisker pore
Fra:7 Mem:27.14M (Peak 32.68M) | Time:00:00.18 | Mem:1.81M, Peak:1.81M | Scene, ViewLayer | Updating Geometry BVH Whisker pore 38/149 | Building mesh BLAS |     192 tris | Eye glint
Fra:7 Mem:27.14M (Peak 32.68M) | Time:00:00.18 | Mem:1.81M, Peak:1.81M | Scene, ViewLayer | Updating Geometry BVH Leather neckerchief roll 142/149 | Building BVH
Fra:7 Mem:27.14M (Peak 32.68M) | Time:00:00.18 | Mem:1.81M, Peak:1.81M | Scene, ViewLayer | Updating Geometry BVH Leather neckerchief roll 142/149 | Building mesh BLAS |      76 tris | Leather neckerchief roll
Fra:7 Mem:27.14M (Peak 32.68M) | Time:00:00.18 | Mem:1.81M, Peak:1.81M | Scene, ViewLayer | Updating Geometry BVH Whisker pore.002 40/149 | Building BVH
Fra:7 Mem:27.14M (Peak 32.68M) | Time:00:00.18 | Mem:1.81M, Peak:1.81M | Scene, ViewLayer | Updating Geometry BVH Whisker pore.002 40/149 | Building mesh BLAS |      64 tris | Whisker pore.001
Fra:7 Mem:27.14M (Peak 32.68M) | Time:00:00.18 | Mem:1.81M, Peak:1.81M | Scene, ViewLayer | Updating Geometry BVH Whisker pore.002 40/149 | Building mesh BLAS |      64 tris | Whisker pore.002
Fra:7 Mem:27.14M (Peak 32.68M) | Time:00:00.18 | Mem:1.81M, Peak:1.81M | Scene, ViewLayer | Updating Geometry BVH Eye socket.001 41/149 | Building BVH
Fra:7 Mem:27.14M (Peak 32.68M) | Time:00:00.18 | Mem:1.81M, Peak:1.81M | Scene, ViewLayer | Updating Geometry BVH Eye socket.001 41/149 | Building mesh BLAS |     480 tris | Eye socket.001
Fra:7 Mem:27.14M (Peak 32.68M) | Time:00:00.18 | Mem:1.81M, Peak:1.81M | Scene, ViewLayer | Updating Geometry BVH Ivory eye.001 42/149 | Building BVH
Fra:7 Mem:27.14M (Peak 32.68M) | Time:00:00.18 | Mem:1.81M, Peak:1.81M | Scene, ViewLayer | Updating Geometry BVH Iris.001 43/149 | Building BVH
Fra:7 Mem:27.14M (Peak 32.68M) | Time:00:00.18 | Mem:1.81M, Peak:1.81M | Scene, ViewLayer | Updating Geometry BVH Iris.001 43/149 | Building mesh BLAS |     480 tris | Ivory eye.001
Fra:7 Mem:27.14M (Peak 32.68M) | Time:00:00.18 | Mem:1.81M, Peak:1.81M | Scene, ViewLayer | Updating Geometry BVH Pupil.001 44/149 | Building BVH
Fra:7 Mem:27.14M (Peak 32.68M) | Time:00:00.18 | Mem:1.81M, Peak:1.81M | Scene, ViewLayer | Updating Geometry BVH Eye glint.001 45/149 | Building BVH
Fra:7 Mem:27.14M (Peak 32.68M) | Time:00:00.18 | Mem:1.81M, Peak:1.81M | Scene, ViewLayer | Updating Geometry BVH Expressive brow.001 46/149 | Building BVH
Fra:7 Mem:27.14M (Peak 32.68M) | Time:00:00.18 | Mem:1.81M, Peak:1.81M | Scene, ViewLayer | Updating Geometry BVH Expressive brow.001 46/149 | Building mesh BLAS |     192 tris | Eye glint.001
Fra:7 Mem:27.14M (Peak 32.68M) | Time:00:00.18 | Mem:1.81M, Peak:1.81M | Scene, ViewLayer | Updating Geometry BVH Smiling mouth.001 47/149 | Building BVH
Fra:7 Mem:27.14M (Peak 32.68M) | Time:00:00.18 | Mem:1.81M, Peak:1.81M | Scene, ViewLayer | Updating Geometry BVH Smiling mouth.001 47/149 | Building mesh BLAS |     320 tris | Pupil.001
Fra:7 Mem:27.14M (Peak 32.68M) | Time:00:00.18 | Mem:1.81M, Peak:1.81M | Scene, ViewLayer | Updating Geometry BVH Whisker pore.003 48/149 | Building BVH
Fra:7 Mem:27.14M (Peak 32.68M) | Time:00:00.18 | Mem:1.81M, Peak:1.81M | Scene, ViewLayer | Updating Geometry BVH Flame tail tuft.006 141/149 | Building BVH
Fra:7 Mem:27.14M (Peak 32.68M) | Time:00:00.18 | Mem:1.81M, Peak:1.81M | Scene, ViewLayer | Updating Geometry BVH Flame tail tuft.006 141/149 | Building mesh BLAS |      64 tris | Whisker pore.003
Fra:7 Mem:27.14M (Peak 32.68M) | Time:00:00.18 | Mem:1.81M, Peak:1.81M | Scene, ViewLayer | Updating Geometry BVH Whisker pore.004 49/149 | Building BVH
Fra:7 Mem:27.14M (Peak 32.68M) | Time:00:00.18 | Mem:1.81M, Peak:1.81M | Scene, ViewLayer | Updating Geometry BVH Whisker pore.004 49/149 | Building mesh BLAS |      64 tris | Whisker pore.004
Fra:7 Mem:27.14M (Peak 32.68M) | Time:00:00.18 | Mem:1.81M, Peak:1.81M | Scene, ViewLayer | Updating Geometry BVH Whisker pore.004 49/149 | Building mesh BLAS |      44 tris | Flame tail tuft.006
Fra:7 Mem:27.14M (Peak 32.68M) | Time:00:00.18 | Mem:1.81M, Peak:1.81M | Scene, ViewLayer | Updating Geometry BVH Whisker pore.005 50/149 | Building BVH
Fra:7 Mem:27.14M (Peak 32.68M) | Time:00:00.18 | Mem:1.81M, Peak:1.81M | Scene, ViewLayer | Updating Geometry BVH Whisker pore.005 50/149 | Building mesh BLAS |      64 tris | Whisker pore.005
Fra:7 Mem:27.14M (Peak 32.68M) | Time:00:00.18 | Mem:1.81M, Peak:1.81M | Scene, ViewLayer | Updating Geometry BVH Lower jaw 51/149 | Building BVH
Fra:7 Mem:27.14M (Peak 32.68M) | Time:00:00.18 | Mem:1.81M, Peak:1.81M | Scene, ViewLayer | Updating Geometry BVH Lower jaw 51/149 | Building mesh BLAS |     400 tris | Lower jaw
Fra:7 Mem:27.14M (Peak 32.68M) | Time:00:00.18 | Mem:1.81M, Peak:1.81M | Scene, ViewLayer | Updating Geometry BVH Mouth cavity 52/149 | Building BVH
Fra:7 Mem:27.14M (Peak 32.68M) | Time:00:00.18 | Mem:1.81M, Peak:1.81M | Scene, ViewLayer | Updating Geometry BVH Lower canine 53/149 | Building BVH
Fra:7 Mem:27.14M (Peak 32.68M) | Time:00:00.18 | Mem:1.81M, Peak:1.81M | Scene, ViewLayer | Updating Geometry BVH Lower canine 53/149 | Building mesh BLAS |     360 tris | Mouth cavity
Fra:7 Mem:27.14M (Peak 32.68M) | Time:00:00.18 | Mem:1.81M, Peak:1.81M | Scene, ViewLayer | Updating Geometry BVH Lower canine.001 54/149 | Building mesh BLAS |      38 tris | Lower canine
Fra:7 Mem:27.14M (Peak 32.68M) | Time:00:00.18 | Mem:1.81M, Peak:1.81M | Scene, ViewLayer | Updating Geometry BVH Lower canine.001 54/149 | Building mesh BLAS |      38 tris | Lower canine.001
Fra:7 Mem:27.14M (Peak 32.68M) | Time:00:00.18 | Mem:1.81M, Peak:1.81M | Scene, ViewLayer | Updating Geometry BVH Rounded lion ear 55/149 | Building BVH
Fra:7 Mem:27.14M (Peak 32.68M) | Time:00:00.18 | Mem:1.81M, Peak:1.81M | Scene, ViewLayer | Updating Geometry BVH Inner lion ear 56/149 | Building BVH
Fra:7 Mem:27.14M (Peak 32.68M) | Time:00:00.18 | Mem:1.81M, Peak:1.81M | Scene, ViewLayer | Updating Geometry BVH Inner lion ear 56/149 | Building mesh BLAS |     320 tris | Inner lion ear
Fra:7 Mem:27.14M (Peak 32.68M) | Time:00:00.18 | Mem:1.81M, Peak:1.81M | Scene, ViewLayer | Updating Geometry BVH Inner lion ear.001 58/149 | Building BVH
Fra:7 Mem:27.14M (Peak 32.68M) | Time:00:00.18 | Mem:1.81M, Peak:1.81M | Scene, ViewLayer | Updating Geometry BVH Inner lion ear.001 58/149 | Building mesh BLAS |     320 tris | Inner lion ear.001
Fra:7 Mem:27.14M (Peak 32.68M) | Time:00:00.18 | Mem:1.81M, Peak:1.81M | Scene, ViewLayer | Updating Geometry BVH Sculpted mane lock 59/149 | Building BVH
Fra:7 Mem:27.14M (Peak 32.68M) | Time:00:00.18 | Mem:1.81M, Peak:1.81M | Scene, ViewLayer | Updating Geometry BVH Sculpted mane lock.001 60/149 | Building mesh BLAS |      60 tris | Sculpted mane lock
Fra:7 Mem:27.14M (Peak 32.68M) | Time:00:00.18 | Mem:1.81M, Peak:1.81M | Scene, ViewLayer | Updating Geometry BVH Flame tail tuft.005 140/149 | Building BVH
Fra:7 Mem:27.14M (Peak 32.68M) | Time:00:00.18 | Mem:1.81M, Peak:1.81M | Scene, ViewLayer | Updating Geometry BVH Flame tail tuft.005 140/149 | Building mesh BLAS |     432 tris | Rounded lion ear.001
Fra:7 Mem:27.14M (Peak 32.68M) | Time:00:00.18 | Mem:1.81M, Peak:1.81M | Scene, ViewLayer | Updating Geometry BVH Flame tail tuft.005 140/149 | Building mesh BLAS |      44 tris | Flame tail tuft.005
Fra:7 Mem:27.14M (Peak 32.68M) | Time:00:00.18 | Mem:1.81M, Peak:1.81M | Scene, ViewLayer | Updating Geometry BVH Sculpted mane lock.002 61/149 | Building BVH
Fra:7 Mem:27.14M (Peak 32.68M) | Time:00:00.18 | Mem:1.81M, Peak:1.81M | Scene, ViewLayer | Updating Geometry BVH Sculpted mane lock.002 61/149 | Building mesh BLAS |      60 tris | Sculpted mane lock.002
Fra:7 Mem:27.14M (Peak 32.68M) | Time:00:00.18 | Mem:1.81M, Peak:1.81M | Scene, ViewLayer | Updating Geometry BVH Sculpted mane lock.003 62/149 | Building BVH
Fra:7 Mem:27.14M (Peak 32.68M) | Time:00:00.18 | Mem:1.81M, Peak:1.81M | Scene, ViewLayer | Updating Geometry BVH Sculpted mane lock.003 62/149 | Building mesh BLAS |      60 tris | Sculpted mane lock.001
Fra:7 Mem:27.14M (Peak 32.68M) | Time:00:00.18 | Mem:1.81M, Peak:1.81M | Scene, ViewLayer | Updating Geometry BVH Sculpted mane lock.004 63/149 | Building BVH
Fra:7 Mem:27.14M (Peak 32.68M) | Time:00:00.18 | Mem:1.81M, Peak:1.81M | Scene, ViewLayer | Updating Geometry BVH Sculpted mane lock.004 63/149 | Building mesh BLAS |      60 tris | Sculpted mane lock.004
Fra:7 Mem:27.14M (Peak 32.68M) | Time:00:00.18 | Mem:1.81M, Peak:1.81M | Scene, ViewLayer | Updating Geometry BVH Sculpted mane lock.005 64/149 | Building BVH
Fra:7 Mem:27.14M (Peak 32.68M) | Time:00:00.18 | Mem:1.81M, Peak:1.81M | Scene, ViewLayer | Updating Geometry BVH Sculpted mane lock.005 64/149 | Building mesh BLAS |      60 tris | Sculpted mane lock.005
Fra:7 Mem:27.14M (Peak 32.68M) | Time:00:00.18 | Mem:1.81M, Peak:1.81M | Scene, ViewLayer | Updating Geometry BVH Sculpted mane lock.006 65/149 | Building BVH
Fra:7 Mem:27.14M (Peak 32.68M) | Time:00:00.18 | Mem:1.81M, Peak:1.81M | Scene, ViewLayer | Updating Geometry BVH Sculpted mane lock.007 66/149 | Building BVH
Fra:7 Mem:27.14M (Peak 32.68M) | Time:00:00.18 | Mem:1.81M, Peak:1.81M | Scene, ViewLayer | Updating Geometry BVH Flame tail tuft.004 139/149 | Building mesh BLAS |      60 tris | Sculpted mane lock.006
Fra:7 Mem:27.14M (Peak 32.68M) | Time:00:00.18 | Mem:1.81M, Peak:1.81M | Scene, ViewLayer | Updating Geometry BVH Flame tail tuft.004 139/149 | Building mesh BLAS |      60 tris | Sculpted mane lock.007
Fra:7 Mem:27.14M (Peak 32.68M) | Time:00:00.18 | Mem:1.81M, Peak:1.81M | Scene, ViewLayer | Updating Geometry BVH Flame tail tuft.004 139/149 | Building mesh BLAS |      44 tris | Flame tail tuft.004
Fra:7 Mem:27.14M (Peak 32.68M) | Time:00:00.18 | Mem:1.81M, Peak:1.81M | Scene, ViewLayer | Updating Geometry BVH Sculpted mane lock.008 67/149 | Building BVH
Fra:7 Mem:27.14M (Peak 32.68M) | Time:00:00.18 | Mem:1.81M, Peak:1.81M | Scene, ViewLayer | Updating Geometry BVH Sculpted mane lock.008 67/149 | Building mesh BLAS |      60 tris | Sculpted mane lock.008
Fra:7 Mem:27.14M (Peak 32.68M) | Time:00:00.18 | Mem:1.81M, Peak:1.81M | Scene, ViewLayer | Updating Geometry BVH Sculpted mane lock.009 68/149 | Building BVH
Fra:7 Mem:27.14M (Peak 32.68M) | Time:00:00.18 | Mem:1.81M, Peak:1.81M | Scene, ViewLayer | Updating Geometry BVH Sculpted mane lock.009 68/149 | Building mesh BLAS |      60 tris | Sculpted mane lock.009
Fra:7 Mem:27.14M (Peak 32.68M) | Time:00:00.18 | Mem:1.81M, Peak:1.81M | Scene, ViewLayer | Updating Geometry BVH Sculpted mane lock.010 69/149 | Building BVH
Fra:7 Mem:27.14M (Peak 32.68M) | Time:00:00.18 | Mem:1.81M, Peak:1.81M | Scene, ViewLayer | Updating Geometry BVH Sculpted mane lock.010 69/149 | Building mesh BLAS |      60 tris | Sculpted mane lock.010
Fra:7 Mem:27.14M (Peak 32.68M) | Time:00:00.19 | Mem:1.81M, Peak:1.81M | Scene, ViewLayer | Updating Geometry BVH Sculpted mane lock.011 70/149 | Building BVH
Fra:7 Mem:27.14M (Peak 32.68M) | Time:00:00.19 | Mem:1.81M, Peak:1.81M | Scene, ViewLayer | Updating Geometry BVH Sculpted mane lock.011 70/149 | Building mesh BLAS |      60 tris | Sculpted mane lock.011
Fra:7 Mem:27.14M (Peak 32.68M) | Time:00:00.19 | Mem:1.81M, Peak:1.81M | Scene, ViewLayer | Updating Geometry BVH Sculpted mane lock.012 71/149 | Building BVH
Fra:7 Mem:27.14M (Peak 32.68M) | Time:00:00.19 | Mem:1.81M, Peak:1.81M | Scene, ViewLayer | Updating Geometry BVH Sculpted mane lock.012 71/149 | Building mesh BLAS |      60 tris | Sculpted mane lock.012
Fra:7 Mem:27.14M (Peak 32.68M) | Time:00:00.19 | Mem:1.81M, Peak:1.81M | Scene, ViewLayer | Updating Geometry BVH Sculpted mane lock.013 72/149 | Building BVH
Fra:7 Mem:27.14M (Peak 32.68M) | Time:00:00.19 | Mem:1.81M, Peak:1.81M | Scene, ViewLayer | Updating Geometry BVH Sculpted mane lock.013 72/149 | Building mesh BLAS |      60 tris | Sculpted mane lock.013
Fra:7 Mem:27.14M (Peak 32.68M) | Time:00:00.19 | Mem:1.81M, Peak:1.81M | Scene, ViewLayer | Updating Geometry BVH Flame tail tuft.003 138/149 | Building BVH
Fra:7 Mem:27.14M (Peak 32.68M) | Time:00:00.19 | Mem:1.81M, Peak:1.81M | Scene, ViewLayer | Updating Geometry BVH Flame tail tuft.003 138/149 | Building mesh BLAS |      44 tris | Flame tail tuft.003
Fra:7 Mem:27.14M (Peak 32.68M) | Time:00:00.19 | Mem:1.82M, Peak:1.82M | Scene, ViewLayer | Updating Geometry BVH Sculpted mane lock.014 73/149 | Building BVH
Fra:7 Mem:27.14M (Peak 32.68M) | Time:00:00.19 | Mem:1.82M, Peak:1.82M | Scene, ViewLayer | Updating Geometry BVH Sculpted mane lock.014 73/149 | Building mesh BLAS |      60 tris | Sculpted mane lock.014
Fra:7 Mem:27.14M (Peak 32.68M) | Time:00:00.19 | Mem:1.82M, Peak:1.82M | Scene, ViewLayer | Updating Geometry BVH Sculpted mane lock.015 74/149 | Building BVH
Fra:7 Mem:27.14M (Peak 32.68M) | Time:00:00.19 | Mem:1.82M, Peak:1.82M | Scene, ViewLayer | Updating Geometry BVH Sculpted mane lock.015 74/149 | Building mesh BLAS |      60 tris | Sculpted mane lock.015
Fra:7 Mem:27.14M (Peak 32.68M) | Time:00:00.19 | Mem:1.82M, Peak:1.82M | Scene, ViewLayer | Updating Geometry BVH Sculpted mane lock.016 75/149 | Building BVH
Fra:7 Mem:27.14M (Peak 32.68M) | Time:00:00.19 | Mem:1.82M, Peak:1.82M | Scene, ViewLayer | Updating Geometry BVH Sculpted mane lock.017 76/149 | Building BVH
Fra:7 Mem:27.14M (Peak 32.68M) | Time:00:00.19 | Mem:1.82M, Peak:1.82M | Scene, ViewLayer | Updating Geometry BVH Sculpted mane lock.017 76/149 | Building mesh BLAS |      60 tris | Sculpted mane lock.016
Fra:7 Mem:27.14M (Peak 32.68M) | Time:00:00.19 | Mem:1.82M, Peak:1.82M | Scene, ViewLayer | Updating Geometry BVH Sculpted mane lock.017 76/149 | Building mesh BLAS |      60 tris | Sculpted mane lock.017
Fra:7 Mem:27.14M (Peak 32.68M) | Time:00:00.19 | Mem:1.82M, Peak:1.82M | Scene, ViewLayer | Updating Geometry BVH Sculpted mane lock.018 77/149 | Building BVH
Fra:7 Mem:27.14M (Peak 32.68M) | Time:00:00.19 | Mem:1.82M, Peak:1.82M | Scene, ViewLayer | Updating Geometry BVH Sculpted mane lock.019 78/149 | Building BVH
Fra:7 Mem:27.14M (Peak 32.68M) | Time:00:00.19 | Mem:1.82M, Peak:1.82M | Scene, ViewLayer | Updating Geometry BVH Sculpted mane lock.019 78/149 | Building mesh BLAS |      60 tris | Sculpted mane lock.019
Fra:7 Mem:27.14M (Peak 32.68M) | Time:00:00.19 | Mem:1.83M, Peak:1.83M | Scene, ViewLayer | Updating Geometry BVH Sculpted mane lock.020 79/149 | Building BVH
Fra:7 Mem:27.14M (Peak 32.68M) | Time:00:00.19 | Mem:1.83M, Peak:1.83M | Scene, ViewLayer | Updating Geometry BVH Sculpted mane lock.020 79/149 | Building mesh BLAS |      60 tris | Sculpted mane lock.020
Fra:7 Mem:27.14M (Peak 32.68M) | Time:00:00.19 | Mem:1.83M, Peak:1.83M | Scene, ViewLayer | Updating Geometry BVH Flame tail tuft.002 137/149 | Building BVH
Fra:7 Mem:27.14M (Peak 32.68M) | Time:00:00.19 | Mem:1.83M, Peak:1.83M | Scene, ViewLayer | Updating Geometry BVH Flame tail tuft.002 137/149 | Building mesh BLAS |      44 tris | Flame tail tuft.002
Fra:7 Mem:27.14M (Peak 32.68M) | Time:00:00.19 | Mem:1.83M, Peak:1.83M | Scene, ViewLayer | Updating Geometry BVH Sculpted mane lock.021 80/149 | Building BVH
Fra:7 Mem:27.14M (Peak 32.68M) | Time:00:00.19 | Mem:1.83M, Peak:1.83M | Scene, ViewLayer | Updating Geometry BVH Sculpted mane lock.021 80/149 | Building mesh BLAS |      60 tris | Sculpted mane lock.021
Fra:7 Mem:27.14M (Peak 32.68M) | Time:00:00.19 | Mem:1.83M, Peak:1.83M | Scene, ViewLayer | Updating Geometry BVH Sculpted mane lock.022 81/149 | Building BVH
Fra:7 Mem:27.14M (Peak 32.68M) | Time:00:00.19 | Mem:1.83M, Peak:1.83M | Scene, ViewLayer | Updating Geometry BVH Sculpted mane lock.022 81/149 | Building mesh BLAS |      60 tris | Sculpted mane lock.022
Fra:7 Mem:27.14M (Peak 32.68M) | Time:00:00.19 | Mem:1.83M, Peak:1.83M | Scene, ViewLayer | Updating Geometry BVH Sculpted mane lock.023 82/149 | Building BVH
Fra:7 Mem:27.14M (Peak 32.68M) | Time:00:00.19 | Mem:1.83M, Peak:1.83M | Scene, ViewLayer | Updating Geometry BVH Sculpted mane lock.023 82/149 | Building mesh BLAS |      60 tris | Sculpted mane lock.023
Fra:7 Mem:27.14M (Peak 32.68M) | Time:00:00.20 | Mem:1.83M, Peak:1.83M | Scene, ViewLayer | Updating Geometry BVH Sculpted mane lock.024 83/149 | Building BVH
Fra:7 Mem:27.14M (Peak 32.68M) | Time:00:00.20 | Mem:1.83M, Peak:1.83M | Scene, ViewLayer | Updating Geometry BVH Sculpted mane lock.024 83/149 | Building mesh BLAS |      60 tris | Sculpted mane lock.024
Fra:7 Mem:27.14M (Peak 32.68M) | Time:00:00.20 | Mem:1.83M, Peak:1.83M | Scene, ViewLayer | Updating Geometry BVH Sculpted mane lock.025 84/149 | Building BVH
Fra:7 Mem:27.14M (Peak 32.68M) | Time:00:00.20 | Mem:1.83M, Peak:1.83M | Scene, ViewLayer | Updating Geometry BVH Sculpted mane lock.026 85/149 | Building BVH
Fra:7 Mem:27.14M (Peak 32.68M) | Time:00:00.20 | Mem:1.83M, Peak:1.83M | Scene, ViewLayer | Updating Geometry BVH Sculpted mane lock.026 85/149 | Building mesh BLAS |      60 tris | Sculpted mane lock.025
Fra:7 Mem:27.14M (Peak 32.68M) | Time:00:00.20 | Mem:1.83M, Peak:1.83M | Scene, ViewLayer | Updating Geometry BVH Sculpted mane lock.026 85/149 | Building mesh BLAS |      60 tris | Sculpted mane lock.026
Fra:7 Mem:27.14M (Peak 32.68M) | Time:00:00.20 | Mem:1.83M, Peak:1.83M | Scene, ViewLayer | Updating Geometry BVH Sculpted mane lock.027 86/149 | Building BVH
Fra:7 Mem:27.14M (Peak 32.68M) | Time:00:00.20 | Mem:1.83M, Peak:1.83M | Scene, ViewLayer | Updating Geometry BVH Sculpted mane lock.027 86/149 | Building mesh BLAS |      60 tris | Sculpted mane lock.027
Fra:7 Mem:27.14M (Peak 32.68M) | Time:00:00.20 | Mem:1.83M, Peak:1.83M | Scene, ViewLayer | Updating Geometry BVH Flame tail tuft.001 136/149 | Building BVH
Fra:7 Mem:27.14M (Peak 32.68M) | Time:00:00.20 | Mem:1.83M, Peak:1.83M | Scene, ViewLayer | Updating Geometry BVH Flame tail tuft.001 136/149 | Building mesh BLAS |      44 tris | Flame tail tuft.001
Fra:7 Mem:27.14M (Peak 32.68M) | Time:00:00.20 | Mem:1.83M, Peak:1.83M | Scene, ViewLayer | Updating Geometry BVH Sculpted mane lock.028 87/149 | Building BVH
Fra:7 Mem:27.14M (Peak 32.68M) | Time:00:00.20 | Mem:1.83M, Peak:1.83M | Scene, ViewLayer | Updating Geometry BVH Sculpted mane lock.028 87/149 | Building mesh BLAS |      60 tris | Sculpted mane lock.028
Fra:7 Mem:27.14M (Peak 32.68M) | Time:00:00.20 | Mem:1.83M, Peak:1.83M | Scene, ViewLayer | Updating Geometry BVH Sculpted mane lock.029 88/149 | Building BVH
Fra:7 Mem:27.14M (Peak 32.68M) | Time:00:00.20 | Mem:1.83M, Peak:1.83M | Scene, ViewLayer | Updating Geometry BVH Sculpted mane lock.029 88/149 | Building mesh BLAS |      60 tris | Sculpted mane lock.029
Fra:7 Mem:27.14M (Peak 32.68M) | Time:00:00.20 | Mem:2.03M, Peak:2.03M | Scene, ViewLayer | Updating Geometry BVH Sculpted mane lock.030 89/149 | Building BVH
Fra:7 Mem:27.14M (Peak 32.68M) | Time:00:00.20 | Mem:2.03M, Peak:2.03M | Scene, ViewLayer | Updating Geometry BVH Sculpted mane lock.030 89/149 | Building mesh BLAS |      60 tris | Sculpted mane lock.030
Fra:7 Mem:27.14M (Peak 32.68M) | Time:00:00.20 | Mem:2.03M, Peak:2.03M | Scene, ViewLayer | Updating Geometry BVH Sculpted mane lock.031 90/149 | Building BVH
Fra:7 Mem:27.14M (Peak 32.68M) | Time:00:00.20 | Mem:2.03M, Peak:2.03M | Scene, ViewLayer | Updating Geometry BVH Sculpted mane lock.031 90/149 | Building mesh BLAS |      60 tris | Sculpted mane lock.031
Fra:7 Mem:27.14M (Peak 32.68M) | Time:00:00.20 | Mem:2.04M, Peak:2.04M | Scene, ViewLayer | Updating Geometry BVH Sculpted mane lock.032 91/149 | Building BVH
Fra:7 Mem:27.14M (Peak 32.68M) | Time:00:00.20 | Mem:2.05M, Peak:2.05M | Scene, ViewLayer | Updating Geometry BVH Sculpted mane lock.033 92/149 | Building BVH
Fra:7 Mem:27.14M (Peak 32.68M) | Time:00:00.20 | Mem:2.05M, Peak:2.05M | Scene, ViewLayer | Updating Geometry BVH Sculpted mane lock.034 93/149 | Building mesh BLAS |      60 tris | Sculpted mane lock.032
Fra:7 Mem:27.14M (Peak 32.68M) | Time:00:00.20 | Mem:2.05M, Peak:2.05M | Scene, ViewLayer | Updating Geometry BVH Sculpted mane lock.034 93/149 | Building mesh BLAS |      60 tris | Sculpted mane lock.034
Fra:7 Mem:27.14M (Peak 32.68M) | Time:00:00.20 | Mem:2.05M, Peak:2.05M | Scene, ViewLayer | Updating Geometry BVH Sculpted mane lock.034 93/149 | Building mesh BLAS |      60 tris | Sculpted mane lock.033
Fra:7 Mem:27.14M (Peak 32.68M) | Time:00:00.20 | Mem:2.06M, Peak:2.06M | Scene, ViewLayer | Updating Geometry BVH Flame tail tuft 135/149 | Building BVH
Fra:7 Mem:27.14M (Peak 32.68M) | Time:00:00.20 | Mem:2.06M, Peak:2.06M | Scene, ViewLayer | Updating Geometry BVH Flame tail tuft 135/149 | Building mesh BLAS |      44 tris | Flame tail tuft
Fra:7 Mem:27.14M (Peak 32.68M) | Time:00:00.20 | Mem:2.08M, Peak:2.08M | Scene, ViewLayer | Updating Geometry BVH Sculpted mane lock.035 94/149 | Building BVH
Fra:7 Mem:27.14M (Peak 32.68M) | Time:00:00.20 | Mem:2.08M, Peak:2.08M | Scene, ViewLayer | Updating Geometry BVH Sculpted mane lock.036 95/149 | Building BVH
Fra:7 Mem:27.14M (Peak 32.68M) | Time:00:00.20 | Mem:2.09M, Peak:2.09M | Scene, ViewLayer | Updating Geometry BVH Sculpted mane lock.036 95/149 | Building mesh BLAS |      60 tris | Sculpted mane lock.035
Fra:7 Mem:27.14M (Peak 32.68M) | Time:00:00.20 | Mem:2.09M, Peak:2.09M | Scene, ViewLayer | Updating Geometry BVH Sculpted mane lock.036 95/149 | Building mesh BLAS |      60 tris | Sculpted mane lock.036
Fra:7 Mem:27.14M (Peak 32.68M) | Time:00:00.21 | Mem:2.11M, Peak:2.11M | Scene, ViewLayer | Updating Geometry BVH Sculpted mane lock.037 96/149 | Building BVH
Fra:7 Mem:27.14M (Peak 32.68M) | Time:00:00.21 | Mem:2.11M, Peak:2.11M | Scene, ViewLayer | Updating Geometry BVH Sculpted mane lock.037 96/149 | Building mesh BLAS |      60 tris | Sculpted mane lock.037
Fra:7 Mem:27.14M (Peak 32.68M) | Time:00:00.21 | Mem:2.11M, Peak:2.11M | Scene, ViewLayer | Updating Geometry BVH Sculpted mane lock.038 97/149 | Building BVH
Fra:7 Mem:27.14M (Peak 32.68M) | Time:00:00.21 | Mem:2.11M, Peak:2.11M | Scene, ViewLayer | Updating Geometry BVH Sculpted mane lock.038 97/149 | Building mesh BLAS |      60 tris | Sculpted mane lock.038
Fra:7 Mem:27.14M (Peak 32.68M) | Time:00:00.21 | Mem:2.11M, Peak:2.11M | Scene, ViewLayer | Updating Geometry BVH Sculpted mane lock.039 98/149 | Building BVH
Fra:7 Mem:27.14M (Peak 32.68M) | Time:00:00.21 | Mem:2.15M, Peak:2.15M | Scene, ViewLayer | Updating Geometry BVH Sculpted mane lock.039 98/149 | Building mesh BLAS |      60 tris | Sculpted mane lock.039
Fra:7 Mem:27.14M (Peak 32.68M) | Time:00:00.21 | Mem:2.16M, Peak:2.16M | Scene, ViewLayer | Updating Geometry BVH Sculpted mane lock.040 99/149 | Building BVH
Fra:7 Mem:27.14M (Peak 32.68M) | Time:00:00.21 | Mem:2.16M, Peak:2.16M | Scene, ViewLayer | Updating Geometry BVH Sculpted mane lock.040 99/149 | Building mesh BLAS |      60 tris | Sculpted mane lock.040
Fra:7 Mem:27.14M (Peak 32.68M) | Time:00:00.21 | Mem:2.16M, Peak:2.16M | Scene, ViewLayer | Updating Geometry BVH Sculpted mane lock.041 100/149 | Building BVH
Fra:7 Mem:27.14M (Peak 32.68M) | Time:00:00.21 | Mem:2.16M, Peak:2.16M | Scene, ViewLayer | Updating Geometry BVH Sculpted mane lock.041 100/149 | Building mesh BLAS |      60 tris | Sculpted mane lock.041
Fra:7 Mem:27.14M (Peak 32.68M) | Time:00:00.21 | Mem:2.33M, Peak:2.33M | Scene, ViewLayer | Updating Geometry BVH Articulated tail 134/149 | Building BVH
Fra:7 Mem:27.14M (Peak 32.68M) | Time:00:00.21 | Mem:2.33M, Peak:2.33M | Scene, ViewLayer | Updating Geometry BVH Articulated tail 134/149 | Building mesh BLAS |     268 tris | Articulated tail
Fra:7 Mem:27.14M (Peak 32.68M) | Time:00:00.21 | Mem:2.40M, Peak:2.40M | Scene, ViewLayer | Updating Geometry BVH Sculpted mane lock.042 101/149 | Building BVH
Fra:7 Mem:27.14M (Peak 32.68M) | Time:00:00.21 | Mem:2.44M, Peak:2.44M | Scene, ViewLayer | Updating Geometry BVH Sculpted mane lock.042 101/149 | Building mesh BLAS |      60 tris | Sculpted mane lock.042
Fra:7 Mem:27.14M (Peak 32.68M) | Time:00:00.21 | Mem:2.45M, Peak:2.45M | Scene, ViewLayer | Updating Geometry BVH Sculpted mane lock.043 102/149 | Building BVH
Fra:7 Mem:27.14M (Peak 32.68M) | Time:00:00.21 | Mem:2.45M, Peak:2.45M | Scene, ViewLayer | Updating Geometry BVH Sculpted mane lock.044 103/149 | Building BVH
Fra:7 Mem:27.14M (Peak 32.68M) | Time:00:00.21 | Mem:2.45M, Peak:2.45M | Scene, ViewLayer | Updating Geometry BVH Sculpted mane lock.044 103/149 | Building mesh BLAS |      60 tris | Sculpted mane lock.043
Fra:7 Mem:27.14M (Peak 32.68M) | Time:00:00.21 | Mem:2.45M, Peak:2.45M | Scene, ViewLayer | Updating Geometry BVH Sculpted mane lock.044 103/149 | Building mesh BLAS |      60 tris | Sculpted mane lock.044
Fra:7 Mem:27.14M (Peak 32.68M) | Time:00:00.21 | Mem:2.45M, Peak:2.45M | Scene, ViewLayer | Updating Geometry BVH Sculpted mane lock.045 104/149 | Building BVH
Fra:7 Mem:27.14M (Peak 32.68M) | Time:00:00.21 | Mem:2.46M, Peak:2.46M | Scene, ViewLayer | Updating Geometry BVH Sculpted mane lock.045 104/149 | Building mesh BLAS |      60 tris | Sculpted mane lock.045
Fra:7 Mem:27.14M (Peak 32.68M) | Time:00:00.21 | Mem:2.46M, Peak:2.46M | Scene, ViewLayer | Updating Geometry BVH Sculpted mane lock.046 105/149 | Building BVH
Fra:7 Mem:27.14M (Peak 32.68M) | Time:00:00.21 | Mem:2.46M, Peak:2.46M | Scene, ViewLayer | Updating Geometry BVH Sculpted mane lock.047 106/149 | Building BVH
Fra:7 Mem:27.14M (Peak 32.68M) | Time:00:00.21 | Mem:2.46M, Peak:2.46M | Scene, ViewLayer | Updating Geometry BVH Sculpted mane lock.047 106/149 | Building mesh BLAS |      60 tris | Sculpted mane lock.046
Fra:7 Mem:27.14M (Peak 32.68M) | Time:00:00.21 | Mem:2.46M, Peak:2.46M | Scene, ViewLayer | Updating Geometry BVH Sculpted mane lock.047 106/149 | Building mesh BLAS |      60 tris | Sculpted mane lock.047
Fra:7 Mem:27.14M (Peak 32.68M) | Time:00:00.21 | Mem:2.49M, Peak:2.49M | Scene, ViewLayer | Updating Geometry BVH Sculpted mane lock.048 107/149 | Building BVH
Fra:7 Mem:27.14M (Peak 32.68M) | Time:00:00.21 | Mem:2.52M, Peak:2.52M | Scene, ViewLayer | Updating Geometry BVH Wrist fur.011 133/149 | Building mesh BLAS |      60 tris | Sculpted mane lock.048
Fra:7 Mem:27.14M (Peak 32.68M) | Time:00:00.21 | Mem:2.56M, Peak:2.56M | Scene, ViewLayer | Updating Geometry BVH Wrist fur.011 133/149 | Building mesh BLAS |      44 tris | Wrist fur.011
Fra:7 Mem:27.14M (Peak 32.68M) | Time:00:00.21 | Mem:2.56M, Peak:2.56M | Scene, ViewLayer | Updating Geometry BVH Sculpted mane lock.049 108/149 | Building BVH
Fra:7 Mem:27.14M (Peak 32.68M) | Time:00:00.21 | Mem:2.56M, Peak:2.56M | Scene, ViewLayer | Updating Geometry BVH Sculpted mane lock.050 109/149 | Building BVH
Fra:7 Mem:27.14M (Peak 32.68M) | Time:00:00.21 | Mem:2.56M, Peak:2.56M | Scene, ViewLayer | Updating Geometry BVH Layered shoulder fur 110/149 | Building BVH
Fra:7 Mem:27.14M (Peak 32.68M) | Time:00:00.21 | Mem:2.56M, Peak:2.56M | Scene, ViewLayer | Updating Geometry BVH Layered shoulder fur 110/149 | Building mesh BLAS |      60 tris | Sculpted mane lock.050
Fra:7 Mem:27.14M (Peak 32.68M) | Time:00:00.21 | Mem:2.57M, Peak:2.57M | Scene, ViewLayer | Updating Geometry BVH Layered shoulder fur 110/149 | Building mesh BLAS |      44 tris | Layered shoulder fur
Fra:7 Mem:27.14M (Peak 32.68M) | Time:00:00.21 | Mem:2.57M, Peak:2.57M | Scene, ViewLayer | Updating Geometry BVH Layered shoulder fur.001 111/149 | Building BVH
Fra:7 Mem:27.14M (Peak 32.68M) | Time:00:00.21 | Mem:2.57M, Peak:2.57M | Scene, ViewLayer | Updating Geometry BVH Layered shoulder fur.001 111/149 | Building mesh BLAS |      44 tris | Layered shoulder fur.001
Fra:7 Mem:27.14M (Peak 32.68M) | Time:00:00.21 | Mem:2.57M, Peak:2.57M | Scene, ViewLayer | Updating Geometry BVH Layered shoulder fur.002 112/149 | Building BVH
Fra:7 Mem:27.14M (Peak 32.68M) | Time:00:00.21 | Mem:2.59M, Peak:2.59M | Scene, ViewLayer | Updating Geometry BVH Wrist fur 113/149 | Building BVH
Fra:7 Mem:27.14M (Peak 32.68M) | Time:00:00.21 | Mem:2.59M, Peak:2.59M | Scene, ViewLayer | Updating Geometry BVH Wrist fur 113/149 | Building mesh BLAS |      44 tris | Wrist fur
Fra:7 Mem:27.14M (Peak 32.68M) | Time:00:00.21 | Mem:2.59M, Peak:2.59M | Scene, ViewLayer | Updating Geometry BVH Wrist fur.001 114/149 | Building BVH
Fra:7 Mem:27.14M (Peak 32.68M) | Time:00:00.21 | Mem:2.59M, Peak:2.59M | Scene, ViewLayer | Updating Geometry BVH Wrist fur.010 132/149 | Building BVH
Fra:7 Mem:27.14M (Peak 32.68M) | Time:00:00.21 | Mem:2.59M, Peak:2.59M | Scene, ViewLayer | Updating Geometry BVH Wrist fur.010 132/149 | Building mesh BLAS |      44 tris | Wrist fur.001
Fra:7 Mem:27.14M (Peak 32.68M) | Time:00:00.21 | Mem:2.59M, Peak:2.59M | Scene, ViewLayer | Updating Geometry BVH Wrist fur.010 132/149 | Building mesh BLAS |      44 tris | Wrist fur.010
Fra:7 Mem:27.14M (Peak 32.68M) | Time:00:00.21 | Mem:2.60M, Peak:2.60M | Scene, ViewLayer | Updating Geometry BVH Wrist fur.002 115/149 | Building BVH
Fra:7 Mem:27.14M (Peak 32.68M) | Time:00:00.21 | Mem:2.61M, Peak:2.61M | Scene, ViewLayer | Updating Geometry BVH Layered shoulder fur.003 116/149 | Building BVH
Fra:7 Mem:27.14M (Peak 32.68M) | Time:00:00.21 | Mem:2.61M, Peak:2.61M | Scene, ViewLayer | Updating Geometry BVH Layered shoulder fur.003 116/149 | Building mesh BLAS |      44 tris | Layered shoulder fur.003
Fra:7 Mem:27.14M (Peak 32.68M) | Time:00:00.21 | Mem:2.61M, Peak:2.61M | Scene, ViewLayer | Updating Geometry BVH Layered shoulder fur.004 117/149 | Building BVH
Fra:7 Mem:27.14M (Peak 32.68M) | Time:00:00.21 | Mem:2.61M, Peak:2.61M | Scene, ViewLayer | Updating Geometry BVH Layered shoulder fur.004 117/149 | Building mesh BLAS |      44 tris | Layered shoulder fur.004
Fra:7 Mem:27.14M (Peak 32.68M) | Time:00:00.21 | Mem:2.67M, Peak:2.67M | Scene, ViewLayer | Updating Geometry BVH Layered shoulder fur.005 118/149 | Building BVH
Fra:7 Mem:27.14M (Peak 32.68M) | Time:00:00.21 | Mem:2.71M, Peak:2.71M | Scene, ViewLayer | Updating Geometry BVH Wrist fur.003 119/149 | Building mesh BLAS |      44 tris | Layered shoulder fur.005
Fra:7 Mem:27.14M (Peak 32.68M) | Time:00:00.21 | Mem:2.71M, Peak:2.71M | Scene, ViewLayer | Updating Geometry BVH Wrist fur.009 131/149 | Building BVH
Fra:7 Mem:27.14M (Peak 32.68M) | Time:00:00.21 | Mem:2.72M, Peak:2.72M | Scene, ViewLayer | Updating Geometry BVH Wrist fur.009 131/149 | Building mesh BLAS |      44 tris | Wrist fur.003
Fra:7 Mem:27.14M (Peak 32.68M) | Time:00:00.21 | Mem:2.72M, Peak:2.72M | Scene, ViewLayer | Updating Geometry BVH Wrist fur.004 120/149 | Building BVH
Fra:7 Mem:27.14M (Peak 32.68M) | Time:00:00.21 | Mem:2.72M, Peak:2.72M | Scene, ViewLayer | Updating Geometry BVH Layered shoulder fur.006 122/149 | Building BVH
Fra:7 Mem:27.14M (Peak 32.68M) | Time:00:00.21 | Mem:2.73M, Peak:2.73M | Scene, ViewLayer | Updating Geometry BVH Layered shoulder fur.006 122/149 | Building mesh BLAS |      44 tris | Wrist fur.004
Fra:7 Mem:27.14M (Peak 32.68M) | Time:00:00.21 | Mem:2.73M, Peak:2.73M | Scene, ViewLayer | Updating Geometry BVH Layered shoulder fur.006 122/149 | Building mesh BLAS |      44 tris | Wrist fur.009
Fra:7 Mem:27.14M (Peak 32.68M) | Time:00:00.21 | Mem:2.73M, Peak:2.73M | Scene, ViewLayer | Updating Geometry BVH Wrist fur.006 125/149 | Building BVH
Fra:7 Mem:27.14M (Peak 32.68M) | Time:00:00.21 | Mem:2.73M, Peak:2.73M | Scene, ViewLayer | Updating Geometry BVH Wrist fur.006 125/149 | Building mesh BLAS |      44 tris | Wrist fur.006
Fra:7 Mem:27.14M (Peak 32.68M) | Time:00:00.21 | Mem:2.73M, Peak:2.73M | Scene, ViewLayer | Updating Geometry BVH Layered shoulder fur.011 130/149 | Building BVH
Fra:7 Mem:27.14M (Peak 32.68M) | Time:00:00.21 | Mem:2.73M, Peak:2.73M | Scene, ViewLayer | Updating Geometry BVH Layered shoulder fur.011 130/149 | Building mesh BLAS |      44 tris | Layered shoulder fur.011
Fra:7 Mem:27.14M (Peak 32.68M) | Time:00:00.21 | Mem:2.73M, Peak:2.73M | Scene, ViewLayer | Updating Geometry BVH Layered shoulder fur.010 129/149 | Building BVH
Fra:7 Mem:27.14M (Peak 32.68M) | Time:00:00.21 | Mem:2.73M, Peak:2.73M | Scene, ViewLayer | Updating Geometry BVH Wrist fur.007 126/149 | Building BVH
Fra:7 Mem:27.14M (Peak 32.68M) | Time:00:00.21 | Mem:2.73M, Peak:2.73M | Scene, ViewLayer | Updating Geometry BVH Layered shoulder fur.007 123/149 | Building mesh BLAS |      44 tris | Wrist fur.007
Fra:7 Mem:27.14M (Peak 32.68M) | Time:00:00.21 | Mem:2.73M, Peak:2.73M | Scene, ViewLayer | Updating Geometry BVH Wrist fur.008 127/149 | Building BVH
Fra:7 Mem:27.14M (Peak 32.68M) | Time:00:00.21 | Mem:2.74M, Peak:2.74M | Scene, ViewLayer | Updating Geometry BVH Wrist fur.008 127/149 | Building mesh BLAS |      44 tris | Wrist fur.008
Fra:7 Mem:27.14M (Peak 32.68M) | Time:00:00.21 | Mem:2.74M, Peak:2.74M | Scene, ViewLayer | Updating Geometry BVH Layered shoulder fur.009 128/149 | Building BVH
Fra:7 Mem:27.14M (Peak 32.68M) | Time:00:00.21 | Mem:2.74M, Peak:2.74M | Scene, ViewLayer | Updating Geometry BVH Layered shoulder fur.009 128/149 | Building mesh BLAS |      44 tris | Layered shoulder fur.009
Fra:7 Mem:27.14M (Peak 32.68M) | Time:00:00.21 | Mem:2.76M, Peak:2.76M | Scene, ViewLayer | Updating Geometry BVH Layered shoulder fur.009 128/149 | Building mesh BLAS |      44 tris | Layered shoulder fur.008
Fra:7 Mem:27.14M (Peak 32.68M) | Time:00:00.21 | Mem:2.77M, Peak:2.77M | Scene, ViewLayer | Updating Geometry BVH Layered shoulder fur.009 128/149 | Building mesh BLAS |      44 tris | Wrist fur.005
Fra:7 Mem:27.14M (Peak 32.68M) | Time:00:00.21 | Mem:2.77M, Peak:2.77M | Scene, ViewLayer | Updating Geometry BVH Layered shoulder fur.009 128/149 | Building mesh BLAS |      44 tris | Layered shoulder fur.007
Fra:7 Mem:27.14M (Peak 32.68M) | Time:00:00.21 | Mem:2.77M, Peak:2.77M | Scene, ViewLayer | Updating Scene BVH | Building
Fra:7 Mem:27.15M (Peak 32.68M) | Time:00:00.23 | Mem:2.91M, Peak:2.91M | Scene, ViewLayer | Updating Scene BVH | Building TLAS      |     149 instances
Fra:7 Mem:27.15M (Peak 32.68M) | Time:00:00.23 | Mem:2.96M, Peak:2.96M | Scene, ViewLayer | Updating Scene BVH | Copying BVH to device
Fra:7 Mem:27.15M (Peak 32.68M) | Time:00:00.23 | Mem:2.96M, Peak:2.96M | Scene, ViewLayer | Updating Mesh | Computing normals
Fra:7 Mem:27.77M (Peak 32.68M) | Time:00:00.23 | Mem:2.96M, Peak:2.96M | Scene, ViewLayer | Updating Mesh | Copying Mesh to device
Fra:7 Mem:27.15M (Peak 32.68M) | Time:00:00.23 | Mem:3.60M, Peak:3.60M | Scene, ViewLayer | Updating Objects Flags
Fra:7 Mem:27.15M (Peak 32.68M) | Time:00:00.23 | Mem:3.60M, Peak:3.60M | Scene, ViewLayer | Updating Primitive Offsets
Fra:7 Mem:27.15M (Peak 32.68M) | Time:00:00.23 | Mem:3.60M, Peak:3.60M | Scene, ViewLayer | Updating Images
Fra:7 Mem:27.15M (Peak 32.68M) | Time:00:00.23 | Mem:3.60M, Peak:3.60M | Scene, ViewLayer | Updating Camera Volume
Fra:7 Mem:27.15M (Peak 32.68M) | Time:00:00.23 | Mem:3.60M, Peak:3.60M | Scene, ViewLayer | Updating Lookup Tables
Fra:7 Mem:27.07M (Peak 32.68M) | Time:00:00.23 | Mem:3.69M, Peak:3.69M | Scene, ViewLayer | Updating Lights
Fra:7 Mem:27.07M (Peak 32.68M) | Time:00:00.23 | Mem:3.69M, Peak:3.69M | Scene, ViewLayer | Updating Lights | Computing tree
Fra:7 Mem:27.07M (Peak 32.68M) | Time:00:00.23 | Mem:3.69M, Peak:3.69M | Scene, ViewLayer | Updating Integrator
Fra:7 Mem:27.07M (Peak 32.68M) | Time:00:00.23 | Mem:3.69M, Peak:3.69M | Scene, ViewLayer | Updating Film
Fra:7 Mem:27.15M (Peak 32.68M) | Time:00:00.23 | Mem:3.60M, Peak:3.69M | Scene, ViewLayer | Updating Lookup Tables
Fra:7 Mem:27.07M (Peak 32.68M) | Time:00:00.23 | Mem:3.69M, Peak:3.69M | Scene, ViewLayer | Updating Baking
Fra:7 Mem:27.07M (Peak 32.68M) | Time:00:00.23 | Mem:3.69M, Peak:3.69M | Scene, ViewLayer | Updating Device | Writing constant memory
Fra:7 Mem:27.07M (Peak 32.68M) | Time:00:00.26 | Mem:3.69M, Peak:3.69M | Scene, ViewLayer | Loading denoising kernels (may take a few minutes the first time)
Fra:7 Mem:27.07M (Peak 59.07M) | Time:00:00.26 | Mem:2819.70M, Peak:2819.70M | Scene, ViewLayer | Sample 0/12 (Using optimized kernels)
Fra:7 Mem:27.06M (Peak 62.58M) | Time:00:00.43 | Remaining:00:01.87 | Mem:2855.25M, Peak:2855.25M | Scene, ViewLayer | Sample 1/12 (Using optimized kernels)
Fra:7 Mem:42.02M (Peak 64.45M) | Time:00:04.67 | Mem:2855.25M, Peak:2855.25M | Scene, ViewLayer | Sample 12/12 (Using optimized kernels)
Fra:7 Mem:42.02M (Peak 64.45M) | Time:00:04.67 | Mem:2855.25M, Peak:2855.25M | Scene, ViewLayer | Finished
Saved: '/Users/chikumatsuboi/Code/animal-racers-western/assets/source/western/qa/lion-attack-07.png'
Time: 00:04.78 (Saving: 00:00.06)

Fra:13 Mem:30.74M (Peak 30.74M) | Time:00:00.00 | Mem:0.02M, Peak:0.02M | Scene, ViewLayer | Synchronizing object | Body • continuous sculpted skin
Fra:13 Mem:30.74M (Peak 30.74M) | Time:00:00.00 | Mem:0.02M, Peak:0.02M | Scene, ViewLayer | Synchronizing object | Paw toe.001
Fra:13 Mem:31.00M (Peak 31.00M) | Time:00:00.00 | Mem:0.02M, Peak:0.02M | Scene, ViewLayer | Synchronizing object | Ivory claw.001
Fra:13 Mem:31.00M (Peak 31.00M) | Time:00:00.00 | Mem:0.02M, Peak:0.02M | Scene, ViewLayer | Synchronizing object | Paw toe.002
Fra:13 Mem:31.02M (Peak 31.02M) | Time:00:00.00 | Mem:0.02M, Peak:0.02M | Scene, ViewLayer | Synchronizing object | Ivory claw.002
Fra:13 Mem:31.04M (Peak 31.04M) | Time:00:00.00 | Mem:0.02M, Peak:0.02M | Scene, ViewLayer | Synchronizing object | Paw toe.003
Fra:13 Mem:31.06M (Peak 31.06M) | Time:00:00.00 | Mem:0.02M, Peak:0.02M | Scene, ViewLayer | Synchronizing object | Ivory claw.003
Fra:13 Mem:31.06M (Peak 31.06M) | Time:00:00.00 | Mem:0.02M, Peak:0.02M | Scene, ViewLayer | Synchronizing object | Paw toe.004
Fra:13 Mem:31.08M (Peak 31.08M) | Time:00:00.00 | Mem:0.02M, Peak:0.02M | Scene, ViewLayer | Synchronizing object | Ivory claw.004
Fra:13 Mem:31.08M (Peak 31.08M) | Time:00:00.00 | Mem:0.02M, Peak:0.02M | Scene, ViewLayer | Synchronizing object | Paw toe.005
Fra:13 Mem:31.10M (Peak 31.10M) | Time:00:00.00 | Mem:0.02M, Peak:0.02M | Scene, ViewLayer | Synchronizing object | Ivory claw.005
Fra:13 Mem:31.10M (Peak 31.10M) | Time:00:00.00 | Mem:0.02M, Peak:0.02M | Scene, ViewLayer | Synchronizing object | Paw toe.006
Fra:13 Mem:31.15M (Peak 31.15M) | Time:00:00.00 | Mem:0.02M, Peak:0.02M | Scene, ViewLayer | Synchronizing object | Ivory claw.006
Fra:13 Mem:31.28M (Peak 31.28M) | Time:00:00.00 | Mem:0.02M, Peak:0.02M | Scene, ViewLayer | Synchronizing object | Paw toe.007
Fra:13 Mem:31.30M (Peak 31.30M) | Time:00:00.00 | Mem:0.02M, Peak:0.02M | Scene, ViewLayer | Synchronizing object | Ivory claw.007
Fra:13 Mem:31.31M (Peak 31.31M) | Time:00:00.01 | Mem:0.02M, Peak:0.02M | Scene, ViewLayer | Synchronizing object | Ivory claw.008
Fra:13 Mem:31.31M (Peak 31.31M) | Time:00:00.01 | Mem:0.02M, Peak:0.02M | Scene, ViewLayer | Synchronizing object | Paw toe.009
Fra:13 Mem:31.31M (Peak 31.31M) | Time:00:00.01 | Mem:0.02M, Peak:0.02M | Scene, ViewLayer | Synchronizing object | Ivory claw.009
Fra:13 Mem:31.33M (Peak 31.33M) | Time:00:00.01 | Mem:0.02M, Peak:0.02M | Scene, ViewLayer | Synchronizing object | Paw toe.010
Fra:13 Mem:31.34M (Peak 31.34M) | Time:00:00.01 | Mem:0.02M, Peak:0.02M | Scene, ViewLayer | Synchronizing object | Ivory claw.010
Fra:13 Mem:31.35M (Peak 31.35M) | Time:00:00.01 | Mem:0.02M, Peak:0.02M | Scene, ViewLayer | Synchronizing object | Paw toe.011
Fra:13 Mem:31.38M (Peak 31.38M) | Time:00:00.01 | Mem:0.02M, Peak:0.02M | Scene, ViewLayer | Synchronizing object | Ivory claw.011
Fra:13 Mem:31.39M (Peak 31.39M) | Time:00:00.01 | Mem:0.02M, Peak:0.02M | Scene, ViewLayer | Synchronizing object | Cream muzzle pad.001
Fra:13 Mem:31.47M (Peak 31.47M) | Time:00:00.01 | Mem:0.02M, Peak:0.02M | Scene, ViewLayer | Synchronizing object | Heart shaped nose
Fra:13 Mem:31.49M (Peak 31.49M) | Time:00:00.01 | Mem:0.02M, Peak:0.02M | Scene, ViewLayer | Synchronizing object | Eye socket
Fra:13 Mem:31.57M (Peak 31.57M) | Time:00:00.01 | Mem:0.02M, Peak:0.02M | Scene, ViewLayer | Synchronizing object | Ivory eye
Fra:13 Mem:31.70M (Peak 31.70M) | Time:00:00.01 | Mem:0.02M, Peak:0.02M | Scene, ViewLayer | Synchronizing object | Warm rim
Fra:13 Mem:31.75M (Peak 31.75M) | Time:00:00.01 | Mem:0.02M, Peak:0.02M | Scene, ViewLayer | Synchronizing object | Eye glint
Fra:13 Mem:31.76M (Peak 31.76M) | Time:00:00.01 | Mem:0.02M, Peak:0.02M | Scene, ViewLayer | Synchronizing object | Expressive brow
Fra:13 Mem:31.77M (Peak 31.77M) | Time:00:00.01 | Mem:0.02M, Peak:0.02M | Scene, ViewLayer | Synchronizing object | Smiling mouth
Fra:13 Mem:31.77M (Peak 31.77M) | Time:00:00.01 | Mem:0.02M, Peak:0.02M | Scene, ViewLayer | Synchronizing object | Whisker pore
Fra:13 Mem:31.78M (Peak 31.78M) | Time:00:00.01 | Mem:0.02M, Peak:0.02M | Scene, ViewLayer | Synchronizing object | Whisker pore.002
Fra:13 Mem:31.81M (Peak 31.81M) | Time:00:00.01 | Mem:0.02M, Peak:0.02M | Scene, ViewLayer | Synchronizing object | Sky fill
Fra:13 Mem:31.81M (Peak 31.81M) | Time:00:00.01 | Mem:0.02M, Peak:0.02M | Scene, ViewLayer | Synchronizing object | Sunset key
Fra:13 Mem:31.87M (Peak 31.87M) | Time:00:00.01 | Mem:0.02M, Peak:0.02M | Scene, ViewLayer | Synchronizing object | Plane
Fra:13 Mem:31.87M (Peak 31.87M) | Time:00:00.01 | Mem:0.02M, Peak:0.02M | Scene, ViewLayer | Synchronizing object | Raised elemental crest
Fra:13 Mem:31.87M (Peak 31.87M) | Time:00:00.01 | Mem:0.02M, Peak:0.02M | Scene, ViewLayer | Synchronizing object | Ivory eye.001
Fra:13 Mem:31.88M (Peak 31.88M) | Time:00:00.01 | Mem:0.02M, Peak:0.02M | Scene, ViewLayer | Synchronizing object | Iris.001
Fra:13 Mem:31.93M (Peak 31.93M) | Time:00:00.01 | Mem:0.02M, Peak:0.02M | Scene, ViewLayer | Synchronizing object | Pupil.001
Fra:13 Mem:31.98M (Peak 31.98M) | Time:00:00.01 | Mem:0.02M, Peak:0.02M | Scene, ViewLayer | Synchronizing object | Eye glint.001
Fra:13 Mem:31.98M (Peak 31.98M) | Time:00:00.01 | Mem:0.02M, Peak:0.02M | Scene, ViewLayer | Synchronizing object | Neckerchief folded point
Fra:13 Mem:32.01M (Peak 32.01M) | Time:00:00.01 | Mem:0.02M, Peak:0.02M | Scene, ViewLayer | Synchronizing object | Smiling mouth.001
Fra:13 Mem:32.03M (Peak 32.03M) | Time:00:00.01 | Mem:0.02M, Peak:0.02M | Scene, ViewLayer | Synchronizing object | Whisker pore.004
Fra:13 Mem:32.05M (Peak 32.05M) | Time:00:00.01 | Mem:0.02M, Peak:0.02M | Scene, ViewLayer | Synchronizing object | Mouth cavity
Fra:13 Mem:32.10M (Peak 32.10M) | Time:00:00.01 | Mem:0.02M, Peak:0.02M | Scene, ViewLayer | Synchronizing object | Lower canine
Fra:13 Mem:32.10M (Peak 32.10M) | Time:00:00.01 | Mem:0.02M, Peak:0.02M | Scene, ViewLayer | Synchronizing object | Rounded lion ear
Fra:13 Mem:32.10M (Peak 32.10M) | Time:00:00.01 | Mem:0.02M, Peak:0.02M | Scene, ViewLayer | Synchronizing object | Rounded lion ear.001
Fra:13 Mem:32.16M (Peak 32.16M) | Time:00:00.01 | Mem:0.02M, Peak:0.02M | Scene, ViewLayer | Synchronizing object | Inner lion ear.001
Fra:13 Mem:32.18M (Peak 32.18M) | Time:00:00.01 | Mem:0.02M, Peak:0.02M | Scene, ViewLayer | Synchronizing object | Sculpted mane lock
Fra:13 Mem:32.18M (Peak 32.18M) | Time:00:00.01 | Mem:0.02M, Peak:0.02M | Scene, ViewLayer | Synchronizing object | Sculpted mane lock.001
Fra:13 Mem:32.19M (Peak 32.19M) | Time:00:00.01 | Mem:0.02M, Peak:0.02M | Scene, ViewLayer | Synchronizing object | Sculpted mane lock.002
Fra:13 Mem:32.19M (Peak 32.19M) | Time:00:00.01 | Mem:0.02M, Peak:0.02M | Scene, ViewLayer | Synchronizing object | Sculpted mane lock.003
Fra:13 Mem:32.20M (Peak 32.20M) | Time:00:00.01 | Mem:0.02M, Peak:0.02M | Scene, ViewLayer | Synchronizing object | Sculpted mane lock.004
Fra:13 Mem:32.20M (Peak 32.20M) | Time:00:00.01 | Mem:0.02M, Peak:0.02M | Scene, ViewLayer | Synchronizing object | Sculpted mane lock.005
Fra:13 Mem:32.21M (Peak 32.21M) | Time:00:00.01 | Mem:0.02M, Peak:0.02M | Scene, ViewLayer | Synchronizing object | Sculpted mane lock.007
Fra:13 Mem:32.25M (Peak 32.25M) | Time:00:00.01 | Mem:0.02M, Peak:0.02M | Scene, ViewLayer | Synchronizing object | Leather neckerchief roll
Fra:13 Mem:32.27M (Peak 32.27M) | Time:00:00.01 | Mem:0.02M, Peak:0.02M | Scene, ViewLayer | Synchronizing object | Sculpted mane lock.009
Fra:13 Mem:32.30M (Peak 32.30M) | Time:00:00.01 | Mem:0.02M, Peak:0.02M | Scene, ViewLayer | Synchronizing object | Sculpted mane lock.011
Fra:13 Mem:32.33M (Peak 32.33M) | Time:00:00.01 | Mem:0.02M, Peak:0.02M | Scene, ViewLayer | Synchronizing object | Sculpted mane lock.013
Fra:13 Mem:32.33M (Peak 32.33M) | Time:00:00.01 | Mem:0.02M, Peak:0.02M | Scene, ViewLayer | Synchronizing object | Sculpted mane lock.014
Fra:13 Mem:32.33M (Peak 32.33M) | Time:00:00.01 | Mem:0.02M, Peak:0.02M | Scene, ViewLayer | Synchronizing object | Sculpted mane lock.015
Fra:13 Mem:32.34M (Peak 32.34M) | Time:00:00.01 | Mem:0.02M, Peak:0.02M | Scene, ViewLayer | Synchronizing object | Sculpted mane lock.016
Fra:13 Mem:32.35M (Peak 32.35M) | Time:00:00.01 | Mem:0.02M, Peak:0.02M | Scene, ViewLayer | Synchronizing object | Sculpted mane lock.017
Fra:13 Mem:32.35M (Peak 32.35M) | Time:00:00.01 | Mem:0.02M, Peak:0.02M | Scene, ViewLayer | Synchronizing object | Sculpted mane lock.018
Fra:13 Mem:32.36M (Peak 32.36M) | Time:00:00.01 | Mem:0.02M, Peak:0.02M | Scene, ViewLayer | Synchronizing object | Sculpted mane lock.019
Fra:13 Mem:32.38M (Peak 32.38M) | Time:00:00.01 | Mem:0.02M, Peak:0.02M | Scene, ViewLayer | Synchronizing object | Sculpted mane lock.020
Fra:13 Mem:32.37M (Peak 32.38M) | Time:00:00.01 | Mem:0.02M, Peak:0.02M | Scene, ViewLayer | Synchronizing object | Sculpted mane lock.023
Fra:13 Mem:32.38M (Peak 32.38M) | Time:00:00.01 | Mem:0.02M, Peak:0.02M | Scene, ViewLayer | Synchronizing object | Sculpted mane lock.024
Fra:13 Mem:32.39M (Peak 32.39M) | Time:00:00.01 | Mem:0.02M, Peak:0.02M | Scene, ViewLayer | Synchronizing object | Sculpted mane lock.025
Fra:13 Mem:32.40M (Peak 32.40M) | Time:00:00.01 | Mem:0.02M, Peak:0.02M | Scene, ViewLayer | Synchronizing object | Sculpted mane lock.026
Fra:13 Mem:32.41M (Peak 32.41M) | Time:00:00.01 | Mem:0.02M, Peak:0.02M | Scene, ViewLayer | Synchronizing object | Sculpted mane lock.028
Fra:13 Mem:32.41M (Peak 32.41M) | Time:00:00.01 | Mem:0.02M, Peak:0.02M | Scene, ViewLayer | Synchronizing object | Sculpted mane lock.030
Fra:13 Mem:32.42M (Peak 32.42M) | Time:00:00.01 | Mem:0.02M, Peak:0.02M | Scene, ViewLayer | Synchronizing object | Sculpted mane lock.031
Fra:13 Mem:32.43M (Peak 32.43M) | Time:00:00.01 | Mem:0.02M, Peak:0.02M | Scene, ViewLayer | Synchronizing object | Sculpted mane lock.032
Fra:13 Mem:32.43M (Peak 32.43M) | Time:00:00.01 | Mem:0.02M, Peak:0.02M | Scene, ViewLayer | Synchronizing object | Sculpted mane lock.033
Fra:13 Mem:32.44M (Peak 32.44M) | Time:00:00.01 | Mem:0.02M, Peak:0.02M | Scene, ViewLayer | Synchronizing object | Sculpted mane lock.035
Fra:13 Mem:32.45M (Peak 32.45M) | Time:00:00.01 | Mem:0.02M, Peak:0.02M | Scene, ViewLayer | Synchronizing object | Sculpted mane lock.037
Fra:13 Mem:32.46M (Peak 32.46M) | Time:00:00.01 | Mem:0.02M, Peak:0.02M | Scene, ViewLayer | Synchronizing object | Sculpted mane lock.038
Fra:13 Mem:32.46M (Peak 32.46M) | Time:00:00.01 | Mem:0.02M, Peak:0.02M | Scene, ViewLayer | Synchronizing object | Sculpted mane lock.039
Fra:13 Mem:32.47M (Peak 32.47M) | Time:00:00.01 | Mem:0.02M, Peak:0.02M | Scene, ViewLayer | Synchronizing object | Sculpted mane lock.040
Fra:13 Mem:32.48M (Peak 32.48M) | Time:00:00.01 | Mem:0.02M, Peak:0.02M | Scene, ViewLayer | Synchronizing object | Sculpted mane lock.043
Fra:13 Mem:32.48M (Peak 32.48M) | Time:00:00.01 | Mem:0.02M, Peak:0.02M | Scene, ViewLayer | Synchronizing object | Sculpted mane lock.044
Fra:13 Mem:32.49M (Peak 32.49M) | Time:00:00.01 | Mem:0.02M, Peak:0.02M | Scene, ViewLayer | Synchronizing object | Sculpted mane lock.045
Fra:13 Mem:32.50M (Peak 32.50M) | Time:00:00.01 | Mem:0.02M, Peak:0.02M | Scene, ViewLayer | Synchronizing object | Sculpted mane lock.046
Fra:13 Mem:32.51M (Peak 32.51M) | Time:00:00.01 | Mem:0.02M, Peak:0.02M | Scene, ViewLayer | Synchronizing object | Sculpted mane lock.048
Fra:13 Mem:32.52M (Peak 32.52M) | Time:00:00.01 | Mem:0.02M, Peak:0.02M | Scene, ViewLayer | Synchronizing object | Sculpted mane lock.049
Fra:13 Mem:32.54M (Peak 32.54M) | Time:00:00.01 | Mem:0.02M, Peak:0.02M | Scene, ViewLayer | Synchronizing object | Layered shoulder fur.001
Fra:13 Mem:32.53M (Peak 32.54M) | Time:00:00.01 | Mem:0.02M, Peak:0.02M | Scene, ViewLayer | Synchronizing object | Flame tail tuft.004
Fra:13 Mem:32.53M (Peak 32.54M) | Time:00:00.01 | Mem:0.02M, Peak:0.02M | Scene, ViewLayer | Synchronizing object | Layered shoulder fur.002
Fra:13 Mem:32.53M (Peak 32.54M) | Time:00:00.01 | Mem:0.02M, Peak:0.02M | Scene, ViewLayer | Synchronizing object | Wrist fur
Fra:13 Mem:32.54M (Peak 32.54M) | Time:00:00.01 | Mem:0.02M, Peak:0.02M | Scene, ViewLayer | Synchronizing object | Wrist fur.001
Fra:13 Mem:32.55M (Peak 32.55M) | Time:00:00.01 | Mem:0.02M, Peak:0.02M | Scene, ViewLayer | Synchronizing object | Wrist fur.002
Fra:13 Mem:32.55M (Peak 32.55M) | Time:00:00.01 | Mem:0.02M, Peak:0.02M | Scene, ViewLayer | Synchronizing object | Layered shoulder fur.003
Fra:13 Mem:32.57M (Peak 32.57M) | Time:00:00.01 | Mem:0.02M, Peak:0.02M | Scene, ViewLayer | Synchronizing object | Layered shoulder fur.004
Fra:13 Mem:32.57M (Peak 32.57M) | Time:00:00.01 | Mem:0.02M, Peak:0.02M | Scene, ViewLayer | Synchronizing object | Wrist fur.003
Fra:13 Mem:32.56M (Peak 32.57M) | Time:00:00.01 | Mem:0.02M, Peak:0.02M | Scene, ViewLayer | Synchronizing object | Wrist fur.004
Fra:13 Mem:32.57M (Peak 32.57M) | Time:00:00.01 | Mem:0.02M, Peak:0.02M | Scene, ViewLayer | Synchronizing object | Layered shoulder fur.006
Fra:13 Mem:32.58M (Peak 32.58M) | Time:00:00.01 | Mem:0.02M, Peak:0.02M | Scene, ViewLayer | Synchronizing object | Layered shoulder fur.007
Fra:13 Mem:32.58M (Peak 32.58M) | Time:00:00.01 | Mem:0.02M, Peak:0.02M | Scene, ViewLayer | Synchronizing object | Layered shoulder fur.008
Fra:13 Mem:32.61M (Peak 32.61M) | Time:00:00.01 | Mem:0.02M, Peak:0.02M | Scene, ViewLayer | Synchronizing object | Flame tail tuft.003
Fra:13 Mem:32.60M (Peak 32.61M) | Time:00:00.01 | Mem:0.02M, Peak:0.02M | Scene, ViewLayer | Synchronizing object | Wrist fur.008
Fra:13 Mem:32.60M (Peak 32.61M) | Time:00:00.01 | Mem:0.02M, Peak:0.02M | Scene, ViewLayer | Synchronizing object | Layered shoulder fur.009
Fra:13 Mem:32.62M (Peak 32.61M) | Time:00:00.01 | Mem:0.02M, Peak:0.02M | Scene, ViewLayer | Synchronizing object | Layered shoulder fur.010
Fra:13 Mem:32.61M (Peak 32.61M) | Time:00:00.01 | Mem:0.02M, Peak:0.02M | Scene, ViewLayer | Synchronizing object | Layered shoulder fur.011
Fra:13 Mem:32.61M (Peak 32.61M) | Time:00:00.01 | Mem:0.02M, Peak:0.02M | Scene, ViewLayer | Synchronizing object | Wrist fur.009
Fra:13 Mem:32.63M (Peak 32.63M) | Time:00:00.01 | Mem:0.02M, Peak:0.02M | Scene, ViewLayer | Synchronizing object | Wrist fur.010
Fra:13 Mem:32.62M (Peak 32.63M) | Time:00:00.01 | Mem:0.02M, Peak:0.02M | Scene, ViewLayer | Synchronizing object | Wrist fur.011
Fra:13 Mem:32.62M (Peak 32.63M) | Time:00:00.01 | Mem:0.02M, Peak:0.02M | Scene, ViewLayer | Synchronizing object | Flame tail tuft
Fra:13 Mem:32.63M (Peak 32.63M) | Time:00:00.01 | Mem:0.02M, Peak:0.02M | Scene, ViewLayer | Synchronizing object | Flame tail tuft.001
Fra:13 Mem:32.65M (Peak 32.65M) | Time:00:00.01 | Mem:0.02M, Peak:0.02M | Scene, ViewLayer | Synchronizing object | Flame tail tuft.002
Fra:13 Mem:32.68M (Peak 32.68M) | Time:00:00.01 | Mem:0.02M, Peak:0.02M | Scene, ViewLayer | Initializing
Fra:13 Mem:30.49M (Peak 32.68M) | Time:00:00.01 | Mem:0.02M, Peak:0.02M | Scene, ViewLayer | Updating Images | Loading Authored short-fur normal
Fra:13 Mem:26.04M (Peak 32.68M) | Time:00:00.02 | Mem:0.27M, Peak:0.27M | Scene, ViewLayer | Waiting for render to start
Fra:13 Mem:26.04M (Peak 32.68M) | Time:00:00.02 | Mem:0.27M, Peak:0.27M | Scene, ViewLayer | Updating Scene
Fra:13 Mem:26.04M (Peak 32.68M) | Time:00:00.02 | Mem:0.27M, Peak:0.27M | Scene, ViewLayer | Updating Shaders
Fra:13 Mem:26.04M (Peak 32.68M) | Time:00:00.02 | Mem:0.27M, Peak:0.27M | Scene, ViewLayer | Loading render kernels (may take a few minutes the first time)
Fra:13 Mem:26.12M (Peak 32.68M) | Time:00:00.07 | Mem:0.28M, Peak:0.28M | Scene, ViewLayer | Updating Procedurals
Fra:13 Mem:26.12M (Peak 32.68M) | Time:00:00.07 | Mem:0.28M, Peak:0.28M | Scene, ViewLayer | Updating Background
Fra:13 Mem:26.12M (Peak 32.68M) | Time:00:00.07 | Mem:0.28M, Peak:0.28M | Scene, ViewLayer | Updating Camera
Fra:13 Mem:26.12M (Peak 32.68M) | Time:00:00.07 | Mem:0.28M, Peak:0.28M | Scene, ViewLayer | Updating Meshes Flags
Fra:13 Mem:26.12M (Peak 32.68M) | Time:00:00.07 | Mem:0.28M, Peak:0.28M | Scene, ViewLayer | Updating Objects
Fra:13 Mem:26.12M (Peak 32.68M) | Time:00:00.07 | Mem:0.28M, Peak:0.28M | Scene, ViewLayer | Updating Objects | Copying Transformations to device
Fra:13 Mem:26.12M (Peak 32.68M) | Time:00:00.07 | Mem:0.33M, Peak:0.33M | Scene, ViewLayer | Updating Particle Systems
Fra:13 Mem:26.12M (Peak 32.68M) | Time:00:00.07 | Mem:0.33M, Peak:0.33M | Scene, ViewLayer | Updating Particle Systems | Copying Particles to device
Fra:13 Mem:26.12M (Peak 32.68M) | Time:00:00.07 | Mem:0.33M, Peak:0.33M | Scene, ViewLayer | Updating Meshes
Fra:13 Mem:27.14M (Peak 32.68M) | Time:00:00.08 | Mem:0.33M, Peak:0.33M | Scene, ViewLayer | Updating Objects | Applying Static Transformations
Fra:13 Mem:27.14M (Peak 32.68M) | Time:00:00.08 | Mem:0.33M, Peak:0.33M | Scene, ViewLayer | Updating Mesh | Computing attributes
Fra:13 Mem:28.57M (Peak 32.68M) | Time:00:00.08 | Mem:0.36M, Peak:0.36M | Scene, ViewLayer | Updating Mesh | Copying Attributes to device
Fra:13 Mem:27.14M (Peak 32.68M) | Time:00:00.18 | Mem:1.81M, Peak:1.81M | Scene, ViewLayer | Updating Geometry BVH Paw toe 3/110 | Building BVH
Fra:13 Mem:27.14M (Peak 32.68M) | Time:00:00.18 | Mem:1.81M, Peak:1.81M | Scene, ViewLayer | Updating Geometry BVH ribcage 2/110 | Building BVH
Fra:13 Mem:27.14M (Peak 32.68M) | Time:00:00.18 | Mem:1.81M, Peak:1.81M | Scene, ViewLayer | Updating Geometry BVH Warm rim 149/149 | Building BVH
Fra:13 Mem:27.14M (Peak 32.68M) | Time:00:00.18 | Mem:1.81M, Peak:1.81M | Scene, ViewLayer | Updating Geometry BVH Sky fill 148/149 | Building BVH
Fra:13 Mem:27.14M (Peak 32.68M) | Time:00:00.18 | Mem:1.81M, Peak:1.81M | Scene, ViewLayer | Updating Geometry BVH Sunset key 147/149 | Building BVH
Fra:13 Mem:27.14M (Peak 32.68M) | Time:00:00.18 | Mem:1.81M, Peak:1.81M | Scene, ViewLayer | Updating Geometry BVH Plane 146/149 | Building BVH
Fra:13 Mem:27.14M (Peak 32.68M) | Time:00:00.18 | Mem:1.81M, Peak:1.81M | Scene, ViewLayer | Updating Geometry BVH Plane 146/149 | Building mesh BLAS |       2 tris | Plane
Fra:13 Mem:27.14M (Peak 32.68M) | Time:00:00.18 | Mem:1.81M, Peak:1.81M | Scene, ViewLayer | Updating Geometry BVH Plane 146/149 | Building mesh BLAS |      32 tris | Ivory claw.001
Fra:13 Mem:27.14M (Peak 32.68M) | Time:00:00.18 | Mem:1.81M, Peak:1.81M | Scene, ViewLayer | Updating Geometry BVH Plane 146/149 | Building mesh BLAS |      32 tris | Ivory claw
Fra:13 Mem:27.14M (Peak 32.68M) | Time:00:00.18 | Mem:1.81M, Peak:1.81M | Scene, ViewLayer | Updating Geometry BVH Plane 146/149 | Building mesh BLAS |      32 tris | Ivory claw.002
Fra:13 Mem:27.14M (Peak 32.68M) | Time:00:00.18 | Mem:1.81M, Peak:1.81M | Scene, ViewLayer | Updating Geometry BVH Plane 146/149 | Building mesh BLAS |     192 tris | Paw toe.002
Fra:13 Mem:27.14M (Peak 32.68M) | Time:00:00.18 | Mem:1.81M, Peak:1.81M | Scene, ViewLayer | Updating Geometry BVH Plane 146/149 | Building mesh BLAS |     192 tris | Paw toe.001
Fra:13 Mem:27.14M (Peak 32.68M) | Time:00:00.18 | Mem:1.81M, Peak:1.81M | Scene, ViewLayer | Updating Geometry BVH Raised elemental crest 145/149 | Building mesh BLAS |    4170 tris | ribcage
Fra:13 Mem:27.14M (Peak 32.68M) | Time:00:00.18 | Mem:1.81M, Peak:1.81M | Scene, ViewLayer | Updating Geometry BVH Ivory claw.003 10/149 | Building BVH
Fra:13 Mem:27.14M (Peak 32.68M) | Time:00:00.18 | Mem:1.81M, Peak:1.81M | Scene, ViewLayer | Updating Geometry BVH Ivory claw.003 10/149 | Building mesh BLAS |      32 tris | Ivory claw.003
Fra:13 Mem:27.14M (Peak 32.68M) | Time:00:00.18 | Mem:1.81M, Peak:1.81M | Scene, ViewLayer | Updating Geometry BVH Paw toe.004 11/149 | Building BVH
Fra:13 Mem:27.14M (Peak 32.68M) | Time:00:00.18 | Mem:1.81M, Peak:1.81M | Scene, ViewLayer | Updating Geometry BVH Ivory claw.004 12/149 | Building mesh BLAS |      36 tris | Raised elemental crest
Fra:13 Mem:27.14M (Peak 32.68M) | Time:00:00.18 | Mem:1.81M, Peak:1.81M | Scene, ViewLayer | Updating Geometry BVH Ivory claw.004 12/149 | Building mesh BLAS |      32 tris | Ivory claw.004
Fra:13 Mem:27.14M (Peak 32.68M) | Time:00:00.18 | Mem:1.81M, Peak:1.81M | Scene, ViewLayer | Updating Geometry BVH Ivory claw.004 12/149 | Building mesh BLAS |     192 tris | Paw toe.003
Fra:13 Mem:27.14M (Peak 32.68M) | Time:00:00.18 | Mem:1.81M, Peak:1.81M | Scene, ViewLayer | Updating Geometry BVH Paw toe.005 13/149 | Building BVH
Fra:13 Mem:27.14M (Peak 32.68M) | Time:00:00.18 | Mem:1.81M, Peak:1.81M | Scene, ViewLayer | Updating Geometry BVH Ivory claw.005 14/149 | Building BVH
Fra:13 Mem:27.14M (Peak 32.68M) | Time:00:00.18 | Mem:1.81M, Peak:1.81M | Scene, ViewLayer | Updating Geometry BVH Ivory claw.005 14/149 | Building mesh BLAS |      32 tris | Ivory claw.005
Fra:13 Mem:27.14M (Peak 32.68M) | Time:00:00.18 | Mem:1.81M, Peak:1.81M | Scene, ViewLayer | Updating Geometry BVH Paw toe.006 15/149 | Building BVH
Fra:13 Mem:27.14M (Peak 32.68M) | Time:00:00.18 | Mem:1.81M, Peak:1.81M | Scene, ViewLayer | Updating Geometry BVH Paw toe.006 15/149 | Building mesh BLAS |     192 tris | Paw toe.006
Fra:13 Mem:27.14M (Peak 32.68M) | Time:00:00.18 | Mem:1.81M, Peak:1.81M | Scene, ViewLayer | Updating Geometry BVH Ivory claw.006 16/149 | Building BVH
Fra:13 Mem:27.14M (Peak 32.68M) | Time:00:00.18 | Mem:1.81M, Peak:1.81M | Scene, ViewLayer | Updating Geometry BVH Ivory claw.006 16/149 | Building mesh BLAS |      32 tris | Ivory claw.006
Fra:13 Mem:27.14M (Peak 32.68M) | Time:00:00.18 | Mem:1.81M, Peak:1.81M | Scene, ViewLayer | Updating Geometry BVH Paw toe.007 17/149 | Building BVH
Fra:13 Mem:27.14M (Peak 32.68M) | Time:00:00.18 | Mem:1.81M, Peak:1.81M | Scene, ViewLayer | Updating Geometry BVH Paw toe.007 17/149 | Building mesh BLAS |     192 tris | Paw toe.007
Fra:13 Mem:27.14M (Peak 32.68M) | Time:00:00.18 | Mem:1.81M, Peak:1.81M | Scene, ViewLayer | Updating Geometry BVH Ivory claw.007 18/149 | Building BVH
Fra:13 Mem:27.14M (Peak 32.68M) | Time:00:00.18 | Mem:1.81M, Peak:1.81M | Scene, ViewLayer | Updating Geometry BVH Ivory claw.007 18/149 | Building mesh BLAS |      32 tris | Ivory claw.007
Fra:13 Mem:27.14M (Peak 32.68M) | Time:00:00.18 | Mem:1.81M, Peak:1.81M | Scene, ViewLayer | Updating Geometry BVH Paw toe.008 19/149 | Building BVH
Fra:13 Mem:27.14M (Peak 32.68M) | Time:00:00.18 | Mem:1.81M, Peak:1.81M | Scene, ViewLayer | Updating Geometry BVH Paw toe.008 19/149 | Building mesh BLAS |     192 tris | Paw toe.008
Fra:13 Mem:27.14M (Peak 32.68M) | Time:00:00.18 | Mem:1.81M, Peak:1.81M | Scene, ViewLayer | Updating Geometry BVH Ivory claw.008 20/149 | Building BVH
Fra:13 Mem:27.14M (Peak 32.68M) | Time:00:00.18 | Mem:1.81M, Peak:1.81M | Scene, ViewLayer | Updating Geometry BVH Ivory claw.008 20/149 | Building mesh BLAS |      32 tris | Ivory claw.008
Fra:13 Mem:27.14M (Peak 32.68M) | Time:00:00.18 | Mem:1.81M, Peak:1.81M | Scene, ViewLayer | Updating Geometry BVH Paw toe.009 21/149 | Building BVH
Fra:13 Mem:27.14M (Peak 32.68M) | Time:00:00.18 | Mem:1.81M, Peak:1.81M | Scene, ViewLayer | Updating Geometry BVH Paw toe.009 21/149 | Building mesh BLAS |     192 tris | Paw toe.009
Fra:13 Mem:27.14M (Peak 32.68M) | Time:00:00.18 | Mem:1.81M, Peak:1.81M | Scene, ViewLayer | Updating Geometry BVH Ivory claw.009 22/149 | Building BVH
Fra:13 Mem:27.14M (Peak 32.68M) | Time:00:00.18 | Mem:1.81M, Peak:1.81M | Scene, ViewLayer | Updating Geometry BVH Ivory claw.009 22/149 | Building mesh BLAS |      32 tris | Ivory claw.009
Fra:13 Mem:27.14M (Peak 32.68M) | Time:00:00.18 | Mem:1.81M, Peak:1.81M | Scene, ViewLayer | Updating Geometry BVH Paw toe.010 23/149 | Building BVH
Fra:13 Mem:27.14M (Peak 32.68M) | Time:00:00.18 | Mem:1.81M, Peak:1.81M | Scene, ViewLayer | Updating Geometry BVH Paw toe.010 23/149 | Building mesh BLAS |     192 tris | Paw toe.010
Fra:13 Mem:27.14M (Peak 32.68M) | Time:00:00.18 | Mem:1.81M, Peak:1.81M | Scene, ViewLayer | Updating Geometry BVH Ivory claw.010 24/149 | Building BVH
Fra:13 Mem:27.14M (Peak 32.68M) | Time:00:00.18 | Mem:1.81M, Peak:1.81M | Scene, ViewLayer | Updating Geometry BVH Ivory claw.010 24/149 | Building mesh BLAS |      32 tris | Ivory claw.010
Fra:13 Mem:27.14M (Peak 32.68M) | Time:00:00.18 | Mem:1.81M, Peak:1.81M | Scene, ViewLayer | Updating Geometry BVH Paw toe.011 25/149 | Building BVH
Fra:13 Mem:27.14M (Peak 32.68M) | Time:00:00.18 | Mem:1.81M, Peak:1.81M | Scene, ViewLayer | Updating Geometry BVH Paw toe.011 25/149 | Building mesh BLAS |     192 tris | Paw toe.011
Fra:13 Mem:27.14M (Peak 32.68M) | Time:00:00.18 | Mem:1.81M, Peak:1.81M | Scene, ViewLayer | Updating Geometry BVH Ivory claw.011 26/149 | Building BVH
Fra:13 Mem:27.14M (Peak 32.68M) | Time:00:00.18 | Mem:1.81M, Peak:1.81M | Scene, ViewLayer | Updating Geometry BVH Ivory claw.011 26/149 | Building mesh BLAS |      32 tris | Ivory claw.011
Fra:13 Mem:27.14M (Peak 32.68M) | Time:00:00.18 | Mem:1.81M, Peak:1.81M | Scene, ViewLayer | Updating Geometry BVH Skull 27/149 | Building BVH
Fra:13 Mem:27.14M (Peak 32.68M) | Time:00:00.18 | Mem:1.81M, Peak:1.81M | Scene, ViewLayer | Updating Geometry BVH Skull 27/149 | Building mesh BLAS |    2832 tris | Skull
Fra:13 Mem:27.14M (Peak 32.68M) | Time:00:00.18 | Mem:1.81M, Peak:1.81M | Scene, ViewLayer | Updating Geometry BVH Brass crest clasp 144/149 | Building BVH
Fra:13 Mem:27.14M (Peak 32.68M) | Time:00:00.18 | Mem:1.81M, Peak:1.81M | Scene, ViewLayer | Updating Geometry BVH Cream muzzle pad 28/149 | Building mesh BLAS |     320 tris | Brass crest clasp
Fra:13 Mem:27.14M (Peak 32.68M) | Time:00:00.18 | Mem:1.81M, Peak:1.81M | Scene, ViewLayer | Updating Geometry BVH Cream muzzle pad.001 29/149 | Building BVH
Fra:13 Mem:27.14M (Peak 32.68M) | Time:00:00.18 | Mem:1.81M, Peak:1.81M | Scene, ViewLayer | Updating Geometry BVH Cream muzzle pad.001 29/149 | Building mesh BLAS |     480 tris | Cream muzzle pad.001
Fra:13 Mem:27.14M (Peak 32.68M) | Time:00:00.18 | Mem:1.81M, Peak:1.81M | Scene, ViewLayer | Updating Geometry BVH Heart shaped nose 30/149 | Building BVH
Fra:13 Mem:27.14M (Peak 32.68M) | Time:00:00.18 | Mem:1.81M, Peak:1.81M | Scene, ViewLayer | Updating Geometry BVH Eye socket 31/149 | Building mesh BLAS |       6 tris | Heart shaped nose
Fra:13 Mem:27.14M (Peak 32.68M) | Time:00:00.18 | Mem:1.81M, Peak:1.81M | Scene, ViewLayer | Updating Geometry BVH Ivory eye 32/149 | Building BVH
Fra:13 Mem:27.14M (Peak 32.68M) | Time:00:00.18 | Mem:1.81M, Peak:1.81M | Scene, ViewLayer | Updating Geometry BVH Pupil 34/149 | Building mesh BLAS |     480 tris | Ivory eye
Fra:13 Mem:27.14M (Peak 32.68M) | Time:00:00.18 | Mem:1.81M, Peak:1.81M | Scene, ViewLayer | Updating Geometry BVH Eye glint 35/149 | Building BVH
Fra:13 Mem:27.14M (Peak 32.68M) | Time:00:00.18 | Mem:1.81M, Peak:1.81M | Scene, ViewLayer | Updating Geometry BVH Neckerchief folded point 143/149 | Building mesh BLAS |     192 tris | Eye glint
Fra:13 Mem:27.14M (Peak 32.68M) | Time:00:00.18 | Mem:1.81M, Peak:1.81M | Scene, ViewLayer | Updating Geometry BVH Expressive brow 36/149 | Building BVH
Fra:13 Mem:27.14M (Peak 32.68M) | Time:00:00.18 | Mem:1.81M, Peak:1.81M | Scene, ViewLayer | Updating Geometry BVH Expressive brow 36/149 | Building mesh BLAS |      44 tris | Expressive brow
Fra:13 Mem:27.14M (Peak 32.68M) | Time:00:00.18 | Mem:1.81M, Peak:1.81M | Scene, ViewLayer | Updating Geometry BVH Smiling mouth 37/149 | Building BVH
Fra:13 Mem:27.14M (Peak 32.68M) | Time:00:00.18 | Mem:1.81M, Peak:1.81M | Scene, ViewLayer | Updating Geometry BVH Smiling mouth 37/149 | Building mesh BLAS |      32 tris | Smiling mouth
Fra:13 Mem:27.14M (Peak 32.68M) | Time:00:00.18 | Mem:1.81M, Peak:1.81M | Scene, ViewLayer | Updating Geometry BVH Smiling mouth 37/149 | Building mesh BLAS |     480 tris | Cream muzzle pad
Fra:13 Mem:27.14M (Peak 32.68M) | Time:00:00.18 | Mem:1.81M, Peak:1.81M | Scene, ViewLayer | Updating Geometry BVH Whisker pore 38/149 | Building BVH
Fra:13 Mem:27.14M (Peak 32.68M) | Time:00:00.18 | Mem:1.81M, Peak:1.81M | Scene, ViewLayer | Updating Geometry BVH Whisker pore.001 39/149 | Building BVH
Fra:13 Mem:27.14M (Peak 32.68M) | Time:00:00.18 | Mem:1.81M, Peak:1.81M | Scene, ViewLayer | Updating Geometry BVH Whisker pore.001 39/149 | Building mesh BLAS |      64 tris | Whisker pore
Fra:13 Mem:27.14M (Peak 32.68M) | Time:00:00.19 | Mem:1.81M, Peak:1.81M | Scene, ViewLayer | Updating Geometry BVH Whisker pore.002 40/149 | Building BVH
Fra:13 Mem:27.14M (Peak 32.68M) | Time:00:00.19 | Mem:1.81M, Peak:1.81M | Scene, ViewLayer | Updating Geometry BVH Whisker pore.002 40/149 | Building mesh BLAS |     480 tris | Iris
Fra:13 Mem:27.14M (Peak 32.68M) | Time:00:00.19 | Mem:1.81M, Peak:1.81M | Scene, ViewLayer | Updating Geometry BVH Whisker pore.002 40/149 | Building mesh BLAS |     320 tris | Pupil
Fra:13 Mem:27.14M (Peak 32.68M) | Time:00:00.19 | Mem:1.81M, Peak:1.81M | Scene, ViewLayer | Updating Geometry BVH Whisker pore.002 40/149 | Building mesh BLAS |       4 tris | Neckerchief folded point
Fra:13 Mem:27.14M (Peak 32.68M) | Time:00:00.19 | Mem:1.81M, Peak:1.81M | Scene, ViewLayer | Updating Geometry BVH Eye socket.001 41/149 | Building BVH
Fra:13 Mem:27.14M (Peak 32.68M) | Time:00:00.19 | Mem:1.81M, Peak:1.81M | Scene, ViewLayer | Updating Geometry BVH Ivory eye.001 42/149 | Building BVH
Fra:13 Mem:27.14M (Peak 32.68M) | Time:00:00.19 | Mem:1.81M, Peak:1.81M | Scene, ViewLayer | Updating Geometry BVH Iris.001 43/149 | Building BVH
Fra:13 Mem:27.14M (Peak 32.68M) | Time:00:00.19 | Mem:1.81M, Peak:1.81M | Scene, ViewLayer | Updating Geometry BVH Iris.001 43/149 | Building mesh BLAS |     480 tris | Iris.001
Fra:13 Mem:27.14M (Peak 32.68M) | Time:00:00.19 | Mem:1.81M, Peak:1.81M | Scene, ViewLayer | Updating Geometry BVH Pupil.001 44/149 | Building BVH
Fra:13 Mem:27.14M (Peak 32.68M) | Time:00:00.19 | Mem:1.81M, Peak:1.81M | Scene, ViewLayer | Updating Geometry BVH Pupil.001 44/149 | Building mesh BLAS |      64 tris | Whisker pore.002
Fra:13 Mem:27.14M (Peak 32.68M) | Time:00:00.19 | Mem:1.81M, Peak:1.81M | Scene, ViewLayer | Updating Geometry BVH Eye glint.001 45/149 | Building BVH
Fra:13 Mem:27.14M (Peak 32.68M) | Time:00:00.19 | Mem:1.81M, Peak:1.81M | Scene, ViewLayer | Updating Geometry BVH Expressive brow.001 46/149 | Building mesh BLAS |     192 tris | Eye glint.001
Fra:13 Mem:27.14M (Peak 32.68M) | Time:00:00.19 | Mem:1.81M, Peak:1.81M | Scene, ViewLayer | Updating Geometry BVH Smiling mouth.001 47/149 | Building BVH
Fra:13 Mem:27.14M (Peak 32.68M) | Time:00:00.19 | Mem:1.81M, Peak:1.81M | Scene, ViewLayer | Updating Geometry BVH Leather neckerchief roll 142/149 | Building BVH
Fra:13 Mem:27.14M (Peak 32.68M) | Time:00:00.19 | Mem:1.81M, Peak:1.81M | Scene, ViewLayer | Updating Geometry BVH Leather neckerchief roll 142/149 | Building mesh BLAS |      32 tris | Smiling mouth.001
Fra:13 Mem:27.14M (Peak 32.68M) | Time:00:00.19 | Mem:1.81M, Peak:1.81M | Scene, ViewLayer | Updating Geometry BVH Whisker pore.004 49/149 | Building mesh BLAS |      64 tris | Whisker pore.003
Fra:13 Mem:27.14M (Peak 32.68M) | Time:00:00.19 | Mem:1.81M, Peak:1.81M | Scene, ViewLayer | Updating Geometry BVH Whisker pore.005 50/149 | Building BVH
Fra:13 Mem:27.14M (Peak 32.68M) | Time:00:00.19 | Mem:1.81M, Peak:1.81M | Scene, ViewLayer | Updating Geometry BVH Whisker pore.005 50/149 | Building mesh BLAS |      76 tris | Leather neckerchief roll
Fra:13 Mem:27.14M (Peak 32.68M) | Time:00:00.19 | Mem:1.81M, Peak:1.81M | Scene, ViewLayer | Updating Geometry BVH Lower jaw 51/149 | Building BVH
Fra:13 Mem:27.14M (Peak 32.68M) | Time:00:00.19 | Mem:1.81M, Peak:1.81M | Scene, ViewLayer | Updating Geometry BVH Lower jaw 51/149 | Building mesh BLAS |      64 tris | Whisker pore.004
Fra:13 Mem:27.14M (Peak 32.68M) | Time:00:00.19 | Mem:1.81M, Peak:1.81M | Scene, ViewLayer | Updating Geometry BVH Lower jaw 51/149 | Building mesh BLAS |      44 tris | Expressive brow.001
Fra:13 Mem:27.14M (Peak 32.68M) | Time:00:00.19 | Mem:1.81M, Peak:1.81M | Scene, ViewLayer | Updating Geometry BVH Mouth cavity 52/149 | Building BVH
Fra:13 Mem:27.14M (Peak 32.68M) | Time:00:00.19 | Mem:1.81M, Peak:1.81M | Scene, ViewLayer | Updating Geometry BVH Lower canine 53/149 | Building BVH
Fra:13 Mem:27.14M (Peak 32.68M) | Time:00:00.19 | Mem:1.81M, Peak:1.81M | Scene, ViewLayer | Updating Geometry BVH Lower canine 53/149 | Building mesh BLAS |      38 tris | Lower canine
Fra:13 Mem:27.14M (Peak 32.68M) | Time:00:00.19 | Mem:1.81M, Peak:1.81M | Scene, ViewLayer | Updating Geometry BVH Lower canine.001 54/149 | Building BVH
Fra:13 Mem:27.14M (Peak 32.68M) | Time:00:00.19 | Mem:1.81M, Peak:1.81M | Scene, ViewLayer | Updating Geometry BVH Lower canine.001 54/149 | Building mesh BLAS |      38 tris | Lower canine.001
Fra:13 Mem:27.14M (Peak 32.68M) | Time:00:00.19 | Mem:1.81M, Peak:1.81M | Scene, ViewLayer | Updating Geometry BVH Flame tail tuft.006 141/149 | Building BVH
Fra:13 Mem:27.14M (Peak 32.68M) | Time:00:00.19 | Mem:1.81M, Peak:1.81M | Scene, ViewLayer | Updating Geometry BVH Flame tail tuft.006 141/149 | Building mesh BLAS |     400 tris | Lower jaw
Fra:13 Mem:27.14M (Peak 32.68M) | Time:00:00.19 | Mem:1.81M, Peak:1.81M | Scene, ViewLayer | Updating Geometry BVH Flame tail tuft.006 141/149 | Building mesh BLAS |      44 tris | Flame tail tuft.006
Fra:13 Mem:27.14M (Peak 32.68M) | Time:00:00.19 | Mem:1.81M, Peak:1.81M | Scene, ViewLayer | Updating Geometry BVH Rounded lion ear 55/149 | Building BVH
Fra:13 Mem:27.14M (Peak 32.68M) | Time:00:00.19 | Mem:1.81M, Peak:1.81M | Scene, ViewLayer | Updating Geometry BVH Rounded lion ear 55/149 | Building mesh BLAS |     432 tris | Rounded lion ear
Fra:13 Mem:27.14M (Peak 32.68M) | Time:00:00.19 | Mem:1.81M, Peak:1.81M | Scene, ViewLayer | Updating Geometry BVH Inner lion ear 56/149 | Building BVH
Fra:13 Mem:27.14M (Peak 32.68M) | Time:00:00.19 | Mem:1.81M, Peak:1.81M | Scene, ViewLayer | Updating Geometry BVH Inner lion ear 56/149 | Building mesh BLAS |     320 tris | Inner lion ear
Fra:13 Mem:27.14M (Peak 32.68M) | Time:00:00.19 | Mem:1.81M, Peak:1.81M | Scene, ViewLayer | Updating Geometry BVH Rounded lion ear.001 57/149 | Building BVH
Fra:13 Mem:27.14M (Peak 32.68M) | Time:00:00.19 | Mem:1.81M, Peak:1.81M | Scene, ViewLayer | Updating Geometry BVH Inner lion ear.001 58/149 | Building BVH
Fra:13 Mem:27.14M (Peak 32.68M) | Time:00:00.19 | Mem:1.81M, Peak:1.81M | Scene, ViewLayer | Updating Geometry BVH Sculpted mane lock 59/149 | Building BVH
Fra:13 Mem:27.14M (Peak 32.68M) | Time:00:00.19 | Mem:1.81M, Peak:1.81M | Scene, ViewLayer | Updating Geometry BVH Sculpted mane lock 59/149 | Building mesh BLAS |     320 tris | Inner lion ear.001
Fra:13 Mem:27.14M (Peak 32.68M) | Time:00:00.19 | Mem:1.81M, Peak:1.81M | Scene, ViewLayer | Updating Geometry BVH Sculpted mane lock.001 60/149 | Building BVH
Fra:13 Mem:27.14M (Peak 32.68M) | Time:00:00.19 | Mem:1.81M, Peak:1.81M | Scene, ViewLayer | Updating Geometry BVH Sculpted mane lock.002 61/149 | Building BVH
Fra:13 Mem:27.14M (Peak 32.68M) | Time:00:00.19 | Mem:1.81M, Peak:1.81M | Scene, ViewLayer | Updating Geometry BVH Sculpted mane lock.003 62/149 | Building BVH
Fra:13 Mem:27.14M (Peak 32.68M) | Time:00:00.19 | Mem:1.81M, Peak:1.81M | Scene, ViewLayer | Updating Geometry BVH Sculpted mane lock.003 62/149 | Building mesh BLAS |      60 tris | Sculpted mane lock.002
Fra:13 Mem:27.14M (Peak 32.68M) | Time:00:00.19 | Mem:1.81M, Peak:1.81M | Scene, ViewLayer | Updating Geometry BVH Sculpted mane lock.004 63/149 | Building BVH
Fra:13 Mem:27.14M (Peak 32.68M) | Time:00:00.19 | Mem:1.81M, Peak:1.81M | Scene, ViewLayer | Updating Geometry BVH Sculpted mane lock.004 63/149 | Building mesh BLAS |      60 tris | Sculpted mane lock.004
Fra:13 Mem:27.14M (Peak 32.68M) | Time:00:00.19 | Mem:1.81M, Peak:1.81M | Scene, ViewLayer | Updating Geometry BVH Sculpted mane lock.004 63/149 | Building mesh BLAS |      60 tris | Sculpted mane lock.003
Fra:13 Mem:27.14M (Peak 32.68M) | Time:00:00.19 | Mem:1.81M, Peak:1.81M | Scene, ViewLayer | Updating Geometry BVH Sculpted mane lock.005 64/149 | Building BVH
Fra:13 Mem:27.14M (Peak 32.68M) | Time:00:00.19 | Mem:1.81M, Peak:1.81M | Scene, ViewLayer | Updating Geometry BVH Sculpted mane lock.005 64/149 | Building mesh BLAS |      60 tris | Sculpted mane lock.005
Fra:13 Mem:27.14M (Peak 32.68M) | Time:00:00.19 | Mem:1.81M, Peak:1.81M | Scene, ViewLayer | Updating Geometry BVH Sculpted mane lock.005 64/149 | Building mesh BLAS |      60 tris | Sculpted mane lock.001
Fra:13 Mem:27.14M (Peak 32.68M) | Time:00:00.19 | Mem:1.81M, Peak:1.81M | Scene, ViewLayer | Updating Geometry BVH Sculpted mane lock.005 64/149 | Building mesh BLAS |      44 tris | Flame tail tuft.005
Fra:13 Mem:27.14M (Peak 32.68M) | Time:00:00.19 | Mem:1.81M, Peak:1.81M | Scene, ViewLayer | Updating Geometry BVH Sculpted mane lock.006 65/149 | Building BVH
Fra:13 Mem:27.14M (Peak 32.68M) | Time:00:00.19 | Mem:1.81M, Peak:1.81M | Scene, ViewLayer | Updating Geometry BVH Sculpted mane lock.006 65/149 | Building mesh BLAS |      60 tris | Sculpted mane lock.006
Fra:13 Mem:27.14M (Peak 32.68M) | Time:00:00.19 | Mem:1.81M, Peak:1.81M | Scene, ViewLayer | Updating Geometry BVH Sculpted mane lock.007 66/149 | Building BVH
Fra:13 Mem:27.14M (Peak 32.68M) | Time:00:00.19 | Mem:1.81M, Peak:1.81M | Scene, ViewLayer | Updating Geometry BVH Sculpted mane lock.007 66/149 | Building mesh BLAS |      60 tris | Sculpted mane lock.007
Fra:13 Mem:27.14M (Peak 32.68M) | Time:00:00.19 | Mem:1.81M, Peak:1.81M | Scene, ViewLayer | Updating Geometry BVH Sculpted mane lock.008 67/149 | Building BVH
Fra:13 Mem:27.14M (Peak 32.68M) | Time:00:00.19 | Mem:1.81M, Peak:1.81M | Scene, ViewLayer | Updating Geometry BVH Sculpted mane lock.008 67/149 | Building mesh BLAS |      60 tris | Sculpted mane lock.008
Fra:13 Mem:27.14M (Peak 32.68M) | Time:00:00.19 | Mem:1.81M, Peak:1.81M | Scene, ViewLayer | Updating Geometry BVH Sculpted mane lock.009 68/149 | Building BVH
Fra:13 Mem:27.14M (Peak 32.68M) | Time:00:00.19 | Mem:1.81M, Peak:1.81M | Scene, ViewLayer | Updating Geometry BVH Sculpted mane lock.010 69/149 | Building BVH
Fra:13 Mem:27.14M (Peak 32.68M) | Time:00:00.19 | Mem:1.81M, Peak:1.81M | Scene, ViewLayer | Updating Geometry BVH Sculpted mane lock.010 69/149 | Building mesh BLAS |      60 tris | Sculpted mane lock.009
Fra:13 Mem:27.14M (Peak 32.68M) | Time:00:00.19 | Mem:1.81M, Peak:1.81M | Scene, ViewLayer | Updating Geometry BVH Sculpted mane lock.010 69/149 | Building mesh BLAS |      60 tris | Sculpted mane lock.010
Fra:13 Mem:27.14M (Peak 32.68M) | Time:00:00.19 | Mem:1.81M, Peak:1.81M | Scene, ViewLayer | Updating Geometry BVH Sculpted mane lock.011 70/149 | Building BVH
Fra:13 Mem:27.14M (Peak 32.68M) | Time:00:00.19 | Mem:1.81M, Peak:1.81M | Scene, ViewLayer | Updating Geometry BVH Sculpted mane lock.011 70/149 | Building mesh BLAS |      60 tris | Sculpted mane lock.011
Fra:13 Mem:27.14M (Peak 32.68M) | Time:00:00.19 | Mem:1.81M, Peak:1.81M | Scene, ViewLayer | Updating Geometry BVH Flame tail tuft.004 139/149 | Building BVH
Fra:13 Mem:27.14M (Peak 32.68M) | Time:00:00.19 | Mem:1.81M, Peak:1.81M | Scene, ViewLayer | Updating Geometry BVH Flame tail tuft.004 139/149 | Building mesh BLAS |      44 tris | Flame tail tuft.004
Fra:13 Mem:27.14M (Peak 32.68M) | Time:00:00.19 | Mem:1.81M, Peak:1.81M | Scene, ViewLayer | Updating Geometry BVH Sculpted mane lock.012 71/149 | Building BVH
Fra:13 Mem:27.14M (Peak 32.68M) | Time:00:00.19 | Mem:1.81M, Peak:1.81M | Scene, ViewLayer | Updating Geometry BVH Sculpted mane lock.012 71/149 | Building mesh BLAS |      60 tris | Sculpted mane lock.012
Fra:13 Mem:27.14M (Peak 32.68M) | Time:00:00.19 | Mem:1.81M, Peak:1.81M | Scene, ViewLayer | Updating Geometry BVH Sculpted mane lock.013 72/149 | Building BVH
Fra:13 Mem:27.14M (Peak 32.68M) | Time:00:00.19 | Mem:1.81M, Peak:1.81M | Scene, ViewLayer | Updating Geometry BVH Sculpted mane lock.013 72/149 | Building mesh BLAS |      60 tris | Sculpted mane lock.013
Fra:13 Mem:27.14M (Peak 32.68M) | Time:00:00.19 | Mem:1.81M, Peak:1.81M | Scene, ViewLayer | Updating Geometry BVH Sculpted mane lock.014 73/149 | Building BVH
Fra:13 Mem:27.14M (Peak 32.68M) | Time:00:00.19 | Mem:1.81M, Peak:1.81M | Scene, ViewLayer | Updating Geometry BVH Sculpted mane lock.014 73/149 | Building mesh BLAS |      60 tris | Sculpted mane lock.014
Fra:13 Mem:27.14M (Peak 32.68M) | Time:00:00.19 | Mem:1.81M, Peak:1.81M | Scene, ViewLayer | Updating Geometry BVH Sculpted mane lock.015 74/149 | Building BVH
Fra:13 Mem:27.14M (Peak 32.68M) | Time:00:00.19 | Mem:1.81M, Peak:1.81M | Scene, ViewLayer | Updating Geometry BVH Sculpted mane lock.015 74/149 | Building mesh BLAS |      60 tris | Sculpted mane lock.015
Fra:13 Mem:27.14M (Peak 32.68M) | Time:00:00.19 | Mem:1.81M, Peak:1.81M | Scene, ViewLayer | Updating Geometry BVH Sculpted mane lock.016 75/149 | Building BVH
Fra:13 Mem:27.14M (Peak 32.68M) | Time:00:00.19 | Mem:1.81M, Peak:1.81M | Scene, ViewLayer | Updating Geometry BVH Sculpted mane lock.016 75/149 | Building mesh BLAS |      60 tris | Sculpted mane lock.016
Fra:13 Mem:27.14M (Peak 32.68M) | Time:00:00.19 | Mem:1.81M, Peak:1.81M | Scene, ViewLayer | Updating Geometry BVH Sculpted mane lock.017 76/149 | Building BVH
Fra:13 Mem:27.14M (Peak 32.68M) | Time:00:00.19 | Mem:1.81M, Peak:1.81M | Scene, ViewLayer | Updating Geometry BVH Sculpted mane lock.017 76/149 | Building mesh BLAS |      60 tris | Sculpted mane lock.017
Fra:13 Mem:27.14M (Peak 32.68M) | Time:00:00.19 | Mem:1.81M, Peak:1.81M | Scene, ViewLayer | Updating Geometry BVH Sculpted mane lock.018 77/149 | Building BVH
Fra:13 Mem:27.14M (Peak 32.68M) | Time:00:00.19 | Mem:1.81M, Peak:1.81M | Scene, ViewLayer | Updating Geometry BVH Sculpted mane lock.018 77/149 | Building mesh BLAS |      60 tris | Sculpted mane lock.018
Fra:13 Mem:27.14M (Peak 32.68M) | Time:00:00.19 | Mem:1.81M, Peak:1.81M | Scene, ViewLayer | Updating Geometry BVH Flame tail tuft.003 138/149 | Building BVH
Fra:13 Mem:27.14M (Peak 32.68M) | Time:00:00.19 | Mem:1.81M, Peak:1.81M | Scene, ViewLayer | Updating Geometry BVH Flame tail tuft.003 138/149 | Building mesh BLAS |      44 tris | Flame tail tuft.003
Fra:13 Mem:27.14M (Peak 32.68M) | Time:00:00.20 | Mem:1.81M, Peak:1.81M | Scene, ViewLayer | Updating Geometry BVH Sculpted mane lock.019 78/149 | Building BVH
Fra:13 Mem:27.14M (Peak 32.68M) | Time:00:00.20 | Mem:1.81M, Peak:1.81M | Scene, ViewLayer | Updating Geometry BVH Sculpted mane lock.019 78/149 | Building mesh BLAS |      60 tris | Sculpted mane lock.019
Fra:13 Mem:27.14M (Peak 32.68M) | Time:00:00.20 | Mem:1.81M, Peak:1.81M | Scene, ViewLayer | Updating Geometry BVH Sculpted mane lock.020 79/149 | Building BVH
Fra:13 Mem:27.14M (Peak 32.68M) | Time:00:00.20 | Mem:1.81M, Peak:1.81M | Scene, ViewLayer | Updating Geometry BVH Sculpted mane lock.020 79/149 | Building mesh BLAS |      60 tris | Sculpted mane lock.020
Fra:13 Mem:27.14M (Peak 32.68M) | Time:00:00.20 | Mem:1.81M, Peak:1.81M | Scene, ViewLayer | Updating Geometry BVH Sculpted mane lock.021 80/149 | Building BVH
Fra:13 Mem:27.14M (Peak 32.68M) | Time:00:00.20 | Mem:1.81M, Peak:1.81M | Scene, ViewLayer | Updating Geometry BVH Sculpted mane lock.021 80/149 | Building mesh BLAS |      60 tris | Sculpted mane lock.021
Fra:13 Mem:27.14M (Peak 32.68M) | Time:00:00.20 | Mem:1.82M, Peak:1.82M | Scene, ViewLayer | Updating Geometry BVH Sculpted mane lock.022 81/149 | Building BVH
Fra:13 Mem:27.14M (Peak 32.68M) | Time:00:00.20 | Mem:1.82M, Peak:1.82M | Scene, ViewLayer | Updating Geometry BVH Sculpted mane lock.022 81/149 | Building mesh BLAS |      60 tris | Sculpted mane lock.022
Fra:13 Mem:27.14M (Peak 32.68M) | Time:00:00.20 | Mem:1.82M, Peak:1.82M | Scene, ViewLayer | Updating Geometry BVH Sculpted mane lock.023 82/149 | Building BVH
Fra:13 Mem:27.14M (Peak 32.68M) | Time:00:00.20 | Mem:1.82M, Peak:1.82M | Scene, ViewLayer | Updating Geometry BVH Sculpted mane lock.023 82/149 | Building mesh BLAS |      60 tris | Sculpted mane lock.023
Fra:13 Mem:27.14M (Peak 32.68M) | Time:00:00.20 | Mem:1.82M, Peak:1.82M | Scene, ViewLayer | Updating Geometry BVH Sculpted mane lock.024 83/149 | Building BVH
Fra:13 Mem:27.14M (Peak 32.68M) | Time:00:00.20 | Mem:1.82M, Peak:1.82M | Scene, ViewLayer | Updating Geometry BVH Sculpted mane lock.025 84/149 | Building BVH
Fra:13 Mem:27.14M (Peak 32.68M) | Time:00:00.20 | Mem:1.82M, Peak:1.82M | Scene, ViewLayer | Updating Geometry BVH Sculpted mane lock.025 84/149 | Building mesh BLAS |      60 tris | Sculpted mane lock.024
Fra:13 Mem:27.14M (Peak 32.68M) | Time:00:00.20 | Mem:1.82M, Peak:1.82M | Scene, ViewLayer | Updating Geometry BVH Sculpted mane lock.025 84/149 | Building mesh BLAS |      60 tris | Sculpted mane lock.025
Fra:13 Mem:27.14M (Peak 32.68M) | Time:00:00.20 | Mem:1.82M, Peak:1.82M | Scene, ViewLayer | Updating Geometry BVH Flame tail tuft.002 137/149 | Building BVH
Fra:13 Mem:27.14M (Peak 32.68M) | Time:00:00.20 | Mem:1.82M, Peak:1.82M | Scene, ViewLayer | Updating Geometry BVH Flame tail tuft.002 137/149 | Building mesh BLAS |      44 tris | Flame tail tuft.002
Fra:13 Mem:27.14M (Peak 32.68M) | Time:00:00.20 | Mem:1.83M, Peak:1.83M | Scene, ViewLayer | Updating Geometry BVH Sculpted mane lock.026 85/149 | Building BVH
Fra:13 Mem:27.14M (Peak 32.68M) | Time:00:00.20 | Mem:1.83M, Peak:1.83M | Scene, ViewLayer | Updating Geometry BVH Sculpted mane lock.026 85/149 | Building mesh BLAS |      60 tris | Sculpted mane lock.026
Fra:13 Mem:27.14M (Peak 32.68M) | Time:00:00.20 | Mem:1.83M, Peak:1.83M | Scene, ViewLayer | Updating Geometry BVH Sculpted mane lock.027 86/149 | Building BVH
Fra:13 Mem:27.14M (Peak 32.68M) | Time:00:00.20 | Mem:1.83M, Peak:1.83M | Scene, ViewLayer | Updating Geometry BVH Sculpted mane lock.027 86/149 | Building mesh BLAS |      60 tris | Sculpted mane lock.027
Fra:13 Mem:27.14M (Peak 32.68M) | Time:00:00.20 | Mem:1.83M, Peak:1.83M | Scene, ViewLayer | Updating Geometry BVH Sculpted mane lock.028 87/149 | Building BVH
Fra:13 Mem:27.14M (Peak 32.68M) | Time:00:00.20 | Mem:1.83M, Peak:1.83M | Scene, ViewLayer | Updating Geometry BVH Sculpted mane lock.028 87/149 | Building mesh BLAS |      60 tris | Sculpted mane lock.028
Fra:13 Mem:27.14M (Peak 32.68M) | Time:00:00.20 | Mem:1.83M, Peak:1.83M | Scene, ViewLayer | Updating Geometry BVH Sculpted mane lock.029 88/149 | Building BVH
Fra:13 Mem:27.14M (Peak 32.68M) | Time:00:00.20 | Mem:1.83M, Peak:1.83M | Scene, ViewLayer | Updating Geometry BVH Sculpted mane lock.029 88/149 | Building mesh BLAS |      60 tris | Sculpted mane lock.029
Fra:13 Mem:27.14M (Peak 32.68M) | Time:00:00.20 | Mem:1.83M, Peak:1.83M | Scene, ViewLayer | Updating Geometry BVH Sculpted mane lock.030 89/149 | Building BVH
Fra:13 Mem:27.14M (Peak 32.68M) | Time:00:00.20 | Mem:1.83M, Peak:1.83M | Scene, ViewLayer | Updating Geometry BVH Sculpted mane lock.030 89/149 | Building mesh BLAS |      60 tris | Sculpted mane lock.030
Fra:13 Mem:27.14M (Peak 32.68M) | Time:00:00.20 | Mem:1.83M, Peak:1.83M | Scene, ViewLayer | Updating Geometry BVH Sculpted mane lock.031 90/149 | Building BVH
Fra:13 Mem:27.14M (Peak 32.68M) | Time:00:00.20 | Mem:1.83M, Peak:1.83M | Scene, ViewLayer | Updating Geometry BVH Sculpted mane lock.031 90/149 | Building mesh BLAS |      60 tris | Sculpted mane lock.031
Fra:13 Mem:27.14M (Peak 32.68M) | Time:00:00.20 | Mem:1.84M, Peak:1.84M | Scene, ViewLayer | Updating Geometry BVH Sculpted mane lock.032 91/149 | Building BVH
Fra:13 Mem:27.14M (Peak 32.68M) | Time:00:00.20 | Mem:1.84M, Peak:1.84M | Scene, ViewLayer | Updating Geometry BVH Flame tail tuft.001 136/149 | Building BVH
Fra:13 Mem:27.14M (Peak 32.68M) | Time:00:00.20 | Mem:1.84M, Peak:1.84M | Scene, ViewLayer | Updating Geometry BVH Flame tail tuft.001 136/149 | Building mesh BLAS |      44 tris | Flame tail tuft.001
Fra:13 Mem:27.14M (Peak 32.68M) | Time:00:00.20 | Mem:2.05M, Peak:2.05M | Scene, ViewLayer | Updating Geometry BVH Sculpted mane lock.034 93/149 | Building BVH
Fra:13 Mem:27.14M (Peak 32.68M) | Time:00:00.20 | Mem:2.06M, Peak:2.06M | Scene, ViewLayer | Updating Geometry BVH Sculpted mane lock.036 95/149 | Building BVH
Fra:13 Mem:27.14M (Peak 32.68M) | Time:00:00.20 | Mem:2.06M, Peak:2.06M | Scene, ViewLayer | Updating Geometry BVH Sculpted mane lock.036 95/149 | Building mesh BLAS |      60 tris | Sculpted mane lock.036
Fra:13 Mem:27.14M (Peak 32.68M) | Time:00:00.20 | Mem:2.06M, Peak:2.06M | Scene, ViewLayer | Updating Geometry BVH Sculpted mane lock.036 95/149 | Building mesh BLAS |      60 tris | Sculpted mane lock.033
Fra:13 Mem:27.14M (Peak 32.68M) | Time:00:00.20 | Mem:2.06M, Peak:2.06M | Scene, ViewLayer | Updating Geometry BVH Sculpted mane lock.036 95/149 | Building mesh BLAS |      60 tris | Sculpted mane lock.034
Fra:13 Mem:27.14M (Peak 32.68M) | Time:00:00.20 | Mem:2.06M, Peak:2.06M | Scene, ViewLayer | Updating Geometry BVH Sculpted mane lock.037 96/149 | Building BVH
Fra:13 Mem:27.14M (Peak 32.68M) | Time:00:00.20 | Mem:2.07M, Peak:2.07M | Scene, ViewLayer | Updating Geometry BVH Sculpted mane lock.037 96/149 | Building mesh BLAS |      60 tris | Sculpted mane lock.037
Fra:13 Mem:27.14M (Peak 32.68M) | Time:00:00.20 | Mem:2.09M, Peak:2.09M | Scene, ViewLayer | Updating Geometry BVH Sculpted mane lock.038 97/149 | Building BVH
Fra:13 Mem:27.14M (Peak 32.68M) | Time:00:00.20 | Mem:2.10M, Peak:2.10M | Scene, ViewLayer | Updating Geometry BVH Sculpted mane lock.038 97/149 | Building mesh BLAS |      60 tris | Sculpted mane lock.038
Fra:13 Mem:27.14M (Peak 32.68M) | Time:00:00.21 | Mem:2.11M, Peak:2.11M | Scene, ViewLayer | Updating Geometry BVH Flame tail tuft 135/149 | Building BVH
Fra:13 Mem:27.14M (Peak 32.68M) | Time:00:00.21 | Mem:2.11M, Peak:2.11M | Scene, ViewLayer | Updating Geometry BVH Flame tail tuft 135/149 | Building mesh BLAS |      44 tris | Flame tail tuft
Fra:13 Mem:27.14M (Peak 32.68M) | Time:00:00.21 | Mem:2.12M, Peak:2.12M | Scene, ViewLayer | Updating Geometry BVH Sculpted mane lock.039 98/149 | Building BVH
Fra:13 Mem:27.14M (Peak 32.68M) | Time:00:00.21 | Mem:2.12M, Peak:2.12M | Scene, ViewLayer | Updating Geometry BVH Sculpted mane lock.039 98/149 | Building mesh BLAS |      60 tris | Sculpted mane lock.039
Fra:13 Mem:27.14M (Peak 32.68M) | Time:00:00.21 | Mem:2.34M, Peak:2.34M | Scene, ViewLayer | Updating Geometry BVH Sculpted mane lock.040 99/149 | Building BVH
Fra:13 Mem:27.14M (Peak 32.68M) | Time:00:00.21 | Mem:2.34M, Peak:2.34M | Scene, ViewLayer | Updating Geometry BVH Sculpted mane lock.040 99/149 | Building mesh BLAS |      60 tris | Sculpted mane lock.040
Fra:13 Mem:27.14M (Peak 32.68M) | Time:00:00.21 | Mem:2.34M, Peak:2.34M | Scene, ViewLayer | Updating Geometry BVH Sculpted mane lock.041 100/149 | Building BVH
Fra:13 Mem:27.14M (Peak 32.68M) | Time:00:00.21 | Mem:2.34M, Peak:2.34M | Scene, ViewLayer | Updating Geometry BVH Sculpted mane lock.041 100/149 | Building mesh BLAS |      60 tris | Sculpted mane lock.041
Fra:13 Mem:27.14M (Peak 32.68M) | Time:00:00.21 | Mem:2.38M, Peak:2.38M | Scene, ViewLayer | Updating Geometry BVH Sculpted mane lock.042 101/149 | Building BVH
Fra:13 Mem:27.14M (Peak 32.68M) | Time:00:00.21 | Mem:2.38M, Peak:2.38M | Scene, ViewLayer | Updating Geometry BVH Sculpted mane lock.042 101/149 | Building mesh BLAS |      60 tris | Sculpted mane lock.042
Fra:13 Mem:27.14M (Peak 32.68M) | Time:00:00.21 | Mem:2.48M, Peak:2.48M | Scene, ViewLayer | Updating Geometry BVH Sculpted mane lock.044 103/149 | Building BVH
Fra:13 Mem:27.14M (Peak 32.68M) | Time:00:00.21 | Mem:2.57M, Peak:2.57M | Scene, ViewLayer | Updating Geometry BVH Sculpted mane lock.045 104/149 | Building BVH
Fra:13 Mem:27.14M (Peak 32.68M) | Time:00:00.21 | Mem:2.57M, Peak:2.57M | Scene, ViewLayer | Updating Geometry BVH Sculpted mane lock.047 106/149 | Building mesh BLAS |      60 tris | Sculpted mane lock.045
Fra:13 Mem:27.14M (Peak 32.68M) | Time:00:00.21 | Mem:2.57M, Peak:2.57M | Scene, ViewLayer | Updating Geometry BVH Sculpted mane lock.048 107/149 | Building BVH
Fra:13 Mem:27.14M (Peak 32.68M) | Time:00:00.21 | Mem:2.57M, Peak:2.57M | Scene, ViewLayer | Updating Geometry BVH Sculpted mane lock.049 108/149 | Building BVH
Fra:13 Mem:27.14M (Peak 32.68M) | Time:00:00.21 | Mem:2.57M, Peak:2.57M | Scene, ViewLayer | Updating Geometry BVH Sculpted mane lock.049 108/149 | Building mesh BLAS |      60 tris | Sculpted mane lock.043
Fra:13 Mem:27.14M (Peak 32.68M) | Time:00:00.21 | Mem:2.58M, Peak:2.58M | Scene, ViewLayer | Updating Geometry BVH Sculpted mane lock.049 108/149 | Building mesh BLAS |      60 tris | Sculpted mane lock.047
Fra:13 Mem:27.14M (Peak 32.68M) | Time:00:00.21 | Mem:2.58M, Peak:2.58M | Scene, ViewLayer | Updating Geometry BVH Sculpted mane lock.050 109/149 | Building BVH
Fra:13 Mem:27.14M (Peak 32.68M) | Time:00:00.21 | Mem:2.59M, Peak:2.59M | Scene, ViewLayer | Updating Geometry BVH Sculpted mane lock.050 109/149 | Building mesh BLAS |      60 tris | Sculpted mane lock.048
Fra:13 Mem:27.14M (Peak 32.68M) | Time:00:00.21 | Mem:2.65M, Peak:2.65M | Scene, ViewLayer | Updating Geometry BVH Sculpted mane lock.050 109/149 | Building mesh BLAS |      60 tris | Sculpted mane lock.049
Fra:13 Mem:27.14M (Peak 32.68M) | Time:00:00.21 | Mem:2.67M, Peak:2.67M | Scene, ViewLayer | Updating Geometry BVH Layered shoulder fur 110/149 | Building mesh BLAS |      60 tris | Sculpted mane lock.050
Fra:13 Mem:27.14M (Peak 32.68M) | Time:00:00.21 | Mem:2.68M, Peak:2.68M | Scene, ViewLayer | Updating Geometry BVH Layered shoulder fur.002 112/149 | Building BVH
Fra:13 Mem:27.14M (Peak 32.68M) | Time:00:00.21 | Mem:2.68M, Peak:2.68M | Scene, ViewLayer | Updating Geometry BVH Wrist fur 113/149 | Building mesh BLAS |      44 tris | Layered shoulder fur.001
Fra:13 Mem:27.14M (Peak 32.68M) | Time:00:00.21 | Mem:2.68M, Peak:2.68M | Scene, ViewLayer | Updating Geometry BVH Wrist fur 113/149 | Building mesh BLAS |      44 tris | Layered shoulder fur.002
Fra:13 Mem:27.14M (Peak 32.68M) | Time:00:00.21 | Mem:2.68M, Peak:2.68M | Scene, ViewLayer | Updating Geometry BVH Wrist fur.001 114/149 | Building BVH
Fra:13 Mem:27.14M (Peak 32.68M) | Time:00:00.21 | Mem:2.68M, Peak:2.68M | Scene, ViewLayer | Updating Geometry BVH Wrist fur.002 115/149 | Building BVH
Fra:13 Mem:27.14M (Peak 32.68M) | Time:00:00.21 | Mem:2.68M, Peak:2.68M | Scene, ViewLayer | Updating Geometry BVH Wrist fur.002 115/149 | Building mesh BLAS |      44 tris | Wrist fur.002
Fra:13 Mem:27.14M (Peak 32.68M) | Time:00:00.21 | Mem:2.68M, Peak:2.68M | Scene, ViewLayer | Updating Geometry BVH Layered shoulder fur.004 117/149 | Building BVH
Fra:13 Mem:27.14M (Peak 32.68M) | Time:00:00.21 | Mem:2.68M, Peak:2.68M | Scene, ViewLayer | Updating Geometry BVH Wrist fur.011 133/149 | Building BVH
Fra:13 Mem:27.14M (Peak 32.68M) | Time:00:00.21 | Mem:2.68M, Peak:2.68M | Scene, ViewLayer | Updating Geometry BVH Wrist fur.011 133/149 | Building mesh BLAS |      44 tris | Layered shoulder fur.004
Fra:13 Mem:27.14M (Peak 32.68M) | Time:00:00.21 | Mem:2.68M, Peak:2.68M | Scene, ViewLayer | Updating Geometry BVH Wrist fur.011 133/149 | Building mesh BLAS |      44 tris | Wrist fur.011
Fra:13 Mem:27.14M (Peak 32.68M) | Time:00:00.21 | Mem:2.68M, Peak:2.68M | Scene, ViewLayer | Updating Geometry BVH Wrist fur.011 133/149 | Building mesh BLAS |      44 tris | Layered shoulder fur.003
Fra:13 Mem:27.14M (Peak 32.68M) | Time:00:00.21 | Mem:2.71M, Peak:2.71M | Scene, ViewLayer | Updating Geometry BVH Wrist fur.003 119/149 | Building BVH
Fra:13 Mem:27.14M (Peak 32.68M) | Time:00:00.21 | Mem:2.72M, Peak:2.72M | Scene, ViewLayer | Updating Geometry BVH Wrist fur.004 120/149 | Building BVH
Fra:13 Mem:27.14M (Peak 32.68M) | Time:00:00.21 | Mem:2.72M, Peak:2.72M | Scene, ViewLayer | Updating Geometry BVH Wrist fur.005 121/149 | Building BVH
Fra:13 Mem:27.14M (Peak 32.68M) | Time:00:00.21 | Mem:2.72M, Peak:2.72M | Scene, ViewLayer | Updating Geometry BVH Layered shoulder fur.007 123/149 | Building mesh BLAS |      44 tris | Wrist fur
Fra:13 Mem:27.14M (Peak 32.68M) | Time:00:00.21 | Mem:2.72M, Peak:2.72M | Scene, ViewLayer | Updating Geometry BVH Layered shoulder fur.007 123/149 | Building mesh BLAS |      44 tris | Wrist fur.005
Fra:13 Mem:27.14M (Peak 32.68M) | Time:00:00.21 | Mem:2.72M, Peak:2.72M | Scene, ViewLayer | Updating Geometry BVH Layered shoulder fur.008 124/149 | Building BVH
Fra:13 Mem:27.14M (Peak 32.68M) | Time:00:00.21 | Mem:2.72M, Peak:2.72M | Scene, ViewLayer | Updating Geometry BVH Layered shoulder fur.008 124/149 | Building mesh BLAS |      44 tris | Layered shoulder fur.008
Fra:13 Mem:27.14M (Peak 32.68M) | Time:00:00.21 | Mem:2.72M, Peak:2.72M | Scene, ViewLayer | Updating Geometry BVH Wrist fur.006 125/149 | Building BVH
Fra:13 Mem:27.14M (Peak 32.68M) | Time:00:00.21 | Mem:2.72M, Peak:2.72M | Scene, ViewLayer | Updating Geometry BVH Wrist fur.006 125/149 | Building mesh BLAS |      44 tris | Layered shoulder fur.005
Fra:13 Mem:27.14M (Peak 32.68M) | Time:00:00.21 | Mem:2.72M, Peak:2.72M | Scene, ViewLayer | Updating Geometry BVH Wrist fur.007 126/149 | Building BVH
Fra:13 Mem:27.14M (Peak 32.68M) | Time:00:00.21 | Mem:2.72M, Peak:2.72M | Scene, ViewLayer | Updating Geometry BVH Wrist fur.007 126/149 | Building mesh BLAS |      44 tris | Layered shoulder fur.006
Fra:13 Mem:27.14M (Peak 32.68M) | Time:00:00.21 | Mem:2.72M, Peak:2.72M | Scene, ViewLayer | Updating Geometry BVH Wrist fur.007 126/149 | Building mesh BLAS |      44 tris | Wrist fur.007
Fra:13 Mem:27.14M (Peak 32.68M) | Time:00:00.21 | Mem:2.72M, Peak:2.72M | Scene, ViewLayer | Updating Geometry BVH Wrist fur.008 127/149 | Building BVH
Fra:13 Mem:27.14M (Peak 32.68M) | Time:00:00.21 | Mem:2.73M, Peak:2.73M | Scene, ViewLayer | Updating Geometry BVH Wrist fur.008 127/149 | Building mesh BLAS |      44 tris | Wrist fur.008
Fra:13 Mem:27.14M (Peak 32.68M) | Time:00:00.21 | Mem:2.73M, Peak:2.73M | Scene, ViewLayer | Updating Geometry BVH Wrist fur.008 127/149 | Building mesh BLAS |      44 tris | Layered shoulder fur.007
Fra:13 Mem:27.14M (Peak 32.68M) | Time:00:00.21 | Mem:2.73M, Peak:2.73M | Scene, ViewLayer | Updating Geometry BVH Wrist fur.008 127/149 | Building mesh BLAS |      44 tris | Wrist fur.004
Fra:13 Mem:27.14M (Peak 32.68M) | Time:00:00.21 | Mem:2.73M, Peak:2.73M | Scene, ViewLayer | Updating Geometry BVH Layered shoulder fur.009 128/149 | Building BVH
Fra:13 Mem:27.14M (Peak 32.68M) | Time:00:00.21 | Mem:2.73M, Peak:2.73M | Scene, ViewLayer | Updating Geometry BVH Layered shoulder fur.011 130/149 | Building BVH
Fra:13 Mem:27.14M (Peak 32.68M) | Time:00:00.21 | Mem:2.73M, Peak:2.73M | Scene, ViewLayer | Updating Geometry BVH Layered shoulder fur.011 130/149 | Building mesh BLAS |      44 tris | Layered shoulder fur.009
Fra:13 Mem:27.14M (Peak 32.68M) | Time:00:00.21 | Mem:2.73M, Peak:2.73M | Scene, ViewLayer | Updating Geometry BVH Layered shoulder fur.011 130/149 | Building mesh BLAS |      44 tris | Layered shoulder fur.011
Fra:13 Mem:27.14M (Peak 32.68M) | Time:00:00.21 | Mem:2.74M, Peak:2.74M | Scene, ViewLayer | Updating Geometry BVH Layered shoulder fur.011 130/149 | Building mesh BLAS |      44 tris | Layered shoulder fur.010
Fra:13 Mem:27.14M (Peak 32.68M) | Time:00:00.21 | Mem:2.74M, Peak:2.74M | Scene, ViewLayer | Updating Geometry BVH Wrist fur.009 131/149 | Building BVH
Fra:13 Mem:27.14M (Peak 32.68M) | Time:00:00.21 | Mem:2.74M, Peak:2.74M | Scene, ViewLayer | Updating Geometry BVH Wrist fur.009 131/149 | Building mesh BLAS |      44 tris | Wrist fur.009
Fra:13 Mem:27.14M (Peak 32.68M) | Time:00:00.21 | Mem:2.74M, Peak:2.74M | Scene, ViewLayer | Updating Geometry BVH Wrist fur.009 131/149 | Building mesh BLAS |      44 tris | Wrist fur.010
Fra:13 Mem:27.14M (Peak 32.68M) | Time:00:00.21 | Mem:2.76M, Peak:2.76M | Scene, ViewLayer | Updating Scene BVH | Building
Fra:13 Mem:27.15M (Peak 32.68M) | Time:00:00.22 | Mem:2.91M, Peak:2.91M | Scene, ViewLayer | Updating Scene BVH | Building TLAS      |     149 instances
Fra:13 Mem:27.15M (Peak 32.68M) | Time:00:00.23 | Mem:2.96M, Peak:2.96M | Scene, ViewLayer | Updating Scene BVH | Copying BVH to device
Fra:13 Mem:27.15M (Peak 32.68M) | Time:00:00.23 | Mem:2.96M, Peak:2.96M | Scene, ViewLayer | Updating Mesh | Computing normals
Fra:13 Mem:27.77M (Peak 32.68M) | Time:00:00.23 | Mem:2.96M, Peak:2.96M | Scene, ViewLayer | Updating Mesh | Copying Mesh to device
Fra:13 Mem:27.15M (Peak 32.68M) | Time:00:00.23 | Mem:3.60M, Peak:3.60M | Scene, ViewLayer | Updating Objects Flags
Fra:13 Mem:27.15M (Peak 32.68M) | Time:00:00.23 | Mem:3.60M, Peak:3.60M | Scene, ViewLayer | Updating Primitive Offsets
Fra:13 Mem:27.15M (Peak 32.68M) | Time:00:00.23 | Mem:3.60M, Peak:3.60M | Scene, ViewLayer | Updating Images
Fra:13 Mem:27.15M (Peak 32.68M) | Time:00:00.23 | Mem:3.60M, Peak:3.60M | Scene, ViewLayer | Updating Camera Volume
Fra:13 Mem:27.15M (Peak 32.68M) | Time:00:00.23 | Mem:3.60M, Peak:3.60M | Scene, ViewLayer | Updating Lookup Tables
Fra:13 Mem:27.07M (Peak 32.68M) | Time:00:00.23 | Mem:3.69M, Peak:3.69M | Scene, ViewLayer | Updating Lights
Fra:13 Mem:27.07M (Peak 32.68M) | Time:00:00.23 | Mem:3.69M, Peak:3.69M | Scene, ViewLayer | Updating Lights | Computing tree
Fra:13 Mem:27.07M (Peak 32.68M) | Time:00:00.23 | Mem:3.69M, Peak:3.69M | Scene, ViewLayer | Updating Integrator
Fra:13 Mem:27.07M (Peak 32.68M) | Time:00:00.23 | Mem:3.69M, Peak:3.69M | Scene, ViewLayer | Updating Film
Fra:13 Mem:27.15M (Peak 32.68M) | Time:00:00.23 | Mem:3.60M, Peak:3.69M | Scene, ViewLayer | Updating Lookup Tables
Fra:13 Mem:27.07M (Peak 32.68M) | Time:00:00.23 | Mem:3.69M, Peak:3.69M | Scene, ViewLayer | Updating Baking
Fra:13 Mem:27.07M (Peak 32.68M) | Time:00:00.23 | Mem:3.69M, Peak:3.69M | Scene, ViewLayer | Updating Device | Writing constant memory
Fra:13 Mem:27.07M (Peak 32.68M) | Time:00:00.25 | Mem:3.69M, Peak:3.69M | Scene, ViewLayer | Loading denoising kernels (may take a few minutes the first time)
Fra:13 Mem:27.07M (Peak 59.07M) | Time:00:00.26 | Mem:2819.70M, Peak:2819.70M | Scene, ViewLayer | Sample 0/12 (Using optimized kernels)
Fra:13 Mem:27.06M (Peak 62.58M) | Time:00:00.42 | Remaining:00:01.81 | Mem:2855.25M, Peak:2855.25M | Scene, ViewLayer | Sample 1/12 (Using optimized kernels)
Fra:13 Mem:42.02M (Peak 64.45M) | Time:00:03.84 | Mem:2855.25M, Peak:2855.25M | Scene, ViewLayer | Sample 12/12 (Using optimized kernels)
Fra:13 Mem:42.02M (Peak 64.45M) | Time:00:03.84 | Mem:2855.25M, Peak:2855.25M | Scene, ViewLayer | Finished
Saved: '/Users/chikumatsuboi/Code/animal-racers-western/assets/source/western/qa/lion-attack-13.png'
Time: 00:03.97 (Saving: 00:00.07)

Fra:11 Mem:31.07M (Peak 31.07M) | Time:00:00.01 | Mem:0.02M, Peak:0.02M | Scene, ViewLayer | Synchronizing object | Body • continuous sculpted skin
Fra:11 Mem:31.08M (Peak 31.08M) | Time:00:00.01 | Mem:0.02M, Peak:0.02M | Scene, ViewLayer | Synchronizing object | Ivory claw.002
Fra:11 Mem:31.37M (Peak 31.37M) | Time:00:00.01 | Mem:0.02M, Peak:0.02M | Scene, ViewLayer | Synchronizing object | Paw toe.003
Fra:11 Mem:31.38M (Peak 31.38M) | Time:00:00.01 | Mem:0.02M, Peak:0.02M | Scene, ViewLayer | Synchronizing object | Ivory claw.004
Fra:11 Mem:31.41M (Peak 31.41M) | Time:00:00.01 | Mem:0.02M, Peak:0.02M | Scene, ViewLayer | Synchronizing object | Paw toe.005
Fra:11 Mem:31.43M (Peak 31.43M) | Time:00:00.01 | Mem:0.02M, Peak:0.02M | Scene, ViewLayer | Synchronizing object | Ivory claw.005
Fra:11 Mem:31.43M (Peak 31.43M) | Time:00:00.01 | Mem:0.02M, Peak:0.02M | Scene, ViewLayer | Synchronizing object | Ivory claw.006
Fra:11 Mem:31.44M (Peak 31.44M) | Time:00:00.01 | Mem:0.02M, Peak:0.02M | Scene, ViewLayer | Synchronizing object | Paw toe.007
Fra:11 Mem:31.44M (Peak 31.44M) | Time:00:00.01 | Mem:0.02M, Peak:0.02M | Scene, ViewLayer | Synchronizing object | Paw toe.008
Fra:11 Mem:31.49M (Peak 31.49M) | Time:00:00.01 | Mem:0.02M, Peak:0.02M | Scene, ViewLayer | Synchronizing object | Paw toe.009
Fra:11 Mem:31.51M (Peak 31.51M) | Time:00:00.01 | Mem:0.02M, Peak:0.02M | Scene, ViewLayer | Synchronizing object | Paw toe.010
Fra:11 Mem:31.68M (Peak 31.68M) | Time:00:00.01 | Mem:0.02M, Peak:0.02M | Scene, ViewLayer | Synchronizing object | Ivory claw.010
Fra:11 Mem:31.69M (Peak 31.69M) | Time:00:00.01 | Mem:0.02M, Peak:0.02M | Scene, ViewLayer | Synchronizing object | Ivory claw.011
Fra:11 Mem:31.70M (Peak 31.70M) | Time:00:00.01 | Mem:0.02M, Peak:0.02M | Scene, ViewLayer | Synchronizing object | Cream muzzle pad.001
Fra:11 Mem:31.70M (Peak 31.70M) | Time:00:00.01 | Mem:0.02M, Peak:0.02M | Scene, ViewLayer | Synchronizing object | Heart shaped nose
Fra:11 Mem:31.73M (Peak 31.73M) | Time:00:00.01 | Mem:0.02M, Peak:0.02M | Scene, ViewLayer | Synchronizing object | Eye socket
Fra:11 Mem:31.86M (Peak 31.86M) | Time:00:00.01 | Mem:0.02M, Peak:0.02M | Scene, ViewLayer | Synchronizing object | Ivory eye
Fra:11 Mem:31.93M (Peak 31.93M) | Time:00:00.01 | Mem:0.02M, Peak:0.02M | Scene, ViewLayer | Synchronizing object | Iris
Fra:11 Mem:31.95M (Peak 31.95M) | Time:00:00.01 | Mem:0.02M, Peak:0.02M | Scene, ViewLayer | Synchronizing object | Pupil
Fra:11 Mem:32.00M (Peak 32.00M) | Time:00:00.01 | Mem:0.02M, Peak:0.02M | Scene, ViewLayer | Synchronizing object | Eye glint
Fra:11 Mem:32.02M (Peak 32.02M) | Time:00:00.01 | Mem:0.02M, Peak:0.02M | Scene, ViewLayer | Synchronizing object | Expressive brow
Fra:11 Mem:32.04M (Peak 32.04M) | Time:00:00.01 | Mem:0.02M, Peak:0.02M | Scene, ViewLayer | Synchronizing object | Smiling mouth
Fra:11 Mem:32.05M (Peak 32.05M) | Time:00:00.01 | Mem:0.02M, Peak:0.02M | Scene, ViewLayer | Synchronizing object | Whisker pore.001
Fra:11 Mem:32.12M (Peak 32.12M) | Time:00:00.01 | Mem:0.02M, Peak:0.02M | Scene, ViewLayer | Synchronizing object | Whisker pore.002
Fra:11 Mem:32.19M (Peak 32.19M) | Time:00:00.01 | Mem:0.02M, Peak:0.02M | Scene, ViewLayer | Synchronizing object | Eye socket.001
Fra:11 Mem:32.15M (Peak 32.19M) | Time:00:00.01 | Mem:0.02M, Peak:0.02M | Scene, ViewLayer | Synchronizing object | Iris.001
Fra:11 Mem:32.23M (Peak 32.23M) | Time:00:00.01 | Mem:0.02M, Peak:0.02M | Scene, ViewLayer | Synchronizing object | Pupil.001
Fra:11 Mem:32.30M (Peak 32.30M) | Time:00:00.01 | Mem:0.02M, Peak:0.02M | Scene, ViewLayer | Synchronizing object | Eye glint.001
Fra:11 Mem:32.33M (Peak 32.33M) | Time:00:00.01 | Mem:0.02M, Peak:0.02M | Scene, ViewLayer | Synchronizing object | Smiling mouth.001
Fra:11 Mem:32.34M (Peak 32.34M) | Time:00:00.01 | Mem:0.02M, Peak:0.02M | Scene, ViewLayer | Synchronizing object | Whisker pore.003
Fra:11 Mem:32.36M (Peak 32.36M) | Time:00:00.01 | Mem:0.02M, Peak:0.02M | Scene, ViewLayer | Synchronizing object | Whisker pore.005
Fra:11 Mem:32.36M (Peak 32.36M) | Time:00:00.01 | Mem:0.02M, Peak:0.02M | Scene, ViewLayer | Synchronizing object | Lower canine
Fra:11 Mem:32.37M (Peak 32.37M) | Time:00:00.01 | Mem:0.02M, Peak:0.02M | Scene, ViewLayer | Synchronizing object | Lower canine.001
Fra:11 Mem:32.38M (Peak 32.38M) | Time:00:00.01 | Mem:0.02M, Peak:0.02M | Scene, ViewLayer | Synchronizing object | Rounded lion ear
Fra:11 Mem:32.38M (Peak 32.38M) | Time:00:00.01 | Mem:0.02M, Peak:0.02M | Scene, ViewLayer | Synchronizing object | Inner lion ear
Fra:11 Mem:32.43M (Peak 32.43M) | Time:00:00.01 | Mem:0.02M, Peak:0.02M | Scene, ViewLayer | Synchronizing object | Rounded lion ear.001
Fra:11 Mem:32.48M (Peak 32.48M) | Time:00:00.01 | Mem:0.02M, Peak:0.02M | Scene, ViewLayer | Synchronizing object | Inner lion ear.001
Fra:11 Mem:32.50M (Peak 32.50M) | Time:00:00.01 | Mem:0.02M, Peak:0.02M | Scene, ViewLayer | Synchronizing object | Sculpted mane lock
Fra:11 Mem:32.53M (Peak 32.53M) | Time:00:00.01 | Mem:0.02M, Peak:0.02M | Scene, ViewLayer | Synchronizing object | Sculpted mane lock.002
Fra:11 Mem:32.55M (Peak 32.55M) | Time:00:00.01 | Mem:0.02M, Peak:0.02M | Scene, ViewLayer | Synchronizing object | Warm rim
Fra:11 Mem:32.57M (Peak 32.57M) | Time:00:00.01 | Mem:0.02M, Peak:0.02M | Scene, ViewLayer | Synchronizing object | Sculpted mane lock.004
Fra:11 Mem:32.59M (Peak 32.59M) | Time:00:00.01 | Mem:0.02M, Peak:0.02M | Scene, ViewLayer | Synchronizing object | Sculpted mane lock.005
Fra:11 Mem:32.58M (Peak 32.59M) | Time:00:00.01 | Mem:0.02M, Peak:0.02M | Scene, ViewLayer | Synchronizing object | Sculpted mane lock.006
Fra:11 Mem:32.58M (Peak 32.59M) | Time:00:00.01 | Mem:0.02M, Peak:0.02M | Scene, ViewLayer | Synchronizing object | Sculpted mane lock.007
Fra:11 Mem:32.59M (Peak 32.59M) | Time:00:00.01 | Mem:0.02M, Peak:0.02M | Scene, ViewLayer | Synchronizing object | Sculpted mane lock.008
Fra:11 Mem:32.59M (Peak 32.59M) | Time:00:00.01 | Mem:0.02M, Peak:0.02M | Scene, ViewLayer | Synchronizing object | Sky fill
Fra:11 Mem:32.59M (Peak 32.59M) | Time:00:00.01 | Mem:0.02M, Peak:0.02M | Scene, ViewLayer | Synchronizing object | Sunset key
Fra:11 Mem:32.59M (Peak 32.59M) | Time:00:00.01 | Mem:0.02M, Peak:0.02M | Scene, ViewLayer | Synchronizing object | Plane
Fra:11 Mem:32.59M (Peak 32.59M) | Time:00:00.01 | Mem:0.02M, Peak:0.02M | Scene, ViewLayer | Synchronizing object | Raised elemental crest
Fra:11 Mem:32.60M (Peak 32.60M) | Time:00:00.01 | Mem:0.02M, Peak:0.02M | Scene, ViewLayer | Synchronizing object | Sculpted mane lock.011
Fra:11 Mem:32.61M (Peak 32.61M) | Time:00:00.01 | Mem:0.02M, Peak:0.02M | Scene, ViewLayer | Synchronizing object | Brass crest clasp
Fra:11 Mem:32.61M (Peak 32.61M) | Time:00:00.01 | Mem:0.02M, Peak:0.02M | Scene, ViewLayer | Synchronizing object | Sculpted mane lock.013
Fra:11 Mem:32.62M (Peak 32.62M) | Time:00:00.01 | Mem:0.02M, Peak:0.02M | Scene, ViewLayer | Synchronizing object | Sculpted mane lock.014
Fra:11 Mem:32.65M (Peak 32.65M) | Time:00:00.01 | Mem:0.02M, Peak:0.02M | Scene, ViewLayer | Synchronizing object | Sculpted mane lock.015
Fra:11 Mem:32.66M (Peak 32.66M) | Time:00:00.01 | Mem:0.02M, Peak:0.02M | Scene, ViewLayer | Synchronizing object | Sculpted mane lock.017
Fra:11 Mem:32.67M (Peak 32.67M) | Time:00:00.01 | Mem:0.02M, Peak:0.02M | Scene, ViewLayer | Synchronizing object | Sculpted mane lock.018
Fra:11 Mem:32.67M (Peak 32.67M) | Time:00:00.01 | Mem:0.02M, Peak:0.02M | Scene, ViewLayer | Synchronizing object | Sculpted mane lock.021
Fra:11 Mem:32.69M (Peak 32.69M) | Time:00:00.01 | Mem:0.02M, Peak:0.02M | Scene, ViewLayer | Synchronizing object | Neckerchief folded point
Fra:11 Mem:32.70M (Peak 32.70M) | Time:00:00.01 | Mem:0.02M, Peak:0.02M | Scene, ViewLayer | Synchronizing object | Leather neckerchief roll
Fra:11 Mem:32.71M (Peak 32.71M) | Time:00:00.01 | Mem:0.02M, Peak:0.02M | Scene, ViewLayer | Synchronizing object | Sculpted mane lock.023
Fra:11 Mem:32.71M (Peak 32.71M) | Time:00:00.01 | Mem:0.02M, Peak:0.02M | Scene, ViewLayer | Synchronizing object | Sculpted mane lock.024
Fra:11 Mem:32.72M (Peak 32.72M) | Time:00:00.01 | Mem:0.02M, Peak:0.02M | Scene, ViewLayer | Synchronizing object | Flame tail tuft.006
Fra:11 Mem:32.72M (Peak 32.72M) | Time:00:00.01 | Mem:0.02M, Peak:0.02M | Scene, ViewLayer | Synchronizing object | Sculpted mane lock.026
Fra:11 Mem:32.74M (Peak 32.74M) | Time:00:00.01 | Mem:0.02M, Peak:0.02M | Scene, ViewLayer | Synchronizing object | Sculpted mane lock.027
Fra:11 Mem:32.74M (Peak 32.74M) | Time:00:00.01 | Mem:0.02M, Peak:0.02M | Scene, ViewLayer | Synchronizing object | Sculpted mane lock.028
Fra:11 Mem:32.75M (Peak 32.75M) | Time:00:00.01 | Mem:0.02M, Peak:0.02M | Scene, ViewLayer | Synchronizing object | Sculpted mane lock.029
Fra:11 Mem:32.76M (Peak 32.76M) | Time:00:00.01 | Mem:0.02M, Peak:0.02M | Scene, ViewLayer | Synchronizing object | Sculpted mane lock.031
Fra:11 Mem:32.78M (Peak 32.78M) | Time:00:00.01 | Mem:0.02M, Peak:0.02M | Scene, ViewLayer | Synchronizing object | Sculpted mane lock.032
Fra:11 Mem:32.77M (Peak 32.78M) | Time:00:00.01 | Mem:0.02M, Peak:0.02M | Scene, ViewLayer | Synchronizing object | Flame tail tuft.005
Fra:11 Mem:32.77M (Peak 32.78M) | Time:00:00.01 | Mem:0.02M, Peak:0.02M | Scene, ViewLayer | Synchronizing object | Sculpted mane lock.035
Fra:11 Mem:32.78M (Peak 32.78M) | Time:00:00.01 | Mem:0.02M, Peak:0.02M | Scene, ViewLayer | Synchronizing object | Flame tail tuft.004
Fra:11 Mem:32.79M (Peak 32.79M) | Time:00:00.01 | Mem:0.02M, Peak:0.02M | Scene, ViewLayer | Synchronizing object | Sculpted mane lock.036
Fra:11 Mem:32.79M (Peak 32.79M) | Time:00:00.01 | Mem:0.02M, Peak:0.02M | Scene, ViewLayer | Synchronizing object | Sculpted mane lock.037
Fra:11 Mem:32.80M (Peak 32.80M) | Time:00:00.01 | Mem:0.02M, Peak:0.02M | Scene, ViewLayer | Synchronizing object | Sculpted mane lock.038
Fra:11 Mem:32.80M (Peak 32.80M) | Time:00:00.01 | Mem:0.02M, Peak:0.02M | Scene, ViewLayer | Synchronizing object | Sculpted mane lock.040
Fra:11 Mem:32.81M (Peak 32.81M) | Time:00:00.01 | Mem:0.02M, Peak:0.02M | Scene, ViewLayer | Synchronizing object | Sculpted mane lock.041
Fra:11 Mem:32.82M (Peak 32.82M) | Time:00:00.01 | Mem:0.02M, Peak:0.02M | Scene, ViewLayer | Synchronizing object | Sculpted mane lock.042
Fra:11 Mem:32.83M (Peak 32.83M) | Time:00:00.01 | Mem:0.02M, Peak:0.02M | Scene, ViewLayer | Synchronizing object | Sculpted mane lock.043
Fra:11 Mem:32.83M (Peak 32.83M) | Time:00:00.01 | Mem:0.02M, Peak:0.02M | Scene, ViewLayer | Synchronizing object | Sculpted mane lock.045
Fra:11 Mem:32.83M (Peak 32.83M) | Time:00:00.01 | Mem:0.02M, Peak:0.02M | Scene, ViewLayer | Synchronizing object | Sculpted mane lock.046
Fra:11 Mem:32.84M (Peak 32.84M) | Time:00:00.01 | Mem:0.02M, Peak:0.02M | Scene, ViewLayer | Synchronizing object | Sculpted mane lock.047
Fra:11 Mem:32.84M (Peak 32.84M) | Time:00:00.01 | Mem:0.02M, Peak:0.02M | Scene, ViewLayer | Synchronizing object | Sculpted mane lock.048
Fra:11 Mem:32.85M (Peak 32.85M) | Time:00:00.01 | Mem:0.02M, Peak:0.02M | Scene, ViewLayer | Synchronizing object | Sculpted mane lock.049
Fra:11 Mem:32.86M (Peak 32.86M) | Time:00:00.01 | Mem:0.02M, Peak:0.02M | Scene, ViewLayer | Synchronizing object | Sculpted mane lock.050
Fra:11 Mem:32.86M (Peak 32.86M) | Time:00:00.01 | Mem:0.02M, Peak:0.02M | Scene, ViewLayer | Synchronizing object | Layered shoulder fur
Fra:11 Mem:32.87M (Peak 32.87M) | Time:00:00.01 | Mem:0.02M, Peak:0.02M | Scene, ViewLayer | Synchronizing object | Layered shoulder fur.001
Fra:11 Mem:32.87M (Peak 32.87M) | Time:00:00.01 | Mem:0.02M, Peak:0.02M | Scene, ViewLayer | Synchronizing object | Wrist fur
Fra:11 Mem:32.87M (Peak 32.87M) | Time:00:00.01 | Mem:0.02M, Peak:0.02M | Scene, ViewLayer | Synchronizing object | Flame tail tuft.002
Fra:11 Mem:32.88M (Peak 32.88M) | Time:00:00.01 | Mem:0.02M, Peak:0.02M | Scene, ViewLayer | Synchronizing object | Wrist fur.001
Fra:11 Mem:32.88M (Peak 32.88M) | Time:00:00.01 | Mem:0.02M, Peak:0.02M | Scene, ViewLayer | Synchronizing object | Flame tail tuft.001
Fra:11 Mem:32.90M (Peak 32.90M) | Time:00:00.01 | Mem:0.02M, Peak:0.02M | Scene, ViewLayer | Synchronizing object | Wrist fur.002
Fra:11 Mem:32.90M (Peak 32.90M) | Time:00:00.01 | Mem:0.02M, Peak:0.02M | Scene, ViewLayer | Synchronizing object | Flame tail tuft
Fra:11 Mem:32.90M (Peak 32.90M) | Time:00:00.01 | Mem:0.02M, Peak:0.02M | Scene, ViewLayer | Synchronizing object | Articulated tail
Fra:11 Mem:32.93M (Peak 32.93M) | Time:00:00.01 | Mem:0.02M, Peak:0.02M | Scene, ViewLayer | Synchronizing object | Layered shoulder fur.005
Fra:11 Mem:32.93M (Peak 32.93M) | Time:00:00.01 | Mem:0.02M, Peak:0.02M | Scene, ViewLayer | Synchronizing object | Wrist fur.011
Fra:11 Mem:32.94M (Peak 32.94M) | Time:00:00.01 | Mem:0.02M, Peak:0.02M | Scene, ViewLayer | Synchronizing object | Wrist fur.004
Fra:11 Mem:32.94M (Peak 32.94M) | Time:00:00.01 | Mem:0.02M, Peak:0.02M | Scene, ViewLayer | Synchronizing object | Wrist fur.005
Fra:11 Mem:32.95M (Peak 32.95M) | Time:00:00.01 | Mem:0.02M, Peak:0.02M | Scene, ViewLayer | Synchronizing object | Layered shoulder fur.006
Fra:11 Mem:32.96M (Peak 32.96M) | Time:00:00.01 | Mem:0.02M, Peak:0.02M | Scene, ViewLayer | Synchronizing object | Layered shoulder fur.007
Fra:11 Mem:32.96M (Peak 32.96M) | Time:00:00.01 | Mem:0.02M, Peak:0.02M | Scene, ViewLayer | Synchronizing object | Layered shoulder fur.008
Fra:11 Mem:32.96M (Peak 32.96M) | Time:00:00.01 | Mem:0.02M, Peak:0.02M | Scene, ViewLayer | Synchronizing object | Wrist fur.007
Fra:11 Mem:32.97M (Peak 32.97M) | Time:00:00.01 | Mem:0.02M, Peak:0.02M | Scene, ViewLayer | Synchronizing object | Wrist fur.008
Fra:11 Mem:32.97M (Peak 32.97M) | Time:00:00.01 | Mem:0.02M, Peak:0.02M | Scene, ViewLayer | Synchronizing object | Layered shoulder fur.009
Fra:11 Mem:32.98M (Peak 32.98M) | Time:00:00.01 | Mem:0.02M, Peak:0.02M | Scene, ViewLayer | Synchronizing object | Layered shoulder fur.011
Fra:11 Mem:32.99M (Peak 32.99M) | Time:00:00.01 | Mem:0.02M, Peak:0.02M | Scene, ViewLayer | Synchronizing object | Wrist fur.009
Fra:11 Mem:33.01M (Peak 33.01M) | Time:00:00.01 | Mem:0.02M, Peak:0.02M | Scene, ViewLayer | Initializing
Fra:11 Mem:30.82M (Peak 33.01M) | Time:00:00.01 | Mem:0.02M, Peak:0.02M | Scene, ViewLayer | Updating Images | Loading Authored short-fur normal
Fra:11 Mem:26.20M (Peak 33.01M) | Time:00:00.02 | Mem:0.27M, Peak:0.27M | Scene, ViewLayer | Waiting for render to start
Fra:11 Mem:26.20M (Peak 33.01M) | Time:00:00.02 | Mem:0.27M, Peak:0.27M | Scene, ViewLayer | Updating Scene
Fra:11 Mem:26.20M (Peak 33.01M) | Time:00:00.02 | Mem:0.27M, Peak:0.27M | Scene, ViewLayer | Updating Shaders
Fra:11 Mem:26.20M (Peak 33.01M) | Time:00:00.02 | Mem:0.27M, Peak:0.27M | Scene, ViewLayer | Loading render kernels (may take a few minutes the first time)
Fra:11 Mem:26.28M (Peak 33.01M) | Time:00:00.08 | Mem:0.28M, Peak:0.28M | Scene, ViewLayer | Updating Procedurals
Fra:11 Mem:26.28M (Peak 33.01M) | Time:00:00.08 | Mem:0.28M, Peak:0.28M | Scene, ViewLayer | Updating Background
Fra:11 Mem:26.28M (Peak 33.01M) | Time:00:00.08 | Mem:0.28M, Peak:0.28M | Scene, ViewLayer | Updating Camera
Fra:11 Mem:26.28M (Peak 33.01M) | Time:00:00.08 | Mem:0.28M, Peak:0.28M | Scene, ViewLayer | Updating Meshes Flags
Fra:11 Mem:26.28M (Peak 33.01M) | Time:00:00.08 | Mem:0.28M, Peak:0.28M | Scene, ViewLayer | Updating Objects
Fra:11 Mem:26.28M (Peak 33.01M) | Time:00:00.08 | Mem:0.28M, Peak:0.28M | Scene, ViewLayer | Updating Objects | Copying Transformations to device
Fra:11 Mem:26.29M (Peak 33.01M) | Time:00:00.08 | Mem:0.33M, Peak:0.33M | Scene, ViewLayer | Updating Particle Systems
Fra:11 Mem:26.29M (Peak 33.01M) | Time:00:00.08 | Mem:0.33M, Peak:0.33M | Scene, ViewLayer | Updating Particle Systems | Copying Particles to device
Fra:11 Mem:26.29M (Peak 33.01M) | Time:00:00.08 | Mem:0.33M, Peak:0.33M | Scene, ViewLayer | Updating Meshes
Fra:11 Mem:27.31M (Peak 33.01M) | Time:00:00.10 | Mem:0.33M, Peak:0.33M | Scene, ViewLayer | Updating Objects | Applying Static Transformations
Fra:11 Mem:27.31M (Peak 33.01M) | Time:00:00.10 | Mem:0.33M, Peak:0.33M | Scene, ViewLayer | Updating Mesh | Computing attributes
Fra:11 Mem:28.73M (Peak 33.01M) | Time:00:00.10 | Mem:0.36M, Peak:0.36M | Scene, ViewLayer | Updating Mesh | Copying Attributes to device
Fra:11 Mem:27.31M (Peak 33.01M) | Time:00:00.23 | Mem:1.81M, Peak:1.81M | Scene, ViewLayer | Updating Geometry BVH Ivory claw 4/149 | Building BVH
Fra:11 Mem:27.31M (Peak 33.01M) | Time:00:00.23 | Mem:1.81M, Peak:1.81M | Scene, ViewLayer | Updating Geometry BVH Paw toe.002 7/149 | Building BVH
Fra:11 Mem:27.31M (Peak 33.01M) | Time:00:00.23 | Mem:1.81M, Peak:1.81M | Scene, ViewLayer | Updating Geometry BVH Paw toe.002 7/149 | Building mesh BLAS |      32 tris | Ivory claw
Fra:11 Mem:27.31M (Peak 33.01M) | Time:00:00.23 | Mem:1.81M, Peak:1.81M | Scene, ViewLayer | Updating Geometry BVH Warm rim 149/149 | Building BVH
Fra:11 Mem:27.31M (Peak 33.01M) | Time:00:00.23 | Mem:1.81M, Peak:1.81M | Scene, ViewLayer | Updating Geometry BVH Warm rim 149/149 | Building mesh BLAS |     192 tris | Paw toe.001
Fra:11 Mem:27.31M (Peak 33.01M) | Time:00:00.23 | Mem:1.81M, Peak:1.81M | Scene, ViewLayer | Updating Geometry BVH Warm rim 149/149 | Building mesh BLAS |      32 tris | Ivory claw.001
Fra:11 Mem:27.31M (Peak 33.01M) | Time:00:00.23 | Mem:1.81M, Peak:1.81M | Scene, ViewLayer | Updating Geometry BVH Sky fill 148/149 | Building BVH
Fra:11 Mem:27.31M (Peak 33.01M) | Time:00:00.23 | Mem:1.81M, Peak:1.81M | Scene, ViewLayer | Updating Geometry BVH Paw toe.003 9/149 | Building BVH
Fra:11 Mem:27.31M (Peak 33.01M) | Time:00:00.23 | Mem:1.81M, Peak:1.81M | Scene, ViewLayer | Updating Geometry BVH Paw toe.003 9/149 | Building mesh BLAS |      32 tris | Ivory claw.002
Fra:11 Mem:27.31M (Peak 33.01M) | Time:00:00.23 | Mem:1.81M, Peak:1.81M | Scene, ViewLayer | Updating Geometry BVH Sunset key 147/149 | Building BVH
Fra:11 Mem:27.31M (Peak 33.01M) | Time:00:00.23 | Mem:1.81M, Peak:1.81M | Scene, ViewLayer | Updating Geometry BVH Sunset key 147/149 | Building mesh BLAS |    4170 tris | ribcage
Fra:11 Mem:27.31M (Peak 33.01M) | Time:00:00.23 | Mem:1.81M, Peak:1.81M | Scene, ViewLayer | Updating Geometry BVH Ivory claw.003 10/149 | Building BVH
Fra:11 Mem:27.31M (Peak 33.01M) | Time:00:00.23 | Mem:1.81M, Peak:1.81M | Scene, ViewLayer | Updating Geometry BVH Plane 146/149 | Building BVH
Fra:11 Mem:27.31M (Peak 33.01M) | Time:00:00.23 | Mem:1.81M, Peak:1.81M | Scene, ViewLayer | Updating Geometry BVH Plane 146/149 | Building mesh BLAS |     192 tris | Paw toe.002
Fra:11 Mem:27.31M (Peak 33.01M) | Time:00:00.23 | Mem:1.81M, Peak:1.81M | Scene, ViewLayer | Updating Geometry BVH Paw toe.004 11/149 | Building BVH
Fra:11 Mem:27.31M (Peak 33.01M) | Time:00:00.23 | Mem:1.81M, Peak:1.81M | Scene, ViewLayer | Updating Geometry BVH Paw toe.004 11/149 | Building mesh BLAS |       2 tris | Plane
Fra:11 Mem:27.31M (Peak 33.01M) | Time:00:00.23 | Mem:1.81M, Peak:1.81M | Scene, ViewLayer | Updating Geometry BVH Paw toe.004 11/149 | Building mesh BLAS |     192 tris | Paw toe.003
Fra:11 Mem:27.31M (Peak 33.01M) | Time:00:00.23 | Mem:1.81M, Peak:1.81M | Scene, ViewLayer | Updating Geometry BVH Paw toe.004 11/149 | Building mesh BLAS |     192 tris | Paw toe.004
Fra:11 Mem:27.31M (Peak 33.01M) | Time:00:00.23 | Mem:1.81M, Peak:1.81M | Scene, ViewLayer | Updating Geometry BVH Ivory claw.004 12/149 | Building BVH
Fra:11 Mem:27.31M (Peak 33.01M) | Time:00:00.23 | Mem:1.81M, Peak:1.81M | Scene, ViewLayer | Updating Geometry BVH Ivory claw.004 12/149 | Building mesh BLAS |      32 tris | Ivory claw.004
Fra:11 Mem:27.31M (Peak 33.01M) | Time:00:00.23 | Mem:1.81M, Peak:1.81M | Scene, ViewLayer | Updating Geometry BVH Paw toe.005 13/149 | Building BVH
Fra:11 Mem:27.31M (Peak 33.01M) | Time:00:00.23 | Mem:1.81M, Peak:1.81M | Scene, ViewLayer | Updating Geometry BVH Paw toe.005 13/149 | Building mesh BLAS |     192 tris | Paw toe.005
Fra:11 Mem:27.31M (Peak 33.01M) | Time:00:00.23 | Mem:1.81M, Peak:1.81M | Scene, ViewLayer | Updating Geometry BVH Ivory claw.005 14/149 | Building BVH
Fra:11 Mem:27.31M (Peak 33.01M) | Time:00:00.23 | Mem:1.81M, Peak:1.81M | Scene, ViewLayer | Updating Geometry BVH Ivory claw.005 14/149 | Building mesh BLAS |      32 tris | Ivory claw.005
Fra:11 Mem:27.31M (Peak 33.01M) | Time:00:00.23 | Mem:1.81M, Peak:1.81M | Scene, ViewLayer | Updating Geometry BVH Paw toe.006 15/149 | Building BVH
Fra:11 Mem:27.31M (Peak 33.01M) | Time:00:00.23 | Mem:1.81M, Peak:1.81M | Scene, ViewLayer | Updating Geometry BVH Ivory claw.006 16/149 | Building BVH
Fra:11 Mem:27.31M (Peak 33.01M) | Time:00:00.23 | Mem:1.81M, Peak:1.81M | Scene, ViewLayer | Updating Geometry BVH Ivory claw.006 16/149 | Building mesh BLAS |      32 tris | Ivory claw.006
Fra:11 Mem:27.31M (Peak 33.01M) | Time:00:00.23 | Mem:1.81M, Peak:1.81M | Scene, ViewLayer | Updating Geometry BVH Paw toe.007 17/149 | Building BVH
Fra:11 Mem:27.31M (Peak 33.01M) | Time:00:00.23 | Mem:1.81M, Peak:1.81M | Scene, ViewLayer | Updating Geometry BVH Paw toe.007 17/149 | Building mesh BLAS |     192 tris | Paw toe.007
Fra:11 Mem:27.31M (Peak 33.01M) | Time:00:00.23 | Mem:1.81M, Peak:1.81M | Scene, ViewLayer | Updating Geometry BVH Ivory claw.007 18/149 | Building BVH
Fra:11 Mem:27.31M (Peak 33.01M) | Time:00:00.23 | Mem:1.81M, Peak:1.81M | Scene, ViewLayer | Updating Geometry BVH Ivory claw.007 18/149 | Building mesh BLAS |      32 tris | Ivory claw.007
Fra:11 Mem:27.31M (Peak 33.01M) | Time:00:00.23 | Mem:1.81M, Peak:1.81M | Scene, ViewLayer | Updating Geometry BVH Paw toe.008 19/149 | Building BVH
Fra:11 Mem:27.31M (Peak 33.01M) | Time:00:00.23 | Mem:1.81M, Peak:1.81M | Scene, ViewLayer | Updating Geometry BVH Raised elemental crest 145/149 | Building BVH
Fra:11 Mem:27.31M (Peak 33.01M) | Time:00:00.23 | Mem:1.81M, Peak:1.81M | Scene, ViewLayer | Updating Geometry BVH Raised elemental crest 145/149 | Building mesh BLAS |      36 tris | Raised elemental crest
Fra:11 Mem:27.31M (Peak 33.01M) | Time:00:00.23 | Mem:1.81M, Peak:1.81M | Scene, ViewLayer | Updating Geometry BVH Ivory claw.008 20/149 | Building BVH
Fra:11 Mem:27.31M (Peak 33.01M) | Time:00:00.23 | Mem:1.81M, Peak:1.81M | Scene, ViewLayer | Updating Geometry BVH Ivory claw.008 20/149 | Building mesh BLAS |      32 tris | Ivory claw.008
Fra:11 Mem:27.31M (Peak 33.01M) | Time:00:00.23 | Mem:1.81M, Peak:1.81M | Scene, ViewLayer | Updating Geometry BVH Ivory claw.009 22/149 | Building BVH
Fra:11 Mem:27.31M (Peak 33.01M) | Time:00:00.23 | Mem:1.81M, Peak:1.81M | Scene, ViewLayer | Updating Geometry BVH Ivory claw.009 22/149 | Building mesh BLAS |      32 tris | Ivory claw.009
Fra:11 Mem:27.31M (Peak 33.01M) | Time:00:00.23 | Mem:1.81M, Peak:1.81M | Scene, ViewLayer | Updating Geometry BVH Paw toe.010 23/149 | Building BVH
Fra:11 Mem:27.31M (Peak 33.01M) | Time:00:00.23 | Mem:1.81M, Peak:1.81M | Scene, ViewLayer | Updating Geometry BVH Paw toe.010 23/149 | Building mesh BLAS |     192 tris | Paw toe.009
Fra:11 Mem:27.31M (Peak 33.01M) | Time:00:00.23 | Mem:1.81M, Peak:1.81M | Scene, ViewLayer | Updating Geometry BVH Paw toe.010 23/149 | Building mesh BLAS |     192 tris | Paw toe.010
Fra:11 Mem:27.31M (Peak 33.01M) | Time:00:00.23 | Mem:1.81M, Peak:1.81M | Scene, ViewLayer | Updating Geometry BVH Ivory claw.010 24/149 | Building BVH
Fra:11 Mem:27.31M (Peak 33.01M) | Time:00:00.23 | Mem:1.81M, Peak:1.81M | Scene, ViewLayer | Updating Geometry BVH Ivory claw.010 24/149 | Building mesh BLAS |      32 tris | Ivory claw.010
Fra:11 Mem:27.31M (Peak 33.01M) | Time:00:00.23 | Mem:1.81M, Peak:1.81M | Scene, ViewLayer | Updating Geometry BVH Brass crest clasp 144/149 | Building BVH
Fra:11 Mem:27.31M (Peak 33.01M) | Time:00:00.23 | Mem:1.81M, Peak:1.81M | Scene, ViewLayer | Updating Geometry BVH Brass crest clasp 144/149 | Building mesh BLAS |     320 tris | Brass crest clasp
Fra:11 Mem:27.31M (Peak 33.01M) | Time:00:00.23 | Mem:1.81M, Peak:1.81M | Scene, ViewLayer | Updating Geometry BVH Paw toe.011 25/149 | Building BVH
Fra:11 Mem:27.31M (Peak 33.01M) | Time:00:00.23 | Mem:1.81M, Peak:1.81M | Scene, ViewLayer | Updating Geometry BVH Paw toe.011 25/149 | Building mesh BLAS |     192 tris | Paw toe.011
Fra:11 Mem:27.31M (Peak 33.01M) | Time:00:00.23 | Mem:1.81M, Peak:1.81M | Scene, ViewLayer | Updating Geometry BVH Ivory claw.011 26/149 | Building BVH
Fra:11 Mem:27.31M (Peak 33.01M) | Time:00:00.23 | Mem:1.81M, Peak:1.81M | Scene, ViewLayer | Updating Geometry BVH Ivory claw.011 26/149 | Building mesh BLAS |      32 tris | Ivory claw.011
Fra:11 Mem:27.31M (Peak 33.01M) | Time:00:00.23 | Mem:1.81M, Peak:1.81M | Scene, ViewLayer | Updating Geometry BVH Skull 27/149 | Building BVH
Fra:11 Mem:27.31M (Peak 33.01M) | Time:00:00.23 | Mem:1.81M, Peak:1.81M | Scene, ViewLayer | Updating Geometry BVH Cream muzzle pad.001 29/149 | Building BVH
Fra:11 Mem:27.31M (Peak 33.01M) | Time:00:00.23 | Mem:1.81M, Peak:1.81M | Scene, ViewLayer | Updating Geometry BVH Cream muzzle pad.001 29/149 | Building mesh BLAS |    2832 tris | Skull
Fra:11 Mem:27.31M (Peak 33.01M) | Time:00:00.23 | Mem:1.81M, Peak:1.81M | Scene, ViewLayer | Updating Geometry BVH Heart shaped nose 30/149 | Building BVH
Fra:11 Mem:27.31M (Peak 33.01M) | Time:00:00.23 | Mem:1.81M, Peak:1.81M | Scene, ViewLayer | Updating Geometry BVH Neckerchief folded point 143/149 | Building BVH
Fra:11 Mem:27.31M (Peak 33.01M) | Time:00:00.23 | Mem:1.81M, Peak:1.81M | Scene, ViewLayer | Updating Geometry BVH Neckerchief folded point 143/149 | Building mesh BLAS |       6 tris | Heart shaped nose
Fra:11 Mem:27.31M (Peak 33.01M) | Time:00:00.23 | Mem:1.81M, Peak:1.81M | Scene, ViewLayer | Updating Geometry BVH Ivory eye 32/149 | Building mesh BLAS |       4 tris | Neckerchief folded point
Fra:11 Mem:27.31M (Peak 33.01M) | Time:00:00.23 | Mem:1.81M, Peak:1.81M | Scene, ViewLayer | Updating Geometry BVH Iris 33/149 | Building BVH
Fra:11 Mem:27.31M (Peak 33.01M) | Time:00:00.23 | Mem:1.81M, Peak:1.81M | Scene, ViewLayer | Updating Geometry BVH Iris 33/149 | Building mesh BLAS |     480 tris | Cream muzzle pad.001
Fra:11 Mem:27.31M (Peak 33.01M) | Time:00:00.23 | Mem:1.81M, Peak:1.81M | Scene, ViewLayer | Updating Geometry BVH Pupil 34/149 | Building BVH
Fra:11 Mem:27.31M (Peak 33.01M) | Time:00:00.23 | Mem:1.81M, Peak:1.81M | Scene, ViewLayer | Updating Geometry BVH Eye glint 35/149 | Building BVH
Fra:11 Mem:27.31M (Peak 33.01M) | Time:00:00.23 | Mem:1.81M, Peak:1.81M | Scene, ViewLayer | Updating Geometry BVH Eye glint 35/149 | Building mesh BLAS |     192 tris | Eye glint
Fra:11 Mem:27.31M (Peak 33.01M) | Time:00:00.23 | Mem:1.81M, Peak:1.81M | Scene, ViewLayer | Updating Geometry BVH Expressive brow 36/149 | Building BVH
Fra:11 Mem:27.31M (Peak 33.01M) | Time:00:00.23 | Mem:1.81M, Peak:1.81M | Scene, ViewLayer | Updating Geometry BVH Expressive brow 36/149 | Building mesh BLAS |      44 tris | Expressive brow
Fra:11 Mem:27.31M (Peak 33.01M) | Time:00:00.23 | Mem:1.81M, Peak:1.81M | Scene, ViewLayer | Updating Geometry BVH Leather neckerchief roll 142/149 | Building BVH
Fra:11 Mem:27.31M (Peak 33.01M) | Time:00:00.23 | Mem:1.81M, Peak:1.81M | Scene, ViewLayer | Updating Geometry BVH Leather neckerchief roll 142/149 | Building mesh BLAS |      76 tris | Leather neckerchief roll
Fra:11 Mem:27.31M (Peak 33.01M) | Time:00:00.23 | Mem:1.81M, Peak:1.81M | Scene, ViewLayer | Updating Geometry BVH Smiling mouth 37/149 | Building BVH
Fra:11 Mem:27.31M (Peak 33.01M) | Time:00:00.23 | Mem:1.81M, Peak:1.81M | Scene, ViewLayer | Updating Geometry BVH Smiling mouth 37/149 | Building mesh BLAS |      32 tris | Smiling mouth
Fra:11 Mem:27.31M (Peak 33.01M) | Time:00:00.23 | Mem:1.81M, Peak:1.81M | Scene, ViewLayer | Updating Geometry BVH Whisker pore 38/149 | Building BVH
Fra:11 Mem:27.31M (Peak 33.01M) | Time:00:00.23 | Mem:1.81M, Peak:1.81M | Scene, ViewLayer | Updating Geometry BVH Whisker pore 38/149 | Building mesh BLAS |      64 tris | Whisker pore
Fra:11 Mem:27.31M (Peak 33.01M) | Time:00:00.23 | Mem:1.81M, Peak:1.81M | Scene, ViewLayer | Updating Geometry BVH Whisker pore.001 39/149 | Building BVH
Fra:11 Mem:27.31M (Peak 33.01M) | Time:00:00.23 | Mem:1.81M, Peak:1.81M | Scene, ViewLayer | Updating Geometry BVH Whisker pore.001 39/149 | Building mesh BLAS |     480 tris | Ivory eye
Fra:11 Mem:27.31M (Peak 33.01M) | Time:00:00.23 | Mem:1.81M, Peak:1.81M | Scene, ViewLayer | Updating Geometry BVH Whisker pore.002 40/149 | Building BVH
Fra:11 Mem:27.31M (Peak 33.01M) | Time:00:00.23 | Mem:1.81M, Peak:1.81M | Scene, ViewLayer | Updating Geometry BVH Eye socket.001 41/149 | Building mesh BLAS |      64 tris | Whisker pore.002
Fra:11 Mem:27.31M (Peak 33.01M) | Time:00:00.23 | Mem:1.81M, Peak:1.81M | Scene, ViewLayer | Updating Geometry BVH Flame tail tuft.006 141/149 | Building BVH
Fra:11 Mem:27.31M (Peak 33.01M) | Time:00:00.23 | Mem:1.81M, Peak:1.81M | Scene, ViewLayer | Updating Geometry BVH Ivory eye.001 42/149 | Building BVH
Fra:11 Mem:27.31M (Peak 33.01M) | Time:00:00.23 | Mem:1.81M, Peak:1.81M | Scene, ViewLayer | Updating Geometry BVH Ivory eye.001 42/149 | Building mesh BLAS |      44 tris | Flame tail tuft.006
Fra:11 Mem:27.31M (Peak 33.01M) | Time:00:00.23 | Mem:1.81M, Peak:1.81M | Scene, ViewLayer | Updating Geometry BVH Iris.001 43/149 | Building BVH
Fra:11 Mem:27.31M (Peak 33.01M) | Time:00:00.23 | Mem:1.81M, Peak:1.81M | Scene, ViewLayer | Updating Geometry BVH Iris.001 43/149 | Building mesh BLAS |     480 tris | Ivory eye.001
Fra:11 Mem:27.31M (Peak 33.01M) | Time:00:00.23 | Mem:1.81M, Peak:1.81M | Scene, ViewLayer | Updating Geometry BVH Pupil.001 44/149 | Building BVH
Fra:11 Mem:27.31M (Peak 33.01M) | Time:00:00.23 | Mem:1.81M, Peak:1.81M | Scene, ViewLayer | Updating Geometry BVH Eye glint.001 45/149 | Building BVH
Fra:11 Mem:27.31M (Peak 33.01M) | Time:00:00.23 | Mem:1.81M, Peak:1.81M | Scene, ViewLayer | Updating Geometry BVH Eye glint.001 45/149 | Building mesh BLAS |     192 tris | Eye glint.001
Fra:11 Mem:27.31M (Peak 33.01M) | Time:00:00.23 | Mem:1.81M, Peak:1.81M | Scene, ViewLayer | Updating Geometry BVH Expressive brow.001 46/149 | Building BVH
Fra:11 Mem:27.31M (Peak 33.01M) | Time:00:00.23 | Mem:1.81M, Peak:1.81M | Scene, ViewLayer | Updating Geometry BVH Expressive brow.001 46/149 | Building mesh BLAS |      44 tris | Expressive brow.001
Fra:11 Mem:27.31M (Peak 33.01M) | Time:00:00.23 | Mem:1.81M, Peak:1.81M | Scene, ViewLayer | Updating Geometry BVH Expressive brow.001 46/149 | Building mesh BLAS |     480 tris | Eye socket.001
Fra:11 Mem:27.31M (Peak 33.01M) | Time:00:00.23 | Mem:1.81M, Peak:1.81M | Scene, ViewLayer | Updating Geometry BVH Whisker pore.003 48/149 | Building BVH
Fra:11 Mem:27.31M (Peak 33.01M) | Time:00:00.23 | Mem:1.81M, Peak:1.81M | Scene, ViewLayer | Updating Geometry BVH Whisker pore.003 48/149 | Building mesh BLAS |      64 tris | Whisker pore.003
Fra:11 Mem:27.31M (Peak 33.01M) | Time:00:00.23 | Mem:1.81M, Peak:1.81M | Scene, ViewLayer | Updating Geometry BVH Flame tail tuft.005 140/149 | Building BVH
Fra:11 Mem:27.31M (Peak 33.01M) | Time:00:00.23 | Mem:1.81M, Peak:1.81M | Scene, ViewLayer | Updating Geometry BVH Flame tail tuft.005 140/149 | Building mesh BLAS |      44 tris | Flame tail tuft.005
Fra:11 Mem:27.31M (Peak 33.01M) | Time:00:00.23 | Mem:1.81M, Peak:1.81M | Scene, ViewLayer | Updating Geometry BVH Whisker pore.004 49/149 | Building BVH
Fra:11 Mem:27.31M (Peak 33.01M) | Time:00:00.23 | Mem:1.81M, Peak:1.81M | Scene, ViewLayer | Updating Geometry BVH Whisker pore.005 50/149 | Building BVH
Fra:11 Mem:27.31M (Peak 33.01M) | Time:00:00.23 | Mem:1.81M, Peak:1.81M | Scene, ViewLayer | Updating Geometry BVH Whisker pore.005 50/149 | Building mesh BLAS |      64 tris | Whisker pore.004
Fra:11 Mem:27.31M (Peak 33.01M) | Time:00:00.23 | Mem:1.81M, Peak:1.81M | Scene, ViewLayer | Updating Geometry BVH Whisker pore.005 50/149 | Building mesh BLAS |      64 tris | Whisker pore.005
Fra:11 Mem:27.31M (Peak 33.01M) | Time:00:00.23 | Mem:1.81M, Peak:1.81M | Scene, ViewLayer | Updating Geometry BVH Lower jaw 51/149 | Building BVH
Fra:11 Mem:27.31M (Peak 33.01M) | Time:00:00.23 | Mem:1.81M, Peak:1.81M | Scene, ViewLayer | Updating Geometry BVH Lower jaw 51/149 | Building mesh BLAS |     400 tris | Lower jaw
Fra:11 Mem:27.31M (Peak 33.01M) | Time:00:00.23 | Mem:1.81M, Peak:1.81M | Scene, ViewLayer | Updating Geometry BVH Mouth cavity 52/149 | Building BVH
Fra:11 Mem:27.31M (Peak 33.01M) | Time:00:00.23 | Mem:1.81M, Peak:1.81M | Scene, ViewLayer | Updating Geometry BVH Mouth cavity 52/149 | Building mesh BLAS |     360 tris | Mouth cavity
Fra:11 Mem:27.31M (Peak 33.01M) | Time:00:00.23 | Mem:1.81M, Peak:1.81M | Scene, ViewLayer | Updating Geometry BVH Lower canine 53/149 | Building BVH
Fra:11 Mem:27.31M (Peak 33.01M) | Time:00:00.23 | Mem:1.81M, Peak:1.81M | Scene, ViewLayer | Updating Geometry BVH Lower canine.001 54/149 | Building BVH
Fra:11 Mem:27.31M (Peak 33.01M) | Time:00:00.23 | Mem:1.81M, Peak:1.81M | Scene, ViewLayer | Updating Geometry BVH Lower canine.001 54/149 | Building mesh BLAS |      38 tris | Lower canine.001
Fra:11 Mem:27.31M (Peak 33.01M) | Time:00:00.23 | Mem:1.81M, Peak:1.81M | Scene, ViewLayer | Updating Geometry BVH Lower canine.001 54/149 | Building mesh BLAS |      38 tris | Lower canine
Fra:11 Mem:27.31M (Peak 33.01M) | Time:00:00.23 | Mem:1.81M, Peak:1.81M | Scene, ViewLayer | Updating Geometry BVH Flame tail tuft.004 139/149 | Building BVH
Fra:11 Mem:27.31M (Peak 33.01M) | Time:00:00.23 | Mem:1.81M, Peak:1.81M | Scene, ViewLayer | Updating Geometry BVH Flame tail tuft.004 139/149 | Building mesh BLAS |      44 tris | Flame tail tuft.004
Fra:11 Mem:27.31M (Peak 33.01M) | Time:00:00.23 | Mem:1.81M, Peak:1.81M | Scene, ViewLayer | Updating Geometry BVH Rounded lion ear 55/149 | Building BVH
Fra:11 Mem:27.31M (Peak 33.01M) | Time:00:00.23 | Mem:1.81M, Peak:1.81M | Scene, ViewLayer | Updating Geometry BVH Inner lion ear 56/149 | Building BVH
Fra:11 Mem:27.31M (Peak 33.01M) | Time:00:00.23 | Mem:1.81M, Peak:1.81M | Scene, ViewLayer | Updating Geometry BVH Inner lion ear 56/149 | Building mesh BLAS |     432 tris | Rounded lion ear
Fra:11 Mem:27.31M (Peak 33.01M) | Time:00:00.23 | Mem:1.81M, Peak:1.81M | Scene, ViewLayer | Updating Geometry BVH Inner lion ear 56/149 | Building mesh BLAS |     320 tris | Inner lion ear
Fra:11 Mem:27.31M (Peak 33.01M) | Time:00:00.23 | Mem:1.81M, Peak:1.81M | Scene, ViewLayer | Updating Geometry BVH Rounded lion ear.001 57/149 | Building BVH
Fra:11 Mem:27.31M (Peak 33.01M) | Time:00:00.23 | Mem:1.81M, Peak:1.81M | Scene, ViewLayer | Updating Geometry BVH Inner lion ear.001 58/149 | Building BVH
Fra:11 Mem:27.31M (Peak 33.01M) | Time:00:00.23 | Mem:1.81M, Peak:1.81M | Scene, ViewLayer | Updating Geometry BVH Sculpted mane lock.001 60/149 | Building BVH
Fra:11 Mem:27.31M (Peak 33.01M) | Time:00:00.23 | Mem:1.81M, Peak:1.81M | Scene, ViewLayer | Updating Geometry BVH Sculpted mane lock.001 60/149 | Building mesh BLAS |     320 tris | Inner lion ear.001
Fra:11 Mem:27.31M (Peak 33.01M) | Time:00:00.23 | Mem:1.81M, Peak:1.81M | Scene, ViewLayer | Updating Geometry BVH Sculpted mane lock.001 60/149 | Building mesh BLAS |      60 tris | Sculpted mane lock
Fra:11 Mem:27.31M (Peak 33.01M) | Time:00:00.23 | Mem:1.81M, Peak:1.81M | Scene, ViewLayer | Updating Geometry BVH Flame tail tuft.003 138/149 | Building BVH
Fra:11 Mem:27.31M (Peak 33.01M) | Time:00:00.23 | Mem:1.81M, Peak:1.81M | Scene, ViewLayer | Updating Geometry BVH Sculpted mane lock.002 61/149 | Building BVH
Fra:11 Mem:27.31M (Peak 33.01M) | Time:00:00.23 | Mem:1.81M, Peak:1.81M | Scene, ViewLayer | Updating Geometry BVH Sculpted mane lock.003 62/149 | Building BVH
Fra:11 Mem:27.31M (Peak 33.01M) | Time:00:00.23 | Mem:1.81M, Peak:1.81M | Scene, ViewLayer | Updating Geometry BVH Sculpted mane lock.003 62/149 | Building mesh BLAS |      60 tris | Sculpted mane lock.002
Fra:11 Mem:27.31M (Peak 33.01M) | Time:00:00.23 | Mem:1.81M, Peak:1.81M | Scene, ViewLayer | Updating Geometry BVH Sculpted mane lock.004 63/149 | Building BVH
Fra:11 Mem:27.31M (Peak 33.01M) | Time:00:00.23 | Mem:1.81M, Peak:1.81M | Scene, ViewLayer | Updating Geometry BVH Sculpted mane lock.004 63/149 | Building mesh BLAS |      60 tris | Sculpted mane lock.004
Fra:11 Mem:27.31M (Peak 33.01M) | Time:00:00.23 | Mem:1.81M, Peak:1.81M | Scene, ViewLayer | Updating Geometry BVH Sculpted mane lock.005 64/149 | Building BVH
Fra:11 Mem:27.31M (Peak 33.01M) | Time:00:00.23 | Mem:1.81M, Peak:1.81M | Scene, ViewLayer | Updating Geometry BVH Sculpted mane lock.005 64/149 | Building mesh BLAS |      60 tris | Sculpted mane lock.005
Fra:11 Mem:27.31M (Peak 33.01M) | Time:00:00.23 | Mem:1.81M, Peak:1.81M | Scene, ViewLayer | Updating Geometry BVH Sculpted mane lock.006 65/149 | Building BVH
Fra:11 Mem:27.31M (Peak 33.01M) | Time:00:00.23 | Mem:1.81M, Peak:1.81M | Scene, ViewLayer | Updating Geometry BVH Sculpted mane lock.006 65/149 | Building mesh BLAS |      60 tris | Sculpted mane lock.006
Fra:11 Mem:27.31M (Peak 33.01M) | Time:00:00.23 | Mem:1.81M, Peak:1.81M | Scene, ViewLayer | Updating Geometry BVH Sculpted mane lock.007 66/149 | Building BVH
Fra:11 Mem:27.31M (Peak 33.01M) | Time:00:00.23 | Mem:1.81M, Peak:1.81M | Scene, ViewLayer | Updating Geometry BVH Sculpted mane lock.007 66/149 | Building mesh BLAS |      60 tris | Sculpted mane lock.007
Fra:11 Mem:27.31M (Peak 33.01M) | Time:00:00.24 | Mem:1.81M, Peak:1.81M | Scene, ViewLayer | Updating Geometry BVH Sculpted mane lock.009 68/149 | Building BVH
Fra:11 Mem:27.31M (Peak 33.01M) | Time:00:00.24 | Mem:1.81M, Peak:1.81M | Scene, ViewLayer | Updating Geometry BVH Sculpted mane lock.011 70/149 | Building BVH
Fra:11 Mem:27.31M (Peak 33.01M) | Time:00:00.24 | Mem:1.81M, Peak:1.81M | Scene, ViewLayer | Updating Geometry BVH Sculpted mane lock.011 70/149 | Building mesh BLAS |      60 tris | Sculpted mane lock.009
Fra:11 Mem:27.31M (Peak 33.01M) | Time:00:00.24 | Mem:1.81M, Peak:1.81M | Scene, ViewLayer | Updating Geometry BVH Sculpted mane lock.011 70/149 | Building mesh BLAS |      60 tris | Sculpted mane lock.008
Fra:11 Mem:27.31M (Peak 33.01M) | Time:00:00.24 | Mem:1.81M, Peak:1.81M | Scene, ViewLayer | Updating Geometry BVH Sculpted mane lock.011 70/149 | Building mesh BLAS |      60 tris | Sculpted mane lock.010
Fra:11 Mem:27.31M (Peak 33.01M) | Time:00:00.24 | Mem:1.81M, Peak:1.81M | Scene, ViewLayer | Updating Geometry BVH Sculpted mane lock.011 70/149 | Building mesh BLAS |      60 tris | Sculpted mane lock.011
Fra:11 Mem:27.31M (Peak 33.01M) | Time:00:00.24 | Mem:1.81M, Peak:1.81M | Scene, ViewLayer | Updating Geometry BVH Sculpted mane lock.012 71/149 | Building BVH
Fra:11 Mem:27.31M (Peak 33.01M) | Time:00:00.24 | Mem:1.81M, Peak:1.81M | Scene, ViewLayer | Updating Geometry BVH Sculpted mane lock.012 71/149 | Building mesh BLAS |      60 tris | Sculpted mane lock.012
Fra:11 Mem:27.31M (Peak 33.01M) | Time:00:00.24 | Mem:1.81M, Peak:1.81M | Scene, ViewLayer | Updating Geometry BVH Sculpted mane lock.013 72/149 | Building BVH
Fra:11 Mem:27.31M (Peak 33.01M) | Time:00:00.24 | Mem:1.81M, Peak:1.81M | Scene, ViewLayer | Updating Geometry BVH Sculpted mane lock.014 73/149 | Building mesh BLAS |      44 tris | Flame tail tuft.002
Fra:11 Mem:27.31M (Peak 33.01M) | Time:00:00.24 | Mem:1.81M, Peak:1.81M | Scene, ViewLayer | Updating Geometry BVH Sculpted mane lock.014 73/149 | Building mesh BLAS |      60 tris | Sculpted mane lock.014
Fra:11 Mem:27.31M (Peak 33.01M) | Time:00:00.24 | Mem:1.81M, Peak:1.81M | Scene, ViewLayer | Updating Geometry BVH Sculpted mane lock.014 73/149 | Building mesh BLAS |      60 tris | Sculpted mane lock.013
Fra:11 Mem:27.31M (Peak 33.01M) | Time:00:00.24 | Mem:1.82M, Peak:1.82M | Scene, ViewLayer | Updating Geometry BVH Sculpted mane lock.015 74/149 | Building BVH
Fra:11 Mem:27.31M (Peak 33.01M) | Time:00:00.24 | Mem:1.82M, Peak:1.82M | Scene, ViewLayer | Updating Geometry BVH Sculpted mane lock.015 74/149 | Building mesh BLAS |      60 tris | Sculpted mane lock.015
Fra:11 Mem:27.31M (Peak 33.01M) | Time:00:00.24 | Mem:1.82M, Peak:1.82M | Scene, ViewLayer | Updating Geometry BVH Sculpted mane lock.017 76/149 | Building BVH
Fra:11 Mem:27.31M (Peak 33.01M) | Time:00:00.24 | Mem:1.82M, Peak:1.82M | Scene, ViewLayer | Updating Geometry BVH Sculpted mane lock.017 76/149 | Building mesh BLAS |      60 tris | Sculpted mane lock.017
Fra:11 Mem:27.31M (Peak 33.01M) | Time:00:00.24 | Mem:1.82M, Peak:1.82M | Scene, ViewLayer | Updating Geometry BVH Sculpted mane lock.018 77/149 | Building BVH
Fra:11 Mem:27.31M (Peak 33.01M) | Time:00:00.24 | Mem:1.82M, Peak:1.82M | Scene, ViewLayer | Updating Geometry BVH Sculpted mane lock.018 77/149 | Building mesh BLAS |      60 tris | Sculpted mane lock.016
Fra:11 Mem:27.31M (Peak 33.01M) | Time:00:00.24 | Mem:1.82M, Peak:1.82M | Scene, ViewLayer | Updating Geometry BVH Sculpted mane lock.018 77/149 | Building mesh BLAS |      60 tris | Sculpted mane lock.018
Fra:11 Mem:27.31M (Peak 33.01M) | Time:00:00.24 | Mem:1.82M, Peak:1.82M | Scene, ViewLayer | Updating Geometry BVH Sculpted mane lock.019 78/149 | Building BVH
Fra:11 Mem:27.31M (Peak 33.01M) | Time:00:00.24 | Mem:1.82M, Peak:1.82M | Scene, ViewLayer | Updating Geometry BVH Sculpted mane lock.019 78/149 | Building mesh BLAS |      60 tris | Sculpted mane lock.019
Fra:11 Mem:27.31M (Peak 33.01M) | Time:00:00.24 | Mem:1.82M, Peak:1.82M | Scene, ViewLayer | Updating Geometry BVH Flame tail tuft.001 136/149 | Building BVH
Fra:11 Mem:27.31M (Peak 33.01M) | Time:00:00.24 | Mem:1.82M, Peak:1.82M | Scene, ViewLayer | Updating Geometry BVH Flame tail tuft.001 136/149 | Building mesh BLAS |      44 tris | Flame tail tuft.001
Fra:11 Mem:27.31M (Peak 33.01M) | Time:00:00.24 | Mem:1.82M, Peak:1.82M | Scene, ViewLayer | Updating Geometry BVH Sculpted mane lock.020 79/149 | Building BVH
Fra:11 Mem:27.31M (Peak 33.01M) | Time:00:00.24 | Mem:1.82M, Peak:1.82M | Scene, ViewLayer | Updating Geometry BVH Sculpted mane lock.021 80/149 | Building BVH
Fra:11 Mem:27.31M (Peak 33.01M) | Time:00:00.24 | Mem:1.82M, Peak:1.82M | Scene, ViewLayer | Updating Geometry BVH Sculpted mane lock.021 80/149 | Building mesh BLAS |      60 tris | Sculpted mane lock.020
Fra:11 Mem:27.31M (Peak 33.01M) | Time:00:00.24 | Mem:1.82M, Peak:1.82M | Scene, ViewLayer | Updating Geometry BVH Sculpted mane lock.021 80/149 | Building mesh BLAS |      60 tris | Sculpted mane lock.021
Fra:11 Mem:27.31M (Peak 33.01M) | Time:00:00.24 | Mem:1.82M, Peak:1.82M | Scene, ViewLayer | Updating Geometry BVH Sculpted mane lock.022 81/149 | Building BVH
Fra:11 Mem:27.31M (Peak 33.01M) | Time:00:00.24 | Mem:1.82M, Peak:1.82M | Scene, ViewLayer | Updating Geometry BVH Sculpted mane lock.022 81/149 | Building mesh BLAS |      60 tris | Sculpted mane lock.022
Fra:11 Mem:27.31M (Peak 33.01M) | Time:00:00.24 | Mem:2.03M, Peak:2.03M | Scene, ViewLayer | Updating Geometry BVH Sculpted mane lock.023 82/149 | Building BVH
Fra:11 Mem:27.31M (Peak 33.01M) | Time:00:00.24 | Mem:2.03M, Peak:2.03M | Scene, ViewLayer | Updating Geometry BVH Sculpted mane lock.023 82/149 | Building mesh BLAS |      60 tris | Sculpted mane lock.023
Fra:11 Mem:27.31M (Peak 33.01M) | Time:00:00.24 | Mem:2.03M, Peak:2.03M | Scene, ViewLayer | Updating Geometry BVH Sculpted mane lock.024 83/149 | Building BVH
Fra:11 Mem:27.31M (Peak 33.01M) | Time:00:00.24 | Mem:2.03M, Peak:2.03M | Scene, ViewLayer | Updating Geometry BVH Sculpted mane lock.025 84/149 | Building BVH
Fra:11 Mem:27.31M (Peak 33.01M) | Time:00:00.24 | Mem:2.03M, Peak:2.03M | Scene, ViewLayer | Updating Geometry BVH Sculpted mane lock.025 84/149 | Building mesh BLAS |      60 tris | Sculpted mane lock.024
Fra:11 Mem:27.31M (Peak 33.01M) | Time:00:00.24 | Mem:2.03M, Peak:2.03M | Scene, ViewLayer | Updating Geometry BVH Sculpted mane lock.025 84/149 | Building mesh BLAS |      60 tris | Sculpted mane lock.025
Fra:11 Mem:27.31M (Peak 33.01M) | Time:00:00.24 | Mem:2.04M, Peak:2.04M | Scene, ViewLayer | Updating Geometry BVH Sculpted mane lock.026 85/149 | Building BVH
Fra:11 Mem:27.31M (Peak 33.01M) | Time:00:00.24 | Mem:2.04M, Peak:2.04M | Scene, ViewLayer | Updating Geometry BVH Sculpted mane lock.026 85/149 | Building mesh BLAS |      60 tris | Sculpted mane lock.026
Fra:11 Mem:27.31M (Peak 33.01M) | Time:00:00.24 | Mem:2.04M, Peak:2.04M | Scene, ViewLayer | Updating Geometry BVH Sculpted mane lock.027 86/149 | Building BVH
Fra:11 Mem:27.31M (Peak 33.01M) | Time:00:00.24 | Mem:2.04M, Peak:2.04M | Scene, ViewLayer | Updating Geometry BVH Sculpted mane lock.027 86/149 | Building mesh BLAS |      60 tris | Sculpted mane lock.027
Fra:11 Mem:27.31M (Peak 33.01M) | Time:00:00.24 | Mem:2.04M, Peak:2.04M | Scene, ViewLayer | Updating Geometry BVH Flame tail tuft 135/149 | Building BVH
Fra:11 Mem:27.31M (Peak 33.01M) | Time:00:00.24 | Mem:2.04M, Peak:2.04M | Scene, ViewLayer | Updating Geometry BVH Sculpted mane lock.028 87/149 | Building BVH
Fra:11 Mem:27.31M (Peak 33.01M) | Time:00:00.24 | Mem:2.04M, Peak:2.04M | Scene, ViewLayer | Updating Geometry BVH Sculpted mane lock.028 87/149 | Building mesh BLAS |      44 tris | Flame tail tuft
Fra:11 Mem:27.31M (Peak 33.01M) | Time:00:00.24 | Mem:2.04M, Peak:2.04M | Scene, ViewLayer | Updating Geometry BVH Sculpted mane lock.028 87/149 | Building mesh BLAS |      60 tris | Sculpted mane lock.028
Fra:11 Mem:27.31M (Peak 33.01M) | Time:00:00.24 | Mem:2.04M, Peak:2.04M | Scene, ViewLayer | Updating Geometry BVH Sculpted mane lock.029 88/149 | Building BVH
Fra:11 Mem:27.31M (Peak 33.01M) | Time:00:00.24 | Mem:2.04M, Peak:2.04M | Scene, ViewLayer | Updating Geometry BVH Sculpted mane lock.029 88/149 | Building mesh BLAS |      60 tris | Sculpted mane lock.029
Fra:11 Mem:27.31M (Peak 33.01M) | Time:00:00.24 | Mem:2.04M, Peak:2.04M | Scene, ViewLayer | Updating Geometry BVH Sculpted mane lock.030 89/149 | Building BVH
Fra:11 Mem:27.31M (Peak 33.01M) | Time:00:00.24 | Mem:2.04M, Peak:2.04M | Scene, ViewLayer | Updating Geometry BVH Sculpted mane lock.030 89/149 | Building mesh BLAS |      60 tris | Sculpted mane lock.030
Fra:11 Mem:27.31M (Peak 33.01M) | Time:00:00.24 | Mem:2.05M, Peak:2.05M | Scene, ViewLayer | Updating Geometry BVH Sculpted mane lock.031 90/149 | Building BVH
Fra:11 Mem:27.31M (Peak 33.01M) | Time:00:00.24 | Mem:2.05M, Peak:2.05M | Scene, ViewLayer | Updating Geometry BVH Sculpted mane lock.032 91/149 | Building BVH
Fra:11 Mem:27.31M (Peak 33.01M) | Time:00:00.24 | Mem:2.05M, Peak:2.05M | Scene, ViewLayer | Updating Geometry BVH Sculpted mane lock.032 91/149 | Building mesh BLAS |      60 tris | Sculpted mane lock.031
Fra:11 Mem:27.31M (Peak 33.01M) | Time:00:00.24 | Mem:2.05M, Peak:2.05M | Scene, ViewLayer | Updating Geometry BVH Sculpted mane lock.032 91/149 | Building mesh BLAS |      60 tris | Sculpted mane lock.032
Fra:11 Mem:27.31M (Peak 33.01M) | Time:00:00.24 | Mem:2.07M, Peak:2.07M | Scene, ViewLayer | Updating Geometry BVH Sculpted mane lock.033 92/149 | Building BVH
Fra:11 Mem:27.31M (Peak 33.01M) | Time:00:00.24 | Mem:2.08M, Peak:2.08M | Scene, ViewLayer | Updating Geometry BVH Sculpted mane lock.033 92/149 | Building mesh BLAS |      60 tris | Sculpted mane lock.033
Fra:11 Mem:27.31M (Peak 33.01M) | Time:00:00.24 | Mem:2.08M, Peak:2.08M | Scene, ViewLayer | Updating Geometry BVH Articulated tail 134/149 | Building BVH
Fra:11 Mem:27.31M (Peak 33.01M) | Time:00:00.24 | Mem:2.08M, Peak:2.08M | Scene, ViewLayer | Updating Geometry BVH Articulated tail 134/149 | Building mesh BLAS |     268 tris | Articulated tail
Fra:11 Mem:27.31M (Peak 33.01M) | Time:00:00.24 | Mem:2.08M, Peak:2.08M | Scene, ViewLayer | Updating Geometry BVH Sculpted mane lock.034 93/149 | Building BVH
Fra:11 Mem:27.31M (Peak 33.01M) | Time:00:00.24 | Mem:2.08M, Peak:2.08M | Scene, ViewLayer | Updating Geometry BVH Sculpted mane lock.035 94/149 | Building BVH
Fra:11 Mem:27.31M (Peak 33.01M) | Time:00:00.24 | Mem:2.08M, Peak:2.08M | Scene, ViewLayer | Updating Geometry BVH Sculpted mane lock.035 94/149 | Building mesh BLAS |      60 tris | Sculpted mane lock.034
Fra:11 Mem:27.31M (Peak 33.01M) | Time:00:00.24 | Mem:2.08M, Peak:2.08M | Scene, ViewLayer | Updating Geometry BVH Sculpted mane lock.035 94/149 | Building mesh BLAS |      60 tris | Sculpted mane lock.035
Fra:11 Mem:27.31M (Peak 33.01M) | Time:00:00.25 | Mem:2.10M, Peak:2.10M | Scene, ViewLayer | Updating Geometry BVH Sculpted mane lock.036 95/149 | Building BVH
Fra:11 Mem:27.31M (Peak 33.01M) | Time:00:00.25 | Mem:2.10M, Peak:2.10M | Scene, ViewLayer | Updating Geometry BVH Sculpted mane lock.036 95/149 | Building mesh BLAS |      60 tris | Sculpted mane lock.036
Fra:11 Mem:27.31M (Peak 33.01M) | Time:00:00.25 | Mem:2.10M, Peak:2.10M | Scene, ViewLayer | Updating Geometry BVH Sculpted mane lock.037 96/149 | Building BVH
Fra:11 Mem:27.31M (Peak 33.01M) | Time:00:00.25 | Mem:2.10M, Peak:2.10M | Scene, ViewLayer | Updating Geometry BVH Sculpted mane lock.037 96/149 | Building mesh BLAS |      60 tris | Sculpted mane lock.037
Fra:11 Mem:27.31M (Peak 33.01M) | Time:00:00.25 | Mem:2.27M, Peak:2.27M | Scene, ViewLayer | Updating Geometry BVH Sculpted mane lock.039 98/149 | Building BVH
Fra:11 Mem:27.31M (Peak 33.01M) | Time:00:00.25 | Mem:2.34M, Peak:2.34M | Scene, ViewLayer | Updating Geometry BVH Sculpted mane lock.038 97/149 | Building BVH
Fra:11 Mem:27.31M (Peak 33.01M) | Time:00:00.25 | Mem:2.34M, Peak:2.34M | Scene, ViewLayer | Updating Geometry BVH Sculpted mane lock.038 97/149 | Building mesh BLAS |      60 tris | Sculpted mane lock.039
Fra:11 Mem:27.31M (Peak 33.01M) | Time:00:00.25 | Mem:2.34M, Peak:2.34M | Scene, ViewLayer | Updating Geometry BVH Sculpted mane lock.038 97/149 | Building mesh BLAS |      60 tris | Sculpted mane lock.038
Fra:11 Mem:27.31M (Peak 33.01M) | Time:00:00.25 | Mem:2.34M, Peak:2.34M | Scene, ViewLayer | Updating Geometry BVH Sculpted mane lock.040 99/149 | Building BVH
Fra:11 Mem:27.31M (Peak 33.01M) | Time:00:00.25 | Mem:2.34M, Peak:2.34M | Scene, ViewLayer | Updating Geometry BVH Wrist fur.011 133/149 | Building BVH
Fra:11 Mem:27.31M (Peak 33.01M) | Time:00:00.25 | Mem:2.34M, Peak:2.34M | Scene, ViewLayer | Updating Geometry BVH Wrist fur.011 133/149 | Building mesh BLAS |      60 tris | Sculpted mane lock.040
Fra:11 Mem:27.31M (Peak 33.01M) | Time:00:00.25 | Mem:2.36M, Peak:2.36M | Scene, ViewLayer | Updating Geometry BVH Sculpted mane lock.041 100/149 | Building mesh BLAS |      44 tris | Wrist fur.011
Fra:11 Mem:27.31M (Peak 33.01M) | Time:00:00.25 | Mem:2.36M, Peak:2.36M | Scene, ViewLayer | Updating Geometry BVH Sculpted mane lock.042 101/149 | Building BVH
Fra:11 Mem:27.31M (Peak 33.01M) | Time:00:00.25 | Mem:2.39M, Peak:2.39M | Scene, ViewLayer | Updating Geometry BVH Sculpted mane lock.043 102/149 | Building BVH
Fra:11 Mem:27.31M (Peak 33.01M) | Time:00:00.25 | Mem:2.42M, Peak:2.42M | Scene, ViewLayer | Updating Geometry BVH Sculpted mane lock.043 102/149 | Building mesh BLAS |      60 tris | Sculpted mane lock.042
Fra:11 Mem:27.31M (Peak 33.01M) | Time:00:00.25 | Mem:2.42M, Peak:2.42M | Scene, ViewLayer | Updating Geometry BVH Sculpted mane lock.043 102/149 | Building mesh BLAS |      60 tris | Sculpted mane lock.043
Fra:11 Mem:27.31M (Peak 33.01M) | Time:00:00.25 | Mem:2.42M, Peak:2.42M | Scene, ViewLayer | Updating Geometry BVH Sculpted mane lock.044 103/149 | Building BVH
Fra:11 Mem:27.31M (Peak 33.01M) | Time:00:00.25 | Mem:2.42M, Peak:2.42M | Scene, ViewLayer | Updating Geometry BVH Sculpted mane lock.044 103/149 | Building mesh BLAS |      60 tris | Sculpted mane lock.044
Fra:11 Mem:27.31M (Peak 33.01M) | Time:00:00.25 | Mem:2.49M, Peak:2.49M | Scene, ViewLayer | Updating Geometry BVH Sculpted mane lock.045 104/149 | Building BVH
Fra:11 Mem:27.31M (Peak 33.01M) | Time:00:00.25 | Mem:2.50M, Peak:2.50M | Scene, ViewLayer | Updating Geometry BVH Sculpted mane lock.046 105/149 | Building BVH
Fra:11 Mem:27.31M (Peak 33.01M) | Time:00:00.25 | Mem:2.54M, Peak:2.54M | Scene, ViewLayer | Updating Geometry BVH Wrist fur.010 132/149 | Building mesh BLAS |      60 tris | Sculpted mane lock.046
Fra:11 Mem:27.31M (Peak 33.01M) | Time:00:00.25 | Mem:2.54M, Peak:2.54M | Scene, ViewLayer | Updating Geometry BVH Sculpted mane lock.049 108/149 | Building BVH
Fra:11 Mem:27.31M (Peak 33.01M) | Time:00:00.25 | Mem:2.54M, Peak:2.54M | Scene, ViewLayer | Updating Geometry BVH Sculpted mane lock.050 109/149 | Building BVH
Fra:11 Mem:27.31M (Peak 33.01M) | Time:00:00.25 | Mem:2.54M, Peak:2.54M | Scene, ViewLayer | Updating Geometry BVH Sculpted mane lock.050 109/149 | Building mesh BLAS |      60 tris | Sculpted mane lock.050
Fra:11 Mem:27.31M (Peak 33.01M) | Time:00:00.25 | Mem:2.55M, Peak:2.55M | Scene, ViewLayer | Updating Geometry BVH Layered shoulder fur 110/149 | Building mesh BLAS |      60 tris | Sculpted mane lock.047
Fra:11 Mem:27.31M (Peak 33.01M) | Time:00:00.25 | Mem:2.59M, Peak:2.59M | Scene, ViewLayer | Updating Geometry BVH Layered shoulder fur 110/149 | Building mesh BLAS |      60 tris | Sculpted mane lock.048
Fra:11 Mem:27.31M (Peak 33.01M) | Time:00:00.25 | Mem:2.59M, Peak:2.59M | Scene, ViewLayer | Updating Geometry BVH Layered shoulder fur 110/149 | Building mesh BLAS |      44 tris | Layered shoulder fur
Fra:11 Mem:27.31M (Peak 33.01M) | Time:00:00.25 | Mem:2.59M, Peak:2.59M | Scene, ViewLayer | Updating Geometry BVH Layered shoulder fur.002 112/149 | Building BVH
Fra:11 Mem:27.31M (Peak 33.01M) | Time:00:00.25 | Mem:2.59M, Peak:2.59M | Scene, ViewLayer | Updating Geometry BVH Layered shoulder fur.002 112/149 | Building mesh BLAS |      44 tris | Layered shoulder fur.001
Fra:11 Mem:27.31M (Peak 33.01M) | Time:00:00.25 | Mem:2.59M, Peak:2.59M | Scene, ViewLayer | Updating Geometry BVH Layered shoulder fur.002 112/149 | Building mesh BLAS |      60 tris | Sculpted mane lock.049
Fra:11 Mem:27.31M (Peak 33.01M) | Time:00:00.25 | Mem:2.60M, Peak:2.60M | Scene, ViewLayer | Updating Geometry BVH Wrist fur 113/149 | Building BVH
Fra:11 Mem:27.31M (Peak 33.01M) | Time:00:00.25 | Mem:2.62M, Peak:2.62M | Scene, ViewLayer | Updating Geometry BVH Wrist fur.001 114/149 | Building BVH
Fra:11 Mem:27.31M (Peak 33.01M) | Time:00:00.25 | Mem:2.62M, Peak:2.62M | Scene, ViewLayer | Updating Geometry BVH Wrist fur.002 115/149 | Building mesh BLAS |      44 tris | Layered shoulder fur.002
Fra:11 Mem:27.31M (Peak 33.01M) | Time:00:00.25 | Mem:2.62M, Peak:2.62M | Scene, ViewLayer | Updating Geometry BVH Wrist fur.002 115/149 | Building mesh BLAS |      44 tris | Wrist fur.001
Fra:11 Mem:27.31M (Peak 33.01M) | Time:00:00.25 | Mem:2.62M, Peak:2.62M | Scene, ViewLayer | Updating Geometry BVH Wrist fur.002 115/149 | Building mesh BLAS |      44 tris | Wrist fur
Fra:11 Mem:27.31M (Peak 33.01M) | Time:00:00.25 | Mem:2.62M, Peak:2.62M | Scene, ViewLayer | Updating Geometry BVH Layered shoulder fur.003 116/149 | Building BVH
Fra:11 Mem:27.31M (Peak 33.01M) | Time:00:00.25 | Mem:2.62M, Peak:2.62M | Scene, ViewLayer | Updating Geometry BVH Layered shoulder fur.003 116/149 | Building mesh BLAS |      44 tris | Wrist fur.002
Fra:11 Mem:27.31M (Peak 33.01M) | Time:00:00.25 | Mem:2.62M, Peak:2.62M | Scene, ViewLayer | Updating Geometry BVH Layered shoulder fur.003 116/149 | Building mesh BLAS |      44 tris | Layered shoulder fur.003
Fra:11 Mem:27.31M (Peak 33.01M) | Time:00:00.25 | Mem:2.62M, Peak:2.62M | Scene, ViewLayer | Updating Geometry BVH Layered shoulder fur.004 117/149 | Building BVH
Fra:11 Mem:27.31M (Peak 33.01M) | Time:00:00.25 | Mem:2.62M, Peak:2.62M | Scene, ViewLayer | Updating Geometry BVH Wrist fur.003 119/149 | Building mesh BLAS |      44 tris | Layered shoulder fur.004
Fra:11 Mem:27.31M (Peak 33.01M) | Time:00:00.25 | Mem:2.62M, Peak:2.62M | Scene, ViewLayer | Updating Geometry BVH Wrist fur.004 120/149 | Building BVH
Fra:11 Mem:27.31M (Peak 33.01M) | Time:00:00.25 | Mem:2.68M, Peak:2.68M | Scene, ViewLayer | Updating Geometry BVH Wrist fur.005 121/149 | Building BVH
Fra:11 Mem:27.31M (Peak 33.01M) | Time:00:00.25 | Mem:2.68M, Peak:2.68M | Scene, ViewLayer | Updating Geometry BVH Wrist fur.005 121/149 | Building mesh BLAS |      44 tris | Wrist fur.004
Fra:11 Mem:27.31M (Peak 33.01M) | Time:00:00.25 | Mem:2.68M, Peak:2.68M | Scene, ViewLayer | Updating Geometry BVH Layered shoulder fur.006 122/149 | Building BVH
Fra:11 Mem:27.31M (Peak 33.01M) | Time:00:00.25 | Mem:2.68M, Peak:2.68M | Scene, ViewLayer | Updating Geometry BVH Layered shoulder fur.006 122/149 | Building mesh BLAS |      44 tris | Layered shoulder fur.006
Fra:11 Mem:27.31M (Peak 33.01M) | Time:00:00.25 | Mem:2.68M, Peak:2.68M | Scene, ViewLayer | Updating Geometry BVH Layered shoulder fur.006 122/149 | Building mesh BLAS |      44 tris | Wrist fur.003
Fra:11 Mem:27.31M (Peak 33.01M) | Time:00:00.25 | Mem:2.68M, Peak:2.68M | Scene, ViewLayer | Updating Geometry BVH Layered shoulder fur.007 123/149 | Building BVH
Fra:11 Mem:27.31M (Peak 33.01M) | Time:00:00.25 | Mem:2.71M, Peak:2.71M | Scene, ViewLayer | Updating Geometry BVH Layered shoulder fur.007 123/149 | Building mesh BLAS |      44 tris | Layered shoulder fur.007
Fra:11 Mem:27.31M (Peak 33.01M) | Time:00:00.25 | Mem:2.71M, Peak:2.71M | Scene, ViewLayer | Updating Geometry BVH Layered shoulder fur.008 124/149 | Building BVH
Fra:11 Mem:27.31M (Peak 33.01M) | Time:00:00.25 | Mem:2.72M, Peak:2.72M | Scene, ViewLayer | Updating Geometry BVH Wrist fur.006 125/149 | Building BVH
Fra:11 Mem:27.31M (Peak 33.01M) | Time:00:00.25 | Mem:2.72M, Peak:2.72M | Scene, ViewLayer | Updating Geometry BVH Wrist fur.007 126/149 | Building BVH
Fra:11 Mem:27.31M (Peak 33.01M) | Time:00:00.25 | Mem:2.72M, Peak:2.72M | Scene, ViewLayer | Updating Geometry BVH Wrist fur.007 126/149 | Building mesh BLAS |      44 tris | Wrist fur.006
Fra:11 Mem:27.31M (Peak 33.01M) | Time:00:00.25 | Mem:2.72M, Peak:2.72M | Scene, ViewLayer | Updating Geometry BVH Wrist fur.008 127/149 | Building BVH
Fra:11 Mem:27.31M (Peak 33.01M) | Time:00:00.25 | Mem:2.72M, Peak:2.72M | Scene, ViewLayer | Updating Geometry BVH Layered shoulder fur.009 128/149 | Building BVH
Fra:11 Mem:27.31M (Peak 33.01M) | Time:00:00.25 | Mem:2.73M, Peak:2.73M | Scene, ViewLayer | Updating Geometry BVH Layered shoulder fur.010 129/149 | Building BVH
Fra:11 Mem:27.31M (Peak 33.01M) | Time:00:00.25 | Mem:2.73M, Peak:2.73M | Scene, ViewLayer | Updating Geometry BVH Layered shoulder fur.011 130/149 | Building BVH
Fra:11 Mem:27.31M (Peak 33.01M) | Time:00:00.25 | Mem:2.74M, Peak:2.74M | Scene, ViewLayer | Updating Geometry BVH Layered shoulder fur.011 130/149 | Building mesh BLAS |      44 tris | Layered shoulder fur.010
Fra:11 Mem:27.31M (Peak 33.01M) | Time:00:00.25 | Mem:2.74M, Peak:2.74M | Scene, ViewLayer | Updating Geometry BVH Layered shoulder fur.011 130/149 | Building mesh BLAS |      44 tris | Layered shoulder fur.011
Fra:11 Mem:27.31M (Peak 33.01M) | Time:00:00.25 | Mem:2.74M, Peak:2.74M | Scene, ViewLayer | Updating Geometry BVH Layered shoulder fur.011 130/149 | Building mesh BLAS |      44 tris | Layered shoulder fur.009
Fra:11 Mem:27.31M (Peak 33.01M) | Time:00:00.25 | Mem:2.76M, Peak:2.76M | Scene, ViewLayer | Updating Scene BVH | Building
Fra:11 Mem:27.31M (Peak 33.01M) | Time:00:00.26 | Mem:2.91M, Peak:2.91M | Scene, ViewLayer | Updating Scene BVH | Building TLAS      |     149 instances
Fra:11 Mem:27.32M (Peak 33.01M) | Time:00:00.26 | Mem:2.96M, Peak:2.96M | Scene, ViewLayer | Updating Scene BVH | Copying BVH to device
Fra:11 Mem:27.32M (Peak 33.01M) | Time:00:00.26 | Mem:2.96M, Peak:2.96M | Scene, ViewLayer | Updating Mesh | Computing normals
Fra:11 Mem:27.94M (Peak 33.01M) | Time:00:00.26 | Mem:2.96M, Peak:2.96M | Scene, ViewLayer | Updating Mesh | Copying Mesh to device
Fra:11 Mem:27.32M (Peak 33.01M) | Time:00:00.26 | Mem:3.60M, Peak:3.60M | Scene, ViewLayer | Updating Objects Flags
Fra:11 Mem:27.31M (Peak 33.01M) | Time:00:00.26 | Mem:3.60M, Peak:3.60M | Scene, ViewLayer | Updating Primitive Offsets
Fra:11 Mem:27.31M (Peak 33.01M) | Time:00:00.26 | Mem:3.60M, Peak:3.60M | Scene, ViewLayer | Updating Images
Fra:11 Mem:27.31M (Peak 33.01M) | Time:00:00.26 | Mem:3.60M, Peak:3.60M | Scene, ViewLayer | Updating Camera Volume
Fra:11 Mem:27.31M (Peak 33.01M) | Time:00:00.26 | Mem:3.60M, Peak:3.60M | Scene, ViewLayer | Updating Lookup Tables
Fra:11 Mem:27.23M (Peak 33.01M) | Time:00:00.26 | Mem:3.69M, Peak:3.69M | Scene, ViewLayer | Updating Lights
Fra:11 Mem:27.23M (Peak 33.01M) | Time:00:00.26 | Mem:3.69M, Peak:3.69M | Scene, ViewLayer | Updating Lights | Computing tree
Fra:11 Mem:27.23M (Peak 33.01M) | Time:00:00.26 | Mem:3.69M, Peak:3.69M | Scene, ViewLayer | Updating Integrator
Fra:11 Mem:27.23M (Peak 33.01M) | Time:00:00.26 | Mem:3.69M, Peak:3.69M | Scene, ViewLayer | Updating Film
Fra:11 Mem:27.32M (Peak 33.01M) | Time:00:00.26 | Mem:3.60M, Peak:3.69M | Scene, ViewLayer | Updating Lookup Tables
Fra:11 Mem:27.23M (Peak 33.01M) | Time:00:00.26 | Mem:3.69M, Peak:3.69M | Scene, ViewLayer | Updating Baking
Fra:11 Mem:27.23M (Peak 33.01M) | Time:00:00.26 | Mem:3.69M, Peak:3.69M | Scene, ViewLayer | Updating Device | Writing constant memory
Fra:11 Mem:27.24M (Peak 33.01M) | Time:00:00.30 | Mem:3.69M, Peak:3.69M | Scene, ViewLayer | Loading denoising kernels (may take a few minutes the first time)
Fra:11 Mem:27.24M (Peak 59.24M) | Time:00:00.30 | Mem:2819.71M, Peak:2819.71M | Scene, ViewLayer | Sample 0/12 (Using optimized kernels)
Fra:11 Mem:27.23M (Peak 62.74M) | Time:00:00.48 | Remaining:00:02.00 | Mem:2855.25M, Peak:2855.25M | Scene, ViewLayer | Sample 1/12 (Using optimized kernels)
Fra:11 Mem:42.19M (Peak 64.62M) | Time:00:03.59 | Mem:2855.25M, Peak:2855.25M | Scene, ViewLayer | Sample 12/12 (Using optimized kernels)
Fra:11 Mem:42.19M (Peak 64.62M) | Time:00:03.59 | Mem:2855.25M, Peak:2855.25M | Scene, ViewLayer | Finished
Saved: '/Users/chikumatsuboi/Code/animal-racers-western/assets/source/western/qa/lion-special-11.png'
Time: 00:03.74 (Saving: 00:00.09)

Fra:19 Mem:31.32M (Peak 31.32M) | Time:00:00.01 | Mem:0.02M, Peak:0.02M | Scene, ViewLayer | Synchronizing object | Body • continuous sculpted skin
Fra:19 Mem:31.57M (Peak 31.57M) | Time:00:00.01 | Mem:0.02M, Peak:0.02M | Scene, ViewLayer | Synchronizing object | Ivory claw.002
Fra:19 Mem:31.59M (Peak 31.59M) | Time:00:00.01 | Mem:0.02M, Peak:0.02M | Scene, ViewLayer | Synchronizing object | Paw toe.003
Fra:19 Mem:31.61M (Peak 31.61M) | Time:00:00.01 | Mem:0.02M, Peak:0.02M | Scene, ViewLayer | Synchronizing object | Ivory claw.003
Fra:19 Mem:31.63M (Peak 31.63M) | Time:00:00.01 | Mem:0.02M, Peak:0.02M | Scene, ViewLayer | Synchronizing object | Paw toe.004
Fra:19 Mem:31.68M (Peak 31.68M) | Time:00:00.01 | Mem:0.02M, Peak:0.02M | Scene, ViewLayer | Synchronizing object | Ivory claw.004
Fra:19 Mem:31.81M (Peak 31.81M) | Time:00:00.01 | Mem:0.02M, Peak:0.02M | Scene, ViewLayer | Synchronizing object | Paw toe.005
Fra:19 Mem:31.82M (Peak 31.82M) | Time:00:00.01 | Mem:0.02M, Peak:0.02M | Scene, ViewLayer | Synchronizing object | Paw toe.006
Fra:19 Mem:31.83M (Peak 31.83M) | Time:00:00.01 | Mem:0.02M, Peak:0.02M | Scene, ViewLayer | Synchronizing object | Ivory claw.006
Fra:19 Mem:31.85M (Peak 31.85M) | Time:00:00.01 | Mem:0.02M, Peak:0.02M | Scene, ViewLayer | Synchronizing object | Ivory claw.007
Fra:19 Mem:31.85M (Peak 31.85M) | Time:00:00.01 | Mem:0.02M, Peak:0.02M | Scene, ViewLayer | Synchronizing object | Warm rim
Fra:19 Mem:31.85M (Peak 31.85M) | Time:00:00.01 | Mem:0.02M, Peak:0.02M | Scene, ViewLayer | Synchronizing object | Sky fill
Fra:19 Mem:31.85M (Peak 31.85M) | Time:00:00.01 | Mem:0.02M, Peak:0.02M | Scene, ViewLayer | Synchronizing object | Sunset key
Fra:19 Mem:31.85M (Peak 31.85M) | Time:00:00.01 | Mem:0.02M, Peak:0.02M | Scene, ViewLayer | Synchronizing object | Plane
Fra:19 Mem:31.85M (Peak 31.85M) | Time:00:00.01 | Mem:0.02M, Peak:0.02M | Scene, ViewLayer | Synchronizing object | Paw toe.008
Fra:19 Mem:31.87M (Peak 31.87M) | Time:00:00.01 | Mem:0.02M, Peak:0.02M | Scene, ViewLayer | Synchronizing object | Raised elemental crest
Fra:19 Mem:31.85M (Peak 31.87M) | Time:00:00.01 | Mem:0.02M, Peak:0.02M | Scene, ViewLayer | Synchronizing object | Ivory claw.008
Fra:19 Mem:31.87M (Peak 31.87M) | Time:00:00.01 | Mem:0.02M, Peak:0.02M | Scene, ViewLayer | Synchronizing object | Paw toe.009
Fra:19 Mem:31.89M (Peak 31.89M) | Time:00:00.01 | Mem:0.02M, Peak:0.02M | Scene, ViewLayer | Synchronizing object | Ivory claw.009
Fra:19 Mem:31.90M (Peak 31.90M) | Time:00:00.01 | Mem:0.02M, Peak:0.02M | Scene, ViewLayer | Synchronizing object | Ivory claw.010
Fra:19 Mem:31.91M (Peak 31.91M) | Time:00:00.01 | Mem:0.02M, Peak:0.02M | Scene, ViewLayer | Synchronizing object | Paw toe.011
Fra:19 Mem:31.92M (Peak 31.92M) | Time:00:00.01 | Mem:0.02M, Peak:0.02M | Scene, ViewLayer | Synchronizing object | Head • species sculpt
Fra:19 Mem:32.11M (Peak 32.11M) | Time:00:00.01 | Mem:0.02M, Peak:0.02M | Scene, ViewLayer | Synchronizing object | Cream muzzle pad.001
Fra:19 Mem:32.16M (Peak 32.16M) | Time:00:00.01 | Mem:0.02M, Peak:0.02M | Scene, ViewLayer | Synchronizing object | Heart shaped nose
Fra:19 Mem:32.19M (Peak 32.19M) | Time:00:00.01 | Mem:0.02M, Peak:0.02M | Scene, ViewLayer | Synchronizing object | Eye socket
Fra:19 Mem:32.19M (Peak 32.19M) | Time:00:00.01 | Mem:0.02M, Peak:0.02M | Scene, ViewLayer | Synchronizing object | Iris
Fra:19 Mem:32.23M (Peak 32.23M) | Time:00:00.01 | Mem:0.02M, Peak:0.02M | Scene, ViewLayer | Synchronizing object | Pupil
Fra:19 Mem:32.27M (Peak 32.27M) | Time:00:00.01 | Mem:0.02M, Peak:0.02M | Scene, ViewLayer | Synchronizing object | Eye glint
Fra:19 Mem:32.30M (Peak 32.30M) | Time:00:00.01 | Mem:0.02M, Peak:0.02M | Scene, ViewLayer | Synchronizing object | Expressive brow
Fra:19 Mem:32.30M (Peak 32.30M) | Time:00:00.01 | Mem:0.02M, Peak:0.02M | Scene, ViewLayer | Synchronizing object | Whisker pore
Fra:19 Mem:32.30M (Peak 32.30M) | Time:00:00.01 | Mem:0.02M, Peak:0.02M | Scene, ViewLayer | Synchronizing object | Whisker pore.002
Fra:19 Mem:32.35M (Peak 32.35M) | Time:00:00.01 | Mem:0.02M, Peak:0.02M | Scene, ViewLayer | Synchronizing object | Eye socket.001
Fra:19 Mem:32.40M (Peak 32.40M) | Time:00:00.01 | Mem:0.02M, Peak:0.02M | Scene, ViewLayer | Synchronizing object | Ivory eye.001
Fra:19 Mem:32.51M (Peak 32.51M) | Time:00:00.01 | Mem:0.02M, Peak:0.02M | Scene, ViewLayer | Synchronizing object | Brass crest clasp
Fra:19 Mem:32.51M (Peak 32.51M) | Time:00:00.01 | Mem:0.02M, Peak:0.02M | Scene, ViewLayer | Synchronizing object | Expressive brow.001
Fra:19 Mem:32.54M (Peak 32.54M) | Time:00:00.01 | Mem:0.02M, Peak:0.02M | Scene, ViewLayer | Synchronizing object | Neckerchief folded point
Fra:19 Mem:32.56M (Peak 32.56M) | Time:00:00.01 | Mem:0.02M, Peak:0.02M | Scene, ViewLayer | Synchronizing object | Leather neckerchief roll
Fra:19 Mem:32.56M (Peak 32.56M) | Time:00:00.01 | Mem:0.02M, Peak:0.02M | Scene, ViewLayer | Synchronizing object | Flame tail tuft.006
Fra:19 Mem:32.58M (Peak 32.58M) | Time:00:00.01 | Mem:0.02M, Peak:0.02M | Scene, ViewLayer | Synchronizing object | Smiling mouth.001
Fra:19 Mem:32.58M (Peak 32.58M) | Time:00:00.01 | Mem:0.02M, Peak:0.02M | Scene, ViewLayer | Synchronizing object | Whisker pore.004
Fra:19 Mem:32.61M (Peak 32.61M) | Time:00:00.01 | Mem:0.02M, Peak:0.02M | Scene, ViewLayer | Synchronizing object | Whisker pore.005
Fra:19 Mem:32.61M (Peak 32.61M) | Time:00:00.01 | Mem:0.02M, Peak:0.02M | Scene, ViewLayer | Synchronizing object | Lower jaw
Fra:19 Mem:32.63M (Peak 32.63M) | Time:00:00.01 | Mem:0.02M, Peak:0.02M | Scene, ViewLayer | Synchronizing object | Mouth cavity
Fra:19 Mem:32.65M (Peak 32.65M) | Time:00:00.01 | Mem:0.02M, Peak:0.02M | Scene, ViewLayer | Synchronizing object | Lower canine
Fra:19 Mem:32.66M (Peak 32.66M) | Time:00:00.01 | Mem:0.02M, Peak:0.02M | Scene, ViewLayer | Synchronizing object | Rounded lion ear
Fra:19 Mem:32.70M (Peak 32.70M) | Time:00:00.01 | Mem:0.02M, Peak:0.02M | Scene, ViewLayer | Synchronizing object | Inner lion ear
Fra:19 Mem:32.71M (Peak 32.71M) | Time:00:00.01 | Mem:0.02M, Peak:0.02M | Scene, ViewLayer | Synchronizing object | Rounded lion ear.001
Fra:19 Mem:32.75M (Peak 32.75M) | Time:00:00.01 | Mem:0.02M, Peak:0.02M | Scene, ViewLayer | Synchronizing object | Inner lion ear.001
Fra:19 Mem:32.77M (Peak 32.77M) | Time:00:00.01 | Mem:0.02M, Peak:0.02M | Scene, ViewLayer | Synchronizing object | Sculpted mane lock.001
Fra:19 Mem:32.79M (Peak 32.79M) | Time:00:00.01 | Mem:0.02M, Peak:0.02M | Scene, ViewLayer | Synchronizing object | Sculpted mane lock.003
Fra:19 Mem:32.82M (Peak 32.82M) | Time:00:00.01 | Mem:0.02M, Peak:0.02M | Scene, ViewLayer | Synchronizing object | Flame tail tuft.004
Fra:19 Mem:32.86M (Peak 32.86M) | Time:00:00.01 | Mem:0.02M, Peak:0.02M | Scene, ViewLayer | Synchronizing object | Sculpted mane lock.005
Fra:19 Mem:32.88M (Peak 32.88M) | Time:00:00.01 | Mem:0.02M, Peak:0.02M | Scene, ViewLayer | Synchronizing object | Sculpted mane lock.006
Fra:19 Mem:32.89M (Peak 32.89M) | Time:00:00.01 | Mem:0.02M, Peak:0.02M | Scene, ViewLayer | Synchronizing object | Sculpted mane lock.008
Fra:19 Mem:32.90M (Peak 32.90M) | Time:00:00.01 | Mem:0.02M, Peak:0.02M | Scene, ViewLayer | Synchronizing object | Sculpted mane lock.009
Fra:19 Mem:32.90M (Peak 32.90M) | Time:00:00.01 | Mem:0.02M, Peak:0.02M | Scene, ViewLayer | Synchronizing object | Sculpted mane lock.011
Fra:19 Mem:32.90M (Peak 32.90M) | Time:00:00.01 | Mem:0.02M, Peak:0.02M | Scene, ViewLayer | Synchronizing object | Sculpted mane lock.012
Fra:19 Mem:32.91M (Peak 32.91M) | Time:00:00.01 | Mem:0.02M, Peak:0.02M | Scene, ViewLayer | Synchronizing object | Sculpted mane lock.014
Fra:19 Mem:32.92M (Peak 32.92M) | Time:00:00.01 | Mem:0.02M, Peak:0.02M | Scene, ViewLayer | Synchronizing object | Sculpted mane lock.015
Fra:19 Mem:32.93M (Peak 32.93M) | Time:00:00.01 | Mem:0.02M, Peak:0.02M | Scene, ViewLayer | Synchronizing object | Sculpted mane lock.016
Fra:19 Mem:32.93M (Peak 32.93M) | Time:00:00.01 | Mem:0.02M, Peak:0.02M | Scene, ViewLayer | Synchronizing object | Sculpted mane lock.017
Fra:19 Mem:32.94M (Peak 32.94M) | Time:00:00.01 | Mem:0.02M, Peak:0.02M | Scene, ViewLayer | Synchronizing object | Sculpted mane lock.018
Fra:19 Mem:32.94M (Peak 32.94M) | Time:00:00.01 | Mem:0.02M, Peak:0.02M | Scene, ViewLayer | Synchronizing object | Sculpted mane lock.020
Fra:19 Mem:32.95M (Peak 32.95M) | Time:00:00.01 | Mem:0.02M, Peak:0.02M | Scene, ViewLayer | Synchronizing object | Sculpted mane lock.021
Fra:19 Mem:32.95M (Peak 32.95M) | Time:00:00.01 | Mem:0.02M, Peak:0.02M | Scene, ViewLayer | Synchronizing object | Sculpted mane lock.022
Fra:19 Mem:32.98M (Peak 32.98M) | Time:00:00.01 | Mem:0.02M, Peak:0.02M | Scene, ViewLayer | Synchronizing object | Sculpted mane lock.023
Fra:19 Mem:32.97M (Peak 32.98M) | Time:00:00.01 | Mem:0.02M, Peak:0.02M | Scene, ViewLayer | Synchronizing object | Sculpted mane lock.024
Fra:19 Mem:32.97M (Peak 32.98M) | Time:00:00.01 | Mem:0.02M, Peak:0.02M | Scene, ViewLayer | Synchronizing object | Sculpted mane lock.025
Fra:19 Mem:32.98M (Peak 32.98M) | Time:00:00.01 | Mem:0.02M, Peak:0.02M | Scene, ViewLayer | Synchronizing object | Sculpted mane lock.026
Fra:19 Mem:32.98M (Peak 32.98M) | Time:00:00.01 | Mem:0.02M, Peak:0.02M | Scene, ViewLayer | Synchronizing object | Sculpted mane lock.027
Fra:19 Mem:33.00M (Peak 33.00M) | Time:00:00.01 | Mem:0.02M, Peak:0.02M | Scene, ViewLayer | Synchronizing object | Flame tail tuft.003
Fra:19 Mem:32.99M (Peak 33.00M) | Time:00:00.01 | Mem:0.02M, Peak:0.02M | Scene, ViewLayer | Synchronizing object | Sculpted mane lock.028
Fra:19 Mem:32.99M (Peak 33.00M) | Time:00:00.01 | Mem:0.02M, Peak:0.02M | Scene, ViewLayer | Synchronizing object | Sculpted mane lock.029
Fra:19 Mem:33.00M (Peak 33.00M) | Time:00:00.01 | Mem:0.02M, Peak:0.02M | Scene, ViewLayer | Synchronizing object | Sculpted mane lock.030
Fra:19 Mem:33.01M (Peak 33.01M) | Time:00:00.01 | Mem:0.02M, Peak:0.02M | Scene, ViewLayer | Synchronizing object | Sculpted mane lock.031
Fra:19 Mem:33.01M (Peak 33.01M) | Time:00:00.01 | Mem:0.02M, Peak:0.02M | Scene, ViewLayer | Synchronizing object | Sculpted mane lock.033
Fra:19 Mem:33.02M (Peak 33.02M) | Time:00:00.01 | Mem:0.02M, Peak:0.02M | Scene, ViewLayer | Synchronizing object | Sculpted mane lock.034
Fra:19 Mem:33.03M (Peak 33.03M) | Time:00:00.01 | Mem:0.02M, Peak:0.02M | Scene, ViewLayer | Synchronizing object | Sculpted mane lock.036
Fra:19 Mem:33.04M (Peak 33.04M) | Time:00:00.01 | Mem:0.02M, Peak:0.02M | Scene, ViewLayer | Synchronizing object | Sculpted mane lock.037
Fra:19 Mem:33.04M (Peak 33.04M) | Time:00:00.01 | Mem:0.02M, Peak:0.02M | Scene, ViewLayer | Synchronizing object | Sculpted mane lock.038
Fra:19 Mem:33.05M (Peak 33.05M) | Time:00:00.01 | Mem:0.02M, Peak:0.02M | Scene, ViewLayer | Synchronizing object | Sculpted mane lock.039
Fra:19 Mem:33.05M (Peak 33.05M) | Time:00:00.01 | Mem:0.02M, Peak:0.02M | Scene, ViewLayer | Synchronizing object | Sculpted mane lock.041
Fra:19 Mem:33.05M (Peak 33.05M) | Time:00:00.01 | Mem:0.02M, Peak:0.02M | Scene, ViewLayer | Synchronizing object | Sculpted mane lock.042
Fra:19 Mem:33.06M (Peak 33.06M) | Time:00:00.01 | Mem:0.02M, Peak:0.02M | Scene, ViewLayer | Synchronizing object | Sculpted mane lock.043
Fra:19 Mem:33.07M (Peak 33.07M) | Time:00:00.01 | Mem:0.02M, Peak:0.02M | Scene, ViewLayer | Synchronizing object | Sculpted mane lock.044
Fra:19 Mem:33.07M (Peak 33.07M) | Time:00:00.01 | Mem:0.02M, Peak:0.02M | Scene, ViewLayer | Synchronizing object | Sculpted mane lock.045
Fra:19 Mem:33.08M (Peak 33.08M) | Time:00:00.01 | Mem:0.02M, Peak:0.02M | Scene, ViewLayer | Synchronizing object | Sculpted mane lock.046
Fra:19 Mem:33.09M (Peak 33.09M) | Time:00:00.01 | Mem:0.02M, Peak:0.02M | Scene, ViewLayer | Synchronizing object | Sculpted mane lock.047
Fra:19 Mem:33.09M (Peak 33.09M) | Time:00:00.01 | Mem:0.02M, Peak:0.02M | Scene, ViewLayer | Synchronizing object | Sculpted mane lock.048
Fra:19 Mem:33.10M (Peak 33.10M) | Time:00:00.01 | Mem:0.02M, Peak:0.02M | Scene, ViewLayer | Synchronizing object | Sculpted mane lock.049
Fra:19 Mem:33.10M (Peak 33.10M) | Time:00:00.01 | Mem:0.02M, Peak:0.02M | Scene, ViewLayer | Synchronizing object | Sculpted mane lock.050
Fra:19 Mem:33.11M (Peak 33.11M) | Time:00:00.01 | Mem:0.02M, Peak:0.02M | Scene, ViewLayer | Synchronizing object | Layered shoulder fur.001
Fra:19 Mem:33.13M (Peak 33.13M) | Time:00:00.01 | Mem:0.02M, Peak:0.02M | Scene, ViewLayer | Synchronizing object | Layered shoulder fur.002
Fra:19 Mem:33.13M (Peak 33.13M) | Time:00:00.01 | Mem:0.02M, Peak:0.02M | Scene, ViewLayer | Synchronizing object | Wrist fur
Fra:19 Mem:33.12M (Peak 33.13M) | Time:00:00.01 | Mem:0.02M, Peak:0.02M | Scene, ViewLayer | Synchronizing object | Wrist fur.001
Fra:19 Mem:33.12M (Peak 33.13M) | Time:00:00.01 | Mem:0.02M, Peak:0.02M | Scene, ViewLayer | Synchronizing object | Flame tail tuft.002
Fra:19 Mem:33.15M (Peak 33.15M) | Time:00:00.01 | Mem:0.02M, Peak:0.02M | Scene, ViewLayer | Synchronizing object | Flame tail tuft.001
Fra:19 Mem:33.15M (Peak 33.15M) | Time:00:00.01 | Mem:0.02M, Peak:0.02M | Scene, ViewLayer | Synchronizing object | Layered shoulder fur.003
Fra:19 Mem:33.14M (Peak 33.15M) | Time:00:00.01 | Mem:0.02M, Peak:0.02M | Scene, ViewLayer | Synchronizing object | Flame tail tuft
Fra:19 Mem:33.15M (Peak 33.15M) | Time:00:00.01 | Mem:0.02M, Peak:0.02M | Scene, ViewLayer | Synchronizing object | Articulated tail
Fra:19 Mem:33.15M (Peak 33.15M) | Time:00:00.01 | Mem:0.02M, Peak:0.02M | Scene, ViewLayer | Synchronizing object | Wrist fur.003
Fra:19 Mem:33.18M (Peak 33.18M) | Time:00:00.01 | Mem:0.02M, Peak:0.02M | Scene, ViewLayer | Synchronizing object | Wrist fur.011
Fra:19 Mem:33.18M (Peak 33.18M) | Time:00:00.01 | Mem:0.02M, Peak:0.02M | Scene, ViewLayer | Synchronizing object | Wrist fur.005
Fra:19 Mem:33.19M (Peak 33.19M) | Time:00:00.01 | Mem:0.02M, Peak:0.02M | Scene, ViewLayer | Synchronizing object | Wrist fur.010
Fra:19 Mem:33.20M (Peak 33.20M) | Time:00:00.01 | Mem:0.02M, Peak:0.02M | Scene, ViewLayer | Synchronizing object | Layered shoulder fur.006
Fra:19 Mem:33.20M (Peak 33.20M) | Time:00:00.01 | Mem:0.02M, Peak:0.02M | Scene, ViewLayer | Synchronizing object | Layered shoulder fur.007
Fra:19 Mem:33.20M (Peak 33.20M) | Time:00:00.01 | Mem:0.02M, Peak:0.02M | Scene, ViewLayer | Synchronizing object | Wrist fur.006
Fra:19 Mem:33.21M (Peak 33.21M) | Time:00:00.01 | Mem:0.02M, Peak:0.02M | Scene, ViewLayer | Synchronizing object | Wrist fur.007
Fra:19 Mem:33.22M (Peak 33.22M) | Time:00:00.01 | Mem:0.02M, Peak:0.02M | Scene, ViewLayer | Synchronizing object | Wrist fur.008
Fra:19 Mem:33.22M (Peak 33.22M) | Time:00:00.01 | Mem:0.02M, Peak:0.02M | Scene, ViewLayer | Synchronizing object | Layered shoulder fur.009
Fra:19 Mem:33.22M (Peak 33.22M) | Time:00:00.01 | Mem:0.02M, Peak:0.02M | Scene, ViewLayer | Synchronizing object | Layered shoulder fur.011
Fra:19 Mem:33.24M (Peak 33.24M) | Time:00:00.01 | Mem:0.02M, Peak:0.02M | Scene, ViewLayer | Synchronizing object | Wrist fur.009
Fra:19 Mem:33.25M (Peak 33.25M) | Time:00:00.01 | Mem:0.02M, Peak:0.02M | Scene, ViewLayer | Initializing
Fra:19 Mem:31.06M (Peak 33.25M) | Time:00:00.01 | Mem:0.02M, Peak:0.02M | Scene, ViewLayer | Updating Images | Loading Authored short-fur normal
Fra:19 Mem:26.33M (Peak 33.25M) | Time:00:00.02 | Mem:0.27M, Peak:0.27M | Scene, ViewLayer | Waiting for render to start
Fra:19 Mem:26.33M (Peak 33.25M) | Time:00:00.02 | Mem:0.27M, Peak:0.27M | Scene, ViewLayer | Updating Scene
Fra:19 Mem:26.33M (Peak 33.25M) | Time:00:00.02 | Mem:0.27M, Peak:0.27M | Scene, ViewLayer | Updating Shaders
Fra:19 Mem:26.33M (Peak 33.25M) | Time:00:00.02 | Mem:0.27M, Peak:0.27M | Scene, ViewLayer | Loading render kernels (may take a few minutes the first time)
Fra:19 Mem:26.41M (Peak 33.25M) | Time:00:00.12 | Mem:0.28M, Peak:0.28M | Scene, ViewLayer | Updating Procedurals
Fra:19 Mem:26.41M (Peak 33.25M) | Time:00:00.12 | Mem:0.28M, Peak:0.28M | Scene, ViewLayer | Updating Background
Fra:19 Mem:26.41M (Peak 33.25M) | Time:00:00.12 | Mem:0.28M, Peak:0.28M | Scene, ViewLayer | Updating Camera
Fra:19 Mem:26.41M (Peak 33.25M) | Time:00:00.12 | Mem:0.28M, Peak:0.28M | Scene, ViewLayer | Updating Meshes Flags
Fra:19 Mem:26.41M (Peak 33.25M) | Time:00:00.12 | Mem:0.28M, Peak:0.28M | Scene, ViewLayer | Updating Objects
Fra:19 Mem:26.41M (Peak 33.25M) | Time:00:00.12 | Mem:0.28M, Peak:0.28M | Scene, ViewLayer | Updating Objects | Copying Transformations to device
Fra:19 Mem:26.41M (Peak 33.25M) | Time:00:00.12 | Mem:0.33M, Peak:0.33M | Scene, ViewLayer | Updating Particle Systems
Fra:19 Mem:26.41M (Peak 33.25M) | Time:00:00.12 | Mem:0.33M, Peak:0.33M | Scene, ViewLayer | Updating Particle Systems | Copying Particles to device
Fra:19 Mem:26.41M (Peak 33.25M) | Time:00:00.12 | Mem:0.33M, Peak:0.33M | Scene, ViewLayer | Updating Meshes
Fra:19 Mem:27.43M (Peak 33.25M) | Time:00:00.13 | Mem:0.33M, Peak:0.33M | Scene, ViewLayer | Updating Objects | Applying Static Transformations
Fra:19 Mem:27.43M (Peak 33.25M) | Time:00:00.13 | Mem:0.33M, Peak:0.33M | Scene, ViewLayer | Updating Mesh | Computing attributes
Fra:19 Mem:28.85M (Peak 33.25M) | Time:00:00.13 | Mem:0.36M, Peak:0.36M | Scene, ViewLayer | Updating Mesh | Copying Attributes to device
Fra:19 Mem:27.43M (Peak 33.25M) | Time:00:00.28 | Mem:1.81M, Peak:1.81M | Scene, ViewLayer | Updating Geometry BVH Ivory claw.001 6/149 | Building BVH
Fra:19 Mem:27.43M (Peak 33.25M) | Time:00:00.28 | Mem:1.81M, Peak:1.81M | Scene, ViewLayer | Updating Geometry BVH Ivory claw.002 8/149 | Building BVH
Fra:19 Mem:27.43M (Peak 33.25M) | Time:00:00.28 | Mem:1.81M, Peak:1.81M | Scene, ViewLayer | Updating Geometry BVH Warm rim 149/149 | Building BVH
Fra:19 Mem:27.43M (Peak 33.25M) | Time:00:00.28 | Mem:1.81M, Peak:1.81M | Scene, ViewLayer | Updating Geometry BVH Sky fill 148/149 | Building BVH
Fra:19 Mem:27.43M (Peak 33.25M) | Time:00:00.28 | Mem:1.81M, Peak:1.81M | Scene, ViewLayer | Updating Geometry BVH Sunset key 147/149 | Building BVH
Fra:19 Mem:27.43M (Peak 33.25M) | Time:00:00.28 | Mem:1.81M, Peak:1.81M | Scene, ViewLayer | Updating Geometry BVH Plane 146/149 | Building BVH
Fra:19 Mem:27.43M (Peak 33.25M) | Time:00:00.28 | Mem:1.81M, Peak:1.81M | Scene, ViewLayer | Updating Geometry BVH Plane 146/149 | Building mesh BLAS |       2 tris | Plane
Fra:19 Mem:27.43M (Peak 33.25M) | Time:00:00.28 | Mem:1.81M, Peak:1.81M | Scene, ViewLayer | Updating Geometry BVH Plane 146/149 | Building mesh BLAS |      32 tris | Ivory claw.002
Fra:19 Mem:27.43M (Peak 33.25M) | Time:00:00.28 | Mem:1.81M, Peak:1.81M | Scene, ViewLayer | Updating Geometry BVH Plane 146/149 | Building mesh BLAS |     192 tris | Paw toe.001
Fra:19 Mem:27.43M (Peak 33.25M) | Time:00:00.28 | Mem:1.81M, Peak:1.81M | Scene, ViewLayer | Updating Geometry BVH Plane 146/149 | Building mesh BLAS |     192 tris | Paw toe
Fra:19 Mem:27.43M (Peak 33.25M) | Time:00:00.28 | Mem:1.81M, Peak:1.81M | Scene, ViewLayer | Updating Geometry BVH Plane 146/149 | Building mesh BLAS |    4170 tris | ribcage
Fra:19 Mem:27.43M (Peak 33.25M) | Time:00:00.28 | Mem:1.81M, Peak:1.81M | Scene, ViewLayer | Updating Geometry BVH Plane 146/149 | Building mesh BLAS |     192 tris | Paw toe.002
Fra:19 Mem:27.43M (Peak 33.25M) | Time:00:00.28 | Mem:1.81M, Peak:1.81M | Scene, ViewLayer | Updating Geometry BVH Paw toe.003 9/149 | Building BVH
Fra:19 Mem:27.43M (Peak 33.25M) | Time:00:00.28 | Mem:1.81M, Peak:1.81M | Scene, ViewLayer | Updating Geometry BVH Paw toe.003 9/149 | Building mesh BLAS |     192 tris | Paw toe.003
Fra:19 Mem:27.43M (Peak 33.25M) | Time:00:00.28 | Mem:1.81M, Peak:1.81M | Scene, ViewLayer | Updating Geometry BVH Paw toe.003 9/149 | Building mesh BLAS |      32 tris | Ivory claw
Fra:19 Mem:27.43M (Peak 33.25M) | Time:00:00.28 | Mem:1.81M, Peak:1.81M | Scene, ViewLayer | Updating Geometry BVH Ivory claw.003 10/149 | Building BVH
Fra:19 Mem:27.43M (Peak 33.25M) | Time:00:00.28 | Mem:1.81M, Peak:1.81M | Scene, ViewLayer | Updating Geometry BVH Ivory claw.003 10/149 | Building mesh BLAS |      32 tris | Ivory claw.003
Fra:19 Mem:27.43M (Peak 33.25M) | Time:00:00.28 | Mem:1.81M, Peak:1.81M | Scene, ViewLayer | Updating Geometry BVH Paw toe.004 11/149 | Building BVH
Fra:19 Mem:27.43M (Peak 33.25M) | Time:00:00.28 | Mem:1.81M, Peak:1.81M | Scene, ViewLayer | Updating Geometry BVH Paw toe.004 11/149 | Building mesh BLAS |     192 tris | Paw toe.004
Fra:19 Mem:27.43M (Peak 33.25M) | Time:00:00.28 | Mem:1.81M, Peak:1.81M | Scene, ViewLayer | Updating Geometry BVH Ivory claw.004 12/149 | Building BVH
Fra:19 Mem:27.43M (Peak 33.25M) | Time:00:00.28 | Mem:1.81M, Peak:1.81M | Scene, ViewLayer | Updating Geometry BVH Ivory claw.004 12/149 | Building mesh BLAS |      32 tris | Ivory claw.004
Fra:19 Mem:27.43M (Peak 33.25M) | Time:00:00.28 | Mem:1.81M, Peak:1.81M | Scene, ViewLayer | Updating Geometry BVH Paw toe.005 13/149 | Building BVH
Fra:19 Mem:27.43M (Peak 33.25M) | Time:00:00.28 | Mem:1.81M, Peak:1.81M | Scene, ViewLayer | Updating Geometry BVH Paw toe.005 13/149 | Building mesh BLAS |     192 tris | Paw toe.005
Fra:19 Mem:27.43M (Peak 33.25M) | Time:00:00.28 | Mem:1.81M, Peak:1.81M | Scene, ViewLayer | Updating Geometry BVH Raised elemental crest 145/149 | Building BVH
Fra:19 Mem:27.43M (Peak 33.25M) | Time:00:00.28 | Mem:1.81M, Peak:1.81M | Scene, ViewLayer | Updating Geometry BVH Raised elemental crest 145/149 | Building mesh BLAS |      36 tris | Raised elemental crest
Fra:19 Mem:27.43M (Peak 33.25M) | Time:00:00.28 | Mem:1.81M, Peak:1.81M | Scene, ViewLayer | Updating Geometry BVH Ivory claw.005 14/149 | Building BVH
Fra:19 Mem:27.43M (Peak 33.25M) | Time:00:00.28 | Mem:1.81M, Peak:1.81M | Scene, ViewLayer | Updating Geometry BVH Ivory claw.005 14/149 | Building mesh BLAS |      32 tris | Ivory claw.005
Fra:19 Mem:27.43M (Peak 33.25M) | Time:00:00.28 | Mem:1.81M, Peak:1.81M | Scene, ViewLayer | Updating Geometry BVH Brass crest clasp 144/149 | Building BVH
Fra:19 Mem:27.43M (Peak 33.25M) | Time:00:00.28 | Mem:1.81M, Peak:1.81M | Scene, ViewLayer | Updating Geometry BVH Ivory claw.006 16/149 | Building BVH
Fra:19 Mem:27.43M (Peak 33.25M) | Time:00:00.28 | Mem:1.81M, Peak:1.81M | Scene, ViewLayer | Updating Geometry BVH Ivory claw.006 16/149 | Building mesh BLAS |     320 tris | Brass crest clasp
Fra:19 Mem:27.43M (Peak 33.25M) | Time:00:00.28 | Mem:1.81M, Peak:1.81M | Scene, ViewLayer | Updating Geometry BVH Ivory claw.006 16/149 | Building mesh BLAS |      32 tris | Ivory claw.006
Fra:19 Mem:27.43M (Peak 33.25M) | Time:00:00.28 | Mem:1.81M, Peak:1.81M | Scene, ViewLayer | Updating Geometry BVH Paw toe.007 17/149 | Building BVH
Fra:19 Mem:27.43M (Peak 33.25M) | Time:00:00.28 | Mem:1.81M, Peak:1.81M | Scene, ViewLayer | Updating Geometry BVH Paw toe.006 15/149 | Building BVH
Fra:19 Mem:27.43M (Peak 33.25M) | Time:00:00.28 | Mem:1.81M, Peak:1.81M | Scene, ViewLayer | Updating Geometry BVH Paw toe.006 15/149 | Building mesh BLAS |     192 tris | Paw toe.006
Fra:19 Mem:27.43M (Peak 33.25M) | Time:00:00.28 | Mem:1.81M, Peak:1.81M | Scene, ViewLayer | Updating Geometry BVH Ivory claw.007 18/149 | Building BVH
Fra:19 Mem:27.43M (Peak 33.25M) | Time:00:00.28 | Mem:1.81M, Peak:1.81M | Scene, ViewLayer | Updating Geometry BVH Ivory claw.007 18/149 | Building mesh BLAS |      32 tris | Ivory claw.007
Fra:19 Mem:27.43M (Peak 33.25M) | Time:00:00.28 | Mem:1.81M, Peak:1.81M | Scene, ViewLayer | Updating Geometry BVH Paw toe.008 19/149 | Building BVH
Fra:19 Mem:27.43M (Peak 33.25M) | Time:00:00.28 | Mem:1.81M, Peak:1.81M | Scene, ViewLayer | Updating Geometry BVH Paw toe.008 19/149 | Building mesh BLAS |     192 tris | Paw toe.008
Fra:19 Mem:27.43M (Peak 33.25M) | Time:00:00.28 | Mem:1.81M, Peak:1.81M | Scene, ViewLayer | Updating Geometry BVH Ivory claw.008 20/149 | Building BVH
Fra:19 Mem:27.43M (Peak 33.25M) | Time:00:00.28 | Mem:1.81M, Peak:1.81M | Scene, ViewLayer | Updating Geometry BVH Ivory claw.009 22/149 | Building BVH
Fra:19 Mem:27.43M (Peak 33.25M) | Time:00:00.28 | Mem:1.81M, Peak:1.81M | Scene, ViewLayer | Updating Geometry BVH Ivory claw.009 22/149 | Building mesh BLAS |      32 tris | Ivory claw.009
Fra:19 Mem:27.43M (Peak 33.25M) | Time:00:00.28 | Mem:1.81M, Peak:1.81M | Scene, ViewLayer | Updating Geometry BVH Paw toe.010 23/149 | Building BVH
Fra:19 Mem:27.43M (Peak 33.25M) | Time:00:00.28 | Mem:1.81M, Peak:1.81M | Scene, ViewLayer | Updating Geometry BVH Paw toe.010 23/149 | Building mesh BLAS |     192 tris | Paw toe.010
Fra:19 Mem:27.43M (Peak 33.25M) | Time:00:00.28 | Mem:1.81M, Peak:1.81M | Scene, ViewLayer | Updating Geometry BVH Paw toe.010 23/149 | Building mesh BLAS |      32 tris | Ivory claw.008
Fra:19 Mem:27.43M (Peak 33.25M) | Time:00:00.28 | Mem:1.81M, Peak:1.81M | Scene, ViewLayer | Updating Geometry BVH Paw toe.009 21/149 | Building BVH
Fra:19 Mem:27.43M (Peak 33.25M) | Time:00:00.28 | Mem:1.81M, Peak:1.81M | Scene, ViewLayer | Updating Geometry BVH Paw toe.009 21/149 | Building mesh BLAS |     192 tris | Paw toe.009
Fra:19 Mem:27.43M (Peak 33.25M) | Time:00:00.28 | Mem:1.81M, Peak:1.81M | Scene, ViewLayer | Updating Geometry BVH Ivory claw.010 24/149 | Building BVH
Fra:19 Mem:27.43M (Peak 33.25M) | Time:00:00.28 | Mem:1.81M, Peak:1.81M | Scene, ViewLayer | Updating Geometry BVH Ivory claw.010 24/149 | Building mesh BLAS |      32 tris | Ivory claw.010
Fra:19 Mem:27.43M (Peak 33.25M) | Time:00:00.28 | Mem:1.81M, Peak:1.81M | Scene, ViewLayer | Updating Geometry BVH Neckerchief folded point 143/149 | Building BVH
Fra:19 Mem:27.43M (Peak 33.25M) | Time:00:00.28 | Mem:1.81M, Peak:1.81M | Scene, ViewLayer | Updating Geometry BVH Paw toe.011 25/149 | Building BVH
Fra:19 Mem:27.43M (Peak 33.25M) | Time:00:00.28 | Mem:1.81M, Peak:1.81M | Scene, ViewLayer | Updating Geometry BVH Paw toe.011 25/149 | Building mesh BLAS |     192 tris | Paw toe.011
Fra:19 Mem:27.43M (Peak 33.25M) | Time:00:00.28 | Mem:1.81M, Peak:1.81M | Scene, ViewLayer | Updating Geometry BVH Ivory claw.011 26/149 | Building BVH
Fra:19 Mem:27.43M (Peak 33.25M) | Time:00:00.28 | Mem:1.81M, Peak:1.81M | Scene, ViewLayer | Updating Geometry BVH Ivory claw.011 26/149 | Building mesh BLAS |      32 tris | Ivory claw.011
Fra:19 Mem:27.43M (Peak 33.25M) | Time:00:00.28 | Mem:1.81M, Peak:1.81M | Scene, ViewLayer | Updating Geometry BVH Skull 27/149 | Building BVH
Fra:19 Mem:27.43M (Peak 33.25M) | Time:00:00.28 | Mem:1.81M, Peak:1.81M | Scene, ViewLayer | Updating Geometry BVH Skull 27/149 | Building mesh BLAS |    2832 tris | Skull
Fra:19 Mem:27.43M (Peak 33.25M) | Time:00:00.28 | Mem:1.81M, Peak:1.81M | Scene, ViewLayer | Updating Geometry BVH Cream muzzle pad 28/149 | Building BVH
Fra:19 Mem:27.43M (Peak 33.25M) | Time:00:00.28 | Mem:1.81M, Peak:1.81M | Scene, ViewLayer | Updating Geometry BVH Cream muzzle pad 28/149 | Building mesh BLAS |     480 tris | Cream muzzle pad
Fra:19 Mem:27.43M (Peak 33.25M) | Time:00:00.28 | Mem:1.81M, Peak:1.81M | Scene, ViewLayer | Updating Geometry BVH Cream muzzle pad.001 29/149 | Building BVH
Fra:19 Mem:27.43M (Peak 33.25M) | Time:00:00.28 | Mem:1.81M, Peak:1.81M | Scene, ViewLayer | Updating Geometry BVH Heart shaped nose 30/149 | Building BVH
Fra:19 Mem:27.43M (Peak 33.25M) | Time:00:00.28 | Mem:1.81M, Peak:1.81M | Scene, ViewLayer | Updating Geometry BVH Heart shaped nose 30/149 | Building mesh BLAS |       6 tris | Heart shaped nose
Fra:19 Mem:27.43M (Peak 33.25M) | Time:00:00.28 | Mem:1.81M, Peak:1.81M | Scene, ViewLayer | Updating Geometry BVH Heart shaped nose 30/149 | Building mesh BLAS |     480 tris | Cream muzzle pad.001
Fra:19 Mem:27.43M (Peak 33.25M) | Time:00:00.28 | Mem:1.81M, Peak:1.81M | Scene, ViewLayer | Updating Geometry BVH Leather neckerchief roll 142/149 | Building BVH
Fra:19 Mem:27.43M (Peak 33.25M) | Time:00:00.28 | Mem:1.81M, Peak:1.81M | Scene, ViewLayer | Updating Geometry BVH Iris 33/149 | Building BVH
Fra:19 Mem:27.43M (Peak 33.25M) | Time:00:00.28 | Mem:1.81M, Peak:1.81M | Scene, ViewLayer | Updating Geometry BVH Iris 33/149 | Building mesh BLAS |      76 tris | Leather neckerchief roll
Fra:19 Mem:27.43M (Peak 33.25M) | Time:00:00.28 | Mem:1.81M, Peak:1.81M | Scene, ViewLayer | Updating Geometry BVH Eye glint 35/149 | Building mesh BLAS |     480 tris | Ivory eye
Fra:19 Mem:27.43M (Peak 33.25M) | Time:00:00.28 | Mem:1.81M, Peak:1.81M | Scene, ViewLayer | Updating Geometry BVH Expressive brow 36/149 | Building BVH
Fra:19 Mem:27.43M (Peak 33.25M) | Time:00:00.28 | Mem:1.81M, Peak:1.81M | Scene, ViewLayer | Updating Geometry BVH Expressive brow 36/149 | Building mesh BLAS |      44 tris | Expressive brow
Fra:19 Mem:27.43M (Peak 33.25M) | Time:00:00.28 | Mem:1.81M, Peak:1.81M | Scene, ViewLayer | Updating Geometry BVH Smiling mouth 37/149 | Building BVH
Fra:19 Mem:27.43M (Peak 33.25M) | Time:00:00.28 | Mem:1.81M, Peak:1.81M | Scene, ViewLayer | Updating Geometry BVH Smiling mouth 37/149 | Building mesh BLAS |     320 tris | Pupil
Fra:19 Mem:27.43M (Peak 33.25M) | Time:00:00.28 | Mem:1.81M, Peak:1.81M | Scene, ViewLayer | Updating Geometry BVH Smiling mouth 37/149 | Building mesh BLAS |      32 tris | Smiling mouth
Fra:19 Mem:27.43M (Peak 33.25M) | Time:00:00.28 | Mem:1.81M, Peak:1.81M | Scene, ViewLayer | Updating Geometry BVH Smiling mouth 37/149 | Building mesh BLAS |     192 tris | Eye glint
Fra:19 Mem:27.43M (Peak 33.25M) | Time:00:00.28 | Mem:1.81M, Peak:1.81M | Scene, ViewLayer | Updating Geometry BVH Flame tail tuft.006 141/149 | Building BVH
Fra:19 Mem:27.43M (Peak 33.25M) | Time:00:00.28 | Mem:1.81M, Peak:1.81M | Scene, ViewLayer | Updating Geometry BVH Whisker pore 38/149 | Building BVH
Fra:19 Mem:27.43M (Peak 33.25M) | Time:00:00.28 | Mem:1.81M, Peak:1.81M | Scene, ViewLayer | Updating Geometry BVH Whisker pore 38/149 | Building mesh BLAS |     480 tris | Iris
Fra:19 Mem:27.43M (Peak 33.25M) | Time:00:00.28 | Mem:1.81M, Peak:1.81M | Scene, ViewLayer | Updating Geometry BVH Whisker pore.001 39/149 | Building BVH
Fra:19 Mem:27.43M (Peak 33.25M) | Time:00:00.28 | Mem:1.81M, Peak:1.81M | Scene, ViewLayer | Updating Geometry BVH Whisker pore.001 39/149 | Building mesh BLAS |      64 tris | Whisker pore
Fra:19 Mem:27.43M (Peak 33.25M) | Time:00:00.28 | Mem:1.81M, Peak:1.81M | Scene, ViewLayer | Updating Geometry BVH Whisker pore.001 39/149 | Building mesh BLAS |      64 tris | Whisker pore.001
Fra:19 Mem:27.43M (Peak 33.25M) | Time:00:00.28 | Mem:1.81M, Peak:1.81M | Scene, ViewLayer | Updating Geometry BVH Whisker pore.002 40/149 | Building BVH
Fra:19 Mem:27.43M (Peak 33.25M) | Time:00:00.28 | Mem:1.81M, Peak:1.81M | Scene, ViewLayer | Updating Geometry BVH Eye socket.001 41/149 | Building BVH
Fra:19 Mem:27.43M (Peak 33.25M) | Time:00:00.28 | Mem:1.81M, Peak:1.81M | Scene, ViewLayer | Updating Geometry BVH Eye socket.001 41/149 | Building mesh BLAS |      64 tris | Whisker pore.002
Fra:19 Mem:27.43M (Peak 33.25M) | Time:00:00.28 | Mem:1.81M, Peak:1.81M | Scene, ViewLayer | Updating Geometry BVH Eye socket.001 41/149 | Building mesh BLAS |     480 tris | Eye socket.001
Fra:19 Mem:27.43M (Peak 33.25M) | Time:00:00.28 | Mem:1.81M, Peak:1.81M | Scene, ViewLayer | Updating Geometry BVH Ivory eye.001 42/149 | Building BVH
Fra:19 Mem:27.43M (Peak 33.25M) | Time:00:00.28 | Mem:1.81M, Peak:1.81M | Scene, ViewLayer | Updating Geometry BVH Ivory eye.001 42/149 | Building mesh BLAS |     480 tris | Ivory eye.001
Fra:19 Mem:27.43M (Peak 33.25M) | Time:00:00.28 | Mem:1.81M, Peak:1.81M | Scene, ViewLayer | Updating Geometry BVH Flame tail tuft.005 140/149 | Building BVH
Fra:19 Mem:27.43M (Peak 33.25M) | Time:00:00.28 | Mem:1.81M, Peak:1.81M | Scene, ViewLayer | Updating Geometry BVH Iris.001 43/149 | Building BVH
Fra:19 Mem:27.43M (Peak 33.25M) | Time:00:00.28 | Mem:1.81M, Peak:1.81M | Scene, ViewLayer | Updating Geometry BVH Iris.001 43/149 | Building mesh BLAS |      44 tris | Flame tail tuft.005
Fra:19 Mem:27.43M (Peak 33.25M) | Time:00:00.28 | Mem:1.81M, Peak:1.81M | Scene, ViewLayer | Updating Geometry BVH Eye glint.001 45/149 | Building BVH
Fra:19 Mem:27.43M (Peak 33.25M) | Time:00:00.28 | Mem:1.81M, Peak:1.81M | Scene, ViewLayer | Updating Geometry BVH Eye glint.001 45/149 | Building mesh BLAS |     192 tris | Eye glint.001
Fra:19 Mem:27.43M (Peak 33.25M) | Time:00:00.28 | Mem:1.81M, Peak:1.81M | Scene, ViewLayer | Updating Geometry BVH Expressive brow.001 46/149 | Building BVH
Fra:19 Mem:27.43M (Peak 33.25M) | Time:00:00.28 | Mem:1.81M, Peak:1.81M | Scene, ViewLayer | Updating Geometry BVH Expressive brow.001 46/149 | Building mesh BLAS |      44 tris | Expressive brow.001
Fra:19 Mem:27.43M (Peak 33.25M) | Time:00:00.28 | Mem:1.81M, Peak:1.81M | Scene, ViewLayer | Updating Geometry BVH Smiling mouth.001 47/149 | Building BVH
Fra:19 Mem:27.43M (Peak 33.25M) | Time:00:00.28 | Mem:1.81M, Peak:1.81M | Scene, ViewLayer | Updating Geometry BVH Smiling mouth.001 47/149 | Building mesh BLAS |      32 tris | Smiling mouth.001
Fra:19 Mem:27.43M (Peak 33.25M) | Time:00:00.28 | Mem:1.81M, Peak:1.81M | Scene, ViewLayer | Updating Geometry BVH Whisker pore.003 48/149 | Building BVH
Fra:19 Mem:27.43M (Peak 33.25M) | Time:00:00.28 | Mem:1.81M, Peak:1.81M | Scene, ViewLayer | Updating Geometry BVH Whisker pore.003 48/149 | Building mesh BLAS |     320 tris | Pupil.001
Fra:19 Mem:27.43M (Peak 33.25M) | Time:00:00.28 | Mem:1.81M, Peak:1.81M | Scene, ViewLayer | Updating Geometry BVH Whisker pore.003 48/149 | Building mesh BLAS |      64 tris | Whisker pore.003
Fra:19 Mem:27.43M (Peak 33.25M) | Time:00:00.28 | Mem:1.81M, Peak:1.81M | Scene, ViewLayer | Updating Geometry BVH Flame tail tuft.004 139/149 | Building BVH
Fra:19 Mem:27.43M (Peak 33.25M) | Time:00:00.28 | Mem:1.81M, Peak:1.81M | Scene, ViewLayer | Updating Geometry BVH Flame tail tuft.004 139/149 | Building mesh BLAS |      44 tris | Flame tail tuft.004
Fra:19 Mem:27.43M (Peak 33.25M) | Time:00:00.28 | Mem:1.81M, Peak:1.81M | Scene, ViewLayer | Updating Geometry BVH Whisker pore.004 49/149 | Building BVH
Fra:19 Mem:27.43M (Peak 33.25M) | Time:00:00.28 | Mem:1.81M, Peak:1.81M | Scene, ViewLayer | Updating Geometry BVH Whisker pore.004 49/149 | Building mesh BLAS |      64 tris | Whisker pore.004
Fra:19 Mem:27.43M (Peak 33.25M) | Time:00:00.28 | Mem:1.81M, Peak:1.81M | Scene, ViewLayer | Updating Geometry BVH Whisker pore.005 50/149 | Building BVH
Fra:19 Mem:27.43M (Peak 33.25M) | Time:00:00.28 | Mem:1.81M, Peak:1.81M | Scene, ViewLayer | Updating Geometry BVH Whisker pore.005 50/149 | Building mesh BLAS |      64 tris | Whisker pore.005
Fra:19 Mem:27.43M (Peak 33.25M) | Time:00:00.28 | Mem:1.81M, Peak:1.81M | Scene, ViewLayer | Updating Geometry BVH Lower jaw 51/149 | Building BVH
Fra:19 Mem:27.43M (Peak 33.25M) | Time:00:00.28 | Mem:1.81M, Peak:1.81M | Scene, ViewLayer | Updating Geometry BVH Lower jaw 51/149 | Building mesh BLAS |     400 tris | Lower jaw
Fra:19 Mem:27.43M (Peak 33.25M) | Time:00:00.28 | Mem:1.81M, Peak:1.81M | Scene, ViewLayer | Updating Geometry BVH Mouth cavity 52/149 | Building BVH
Fra:19 Mem:27.43M (Peak 33.25M) | Time:00:00.28 | Mem:1.81M, Peak:1.81M | Scene, ViewLayer | Updating Geometry BVH Mouth cavity 52/149 | Building mesh BLAS |     360 tris | Mouth cavity
Fra:19 Mem:27.43M (Peak 33.25M) | Time:00:00.28 | Mem:1.81M, Peak:1.81M | Scene, ViewLayer | Updating Geometry BVH Lower canine 53/149 | Building BVH
Fra:19 Mem:27.43M (Peak 33.25M) | Time:00:00.28 | Mem:1.81M, Peak:1.81M | Scene, ViewLayer | Updating Geometry BVH Lower canine 53/149 | Building mesh BLAS |      38 tris | Lower canine
Fra:19 Mem:27.43M (Peak 33.25M) | Time:00:00.28 | Mem:1.81M, Peak:1.81M | Scene, ViewLayer | Updating Geometry BVH Lower canine.001 54/149 | Building BVH
Fra:19 Mem:27.43M (Peak 33.25M) | Time:00:00.28 | Mem:1.81M, Peak:1.81M | Scene, ViewLayer | Updating Geometry BVH Lower canine.001 54/149 | Building mesh BLAS |      38 tris | Lower canine.001
Fra:19 Mem:27.43M (Peak 33.25M) | Time:00:00.28 | Mem:1.81M, Peak:1.81M | Scene, ViewLayer | Updating Geometry BVH Rounded lion ear 55/149 | Building BVH
Fra:19 Mem:27.43M (Peak 33.25M) | Time:00:00.28 | Mem:1.81M, Peak:1.81M | Scene, ViewLayer | Updating Geometry BVH Rounded lion ear 55/149 | Building mesh BLAS |     432 tris | Rounded lion ear
Fra:19 Mem:27.43M (Peak 33.25M) | Time:00:00.28 | Mem:1.81M, Peak:1.81M | Scene, ViewLayer | Updating Geometry BVH Inner lion ear 56/149 | Building BVH
Fra:19 Mem:27.43M (Peak 33.25M) | Time:00:00.28 | Mem:1.81M, Peak:1.81M | Scene, ViewLayer | Updating Geometry BVH Inner lion ear 56/149 | Building mesh BLAS |     320 tris | Inner lion ear
Fra:19 Mem:27.43M (Peak 33.25M) | Time:00:00.28 | Mem:1.81M, Peak:1.81M | Scene, ViewLayer | Updating Geometry BVH Rounded lion ear.001 57/149 | Building BVH
Fra:19 Mem:27.43M (Peak 33.25M) | Time:00:00.28 | Mem:1.81M, Peak:1.81M | Scene, ViewLayer | Updating Geometry BVH Rounded lion ear.001 57/149 | Building mesh BLAS |     432 tris | Rounded lion ear.001
Fra:19 Mem:27.43M (Peak 33.25M) | Time:00:00.28 | Mem:1.81M, Peak:1.81M | Scene, ViewLayer | Updating Geometry BVH Inner lion ear.001 58/149 | Building BVH
Fra:19 Mem:27.43M (Peak 33.25M) | Time:00:00.28 | Mem:1.81M, Peak:1.81M | Scene, ViewLayer | Updating Geometry BVH Inner lion ear.001 58/149 | Building mesh BLAS |     320 tris | Inner lion ear.001
Fra:19 Mem:27.43M (Peak 33.25M) | Time:00:00.28 | Mem:1.81M, Peak:1.81M | Scene, ViewLayer | Updating Geometry BVH Flame tail tuft.003 138/149 | Building BVH
Fra:19 Mem:27.43M (Peak 33.25M) | Time:00:00.28 | Mem:1.81M, Peak:1.81M | Scene, ViewLayer | Updating Geometry BVH Sculpted mane lock 59/149 | Building BVH
Fra:19 Mem:27.43M (Peak 33.25M) | Time:00:00.28 | Mem:1.81M, Peak:1.81M | Scene, ViewLayer | Updating Geometry BVH Sculpted mane lock 59/149 | Building mesh BLAS |      44 tris | Flame tail tuft.003
Fra:19 Mem:27.43M (Peak 33.25M) | Time:00:00.28 | Mem:1.81M, Peak:1.81M | Scene, ViewLayer | Updating Geometry BVH Sculpted mane lock.001 60/149 | Building BVH
Fra:19 Mem:27.43M (Peak 33.25M) | Time:00:00.28 | Mem:1.81M, Peak:1.81M | Scene, ViewLayer | Updating Geometry BVH Sculpted mane lock.001 60/149 | Building mesh BLAS |      60 tris | Sculpted mane lock.001
Fra:19 Mem:27.43M (Peak 33.25M) | Time:00:00.28 | Mem:1.81M, Peak:1.81M | Scene, ViewLayer | Updating Geometry BVH Sculpted mane lock.002 61/149 | Building BVH
Fra:19 Mem:27.43M (Peak 33.25M) | Time:00:00.28 | Mem:1.81M, Peak:1.81M | Scene, ViewLayer | Updating Geometry BVH Sculpted mane lock.002 61/149 | Building mesh BLAS |      60 tris | Sculpted mane lock.002
Fra:19 Mem:27.43M (Peak 33.25M) | Time:00:00.28 | Mem:1.81M, Peak:1.81M | Scene, ViewLayer | Updating Geometry BVH Sculpted mane lock.003 62/149 | Building BVH
Fra:19 Mem:27.43M (Peak 33.25M) | Time:00:00.28 | Mem:1.81M, Peak:1.81M | Scene, ViewLayer | Updating Geometry BVH Sculpted mane lock.004 63/149 | Building BVH
Fra:19 Mem:27.43M (Peak 33.25M) | Time:00:00.28 | Mem:1.81M, Peak:1.81M | Scene, ViewLayer | Updating Geometry BVH Sculpted mane lock.004 63/149 | Building mesh BLAS |      60 tris | Sculpted mane lock.004
Fra:19 Mem:27.43M (Peak 33.25M) | Time:00:00.28 | Mem:1.81M, Peak:1.81M | Scene, ViewLayer | Updating Geometry BVH Sculpted mane lock.005 64/149 | Building BVH
Fra:19 Mem:27.43M (Peak 33.25M) | Time:00:00.28 | Mem:1.81M, Peak:1.81M | Scene, ViewLayer | Updating Geometry BVH Sculpted mane lock.005 64/149 | Building mesh BLAS |      60 tris | Sculpted mane lock.005
Fra:19 Mem:27.43M (Peak 33.25M) | Time:00:00.28 | Mem:1.81M, Peak:1.81M | Scene, ViewLayer | Updating Geometry BVH Sculpted mane lock.006 65/149 | Building BVH
Fra:19 Mem:27.43M (Peak 33.25M) | Time:00:00.28 | Mem:1.81M, Peak:1.81M | Scene, ViewLayer | Updating Geometry BVH Sculpted mane lock.006 65/149 | Building mesh BLAS |      60 tris | Sculpted mane lock.006
Fra:19 Mem:27.43M (Peak 33.25M) | Time:00:00.28 | Mem:1.81M, Peak:1.81M | Scene, ViewLayer | Updating Geometry BVH Flame tail tuft.002 137/149 | Building BVH
Fra:19 Mem:27.43M (Peak 33.25M) | Time:00:00.28 | Mem:1.81M, Peak:1.81M | Scene, ViewLayer | Updating Geometry BVH Flame tail tuft.002 137/149 | Building mesh BLAS |      44 tris | Flame tail tuft.002
Fra:19 Mem:27.43M (Peak 33.25M) | Time:00:00.28 | Mem:1.81M, Peak:1.81M | Scene, ViewLayer | Updating Geometry BVH Sculpted mane lock.007 66/149 | Building BVH
Fra:19 Mem:27.43M (Peak 33.25M) | Time:00:00.28 | Mem:1.81M, Peak:1.81M | Scene, ViewLayer | Updating Geometry BVH Sculpted mane lock.008 67/149 | Building BVH
Fra:19 Mem:27.43M (Peak 33.25M) | Time:00:00.28 | Mem:1.81M, Peak:1.81M | Scene, ViewLayer | Updating Geometry BVH Sculpted mane lock.008 67/149 | Building mesh BLAS |      60 tris | Sculpted mane lock.007
Fra:19 Mem:27.43M (Peak 33.25M) | Time:00:00.28 | Mem:1.81M, Peak:1.81M | Scene, ViewLayer | Updating Geometry BVH Sculpted mane lock.008 67/149 | Building mesh BLAS |      60 tris | Sculpted mane lock.008
Fra:19 Mem:27.43M (Peak 33.25M) | Time:00:00.29 | Mem:1.81M, Peak:1.81M | Scene, ViewLayer | Updating Geometry BVH Sculpted mane lock.009 68/149 | Building BVH
Fra:19 Mem:27.43M (Peak 33.25M) | Time:00:00.29 | Mem:1.81M, Peak:1.81M | Scene, ViewLayer | Updating Geometry BVH Sculpted mane lock.009 68/149 | Building mesh BLAS |      60 tris | Sculpted mane lock.009
Fra:19 Mem:27.43M (Peak 33.25M) | Time:00:00.29 | Mem:1.81M, Peak:1.81M | Scene, ViewLayer | Updating Geometry BVH Sculpted mane lock.010 69/149 | Building BVH
Fra:19 Mem:27.43M (Peak 33.25M) | Time:00:00.29 | Mem:1.81M, Peak:1.81M | Scene, ViewLayer | Updating Geometry BVH Sculpted mane lock.010 69/149 | Building mesh BLAS |      60 tris | Sculpted mane lock.010
Fra:19 Mem:27.43M (Peak 33.25M) | Time:00:00.29 | Mem:1.81M, Peak:1.81M | Scene, ViewLayer | Updating Geometry BVH Sculpted mane lock.011 70/149 | Building BVH
Fra:19 Mem:27.43M (Peak 33.25M) | Time:00:00.29 | Mem:1.81M, Peak:1.81M | Scene, ViewLayer | Updating Geometry BVH Sculpted mane lock.011 70/149 | Building mesh BLAS |      60 tris | Sculpted mane lock.011
Fra:19 Mem:27.43M (Peak 33.25M) | Time:00:00.29 | Mem:1.81M, Peak:1.81M | Scene, ViewLayer | Updating Geometry BVH Sculpted mane lock.012 71/149 | Building BVH
Fra:19 Mem:27.43M (Peak 33.25M) | Time:00:00.29 | Mem:1.81M, Peak:1.81M | Scene, ViewLayer | Updating Geometry BVH Sculpted mane lock.012 71/149 | Building mesh BLAS |      60 tris | Sculpted mane lock.012
Fra:19 Mem:27.43M (Peak 33.25M) | Time:00:00.29 | Mem:1.82M, Peak:1.82M | Scene, ViewLayer | Updating Geometry BVH Flame tail tuft.001 136/149 | Building BVH
Fra:19 Mem:27.43M (Peak 33.25M) | Time:00:00.29 | Mem:1.82M, Peak:1.82M | Scene, ViewLayer | Updating Geometry BVH Sculpted mane lock.013 72/149 | Building BVH
Fra:19 Mem:27.43M (Peak 33.25M) | Time:00:00.29 | Mem:1.82M, Peak:1.82M | Scene, ViewLayer | Updating Geometry BVH Sculpted mane lock.013 72/149 | Building mesh BLAS |      60 tris | Sculpted mane lock.013
Fra:19 Mem:27.43M (Peak 33.25M) | Time:00:00.29 | Mem:1.82M, Peak:1.82M | Scene, ViewLayer | Updating Geometry BVH Sculpted mane lock.014 73/149 | Building BVH
Fra:19 Mem:27.43M (Peak 33.25M) | Time:00:00.29 | Mem:1.82M, Peak:1.82M | Scene, ViewLayer | Updating Geometry BVH Sculpted mane lock.014 73/149 | Building mesh BLAS |      60 tris | Sculpted mane lock.014
Fra:19 Mem:27.43M (Peak 33.25M) | Time:00:00.29 | Mem:1.82M, Peak:1.82M | Scene, ViewLayer | Updating Geometry BVH Sculpted mane lock.015 74/149 | Building BVH
Fra:19 Mem:27.43M (Peak 33.25M) | Time:00:00.29 | Mem:1.82M, Peak:1.82M | Scene, ViewLayer | Updating Geometry BVH Sculpted mane lock.015 74/149 | Building mesh BLAS |      60 tris | Sculpted mane lock.015
Fra:19 Mem:27.43M (Peak 33.25M) | Time:00:00.29 | Mem:1.82M, Peak:1.82M | Scene, ViewLayer | Updating Geometry BVH Sculpted mane lock.016 75/149 | Building BVH
Fra:19 Mem:27.43M (Peak 33.25M) | Time:00:00.29 | Mem:1.82M, Peak:1.82M | Scene, ViewLayer | Updating Geometry BVH Sculpted mane lock.016 75/149 | Building mesh BLAS |      60 tris | Sculpted mane lock.016
Fra:19 Mem:27.43M (Peak 33.25M) | Time:00:00.29 | Mem:1.82M, Peak:1.82M | Scene, ViewLayer | Updating Geometry BVH Sculpted mane lock.017 76/149 | Building BVH
Fra:19 Mem:27.43M (Peak 33.25M) | Time:00:00.29 | Mem:1.82M, Peak:1.82M | Scene, ViewLayer | Updating Geometry BVH Sculpted mane lock.017 76/149 | Building mesh BLAS |      60 tris | Sculpted mane lock.017
Fra:19 Mem:27.43M (Peak 33.25M) | Time:00:00.29 | Mem:1.82M, Peak:1.82M | Scene, ViewLayer | Updating Geometry BVH Sculpted mane lock.018 77/149 | Building BVH
Fra:19 Mem:27.43M (Peak 33.25M) | Time:00:00.29 | Mem:1.82M, Peak:1.82M | Scene, ViewLayer | Updating Geometry BVH Sculpted mane lock.018 77/149 | Building mesh BLAS |      60 tris | Sculpted mane lock.018
Fra:19 Mem:27.43M (Peak 33.25M) | Time:00:00.29 | Mem:1.82M, Peak:1.82M | Scene, ViewLayer | Updating Geometry BVH Sculpted mane lock.019 78/149 | Building BVH
Fra:19 Mem:27.43M (Peak 33.25M) | Time:00:00.29 | Mem:1.82M, Peak:1.82M | Scene, ViewLayer | Updating Geometry BVH Sculpted mane lock.019 78/149 | Building mesh BLAS |      60 tris | Sculpted mane lock.019
Fra:19 Mem:27.43M (Peak 33.25M) | Time:00:00.29 | Mem:1.83M, Peak:1.83M | Scene, ViewLayer | Updating Geometry BVH Sculpted mane lock.020 79/149 | Building BVH
Fra:19 Mem:27.43M (Peak 33.25M) | Time:00:00.29 | Mem:1.83M, Peak:1.83M | Scene, ViewLayer | Updating Geometry BVH Sculpted mane lock.022 81/149 | Building BVH
Fra:19 Mem:27.43M (Peak 33.25M) | Time:00:00.29 | Mem:1.83M, Peak:1.83M | Scene, ViewLayer | Updating Geometry BVH Sculpted mane lock.022 81/149 | Building mesh BLAS |      60 tris | Sculpted mane lock.020
Fra:19 Mem:27.43M (Peak 33.25M) | Time:00:00.29 | Mem:1.83M, Peak:1.83M | Scene, ViewLayer | Updating Geometry BVH Sculpted mane lock.022 81/149 | Building mesh BLAS |      60 tris | Sculpted mane lock.021
Fra:19 Mem:27.43M (Peak 33.25M) | Time:00:00.29 | Mem:1.83M, Peak:1.83M | Scene, ViewLayer | Updating Geometry BVH Sculpted mane lock.022 81/149 | Building mesh BLAS |      60 tris | Sculpted mane lock.022
Fra:19 Mem:27.43M (Peak 33.25M) | Time:00:00.29 | Mem:1.83M, Peak:1.83M | Scene, ViewLayer | Updating Geometry BVH Flame tail tuft 135/149 | Building BVH
Fra:19 Mem:27.43M (Peak 33.25M) | Time:00:00.29 | Mem:1.83M, Peak:1.83M | Scene, ViewLayer | Updating Geometry BVH Flame tail tuft 135/149 | Building mesh BLAS |      44 tris | Flame tail tuft
Fra:19 Mem:27.43M (Peak 33.25M) | Time:00:00.29 | Mem:1.83M, Peak:1.83M | Scene, ViewLayer | Updating Geometry BVH Sculpted mane lock.023 82/149 | Building BVH
Fra:19 Mem:27.43M (Peak 33.25M) | Time:00:00.29 | Mem:1.83M, Peak:1.83M | Scene, ViewLayer | Updating Geometry BVH Sculpted mane lock.023 82/149 | Building mesh BLAS |      60 tris | Sculpted mane lock.023
Fra:19 Mem:27.43M (Peak 33.25M) | Time:00:00.29 | Mem:1.84M, Peak:1.84M | Scene, ViewLayer | Updating Geometry BVH Sculpted mane lock.024 83/149 | Building BVH
Fra:19 Mem:27.43M (Peak 33.25M) | Time:00:00.30 | Mem:1.84M, Peak:1.84M | Scene, ViewLayer | Updating Geometry BVH Sculpted mane lock.024 83/149 | Building mesh BLAS |      60 tris | Sculpted mane lock.024
Fra:19 Mem:27.43M (Peak 33.25M) | Time:00:00.30 | Mem:1.84M, Peak:1.84M | Scene, ViewLayer | Updating Geometry BVH Sculpted mane lock.025 84/149 | Building BVH
Fra:19 Mem:27.43M (Peak 33.25M) | Time:00:00.30 | Mem:1.84M, Peak:1.84M | Scene, ViewLayer | Updating Geometry BVH Sculpted mane lock.026 85/149 | Building BVH
Fra:19 Mem:27.43M (Peak 33.25M) | Time:00:00.30 | Mem:1.84M, Peak:1.84M | Scene, ViewLayer | Updating Geometry BVH Sculpted mane lock.026 85/149 | Building mesh BLAS |      60 tris | Sculpted mane lock.025
Fra:19 Mem:27.43M (Peak 33.25M) | Time:00:00.30 | Mem:1.84M, Peak:1.84M | Scene, ViewLayer | Updating Geometry BVH Sculpted mane lock.026 85/149 | Building mesh BLAS |      60 tris | Sculpted mane lock.026
Fra:19 Mem:27.43M (Peak 33.25M) | Time:00:00.30 | Mem:1.84M, Peak:1.84M | Scene, ViewLayer | Updating Geometry BVH Sculpted mane lock.027 86/149 | Building BVH
Fra:19 Mem:27.43M (Peak 33.25M) | Time:00:00.30 | Mem:1.84M, Peak:1.84M | Scene, ViewLayer | Updating Geometry BVH Sculpted mane lock.028 87/149 | Building BVH
Fra:19 Mem:27.43M (Peak 33.25M) | Time:00:00.30 | Mem:1.84M, Peak:1.84M | Scene, ViewLayer | Updating Geometry BVH Sculpted mane lock.028 87/149 | Building mesh BLAS |      60 tris | Sculpted mane lock.027
Fra:19 Mem:27.43M (Peak 33.25M) | Time:00:00.30 | Mem:1.84M, Peak:1.84M | Scene, ViewLayer | Updating Geometry BVH Sculpted mane lock.028 87/149 | Building mesh BLAS |      60 tris | Sculpted mane lock.028
Fra:19 Mem:27.43M (Peak 33.25M) | Time:00:00.30 | Mem:1.84M, Peak:1.84M | Scene, ViewLayer | Updating Geometry BVH Sculpted mane lock.029 88/149 | Building BVH
Fra:19 Mem:27.43M (Peak 33.25M) | Time:00:00.30 | Mem:1.84M, Peak:1.84M | Scene, ViewLayer | Updating Geometry BVH Sculpted mane lock.029 88/149 | Building mesh BLAS |      60 tris | Sculpted mane lock.029
Fra:19 Mem:27.43M (Peak 33.25M) | Time:00:00.30 | Mem:1.84M, Peak:1.84M | Scene, ViewLayer | Updating Geometry BVH Articulated tail 134/149 | Building BVH
Fra:19 Mem:27.43M (Peak 33.25M) | Time:00:00.30 | Mem:1.84M, Peak:1.84M | Scene, ViewLayer | Updating Geometry BVH Articulated tail 134/149 | Building mesh BLAS |     268 tris | Articulated tail
Fra:19 Mem:27.43M (Peak 33.25M) | Time:00:00.30 | Mem:1.84M, Peak:1.84M | Scene, ViewLayer | Updating Geometry BVH Sculpted mane lock.030 89/149 | Building BVH
Fra:19 Mem:27.43M (Peak 33.25M) | Time:00:00.30 | Mem:1.84M, Peak:1.84M | Scene, ViewLayer | Updating Geometry BVH Sculpted mane lock.030 89/149 | Building mesh BLAS |      60 tris | Sculpted mane lock.030
Fra:19 Mem:27.43M (Peak 33.25M) | Time:00:00.30 | Mem:1.85M, Peak:1.85M | Scene, ViewLayer | Updating Geometry BVH Sculpted mane lock.031 90/149 | Building BVH
Fra:19 Mem:27.43M (Peak 33.25M) | Time:00:00.30 | Mem:1.85M, Peak:1.85M | Scene, ViewLayer | Updating Geometry BVH Sculpted mane lock.033 92/149 | Building mesh BLAS |      60 tris | Sculpted mane lock.031
Fra:19 Mem:27.43M (Peak 33.25M) | Time:00:00.30 | Mem:2.05M, Peak:2.05M | Scene, ViewLayer | Updating Geometry BVH Sculpted mane lock.033 92/149 | Building mesh BLAS |      60 tris | Sculpted mane lock.032
Fra:19 Mem:27.43M (Peak 33.25M) | Time:00:00.30 | Mem:2.06M, Peak:2.06M | Scene, ViewLayer | Updating Geometry BVH Sculpted mane lock.033 92/149 | Building mesh BLAS |      60 tris | Sculpted mane lock.033
Fra:19 Mem:27.43M (Peak 33.25M) | Time:00:00.30 | Mem:2.06M, Peak:2.06M | Scene, ViewLayer | Updating Geometry BVH Sculpted mane lock.034 93/149 | Building BVH
Fra:19 Mem:27.43M (Peak 33.25M) | Time:00:00.30 | Mem:2.07M, Peak:2.07M | Scene, ViewLayer | Updating Geometry BVH Sculpted mane lock.034 93/149 | Building mesh BLAS |      60 tris | Sculpted mane lock.034
Fra:19 Mem:27.43M (Peak 33.25M) | Time:00:00.30 | Mem:2.09M, Peak:2.09M | Scene, ViewLayer | Updating Geometry BVH Sculpted mane lock.035 94/149 | Building BVH
Fra:19 Mem:27.43M (Peak 33.25M) | Time:00:00.30 | Mem:2.09M, Peak:2.09M | Scene, ViewLayer | Updating Geometry BVH Sculpted mane lock.035 94/149 | Building mesh BLAS |      60 tris | Sculpted mane lock.035
Fra:19 Mem:27.43M (Peak 33.25M) | Time:00:00.30 | Mem:2.09M, Peak:2.09M | Scene, ViewLayer | Updating Geometry BVH Sculpted mane lock.036 95/149 | Building BVH
Fra:19 Mem:27.43M (Peak 33.25M) | Time:00:00.30 | Mem:2.09M, Peak:2.09M | Scene, ViewLayer | Updating Geometry BVH Sculpted mane lock.036 95/149 | Building mesh BLAS |      60 tris | Sculpted mane lock.036
Fra:19 Mem:27.43M (Peak 33.25M) | Time:00:00.30 | Mem:2.09M, Peak:2.09M | Scene, ViewLayer | Updating Geometry BVH Wrist fur.011 133/149 | Building BVH
Fra:19 Mem:27.43M (Peak 33.25M) | Time:00:00.30 | Mem:2.11M, Peak:2.11M | Scene, ViewLayer | Updating Geometry BVH Wrist fur.011 133/149 | Building mesh BLAS |      44 tris | Wrist fur.011
Fra:19 Mem:27.43M (Peak 33.25M) | Time:00:00.30 | Mem:2.27M, Peak:2.27M | Scene, ViewLayer | Updating Geometry BVH Sculpted mane lock.037 96/149 | Building BVH
Fra:19 Mem:27.43M (Peak 33.25M) | Time:00:00.30 | Mem:2.30M, Peak:2.30M | Scene, ViewLayer | Updating Geometry BVH Sculpted mane lock.037 96/149 | Building mesh BLAS |      60 tris | Sculpted mane lock.037
Fra:19 Mem:27.43M (Peak 33.25M) | Time:00:00.30 | Mem:2.30M, Peak:2.30M | Scene, ViewLayer | Updating Geometry BVH Sculpted mane lock.038 97/149 | Building BVH
Fra:19 Mem:27.43M (Peak 33.25M) | Time:00:00.30 | Mem:2.30M, Peak:2.30M | Scene, ViewLayer | Updating Geometry BVH Sculpted mane lock.038 97/149 | Building mesh BLAS |      60 tris | Sculpted mane lock.038
Fra:19 Mem:27.43M (Peak 33.25M) | Time:00:00.30 | Mem:2.30M, Peak:2.30M | Scene, ViewLayer | Updating Geometry BVH Sculpted mane lock.039 98/149 | Building BVH
Fra:19 Mem:27.43M (Peak 33.25M) | Time:00:00.30 | Mem:2.30M, Peak:2.30M | Scene, ViewLayer | Updating Geometry BVH Sculpted mane lock.039 98/149 | Building mesh BLAS |      60 tris | Sculpted mane lock.039
Fra:19 Mem:27.43M (Peak 33.25M) | Time:00:00.30 | Mem:2.37M, Peak:2.37M | Scene, ViewLayer | Updating Geometry BVH Sculpted mane lock.040 99/149 | Building BVH
Fra:19 Mem:27.43M (Peak 33.25M) | Time:00:00.30 | Mem:2.37M, Peak:2.37M | Scene, ViewLayer | Updating Geometry BVH Sculpted mane lock.041 100/149 | Building BVH
Fra:19 Mem:27.43M (Peak 33.25M) | Time:00:00.30 | Mem:2.37M, Peak:2.37M | Scene, ViewLayer | Updating Geometry BVH Sculpted mane lock.041 100/149 | Building mesh BLAS |      60 tris | Sculpted mane lock.040
Fra:19 Mem:27.43M (Peak 33.25M) | Time:00:00.30 | Mem:2.37M, Peak:2.37M | Scene, ViewLayer | Updating Geometry BVH Sculpted mane lock.041 100/149 | Building mesh BLAS |      60 tris | Sculpted mane lock.041
Fra:19 Mem:27.43M (Peak 33.25M) | Time:00:00.30 | Mem:2.37M, Peak:2.37M | Scene, ViewLayer | Updating Geometry BVH Sculpted mane lock.043 102/149 | Building BVH
Fra:19 Mem:27.43M (Peak 33.25M) | Time:00:00.30 | Mem:2.37M, Peak:2.37M | Scene, ViewLayer | Updating Geometry BVH Wrist fur.010 132/149 | Building BVH
Fra:19 Mem:27.43M (Peak 33.25M) | Time:00:00.30 | Mem:2.37M, Peak:2.37M | Scene, ViewLayer | Updating Geometry BVH Wrist fur.010 132/149 | Building mesh BLAS |      60 tris | Sculpted mane lock.043
Fra:19 Mem:27.43M (Peak 33.25M) | Time:00:00.30 | Mem:2.37M, Peak:2.37M | Scene, ViewLayer | Updating Geometry BVH Wrist fur.010 132/149 | Building mesh BLAS |      60 tris | Sculpted mane lock.042
Fra:19 Mem:27.43M (Peak 33.25M) | Time:00:00.30 | Mem:2.37M, Peak:2.37M | Scene, ViewLayer | Updating Geometry BVH Wrist fur.010 132/149 | Building mesh BLAS |      44 tris | Wrist fur.010
Fra:19 Mem:27.43M (Peak 33.25M) | Time:00:00.30 | Mem:2.42M, Peak:2.42M | Scene, ViewLayer | Updating Geometry BVH Sculpted mane lock.044 103/149 | Building BVH
Fra:19 Mem:27.43M (Peak 33.25M) | Time:00:00.30 | Mem:2.42M, Peak:2.42M | Scene, ViewLayer | Updating Geometry BVH Sculpted mane lock.044 103/149 | Building mesh BLAS |      60 tris | Sculpted mane lock.044
Fra:19 Mem:27.43M (Peak 33.25M) | Time:00:00.30 | Mem:2.42M, Peak:2.42M | Scene, ViewLayer | Updating Geometry BVH Sculpted mane lock.045 104/149 | Building BVH
Fra:19 Mem:27.43M (Peak 33.25M) | Time:00:00.30 | Mem:2.43M, Peak:2.43M | Scene, ViewLayer | Updating Geometry BVH Sculpted mane lock.046 105/149 | Building BVH
Fra:19 Mem:27.43M (Peak 33.25M) | Time:00:00.30 | Mem:2.50M, Peak:2.50M | Scene, ViewLayer | Updating Geometry BVH Sculpted mane lock.046 105/149 | Building mesh BLAS |      60 tris | Sculpted mane lock.046
Fra:19 Mem:27.43M (Peak 33.25M) | Time:00:00.30 | Mem:2.50M, Peak:2.50M | Scene, ViewLayer | Updating Geometry BVH Sculpted mane lock.047 106/149 | Building BVH
Fra:19 Mem:27.43M (Peak 33.25M) | Time:00:00.30 | Mem:2.50M, Peak:2.50M | Scene, ViewLayer | Updating Geometry BVH Sculpted mane lock.048 107/149 | Building BVH
Fra:19 Mem:27.43M (Peak 33.25M) | Time:00:00.30 | Mem:2.53M, Peak:2.53M | Scene, ViewLayer | Updating Geometry BVH Sculpted mane lock.049 108/149 | Building BVH
Fra:19 Mem:27.43M (Peak 33.25M) | Time:00:00.30 | Mem:2.53M, Peak:2.53M | Scene, ViewLayer | Updating Geometry BVH Sculpted mane lock.049 108/149 | Building mesh BLAS |      60 tris | Sculpted mane lock.048
Fra:19 Mem:27.43M (Peak 33.25M) | Time:00:00.30 | Mem:2.56M, Peak:2.56M | Scene, ViewLayer | Updating Geometry BVH Sculpted mane lock.049 108/149 | Building mesh BLAS |      60 tris | Sculpted mane lock.049
Fra:19 Mem:27.43M (Peak 33.25M) | Time:00:00.30 | Mem:2.58M, Peak:2.58M | Scene, ViewLayer | Updating Geometry BVH Sculpted mane lock.050 109/149 | Building BVH
Fra:19 Mem:27.43M (Peak 33.25M) | Time:00:00.30 | Mem:2.59M, Peak:2.59M | Scene, ViewLayer | Updating Geometry BVH Layered shoulder fur 110/149 | Building BVH
Fra:19 Mem:27.43M (Peak 33.25M) | Time:00:00.30 | Mem:2.59M, Peak:2.59M | Scene, ViewLayer | Updating Geometry BVH Layered shoulder fur.001 111/149 | Building mesh BLAS |      60 tris | Sculpted mane lock.050
Fra:19 Mem:27.43M (Peak 33.25M) | Time:00:00.30 | Mem:2.61M, Peak:2.61M | Scene, ViewLayer | Updating Geometry BVH Wrist fur.009 131/149 | Building BVH
Fra:19 Mem:27.43M (Peak 33.25M) | Time:00:00.30 | Mem:2.62M, Peak:2.62M | Scene, ViewLayer | Updating Geometry BVH Layered shoulder fur.002 112/149 | Building BVH
Fra:19 Mem:27.43M (Peak 33.25M) | Time:00:00.30 | Mem:2.62M, Peak:2.62M | Scene, ViewLayer | Updating Geometry BVH Layered shoulder fur.002 112/149 | Building mesh BLAS |      44 tris | Wrist fur.009
Fra:19 Mem:27.43M (Peak 33.25M) | Time:00:00.30 | Mem:2.62M, Peak:2.62M | Scene, ViewLayer | Updating Geometry BVH Wrist fur 113/149 | Building BVH
Fra:19 Mem:27.43M (Peak 33.25M) | Time:00:00.30 | Mem:2.62M, Peak:2.62M | Scene, ViewLayer | Updating Geometry BVH Wrist fur.001 114/149 | Building BVH
Fra:19 Mem:27.43M (Peak 33.25M) | Time:00:00.30 | Mem:2.62M, Peak:2.62M | Scene, ViewLayer | Updating Geometry BVH Wrist fur.001 114/149 | Building mesh BLAS |      44 tris | Layered shoulder fur.001
Fra:19 Mem:27.43M (Peak 33.25M) | Time:00:00.30 | Mem:2.62M, Peak:2.62M | Scene, ViewLayer | Updating Geometry BVH Wrist fur.001 114/149 | Building mesh BLAS |      44 tris | Wrist fur.001
Fra:19 Mem:27.43M (Peak 33.25M) | Time:00:00.30 | Mem:2.62M, Peak:2.62M | Scene, ViewLayer | Updating Geometry BVH Layered shoulder fur.003 116/149 | Building BVH
Fra:19 Mem:27.43M (Peak 33.25M) | Time:00:00.30 | Mem:2.62M, Peak:2.62M | Scene, ViewLayer | Updating Geometry BVH Layered shoulder fur.004 117/149 | Building BVH
Fra:19 Mem:27.43M (Peak 33.25M) | Time:00:00.30 | Mem:2.63M, Peak:2.63M | Scene, ViewLayer | Updating Geometry BVH Layered shoulder fur.005 118/149 | Building BVH
Fra:19 Mem:27.43M (Peak 33.25M) | Time:00:00.30 | Mem:2.70M, Peak:2.70M | Scene, ViewLayer | Updating Geometry BVH Layered shoulder fur.005 118/149 | Building mesh BLAS |      44 tris | Layered shoulder fur.004
Fra:19 Mem:27.43M (Peak 33.25M) | Time:00:00.30 | Mem:2.71M, Peak:2.71M | Scene, ViewLayer | Updating Geometry BVH Layered shoulder fur.011 130/149 | Building mesh BLAS |      44 tris | Layered shoulder fur.003
Fra:19 Mem:27.43M (Peak 33.25M) | Time:00:00.30 | Mem:2.72M, Peak:2.72M | Scene, ViewLayer | Updating Geometry BVH Wrist fur.003 119/149 | Building BVH
Fra:19 Mem:27.43M (Peak 33.25M) | Time:00:00.30 | Mem:2.72M, Peak:2.72M | Scene, ViewLayer | Updating Geometry BVH Wrist fur.003 119/149 | Building mesh BLAS |      44 tris | Wrist fur.003
Fra:19 Mem:27.43M (Peak 33.25M) | Time:00:00.30 | Mem:2.73M, Peak:2.73M | Scene, ViewLayer | Updating Geometry BVH Wrist fur.003 119/149 | Building mesh BLAS |      44 tris | Layered shoulder fur.011
Fra:19 Mem:27.43M (Peak 33.25M) | Time:00:00.30 | Mem:2.73M, Peak:2.73M | Scene, ViewLayer | Updating Geometry BVH Wrist fur.004 120/149 | Building BVH
Fra:19 Mem:27.43M (Peak 33.25M) | Time:00:00.30 | Mem:2.73M, Peak:2.73M | Scene, ViewLayer | Updating Geometry BVH Layered shoulder fur.010 129/149 | Building BVH
Fra:19 Mem:27.43M (Peak 33.25M) | Time:00:00.30 | Mem:2.73M, Peak:2.73M | Scene, ViewLayer | Updating Geometry BVH Wrist fur.005 121/149 | Building BVH
Fra:19 Mem:27.43M (Peak 33.25M) | Time:00:00.30 | Mem:2.74M, Peak:2.74M | Scene, ViewLayer | Updating Geometry BVH Wrist fur.005 121/149 | Building mesh BLAS |      44 tris | Layered shoulder fur
Fra:19 Mem:27.43M (Peak 33.25M) | Time:00:00.30 | Mem:2.74M, Peak:2.74M | Scene, ViewLayer | Updating Geometry BVH Wrist fur.005 121/149 | Building mesh BLAS |      44 tris | Wrist fur.002
Fra:19 Mem:27.43M (Peak 33.25M) | Time:00:00.30 | Mem:2.74M, Peak:2.74M | Scene, ViewLayer | Updating Geometry BVH Wrist fur.005 121/149 | Building mesh BLAS |      44 tris | Layered shoulder fur.010
Fra:19 Mem:27.43M (Peak 33.25M) | Time:00:00.30 | Mem:2.74M, Peak:2.74M | Scene, ViewLayer | Updating Geometry BVH Layered shoulder fur.007 123/149 | Building BVH
Fra:19 Mem:27.43M (Peak 33.25M) | Time:00:00.30 | Mem:2.74M, Peak:2.74M | Scene, ViewLayer | Updating Geometry BVH Layered shoulder fur.009 128/149 | Building BVH
Fra:19 Mem:27.43M (Peak 33.25M) | Time:00:00.30 | Mem:2.74M, Peak:2.74M | Scene, ViewLayer | Updating Geometry BVH Layered shoulder fur.008 124/149 | Building BVH
Fra:19 Mem:27.43M (Peak 33.25M) | Time:00:00.30 | Mem:2.74M, Peak:2.74M | Scene, ViewLayer | Updating Geometry BVH Wrist fur.007 126/149 | Building mesh BLAS |      44 tris | Layered shoulder fur.008
Fra:19 Mem:27.43M (Peak 33.25M) | Time:00:00.30 | Mem:2.74M, Peak:2.74M | Scene, ViewLayer | Updating Geometry BVH Wrist fur.008 127/149 | Building BVH
Fra:19 Mem:27.43M (Peak 33.25M) | Time:00:00.30 | Mem:2.74M, Peak:2.74M | Scene, ViewLayer | Updating Geometry BVH Wrist fur.008 127/149 | Building mesh BLAS |      44 tris | Wrist fur.008
Fra:19 Mem:27.43M (Peak 33.25M) | Time:00:00.30 | Mem:2.75M, Peak:2.75M | Scene, ViewLayer | Updating Geometry BVH Wrist fur.008 127/149 | Building mesh BLAS |      44 tris | Layered shoulder fur.007
Fra:19 Mem:27.43M (Peak 33.25M) | Time:00:00.30 | Mem:2.75M, Peak:2.75M | Scene, ViewLayer | Updating Geometry BVH Wrist fur.008 127/149 | Building mesh BLAS |      44 tris | Wrist fur.005
Fra:19 Mem:27.43M (Peak 33.25M) | Time:00:00.30 | Mem:2.75M, Peak:2.75M | Scene, ViewLayer | Updating Geometry BVH Wrist fur.008 127/149 | Building mesh BLAS |      44 tris | Wrist fur.006
Fra:19 Mem:27.43M (Peak 33.25M) | Time:00:00.30 | Mem:2.75M, Peak:2.75M | Scene, ViewLayer | Updating Geometry BVH Wrist fur.008 127/149 | Building mesh BLAS |      44 tris | Wrist fur.007
Fra:19 Mem:27.43M (Peak 33.25M) | Time:00:00.30 | Mem:2.75M, Peak:2.75M | Scene, ViewLayer | Updating Scene BVH | Building
Fra:19 Mem:27.44M (Peak 33.25M) | Time:00:00.32 | Mem:2.91M, Peak:2.91M | Scene, ViewLayer | Updating Scene BVH | Building TLAS      |     149 instances
Fra:19 Mem:27.44M (Peak 33.25M) | Time:00:00.32 | Mem:2.96M, Peak:2.96M | Scene, ViewLayer | Updating Scene BVH | Copying BVH to device
Fra:19 Mem:27.44M (Peak 33.25M) | Time:00:00.32 | Mem:2.96M, Peak:2.96M | Scene, ViewLayer | Updating Mesh | Computing normals
Fra:19 Mem:28.06M (Peak 33.25M) | Time:00:00.32 | Mem:2.96M, Peak:2.96M | Scene, ViewLayer | Updating Mesh | Copying Mesh to device
Fra:19 Mem:27.44M (Peak 33.25M) | Time:00:00.32 | Mem:3.60M, Peak:3.60M | Scene, ViewLayer | Updating Objects Flags
Fra:19 Mem:27.44M (Peak 33.25M) | Time:00:00.32 | Mem:3.60M, Peak:3.60M | Scene, ViewLayer | Updating Primitive Offsets
Fra:19 Mem:27.44M (Peak 33.25M) | Time:00:00.32 | Mem:3.60M, Peak:3.60M | Scene, ViewLayer | Updating Images
Fra:19 Mem:27.44M (Peak 33.25M) | Time:00:00.32 | Mem:3.60M, Peak:3.60M | Scene, ViewLayer | Updating Camera Volume
Fra:19 Mem:27.44M (Peak 33.25M) | Time:00:00.32 | Mem:3.60M, Peak:3.60M | Scene, ViewLayer | Updating Lookup Tables
Fra:19 Mem:27.36M (Peak 33.25M) | Time:00:00.32 | Mem:3.69M, Peak:3.69M | Scene, ViewLayer | Updating Lights
Fra:19 Mem:27.36M (Peak 33.25M) | Time:00:00.32 | Mem:3.69M, Peak:3.69M | Scene, ViewLayer | Updating Lights | Computing tree
Fra:19 Mem:27.36M (Peak 33.25M) | Time:00:00.32 | Mem:3.69M, Peak:3.69M | Scene, ViewLayer | Updating Integrator
Fra:19 Mem:27.36M (Peak 33.25M) | Time:00:00.32 | Mem:3.69M, Peak:3.69M | Scene, ViewLayer | Updating Film
Fra:19 Mem:27.44M (Peak 33.25M) | Time:00:00.32 | Mem:3.60M, Peak:3.69M | Scene, ViewLayer | Updating Lookup Tables
Fra:19 Mem:27.36M (Peak 33.25M) | Time:00:00.32 | Mem:3.69M, Peak:3.69M | Scene, ViewLayer | Updating Baking
Fra:19 Mem:27.36M (Peak 33.25M) | Time:00:00.32 | Mem:3.69M, Peak:3.69M | Scene, ViewLayer | Updating Device | Writing constant memory
Fra:19 Mem:27.36M (Peak 33.25M) | Time:00:00.35 | Mem:3.69M, Peak:3.69M | Scene, ViewLayer | Loading denoising kernels (may take a few minutes the first time)
Fra:19 Mem:27.36M (Peak 59.36M) | Time:00:00.36 | Mem:2819.70M, Peak:2819.70M | Scene, ViewLayer | Sample 0/12 (Using optimized kernels)
Fra:19 Mem:27.35M (Peak 62.86M) | Time:00:00.54 | Remaining:00:01.99 | Mem:2855.25M, Peak:2855.25M | Scene, ViewLayer | Sample 1/12 (Using optimized kernels)
Fra:19 Mem:42.31M (Peak 64.74M) | Time:00:04.11 | Mem:2855.25M, Peak:2855.25M | Scene, ViewLayer | Sample 12/12 (Using optimized kernels)
Fra:19 Mem:42.31M (Peak 64.74M) | Time:00:04.11 | Mem:2855.25M, Peak:2855.25M | Scene, ViewLayer | Finished
Saved: '/Users/chikumatsuboi/Code/animal-racers-western/assets/source/western/qa/lion-transform-19.png'
Time: 00:04.23 (Saving: 00:00.07)

Fra:40 Mem:31.41M (Peak 31.41M) | Time:00:00.01 | Mem:0.02M, Peak:0.02M | Scene, ViewLayer | Synchronizing object | Body • continuous sculpted skin
Fra:40 Mem:31.56M (Peak 31.56M) | Time:00:00.01 | Mem:0.02M, Peak:0.02M | Scene, ViewLayer | Synchronizing object | Ivory claw.002
Fra:40 Mem:31.69M (Peak 31.69M) | Time:00:00.01 | Mem:0.02M, Peak:0.02M | Scene, ViewLayer | Synchronizing object | Paw toe.003
Fra:40 Mem:31.71M (Peak 31.71M) | Time:00:00.01 | Mem:0.02M, Peak:0.02M | Scene, ViewLayer | Synchronizing object | Ivory claw.003
Fra:40 Mem:31.74M (Peak 31.74M) | Time:00:00.01 | Mem:0.02M, Peak:0.02M | Scene, ViewLayer | Synchronizing object | Paw toe.004
Fra:40 Mem:31.74M (Peak 31.74M) | Time:00:00.01 | Mem:0.02M, Peak:0.02M | Scene, ViewLayer | Synchronizing object | Ivory claw.004
Fra:40 Mem:31.76M (Peak 31.76M) | Time:00:00.01 | Mem:0.02M, Peak:0.02M | Scene, ViewLayer | Synchronizing object | Paw toe.005
Fra:40 Mem:31.78M (Peak 31.78M) | Time:00:00.01 | Mem:0.02M, Peak:0.02M | Scene, ViewLayer | Synchronizing object | Paw toe.007
Fra:40 Mem:31.95M (Peak 31.95M) | Time:00:00.01 | Mem:0.02M, Peak:0.02M | Scene, ViewLayer | Synchronizing object | Ivory claw.007
Fra:40 Mem:31.99M (Peak 31.99M) | Time:00:00.01 | Mem:0.02M, Peak:0.02M | Scene, ViewLayer | Synchronizing object | Ivory claw.008
Fra:40 Mem:31.97M (Peak 31.99M) | Time:00:00.01 | Mem:0.02M, Peak:0.02M | Scene, ViewLayer | Synchronizing object | Paw toe.009
Fra:40 Mem:31.98M (Peak 31.99M) | Time:00:00.01 | Mem:0.02M, Peak:0.02M | Scene, ViewLayer | Synchronizing object | Ivory claw.009
Fra:40 Mem:31.99M (Peak 31.99M) | Time:00:00.01 | Mem:0.02M, Peak:0.02M | Scene, ViewLayer | Synchronizing object | Ivory claw.010
Fra:40 Mem:31.99M (Peak 31.99M) | Time:00:00.01 | Mem:0.02M, Peak:0.02M | Scene, ViewLayer | Synchronizing object | Paw toe.011
Fra:40 Mem:32.00M (Peak 32.00M) | Time:00:00.01 | Mem:0.02M, Peak:0.02M | Scene, ViewLayer | Synchronizing object | Ivory claw.011
Fra:40 Mem:32.01M (Peak 32.01M) | Time:00:00.01 | Mem:0.02M, Peak:0.02M | Scene, ViewLayer | Synchronizing object | Head • species sculpt
Fra:40 Mem:32.01M (Peak 32.01M) | Time:00:00.01 | Mem:0.02M, Peak:0.02M | Scene, ViewLayer | Synchronizing object | Cream muzzle pad.001
Fra:40 Mem:32.05M (Peak 32.05M) | Time:00:00.01 | Mem:0.02M, Peak:0.02M | Scene, ViewLayer | Synchronizing object | Heart shaped nose
Fra:40 Mem:32.16M (Peak 32.16M) | Time:00:00.01 | Mem:0.02M, Peak:0.02M | Scene, ViewLayer | Synchronizing object | Iris
Fra:40 Mem:32.33M (Peak 32.33M) | Time:00:00.01 | Mem:0.02M, Peak:0.02M | Scene, ViewLayer | Synchronizing object | Pupil
Fra:40 Mem:32.37M (Peak 32.37M) | Time:00:00.01 | Mem:0.02M, Peak:0.02M | Scene, ViewLayer | Synchronizing object | Eye glint
Fra:40 Mem:32.40M (Peak 32.40M) | Time:00:00.01 | Mem:0.02M, Peak:0.02M | Scene, ViewLayer | Synchronizing object | Expressive brow
Fra:40 Mem:32.40M (Peak 32.40M) | Time:00:00.01 | Mem:0.02M, Peak:0.02M | Scene, ViewLayer | Synchronizing object | Whisker pore.001
Fra:40 Mem:32.41M (Peak 32.41M) | Time:00:00.01 | Mem:0.02M, Peak:0.02M | Scene, ViewLayer | Synchronizing object | Whisker pore.002
Fra:40 Mem:32.57M (Peak 32.57M) | Time:00:00.01 | Mem:0.02M, Peak:0.02M | Scene, ViewLayer | Synchronizing object | Ivory eye.001
Fra:40 Mem:32.51M (Peak 32.57M) | Time:00:00.01 | Mem:0.02M, Peak:0.02M | Scene, ViewLayer | Synchronizing object | Iris.001
Fra:40 Mem:32.56M (Peak 32.57M) | Time:00:00.01 | Mem:0.02M, Peak:0.02M | Scene, ViewLayer | Synchronizing object | Pupil.001
Fra:40 Mem:32.58M (Peak 32.58M) | Time:00:00.01 | Mem:0.02M, Peak:0.02M | Scene, ViewLayer | Synchronizing object | Smiling mouth.001
Fra:40 Mem:32.64M (Peak 32.64M) | Time:00:00.01 | Mem:0.02M, Peak:0.02M | Scene, ViewLayer | Synchronizing object | Whisker pore.003
Fra:40 Mem:32.68M (Peak 32.68M) | Time:00:00.01 | Mem:0.02M, Peak:0.02M | Scene, ViewLayer | Synchronizing object | Whisker pore.004
Fra:40 Mem:32.71M (Peak 32.71M) | Time:00:00.01 | Mem:0.02M, Peak:0.02M | Scene, ViewLayer | Synchronizing object | Warm rim
Fra:40 Mem:32.72M (Peak 32.72M) | Time:00:00.01 | Mem:0.02M, Peak:0.02M | Scene, ViewLayer | Synchronizing object | Lower canine
Fra:40 Mem:32.72M (Peak 32.72M) | Time:00:00.01 | Mem:0.02M, Peak:0.02M | Scene, ViewLayer | Synchronizing object | Rounded lion ear
Fra:40 Mem:32.72M (Peak 32.72M) | Time:00:00.01 | Mem:0.02M, Peak:0.02M | Scene, ViewLayer | Synchronizing object | Inner lion ear
Fra:40 Mem:32.79M (Peak 32.79M) | Time:00:00.01 | Mem:0.02M, Peak:0.02M | Scene, ViewLayer | Synchronizing object | Rounded lion ear.001
Fra:40 Mem:32.83M (Peak 32.83M) | Time:00:00.01 | Mem:0.02M, Peak:0.02M | Scene, ViewLayer | Synchronizing object | Inner lion ear.001
Fra:40 Mem:32.85M (Peak 32.85M) | Time:00:00.01 | Mem:0.02M, Peak:0.02M | Scene, ViewLayer | Synchronizing object | Sculpted mane lock.002
Fra:40 Mem:32.88M (Peak 32.88M) | Time:00:00.01 | Mem:0.02M, Peak:0.02M | Scene, ViewLayer | Synchronizing object | Sculpted mane lock.003
Fra:40 Mem:32.89M (Peak 32.89M) | Time:00:00.01 | Mem:0.02M, Peak:0.02M | Scene, ViewLayer | Synchronizing object | Sculpted mane lock.005
Fra:40 Mem:32.90M (Peak 32.90M) | Time:00:00.01 | Mem:0.02M, Peak:0.02M | Scene, ViewLayer | Synchronizing object | Sculpted mane lock.007
Fra:40 Mem:32.91M (Peak 32.91M) | Time:00:00.01 | Mem:0.02M, Peak:0.02M | Scene, ViewLayer | Synchronizing object | Sculpted mane lock.009
Fra:40 Mem:32.92M (Peak 32.92M) | Time:00:00.01 | Mem:0.02M, Peak:0.02M | Scene, ViewLayer | Synchronizing object | Sculpted mane lock.010
Fra:40 Mem:32.95M (Peak 32.95M) | Time:00:00.01 | Mem:0.02M, Peak:0.02M | Scene, ViewLayer | Synchronizing object | Sculpted mane lock.011
Fra:40 Mem:32.96M (Peak 32.96M) | Time:00:00.01 | Mem:0.02M, Peak:0.02M | Scene, ViewLayer | Synchronizing object | Sculpted mane lock.013
Fra:40 Mem:32.97M (Peak 32.97M) | Time:00:00.01 | Mem:0.02M, Peak:0.02M | Scene, ViewLayer | Synchronizing object | Sculpted mane lock.014
Fra:40 Mem:32.98M (Peak 32.98M) | Time:00:00.01 | Mem:0.02M, Peak:0.02M | Scene, ViewLayer | Synchronizing object | Sculpted mane lock.015
Fra:40 Mem:32.98M (Peak 32.98M) | Time:00:00.01 | Mem:0.02M, Peak:0.02M | Scene, ViewLayer | Synchronizing object | Sculpted mane lock.017
Fra:40 Mem:32.99M (Peak 32.99M) | Time:00:00.01 | Mem:0.02M, Peak:0.02M | Scene, ViewLayer | Synchronizing object | Sculpted mane lock.018
Fra:40 Mem:32.99M (Peak 32.99M) | Time:00:00.01 | Mem:0.02M, Peak:0.02M | Scene, ViewLayer | Synchronizing object | Raised elemental crest
Fra:40 Mem:32.99M (Peak 32.99M) | Time:00:00.01 | Mem:0.02M, Peak:0.02M | Scene, ViewLayer | Synchronizing object | Sculpted mane lock.019
Fra:40 Mem:33.00M (Peak 33.00M) | Time:00:00.01 | Mem:0.02M, Peak:0.02M | Scene, ViewLayer | Synchronizing object | Sculpted mane lock.020
Fra:40 Mem:33.00M (Peak 33.00M) | Time:00:00.01 | Mem:0.02M, Peak:0.02M | Scene, ViewLayer | Synchronizing object | Sculpted mane lock.021
Fra:40 Mem:33.01M (Peak 33.01M) | Time:00:00.01 | Mem:0.02M, Peak:0.02M | Scene, ViewLayer | Synchronizing object | Sculpted mane lock.022
Fra:40 Mem:33.03M (Peak 33.03M) | Time:00:00.01 | Mem:0.02M, Peak:0.02M | Scene, ViewLayer | Synchronizing object | Sculpted mane lock.023
Fra:40 Mem:33.03M (Peak 33.03M) | Time:00:00.01 | Mem:0.02M, Peak:0.02M | Scene, ViewLayer | Synchronizing object | Sculpted mane lock.025
Fra:40 Mem:33.04M (Peak 33.04M) | Time:00:00.01 | Mem:0.02M, Peak:0.02M | Scene, ViewLayer | Synchronizing object | Sculpted mane lock.026
Fra:40 Mem:33.04M (Peak 33.04M) | Time:00:00.01 | Mem:0.02M, Peak:0.02M | Scene, ViewLayer | Synchronizing object | Sculpted mane lock.027
Fra:40 Mem:33.05M (Peak 33.05M) | Time:00:00.01 | Mem:0.02M, Peak:0.02M | Scene, ViewLayer | Synchronizing object | Sculpted mane lock.028
Fra:40 Mem:33.05M (Peak 33.05M) | Time:00:00.01 | Mem:0.02M, Peak:0.02M | Scene, ViewLayer | Synchronizing object | Sculpted mane lock.029
Fra:40 Mem:33.06M (Peak 33.06M) | Time:00:00.01 | Mem:0.02M, Peak:0.02M | Scene, ViewLayer | Synchronizing object | Sculpted mane lock.032
Fra:40 Mem:33.07M (Peak 33.07M) | Time:00:00.01 | Mem:0.02M, Peak:0.02M | Scene, ViewLayer | Synchronizing object | Sculpted mane lock.034
Fra:40 Mem:33.09M (Peak 33.09M) | Time:00:00.01 | Mem:0.02M, Peak:0.02M | Scene, ViewLayer | Synchronizing object | Sculpted mane lock.036
Fra:40 Mem:33.10M (Peak 33.10M) | Time:00:00.01 | Mem:0.02M, Peak:0.02M | Scene, ViewLayer | Synchronizing object | Sculpted mane lock.038
Fra:40 Mem:33.10M (Peak 33.10M) | Time:00:00.01 | Mem:0.02M, Peak:0.02M | Scene, ViewLayer | Synchronizing object | Sculpted mane lock.040
Fra:40 Mem:33.12M (Peak 33.12M) | Time:00:00.01 | Mem:0.02M, Peak:0.02M | Scene, ViewLayer | Synchronizing object | Sculpted mane lock.041
Fra:40 Mem:33.14M (Peak 33.14M) | Time:00:00.01 | Mem:0.02M, Peak:0.02M | Scene, ViewLayer | Synchronizing object | Neckerchief folded point
Fra:40 Mem:33.14M (Peak 33.14M) | Time:00:00.01 | Mem:0.02M, Peak:0.02M | Scene, ViewLayer | Synchronizing object | Sculpted mane lock.042
Fra:40 Mem:33.14M (Peak 33.14M) | Time:00:00.01 | Mem:0.02M, Peak:0.02M | Scene, ViewLayer | Synchronizing object | Leather neckerchief roll
Fra:40 Mem:33.15M (Peak 33.15M) | Time:00:00.01 | Mem:0.02M, Peak:0.02M | Scene, ViewLayer | Synchronizing object | Sculpted mane lock.044
Fra:40 Mem:33.15M (Peak 33.15M) | Time:00:00.01 | Mem:0.02M, Peak:0.02M | Scene, ViewLayer | Synchronizing object | Sculpted mane lock.045
Fra:40 Mem:33.16M (Peak 33.16M) | Time:00:00.01 | Mem:0.02M, Peak:0.02M | Scene, ViewLayer | Synchronizing object | Sculpted mane lock.046
Fra:40 Mem:33.18M (Peak 33.18M) | Time:00:00.01 | Mem:0.02M, Peak:0.02M | Scene, ViewLayer | Synchronizing object | Sculpted mane lock.048
Fra:40 Mem:33.16M (Peak 33.18M) | Time:00:00.01 | Mem:0.02M, Peak:0.02M | Scene, ViewLayer | Synchronizing object | Sculpted mane lock.049
Fra:40 Mem:33.17M (Peak 33.18M) | Time:00:00.01 | Mem:0.02M, Peak:0.02M | Scene, ViewLayer | Synchronizing object | Flame tail tuft.006
Fra:40 Mem:33.18M (Peak 33.18M) | Time:00:00.01 | Mem:0.02M, Peak:0.02M | Scene, ViewLayer | Synchronizing object | Sculpted mane lock.050
Fra:40 Mem:33.19M (Peak 33.19M) | Time:00:00.01 | Mem:0.02M, Peak:0.02M | Scene, ViewLayer | Synchronizing object | Layered shoulder fur
Fra:40 Mem:33.20M (Peak 33.20M) | Time:00:00.01 | Mem:0.02M, Peak:0.02M | Scene, ViewLayer | Synchronizing object | Wrist fur
Fra:40 Mem:33.20M (Peak 33.20M) | Time:00:00.01 | Mem:0.02M, Peak:0.02M | Scene, ViewLayer | Synchronizing object | Flame tail tuft.005
Fra:40 Mem:33.21M (Peak 33.21M) | Time:00:00.01 | Mem:0.02M, Peak:0.02M | Scene, ViewLayer | Synchronizing object | Wrist fur.002
Fra:40 Mem:33.22M (Peak 33.22M) | Time:00:00.01 | Mem:0.02M, Peak:0.02M | Scene, ViewLayer | Synchronizing object | Layered shoulder fur.003
Fra:40 Mem:33.22M (Peak 33.22M) | Time:00:00.01 | Mem:0.02M, Peak:0.02M | Scene, ViewLayer | Synchronizing object | Layered shoulder fur.004
Fra:40 Mem:33.23M (Peak 33.23M) | Time:00:00.01 | Mem:0.02M, Peak:0.02M | Scene, ViewLayer | Synchronizing object | Layered shoulder fur.005
Fra:40 Mem:33.23M (Peak 33.23M) | Time:00:00.01 | Mem:0.02M, Peak:0.02M | Scene, ViewLayer | Synchronizing object | Wrist fur.005
Fra:40 Mem:33.23M (Peak 33.23M) | Time:00:00.01 | Mem:0.02M, Peak:0.02M | Scene, ViewLayer | Synchronizing object | Flame tail tuft.004
Fra:40 Mem:33.24M (Peak 33.24M) | Time:00:00.01 | Mem:0.02M, Peak:0.02M | Scene, ViewLayer | Synchronizing object | Flame tail tuft.003
Fra:40 Mem:33.25M (Peak 33.25M) | Time:00:00.01 | Mem:0.02M, Peak:0.02M | Scene, ViewLayer | Synchronizing object | Flame tail tuft.002
Fra:40 Mem:33.25M (Peak 33.25M) | Time:00:00.01 | Mem:0.02M, Peak:0.02M | Scene, ViewLayer | Synchronizing object | Layered shoulder fur.006
Fra:40 Mem:33.26M (Peak 33.26M) | Time:00:00.01 | Mem:0.02M, Peak:0.02M | Scene, ViewLayer | Synchronizing object | Layered shoulder fur.007
Fra:40 Mem:33.26M (Peak 33.26M) | Time:00:00.01 | Mem:0.02M, Peak:0.02M | Scene, ViewLayer | Synchronizing object | Layered shoulder fur.008
Fra:40 Mem:33.27M (Peak 33.27M) | Time:00:00.01 | Mem:0.02M, Peak:0.02M | Scene, ViewLayer | Synchronizing object | Wrist fur.006
Fra:40 Mem:33.28M (Peak 33.28M) | Time:00:00.01 | Mem:0.02M, Peak:0.02M | Scene, ViewLayer | Synchronizing object | Wrist fur.008
Fra:40 Mem:33.27M (Peak 33.28M) | Time:00:00.01 | Mem:0.02M, Peak:0.02M | Scene, ViewLayer | Synchronizing object | Layered shoulder fur.009
Fra:40 Mem:33.27M (Peak 33.28M) | Time:00:00.01 | Mem:0.02M, Peak:0.02M | Scene, ViewLayer | Synchronizing object | Layered shoulder fur.010
Fra:40 Mem:33.28M (Peak 33.28M) | Time:00:00.01 | Mem:0.02M, Peak:0.02M | Scene, ViewLayer | Synchronizing object | Layered shoulder fur.011
Fra:40 Mem:33.30M (Peak 33.30M) | Time:00:00.01 | Mem:0.02M, Peak:0.02M | Scene, ViewLayer | Synchronizing object | Wrist fur.009
Fra:40 Mem:33.29M (Peak 33.30M) | Time:00:00.01 | Mem:0.02M, Peak:0.02M | Scene, ViewLayer | Synchronizing object | Wrist fur.010
Fra:40 Mem:33.30M (Peak 33.30M) | Time:00:00.01 | Mem:0.02M, Peak:0.02M | Scene, ViewLayer | Synchronizing object | Wrist fur.011
Fra:40 Mem:33.30M (Peak 33.30M) | Time:00:00.01 | Mem:0.02M, Peak:0.02M | Scene, ViewLayer | Synchronizing object | Flame tail tuft
Fra:40 Mem:33.35M (Peak 33.35M) | Time:00:00.01 | Mem:0.02M, Peak:0.02M | Scene, ViewLayer | Initializing
Fra:40 Mem:31.16M (Peak 33.35M) | Time:00:00.01 | Mem:0.02M, Peak:0.02M | Scene, ViewLayer | Updating Images | Loading Authored short-fur normal
Fra:40 Mem:26.37M (Peak 33.35M) | Time:00:00.02 | Mem:0.27M, Peak:0.27M | Scene, ViewLayer | Waiting for render to start
Fra:40 Mem:26.37M (Peak 33.35M) | Time:00:00.02 | Mem:0.27M, Peak:0.27M | Scene, ViewLayer | Updating Scene
Fra:40 Mem:26.37M (Peak 33.35M) | Time:00:00.02 | Mem:0.27M, Peak:0.27M | Scene, ViewLayer | Updating Shaders
Fra:40 Mem:26.37M (Peak 33.35M) | Time:00:00.02 | Mem:0.27M, Peak:0.27M | Scene, ViewLayer | Loading render kernels (may take a few minutes the first time)
Fra:40 Mem:26.45M (Peak 33.35M) | Time:00:00.08 | Mem:0.28M, Peak:0.28M | Scene, ViewLayer | Updating Procedurals
Fra:40 Mem:26.45M (Peak 33.35M) | Time:00:00.08 | Mem:0.28M, Peak:0.28M | Scene, ViewLayer | Updating Background
Fra:40 Mem:26.45M (Peak 33.35M) | Time:00:00.08 | Mem:0.28M, Peak:0.28M | Scene, ViewLayer | Updating Camera
Fra:40 Mem:26.45M (Peak 33.35M) | Time:00:00.08 | Mem:0.28M, Peak:0.28M | Scene, ViewLayer | Updating Meshes Flags
Fra:40 Mem:26.45M (Peak 33.35M) | Time:00:00.08 | Mem:0.28M, Peak:0.28M | Scene, ViewLayer | Updating Objects
Fra:40 Mem:26.45M (Peak 33.35M) | Time:00:00.08 | Mem:0.28M, Peak:0.28M | Scene, ViewLayer | Updating Objects | Copying Transformations to device
Fra:40 Mem:26.45M (Peak 33.35M) | Time:00:00.08 | Mem:0.33M, Peak:0.33M | Scene, ViewLayer | Updating Particle Systems
Fra:40 Mem:26.45M (Peak 33.35M) | Time:00:00.08 | Mem:0.33M, Peak:0.33M | Scene, ViewLayer | Updating Particle Systems | Copying Particles to device
Fra:40 Mem:26.45M (Peak 33.35M) | Time:00:00.08 | Mem:0.33M, Peak:0.33M | Scene, ViewLayer | Updating Meshes
Fra:40 Mem:27.48M (Peak 33.35M) | Time:00:00.09 | Mem:0.33M, Peak:0.33M | Scene, ViewLayer | Updating Objects | Applying Static Transformations
Fra:40 Mem:27.48M (Peak 33.35M) | Time:00:00.09 | Mem:0.33M, Peak:0.33M | Scene, ViewLayer | Updating Mesh | Computing attributes
Fra:40 Mem:28.90M (Peak 33.35M) | Time:00:00.09 | Mem:0.36M, Peak:0.36M | Scene, ViewLayer | Updating Mesh | Copying Attributes to device
Fra:40 Mem:27.48M (Peak 33.35M) | Time:00:00.21 | Mem:1.81M, Peak:1.81M | Scene, ViewLayer | Updating Geometry BVH light 150/149 | Building BVH
Fra:40 Mem:27.48M (Peak 33.35M) | Time:00:00.21 | Mem:1.81M, Peak:1.81M | Scene, ViewLayer | Updating Geometry BVH Warm rim 149/149 | Building BVH
Fra:40 Mem:27.48M (Peak 33.35M) | Time:00:00.21 | Mem:1.81M, Peak:1.81M | Scene, ViewLayer | Updating Geometry BVH Sky fill 148/149 | Building BVH
Fra:40 Mem:27.48M (Peak 33.35M) | Time:00:00.21 | Mem:1.81M, Peak:1.81M | Scene, ViewLayer | Updating Geometry BVH Sunset key 147/149 | Building BVH
Fra:40 Mem:27.48M (Peak 33.35M) | Time:00:00.21 | Mem:1.81M, Peak:1.81M | Scene, ViewLayer | Updating Geometry BVH Sunset key 147/149 | Building mesh BLAS |      32 tris | Ivory claw
Fra:40 Mem:27.48M (Peak 33.35M) | Time:00:00.21 | Mem:1.81M, Peak:1.81M | Scene, ViewLayer | Updating Geometry BVH Sunset key 147/149 | Building mesh BLAS |     192 tris | Paw toe
Fra:40 Mem:27.48M (Peak 33.35M) | Time:00:00.21 | Mem:1.81M, Peak:1.81M | Scene, ViewLayer | Updating Geometry BVH Sunset key 147/149 | Building mesh BLAS |      32 tris | Ivory claw.002
Fra:40 Mem:27.48M (Peak 33.35M) | Time:00:00.21 | Mem:1.81M, Peak:1.81M | Scene, ViewLayer | Updating Geometry BVH Sunset key 147/149 | Building mesh BLAS |     192 tris | Paw toe.001
Fra:40 Mem:27.48M (Peak 33.35M) | Time:00:00.21 | Mem:1.81M, Peak:1.81M | Scene, ViewLayer | Updating Geometry BVH Sunset key 147/149 | Building mesh BLAS |    4170 tris | ribcage
Fra:40 Mem:27.48M (Peak 33.35M) | Time:00:00.21 | Mem:1.81M, Peak:1.81M | Scene, ViewLayer | Updating Geometry BVH Plane 146/149 | Building BVH
Fra:40 Mem:27.48M (Peak 33.35M) | Time:00:00.21 | Mem:1.81M, Peak:1.81M | Scene, ViewLayer | Updating Geometry BVH Paw toe.003 9/149 | Building mesh BLAS |     192 tris | Paw toe.002
Fra:40 Mem:27.48M (Peak 33.35M) | Time:00:00.21 | Mem:1.81M, Peak:1.81M | Scene, ViewLayer | Updating Geometry BVH Paw toe.003 9/149 | Building mesh BLAS |       2 tris | Plane
Fra:40 Mem:27.48M (Peak 33.35M) | Time:00:00.21 | Mem:1.81M, Peak:1.81M | Scene, ViewLayer | Updating Geometry BVH Paw toe.003 9/149 | Building mesh BLAS |     192 tris | Paw toe.003
Fra:40 Mem:27.48M (Peak 33.35M) | Time:00:00.21 | Mem:1.81M, Peak:1.81M | Scene, ViewLayer | Updating Geometry BVH Ivory claw.003 10/149 | Building BVH
Fra:40 Mem:27.48M (Peak 33.35M) | Time:00:00.21 | Mem:1.81M, Peak:1.81M | Scene, ViewLayer | Updating Geometry BVH Paw toe.004 11/149 | Building BVH
Fra:40 Mem:27.48M (Peak 33.35M) | Time:00:00.21 | Mem:1.81M, Peak:1.81M | Scene, ViewLayer | Updating Geometry BVH Paw toe.004 11/149 | Building mesh BLAS |     192 tris | Paw toe.004
Fra:40 Mem:27.48M (Peak 33.35M) | Time:00:00.21 | Mem:1.81M, Peak:1.81M | Scene, ViewLayer | Updating Geometry BVH Ivory claw.004 12/149 | Building BVH
Fra:40 Mem:27.48M (Peak 33.35M) | Time:00:00.21 | Mem:1.81M, Peak:1.81M | Scene, ViewLayer | Updating Geometry BVH Paw toe.005 13/149 | Building BVH
Fra:40 Mem:27.48M (Peak 33.35M) | Time:00:00.21 | Mem:1.81M, Peak:1.81M | Scene, ViewLayer | Updating Geometry BVH Paw toe.005 13/149 | Building mesh BLAS |      32 tris | Ivory claw.004
Fra:40 Mem:27.48M (Peak 33.35M) | Time:00:00.21 | Mem:1.81M, Peak:1.81M | Scene, ViewLayer | Updating Geometry BVH Paw toe.005 13/149 | Building mesh BLAS |     192 tris | Paw toe.005
Fra:40 Mem:27.48M (Peak 33.35M) | Time:00:00.21 | Mem:1.81M, Peak:1.81M | Scene, ViewLayer | Updating Geometry BVH Ivory claw.005 14/149 | Building BVH
Fra:40 Mem:27.48M (Peak 33.35M) | Time:00:00.21 | Mem:1.81M, Peak:1.81M | Scene, ViewLayer | Updating Geometry BVH Ivory claw.005 14/149 | Building mesh BLAS |      32 tris | Ivory claw.005
Fra:40 Mem:27.48M (Peak 33.35M) | Time:00:00.21 | Mem:1.81M, Peak:1.81M | Scene, ViewLayer | Updating Geometry BVH Paw toe.006 15/149 | Building BVH
Fra:40 Mem:27.48M (Peak 33.35M) | Time:00:00.21 | Mem:1.81M, Peak:1.81M | Scene, ViewLayer | Updating Geometry BVH Paw toe.006 15/149 | Building mesh BLAS |     192 tris | Paw toe.006
Fra:40 Mem:27.48M (Peak 33.35M) | Time:00:00.21 | Mem:1.81M, Peak:1.81M | Scene, ViewLayer | Updating Geometry BVH Ivory claw.006 16/149 | Building BVH
Fra:40 Mem:27.48M (Peak 33.35M) | Time:00:00.21 | Mem:1.81M, Peak:1.81M | Scene, ViewLayer | Updating Geometry BVH Ivory claw.006 16/149 | Building mesh BLAS |      32 tris | Ivory claw.006
Fra:40 Mem:27.48M (Peak 33.35M) | Time:00:00.21 | Mem:1.81M, Peak:1.81M | Scene, ViewLayer | Updating Geometry BVH Paw toe.007 17/149 | Building BVH
Fra:40 Mem:27.48M (Peak 33.35M) | Time:00:00.21 | Mem:1.81M, Peak:1.81M | Scene, ViewLayer | Updating Geometry BVH Paw toe.007 17/149 | Building mesh BLAS |      36 tris | Raised elemental crest
Fra:40 Mem:27.48M (Peak 33.35M) | Time:00:00.21 | Mem:1.81M, Peak:1.81M | Scene, ViewLayer | Updating Geometry BVH Ivory claw.007 18/149 | Building BVH
Fra:40 Mem:27.48M (Peak 33.35M) | Time:00:00.21 | Mem:1.81M, Peak:1.81M | Scene, ViewLayer | Updating Geometry BVH Ivory claw.007 18/149 | Building mesh BLAS |      32 tris | Ivory claw.007
Fra:40 Mem:27.48M (Peak 33.35M) | Time:00:00.21 | Mem:1.81M, Peak:1.81M | Scene, ViewLayer | Updating Geometry BVH Ivory claw.008 20/149 | Building BVH
Fra:40 Mem:27.48M (Peak 33.35M) | Time:00:00.21 | Mem:1.81M, Peak:1.81M | Scene, ViewLayer | Updating Geometry BVH Ivory claw.008 20/149 | Building mesh BLAS |      32 tris | Ivory claw.008
Fra:40 Mem:27.48M (Peak 33.35M) | Time:00:00.21 | Mem:1.81M, Peak:1.81M | Scene, ViewLayer | Updating Geometry BVH Ivory claw.008 20/149 | Building mesh BLAS |     192 tris | Paw toe.008
Fra:40 Mem:27.48M (Peak 33.35M) | Time:00:00.21 | Mem:1.81M, Peak:1.81M | Scene, ViewLayer | Updating Geometry BVH Ivory claw.009 22/149 | Building BVH
Fra:40 Mem:27.48M (Peak 33.35M) | Time:00:00.21 | Mem:1.81M, Peak:1.81M | Scene, ViewLayer | Updating Geometry BVH Ivory claw.009 22/149 | Building mesh BLAS |      32 tris | Ivory claw.009
Fra:40 Mem:27.48M (Peak 33.35M) | Time:00:00.21 | Mem:1.81M, Peak:1.81M | Scene, ViewLayer | Updating Geometry BVH Paw toe.010 23/149 | Building BVH
Fra:40 Mem:27.48M (Peak 33.35M) | Time:00:00.21 | Mem:1.81M, Peak:1.81M | Scene, ViewLayer | Updating Geometry BVH Paw toe.010 23/149 | Building mesh BLAS |     192 tris | Paw toe.010
Fra:40 Mem:27.48M (Peak 33.35M) | Time:00:00.21 | Mem:1.81M, Peak:1.81M | Scene, ViewLayer | Updating Geometry BVH Paw toe.010 23/149 | Building mesh BLAS |     192 tris | Paw toe.009
Fra:40 Mem:27.48M (Peak 33.35M) | Time:00:00.21 | Mem:1.81M, Peak:1.81M | Scene, ViewLayer | Updating Geometry BVH Ivory claw.010 24/149 | Building BVH
Fra:40 Mem:27.48M (Peak 33.35M) | Time:00:00.21 | Mem:1.81M, Peak:1.81M | Scene, ViewLayer | Updating Geometry BVH Ivory claw.010 24/149 | Building mesh BLAS |      32 tris | Ivory claw.010
Fra:40 Mem:27.48M (Peak 33.35M) | Time:00:00.21 | Mem:1.81M, Peak:1.81M | Scene, ViewLayer | Updating Geometry BVH Paw toe.011 25/149 | Building BVH
Fra:40 Mem:27.48M (Peak 33.35M) | Time:00:00.21 | Mem:1.81M, Peak:1.81M | Scene, ViewLayer | Updating Geometry BVH Ivory claw.011 26/149 | Building BVH
Fra:40 Mem:27.48M (Peak 33.35M) | Time:00:00.21 | Mem:1.81M, Peak:1.81M | Scene, ViewLayer | Updating Geometry BVH Ivory claw.011 26/149 | Building mesh BLAS |      32 tris | Ivory claw.011
Fra:40 Mem:27.48M (Peak 33.35M) | Time:00:00.21 | Mem:1.81M, Peak:1.81M | Scene, ViewLayer | Updating Geometry BVH Skull 27/149 | Building BVH
Fra:40 Mem:27.48M (Peak 33.35M) | Time:00:00.21 | Mem:1.81M, Peak:1.81M | Scene, ViewLayer | Updating Geometry BVH Cream muzzle pad 28/149 | Building BVH
Fra:40 Mem:27.48M (Peak 33.35M) | Time:00:00.21 | Mem:1.81M, Peak:1.81M | Scene, ViewLayer | Updating Geometry BVH Cream muzzle pad 28/149 | Building mesh BLAS |     480 tris | Cream muzzle pad
Fra:40 Mem:27.48M (Peak 33.35M) | Time:00:00.21 | Mem:1.81M, Peak:1.81M | Scene, ViewLayer | Updating Geometry BVH Cream muzzle pad.001 29/149 | Building BVH
Fra:40 Mem:27.48M (Peak 33.35M) | Time:00:00.21 | Mem:1.81M, Peak:1.81M | Scene, ViewLayer | Updating Geometry BVH Cream muzzle pad.001 29/149 | Building mesh BLAS |     480 tris | Cream muzzle pad.001
Fra:40 Mem:27.48M (Peak 33.35M) | Time:00:00.21 | Mem:1.81M, Peak:1.81M | Scene, ViewLayer | Updating Geometry BVH Heart shaped nose 30/149 | Building BVH
Fra:40 Mem:27.48M (Peak 33.35M) | Time:00:00.21 | Mem:1.81M, Peak:1.81M | Scene, ViewLayer | Updating Geometry BVH Heart shaped nose 30/149 | Building mesh BLAS |       6 tris | Heart shaped nose
Fra:40 Mem:27.48M (Peak 33.35M) | Time:00:00.21 | Mem:1.81M, Peak:1.81M | Scene, ViewLayer | Updating Geometry BVH Brass crest clasp 144/149 | Building BVH
Fra:40 Mem:27.48M (Peak 33.35M) | Time:00:00.21 | Mem:1.81M, Peak:1.81M | Scene, ViewLayer | Updating Geometry BVH Brass crest clasp 144/149 | Building mesh BLAS |     320 tris | Brass crest clasp
Fra:40 Mem:27.48M (Peak 33.35M) | Time:00:00.21 | Mem:1.81M, Peak:1.81M | Scene, ViewLayer | Updating Geometry BVH Eye socket 31/149 | Building BVH
Fra:40 Mem:27.48M (Peak 33.35M) | Time:00:00.21 | Mem:1.81M, Peak:1.81M | Scene, ViewLayer | Updating Geometry BVH Eye socket 31/149 | Building mesh BLAS |     480 tris | Eye socket
Fra:40 Mem:27.48M (Peak 33.35M) | Time:00:00.21 | Mem:1.81M, Peak:1.81M | Scene, ViewLayer | Updating Geometry BVH Ivory eye 32/149 | Building BVH
Fra:40 Mem:27.48M (Peak 33.35M) | Time:00:00.21 | Mem:1.81M, Peak:1.81M | Scene, ViewLayer | Updating Geometry BVH Iris 33/149 | Building BVH
Fra:40 Mem:27.48M (Peak 33.35M) | Time:00:00.21 | Mem:1.81M, Peak:1.81M | Scene, ViewLayer | Updating Geometry BVH Pupil 34/149 | Building BVH
Fra:40 Mem:27.48M (Peak 33.35M) | Time:00:00.21 | Mem:1.81M, Peak:1.81M | Scene, ViewLayer | Updating Geometry BVH Eye glint 35/149 | Building mesh BLAS |     480 tris | Iris
Fra:40 Mem:27.48M (Peak 33.35M) | Time:00:00.21 | Mem:1.81M, Peak:1.81M | Scene, ViewLayer | Updating Geometry BVH Expressive brow 36/149 | Building BVH
Fra:40 Mem:27.48M (Peak 33.35M) | Time:00:00.21 | Mem:1.81M, Peak:1.81M | Scene, ViewLayer | Updating Geometry BVH Expressive brow 36/149 | Building mesh BLAS |     192 tris | Eye glint
Fra:40 Mem:27.48M (Peak 33.35M) | Time:00:00.21 | Mem:1.81M, Peak:1.81M | Scene, ViewLayer | Updating Geometry BVH Smiling mouth 37/149 | Building mesh BLAS |      44 tris | Expressive brow
Fra:40 Mem:27.48M (Peak 33.35M) | Time:00:00.21 | Mem:1.81M, Peak:1.81M | Scene, ViewLayer | Updating Geometry BVH Neckerchief folded point 143/149 | Building BVH
Fra:40 Mem:27.48M (Peak 33.35M) | Time:00:00.21 | Mem:1.81M, Peak:1.81M | Scene, ViewLayer | Updating Geometry BVH Neckerchief folded point 143/149 | Building mesh BLAS |      32 tris | Smiling mouth
Fra:40 Mem:27.48M (Peak 33.35M) | Time:00:00.21 | Mem:1.81M, Peak:1.81M | Scene, ViewLayer | Updating Geometry BVH Whisker pore 38/149 | Building mesh BLAS |     480 tris | Ivory eye
Fra:40 Mem:27.48M (Peak 33.35M) | Time:00:00.21 | Mem:1.81M, Peak:1.81M | Scene, ViewLayer | Updating Geometry BVH Whisker pore 38/149 | Building mesh BLAS |      64 tris | Whisker pore
Fra:40 Mem:27.48M (Peak 33.35M) | Time:00:00.22 | Mem:1.81M, Peak:1.81M | Scene, ViewLayer | Updating Geometry BVH Whisker pore.002 40/149 | Building BVH
Fra:40 Mem:27.48M (Peak 33.35M) | Time:00:00.22 | Mem:1.81M, Peak:1.81M | Scene, ViewLayer | Updating Geometry BVH Eye socket.001 41/149 | Building BVH
Fra:40 Mem:27.48M (Peak 33.35M) | Time:00:00.22 | Mem:1.81M, Peak:1.81M | Scene, ViewLayer | Updating Geometry BVH Eye socket.001 41/149 | Building mesh BLAS |     480 tris | Eye socket.001
Fra:40 Mem:27.48M (Peak 33.35M) | Time:00:00.22 | Mem:1.81M, Peak:1.81M | Scene, ViewLayer | Updating Geometry BVH Ivory eye.001 42/149 | Building BVH
Fra:40 Mem:27.48M (Peak 33.35M) | Time:00:00.22 | Mem:1.81M, Peak:1.81M | Scene, ViewLayer | Updating Geometry BVH Iris.001 43/149 | Building BVH
Fra:40 Mem:27.48M (Peak 33.35M) | Time:00:00.22 | Mem:1.81M, Peak:1.81M | Scene, ViewLayer | Updating Geometry BVH Iris.001 43/149 | Building mesh BLAS |      64 tris | Whisker pore.001
Fra:40 Mem:27.48M (Peak 33.35M) | Time:00:00.22 | Mem:1.81M, Peak:1.81M | Scene, ViewLayer | Updating Geometry BVH Iris.001 43/149 | Building mesh BLAS |     480 tris | Iris.001
Fra:40 Mem:27.48M (Peak 33.35M) | Time:00:00.22 | Mem:1.81M, Peak:1.81M | Scene, ViewLayer | Updating Geometry BVH Iris.001 43/149 | Building mesh BLAS |      76 tris | Leather neckerchief roll
Fra:40 Mem:27.48M (Peak 33.35M) | Time:00:00.22 | Mem:1.81M, Peak:1.81M | Scene, ViewLayer | Updating Geometry BVH Pupil.001 44/149 | Building BVH
Fra:40 Mem:27.48M (Peak 33.35M) | Time:00:00.22 | Mem:1.81M, Peak:1.81M | Scene, ViewLayer | Updating Geometry BVH Smiling mouth.001 47/149 | Building BVH
Fra:40 Mem:27.48M (Peak 33.35M) | Time:00:00.22 | Mem:1.81M, Peak:1.81M | Scene, ViewLayer | Updating Geometry BVH Flame tail tuft.006 141/149 | Building BVH
Fra:40 Mem:27.48M (Peak 33.35M) | Time:00:00.22 | Mem:1.81M, Peak:1.81M | Scene, ViewLayer | Updating Geometry BVH Flame tail tuft.006 141/149 | Building mesh BLAS |      44 tris | Expressive brow.001
Fra:40 Mem:27.48M (Peak 33.35M) | Time:00:00.22 | Mem:1.81M, Peak:1.81M | Scene, ViewLayer | Updating Geometry BVH Whisker pore.003 48/149 | Building BVH
Fra:40 Mem:27.48M (Peak 33.35M) | Time:00:00.22 | Mem:1.81M, Peak:1.81M | Scene, ViewLayer | Updating Geometry BVH Whisker pore.003 48/149 | Building mesh BLAS |      64 tris | Whisker pore.003
Fra:40 Mem:27.48M (Peak 33.35M) | Time:00:00.22 | Mem:1.81M, Peak:1.81M | Scene, ViewLayer | Updating Geometry BVH Whisker pore.004 49/149 | Building BVH
Fra:40 Mem:27.48M (Peak 33.35M) | Time:00:00.22 | Mem:1.81M, Peak:1.81M | Scene, ViewLayer | Updating Geometry BVH Whisker pore.004 49/149 | Building mesh BLAS |      64 tris | Whisker pore.004
Fra:40 Mem:27.48M (Peak 33.35M) | Time:00:00.22 | Mem:1.81M, Peak:1.81M | Scene, ViewLayer | Updating Geometry BVH Whisker pore.004 49/149 | Building mesh BLAS |      44 tris | Flame tail tuft.006
Fra:40 Mem:27.48M (Peak 33.35M) | Time:00:00.22 | Mem:1.81M, Peak:1.81M | Scene, ViewLayer | Updating Geometry BVH Whisker pore.004 49/149 | Building mesh BLAS |     192 tris | Eye glint.001
Fra:40 Mem:27.48M (Peak 33.35M) | Time:00:00.22 | Mem:1.81M, Peak:1.81M | Scene, ViewLayer | Updating Geometry BVH Whisker pore.005 50/149 | Building BVH
Fra:40 Mem:27.48M (Peak 33.35M) | Time:00:00.22 | Mem:1.81M, Peak:1.81M | Scene, ViewLayer | Updating Geometry BVH Whisker pore.005 50/149 | Building mesh BLAS |      64 tris | Whisker pore.005
Fra:40 Mem:27.48M (Peak 33.35M) | Time:00:00.22 | Mem:1.81M, Peak:1.81M | Scene, ViewLayer | Updating Geometry BVH Lower jaw 51/149 | Building BVH
Fra:40 Mem:27.48M (Peak 33.35M) | Time:00:00.22 | Mem:1.81M, Peak:1.81M | Scene, ViewLayer | Updating Geometry BVH Lower jaw 51/149 | Building mesh BLAS |     400 tris | Lower jaw
Fra:40 Mem:27.48M (Peak 33.35M) | Time:00:00.22 | Mem:1.81M, Peak:1.81M | Scene, ViewLayer | Updating Geometry BVH Mouth cavity 52/149 | Building BVH
Fra:40 Mem:27.48M (Peak 33.35M) | Time:00:00.22 | Mem:1.81M, Peak:1.81M | Scene, ViewLayer | Updating Geometry BVH Mouth cavity 52/149 | Building mesh BLAS |     360 tris | Mouth cavity
Fra:40 Mem:27.48M (Peak 33.35M) | Time:00:00.22 | Mem:1.81M, Peak:1.81M | Scene, ViewLayer | Updating Geometry BVH Lower canine 53/149 | Building BVH
Fra:40 Mem:27.48M (Peak 33.35M) | Time:00:00.22 | Mem:1.81M, Peak:1.81M | Scene, ViewLayer | Updating Geometry BVH Lower canine 53/149 | Building mesh BLAS |      38 tris | Lower canine
Fra:40 Mem:27.48M (Peak 33.35M) | Time:00:00.22 | Mem:1.81M, Peak:1.81M | Scene, ViewLayer | Updating Geometry BVH Lower canine.001 54/149 | Building BVH
Fra:40 Mem:27.48M (Peak 33.35M) | Time:00:00.22 | Mem:1.81M, Peak:1.81M | Scene, ViewLayer | Updating Geometry BVH Inner lion ear 56/149 | Building BVH
Fra:40 Mem:27.48M (Peak 33.35M) | Time:00:00.22 | Mem:1.81M, Peak:1.81M | Scene, ViewLayer | Updating Geometry BVH Inner lion ear 56/149 | Building mesh BLAS |      38 tris | Lower canine.001
Fra:40 Mem:27.48M (Peak 33.35M) | Time:00:00.22 | Mem:1.81M, Peak:1.81M | Scene, ViewLayer | Updating Geometry BVH Inner lion ear 56/149 | Building mesh BLAS |     432 tris | Rounded lion ear
Fra:40 Mem:27.48M (Peak 33.35M) | Time:00:00.22 | Mem:1.81M, Peak:1.81M | Scene, ViewLayer | Updating Geometry BVH Rounded lion ear.001 57/149 | Building BVH
Fra:40 Mem:27.48M (Peak 33.35M) | Time:00:00.22 | Mem:1.81M, Peak:1.81M | Scene, ViewLayer | Updating Geometry BVH Flame tail tuft.005 140/149 | Building mesh BLAS |     320 tris | Inner lion ear
Fra:40 Mem:27.48M (Peak 33.35M) | Time:00:00.22 | Mem:1.81M, Peak:1.81M | Scene, ViewLayer | Updating Geometry BVH Flame tail tuft.005 140/149 | Building mesh BLAS |     432 tris | Rounded lion ear.001
Fra:40 Mem:27.48M (Peak 33.35M) | Time:00:00.22 | Mem:1.81M, Peak:1.81M | Scene, ViewLayer | Updating Geometry BVH Inner lion ear.001 58/149 | Building BVH
Fra:40 Mem:27.48M (Peak 33.35M) | Time:00:00.22 | Mem:1.81M, Peak:1.81M | Scene, ViewLayer | Updating Geometry BVH Inner lion ear.001 58/149 | Building mesh BLAS |      44 tris | Flame tail tuft.005
Fra:40 Mem:27.48M (Peak 33.35M) | Time:00:00.22 | Mem:1.81M, Peak:1.81M | Scene, ViewLayer | Updating Geometry BVH Inner lion ear.001 58/149 | Building mesh BLAS |     320 tris | Inner lion ear.001
Fra:40 Mem:27.48M (Peak 33.35M) | Time:00:00.22 | Mem:1.81M, Peak:1.81M | Scene, ViewLayer | Updating Geometry BVH Sculpted mane lock 59/149 | Building BVH
Fra:40 Mem:27.48M (Peak 33.35M) | Time:00:00.22 | Mem:1.81M, Peak:1.81M | Scene, ViewLayer | Updating Geometry BVH Sculpted mane lock 59/149 | Building mesh BLAS |      60 tris | Sculpted mane lock
Fra:40 Mem:27.48M (Peak 33.35M) | Time:00:00.22 | Mem:1.81M, Peak:1.81M | Scene, ViewLayer | Updating Geometry BVH Sculpted mane lock.001 60/149 | Building BVH
Fra:40 Mem:27.48M (Peak 33.35M) | Time:00:00.22 | Mem:1.81M, Peak:1.81M | Scene, ViewLayer | Updating Geometry BVH Sculpted mane lock.002 61/149 | Building mesh BLAS |      60 tris | Sculpted mane lock.001
Fra:40 Mem:27.48M (Peak 33.35M) | Time:00:00.22 | Mem:1.81M, Peak:1.81M | Scene, ViewLayer | Updating Geometry BVH Sculpted mane lock.002 61/149 | Building mesh BLAS |      60 tris | Sculpted mane lock.002
Fra:40 Mem:27.48M (Peak 33.35M) | Time:00:00.22 | Mem:1.81M, Peak:1.81M | Scene, ViewLayer | Updating Geometry BVH Sculpted mane lock.003 62/149 | Building BVH
Fra:40 Mem:27.48M (Peak 33.35M) | Time:00:00.22 | Mem:1.81M, Peak:1.81M | Scene, ViewLayer | Updating Geometry BVH Sculpted mane lock.003 62/149 | Building mesh BLAS |      60 tris | Sculpted mane lock.003
Fra:40 Mem:27.48M (Peak 33.35M) | Time:00:00.22 | Mem:1.81M, Peak:1.81M | Scene, ViewLayer | Updating Geometry BVH Sculpted mane lock.004 63/149 | Building BVH
Fra:40 Mem:27.48M (Peak 33.35M) | Time:00:00.22 | Mem:1.81M, Peak:1.81M | Scene, ViewLayer | Updating Geometry BVH Sculpted mane lock.006 65/149 | Building BVH
Fra:40 Mem:27.48M (Peak 33.35M) | Time:00:00.22 | Mem:1.81M, Peak:1.81M | Scene, ViewLayer | Updating Geometry BVH Sculpted mane lock.006 65/149 | Building mesh BLAS |      60 tris | Sculpted mane lock.004
Fra:40 Mem:27.48M (Peak 33.35M) | Time:00:00.22 | Mem:1.81M, Peak:1.81M | Scene, ViewLayer | Updating Geometry BVH Sculpted mane lock.007 66/149 | Building BVH
Fra:40 Mem:27.48M (Peak 33.35M) | Time:00:00.22 | Mem:1.81M, Peak:1.81M | Scene, ViewLayer | Updating Geometry BVH Sculpted mane lock.007 66/149 | Building mesh BLAS |      60 tris | Sculpted mane lock.006
Fra:40 Mem:27.48M (Peak 33.35M) | Time:00:00.22 | Mem:1.81M, Peak:1.81M | Scene, ViewLayer | Updating Geometry BVH Sculpted mane lock.007 66/149 | Building mesh BLAS |      60 tris | Sculpted mane lock.007
Fra:40 Mem:27.48M (Peak 33.35M) | Time:00:00.22 | Mem:1.81M, Peak:1.81M | Scene, ViewLayer | Updating Geometry BVH Sculpted mane lock.007 66/149 | Building mesh BLAS |      44 tris | Flame tail tuft.004
Fra:40 Mem:27.48M (Peak 33.35M) | Time:00:00.22 | Mem:1.81M, Peak:1.81M | Scene, ViewLayer | Updating Geometry BVH Sculpted mane lock.008 67/149 | Building BVH
Fra:40 Mem:27.48M (Peak 33.35M) | Time:00:00.22 | Mem:1.81M, Peak:1.81M | Scene, ViewLayer | Updating Geometry BVH Sculpted mane lock.008 67/149 | Building mesh BLAS |      60 tris | Sculpted mane lock.008
Fra:40 Mem:27.48M (Peak 33.35M) | Time:00:00.22 | Mem:1.81M, Peak:1.81M | Scene, ViewLayer | Updating Geometry BVH Sculpted mane lock.009 68/149 | Building BVH
Fra:40 Mem:27.48M (Peak 33.35M) | Time:00:00.22 | Mem:1.81M, Peak:1.81M | Scene, ViewLayer | Updating Geometry BVH Sculpted mane lock.010 69/149 | Building mesh BLAS |      60 tris | Sculpted mane lock.009
Fra:40 Mem:27.48M (Peak 33.35M) | Time:00:00.22 | Mem:1.81M, Peak:1.81M | Scene, ViewLayer | Updating Geometry BVH Sculpted mane lock.010 69/149 | Building mesh BLAS |      60 tris | Sculpted mane lock.010
Fra:40 Mem:27.48M (Peak 33.35M) | Time:00:00.22 | Mem:1.81M, Peak:1.81M | Scene, ViewLayer | Updating Geometry BVH Sculpted mane lock.011 70/149 | Building BVH
Fra:40 Mem:27.48M (Peak 33.35M) | Time:00:00.22 | Mem:1.81M, Peak:1.81M | Scene, ViewLayer | Updating Geometry BVH Sculpted mane lock.011 70/149 | Building mesh BLAS |      60 tris | Sculpted mane lock.011
Fra:40 Mem:27.48M (Peak 33.35M) | Time:00:00.22 | Mem:1.81M, Peak:1.81M | Scene, ViewLayer | Updating Geometry BVH Flame tail tuft.003 138/149 | Building BVH
Fra:40 Mem:27.48M (Peak 33.35M) | Time:00:00.22 | Mem:1.81M, Peak:1.81M | Scene, ViewLayer | Updating Geometry BVH Sculpted mane lock.014 73/149 | Building BVH
Fra:40 Mem:27.48M (Peak 33.35M) | Time:00:00.22 | Mem:1.81M, Peak:1.81M | Scene, ViewLayer | Updating Geometry BVH Sculpted mane lock.013 72/149 | Building mesh BLAS |      44 tris | Flame tail tuft.003
Fra:40 Mem:27.48M (Peak 33.35M) | Time:00:00.22 | Mem:1.81M, Peak:1.81M | Scene, ViewLayer | Updating Geometry BVH Sculpted mane lock.012 71/149 | Building mesh BLAS |      60 tris | Sculpted mane lock.014
Fra:40 Mem:27.48M (Peak 33.35M) | Time:00:00.22 | Mem:1.81M, Peak:1.81M | Scene, ViewLayer | Updating Geometry BVH Sculpted mane lock.012 71/149 | Building mesh BLAS |      60 tris | Sculpted mane lock.012
Fra:40 Mem:27.48M (Peak 33.35M) | Time:00:00.22 | Mem:1.81M, Peak:1.81M | Scene, ViewLayer | Updating Geometry BVH Sculpted mane lock.012 71/149 | Building mesh BLAS |      60 tris | Sculpted mane lock.013
Fra:40 Mem:27.48M (Peak 33.35M) | Time:00:00.22 | Mem:1.81M, Peak:1.81M | Scene, ViewLayer | Updating Geometry BVH Sculpted mane lock.015 74/149 | Building BVH
Fra:40 Mem:27.48M (Peak 33.35M) | Time:00:00.22 | Mem:1.81M, Peak:1.81M | Scene, ViewLayer | Updating Geometry BVH Sculpted mane lock.015 74/149 | Building mesh BLAS |      60 tris | Sculpted mane lock.015
Fra:40 Mem:27.48M (Peak 33.35M) | Time:00:00.22 | Mem:1.82M, Peak:1.82M | Scene, ViewLayer | Updating Geometry BVH Sculpted mane lock.016 75/149 | Building BVH
Fra:40 Mem:27.48M (Peak 33.35M) | Time:00:00.22 | Mem:1.82M, Peak:1.82M | Scene, ViewLayer | Updating Geometry BVH Sculpted mane lock.017 76/149 | Building BVH
Fra:40 Mem:27.48M (Peak 33.35M) | Time:00:00.22 | Mem:1.82M, Peak:1.82M | Scene, ViewLayer | Updating Geometry BVH Sculpted mane lock.017 76/149 | Building mesh BLAS |      60 tris | Sculpted mane lock.016
Fra:40 Mem:27.48M (Peak 33.35M) | Time:00:00.22 | Mem:1.82M, Peak:1.82M | Scene, ViewLayer | Updating Geometry BVH Sculpted mane lock.017 76/149 | Building mesh BLAS |      60 tris | Sculpted mane lock.017
Fra:40 Mem:27.48M (Peak 33.35M) | Time:00:00.23 | Mem:1.82M, Peak:1.82M | Scene, ViewLayer | Updating Geometry BVH Sculpted mane lock.018 77/149 | Building BVH
Fra:40 Mem:27.48M (Peak 33.35M) | Time:00:00.23 | Mem:1.82M, Peak:1.82M | Scene, ViewLayer | Updating Geometry BVH Sculpted mane lock.018 77/149 | Building mesh BLAS |      60 tris | Sculpted mane lock.018
Fra:40 Mem:27.48M (Peak 33.35M) | Time:00:00.23 | Mem:1.82M, Peak:1.82M | Scene, ViewLayer | Updating Geometry BVH Flame tail tuft.002 137/149 | Building BVH
Fra:40 Mem:27.48M (Peak 33.35M) | Time:00:00.23 | Mem:1.82M, Peak:1.82M | Scene, ViewLayer | Updating Geometry BVH Flame tail tuft.002 137/149 | Building mesh BLAS |      44 tris | Flame tail tuft.002
Fra:40 Mem:27.48M (Peak 33.35M) | Time:00:00.23 | Mem:1.82M, Peak:1.82M | Scene, ViewLayer | Updating Geometry BVH Sculpted mane lock.019 78/149 | Building BVH
Fra:40 Mem:27.48M (Peak 33.35M) | Time:00:00.23 | Mem:1.82M, Peak:1.82M | Scene, ViewLayer | Updating Geometry BVH Sculpted mane lock.019 78/149 | Building mesh BLAS |      60 tris | Sculpted mane lock.019
Fra:40 Mem:27.48M (Peak 33.35M) | Time:00:00.23 | Mem:1.82M, Peak:1.82M | Scene, ViewLayer | Updating Geometry BVH Sculpted mane lock.020 79/149 | Building BVH
Fra:40 Mem:27.48M (Peak 33.35M) | Time:00:00.23 | Mem:1.82M, Peak:1.82M | Scene, ViewLayer | Updating Geometry BVH Sculpted mane lock.020 79/149 | Building mesh BLAS |      60 tris | Sculpted mane lock.020
Fra:40 Mem:27.48M (Peak 33.35M) | Time:00:00.23 | Mem:1.82M, Peak:1.82M | Scene, ViewLayer | Updating Geometry BVH Sculpted mane lock.021 80/149 | Building BVH
Fra:40 Mem:27.48M (Peak 33.35M) | Time:00:00.23 | Mem:1.82M, Peak:1.82M | Scene, ViewLayer | Updating Geometry BVH Sculpted mane lock.021 80/149 | Building mesh BLAS |      60 tris | Sculpted mane lock.021
Fra:40 Mem:27.48M (Peak 33.35M) | Time:00:00.23 | Mem:1.82M, Peak:1.82M | Scene, ViewLayer | Updating Geometry BVH Sculpted mane lock.022 81/149 | Building BVH
Fra:40 Mem:27.48M (Peak 33.35M) | Time:00:00.23 | Mem:1.82M, Peak:1.82M | Scene, ViewLayer | Updating Geometry BVH Sculpted mane lock.022 81/149 | Building mesh BLAS |      60 tris | Sculpted mane lock.022
Fra:40 Mem:27.48M (Peak 33.35M) | Time:00:00.23 | Mem:1.82M, Peak:1.82M | Scene, ViewLayer | Updating Geometry BVH Sculpted mane lock.023 82/149 | Building BVH
Fra:40 Mem:27.48M (Peak 33.35M) | Time:00:00.23 | Mem:1.82M, Peak:1.82M | Scene, ViewLayer | Updating Geometry BVH Sculpted mane lock.023 82/149 | Building mesh BLAS |      60 tris | Sculpted mane lock.023
Fra:40 Mem:27.48M (Peak 33.35M) | Time:00:00.23 | Mem:1.82M, Peak:1.82M | Scene, ViewLayer | Updating Geometry BVH Sculpted mane lock.024 83/149 | Building BVH
Fra:40 Mem:27.48M (Peak 33.35M) | Time:00:00.23 | Mem:1.82M, Peak:1.82M | Scene, ViewLayer | Updating Geometry BVH Sculpted mane lock.024 83/149 | Building mesh BLAS |      60 tris | Sculpted mane lock.024
Fra:40 Mem:27.48M (Peak 33.35M) | Time:00:00.23 | Mem:1.83M, Peak:1.83M | Scene, ViewLayer | Updating Geometry BVH Sculpted mane lock.025 84/149 | Building BVH
Fra:40 Mem:27.48M (Peak 33.35M) | Time:00:00.23 | Mem:1.83M, Peak:1.83M | Scene, ViewLayer | Updating Geometry BVH Sculpted mane lock.025 84/149 | Building mesh BLAS |      60 tris | Sculpted mane lock.025
Fra:40 Mem:27.48M (Peak 33.35M) | Time:00:00.23 | Mem:1.83M, Peak:1.83M | Scene, ViewLayer | Updating Geometry BVH Flame tail tuft.001 136/149 | Building BVH
Fra:40 Mem:27.48M (Peak 33.35M) | Time:00:00.23 | Mem:1.83M, Peak:1.83M | Scene, ViewLayer | Updating Geometry BVH Flame tail tuft.001 136/149 | Building mesh BLAS |      44 tris | Flame tail tuft.001
Fra:40 Mem:27.48M (Peak 33.35M) | Time:00:00.23 | Mem:1.83M, Peak:1.83M | Scene, ViewLayer | Updating Geometry BVH Sculpted mane lock.026 85/149 | Building BVH
Fra:40 Mem:27.48M (Peak 33.35M) | Time:00:00.23 | Mem:1.83M, Peak:1.83M | Scene, ViewLayer | Updating Geometry BVH Sculpted mane lock.026 85/149 | Building mesh BLAS |      60 tris | Sculpted mane lock.026
Fra:40 Mem:27.48M (Peak 33.35M) | Time:00:00.23 | Mem:1.83M, Peak:1.83M | Scene, ViewLayer | Updating Geometry BVH Sculpted mane lock.027 86/149 | Building BVH
Fra:40 Mem:27.48M (Peak 33.35M) | Time:00:00.23 | Mem:1.83M, Peak:1.83M | Scene, ViewLayer | Updating Geometry BVH Sculpted mane lock.027 86/149 | Building mesh BLAS |      60 tris | Sculpted mane lock.027
Fra:40 Mem:27.48M (Peak 33.35M) | Time:00:00.23 | Mem:1.83M, Peak:1.83M | Scene, ViewLayer | Updating Geometry BVH Sculpted mane lock.028 87/149 | Building BVH
Fra:40 Mem:27.48M (Peak 33.35M) | Time:00:00.23 | Mem:1.83M, Peak:1.83M | Scene, ViewLayer | Updating Geometry BVH Sculpted mane lock.028 87/149 | Building mesh BLAS |      60 tris | Sculpted mane lock.028
Fra:40 Mem:27.48M (Peak 33.35M) | Time:00:00.23 | Mem:1.84M, Peak:1.84M | Scene, ViewLayer | Updating Geometry BVH Sculpted mane lock.029 88/149 | Building BVH
Fra:40 Mem:27.48M (Peak 33.35M) | Time:00:00.23 | Mem:1.84M, Peak:1.84M | Scene, ViewLayer | Updating Geometry BVH Sculpted mane lock.029 88/149 | Building mesh BLAS |      60 tris | Sculpted mane lock.029
Fra:40 Mem:27.48M (Peak 33.35M) | Time:00:00.23 | Mem:2.05M, Peak:2.05M | Scene, ViewLayer | Updating Geometry BVH Sculpted mane lock.030 89/149 | Building BVH
Fra:40 Mem:27.48M (Peak 33.35M) | Time:00:00.23 | Mem:2.05M, Peak:2.05M | Scene, ViewLayer | Updating Geometry BVH Sculpted mane lock.030 89/149 | Building mesh BLAS |      60 tris | Sculpted mane lock.030
Fra:40 Mem:27.48M (Peak 33.35M) | Time:00:00.23 | Mem:2.09M, Peak:2.09M | Scene, ViewLayer | Updating Geometry BVH Sculpted mane lock.031 90/149 | Building BVH
Fra:40 Mem:27.48M (Peak 33.35M) | Time:00:00.23 | Mem:2.09M, Peak:2.09M | Scene, ViewLayer | Updating Geometry BVH Sculpted mane lock.031 90/149 | Building mesh BLAS |      60 tris | Sculpted mane lock.031
Fra:40 Mem:27.48M (Peak 33.35M) | Time:00:00.23 | Mem:2.09M, Peak:2.09M | Scene, ViewLayer | Updating Geometry BVH Sculpted mane lock.032 91/149 | Building BVH
Fra:40 Mem:27.48M (Peak 33.35M) | Time:00:00.23 | Mem:2.09M, Peak:2.09M | Scene, ViewLayer | Updating Geometry BVH Sculpted mane lock.033 92/149 | Building BVH
Fra:40 Mem:27.48M (Peak 33.35M) | Time:00:00.23 | Mem:2.09M, Peak:2.09M | Scene, ViewLayer | Updating Geometry BVH Sculpted mane lock.035 94/149 | Building BVH
Fra:40 Mem:27.48M (Peak 33.35M) | Time:00:00.23 | Mem:2.09M, Peak:2.09M | Scene, ViewLayer | Updating Geometry BVH Sculpted mane lock.036 95/149 | Building BVH
Fra:40 Mem:27.48M (Peak 33.35M) | Time:00:00.23 | Mem:2.09M, Peak:2.09M | Scene, ViewLayer | Updating Geometry BVH Sculpted mane lock.036 95/149 | Building mesh BLAS |      60 tris | Sculpted mane lock.035
Fra:40 Mem:27.48M (Peak 33.35M) | Time:00:00.23 | Mem:2.09M, Peak:2.09M | Scene, ViewLayer | Updating Geometry BVH Sculpted mane lock.036 95/149 | Building mesh BLAS |      60 tris | Sculpted mane lock.036
Fra:40 Mem:27.48M (Peak 33.35M) | Time:00:00.23 | Mem:2.09M, Peak:2.09M | Scene, ViewLayer | Updating Geometry BVH Sculpted mane lock.036 95/149 | Building mesh BLAS |      44 tris | Flame tail tuft
Fra:40 Mem:27.48M (Peak 33.35M) | Time:00:00.23 | Mem:2.09M, Peak:2.09M | Scene, ViewLayer | Updating Geometry BVH Sculpted mane lock.036 95/149 | Building mesh BLAS |      60 tris | Sculpted mane lock.034
Fra:40 Mem:27.48M (Peak 33.35M) | Time:00:00.23 | Mem:2.09M, Peak:2.09M | Scene, ViewLayer | Updating Geometry BVH Sculpted mane lock.037 96/149 | Building BVH
Fra:40 Mem:27.48M (Peak 33.35M) | Time:00:00.23 | Mem:2.09M, Peak:2.09M | Scene, ViewLayer | Updating Geometry BVH Sculpted mane lock.037 96/149 | Building mesh BLAS |      60 tris | Sculpted mane lock.037
Fra:40 Mem:27.48M (Peak 33.35M) | Time:00:00.23 | Mem:2.11M, Peak:2.11M | Scene, ViewLayer | Updating Geometry BVH Sculpted mane lock.038 97/149 | Building BVH
Fra:40 Mem:27.48M (Peak 33.35M) | Time:00:00.23 | Mem:2.11M, Peak:2.11M | Scene, ViewLayer | Updating Geometry BVH Sculpted mane lock.038 97/149 | Building mesh BLAS |      60 tris | Sculpted mane lock.038
Fra:40 Mem:27.48M (Peak 33.35M) | Time:00:00.23 | Mem:2.32M, Peak:2.32M | Scene, ViewLayer | Updating Geometry BVH Sculpted mane lock.039 98/149 | Building BVH
Fra:40 Mem:27.48M (Peak 33.35M) | Time:00:00.23 | Mem:2.32M, Peak:2.32M | Scene, ViewLayer | Updating Geometry BVH Sculpted mane lock.039 98/149 | Building mesh BLAS |      60 tris | Sculpted mane lock.039
Fra:40 Mem:27.48M (Peak 33.35M) | Time:00:00.23 | Mem:2.32M, Peak:2.32M | Scene, ViewLayer | Updating Geometry BVH Sculpted mane lock.040 99/149 | Building BVH
Fra:40 Mem:27.48M (Peak 33.35M) | Time:00:00.23 | Mem:2.36M, Peak:2.36M | Scene, ViewLayer | Updating Geometry BVH Sculpted mane lock.040 99/149 | Building mesh BLAS |      60 tris | Sculpted mane lock.040
Fra:40 Mem:27.48M (Peak 33.35M) | Time:00:00.23 | Mem:2.36M, Peak:2.36M | Scene, ViewLayer | Updating Geometry BVH Sculpted mane lock.041 100/149 | Building BVH
Fra:40 Mem:27.48M (Peak 33.35M) | Time:00:00.23 | Mem:2.37M, Peak:2.37M | Scene, ViewLayer | Updating Geometry BVH Sculpted mane lock.041 100/149 | Building mesh BLAS |      60 tris | Sculpted mane lock.041
Fra:40 Mem:27.48M (Peak 33.35M) | Time:00:00.23 | Mem:2.37M, Peak:2.37M | Scene, ViewLayer | Updating Geometry BVH Sculpted mane lock.042 101/149 | Building BVH
Fra:40 Mem:27.48M (Peak 33.35M) | Time:00:00.23 | Mem:2.37M, Peak:2.37M | Scene, ViewLayer | Updating Geometry BVH Sculpted mane lock.042 101/149 | Building mesh BLAS |      60 tris | Sculpted mane lock.042
Fra:40 Mem:27.48M (Peak 33.35M) | Time:00:00.23 | Mem:2.37M, Peak:2.37M | Scene, ViewLayer | Updating Geometry BVH Sculpted mane lock.043 102/149 | Building BVH
Fra:40 Mem:27.48M (Peak 33.35M) | Time:00:00.23 | Mem:2.37M, Peak:2.37M | Scene, ViewLayer | Updating Geometry BVH Sculpted mane lock.043 102/149 | Building mesh BLAS |      60 tris | Sculpted mane lock.043
Fra:40 Mem:27.48M (Peak 33.35M) | Time:00:00.23 | Mem:2.37M, Peak:2.37M | Scene, ViewLayer | Updating Geometry BVH Sculpted mane lock.043 102/149 | Building mesh BLAS |     268 tris | Articulated tail
Fra:40 Mem:27.48M (Peak 33.35M) | Time:00:00.24 | Mem:2.46M, Peak:2.46M | Scene, ViewLayer | Updating Geometry BVH Sculpted mane lock.045 104/149 | Building BVH
Fra:40 Mem:27.48M (Peak 33.35M) | Time:00:00.24 | Mem:2.49M, Peak:2.49M | Scene, ViewLayer | Updating Geometry BVH Sculpted mane lock.047 106/149 | Building BVH
Fra:40 Mem:27.48M (Peak 33.35M) | Time:00:00.24 | Mem:2.49M, Peak:2.49M | Scene, ViewLayer | Updating Geometry BVH Sculpted mane lock.047 106/149 | Building mesh BLAS |      60 tris | Sculpted mane lock.045
Fra:40 Mem:27.48M (Peak 33.35M) | Time:00:00.24 | Mem:2.51M, Peak:2.51M | Scene, ViewLayer | Updating Geometry BVH Sculpted mane lock.050 109/149 | Building BVH
Fra:40 Mem:27.48M (Peak 33.35M) | Time:00:00.24 | Mem:2.52M, Peak:2.52M | Scene, ViewLayer | Updating Geometry BVH Sculpted mane lock.050 109/149 | Building mesh BLAS |      60 tris | Sculpted mane lock.050
Fra:40 Mem:27.48M (Peak 33.35M) | Time:00:00.24 | Mem:2.55M, Peak:2.55M | Scene, ViewLayer | Updating Geometry BVH Layered shoulder fur 110/149 | Building BVH
Fra:40 Mem:27.48M (Peak 33.35M) | Time:00:00.24 | Mem:2.55M, Peak:2.55M | Scene, ViewLayer | Updating Geometry BVH Layered shoulder fur.001 111/149 | Building BVH
Fra:40 Mem:27.48M (Peak 33.35M) | Time:00:00.24 | Mem:2.55M, Peak:2.55M | Scene, ViewLayer | Updating Geometry BVH Layered shoulder fur.001 111/149 | Building mesh BLAS |      60 tris | Sculpted mane lock.049
Fra:40 Mem:27.48M (Peak 33.35M) | Time:00:00.24 | Mem:2.59M, Peak:2.59M | Scene, ViewLayer | Updating Geometry BVH Layered shoulder fur.001 111/149 | Building mesh BLAS |      44 tris | Wrist fur.011
Fra:40 Mem:27.48M (Peak 33.35M) | Time:00:00.24 | Mem:2.65M, Peak:2.65M | Scene, ViewLayer | Updating Geometry BVH Layered shoulder fur.002 112/149 | Building BVH
Fra:40 Mem:27.48M (Peak 33.35M) | Time:00:00.24 | Mem:2.65M, Peak:2.65M | Scene, ViewLayer | Updating Geometry BVH Wrist fur.010 132/149 | Building BVH
Fra:40 Mem:27.48M (Peak 33.35M) | Time:00:00.24 | Mem:2.65M, Peak:2.65M | Scene, ViewLayer | Updating Geometry BVH Wrist fur.010 132/149 | Building mesh BLAS |      60 tris | Sculpted mane lock.048
Fra:40 Mem:27.48M (Peak 33.35M) | Time:00:00.24 | Mem:2.65M, Peak:2.65M | Scene, ViewLayer | Updating Geometry BVH Wrist fur.010 132/149 | Building mesh BLAS |      44 tris | Wrist fur.010
Fra:40 Mem:27.48M (Peak 33.35M) | Time:00:00.24 | Mem:2.65M, Peak:2.65M | Scene, ViewLayer | Updating Geometry BVH Wrist fur 113/149 | Building BVH
Fra:40 Mem:27.48M (Peak 33.35M) | Time:00:00.24 | Mem:2.65M, Peak:2.65M | Scene, ViewLayer | Updating Geometry BVH Wrist fur 113/149 | Building mesh BLAS |      44 tris | Layered shoulder fur.002
Fra:40 Mem:27.48M (Peak 33.35M) | Time:00:00.24 | Mem:2.65M, Peak:2.65M | Scene, ViewLayer | Updating Geometry BVH Wrist fur 113/149 | Building mesh BLAS |      44 tris | Wrist fur
Fra:40 Mem:27.48M (Peak 33.35M) | Time:00:00.24 | Mem:2.65M, Peak:2.65M | Scene, ViewLayer | Updating Geometry BVH Wrist fur.001 114/149 | Building mesh BLAS |      60 tris | Sculpted mane lock.046
Fra:40 Mem:27.48M (Peak 33.35M) | Time:00:00.24 | Mem:2.65M, Peak:2.65M | Scene, ViewLayer | Updating Geometry BVH Wrist fur.002 115/149 | Building BVH
Fra:40 Mem:27.48M (Peak 33.35M) | Time:00:00.24 | Mem:2.65M, Peak:2.65M | Scene, ViewLayer | Updating Geometry BVH Wrist fur.002 115/149 | Building mesh BLAS |      44 tris | Wrist fur.002
Fra:40 Mem:27.48M (Peak 33.35M) | Time:00:00.24 | Mem:2.65M, Peak:2.65M | Scene, ViewLayer | Updating Geometry BVH Layered shoulder fur.004 117/149 | Building BVH
Fra:40 Mem:27.48M (Peak 33.35M) | Time:00:00.24 | Mem:2.65M, Peak:2.65M | Scene, ViewLayer | Updating Geometry BVH Layered shoulder fur.004 117/149 | Building mesh BLAS |      44 tris | Layered shoulder fur.004
Fra:40 Mem:27.48M (Peak 33.35M) | Time:00:00.24 | Mem:2.65M, Peak:2.65M | Scene, ViewLayer | Updating Geometry BVH Layered shoulder fur.004 117/149 | Building mesh BLAS |      44 tris | Wrist fur.001
Fra:40 Mem:27.48M (Peak 33.35M) | Time:00:00.24 | Mem:2.66M, Peak:2.66M | Scene, ViewLayer | Updating Geometry BVH Layered shoulder fur.004 117/149 | Building mesh BLAS |      44 tris | Layered shoulder fur
Fra:40 Mem:27.48M (Peak 33.35M) | Time:00:00.24 | Mem:2.66M, Peak:2.66M | Scene, ViewLayer | Updating Geometry BVH Wrist fur.009 131/149 | Building BVH
Fra:40 Mem:27.48M (Peak 33.35M) | Time:00:00.24 | Mem:2.66M, Peak:2.66M | Scene, ViewLayer | Updating Geometry BVH Layered shoulder fur.005 118/149 | Building BVH
Fra:40 Mem:27.48M (Peak 33.35M) | Time:00:00.24 | Mem:2.66M, Peak:2.66M | Scene, ViewLayer | Updating Geometry BVH Layered shoulder fur.005 118/149 | Building mesh BLAS |      44 tris | Wrist fur.009
Fra:40 Mem:27.48M (Peak 33.35M) | Time:00:00.24 | Mem:2.71M, Peak:2.71M | Scene, ViewLayer | Updating Geometry BVH Layered shoulder fur.005 118/149 | Building mesh BLAS |      44 tris | Layered shoulder fur.005
Fra:40 Mem:27.48M (Peak 33.35M) | Time:00:00.24 | Mem:2.71M, Peak:2.71M | Scene, ViewLayer | Updating Geometry BVH Wrist fur.003 119/149 | Building BVH
Fra:40 Mem:27.48M (Peak 33.35M) | Time:00:00.24 | Mem:2.71M, Peak:2.71M | Scene, ViewLayer | Updating Geometry BVH Wrist fur.004 120/149 | Building BVH
Fra:40 Mem:27.48M (Peak 33.35M) | Time:00:00.24 | Mem:2.71M, Peak:2.71M | Scene, ViewLayer | Updating Geometry BVH Wrist fur.005 121/149 | Building BVH
Fra:40 Mem:27.48M (Peak 33.35M) | Time:00:00.24 | Mem:2.71M, Peak:2.71M | Scene, ViewLayer | Updating Geometry BVH Layered shoulder fur.006 122/149 | Building BVH
Fra:40 Mem:27.48M (Peak 33.35M) | Time:00:00.24 | Mem:2.71M, Peak:2.71M | Scene, ViewLayer | Updating Geometry BVH Layered shoulder fur.006 122/149 | Building mesh BLAS |      44 tris | Wrist fur.005
Fra:40 Mem:27.48M (Peak 33.35M) | Time:00:00.24 | Mem:2.71M, Peak:2.71M | Scene, ViewLayer | Updating Geometry BVH Layered shoulder fur.007 123/149 | Building BVH
Fra:40 Mem:27.48M (Peak 33.35M) | Time:00:00.24 | Mem:2.71M, Peak:2.71M | Scene, ViewLayer | Updating Geometry BVH Layered shoulder fur.008 124/149 | Building BVH
Fra:40 Mem:27.48M (Peak 33.35M) | Time:00:00.24 | Mem:2.71M, Peak:2.71M | Scene, ViewLayer | Updating Geometry BVH Layered shoulder fur.008 124/149 | Building mesh BLAS |      44 tris | Layered shoulder fur.007
Fra:40 Mem:27.48M (Peak 33.35M) | Time:00:00.24 | Mem:2.71M, Peak:2.71M | Scene, ViewLayer | Updating Geometry BVH Layered shoulder fur.008 124/149 | Building mesh BLAS |      44 tris | Layered shoulder fur.008
Fra:40 Mem:27.48M (Peak 33.35M) | Time:00:00.24 | Mem:2.71M, Peak:2.71M | Scene, ViewLayer | Updating Geometry BVH Layered shoulder fur.008 124/149 | Building mesh BLAS |      44 tris | Layered shoulder fur.006
Fra:40 Mem:27.48M (Peak 33.35M) | Time:00:00.24 | Mem:2.73M, Peak:2.73M | Scene, ViewLayer | Updating Geometry BVH Layered shoulder fur.011 130/149 | Building BVH
Fra:40 Mem:27.48M (Peak 33.35M) | Time:00:00.24 | Mem:2.73M, Peak:2.73M | Scene, ViewLayer | Updating Geometry BVH Wrist fur.006 125/149 | Building BVH
Fra:40 Mem:27.48M (Peak 33.35M) | Time:00:00.24 | Mem:2.73M, Peak:2.73M | Scene, ViewLayer | Updating Geometry BVH Wrist fur.006 125/149 | Building mesh BLAS |      44 tris | Layered shoulder fur.011
Fra:40 Mem:27.48M (Peak 33.35M) | Time:00:00.24 | Mem:2.74M, Peak:2.74M | Scene, ViewLayer | Updating Geometry BVH Wrist fur.006 125/149 | Building mesh BLAS |      44 tris | Wrist fur.006
Fra:40 Mem:27.48M (Peak 33.35M) | Time:00:00.24 | Mem:2.74M, Peak:2.74M | Scene, ViewLayer | Updating Geometry BVH Wrist fur.007 126/149 | Building BVH
Fra:40 Mem:27.48M (Peak 33.35M) | Time:00:00.24 | Mem:2.74M, Peak:2.74M | Scene, ViewLayer | Updating Geometry BVH Layered shoulder fur.009 128/149 | Building BVH
Fra:40 Mem:27.48M (Peak 33.35M) | Time:00:00.24 | Mem:2.74M, Peak:2.74M | Scene, ViewLayer | Updating Geometry BVH Layered shoulder fur.009 128/149 | Building mesh BLAS |      44 tris | Wrist fur.007
Fra:40 Mem:27.48M (Peak 33.35M) | Time:00:00.24 | Mem:2.74M, Peak:2.74M | Scene, ViewLayer | Updating Geometry BVH Layered shoulder fur.009 128/149 | Building mesh BLAS |      44 tris | Layered shoulder fur.009
Fra:40 Mem:27.48M (Peak 33.35M) | Time:00:00.24 | Mem:2.74M, Peak:2.74M | Scene, ViewLayer | Updating Geometry BVH Layered shoulder fur.009 128/149 | Building mesh BLAS |      44 tris | Wrist fur.008
Fra:40 Mem:27.48M (Peak 33.35M) | Time:00:00.24 | Mem:2.75M, Peak:2.75M | Scene, ViewLayer | Updating Scene BVH | Building
Fra:40 Mem:27.48M (Peak 33.35M) | Time:00:00.25 | Mem:2.91M, Peak:2.91M | Scene, ViewLayer | Updating Scene BVH | Building TLAS      |     149 instances
Fra:40 Mem:27.48M (Peak 33.35M) | Time:00:00.25 | Mem:2.96M, Peak:2.96M | Scene, ViewLayer | Updating Scene BVH | Copying BVH to device
Fra:40 Mem:27.48M (Peak 33.35M) | Time:00:00.25 | Mem:2.96M, Peak:2.96M | Scene, ViewLayer | Updating Mesh | Computing normals
Fra:40 Mem:28.10M (Peak 33.35M) | Time:00:00.25 | Mem:2.96M, Peak:2.96M | Scene, ViewLayer | Updating Mesh | Copying Mesh to device
Fra:40 Mem:27.48M (Peak 33.35M) | Time:00:00.25 | Mem:3.60M, Peak:3.60M | Scene, ViewLayer | Updating Objects Flags
Fra:40 Mem:27.48M (Peak 33.35M) | Time:00:00.25 | Mem:3.60M, Peak:3.60M | Scene, ViewLayer | Updating Primitive Offsets
Fra:40 Mem:27.48M (Peak 33.35M) | Time:00:00.25 | Mem:3.60M, Peak:3.60M | Scene, ViewLayer | Updating Images
Fra:40 Mem:27.48M (Peak 33.35M) | Time:00:00.25 | Mem:3.60M, Peak:3.60M | Scene, ViewLayer | Updating Camera Volume
Fra:40 Mem:27.48M (Peak 33.35M) | Time:00:00.25 | Mem:3.60M, Peak:3.60M | Scene, ViewLayer | Updating Lookup Tables
Fra:40 Mem:27.40M (Peak 33.35M) | Time:00:00.25 | Mem:3.69M, Peak:3.69M | Scene, ViewLayer | Updating Lights
Fra:40 Mem:27.40M (Peak 33.35M) | Time:00:00.25 | Mem:3.69M, Peak:3.69M | Scene, ViewLayer | Updating Lights | Computing tree
Fra:40 Mem:27.40M (Peak 33.35M) | Time:00:00.25 | Mem:3.70M, Peak:3.70M | Scene, ViewLayer | Updating Integrator
Fra:40 Mem:27.40M (Peak 33.35M) | Time:00:00.25 | Mem:3.70M, Peak:3.70M | Scene, ViewLayer | Updating Film
Fra:40 Mem:27.49M (Peak 33.35M) | Time:00:00.25 | Mem:3.60M, Peak:3.70M | Scene, ViewLayer | Updating Lookup Tables
Fra:40 Mem:27.40M (Peak 33.35M) | Time:00:00.25 | Mem:3.70M, Peak:3.70M | Scene, ViewLayer | Updating Baking
Fra:40 Mem:27.40M (Peak 33.35M) | Time:00:00.25 | Mem:3.70M, Peak:3.70M | Scene, ViewLayer | Updating Device | Writing constant memory
Fra:40 Mem:27.41M (Peak 33.35M) | Time:00:00.28 | Mem:3.70M, Peak:3.70M | Scene, ViewLayer | Loading denoising kernels (may take a few minutes the first time)
Fra:40 Mem:27.41M (Peak 59.41M) | Time:00:00.29 | Mem:2819.71M, Peak:2819.71M | Scene, ViewLayer | Sample 0/12 (Using optimized kernels)
Fra:40 Mem:27.40M (Peak 62.91M) | Time:00:00.48 | Remaining:00:02.06 | Mem:2855.25M, Peak:2855.25M | Scene, ViewLayer | Sample 1/12 (Using optimized kernels)
Fra:40 Mem:42.35M (Peak 64.79M) | Time:00:03.90 | Mem:2855.26M, Peak:2855.26M | Scene, ViewLayer | Sample 12/12 (Using optimized kernels)
Fra:40 Mem:42.35M (Peak 64.79M) | Time:00:03.90 | Mem:2855.26M, Peak:2855.26M | Scene, ViewLayer | Finished
Saved: '/Users/chikumatsuboi/Code/animal-racers-western/assets/source/western/qa/lion-defeat-40.png'
Time: 00:04.02 (Saving: 00:00.06)

Fra:1 Mem:32.04M (Peak 32.04M) | Time:00:00.01 | Mem:0.02M, Peak:0.02M | Scene, ViewLayer | Synchronizing object | Body • continuous sculpted skin
Fra:1 Mem:32.05M (Peak 32.05M) | Time:00:00.01 | Mem:0.02M, Peak:0.02M | Scene, ViewLayer | Synchronizing object | Ivory claw.002
Fra:1 Mem:32.33M (Peak 32.33M) | Time:00:00.01 | Mem:0.02M, Peak:0.02M | Scene, ViewLayer | Synchronizing object | Paw toe.003
Fra:1 Mem:32.52M (Peak 32.52M) | Time:00:00.01 | Mem:0.02M, Peak:0.02M | Scene, ViewLayer | Synchronizing object | Ivory claw.004
Fra:1 Mem:32.52M (Peak 32.52M) | Time:00:00.01 | Mem:0.02M, Peak:0.02M | Scene, ViewLayer | Synchronizing object | Ivory claw.005
Fra:1 Mem:32.52M (Peak 32.52M) | Time:00:00.01 | Mem:0.02M, Peak:0.02M | Scene, ViewLayer | Synchronizing object | Paw toe.006
Fra:1 Mem:32.57M (Peak 32.57M) | Time:00:00.01 | Mem:0.02M, Peak:0.02M | Scene, ViewLayer | Synchronizing object | Ivory claw.006
Fra:1 Mem:32.59M (Peak 32.59M) | Time:00:00.01 | Mem:0.02M, Peak:0.02M | Scene, ViewLayer | Synchronizing object | Paw toe.007
Fra:1 Mem:32.61M (Peak 32.61M) | Time:00:00.01 | Mem:0.02M, Peak:0.02M | Scene, ViewLayer | Synchronizing object | Ivory claw.008
Fra:1 Mem:32.60M (Peak 32.61M) | Time:00:00.01 | Mem:0.02M, Peak:0.02M | Scene, ViewLayer | Synchronizing object | Paw toe.009
Fra:1 Mem:32.62M (Peak 32.62M) | Time:00:00.01 | Mem:0.02M, Peak:0.02M | Scene, ViewLayer | Synchronizing object | Ivory claw.009
Fra:1 Mem:32.62M (Peak 32.62M) | Time:00:00.01 | Mem:0.02M, Peak:0.02M | Scene, ViewLayer | Synchronizing object | Paw toe.010
Fra:1 Mem:32.63M (Peak 32.63M) | Time:00:00.01 | Mem:0.02M, Peak:0.02M | Scene, ViewLayer | Synchronizing object | Ivory claw.010
Fra:1 Mem:32.64M (Peak 32.64M) | Time:00:00.01 | Mem:0.02M, Peak:0.02M | Scene, ViewLayer | Synchronizing object | Ivory claw.011
Fra:1 Mem:32.65M (Peak 32.65M) | Time:00:00.01 | Mem:0.02M, Peak:0.02M | Scene, ViewLayer | Synchronizing object | Head • species sculpt
Fra:1 Mem:32.69M (Peak 32.69M) | Time:00:00.01 | Mem:0.02M, Peak:0.02M | Scene, ViewLayer | Synchronizing object | Cream muzzle pad
Fra:1 Mem:32.82M (Peak 32.82M) | Time:00:00.01 | Mem:0.02M, Peak:0.02M | Scene, ViewLayer | Synchronizing object | Cream muzzle pad.001
Fra:1 Mem:32.88M (Peak 32.88M) | Time:00:00.01 | Mem:0.02M, Peak:0.02M | Scene, ViewLayer | Synchronizing object | Warm rim
Fra:1 Mem:32.90M (Peak 32.90M) | Time:00:00.01 | Mem:0.02M, Peak:0.02M | Scene, ViewLayer | Synchronizing object | Heart shaped nose
Fra:1 Mem:32.90M (Peak 32.90M) | Time:00:00.01 | Mem:0.02M, Peak:0.02M | Scene, ViewLayer | Synchronizing object | Sky fill
Fra:1 Mem:32.90M (Peak 32.90M) | Time:00:00.01 | Mem:0.02M, Peak:0.02M | Scene, ViewLayer | Synchronizing object | Iris
Fra:1 Mem:32.96M (Peak 32.96M) | Time:00:00.01 | Mem:0.02M, Peak:0.02M | Scene, ViewLayer | Synchronizing object | Sunset key
Fra:1 Mem:33.07M (Peak 33.07M) | Time:00:00.01 | Mem:0.02M, Peak:0.02M | Scene, ViewLayer | Synchronizing object | Eye glint
Fra:1 Mem:33.07M (Peak 33.07M) | Time:00:00.01 | Mem:0.02M, Peak:0.02M | Scene, ViewLayer | Synchronizing object | Smiling mouth
Fra:1 Mem:33.09M (Peak 33.09M) | Time:00:00.01 | Mem:0.02M, Peak:0.02M | Scene, ViewLayer | Synchronizing object | Whisker pore
Fra:1 Mem:33.11M (Peak 33.11M) | Time:00:00.01 | Mem:0.02M, Peak:0.02M | Scene, ViewLayer | Synchronizing object | Whisker pore.001
Fra:1 Mem:33.11M (Peak 33.11M) | Time:00:00.01 | Mem:0.02M, Peak:0.02M | Scene, ViewLayer | Synchronizing object | Whisker pore.002
Fra:1 Mem:33.14M (Peak 33.14M) | Time:00:00.01 | Mem:0.02M, Peak:0.02M | Scene, ViewLayer | Synchronizing object | Raised elemental crest
Fra:1 Mem:33.19M (Peak 33.19M) | Time:00:00.01 | Mem:0.02M, Peak:0.02M | Scene, ViewLayer | Synchronizing object | Ivory eye.001
Fra:1 Mem:33.19M (Peak 33.19M) | Time:00:00.01 | Mem:0.02M, Peak:0.02M | Scene, ViewLayer | Synchronizing object | Iris.001
Fra:1 Mem:33.19M (Peak 33.19M) | Time:00:00.01 | Mem:0.02M, Peak:0.02M | Scene, ViewLayer | Synchronizing object | Pupil.001
Fra:1 Mem:33.20M (Peak 33.20M) | Time:00:00.01 | Mem:0.02M, Peak:0.02M | Scene, ViewLayer | Synchronizing object | Eye glint.001
Fra:1 Mem:33.22M (Peak 33.22M) | Time:00:00.01 | Mem:0.02M, Peak:0.02M | Scene, ViewLayer | Synchronizing object | Expressive brow.001
Fra:1 Mem:33.23M (Peak 33.23M) | Time:00:00.01 | Mem:0.02M, Peak:0.02M | Scene, ViewLayer | Synchronizing object | Smiling mouth.001
Fra:1 Mem:33.24M (Peak 33.24M) | Time:00:00.01 | Mem:0.02M, Peak:0.02M | Scene, ViewLayer | Synchronizing object | Brass crest clasp
Fra:1 Mem:33.26M (Peak 33.26M) | Time:00:00.01 | Mem:0.02M, Peak:0.02M | Scene, ViewLayer | Synchronizing object | Whisker pore.004
Fra:1 Mem:33.26M (Peak 33.26M) | Time:00:00.01 | Mem:0.02M, Peak:0.02M | Scene, ViewLayer | Synchronizing object | Neckerchief folded point
Fra:1 Mem:33.26M (Peak 33.26M) | Time:00:00.01 | Mem:0.02M, Peak:0.02M | Scene, ViewLayer | Synchronizing object | Whisker pore.005
Fra:1 Mem:33.29M (Peak 33.29M) | Time:00:00.01 | Mem:0.02M, Peak:0.02M | Scene, ViewLayer | Synchronizing object | Leather neckerchief roll
Fra:1 Mem:33.34M (Peak 33.34M) | Time:00:00.01 | Mem:0.02M, Peak:0.02M | Scene, ViewLayer | Synchronizing object | Mouth cavity
Fra:1 Mem:33.41M (Peak 33.41M) | Time:00:00.01 | Mem:0.02M, Peak:0.02M | Scene, ViewLayer | Synchronizing object | Lower canine
Fra:1 Mem:33.43M (Peak 33.43M) | Time:00:00.01 | Mem:0.02M, Peak:0.02M | Scene, ViewLayer | Synchronizing object | Rounded lion ear
Fra:1 Mem:33.44M (Peak 33.44M) | Time:00:00.01 | Mem:0.02M, Peak:0.02M | Scene, ViewLayer | Synchronizing object | Inner lion ear
Fra:1 Mem:33.49M (Peak 33.49M) | Time:00:00.01 | Mem:0.02M, Peak:0.02M | Scene, ViewLayer | Synchronizing object | Inner lion ear.001
Fra:1 Mem:33.53M (Peak 33.53M) | Time:00:00.01 | Mem:0.02M, Peak:0.02M | Scene, ViewLayer | Synchronizing object | Sculpted mane lock.001
Fra:1 Mem:33.55M (Peak 33.55M) | Time:00:00.01 | Mem:0.02M, Peak:0.02M | Scene, ViewLayer | Synchronizing object | Sculpted mane lock.002
Fra:1 Mem:33.55M (Peak 33.55M) | Time:00:00.01 | Mem:0.02M, Peak:0.02M | Scene, ViewLayer | Synchronizing object | Flame tail tuft.005
Fra:1 Mem:33.56M (Peak 33.56M) | Time:00:00.01 | Mem:0.02M, Peak:0.02M | Scene, ViewLayer | Synchronizing object | Sculpted mane lock.003
Fra:1 Mem:33.58M (Peak 33.58M) | Time:00:00.01 | Mem:0.02M, Peak:0.02M | Scene, ViewLayer | Synchronizing object | Sculpted mane lock.004
Fra:1 Mem:33.59M (Peak 33.59M) | Time:00:00.01 | Mem:0.02M, Peak:0.02M | Scene, ViewLayer | Synchronizing object | Sculpted mane lock.006
Fra:1 Mem:33.60M (Peak 33.60M) | Time:00:00.01 | Mem:0.02M, Peak:0.02M | Scene, ViewLayer | Synchronizing object | Sculpted mane lock.007
Fra:1 Mem:33.61M (Peak 33.61M) | Time:00:00.01 | Mem:0.02M, Peak:0.02M | Scene, ViewLayer | Synchronizing object | Sculpted mane lock.008
Fra:1 Mem:33.62M (Peak 33.62M) | Time:00:00.01 | Mem:0.02M, Peak:0.02M | Scene, ViewLayer | Synchronizing object | Flame tail tuft.004
Fra:1 Mem:33.62M (Peak 33.62M) | Time:00:00.01 | Mem:0.02M, Peak:0.02M | Scene, ViewLayer | Synchronizing object | Sculpted mane lock.009
Fra:1 Mem:33.64M (Peak 33.64M) | Time:00:00.01 | Mem:0.02M, Peak:0.02M | Scene, ViewLayer | Synchronizing object | Sculpted mane lock.011
Fra:1 Mem:33.63M (Peak 33.64M) | Time:00:00.01 | Mem:0.02M, Peak:0.02M | Scene, ViewLayer | Synchronizing object | Sculpted mane lock.012
Fra:1 Mem:33.64M (Peak 33.64M) | Time:00:00.01 | Mem:0.02M, Peak:0.02M | Scene, ViewLayer | Synchronizing object | Sculpted mane lock.013
Fra:1 Mem:33.64M (Peak 33.64M) | Time:00:00.01 | Mem:0.02M, Peak:0.02M | Scene, ViewLayer | Synchronizing object | Flame tail tuft.003
Fra:1 Mem:33.65M (Peak 33.65M) | Time:00:00.01 | Mem:0.02M, Peak:0.02M | Scene, ViewLayer | Synchronizing object | Flame tail tuft.002
Fra:1 Mem:33.66M (Peak 33.66M) | Time:00:00.01 | Mem:0.02M, Peak:0.02M | Scene, ViewLayer | Synchronizing object | Sculpted mane lock.014
Fra:1 Mem:33.67M (Peak 33.67M) | Time:00:00.01 | Mem:0.02M, Peak:0.02M | Scene, ViewLayer | Synchronizing object | Sculpted mane lock.015
Fra:1 Mem:33.68M (Peak 33.68M) | Time:00:00.01 | Mem:0.02M, Peak:0.02M | Scene, ViewLayer | Synchronizing object | Sculpted mane lock.018
Fra:1 Mem:33.68M (Peak 33.68M) | Time:00:00.01 | Mem:0.02M, Peak:0.02M | Scene, ViewLayer | Synchronizing object | Sculpted mane lock.020
Fra:1 Mem:33.68M (Peak 33.68M) | Time:00:00.01 | Mem:0.02M, Peak:0.02M | Scene, ViewLayer | Synchronizing object | Flame tail tuft
Fra:1 Mem:33.69M (Peak 33.69M) | Time:00:00.01 | Mem:0.02M, Peak:0.02M | Scene, ViewLayer | Synchronizing object | Sculpted mane lock.021
Fra:1 Mem:33.69M (Peak 33.69M) | Time:00:00.01 | Mem:0.02M, Peak:0.02M | Scene, ViewLayer | Synchronizing object | Articulated tail
Fra:1 Mem:33.70M (Peak 33.70M) | Time:00:00.01 | Mem:0.02M, Peak:0.02M | Scene, ViewLayer | Synchronizing object | Sculpted mane lock.022
Fra:1 Mem:33.71M (Peak 33.71M) | Time:00:00.01 | Mem:0.02M, Peak:0.02M | Scene, ViewLayer | Synchronizing object | Sculpted mane lock.023
Fra:1 Mem:33.71M (Peak 33.71M) | Time:00:00.01 | Mem:0.02M, Peak:0.02M | Scene, ViewLayer | Synchronizing object | Sculpted mane lock.024
Fra:1 Mem:33.72M (Peak 33.72M) | Time:00:00.01 | Mem:0.02M, Peak:0.02M | Scene, ViewLayer | Synchronizing object | Sculpted mane lock.025
Fra:1 Mem:33.72M (Peak 33.72M) | Time:00:00.01 | Mem:0.02M, Peak:0.02M | Scene, ViewLayer | Synchronizing object | Sculpted mane lock.026
Fra:1 Mem:33.73M (Peak 33.73M) | Time:00:00.01 | Mem:0.02M, Peak:0.02M | Scene, ViewLayer | Synchronizing object | Sculpted mane lock.027
Fra:1 Mem:33.75M (Peak 33.75M) | Time:00:00.01 | Mem:0.02M, Peak:0.02M | Scene, ViewLayer | Synchronizing object | Wrist fur.011
Fra:1 Mem:33.76M (Peak 33.76M) | Time:00:00.01 | Mem:0.02M, Peak:0.02M | Scene, ViewLayer | Synchronizing object | Sculpted mane lock.028
Fra:1 Mem:33.77M (Peak 33.77M) | Time:00:00.01 | Mem:0.02M, Peak:0.02M | Scene, ViewLayer | Synchronizing object | Sculpted mane lock.029
Fra:1 Mem:33.78M (Peak 33.78M) | Time:00:00.01 | Mem:0.02M, Peak:0.02M | Scene, ViewLayer | Synchronizing object | Sculpted mane lock.030
Fra:1 Mem:33.79M (Peak 33.79M) | Time:00:00.01 | Mem:0.02M, Peak:0.02M | Scene, ViewLayer | Synchronizing object | Sculpted mane lock.032
Fra:1 Mem:33.78M (Peak 33.79M) | Time:00:00.01 | Mem:0.02M, Peak:0.02M | Scene, ViewLayer | Synchronizing object | Wrist fur.009
Fra:1 Mem:33.80M (Peak 33.80M) | Time:00:00.01 | Mem:0.02M, Peak:0.02M | Scene, ViewLayer | Synchronizing object | Sculpted mane lock.033
Fra:1 Mem:33.79M (Peak 33.80M) | Time:00:00.01 | Mem:0.02M, Peak:0.02M | Scene, ViewLayer | Synchronizing object | Layered shoulder fur.011
Fra:1 Mem:33.80M (Peak 33.80M) | Time:00:00.01 | Mem:0.02M, Peak:0.02M | Scene, ViewLayer | Synchronizing object | Sculpted mane lock.034
Fra:1 Mem:33.80M (Peak 33.80M) | Time:00:00.01 | Mem:0.02M, Peak:0.02M | Scene, ViewLayer | Synchronizing object | Layered shoulder fur.010
Fra:1 Mem:33.81M (Peak 33.81M) | Time:00:00.01 | Mem:0.02M, Peak:0.02M | Scene, ViewLayer | Synchronizing object | Sculpted mane lock.035
Fra:1 Mem:33.83M (Peak 33.83M) | Time:00:00.01 | Mem:0.02M, Peak:0.02M | Scene, ViewLayer | Synchronizing object | Sculpted mane lock.036
Fra:1 Mem:33.82M (Peak 33.83M) | Time:00:00.01 | Mem:0.02M, Peak:0.02M | Scene, ViewLayer | Synchronizing object | Sculpted mane lock.038
Fra:1 Mem:33.83M (Peak 33.83M) | Time:00:00.01 | Mem:0.02M, Peak:0.02M | Scene, ViewLayer | Synchronizing object | Sculpted mane lock.039
Fra:1 Mem:33.83M (Peak 33.83M) | Time:00:00.01 | Mem:0.02M, Peak:0.02M | Scene, ViewLayer | Synchronizing object | Sculpted mane lock.041
Fra:1 Mem:33.84M (Peak 33.84M) | Time:00:00.01 | Mem:0.02M, Peak:0.02M | Scene, ViewLayer | Synchronizing object | Sculpted mane lock.042
Fra:1 Mem:33.85M (Peak 33.85M) | Time:00:00.01 | Mem:0.02M, Peak:0.02M | Scene, ViewLayer | Synchronizing object | Sculpted mane lock.043
Fra:1 Mem:33.86M (Peak 33.86M) | Time:00:00.01 | Mem:0.02M, Peak:0.02M | Scene, ViewLayer | Synchronizing object | Sculpted mane lock.044
Fra:1 Mem:33.86M (Peak 33.86M) | Time:00:00.01 | Mem:0.02M, Peak:0.02M | Scene, ViewLayer | Synchronizing object | Sculpted mane lock.045
Fra:1 Mem:33.87M (Peak 33.87M) | Time:00:00.01 | Mem:0.02M, Peak:0.02M | Scene, ViewLayer | Synchronizing object | Sculpted mane lock.046
Fra:1 Mem:33.88M (Peak 33.88M) | Time:00:00.01 | Mem:0.02M, Peak:0.02M | Scene, ViewLayer | Synchronizing object | Sculpted mane lock.048
Fra:1 Mem:33.87M (Peak 33.88M) | Time:00:00.01 | Mem:0.02M, Peak:0.02M | Scene, ViewLayer | Synchronizing object | Wrist fur.008
Fra:1 Mem:33.88M (Peak 33.88M) | Time:00:00.01 | Mem:0.02M, Peak:0.02M | Scene, ViewLayer | Synchronizing object | Sculpted mane lock.049
Fra:1 Mem:33.88M (Peak 33.88M) | Time:00:00.01 | Mem:0.02M, Peak:0.02M | Scene, ViewLayer | Synchronizing object | Wrist fur.007
Fra:1 Mem:33.89M (Peak 33.89M) | Time:00:00.01 | Mem:0.02M, Peak:0.02M | Scene, ViewLayer | Synchronizing object | Wrist fur.006
Fra:1 Mem:33.89M (Peak 33.89M) | Time:00:00.01 | Mem:0.02M, Peak:0.02M | Scene, ViewLayer | Synchronizing object | Sculpted mane lock.050
Fra:1 Mem:33.90M (Peak 33.90M) | Time:00:00.01 | Mem:0.02M, Peak:0.02M | Scene, ViewLayer | Synchronizing object | Layered shoulder fur
Fra:1 Mem:33.91M (Peak 33.91M) | Time:00:00.01 | Mem:0.02M, Peak:0.02M | Scene, ViewLayer | Synchronizing object | Layered shoulder fur.001
Fra:1 Mem:33.91M (Peak 33.91M) | Time:00:00.01 | Mem:0.02M, Peak:0.02M | Scene, ViewLayer | Synchronizing object | Layered shoulder fur.002
Fra:1 Mem:33.92M (Peak 33.92M) | Time:00:00.01 | Mem:0.02M, Peak:0.02M | Scene, ViewLayer | Synchronizing object | Wrist fur
Fra:1 Mem:33.92M (Peak 33.92M) | Time:00:00.01 | Mem:0.02M, Peak:0.02M | Scene, ViewLayer | Synchronizing object | Wrist fur.002
Fra:1 Mem:33.92M (Peak 33.92M) | Time:00:00.01 | Mem:0.02M, Peak:0.02M | Scene, ViewLayer | Synchronizing object | Layered shoulder fur.003
Fra:1 Mem:33.93M (Peak 33.93M) | Time:00:00.01 | Mem:0.02M, Peak:0.02M | Scene, ViewLayer | Synchronizing object | Layered shoulder fur.007
Fra:1 Mem:33.93M (Peak 33.93M) | Time:00:00.01 | Mem:0.02M, Peak:0.02M | Scene, ViewLayer | Synchronizing object | Layered shoulder fur.004
Fra:1 Mem:33.94M (Peak 33.94M) | Time:00:00.01 | Mem:0.02M, Peak:0.02M | Scene, ViewLayer | Synchronizing object | Layered shoulder fur.005
Fra:1 Mem:33.96M (Peak 33.96M) | Time:00:00.01 | Mem:0.02M, Peak:0.02M | Scene, ViewLayer | Synchronizing object | Wrist fur.003
Fra:1 Mem:33.95M (Peak 33.96M) | Time:00:00.01 | Mem:0.02M, Peak:0.02M | Scene, ViewLayer | Synchronizing object | Wrist fur.004
Fra:1 Mem:33.95M (Peak 33.96M) | Time:00:00.01 | Mem:0.02M, Peak:0.02M | Scene, ViewLayer | Synchronizing object | Wrist fur.005
Fra:1 Mem:33.97M (Peak 33.97M) | Time:00:00.01 | Mem:0.02M, Peak:0.02M | Scene, ViewLayer | Synchronizing object | Layered shoulder fur.006
Fra:1 Mem:33.98M (Peak 33.98M) | Time:00:00.01 | Mem:0.02M, Peak:0.02M | Scene, ViewLayer | Initializing
Fra:1 Mem:31.79M (Peak 33.98M) | Time:00:00.01 | Mem:0.02M, Peak:0.02M | Scene, ViewLayer | Updating Images | Loading Authored short-fur normal
Fra:1 Mem:26.69M (Peak 33.98M) | Time:00:00.02 | Mem:0.27M, Peak:0.27M | Scene, ViewLayer | Waiting for render to start
Fra:1 Mem:26.69M (Peak 33.98M) | Time:00:00.02 | Mem:0.27M, Peak:0.27M | Scene, ViewLayer | Updating Scene
Fra:1 Mem:26.69M (Peak 33.98M) | Time:00:00.02 | Mem:0.27M, Peak:0.27M | Scene, ViewLayer | Updating Shaders
Fra:1 Mem:26.69M (Peak 33.98M) | Time:00:00.02 | Mem:0.27M, Peak:0.27M | Scene, ViewLayer | Loading render kernels (may take a few minutes the first time)
Fra:1 Mem:26.77M (Peak 33.98M) | Time:00:00.08 | Mem:0.28M, Peak:0.28M | Scene, ViewLayer | Updating Procedurals
Fra:1 Mem:26.77M (Peak 33.98M) | Time:00:00.08 | Mem:0.28M, Peak:0.28M | Scene, ViewLayer | Updating Background
Fra:1 Mem:26.77M (Peak 33.98M) | Time:00:00.08 | Mem:0.28M, Peak:0.28M | Scene, ViewLayer | Updating Camera
Fra:1 Mem:26.77M (Peak 33.98M) | Time:00:00.08 | Mem:0.28M, Peak:0.28M | Scene, ViewLayer | Updating Meshes Flags
Fra:1 Mem:26.77M (Peak 33.98M) | Time:00:00.08 | Mem:0.28M, Peak:0.28M | Scene, ViewLayer | Updating Objects
Fra:1 Mem:26.77M (Peak 33.98M) | Time:00:00.08 | Mem:0.28M, Peak:0.28M | Scene, ViewLayer | Updating Objects | Copying Transformations to device
Fra:1 Mem:26.77M (Peak 33.98M) | Time:00:00.08 | Mem:0.33M, Peak:0.33M | Scene, ViewLayer | Updating Particle Systems
Fra:1 Mem:26.77M (Peak 33.98M) | Time:00:00.08 | Mem:0.33M, Peak:0.33M | Scene, ViewLayer | Updating Particle Systems | Copying Particles to device
Fra:1 Mem:26.77M (Peak 33.98M) | Time:00:00.08 | Mem:0.33M, Peak:0.33M | Scene, ViewLayer | Updating Meshes
Fra:1 Mem:27.79M (Peak 33.98M) | Time:00:00.09 | Mem:0.33M, Peak:0.33M | Scene, ViewLayer | Updating Objects | Applying Static Transformations
Fra:1 Mem:27.79M (Peak 33.98M) | Time:00:00.09 | Mem:0.33M, Peak:0.33M | Scene, ViewLayer | Updating Mesh | Computing attributes
Fra:1 Mem:29.22M (Peak 33.98M) | Time:00:00.09 | Mem:0.36M, Peak:0.36M | Scene, ViewLayer | Updating Mesh | Copying Attributes to device
Fra:1 Mem:27.79M (Peak 33.98M) | Time:00:00.21 | Mem:1.81M, Peak:1.81M | Scene, ViewLayer | Updating Geometry BVH light 150/149 | Building BVH
Fra:1 Mem:27.79M (Peak 33.98M) | Time:00:00.21 | Mem:1.81M, Peak:1.81M | Scene, ViewLayer | Updating Geometry BVH Warm rim 149/149 | Building BVH
Fra:1 Mem:27.79M (Peak 33.98M) | Time:00:00.21 | Mem:1.81M, Peak:1.81M | Scene, ViewLayer | Updating Geometry BVH Sky fill 148/149 | Building BVH
Fra:1 Mem:27.79M (Peak 33.98M) | Time:00:00.21 | Mem:1.81M, Peak:1.81M | Scene, ViewLayer | Updating Geometry BVH Sunset key 147/149 | Building BVH
Fra:1 Mem:27.79M (Peak 33.98M) | Time:00:00.21 | Mem:1.81M, Peak:1.81M | Scene, ViewLayer | Updating Geometry BVH Plane 146/149 | Building BVH
Fra:1 Mem:27.79M (Peak 33.98M) | Time:00:00.21 | Mem:1.81M, Peak:1.81M | Scene, ViewLayer | Updating Geometry BVH Plane 146/149 | Building mesh BLAS |       2 tris | Plane
Fra:1 Mem:27.79M (Peak 33.98M) | Time:00:00.21 | Mem:1.81M, Peak:1.81M | Scene, ViewLayer | Updating Geometry BVH Plane 146/149 | Building mesh BLAS |     192 tris | Paw toe.002
Fra:1 Mem:27.79M (Peak 33.98M) | Time:00:00.21 | Mem:1.81M, Peak:1.81M | Scene, ViewLayer | Updating Geometry BVH Plane 146/149 | Building mesh BLAS |      32 tris | Ivory claw.002
Fra:1 Mem:27.79M (Peak 33.98M) | Time:00:00.21 | Mem:1.81M, Peak:1.81M | Scene, ViewLayer | Updating Geometry BVH Plane 146/149 | Building mesh BLAS |      32 tris | Ivory claw
Fra:1 Mem:27.79M (Peak 33.98M) | Time:00:00.21 | Mem:1.81M, Peak:1.81M | Scene, ViewLayer | Updating Geometry BVH Plane 146/149 | Building mesh BLAS |    4170 tris | ribcage
Fra:1 Mem:27.79M (Peak 33.98M) | Time:00:00.21 | Mem:1.81M, Peak:1.81M | Scene, ViewLayer | Updating Geometry BVH Plane 146/149 | Building mesh BLAS |     192 tris | Paw toe.001
Fra:1 Mem:27.79M (Peak 33.98M) | Time:00:00.21 | Mem:1.81M, Peak:1.81M | Scene, ViewLayer | Updating Geometry BVH Raised elemental crest 145/149 | Building BVH
Fra:1 Mem:27.79M (Peak 33.98M) | Time:00:00.21 | Mem:1.81M, Peak:1.81M | Scene, ViewLayer | Updating Geometry BVH Raised elemental crest 145/149 | Building mesh BLAS |      36 tris | Raised elemental crest
Fra:1 Mem:27.79M (Peak 33.98M) | Time:00:00.21 | Mem:1.81M, Peak:1.81M | Scene, ViewLayer | Updating Geometry BVH Paw toe.003 9/149 | Building BVH
Fra:1 Mem:27.79M (Peak 33.98M) | Time:00:00.21 | Mem:1.81M, Peak:1.81M | Scene, ViewLayer | Updating Geometry BVH Paw toe.003 9/149 | Building mesh BLAS |     192 tris | Paw toe.003
Fra:1 Mem:27.79M (Peak 33.98M) | Time:00:00.21 | Mem:1.81M, Peak:1.81M | Scene, ViewLayer | Updating Geometry BVH Ivory claw.003 10/149 | Building BVH
Fra:1 Mem:27.79M (Peak 33.98M) | Time:00:00.21 | Mem:1.81M, Peak:1.81M | Scene, ViewLayer | Updating Geometry BVH Ivory claw.003 10/149 | Building mesh BLAS |      32 tris | Ivory claw.003
Fra:1 Mem:27.79M (Peak 33.98M) | Time:00:00.21 | Mem:1.81M, Peak:1.81M | Scene, ViewLayer | Updating Geometry BVH Paw toe.004 11/149 | Building BVH
Fra:1 Mem:27.79M (Peak 33.98M) | Time:00:00.21 | Mem:1.81M, Peak:1.81M | Scene, ViewLayer | Updating Geometry BVH Paw toe.004 11/149 | Building mesh BLAS |     192 tris | Paw toe.004
Fra:1 Mem:27.79M (Peak 33.98M) | Time:00:00.21 | Mem:1.81M, Peak:1.81M | Scene, ViewLayer | Updating Geometry BVH Ivory claw.004 12/149 | Building BVH
Fra:1 Mem:27.79M (Peak 33.98M) | Time:00:00.21 | Mem:1.81M, Peak:1.81M | Scene, ViewLayer | Updating Geometry BVH Brass crest clasp 144/149 | Building mesh BLAS |      32 tris | Ivory claw.004
Fra:1 Mem:27.79M (Peak 33.98M) | Time:00:00.21 | Mem:1.81M, Peak:1.81M | Scene, ViewLayer | Updating Geometry BVH Ivory claw.005 14/149 | Building BVH
Fra:1 Mem:27.79M (Peak 33.98M) | Time:00:00.21 | Mem:1.81M, Peak:1.81M | Scene, ViewLayer | Updating Geometry BVH Ivory claw.005 14/149 | Building mesh BLAS |      32 tris | Ivory claw.005
Fra:1 Mem:27.79M (Peak 33.98M) | Time:00:00.21 | Mem:1.81M, Peak:1.81M | Scene, ViewLayer | Updating Geometry BVH Paw toe.006 15/149 | Building BVH
Fra:1 Mem:27.79M (Peak 33.98M) | Time:00:00.21 | Mem:1.81M, Peak:1.81M | Scene, ViewLayer | Updating Geometry BVH Paw toe.006 15/149 | Building mesh BLAS |     192 tris | Paw toe.006
Fra:1 Mem:27.79M (Peak 33.98M) | Time:00:00.21 | Mem:1.81M, Peak:1.81M | Scene, ViewLayer | Updating Geometry BVH Ivory claw.006 16/149 | Building BVH
Fra:1 Mem:27.79M (Peak 33.98M) | Time:00:00.21 | Mem:1.81M, Peak:1.81M | Scene, ViewLayer | Updating Geometry BVH Ivory claw.006 16/149 | Building mesh BLAS |      32 tris | Ivory claw.006
Fra:1 Mem:27.79M (Peak 33.98M) | Time:00:00.21 | Mem:1.81M, Peak:1.81M | Scene, ViewLayer | Updating Geometry BVH Paw toe.007 17/149 | Building BVH
Fra:1 Mem:27.79M (Peak 33.98M) | Time:00:00.21 | Mem:1.81M, Peak:1.81M | Scene, ViewLayer | Updating Geometry BVH Ivory claw.007 18/149 | Building BVH
Fra:1 Mem:27.79M (Peak 33.98M) | Time:00:00.21 | Mem:1.81M, Peak:1.81M | Scene, ViewLayer | Updating Geometry BVH Paw toe.008 19/149 | Building BVH
Fra:1 Mem:27.79M (Peak 33.98M) | Time:00:00.21 | Mem:1.81M, Peak:1.81M | Scene, ViewLayer | Updating Geometry BVH Ivory claw.008 20/149 | Building BVH
Fra:1 Mem:27.79M (Peak 33.98M) | Time:00:00.21 | Mem:1.81M, Peak:1.81M | Scene, ViewLayer | Updating Geometry BVH Ivory claw.008 20/149 | Building mesh BLAS |     320 tris | Brass crest clasp
Fra:1 Mem:27.79M (Peak 33.98M) | Time:00:00.21 | Mem:1.81M, Peak:1.81M | Scene, ViewLayer | Updating Geometry BVH Ivory claw.008 20/149 | Building mesh BLAS |     192 tris | Paw toe.007
Fra:1 Mem:27.79M (Peak 33.98M) | Time:00:00.21 | Mem:1.81M, Peak:1.81M | Scene, ViewLayer | Updating Geometry BVH Ivory claw.008 20/149 | Building mesh BLAS |      32 tris | Ivory claw.007
Fra:1 Mem:27.79M (Peak 33.98M) | Time:00:00.21 | Mem:1.81M, Peak:1.81M | Scene, ViewLayer | Updating Geometry BVH Ivory claw.008 20/149 | Building mesh BLAS |     192 tris | Paw toe.008
Fra:1 Mem:27.79M (Peak 33.98M) | Time:00:00.21 | Mem:1.81M, Peak:1.81M | Scene, ViewLayer | Updating Geometry BVH Paw toe.009 21/149 | Building BVH
Fra:1 Mem:27.79M (Peak 33.98M) | Time:00:00.21 | Mem:1.81M, Peak:1.81M | Scene, ViewLayer | Updating Geometry BVH Paw toe.009 21/149 | Building mesh BLAS |     192 tris | Paw toe.009
Fra:1 Mem:27.79M (Peak 33.98M) | Time:00:00.21 | Mem:1.81M, Peak:1.81M | Scene, ViewLayer | Updating Geometry BVH Ivory claw.009 22/149 | Building BVH
Fra:1 Mem:27.79M (Peak 33.98M) | Time:00:00.21 | Mem:1.81M, Peak:1.81M | Scene, ViewLayer | Updating Geometry BVH Ivory claw.009 22/149 | Building mesh BLAS |      32 tris | Ivory claw.009
Fra:1 Mem:27.79M (Peak 33.98M) | Time:00:00.21 | Mem:1.81M, Peak:1.81M | Scene, ViewLayer | Updating Geometry BVH Paw toe.010 23/149 | Building BVH
Fra:1 Mem:27.79M (Peak 33.98M) | Time:00:00.21 | Mem:1.81M, Peak:1.81M | Scene, ViewLayer | Updating Geometry BVH Neckerchief folded point 143/149 | Building mesh BLAS |     192 tris | Paw toe.010
Fra:1 Mem:27.79M (Peak 33.98M) | Time:00:00.21 | Mem:1.81M, Peak:1.81M | Scene, ViewLayer | Updating Geometry BVH Ivory claw.011 26/149 | Building BVH
Fra:1 Mem:27.79M (Peak 33.98M) | Time:00:00.21 | Mem:1.81M, Peak:1.81M | Scene, ViewLayer | Updating Geometry BVH Ivory claw.011 26/149 | Building mesh BLAS |      32 tris | Ivory claw.011
Fra:1 Mem:27.79M (Peak 33.98M) | Time:00:00.21 | Mem:1.81M, Peak:1.81M | Scene, ViewLayer | Updating Geometry BVH Skull 27/149 | Building mesh BLAS |      32 tris | Ivory claw.008
Fra:1 Mem:27.79M (Peak 33.98M) | Time:00:00.21 | Mem:1.81M, Peak:1.81M | Scene, ViewLayer | Updating Geometry BVH Cream muzzle pad.001 29/149 | Building BVH
Fra:1 Mem:27.79M (Peak 33.98M) | Time:00:00.21 | Mem:1.81M, Peak:1.81M | Scene, ViewLayer | Updating Geometry BVH Cream muzzle pad.001 29/149 | Building mesh BLAS |     480 tris | Cream muzzle pad.001
Fra:1 Mem:27.79M (Peak 33.98M) | Time:00:00.21 | Mem:1.81M, Peak:1.81M | Scene, ViewLayer | Updating Geometry BVH Cream muzzle pad.001 29/149 | Building mesh BLAS |     192 tris | Paw toe.011
Fra:1 Mem:27.79M (Peak 33.98M) | Time:00:00.21 | Mem:1.81M, Peak:1.81M | Scene, ViewLayer | Updating Geometry BVH Heart shaped nose 30/149 | Building BVH
Fra:1 Mem:27.79M (Peak 33.98M) | Time:00:00.21 | Mem:1.81M, Peak:1.81M | Scene, ViewLayer | Updating Geometry BVH Heart shaped nose 30/149 | Building mesh BLAS |       6 tris | Heart shaped nose
Fra:1 Mem:27.79M (Peak 33.98M) | Time:00:00.21 | Mem:1.81M, Peak:1.81M | Scene, ViewLayer | Updating Geometry BVH Eye socket 31/149 | Building BVH
Fra:1 Mem:27.79M (Peak 33.98M) | Time:00:00.21 | Mem:1.81M, Peak:1.81M | Scene, ViewLayer | Updating Geometry BVH Eye socket 31/149 | Building mesh BLAS |     480 tris | Eye socket
Fra:1 Mem:27.79M (Peak 33.98M) | Time:00:00.21 | Mem:1.81M, Peak:1.81M | Scene, ViewLayer | Updating Geometry BVH Eye socket 31/149 | Building mesh BLAS |     480 tris | Cream muzzle pad
Fra:1 Mem:27.79M (Peak 33.98M) | Time:00:00.21 | Mem:1.81M, Peak:1.81M | Scene, ViewLayer | Updating Geometry BVH Ivory eye 32/149 | Building BVH
Fra:1 Mem:27.79M (Peak 33.98M) | Time:00:00.21 | Mem:1.81M, Peak:1.81M | Scene, ViewLayer | Updating Geometry BVH Pupil 34/149 | Building BVH
Fra:1 Mem:27.79M (Peak 33.98M) | Time:00:00.21 | Mem:1.81M, Peak:1.81M | Scene, ViewLayer | Updating Geometry BVH Pupil 34/149 | Building mesh BLAS |     320 tris | Pupil
Fra:1 Mem:27.79M (Peak 33.98M) | Time:00:00.21 | Mem:1.81M, Peak:1.81M | Scene, ViewLayer | Updating Geometry BVH Eye glint 35/149 | Building BVH
Fra:1 Mem:27.79M (Peak 33.98M) | Time:00:00.21 | Mem:1.81M, Peak:1.81M | Scene, ViewLayer | Updating Geometry BVH Expressive brow 36/149 | Building BVH
Fra:1 Mem:27.79M (Peak 33.98M) | Time:00:00.21 | Mem:1.81M, Peak:1.81M | Scene, ViewLayer | Updating Geometry BVH Expressive brow 36/149 | Building mesh BLAS |    2832 tris | Skull
Fra:1 Mem:27.79M (Peak 33.98M) | Time:00:00.21 | Mem:1.81M, Peak:1.81M | Scene, ViewLayer | Updating Geometry BVH Leather neckerchief roll 142/149 | Building BVH
Fra:1 Mem:27.79M (Peak 33.98M) | Time:00:00.21 | Mem:1.81M, Peak:1.81M | Scene, ViewLayer | Updating Geometry BVH Leather neckerchief roll 142/149 | Building mesh BLAS |      76 tris | Leather neckerchief roll
Fra:1 Mem:27.79M (Peak 33.98M) | Time:00:00.21 | Mem:1.81M, Peak:1.81M | Scene, ViewLayer | Updating Geometry BVH Leather neckerchief roll 142/149 | Building mesh BLAS |     480 tris | Ivory eye
Fra:1 Mem:27.79M (Peak 33.98M) | Time:00:00.21 | Mem:1.81M, Peak:1.81M | Scene, ViewLayer | Updating Geometry BVH Leather neckerchief roll 142/149 | Building mesh BLAS |     192 tris | Eye glint
Fra:1 Mem:27.79M (Peak 33.98M) | Time:00:00.21 | Mem:1.81M, Peak:1.81M | Scene, ViewLayer | Updating Geometry BVH Smiling mouth 37/149 | Building BVH
Fra:1 Mem:27.79M (Peak 33.98M) | Time:00:00.21 | Mem:1.81M, Peak:1.81M | Scene, ViewLayer | Updating Geometry BVH Smiling mouth 37/149 | Building mesh BLAS |     480 tris | Iris
Fra:1 Mem:27.79M (Peak 33.98M) | Time:00:00.21 | Mem:1.81M, Peak:1.81M | Scene, ViewLayer | Updating Geometry BVH Flame tail tuft.006 141/149 | Building BVH
Fra:1 Mem:27.79M (Peak 33.98M) | Time:00:00.21 | Mem:1.81M, Peak:1.81M | Scene, ViewLayer | Updating Geometry BVH Flame tail tuft.006 141/149 | Building mesh BLAS |      44 tris | Flame tail tuft.006
Fra:1 Mem:27.79M (Peak 33.98M) | Time:00:00.21 | Mem:1.81M, Peak:1.81M | Scene, ViewLayer | Updating Geometry BVH Flame tail tuft.006 141/149 | Building mesh BLAS |      32 tris | Smiling mouth
Fra:1 Mem:27.79M (Peak 33.98M) | Time:00:00.21 | Mem:1.81M, Peak:1.81M | Scene, ViewLayer | Updating Geometry BVH Whisker pore 38/149 | Building BVH
Fra:1 Mem:27.79M (Peak 33.98M) | Time:00:00.21 | Mem:1.81M, Peak:1.81M | Scene, ViewLayer | Updating Geometry BVH Whisker pore 38/149 | Building mesh BLAS |      64 tris | Whisker pore
Fra:1 Mem:27.79M (Peak 33.98M) | Time:00:00.21 | Mem:1.81M, Peak:1.81M | Scene, ViewLayer | Updating Geometry BVH Whisker pore.001 39/149 | Building BVH
Fra:1 Mem:27.79M (Peak 33.98M) | Time:00:00.21 | Mem:1.81M, Peak:1.81M | Scene, ViewLayer | Updating Geometry BVH Eye socket.001 41/149 | Building BVH
Fra:1 Mem:27.79M (Peak 33.98M) | Time:00:00.21 | Mem:1.81M, Peak:1.81M | Scene, ViewLayer | Updating Geometry BVH Eye socket.001 41/149 | Building mesh BLAS |     480 tris | Eye socket.001
Fra:1 Mem:27.79M (Peak 33.98M) | Time:00:00.21 | Mem:1.81M, Peak:1.81M | Scene, ViewLayer | Updating Geometry BVH Eye socket.001 41/149 | Building mesh BLAS |      64 tris | Whisker pore.002
Fra:1 Mem:27.79M (Peak 33.98M) | Time:00:00.21 | Mem:1.81M, Peak:1.81M | Scene, ViewLayer | Updating Geometry BVH Iris.001 43/149 | Building BVH
Fra:1 Mem:27.79M (Peak 33.98M) | Time:00:00.21 | Mem:1.81M, Peak:1.81M | Scene, ViewLayer | Updating Geometry BVH Iris.001 43/149 | Building mesh BLAS |     480 tris | Iris.001
Fra:1 Mem:27.79M (Peak 33.98M) | Time:00:00.21 | Mem:1.81M, Peak:1.81M | Scene, ViewLayer | Updating Geometry BVH Iris.001 43/149 | Building mesh BLAS |     480 tris | Ivory eye.001
Fra:1 Mem:27.79M (Peak 33.98M) | Time:00:00.21 | Mem:1.81M, Peak:1.81M | Scene, ViewLayer | Updating Geometry BVH Pupil.001 44/149 | Building BVH
Fra:1 Mem:27.79M (Peak 33.98M) | Time:00:00.21 | Mem:1.81M, Peak:1.81M | Scene, ViewLayer | Updating Geometry BVH Pupil.001 44/149 | Building mesh BLAS |     320 tris | Pupil.001
Fra:1 Mem:27.79M (Peak 33.98M) | Time:00:00.21 | Mem:1.81M, Peak:1.81M | Scene, ViewLayer | Updating Geometry BVH Eye glint.001 45/149 | Building BVH
Fra:1 Mem:27.79M (Peak 33.98M) | Time:00:00.21 | Mem:1.81M, Peak:1.81M | Scene, ViewLayer | Updating Geometry BVH Eye glint.001 45/149 | Building mesh BLAS |     192 tris | Eye glint.001
Fra:1 Mem:27.79M (Peak 33.98M) | Time:00:00.21 | Mem:1.81M, Peak:1.81M | Scene, ViewLayer | Updating Geometry BVH Flame tail tuft.005 140/149 | Building BVH
Fra:1 Mem:27.79M (Peak 33.98M) | Time:00:00.21 | Mem:1.81M, Peak:1.81M | Scene, ViewLayer | Updating Geometry BVH Flame tail tuft.005 140/149 | Building mesh BLAS |      44 tris | Flame tail tuft.005
Fra:1 Mem:27.79M (Peak 33.98M) | Time:00:00.21 | Mem:1.81M, Peak:1.81M | Scene, ViewLayer | Updating Geometry BVH Expressive brow.001 46/149 | Building BVH
Fra:1 Mem:27.79M (Peak 33.98M) | Time:00:00.21 | Mem:1.81M, Peak:1.81M | Scene, ViewLayer | Updating Geometry BVH Expressive brow.001 46/149 | Building mesh BLAS |      44 tris | Expressive brow.001
Fra:1 Mem:27.79M (Peak 33.98M) | Time:00:00.21 | Mem:1.81M, Peak:1.81M | Scene, ViewLayer | Updating Geometry BVH Smiling mouth.001 47/149 | Building BVH
Fra:1 Mem:27.79M (Peak 33.98M) | Time:00:00.21 | Mem:1.81M, Peak:1.81M | Scene, ViewLayer | Updating Geometry BVH Smiling mouth.001 47/149 | Building mesh BLAS |      32 tris | Smiling mouth.001
Fra:1 Mem:27.79M (Peak 33.98M) | Time:00:00.21 | Mem:1.81M, Peak:1.81M | Scene, ViewLayer | Updating Geometry BVH Whisker pore.003 48/149 | Building BVH
Fra:1 Mem:27.79M (Peak 33.98M) | Time:00:00.21 | Mem:1.81M, Peak:1.81M | Scene, ViewLayer | Updating Geometry BVH Whisker pore.004 49/149 | Building BVH
Fra:1 Mem:27.79M (Peak 33.98M) | Time:00:00.21 | Mem:1.81M, Peak:1.81M | Scene, ViewLayer | Updating Geometry BVH Whisker pore.004 49/149 | Building mesh BLAS |      64 tris | Whisker pore.003
Fra:1 Mem:27.79M (Peak 33.98M) | Time:00:00.21 | Mem:1.81M, Peak:1.81M | Scene, ViewLayer | Updating Geometry BVH Whisker pore.004 49/149 | Building mesh BLAS |      64 tris | Whisker pore.004
Fra:1 Mem:27.79M (Peak 33.98M) | Time:00:00.21 | Mem:1.81M, Peak:1.81M | Scene, ViewLayer | Updating Geometry BVH Whisker pore.005 50/149 | Building BVH
Fra:1 Mem:27.79M (Peak 33.98M) | Time:00:00.21 | Mem:1.81M, Peak:1.81M | Scene, ViewLayer | Updating Geometry BVH Whisker pore.005 50/149 | Building mesh BLAS |      64 tris | Whisker pore.005
Fra:1 Mem:27.79M (Peak 33.98M) | Time:00:00.21 | Mem:1.81M, Peak:1.81M | Scene, ViewLayer | Updating Geometry BVH Flame tail tuft.004 139/149 | Building BVH
Fra:1 Mem:27.79M (Peak 33.98M) | Time:00:00.21 | Mem:1.81M, Peak:1.81M | Scene, ViewLayer | Updating Geometry BVH Lower jaw 51/149 | Building BVH
Fra:1 Mem:27.79M (Peak 33.98M) | Time:00:00.21 | Mem:1.81M, Peak:1.81M | Scene, ViewLayer | Updating Geometry BVH Lower jaw 51/149 | Building mesh BLAS |     400 tris | Lower jaw
Fra:1 Mem:27.79M (Peak 33.98M) | Time:00:00.21 | Mem:1.81M, Peak:1.81M | Scene, ViewLayer | Updating Geometry BVH Lower jaw 51/149 | Building mesh BLAS |      44 tris | Flame tail tuft.004
Fra:1 Mem:27.79M (Peak 33.98M) | Time:00:00.21 | Mem:1.81M, Peak:1.81M | Scene, ViewLayer | Updating Geometry BVH Mouth cavity 52/149 | Building BVH
Fra:1 Mem:27.79M (Peak 33.98M) | Time:00:00.21 | Mem:1.81M, Peak:1.81M | Scene, ViewLayer | Updating Geometry BVH Lower canine.001 54/149 | Building BVH
Fra:1 Mem:27.79M (Peak 33.98M) | Time:00:00.21 | Mem:1.81M, Peak:1.81M | Scene, ViewLayer | Updating Geometry BVH Lower canine.001 54/149 | Building mesh BLAS |      38 tris | Lower canine
Fra:1 Mem:27.79M (Peak 33.98M) | Time:00:00.21 | Mem:1.81M, Peak:1.81M | Scene, ViewLayer | Updating Geometry BVH Rounded lion ear 55/149 | Building BVH
Fra:1 Mem:27.79M (Peak 33.98M) | Time:00:00.21 | Mem:1.81M, Peak:1.81M | Scene, ViewLayer | Updating Geometry BVH Inner lion ear 56/149 | Building BVH
Fra:1 Mem:27.79M (Peak 33.98M) | Time:00:00.21 | Mem:1.81M, Peak:1.81M | Scene, ViewLayer | Updating Geometry BVH Rounded lion ear.001 57/149 | Building mesh BLAS |     360 tris | Mouth cavity
Fra:1 Mem:27.79M (Peak 33.98M) | Time:00:00.21 | Mem:1.81M, Peak:1.81M | Scene, ViewLayer | Updating Geometry BVH Rounded lion ear.001 57/149 | Building mesh BLAS |      38 tris | Lower canine.001
Fra:1 Mem:27.79M (Peak 33.98M) | Time:00:00.21 | Mem:1.81M, Peak:1.81M | Scene, ViewLayer | Updating Geometry BVH Rounded lion ear.001 57/149 | Building mesh BLAS |     320 tris | Inner lion ear
Fra:1 Mem:27.79M (Peak 33.98M) | Time:00:00.21 | Mem:1.81M, Peak:1.81M | Scene, ViewLayer | Updating Geometry BVH Inner lion ear.001 58/149 | Building BVH
Fra:1 Mem:27.79M (Peak 33.98M) | Time:00:00.21 | Mem:1.81M, Peak:1.81M | Scene, ViewLayer | Updating Geometry BVH Inner lion ear.001 58/149 | Building mesh BLAS |     432 tris | Rounded lion ear.001
Fra:1 Mem:27.79M (Peak 33.98M) | Time:00:00.21 | Mem:1.81M, Peak:1.81M | Scene, ViewLayer | Updating Geometry BVH Inner lion ear.001 58/149 | Building mesh BLAS |     320 tris | Inner lion ear.001
Fra:1 Mem:27.79M (Peak 33.98M) | Time:00:00.21 | Mem:1.81M, Peak:1.81M | Scene, ViewLayer | Updating Geometry BVH Flame tail tuft.003 138/149 | Building BVH
Fra:1 Mem:27.79M (Peak 33.98M) | Time:00:00.21 | Mem:1.81M, Peak:1.81M | Scene, ViewLayer | Updating Geometry BVH Flame tail tuft.003 138/149 | Building mesh BLAS |      44 tris | Flame tail tuft.003
Fra:1 Mem:27.79M (Peak 33.98M) | Time:00:00.21 | Mem:1.81M, Peak:1.81M | Scene, ViewLayer | Updating Geometry BVH Sculpted mane lock 59/149 | Building BVH
Fra:1 Mem:27.80M (Peak 33.98M) | Time:00:00.21 | Mem:1.81M, Peak:1.81M | Scene, ViewLayer | Updating Geometry BVH Sculpted mane lock 59/149 | Building mesh BLAS |      60 tris | Sculpted mane lock
Fra:1 Mem:27.80M (Peak 33.98M) | Time:00:00.21 | Mem:1.81M, Peak:1.81M | Scene, ViewLayer | Updating Geometry BVH Sculpted mane lock.001 60/149 | Building BVH
Fra:1 Mem:27.80M (Peak 33.98M) | Time:00:00.21 | Mem:1.81M, Peak:1.81M | Scene, ViewLayer | Updating Geometry BVH Sculpted mane lock.003 62/149 | Building BVH
Fra:1 Mem:27.80M (Peak 33.98M) | Time:00:00.21 | Mem:1.81M, Peak:1.81M | Scene, ViewLayer | Updating Geometry BVH Sculpted mane lock.005 64/149 | Building BVH
Fra:1 Mem:27.80M (Peak 33.98M) | Time:00:00.21 | Mem:1.81M, Peak:1.81M | Scene, ViewLayer | Updating Geometry BVH Sculpted mane lock.006 65/149 | Building BVH
Fra:1 Mem:27.80M (Peak 33.98M) | Time:00:00.21 | Mem:1.81M, Peak:1.81M | Scene, ViewLayer | Updating Geometry BVH Sculpted mane lock.006 65/149 | Building mesh BLAS |      60 tris | Sculpted mane lock.003
Fra:1 Mem:27.80M (Peak 33.98M) | Time:00:00.21 | Mem:1.81M, Peak:1.81M | Scene, ViewLayer | Updating Geometry BVH Flame tail tuft.002 137/149 | Building BVH
Fra:1 Mem:27.80M (Peak 33.98M) | Time:00:00.21 | Mem:1.81M, Peak:1.81M | Scene, ViewLayer | Updating Geometry BVH Flame tail tuft.002 137/149 | Building mesh BLAS |      44 tris | Flame tail tuft.002
Fra:1 Mem:27.80M (Peak 33.98M) | Time:00:00.21 | Mem:1.81M, Peak:1.81M | Scene, ViewLayer | Updating Geometry BVH Flame tail tuft.002 137/149 | Building mesh BLAS |      60 tris | Sculpted mane lock.002
Fra:1 Mem:27.80M (Peak 33.98M) | Time:00:00.21 | Mem:1.81M, Peak:1.81M | Scene, ViewLayer | Updating Geometry BVH Flame tail tuft.002 137/149 | Building mesh BLAS |      60 tris | Sculpted mane lock.004
Fra:1 Mem:27.80M (Peak 33.98M) | Time:00:00.21 | Mem:1.81M, Peak:1.81M | Scene, ViewLayer | Updating Geometry BVH Sculpted mane lock.007 66/149 | Building BVH
Fra:1 Mem:27.80M (Peak 33.98M) | Time:00:00.21 | Mem:1.81M, Peak:1.81M | Scene, ViewLayer | Updating Geometry BVH Sculpted mane lock.007 66/149 | Building mesh BLAS |      60 tris | Sculpted mane lock.007
Fra:1 Mem:27.80M (Peak 33.98M) | Time:00:00.21 | Mem:1.81M, Peak:1.81M | Scene, ViewLayer | Updating Geometry BVH Sculpted mane lock.008 67/149 | Building BVH
Fra:1 Mem:27.80M (Peak 33.98M) | Time:00:00.21 | Mem:1.81M, Peak:1.81M | Scene, ViewLayer | Updating Geometry BVH Sculpted mane lock.008 67/149 | Building mesh BLAS |      60 tris | Sculpted mane lock.008
Fra:1 Mem:27.80M (Peak 33.98M) | Time:00:00.21 | Mem:1.81M, Peak:1.81M | Scene, ViewLayer | Updating Geometry BVH Sculpted mane lock.009 68/149 | Building BVH
Fra:1 Mem:27.80M (Peak 33.98M) | Time:00:00.21 | Mem:1.81M, Peak:1.81M | Scene, ViewLayer | Updating Geometry BVH Sculpted mane lock.009 68/149 | Building mesh BLAS |      60 tris | Sculpted mane lock.009
Fra:1 Mem:27.80M (Peak 33.98M) | Time:00:00.21 | Mem:1.81M, Peak:1.81M | Scene, ViewLayer | Updating Geometry BVH Sculpted mane lock.010 69/149 | Building BVH
Fra:1 Mem:27.80M (Peak 33.98M) | Time:00:00.21 | Mem:1.81M, Peak:1.81M | Scene, ViewLayer | Updating Geometry BVH Sculpted mane lock.010 69/149 | Building mesh BLAS |      60 tris | Sculpted mane lock.010
Fra:1 Mem:27.80M (Peak 33.98M) | Time:00:00.21 | Mem:1.81M, Peak:1.81M | Scene, ViewLayer | Updating Geometry BVH Sculpted mane lock.011 70/149 | Building BVH
Fra:1 Mem:27.80M (Peak 33.98M) | Time:00:00.21 | Mem:1.81M, Peak:1.81M | Scene, ViewLayer | Updating Geometry BVH Sculpted mane lock.011 70/149 | Building mesh BLAS |      60 tris | Sculpted mane lock.011
Fra:1 Mem:27.80M (Peak 33.98M) | Time:00:00.22 | Mem:1.81M, Peak:1.81M | Scene, ViewLayer | Updating Geometry BVH Flame tail tuft.001 136/149 | Building BVH
Fra:1 Mem:27.80M (Peak 33.98M) | Time:00:00.22 | Mem:1.81M, Peak:1.81M | Scene, ViewLayer | Updating Geometry BVH Flame tail tuft.001 136/149 | Building mesh BLAS |      44 tris | Flame tail tuft.001
Fra:1 Mem:27.80M (Peak 33.98M) | Time:00:00.22 | Mem:1.81M, Peak:1.81M | Scene, ViewLayer | Updating Geometry BVH Sculpted mane lock.012 71/149 | Building BVH
Fra:1 Mem:27.80M (Peak 33.98M) | Time:00:00.22 | Mem:1.81M, Peak:1.81M | Scene, ViewLayer | Updating Geometry BVH Sculpted mane lock.012 71/149 | Building mesh BLAS |      60 tris | Sculpted mane lock.012
Fra:1 Mem:27.80M (Peak 33.98M) | Time:00:00.22 | Mem:1.81M, Peak:1.81M | Scene, ViewLayer | Updating Geometry BVH Sculpted mane lock.013 72/149 | Building BVH
Fra:1 Mem:27.80M (Peak 33.98M) | Time:00:00.22 | Mem:1.81M, Peak:1.81M | Scene, ViewLayer | Updating Geometry BVH Sculpted mane lock.013 72/149 | Building mesh BLAS |      60 tris | Sculpted mane lock.013
Fra:1 Mem:27.80M (Peak 33.98M) | Time:00:00.22 | Mem:1.81M, Peak:1.81M | Scene, ViewLayer | Updating Geometry BVH Sculpted mane lock.014 73/149 | Building BVH
Fra:1 Mem:27.80M (Peak 33.98M) | Time:00:00.22 | Mem:1.81M, Peak:1.81M | Scene, ViewLayer | Updating Geometry BVH Sculpted mane lock.014 73/149 | Building mesh BLAS |      60 tris | Sculpted mane lock.014
Fra:1 Mem:27.80M (Peak 33.98M) | Time:00:00.22 | Mem:1.81M, Peak:1.81M | Scene, ViewLayer | Updating Geometry BVH Sculpted mane lock.015 74/149 | Building BVH
Fra:1 Mem:27.80M (Peak 33.98M) | Time:00:00.22 | Mem:1.81M, Peak:1.81M | Scene, ViewLayer | Updating Geometry BVH Sculpted mane lock.015 74/149 | Building mesh BLAS |      60 tris | Sculpted mane lock.015
Fra:1 Mem:27.80M (Peak 33.98M) | Time:00:00.22 | Mem:1.81M, Peak:1.81M | Scene, ViewLayer | Updating Geometry BVH Sculpted mane lock.016 75/149 | Building BVH
Fra:1 Mem:27.80M (Peak 33.98M) | Time:00:00.22 | Mem:1.81M, Peak:1.81M | Scene, ViewLayer | Updating Geometry BVH Sculpted mane lock.016 75/149 | Building mesh BLAS |      60 tris | Sculpted mane lock.016
Fra:1 Mem:27.80M (Peak 33.98M) | Time:00:00.22 | Mem:1.81M, Peak:1.81M | Scene, ViewLayer | Updating Geometry BVH Sculpted mane lock.017 76/149 | Building BVH
Fra:1 Mem:27.80M (Peak 33.98M) | Time:00:00.22 | Mem:1.81M, Peak:1.81M | Scene, ViewLayer | Updating Geometry BVH Sculpted mane lock.018 77/149 | Building BVH
Fra:1 Mem:27.80M (Peak 33.98M) | Time:00:00.22 | Mem:1.81M, Peak:1.81M | Scene, ViewLayer | Updating Geometry BVH Sculpted mane lock.018 77/149 | Building mesh BLAS |      60 tris | Sculpted mane lock.018
Fra:1 Mem:27.80M (Peak 33.98M) | Time:00:00.22 | Mem:1.81M, Peak:1.81M | Scene, ViewLayer | Updating Geometry BVH Sculpted mane lock.018 77/149 | Building mesh BLAS |      60 tris | Sculpted mane lock.017
Fra:1 Mem:27.80M (Peak 33.98M) | Time:00:00.22 | Mem:1.81M, Peak:1.81M | Scene, ViewLayer | Updating Geometry BVH Flame tail tuft 135/149 | Building BVH
Fra:1 Mem:27.80M (Peak 33.98M) | Time:00:00.22 | Mem:1.81M, Peak:1.81M | Scene, ViewLayer | Updating Geometry BVH Flame tail tuft 135/149 | Building mesh BLAS |      44 tris | Flame tail tuft
Fra:1 Mem:27.80M (Peak 33.98M) | Time:00:00.22 | Mem:1.81M, Peak:1.81M | Scene, ViewLayer | Updating Geometry BVH Sculpted mane lock.019 78/149 | Building BVH
Fra:1 Mem:27.80M (Peak 33.98M) | Time:00:00.22 | Mem:1.81M, Peak:1.81M | Scene, ViewLayer | Updating Geometry BVH Sculpted mane lock.019 78/149 | Building mesh BLAS |      60 tris | Sculpted mane lock.019
Fra:1 Mem:27.80M (Peak 33.98M) | Time:00:00.22 | Mem:1.81M, Peak:1.81M | Scene, ViewLayer | Updating Geometry BVH Sculpted mane lock.020 79/149 | Building BVH
Fra:1 Mem:27.80M (Peak 33.98M) | Time:00:00.22 | Mem:1.81M, Peak:1.81M | Scene, ViewLayer | Updating Geometry BVH Sculpted mane lock.020 79/149 | Building mesh BLAS |      60 tris | Sculpted mane lock.020
Fra:1 Mem:27.80M (Peak 33.98M) | Time:00:00.22 | Mem:1.81M, Peak:1.81M | Scene, ViewLayer | Updating Geometry BVH Sculpted mane lock.021 80/149 | Building BVH
Fra:1 Mem:27.80M (Peak 33.98M) | Time:00:00.22 | Mem:1.81M, Peak:1.81M | Scene, ViewLayer | Updating Geometry BVH Sculpted mane lock.021 80/149 | Building mesh BLAS |      60 tris | Sculpted mane lock.021
Fra:1 Mem:27.80M (Peak 33.98M) | Time:00:00.22 | Mem:1.82M, Peak:1.82M | Scene, ViewLayer | Updating Geometry BVH Sculpted mane lock.022 81/149 | Building BVH
Fra:1 Mem:27.80M (Peak 33.98M) | Time:00:00.22 | Mem:1.82M, Peak:1.82M | Scene, ViewLayer | Updating Geometry BVH Sculpted mane lock.023 82/149 | Building BVH
Fra:1 Mem:27.80M (Peak 33.98M) | Time:00:00.22 | Mem:1.82M, Peak:1.82M | Scene, ViewLayer | Updating Geometry BVH Sculpted mane lock.023 82/149 | Building mesh BLAS |      60 tris | Sculpted mane lock.022
Fra:1 Mem:27.80M (Peak 33.98M) | Time:00:00.22 | Mem:1.82M, Peak:1.82M | Scene, ViewLayer | Updating Geometry BVH Sculpted mane lock.023 82/149 | Building mesh BLAS |      60 tris | Sculpted mane lock.023
Fra:1 Mem:27.80M (Peak 33.98M) | Time:00:00.22 | Mem:1.82M, Peak:1.82M | Scene, ViewLayer | Updating Geometry BVH Sculpted mane lock.024 83/149 | Building BVH
Fra:1 Mem:27.80M (Peak 33.98M) | Time:00:00.22 | Mem:1.82M, Peak:1.82M | Scene, ViewLayer | Updating Geometry BVH Sculpted mane lock.024 83/149 | Building mesh BLAS |      60 tris | Sculpted mane lock.024
Fra:1 Mem:27.80M (Peak 33.98M) | Time:00:00.22 | Mem:1.82M, Peak:1.82M | Scene, ViewLayer | Updating Geometry BVH Sculpted mane lock.025 84/149 | Building BVH
Fra:1 Mem:27.80M (Peak 33.98M) | Time:00:00.22 | Mem:1.82M, Peak:1.82M | Scene, ViewLayer | Updating Geometry BVH Sculpted mane lock.025 84/149 | Building mesh BLAS |      60 tris | Sculpted mane lock.025
Fra:1 Mem:27.80M (Peak 33.98M) | Time:00:00.23 | Mem:1.82M, Peak:1.82M | Scene, ViewLayer | Updating Geometry BVH Articulated tail 134/149 | Building BVH
Fra:1 Mem:27.80M (Peak 33.98M) | Time:00:00.23 | Mem:1.82M, Peak:1.82M | Scene, ViewLayer | Updating Geometry BVH Articulated tail 134/149 | Building mesh BLAS |     268 tris | Articulated tail
Fra:1 Mem:27.80M (Peak 33.98M) | Time:00:00.23 | Mem:2.02M, Peak:2.02M | Scene, ViewLayer | Updating Geometry BVH Sculpted mane lock.026 85/149 | Building BVH
Fra:1 Mem:27.80M (Peak 33.98M) | Time:00:00.23 | Mem:2.02M, Peak:2.02M | Scene, ViewLayer | Updating Geometry BVH Sculpted mane lock.027 86/149 | Building BVH
Fra:1 Mem:27.80M (Peak 33.98M) | Time:00:00.23 | Mem:2.02M, Peak:2.02M | Scene, ViewLayer | Updating Geometry BVH Sculpted mane lock.027 86/149 | Building mesh BLAS |      60 tris | Sculpted mane lock.026
Fra:1 Mem:27.80M (Peak 33.98M) | Time:00:00.23 | Mem:2.02M, Peak:2.02M | Scene, ViewLayer | Updating Geometry BVH Sculpted mane lock.027 86/149 | Building mesh BLAS |      60 tris | Sculpted mane lock.027
Fra:1 Mem:27.80M (Peak 33.98M) | Time:00:00.23 | Mem:2.02M, Peak:2.02M | Scene, ViewLayer | Updating Geometry BVH Sculpted mane lock.028 87/149 | Building BVH
Fra:1 Mem:27.80M (Peak 33.98M) | Time:00:00.23 | Mem:2.02M, Peak:2.02M | Scene, ViewLayer | Updating Geometry BVH Sculpted mane lock.028 87/149 | Building mesh BLAS |      60 tris | Sculpted mane lock.028
Fra:1 Mem:27.80M (Peak 33.98M) | Time:00:00.23 | Mem:2.03M, Peak:2.03M | Scene, ViewLayer | Updating Geometry BVH Sculpted mane lock.029 88/149 | Building BVH
Fra:1 Mem:27.80M (Peak 33.98M) | Time:00:00.23 | Mem:2.04M, Peak:2.04M | Scene, ViewLayer | Updating Geometry BVH Sculpted mane lock.029 88/149 | Building mesh BLAS |      60 tris | Sculpted mane lock.029
Fra:1 Mem:27.80M (Peak 33.98M) | Time:00:00.23 | Mem:2.04M, Peak:2.04M | Scene, ViewLayer | Updating Geometry BVH Sculpted mane lock.030 89/149 | Building BVH
Fra:1 Mem:27.80M (Peak 33.98M) | Time:00:00.23 | Mem:2.04M, Peak:2.04M | Scene, ViewLayer | Updating Geometry BVH Sculpted mane lock.030 89/149 | Building mesh BLAS |      60 tris | Sculpted mane lock.030
Fra:1 Mem:27.80M (Peak 33.98M) | Time:00:00.23 | Mem:2.04M, Peak:2.04M | Scene, ViewLayer | Updating Geometry BVH Sculpted mane lock.031 90/149 | Building BVH
Fra:1 Mem:27.80M (Peak 33.98M) | Time:00:00.23 | Mem:2.04M, Peak:2.04M | Scene, ViewLayer | Updating Geometry BVH Sculpted mane lock.031 90/149 | Building mesh BLAS |      60 tris | Sculpted mane lock.031
Fra:1 Mem:27.80M (Peak 33.98M) | Time:00:00.23 | Mem:2.04M, Peak:2.04M | Scene, ViewLayer | Updating Geometry BVH Sculpted mane lock.032 91/149 | Building BVH
Fra:1 Mem:27.80M (Peak 33.98M) | Time:00:00.23 | Mem:2.05M, Peak:2.05M | Scene, ViewLayer | Updating Geometry BVH Wrist fur.011 133/149 | Building BVH
Fra:1 Mem:27.80M (Peak 33.98M) | Time:00:00.23 | Mem:2.06M, Peak:2.06M | Scene, ViewLayer | Updating Geometry BVH Wrist fur.011 133/149 | Building mesh BLAS |      60 tris | Sculpted mane lock.032
Fra:1 Mem:27.80M (Peak 33.98M) | Time:00:00.23 | Mem:2.06M, Peak:2.06M | Scene, ViewLayer | Updating Geometry BVH Sculpted mane lock.033 92/149 | Building BVH
Fra:1 Mem:27.80M (Peak 33.98M) | Time:00:00.23 | Mem:2.07M, Peak:2.07M | Scene, ViewLayer | Updating Geometry BVH Sculpted mane lock.034 93/149 | Building BVH
Fra:1 Mem:27.80M (Peak 33.98M) | Time:00:00.23 | Mem:2.07M, Peak:2.07M | Scene, ViewLayer | Updating Geometry BVH Sculpted mane lock.034 93/149 | Building mesh BLAS |      60 tris | Sculpted mane lock.033
Fra:1 Mem:27.80M (Peak 33.98M) | Time:00:00.23 | Mem:2.07M, Peak:2.07M | Scene, ViewLayer | Updating Geometry BVH Sculpted mane lock.034 93/149 | Building mesh BLAS |      60 tris | Sculpted mane lock.034
Fra:1 Mem:27.80M (Peak 33.98M) | Time:00:00.23 | Mem:2.16M, Peak:2.16M | Scene, ViewLayer | Updating Geometry BVH Sculpted mane lock.035 94/149 | Building BVH
Fra:1 Mem:27.80M (Peak 33.98M) | Time:00:00.23 | Mem:2.16M, Peak:2.16M | Scene, ViewLayer | Updating Geometry BVH Sculpted mane lock.035 94/149 | Building mesh BLAS |      60 tris | Sculpted mane lock.035
Fra:1 Mem:27.80M (Peak 33.98M) | Time:00:00.23 | Mem:2.21M, Peak:2.21M | Scene, ViewLayer | Updating Geometry BVH Sculpted mane lock.036 95/149 | Building BVH
Fra:1 Mem:27.80M (Peak 33.98M) | Time:00:00.23 | Mem:2.24M, Peak:2.24M | Scene, ViewLayer | Updating Geometry BVH Sculpted mane lock.036 95/149 | Building mesh BLAS |      60 tris | Sculpted mane lock.036
Fra:1 Mem:27.80M (Peak 33.98M) | Time:00:00.23 | Mem:2.24M, Peak:2.24M | Scene, ViewLayer | Updating Geometry BVH Sculpted mane lock.037 96/149 | Building BVH
Fra:1 Mem:27.80M (Peak 33.98M) | Time:00:00.23 | Mem:2.24M, Peak:2.24M | Scene, ViewLayer | Updating Geometry BVH Sculpted mane lock.037 96/149 | Building mesh BLAS |      60 tris | Sculpted mane lock.037
Fra:1 Mem:27.80M (Peak 33.98M) | Time:00:00.23 | Mem:2.41M, Peak:2.41M | Scene, ViewLayer | Updating Geometry BVH Sculpted mane lock.039 98/149 | Building BVH
Fra:1 Mem:27.80M (Peak 33.98M) | Time:00:00.23 | Mem:2.42M, Peak:2.42M | Scene, ViewLayer | Updating Geometry BVH Sculpted mane lock.039 98/149 | Building mesh BLAS |      60 tris | Sculpted mane lock.039
Fra:1 Mem:27.80M (Peak 33.98M) | Time:00:00.23 | Mem:2.42M, Peak:2.42M | Scene, ViewLayer | Updating Geometry BVH Wrist fur.010 132/149 | Building BVH
Fra:1 Mem:27.80M (Peak 33.98M) | Time:00:00.23 | Mem:2.42M, Peak:2.42M | Scene, ViewLayer | Updating Geometry BVH Wrist fur.010 132/149 | Building mesh BLAS |      44 tris | Wrist fur.010
Fra:1 Mem:27.80M (Peak 33.98M) | Time:00:00.23 | Mem:2.42M, Peak:2.42M | Scene, ViewLayer | Updating Geometry BVH Sculpted mane lock.040 99/149 | Building BVH
Fra:1 Mem:27.80M (Peak 33.98M) | Time:00:00.23 | Mem:2.45M, Peak:2.45M | Scene, ViewLayer | Updating Geometry BVH Sculpted mane lock.042 101/149 | Building BVH
Fra:1 Mem:27.80M (Peak 33.98M) | Time:00:00.23 | Mem:2.45M, Peak:2.45M | Scene, ViewLayer | Updating Geometry BVH Sculpted mane lock.042 101/149 | Building mesh BLAS |      60 tris | Sculpted mane lock.040
Fra:1 Mem:27.80M (Peak 33.98M) | Time:00:00.23 | Mem:2.45M, Peak:2.45M | Scene, ViewLayer | Updating Geometry BVH Sculpted mane lock.042 101/149 | Building mesh BLAS |      60 tris | Sculpted mane lock.042
Fra:1 Mem:27.80M (Peak 33.98M) | Time:00:00.23 | Mem:2.46M, Peak:2.46M | Scene, ViewLayer | Updating Geometry BVH Sculpted mane lock.043 102/149 | Building BVH
Fra:1 Mem:27.80M (Peak 33.98M) | Time:00:00.23 | Mem:2.46M, Peak:2.46M | Scene, ViewLayer | Updating Geometry BVH Sculpted mane lock.043 102/149 | Building mesh BLAS |      60 tris | Sculpted mane lock.043
Fra:1 Mem:27.80M (Peak 33.98M) | Time:00:00.23 | Mem:2.46M, Peak:2.46M | Scene, ViewLayer | Updating Geometry BVH Sculpted mane lock.043 102/149 | Building mesh BLAS |      60 tris | Sculpted mane lock.041
Fra:1 Mem:27.80M (Peak 33.98M) | Time:00:00.23 | Mem:2.52M, Peak:2.52M | Scene, ViewLayer | Updating Geometry BVH Wrist fur.009 131/149 | Building BVH
Fra:1 Mem:27.80M (Peak 33.98M) | Time:00:00.23 | Mem:2.53M, Peak:2.53M | Scene, ViewLayer | Updating Geometry BVH Sculpted mane lock.044 103/149 | Building BVH
Fra:1 Mem:27.80M (Peak 33.98M) | Time:00:00.23 | Mem:2.53M, Peak:2.53M | Scene, ViewLayer | Updating Geometry BVH Sculpted mane lock.044 103/149 | Building mesh BLAS |      60 tris | Sculpted mane lock.044
Fra:1 Mem:27.80M (Peak 33.98M) | Time:00:00.23 | Mem:2.53M, Peak:2.53M | Scene, ViewLayer | Updating Geometry BVH Sculpted mane lock.045 104/149 | Building BVH
Fra:1 Mem:27.80M (Peak 33.98M) | Time:00:00.23 | Mem:2.53M, Peak:2.53M | Scene, ViewLayer | Updating Geometry BVH Sculpted mane lock.046 105/149 | Building BVH
Fra:1 Mem:27.80M (Peak 33.98M) | Time:00:00.23 | Mem:2.53M, Peak:2.53M | Scene, ViewLayer | Updating Geometry BVH Sculpted mane lock.047 106/149 | Building mesh BLAS |      60 tris | Sculpted mane lock.045
Fra:1 Mem:27.80M (Peak 33.98M) | Time:00:00.23 | Mem:2.53M, Peak:2.53M | Scene, ViewLayer | Updating Geometry BVH Sculpted mane lock.047 106/149 | Building mesh BLAS |      60 tris | Sculpted mane lock.046
Fra:1 Mem:27.80M (Peak 33.98M) | Time:00:00.23 | Mem:2.53M, Peak:2.53M | Scene, ViewLayer | Updating Geometry BVH Sculpted mane lock.047 106/149 | Building mesh BLAS |      60 tris | Sculpted mane lock.047
Fra:1 Mem:27.80M (Peak 33.98M) | Time:00:00.23 | Mem:2.56M, Peak:2.56M | Scene, ViewLayer | Updating Geometry BVH Sculpted mane lock.048 107/149 | Building BVH
Fra:1 Mem:27.80M (Peak 33.98M) | Time:00:00.23 | Mem:2.56M, Peak:2.56M | Scene, ViewLayer | Updating Geometry BVH Sculpted mane lock.048 107/149 | Building mesh BLAS |      60 tris | Sculpted mane lock.048
Fra:1 Mem:27.80M (Peak 33.98M) | Time:00:00.23 | Mem:2.59M, Peak:2.59M | Scene, ViewLayer | Updating Geometry BVH Sculpted mane lock.049 108/149 | Building BVH
Fra:1 Mem:27.80M (Peak 33.98M) | Time:00:00.23 | Mem:2.59M, Peak:2.59M | Scene, ViewLayer | Updating Geometry BVH Sculpted mane lock.049 108/149 | Building mesh BLAS |      60 tris | Sculpted mane lock.049
Fra:1 Mem:27.80M (Peak 33.98M) | Time:00:00.23 | Mem:2.62M, Peak:2.62M | Scene, ViewLayer | Updating Geometry BVH Sculpted mane lock.050 109/149 | Building BVH
Fra:1 Mem:27.80M (Peak 33.98M) | Time:00:00.23 | Mem:2.65M, Peak:2.65M | Scene, ViewLayer | Updating Geometry BVH Sculpted mane lock.050 109/149 | Building mesh BLAS |      60 tris | Sculpted mane lock.050
Fra:1 Mem:27.80M (Peak 33.98M) | Time:00:00.23 | Mem:2.65M, Peak:2.65M | Scene, ViewLayer | Updating Geometry BVH Layered shoulder fur.011 130/149 | Building BVH
Fra:1 Mem:27.80M (Peak 33.98M) | Time:00:00.23 | Mem:2.65M, Peak:2.65M | Scene, ViewLayer | Updating Geometry BVH Layered shoulder fur 110/149 | Building mesh BLAS |      44 tris | Layered shoulder fur.011
Fra:1 Mem:27.80M (Peak 33.98M) | Time:00:00.23 | Mem:2.65M, Peak:2.65M | Scene, ViewLayer | Updating Geometry BVH Layered shoulder fur.001 111/149 | Building BVH
Fra:1 Mem:27.80M (Peak 33.98M) | Time:00:00.23 | Mem:2.65M, Peak:2.65M | Scene, ViewLayer | Updating Geometry BVH Wrist fur 113/149 | Building BVH
Fra:1 Mem:27.80M (Peak 33.98M) | Time:00:00.23 | Mem:2.66M, Peak:2.66M | Scene, ViewLayer | Updating Geometry BVH Layered shoulder fur.010 129/149 | Building BVH
Fra:1 Mem:27.80M (Peak 33.98M) | Time:00:00.23 | Mem:2.67M, Peak:2.67M | Scene, ViewLayer | Updating Geometry BVH Layered shoulder fur.003 116/149 | Building BVH
Fra:1 Mem:27.80M (Peak 33.98M) | Time:00:00.23 | Mem:2.72M, Peak:2.72M | Scene, ViewLayer | Updating Geometry BVH Layered shoulder fur.004 117/149 | Building BVH
Fra:1 Mem:27.80M (Peak 33.98M) | Time:00:00.23 | Mem:2.72M, Peak:2.72M | Scene, ViewLayer | Updating Geometry BVH Layered shoulder fur.004 117/149 | Building mesh BLAS |      44 tris | Layered shoulder fur.004
Fra:1 Mem:27.80M (Peak 33.98M) | Time:00:00.23 | Mem:2.72M, Peak:2.72M | Scene, ViewLayer | Updating Geometry BVH Layered shoulder fur.005 118/149 | Building BVH
Fra:1 Mem:27.80M (Peak 33.98M) | Time:00:00.23 | Mem:2.72M, Peak:2.72M | Scene, ViewLayer | Updating Geometry BVH Layered shoulder fur.005 118/149 | Building mesh BLAS |      44 tris | Layered shoulder fur.010
Fra:1 Mem:27.80M (Peak 33.98M) | Time:00:00.23 | Mem:2.72M, Peak:2.72M | Scene, ViewLayer | Updating Geometry BVH Wrist fur.003 119/149 | Building mesh BLAS |      44 tris | Wrist fur.002
Fra:1 Mem:27.80M (Peak 33.98M) | Time:00:00.23 | Mem:2.72M, Peak:2.72M | Scene, ViewLayer | Updating Geometry BVH Layered shoulder fur.009 128/149 | Building BVH
Fra:1 Mem:27.80M (Peak 33.98M) | Time:00:00.23 | Mem:2.72M, Peak:2.72M | Scene, ViewLayer | Updating Geometry BVH Layered shoulder fur.009 128/149 | Building mesh BLAS |      44 tris | Layered shoulder fur.009
Fra:1 Mem:27.80M (Peak 33.98M) | Time:00:00.23 | Mem:2.72M, Peak:2.72M | Scene, ViewLayer | Updating Geometry BVH Wrist fur.004 120/149 | Building BVH
Fra:1 Mem:27.80M (Peak 33.98M) | Time:00:00.23 | Mem:2.72M, Peak:2.72M | Scene, ViewLayer | Updating Geometry BVH Wrist fur.005 121/149 | Building BVH
Fra:1 Mem:27.80M (Peak 33.98M) | Time:00:00.23 | Mem:2.72M, Peak:2.72M | Scene, ViewLayer | Updating Geometry BVH Wrist fur.005 121/149 | Building mesh BLAS |      44 tris | Layered shoulder fur.005
Fra:1 Mem:27.80M (Peak 33.98M) | Time:00:00.23 | Mem:2.72M, Peak:2.72M | Scene, ViewLayer | Updating Geometry BVH Layered shoulder fur.006 122/149 | Building BVH
Fra:1 Mem:27.80M (Peak 33.98M) | Time:00:00.23 | Mem:2.72M, Peak:2.72M | Scene, ViewLayer | Updating Geometry BVH Layered shoulder fur.006 122/149 | Building mesh BLAS |      44 tris | Wrist fur.004
Fra:1 Mem:27.80M (Peak 33.98M) | Time:00:00.23 | Mem:2.72M, Peak:2.72M | Scene, ViewLayer | Updating Geometry BVH Wrist fur.008 127/149 | Building BVH
Fra:1 Mem:27.80M (Peak 33.98M) | Time:00:00.23 | Mem:2.72M, Peak:2.72M | Scene, ViewLayer | Updating Geometry BVH Wrist fur.008 127/149 | Building mesh BLAS |      44 tris | Layered shoulder fur.006
Fra:1 Mem:27.80M (Peak 33.98M) | Time:00:00.23 | Mem:2.72M, Peak:2.72M | Scene, ViewLayer | Updating Geometry BVH Wrist fur.008 127/149 | Building mesh BLAS |      44 tris | Layered shoulder fur.007
Fra:1 Mem:27.80M (Peak 33.98M) | Time:00:00.23 | Mem:2.73M, Peak:2.73M | Scene, ViewLayer | Updating Geometry BVH Layered shoulder fur.008 124/149 | Building BVH
Fra:1 Mem:27.80M (Peak 33.98M) | Time:00:00.23 | Mem:2.73M, Peak:2.73M | Scene, ViewLayer | Updating Geometry BVH Layered shoulder fur.008 124/149 | Building mesh BLAS |      44 tris | Wrist fur.008
Fra:1 Mem:27.80M (Peak 33.98M) | Time:00:00.23 | Mem:2.73M, Peak:2.73M | Scene, ViewLayer | Updating Geometry BVH Layered shoulder fur.008 124/149 | Building mesh BLAS |      44 tris | Layered shoulder fur.008
Fra:1 Mem:27.80M (Peak 33.98M) | Time:00:00.23 | Mem:2.73M, Peak:2.73M | Scene, ViewLayer | Updating Geometry BVH Wrist fur.007 126/149 | Building BVH
Fra:1 Mem:27.80M (Peak 33.98M) | Time:00:00.23 | Mem:2.74M, Peak:2.74M | Scene, ViewLayer | Updating Geometry BVH Wrist fur.007 126/149 | Building mesh BLAS |      44 tris | Wrist fur.006
Fra:1 Mem:27.80M (Peak 33.98M) | Time:00:00.23 | Mem:2.75M, Peak:2.75M | Scene, ViewLayer | Updating Scene BVH | Building
Fra:1 Mem:27.80M (Peak 33.98M) | Time:00:00.25 | Mem:2.90M, Peak:2.90M | Scene, ViewLayer | Updating Scene BVH | Building TLAS      |     149 instances
Fra:1 Mem:27.80M (Peak 33.98M) | Time:00:00.25 | Mem:2.95M, Peak:2.95M | Scene, ViewLayer | Updating Scene BVH | Copying BVH to device
Fra:1 Mem:27.80M (Peak 33.98M) | Time:00:00.25 | Mem:2.95M, Peak:2.95M | Scene, ViewLayer | Updating Mesh | Computing normals
Fra:1 Mem:28.42M (Peak 33.98M) | Time:00:00.25 | Mem:2.95M, Peak:2.95M | Scene, ViewLayer | Updating Mesh | Copying Mesh to device
Fra:1 Mem:27.80M (Peak 33.98M) | Time:00:00.25 | Mem:3.59M, Peak:3.59M | Scene, ViewLayer | Updating Objects Flags
Fra:1 Mem:27.80M (Peak 33.98M) | Time:00:00.25 | Mem:3.59M, Peak:3.59M | Scene, ViewLayer | Updating Primitive Offsets
Fra:1 Mem:27.80M (Peak 33.98M) | Time:00:00.25 | Mem:3.60M, Peak:3.60M | Scene, ViewLayer | Updating Images
Fra:1 Mem:27.80M (Peak 33.98M) | Time:00:00.25 | Mem:3.60M, Peak:3.60M | Scene, ViewLayer | Updating Camera Volume
Fra:1 Mem:27.80M (Peak 33.98M) | Time:00:00.25 | Mem:3.60M, Peak:3.60M | Scene, ViewLayer | Updating Lookup Tables
Fra:1 Mem:27.72M (Peak 33.98M) | Time:00:00.25 | Mem:3.69M, Peak:3.69M | Scene, ViewLayer | Updating Lights
Fra:1 Mem:27.72M (Peak 33.98M) | Time:00:00.25 | Mem:3.69M, Peak:3.69M | Scene, ViewLayer | Updating Lights | Computing tree
Fra:1 Mem:27.72M (Peak 33.98M) | Time:00:00.25 | Mem:3.69M, Peak:3.69M | Scene, ViewLayer | Updating Integrator
Fra:1 Mem:27.72M (Peak 33.98M) | Time:00:00.25 | Mem:3.69M, Peak:3.69M | Scene, ViewLayer | Updating Film
Fra:1 Mem:27.80M (Peak 33.98M) | Time:00:00.25 | Mem:3.60M, Peak:3.69M | Scene, ViewLayer | Updating Lookup Tables
Fra:1 Mem:27.72M (Peak 33.98M) | Time:00:00.25 | Mem:3.69M, Peak:3.69M | Scene, ViewLayer | Updating Baking
Fra:1 Mem:27.72M (Peak 33.98M) | Time:00:00.25 | Mem:3.69M, Peak:3.69M | Scene, ViewLayer | Updating Device | Writing constant memory
Fra:1 Mem:27.72M (Peak 33.98M) | Time:00:00.28 | Mem:3.69M, Peak:3.69M | Scene, ViewLayer | Loading denoising kernels (may take a few minutes the first time)
Fra:1 Mem:27.72M (Peak 59.72M) | Time:00:00.28 | Mem:2819.70M, Peak:2819.70M | Scene, ViewLayer | Sample 0/12 (Using optimized kernels)
Fra:1 Mem:27.72M (Peak 63.23M) | Time:00:00.48 | Remaining:00:02.11 | Mem:2855.24M, Peak:2855.24M | Scene, ViewLayer | Sample 1/12 (Using optimized kernels)
Fra:1 Mem:42.67M (Peak 65.10M) | Time:00:03.65 | Mem:2855.25M, Peak:2855.25M | Scene, ViewLayer | Sample 12/12 (Using optimized kernels)
Fra:1 Mem:42.67M (Peak 65.10M) | Time:00:03.65 | Mem:2855.25M, Peak:2855.25M | Scene, ViewLayer | Finished
Saved: '/Users/chikumatsuboi/Code/animal-racers-western/assets/source/western/qa/lion-race-rear.png'
Time: 00:03.76 (Saving: 00:00.06)

Fra:1 Mem:32.05M (Peak 32.05M) | Time:00:00.01 | Mem:0.02M, Peak:0.02M | Scene, ViewLayer | Synchronizing object | Body • continuous sculpted skin
Fra:1 Mem:32.47M (Peak 32.47M) | Time:00:00.01 | Mem:0.02M, Peak:0.02M | Scene, ViewLayer | Synchronizing object | Paw toe
Fra:1 Mem:32.49M (Peak 32.49M) | Time:00:00.01 | Mem:0.02M, Peak:0.02M | Scene, ViewLayer | Synchronizing object | Ivory claw
Fra:1 Mem:32.49M (Peak 32.49M) | Time:00:00.01 | Mem:0.02M, Peak:0.02M | Scene, ViewLayer | Synchronizing object | Paw toe.001
Fra:1 Mem:32.51M (Peak 32.51M) | Time:00:00.01 | Mem:0.02M, Peak:0.02M | Scene, ViewLayer | Synchronizing object | Ivory claw.001
Fra:1 Mem:32.51M (Peak 32.51M) | Time:00:00.01 | Mem:0.02M, Peak:0.02M | Scene, ViewLayer | Synchronizing object | Paw toe.002
Fra:1 Mem:32.53M (Peak 32.53M) | Time:00:00.01 | Mem:0.02M, Peak:0.02M | Scene, ViewLayer | Synchronizing object | Ivory claw.002
Fra:1 Mem:32.54M (Peak 32.54M) | Time:00:00.01 | Mem:0.02M, Peak:0.02M | Scene, ViewLayer | Synchronizing object | Paw toe.003
Fra:1 Mem:32.56M (Peak 32.56M) | Time:00:00.01 | Mem:0.02M, Peak:0.02M | Scene, ViewLayer | Synchronizing object | Ivory claw.003
Fra:1 Mem:32.56M (Peak 32.56M) | Time:00:00.01 | Mem:0.02M, Peak:0.02M | Scene, ViewLayer | Synchronizing object | Warm rim
Fra:1 Mem:32.56M (Peak 32.56M) | Time:00:00.01 | Mem:0.02M, Peak:0.02M | Scene, ViewLayer | Synchronizing object | Sky fill
Fra:1 Mem:32.56M (Peak 32.56M) | Time:00:00.01 | Mem:0.02M, Peak:0.02M | Scene, ViewLayer | Synchronizing object | Sunset key
Fra:1 Mem:32.56M (Peak 32.56M) | Time:00:00.01 | Mem:0.02M, Peak:0.02M | Scene, ViewLayer | Synchronizing object | Plane
Fra:1 Mem:32.57M (Peak 32.57M) | Time:00:00.01 | Mem:0.02M, Peak:0.02M | Scene, ViewLayer | Synchronizing object | Raised elemental crest
Fra:1 Mem:32.58M (Peak 32.58M) | Time:00:00.01 | Mem:0.02M, Peak:0.02M | Scene, ViewLayer | Synchronizing object | Brass crest clasp
Fra:1 Mem:32.60M (Peak 32.60M) | Time:00:00.01 | Mem:0.02M, Peak:0.02M | Scene, ViewLayer | Synchronizing object | Neckerchief folded point
Fra:1 Mem:32.60M (Peak 32.60M) | Time:00:00.01 | Mem:0.02M, Peak:0.02M | Scene, ViewLayer | Synchronizing object | Ivory claw.004
Fra:1 Mem:32.60M (Peak 32.60M) | Time:00:00.01 | Mem:0.02M, Peak:0.02M | Scene, ViewLayer | Synchronizing object | Leather neckerchief roll
Fra:1 Mem:32.61M (Peak 32.61M) | Time:00:00.01 | Mem:0.02M, Peak:0.02M | Scene, ViewLayer | Synchronizing object | Paw toe.005
Fra:1 Mem:32.61M (Peak 32.61M) | Time:00:00.01 | Mem:0.02M, Peak:0.02M | Scene, ViewLayer | Synchronizing object | Flame tail tuft.006
Fra:1 Mem:32.63M (Peak 32.63M) | Time:00:00.01 | Mem:0.02M, Peak:0.02M | Scene, ViewLayer | Synchronizing object | Ivory claw.005
Fra:1 Mem:32.63M (Peak 32.63M) | Time:00:00.01 | Mem:0.02M, Peak:0.02M | Scene, ViewLayer | Synchronizing object | Flame tail tuft.005
Fra:1 Mem:32.65M (Peak 32.65M) | Time:00:00.01 | Mem:0.02M, Peak:0.02M | Scene, ViewLayer | Synchronizing object | Paw toe.006
Fra:1 Mem:32.64M (Peak 32.65M) | Time:00:00.01 | Mem:0.02M, Peak:0.02M | Scene, ViewLayer | Synchronizing object | Flame tail tuft.004
Fra:1 Mem:32.65M (Peak 32.65M) | Time:00:00.01 | Mem:0.02M, Peak:0.02M | Scene, ViewLayer | Synchronizing object | Flame tail tuft.003
Fra:1 Mem:32.67M (Peak 32.67M) | Time:00:00.01 | Mem:0.02M, Peak:0.02M | Scene, ViewLayer | Synchronizing object | Ivory claw.006
Fra:1 Mem:32.66M (Peak 32.67M) | Time:00:00.01 | Mem:0.02M, Peak:0.02M | Scene, ViewLayer | Synchronizing object | Flame tail tuft.002
Fra:1 Mem:32.66M (Peak 32.67M) | Time:00:00.01 | Mem:0.02M, Peak:0.02M | Scene, ViewLayer | Synchronizing object | Paw toe.007
Fra:1 Mem:32.67M (Peak 32.67M) | Time:00:00.01 | Mem:0.02M, Peak:0.02M | Scene, ViewLayer | Synchronizing object | Flame tail tuft.001
Fra:1 Mem:32.68M (Peak 32.68M) | Time:00:00.01 | Mem:0.02M, Peak:0.02M | Scene, ViewLayer | Synchronizing object | Ivory claw.007
Fra:1 Mem:32.69M (Peak 32.69M) | Time:00:00.01 | Mem:0.02M, Peak:0.02M | Scene, ViewLayer | Synchronizing object | Flame tail tuft
Fra:1 Mem:32.69M (Peak 32.69M) | Time:00:00.01 | Mem:0.02M, Peak:0.02M | Scene, ViewLayer | Synchronizing object | Articulated tail
Fra:1 Mem:32.69M (Peak 32.69M) | Time:00:00.01 | Mem:0.02M, Peak:0.02M | Scene, ViewLayer | Synchronizing object | Paw toe.008
Fra:1 Mem:32.72M (Peak 32.72M) | Time:00:00.01 | Mem:0.02M, Peak:0.02M | Scene, ViewLayer | Synchronizing object | Wrist fur.011
Fra:1 Mem:32.73M (Peak 32.73M) | Time:00:00.01 | Mem:0.02M, Peak:0.02M | Scene, ViewLayer | Synchronizing object | Ivory claw.008
Fra:1 Mem:32.73M (Peak 32.73M) | Time:00:00.01 | Mem:0.02M, Peak:0.02M | Scene, ViewLayer | Synchronizing object | Wrist fur.010
Fra:1 Mem:32.73M (Peak 32.73M) | Time:00:00.01 | Mem:0.02M, Peak:0.02M | Scene, ViewLayer | Synchronizing object | Ivory claw.009
Fra:1 Mem:32.75M (Peak 32.75M) | Time:00:00.01 | Mem:0.02M, Peak:0.02M | Scene, ViewLayer | Synchronizing object | Wrist fur.009
Fra:1 Mem:32.76M (Peak 32.76M) | Time:00:00.01 | Mem:0.02M, Peak:0.02M | Scene, ViewLayer | Synchronizing object | Ivory claw.010
Fra:1 Mem:32.76M (Peak 32.76M) | Time:00:00.01 | Mem:0.02M, Peak:0.02M | Scene, ViewLayer | Synchronizing object | Layered shoulder fur.011
Fra:1 Mem:32.78M (Peak 32.78M) | Time:00:00.01 | Mem:0.02M, Peak:0.02M | Scene, ViewLayer | Synchronizing object | Paw toe.011
Fra:1 Mem:32.79M (Peak 32.79M) | Time:00:00.01 | Mem:0.02M, Peak:0.02M | Scene, ViewLayer | Synchronizing object | Layered shoulder fur.010
Fra:1 Mem:32.80M (Peak 32.80M) | Time:00:00.01 | Mem:0.02M, Peak:0.02M | Scene, ViewLayer | Synchronizing object | Ivory claw.011
Fra:1 Mem:32.81M (Peak 32.81M) | Time:00:00.01 | Mem:0.02M, Peak:0.02M | Scene, ViewLayer | Synchronizing object | Layered shoulder fur.009
Fra:1 Mem:32.90M (Peak 32.90M) | Time:00:00.01 | Mem:0.02M, Peak:0.02M | Scene, ViewLayer | Synchronizing object | Wrist fur.008
Fra:1 Mem:32.99M (Peak 32.99M) | Time:00:00.01 | Mem:0.02M, Peak:0.02M | Scene, ViewLayer | Synchronizing object | Cream muzzle pad
Fra:1 Mem:32.98M (Peak 32.99M) | Time:00:00.01 | Mem:0.02M, Peak:0.02M | Scene, ViewLayer | Synchronizing object | Wrist fur.007
Fra:1 Mem:33.01M (Peak 33.01M) | Time:00:00.01 | Mem:0.02M, Peak:0.02M | Scene, ViewLayer | Synchronizing object | Wrist fur.006
Fra:1 Mem:33.02M (Peak 33.02M) | Time:00:00.01 | Mem:0.02M, Peak:0.02M | Scene, ViewLayer | Synchronizing object | Layered shoulder fur.008
Fra:1 Mem:33.03M (Peak 33.03M) | Time:00:00.01 | Mem:0.02M, Peak:0.02M | Scene, ViewLayer | Synchronizing object | Layered shoulder fur.007
Fra:1 Mem:33.03M (Peak 33.03M) | Time:00:00.01 | Mem:0.02M, Peak:0.02M | Scene, ViewLayer | Synchronizing object | Layered shoulder fur.006
Fra:1 Mem:33.04M (Peak 33.04M) | Time:00:00.01 | Mem:0.02M, Peak:0.02M | Scene, ViewLayer | Synchronizing object | Wrist fur.005
Fra:1 Mem:33.04M (Peak 33.04M) | Time:00:00.01 | Mem:0.02M, Peak:0.02M | Scene, ViewLayer | Synchronizing object | Wrist fur.004
Fra:1 Mem:33.06M (Peak 33.06M) | Time:00:00.01 | Mem:0.02M, Peak:0.02M | Scene, ViewLayer | Synchronizing object | Cream muzzle pad.001
Fra:1 Mem:33.14M (Peak 33.14M) | Time:00:00.01 | Mem:0.02M, Peak:0.02M | Scene, ViewLayer | Synchronizing object | Wrist fur.003
Fra:1 Mem:33.16M (Peak 33.16M) | Time:00:00.01 | Mem:0.02M, Peak:0.02M | Scene, ViewLayer | Synchronizing object | Heart shaped nose
Fra:1 Mem:33.18M (Peak 33.18M) | Time:00:00.01 | Mem:0.02M, Peak:0.02M | Scene, ViewLayer | Synchronizing object | Layered shoulder fur.005
Fra:1 Mem:33.19M (Peak 33.19M) | Time:00:00.01 | Mem:0.02M, Peak:0.02M | Scene, ViewLayer | Synchronizing object | Ivory eye
Fra:1 Mem:33.18M (Peak 33.19M) | Time:00:00.01 | Mem:0.02M, Peak:0.02M | Scene, ViewLayer | Synchronizing object | Layered shoulder fur.004
Fra:1 Mem:33.22M (Peak 33.22M) | Time:00:00.01 | Mem:0.02M, Peak:0.02M | Scene, ViewLayer | Synchronizing object | Layered shoulder fur.003
Fra:1 Mem:33.24M (Peak 33.24M) | Time:00:00.01 | Mem:0.02M, Peak:0.02M | Scene, ViewLayer | Synchronizing object | Iris
Fra:1 Mem:33.25M (Peak 33.25M) | Time:00:00.01 | Mem:0.02M, Peak:0.02M | Scene, ViewLayer | Synchronizing object | Wrist fur.002
Fra:1 Mem:33.29M (Peak 33.29M) | Time:00:00.01 | Mem:0.02M, Peak:0.02M | Scene, ViewLayer | Synchronizing object | Pupil
Fra:1 Mem:33.31M (Peak 33.31M) | Time:00:00.01 | Mem:0.02M, Peak:0.02M | Scene, ViewLayer | Synchronizing object | Wrist fur.001
Fra:1 Mem:33.33M (Peak 33.33M) | Time:00:00.01 | Mem:0.02M, Peak:0.02M | Scene, ViewLayer | Synchronizing object | Eye glint
Fra:1 Mem:33.32M (Peak 33.33M) | Time:00:00.01 | Mem:0.02M, Peak:0.02M | Scene, ViewLayer | Synchronizing object | Wrist fur
Fra:1 Mem:33.34M (Peak 33.34M) | Time:00:00.01 | Mem:0.02M, Peak:0.02M | Scene, ViewLayer | Synchronizing object | Layered shoulder fur.002
Fra:1 Mem:33.34M (Peak 33.34M) | Time:00:00.01 | Mem:0.02M, Peak:0.02M | Scene, ViewLayer | Synchronizing object | Expressive brow
Fra:1 Mem:33.34M (Peak 33.34M) | Time:00:00.01 | Mem:0.02M, Peak:0.02M | Scene, ViewLayer | Synchronizing object | Layered shoulder fur.001
Fra:1 Mem:33.35M (Peak 33.35M) | Time:00:00.01 | Mem:0.02M, Peak:0.02M | Scene, ViewLayer | Synchronizing object | Whisker pore
Fra:1 Mem:33.35M (Peak 33.35M) | Time:00:00.01 | Mem:0.02M, Peak:0.02M | Scene, ViewLayer | Synchronizing object | Layered shoulder fur
Fra:1 Mem:33.36M (Peak 33.36M) | Time:00:00.01 | Mem:0.02M, Peak:0.02M | Scene, ViewLayer | Synchronizing object | Whisker pore.001
Fra:1 Mem:33.36M (Peak 33.36M) | Time:00:00.01 | Mem:0.02M, Peak:0.02M | Scene, ViewLayer | Synchronizing object | Whisker pore.002
Fra:1 Mem:33.37M (Peak 33.37M) | Time:00:00.01 | Mem:0.02M, Peak:0.02M | Scene, ViewLayer | Synchronizing object | Eye socket.001
Fra:1 Mem:33.38M (Peak 33.38M) | Time:00:00.01 | Mem:0.02M, Peak:0.02M | Scene, ViewLayer | Synchronizing object | Sculpted mane lock.049
Fra:1 Mem:33.42M (Peak 33.42M) | Time:00:00.01 | Mem:0.02M, Peak:0.02M | Scene, ViewLayer | Synchronizing object | Sculpted mane lock.048
Fra:1 Mem:33.45M (Peak 33.45M) | Time:00:00.01 | Mem:0.02M, Peak:0.02M | Scene, ViewLayer | Synchronizing object | Pupil.001
Fra:1 Mem:33.46M (Peak 33.46M) | Time:00:00.01 | Mem:0.02M, Peak:0.02M | Scene, ViewLayer | Synchronizing object | Sculpted mane lock.047
Fra:1 Mem:33.48M (Peak 33.48M) | Time:00:00.01 | Mem:0.02M, Peak:0.02M | Scene, ViewLayer | Synchronizing object | Expressive brow.001
Fra:1 Mem:33.52M (Peak 33.52M) | Time:00:00.01 | Mem:0.02M, Peak:0.02M | Scene, ViewLayer | Synchronizing object | Smiling mouth.001
Fra:1 Mem:33.52M (Peak 33.52M) | Time:00:00.01 | Mem:0.02M, Peak:0.02M | Scene, ViewLayer | Synchronizing object | Sculpted mane lock.045
Fra:1 Mem:33.53M (Peak 33.53M) | Time:00:00.01 | Mem:0.02M, Peak:0.02M | Scene, ViewLayer | Synchronizing object | Whisker pore.003
Fra:1 Mem:33.54M (Peak 33.54M) | Time:00:00.01 | Mem:0.02M, Peak:0.02M | Scene, ViewLayer | Synchronizing object | Lower jaw
Fra:1 Mem:33.55M (Peak 33.55M) | Time:00:00.01 | Mem:0.02M, Peak:0.02M | Scene, ViewLayer | Synchronizing object | Mouth cavity
Fra:1 Mem:33.55M (Peak 33.55M) | Time:00:00.01 | Mem:0.02M, Peak:0.02M | Scene, ViewLayer | Synchronizing object | Lower canine.001
Fra:1 Mem:33.55M (Peak 33.55M) | Time:00:00.01 | Mem:0.02M, Peak:0.02M | Scene, ViewLayer | Synchronizing object | Rounded lion ear
Fra:1 Mem:33.56M (Peak 33.56M) | Time:00:00.01 | Mem:0.02M, Peak:0.02M | Scene, ViewLayer | Synchronizing object | Inner lion ear
Fra:1 Mem:33.58M (Peak 33.58M) | Time:00:00.01 | Mem:0.02M, Peak:0.02M | Scene, ViewLayer | Synchronizing object | Rounded lion ear.001
Fra:1 Mem:33.65M (Peak 33.65M) | Time:00:00.01 | Mem:0.02M, Peak:0.02M | Scene, ViewLayer | Synchronizing object | Inner lion ear.001
Fra:1 Mem:33.65M (Peak 33.65M) | Time:00:00.01 | Mem:0.02M, Peak:0.02M | Scene, ViewLayer | Synchronizing object | Sculpted mane lock
Fra:1 Mem:33.71M (Peak 33.71M) | Time:00:00.01 | Mem:0.02M, Peak:0.02M | Scene, ViewLayer | Synchronizing object | Sculpted mane lock.001
Fra:1 Mem:33.70M (Peak 33.71M) | Time:00:00.01 | Mem:0.02M, Peak:0.02M | Scene, ViewLayer | Synchronizing object | Sculpted mane lock.043
Fra:1 Mem:33.71M (Peak 33.71M) | Time:00:00.01 | Mem:0.02M, Peak:0.02M | Scene, ViewLayer | Synchronizing object | Sculpted mane lock.004
Fra:1 Mem:33.73M (Peak 33.73M) | Time:00:00.01 | Mem:0.02M, Peak:0.02M | Scene, ViewLayer | Synchronizing object | Sculpted mane lock.005
Fra:1 Mem:33.76M (Peak 33.76M) | Time:00:00.01 | Mem:0.02M, Peak:0.02M | Scene, ViewLayer | Synchronizing object | Sculpted mane lock.006
Fra:1 Mem:33.76M (Peak 33.76M) | Time:00:00.01 | Mem:0.02M, Peak:0.02M | Scene, ViewLayer | Synchronizing object | Sculpted mane lock.008
Fra:1 Mem:33.77M (Peak 33.77M) | Time:00:00.01 | Mem:0.02M, Peak:0.02M | Scene, ViewLayer | Synchronizing object | Sculpted mane lock.009
Fra:1 Mem:33.78M (Peak 33.78M) | Time:00:00.01 | Mem:0.02M, Peak:0.02M | Scene, ViewLayer | Synchronizing object | Sculpted mane lock.010
Fra:1 Mem:33.79M (Peak 33.79M) | Time:00:00.01 | Mem:0.02M, Peak:0.02M | Scene, ViewLayer | Synchronizing object | Sculpted mane lock.011
Fra:1 Mem:33.80M (Peak 33.80M) | Time:00:00.01 | Mem:0.02M, Peak:0.02M | Scene, ViewLayer | Synchronizing object | Sculpted mane lock.042
Fra:1 Mem:33.81M (Peak 33.81M) | Time:00:00.01 | Mem:0.02M, Peak:0.02M | Scene, ViewLayer | Synchronizing object | Sculpted mane lock.014
Fra:1 Mem:33.81M (Peak 33.81M) | Time:00:00.01 | Mem:0.02M, Peak:0.02M | Scene, ViewLayer | Synchronizing object | Sculpted mane lock.041
Fra:1 Mem:33.82M (Peak 33.82M) | Time:00:00.01 | Mem:0.02M, Peak:0.02M | Scene, ViewLayer | Synchronizing object | Sculpted mane lock.015
Fra:1 Mem:33.83M (Peak 33.83M) | Time:00:00.01 | Mem:0.02M, Peak:0.02M | Scene, ViewLayer | Synchronizing object | Sculpted mane lock.017
Fra:1 Mem:33.83M (Peak 33.83M) | Time:00:00.01 | Mem:0.02M, Peak:0.02M | Scene, ViewLayer | Synchronizing object | Sculpted mane lock.018
Fra:1 Mem:33.84M (Peak 33.84M) | Time:00:00.01 | Mem:0.02M, Peak:0.02M | Scene, ViewLayer | Synchronizing object | Sculpted mane lock.019
Fra:1 Mem:33.85M (Peak 33.85M) | Time:00:00.01 | Mem:0.02M, Peak:0.02M | Scene, ViewLayer | Synchronizing object | Sculpted mane lock.020
Fra:1 Mem:33.85M (Peak 33.85M) | Time:00:00.01 | Mem:0.02M, Peak:0.02M | Scene, ViewLayer | Synchronizing object | Sculpted mane lock.040
Fra:1 Mem:33.86M (Peak 33.86M) | Time:00:00.01 | Mem:0.02M, Peak:0.02M | Scene, ViewLayer | Synchronizing object | Sculpted mane lock.022
Fra:1 Mem:33.87M (Peak 33.87M) | Time:00:00.01 | Mem:0.02M, Peak:0.02M | Scene, ViewLayer | Synchronizing object | Sculpted mane lock.023
Fra:1 Mem:33.87M (Peak 33.87M) | Time:00:00.01 | Mem:0.02M, Peak:0.02M | Scene, ViewLayer | Synchronizing object | Sculpted mane lock.024
Fra:1 Mem:33.88M (Peak 33.88M) | Time:00:00.01 | Mem:0.02M, Peak:0.02M | Scene, ViewLayer | Synchronizing object | Sculpted mane lock.025
Fra:1 Mem:33.89M (Peak 33.89M) | Time:00:00.01 | Mem:0.02M, Peak:0.02M | Scene, ViewLayer | Synchronizing object | Sculpted mane lock.026
Fra:1 Mem:33.90M (Peak 33.90M) | Time:00:00.01 | Mem:0.02M, Peak:0.02M | Scene, ViewLayer | Synchronizing object | Sculpted mane lock.039
Fra:1 Mem:33.90M (Peak 33.90M) | Time:00:00.01 | Mem:0.02M, Peak:0.02M | Scene, ViewLayer | Synchronizing object | Sculpted mane lock.028
Fra:1 Mem:33.90M (Peak 33.90M) | Time:00:00.01 | Mem:0.02M, Peak:0.02M | Scene, ViewLayer | Synchronizing object | Sculpted mane lock.029
Fra:1 Mem:33.91M (Peak 33.91M) | Time:00:00.01 | Mem:0.02M, Peak:0.02M | Scene, ViewLayer | Synchronizing object | Sculpted mane lock.030
Fra:1 Mem:33.92M (Peak 33.92M) | Time:00:00.01 | Mem:0.02M, Peak:0.02M | Scene, ViewLayer | Synchronizing object | Sculpted mane lock.031
Fra:1 Mem:33.92M (Peak 33.92M) | Time:00:00.01 | Mem:0.02M, Peak:0.02M | Scene, ViewLayer | Synchronizing object | Sculpted mane lock.032
Fra:1 Mem:33.93M (Peak 33.93M) | Time:00:00.01 | Mem:0.02M, Peak:0.02M | Scene, ViewLayer | Synchronizing object | Sculpted mane lock.034
Fra:1 Mem:33.93M (Peak 33.93M) | Time:00:00.01 | Mem:0.02M, Peak:0.02M | Scene, ViewLayer | Synchronizing object | Sculpted mane lock.035
Fra:1 Mem:33.94M (Peak 33.94M) | Time:00:00.01 | Mem:0.02M, Peak:0.02M | Scene, ViewLayer | Synchronizing object | Sculpted mane lock.038
Fra:1 Mem:33.94M (Peak 33.94M) | Time:00:00.01 | Mem:0.02M, Peak:0.02M | Scene, ViewLayer | Synchronizing object | Sculpted mane lock.036
Fra:1 Mem:33.95M (Peak 33.95M) | Time:00:00.01 | Mem:0.02M, Peak:0.02M | Scene, ViewLayer | Synchronizing object | Sculpted mane lock.037
Fra:1 Mem:33.98M (Peak 33.98M) | Time:00:00.01 | Mem:0.02M, Peak:0.02M | Scene, ViewLayer | Initializing
Fra:1 Mem:31.79M (Peak 33.98M) | Time:00:00.01 | Mem:0.02M, Peak:0.02M | Scene, ViewLayer | Updating Images | Loading Authored short-fur normal
Fra:1 Mem:26.69M (Peak 33.98M) | Time:00:00.02 | Mem:0.27M, Peak:0.27M | Scene, ViewLayer | Waiting for render to start
Fra:1 Mem:26.69M (Peak 33.98M) | Time:00:00.02 | Mem:0.27M, Peak:0.27M | Scene, ViewLayer | Updating Scene
Fra:1 Mem:26.69M (Peak 33.98M) | Time:00:00.02 | Mem:0.27M, Peak:0.27M | Scene, ViewLayer | Updating Shaders
Fra:1 Mem:26.69M (Peak 33.98M) | Time:00:00.02 | Mem:0.27M, Peak:0.27M | Scene, ViewLayer | Loading render kernels (may take a few minutes the first time)
Fra:1 Mem:26.77M (Peak 33.98M) | Time:00:00.07 | Mem:0.28M, Peak:0.28M | Scene, ViewLayer | Updating Procedurals
Fra:1 Mem:26.77M (Peak 33.98M) | Time:00:00.07 | Mem:0.28M, Peak:0.28M | Scene, ViewLayer | Updating Background
Fra:1 Mem:26.77M (Peak 33.98M) | Time:00:00.07 | Mem:0.28M, Peak:0.28M | Scene, ViewLayer | Updating Camera
Fra:1 Mem:26.77M (Peak 33.98M) | Time:00:00.07 | Mem:0.28M, Peak:0.28M | Scene, ViewLayer | Updating Meshes Flags
Fra:1 Mem:26.77M (Peak 33.98M) | Time:00:00.07 | Mem:0.28M, Peak:0.28M | Scene, ViewLayer | Updating Objects
Fra:1 Mem:26.77M (Peak 33.98M) | Time:00:00.07 | Mem:0.28M, Peak:0.28M | Scene, ViewLayer | Updating Objects | Copying Transformations to device
Fra:1 Mem:26.77M (Peak 33.98M) | Time:00:00.07 | Mem:0.33M, Peak:0.33M | Scene, ViewLayer | Updating Particle Systems
Fra:1 Mem:26.77M (Peak 33.98M) | Time:00:00.07 | Mem:0.33M, Peak:0.33M | Scene, ViewLayer | Updating Particle Systems | Copying Particles to device
Fra:1 Mem:26.77M (Peak 33.98M) | Time:00:00.07 | Mem:0.33M, Peak:0.33M | Scene, ViewLayer | Updating Meshes
Fra:1 Mem:27.79M (Peak 33.98M) | Time:00:00.08 | Mem:0.33M, Peak:0.33M | Scene, ViewLayer | Updating Objects | Applying Static Transformations
Fra:1 Mem:27.79M (Peak 33.98M) | Time:00:00.08 | Mem:0.33M, Peak:0.33M | Scene, ViewLayer | Updating Mesh | Computing attributes
Fra:1 Mem:29.22M (Peak 33.98M) | Time:00:00.08 | Mem:0.36M, Peak:0.36M | Scene, ViewLayer | Updating Mesh | Copying Attributes to device
Fra:1 Mem:27.79M (Peak 33.98M) | Time:00:00.20 | Mem:1.81M, Peak:1.81M | Scene, ViewLayer | Updating Geometry BVH ribcage 2/138 | Building BVH
Fra:1 Mem:27.79M (Peak 33.98M) | Time:00:00.20 | Mem:1.81M, Peak:1.81M | Scene, ViewLayer | Updating Geometry BVH Paw toe.002 7/149 | Building BVH
Fra:1 Mem:27.79M (Peak 33.98M) | Time:00:00.20 | Mem:1.81M, Peak:1.81M | Scene, ViewLayer | Updating Geometry BVH Ivory claw.002 8/149 | Building BVH
Fra:1 Mem:27.79M (Peak 33.98M) | Time:00:00.20 | Mem:1.81M, Peak:1.81M | Scene, ViewLayer | Updating Geometry BVH Ivory claw.002 8/149 | Building mesh BLAS |      32 tris | Ivory claw.002
Fra:1 Mem:27.79M (Peak 33.98M) | Time:00:00.20 | Mem:1.81M, Peak:1.81M | Scene, ViewLayer | Updating Geometry BVH Ivory claw.002 8/149 | Building mesh BLAS |     192 tris | Paw toe.001
Fra:1 Mem:27.79M (Peak 33.98M) | Time:00:00.20 | Mem:1.81M, Peak:1.81M | Scene, ViewLayer | Updating Geometry BVH Ivory claw.002 8/149 | Building mesh BLAS |    4170 tris | ribcage
Fra:1 Mem:27.79M (Peak 33.98M) | Time:00:00.20 | Mem:1.81M, Peak:1.81M | Scene, ViewLayer | Updating Geometry BVH Ivory claw.002 8/149 | Building mesh BLAS |      32 tris | Ivory claw.001
Fra:1 Mem:27.79M (Peak 33.98M) | Time:00:00.20 | Mem:1.81M, Peak:1.81M | Scene, ViewLayer | Updating Geometry BVH Paw toe.003 9/149 | Building BVH
Fra:1 Mem:27.79M (Peak 33.98M) | Time:00:00.20 | Mem:1.81M, Peak:1.81M | Scene, ViewLayer | Updating Geometry BVH Ivory claw.003 10/149 | Building BVH
Fra:1 Mem:27.79M (Peak 33.98M) | Time:00:00.20 | Mem:1.81M, Peak:1.81M | Scene, ViewLayer | Updating Geometry BVH Paw toe.004 11/149 | Building BVH
Fra:1 Mem:27.79M (Peak 33.98M) | Time:00:00.20 | Mem:1.81M, Peak:1.81M | Scene, ViewLayer | Updating Geometry BVH Paw toe.004 11/149 | Building mesh BLAS |     192 tris | Paw toe.004
Fra:1 Mem:27.79M (Peak 33.98M) | Time:00:00.20 | Mem:1.81M, Peak:1.81M | Scene, ViewLayer | Updating Geometry BVH Ivory claw.004 12/149 | Building BVH
Fra:1 Mem:27.79M (Peak 33.98M) | Time:00:00.20 | Mem:1.81M, Peak:1.81M | Scene, ViewLayer | Updating Geometry BVH Ivory claw.004 12/149 | Building mesh BLAS |      32 tris | Ivory claw.004
Fra:1 Mem:27.79M (Peak 33.98M) | Time:00:00.20 | Mem:1.81M, Peak:1.81M | Scene, ViewLayer | Updating Geometry BVH Ivory claw.004 12/149 | Building mesh BLAS |      32 tris | Ivory claw
Fra:1 Mem:27.79M (Peak 33.98M) | Time:00:00.20 | Mem:1.81M, Peak:1.81M | Scene, ViewLayer | Updating Geometry BVH Ivory claw.004 12/149 | Building mesh BLAS |     192 tris | Paw toe.003
Fra:1 Mem:27.79M (Peak 33.98M) | Time:00:00.20 | Mem:1.81M, Peak:1.81M | Scene, ViewLayer | Updating Geometry BVH Sky fill 148/149 | Building BVH
Fra:1 Mem:27.79M (Peak 33.98M) | Time:00:00.20 | Mem:1.81M, Peak:1.81M | Scene, ViewLayer | Updating Geometry BVH Sunset key 147/149 | Building BVH
Fra:1 Mem:27.79M (Peak 33.98M) | Time:00:00.20 | Mem:1.81M, Peak:1.81M | Scene, ViewLayer | Updating Geometry BVH Plane 146/149 | Building BVH
Fra:1 Mem:27.79M (Peak 33.98M) | Time:00:00.20 | Mem:1.81M, Peak:1.81M | Scene, ViewLayer | Updating Geometry BVH Paw toe.005 13/149 | Building BVH
Fra:1 Mem:27.79M (Peak 33.98M) | Time:00:00.20 | Mem:1.81M, Peak:1.81M | Scene, ViewLayer | Updating Geometry BVH Paw toe.005 13/149 | Building mesh BLAS |     192 tris | Paw toe.005
Fra:1 Mem:27.79M (Peak 33.98M) | Time:00:00.20 | Mem:1.81M, Peak:1.81M | Scene, ViewLayer | Updating Geometry BVH Paw toe.006 15/149 | Building BVH
Fra:1 Mem:27.79M (Peak 33.98M) | Time:00:00.21 | Mem:1.81M, Peak:1.81M | Scene, ViewLayer | Updating Geometry BVH Paw toe.006 15/149 | Building mesh BLAS |     192 tris | Paw toe.006
Fra:1 Mem:27.79M (Peak 33.98M) | Time:00:00.21 | Mem:1.81M, Peak:1.81M | Scene, ViewLayer | Updating Geometry BVH Paw toe.006 15/149 | Building mesh BLAS |      32 tris | Ivory claw.005
Fra:1 Mem:27.79M (Peak 33.98M) | Time:00:00.21 | Mem:1.81M, Peak:1.81M | Scene, ViewLayer | Updating Geometry BVH Ivory claw.006 16/149 | Building BVH
Fra:1 Mem:27.79M (Peak 33.98M) | Time:00:00.21 | Mem:1.81M, Peak:1.81M | Scene, ViewLayer | Updating Geometry BVH Paw toe.007 17/149 | Building mesh BLAS |      32 tris | Ivory claw.006
Fra:1 Mem:27.79M (Peak 33.98M) | Time:00:00.21 | Mem:1.81M, Peak:1.81M | Scene, ViewLayer | Updating Geometry BVH Ivory claw.007 18/149 | Building BVH
Fra:1 Mem:27.79M (Peak 33.98M) | Time:00:00.21 | Mem:1.81M, Peak:1.81M | Scene, ViewLayer | Updating Geometry BVH Ivory claw.007 18/149 | Building mesh BLAS |      32 tris | Ivory claw.007
Fra:1 Mem:27.79M (Peak 33.98M) | Time:00:00.21 | Mem:1.81M, Peak:1.81M | Scene, ViewLayer | Updating Geometry BVH Paw toe.008 19/149 | Building BVH
Fra:1 Mem:27.79M (Peak 33.98M) | Time:00:00.21 | Mem:1.81M, Peak:1.81M | Scene, ViewLayer | Updating Geometry BVH Paw toe.008 19/149 | Building mesh BLAS |     192 tris | Paw toe.007
Fra:1 Mem:27.79M (Peak 33.98M) | Time:00:00.21 | Mem:1.81M, Peak:1.81M | Scene, ViewLayer | Updating Geometry BVH Paw toe.008 19/149 | Building mesh BLAS |     192 tris | Paw toe.008
Fra:1 Mem:27.79M (Peak 33.98M) | Time:00:00.21 | Mem:1.81M, Peak:1.81M | Scene, ViewLayer | Updating Geometry BVH Ivory claw.008 20/149 | Building BVH
Fra:1 Mem:27.79M (Peak 33.98M) | Time:00:00.21 | Mem:1.81M, Peak:1.81M | Scene, ViewLayer | Updating Geometry BVH Raised elemental crest 145/149 | Building BVH
Fra:1 Mem:27.79M (Peak 33.98M) | Time:00:00.21 | Mem:1.81M, Peak:1.81M | Scene, ViewLayer | Updating Geometry BVH Raised elemental crest 145/149 | Building mesh BLAS |      32 tris | Ivory claw.008
Fra:1 Mem:27.79M (Peak 33.98M) | Time:00:00.21 | Mem:1.81M, Peak:1.81M | Scene, ViewLayer | Updating Geometry BVH Raised elemental crest 145/149 | Building mesh BLAS |      36 tris | Raised elemental crest
Fra:1 Mem:27.79M (Peak 33.98M) | Time:00:00.21 | Mem:1.81M, Peak:1.81M | Scene, ViewLayer | Updating Geometry BVH Paw toe.009 21/149 | Building BVH
Fra:1 Mem:27.79M (Peak 33.98M) | Time:00:00.21 | Mem:1.81M, Peak:1.81M | Scene, ViewLayer | Updating Geometry BVH Paw toe.009 21/149 | Building mesh BLAS |     192 tris | Paw toe.009
Fra:1 Mem:27.79M (Peak 33.98M) | Time:00:00.21 | Mem:1.81M, Peak:1.81M | Scene, ViewLayer | Updating Geometry BVH Ivory claw.009 22/149 | Building BVH
Fra:1 Mem:27.79M (Peak 33.98M) | Time:00:00.21 | Mem:1.81M, Peak:1.81M | Scene, ViewLayer | Updating Geometry BVH Ivory claw.009 22/149 | Building mesh BLAS |      32 tris | Ivory claw.009
Fra:1 Mem:27.79M (Peak 33.98M) | Time:00:00.21 | Mem:1.81M, Peak:1.81M | Scene, ViewLayer | Updating Geometry BVH Paw toe.010 23/149 | Building BVH
Fra:1 Mem:27.79M (Peak 33.98M) | Time:00:00.21 | Mem:1.81M, Peak:1.81M | Scene, ViewLayer | Updating Geometry BVH Paw toe.010 23/149 | Building mesh BLAS |     192 tris | Paw toe.010
Fra:1 Mem:27.79M (Peak 33.98M) | Time:00:00.21 | Mem:1.81M, Peak:1.81M | Scene, ViewLayer | Updating Geometry BVH Ivory claw.010 24/149 | Building BVH
Fra:1 Mem:27.79M (Peak 33.98M) | Time:00:00.21 | Mem:1.81M, Peak:1.81M | Scene, ViewLayer | Updating Geometry BVH Ivory claw.010 24/149 | Building mesh BLAS |      32 tris | Ivory claw.010
Fra:1 Mem:27.79M (Peak 33.98M) | Time:00:00.21 | Mem:1.81M, Peak:1.81M | Scene, ViewLayer | Updating Geometry BVH Paw toe.011 25/149 | Building BVH
Fra:1 Mem:27.79M (Peak 33.98M) | Time:00:00.21 | Mem:1.81M, Peak:1.81M | Scene, ViewLayer | Updating Geometry BVH Paw toe.011 25/149 | Building mesh BLAS |     192 tris | Paw toe.011
Fra:1 Mem:27.79M (Peak 33.98M) | Time:00:00.21 | Mem:1.81M, Peak:1.81M | Scene, ViewLayer | Updating Geometry BVH Ivory claw.011 26/149 | Building BVH
Fra:1 Mem:27.79M (Peak 33.98M) | Time:00:00.21 | Mem:1.81M, Peak:1.81M | Scene, ViewLayer | Updating Geometry BVH Ivory claw.011 26/149 | Building mesh BLAS |      32 tris | Ivory claw.011
Fra:1 Mem:27.79M (Peak 33.98M) | Time:00:00.21 | Mem:1.81M, Peak:1.81M | Scene, ViewLayer | Updating Geometry BVH Brass crest clasp 144/149 | Building BVH
Fra:1 Mem:27.79M (Peak 33.98M) | Time:00:00.21 | Mem:1.81M, Peak:1.81M | Scene, ViewLayer | Updating Geometry BVH Brass crest clasp 144/149 | Building mesh BLAS |     320 tris | Brass crest clasp
Fra:1 Mem:27.79M (Peak 33.98M) | Time:00:00.21 | Mem:1.81M, Peak:1.81M | Scene, ViewLayer | Updating Geometry BVH Skull 27/149 | Building BVH
Fra:1 Mem:27.79M (Peak 33.98M) | Time:00:00.21 | Mem:1.81M, Peak:1.81M | Scene, ViewLayer | Updating Geometry BVH Cream muzzle pad 28/149 | Building BVH
Fra:1 Mem:27.79M (Peak 33.98M) | Time:00:00.21 | Mem:1.81M, Peak:1.81M | Scene, ViewLayer | Updating Geometry BVH Cream muzzle pad 28/149 | Building mesh BLAS |    2832 tris | Skull
Fra:1 Mem:27.79M (Peak 33.98M) | Time:00:00.21 | Mem:1.81M, Peak:1.81M | Scene, ViewLayer | Updating Geometry BVH Cream muzzle pad 28/149 | Building mesh BLAS |     480 tris | Cream muzzle pad
Fra:1 Mem:27.79M (Peak 33.98M) | Time:00:00.21 | Mem:1.81M, Peak:1.81M | Scene, ViewLayer | Updating Geometry BVH Cream muzzle pad.001 29/149 | Building BVH
Fra:1 Mem:27.79M (Peak 33.98M) | Time:00:00.21 | Mem:1.81M, Peak:1.81M | Scene, ViewLayer | Updating Geometry BVH Cream muzzle pad.001 29/149 | Building mesh BLAS |     480 tris | Cream muzzle pad.001
Fra:1 Mem:27.79M (Peak 33.98M) | Time:00:00.21 | Mem:1.81M, Peak:1.81M | Scene, ViewLayer | Updating Geometry BVH Heart shaped nose 30/149 | Building BVH
Fra:1 Mem:27.79M (Peak 33.98M) | Time:00:00.21 | Mem:1.81M, Peak:1.81M | Scene, ViewLayer | Updating Geometry BVH Neckerchief folded point 143/149 | Building BVH
Fra:1 Mem:27.79M (Peak 33.98M) | Time:00:00.21 | Mem:1.81M, Peak:1.81M | Scene, ViewLayer | Updating Geometry BVH Neckerchief folded point 143/149 | Building mesh BLAS |       6 tris | Heart shaped nose
Fra:1 Mem:27.79M (Peak 33.98M) | Time:00:00.21 | Mem:1.81M, Peak:1.81M | Scene, ViewLayer | Updating Geometry BVH Eye socket 31/149 | Building BVH
Fra:1 Mem:27.79M (Peak 33.98M) | Time:00:00.21 | Mem:1.81M, Peak:1.81M | Scene, ViewLayer | Updating Geometry BVH Ivory eye 32/149 | Building BVH
Fra:1 Mem:27.79M (Peak 33.98M) | Time:00:00.21 | Mem:1.81M, Peak:1.81M | Scene, ViewLayer | Updating Geometry BVH Ivory eye 32/149 | Building mesh BLAS |     480 tris | Eye socket
Fra:1 Mem:27.79M (Peak 33.98M) | Time:00:00.21 | Mem:1.81M, Peak:1.81M | Scene, ViewLayer | Updating Geometry BVH Iris 33/149 | Building BVH
Fra:1 Mem:27.79M (Peak 33.98M) | Time:00:00.21 | Mem:1.81M, Peak:1.81M | Scene, ViewLayer | Updating Geometry BVH Iris 33/149 | Building mesh BLAS |     480 tris | Iris
Fra:1 Mem:27.79M (Peak 33.98M) | Time:00:00.21 | Mem:1.81M, Peak:1.81M | Scene, ViewLayer | Updating Geometry BVH Pupil 34/149 | Building BVH
Fra:1 Mem:27.79M (Peak 33.98M) | Time:00:00.21 | Mem:1.81M, Peak:1.81M | Scene, ViewLayer | Updating Geometry BVH Pupil 34/149 | Building mesh BLAS |     320 tris | Pupil
Fra:1 Mem:27.79M (Peak 33.98M) | Time:00:00.21 | Mem:1.81M, Peak:1.81M | Scene, ViewLayer | Updating Geometry BVH Eye glint 35/149 | Building BVH
Fra:1 Mem:27.79M (Peak 33.98M) | Time:00:00.21 | Mem:1.81M, Peak:1.81M | Scene, ViewLayer | Updating Geometry BVH Eye glint 35/149 | Building mesh BLAS |     192 tris | Eye glint
Fra:1 Mem:27.79M (Peak 33.98M) | Time:00:00.21 | Mem:1.81M, Peak:1.81M | Scene, ViewLayer | Updating Geometry BVH Smiling mouth 37/149 | Building BVH
Fra:1 Mem:27.79M (Peak 33.98M) | Time:00:00.21 | Mem:1.81M, Peak:1.81M | Scene, ViewLayer | Updating Geometry BVH Smiling mouth 37/149 | Building mesh BLAS |      32 tris | Smiling mouth
Fra:1 Mem:27.79M (Peak 33.98M) | Time:00:00.21 | Mem:1.81M, Peak:1.81M | Scene, ViewLayer | Updating Geometry BVH Smiling mouth 37/149 | Building mesh BLAS |      44 tris | Expressive brow
Fra:1 Mem:27.79M (Peak 33.98M) | Time:00:00.21 | Mem:1.81M, Peak:1.81M | Scene, ViewLayer | Updating Geometry BVH Leather neckerchief roll 142/149 | Building BVH
Fra:1 Mem:27.79M (Peak 33.98M) | Time:00:00.21 | Mem:1.81M, Peak:1.81M | Scene, ViewLayer | Updating Geometry BVH Leather neckerchief roll 142/149 | Building mesh BLAS |      76 tris | Leather neckerchief roll
Fra:1 Mem:27.79M (Peak 33.98M) | Time:00:00.21 | Mem:1.81M, Peak:1.81M | Scene, ViewLayer | Updating Geometry BVH Whisker pore 38/149 | Building BVH
Fra:1 Mem:27.79M (Peak 33.98M) | Time:00:00.21 | Mem:1.81M, Peak:1.81M | Scene, ViewLayer | Updating Geometry BVH Whisker pore 38/149 | Building mesh BLAS |      64 tris | Whisker pore
Fra:1 Mem:27.79M (Peak 33.98M) | Time:00:00.21 | Mem:1.81M, Peak:1.81M | Scene, ViewLayer | Updating Geometry BVH Whisker pore.001 39/149 | Building BVH
Fra:1 Mem:27.79M (Peak 33.98M) | Time:00:00.21 | Mem:1.81M, Peak:1.81M | Scene, ViewLayer | Updating Geometry BVH Whisker pore.001 39/149 | Building mesh BLAS |      64 tris | Whisker pore.001
Fra:1 Mem:27.79M (Peak 33.98M) | Time:00:00.21 | Mem:1.81M, Peak:1.81M | Scene, ViewLayer | Updating Geometry BVH Whisker pore.002 40/149 | Building BVH
Fra:1 Mem:27.79M (Peak 33.98M) | Time:00:00.21 | Mem:1.81M, Peak:1.81M | Scene, ViewLayer | Updating Geometry BVH Eye socket.001 41/149 | Building BVH
Fra:1 Mem:27.79M (Peak 33.98M) | Time:00:00.21 | Mem:1.81M, Peak:1.81M | Scene, ViewLayer | Updating Geometry BVH Ivory eye.001 42/149 | Building mesh BLAS |     480 tris | Eye socket.001
Fra:1 Mem:27.79M (Peak 33.98M) | Time:00:00.21 | Mem:1.81M, Peak:1.81M | Scene, ViewLayer | Updating Geometry BVH Iris.001 43/149 | Building BVH
Fra:1 Mem:27.79M (Peak 33.98M) | Time:00:00.21 | Mem:1.81M, Peak:1.81M | Scene, ViewLayer | Updating Geometry BVH Pupil.001 44/149 | Building BVH
Fra:1 Mem:27.79M (Peak 33.98M) | Time:00:00.21 | Mem:1.81M, Peak:1.81M | Scene, ViewLayer | Updating Geometry BVH Pupil.001 44/149 | Building mesh BLAS |     480 tris | Iris.001
Fra:1 Mem:27.79M (Peak 33.98M) | Time:00:00.21 | Mem:1.81M, Peak:1.81M | Scene, ViewLayer | Updating Geometry BVH Pupil.001 44/149 | Building mesh BLAS |     320 tris | Pupil.001
Fra:1 Mem:27.79M (Peak 33.98M) | Time:00:00.21 | Mem:1.81M, Peak:1.81M | Scene, ViewLayer | Updating Geometry BVH Eye glint.001 45/149 | Building BVH
Fra:1 Mem:27.79M (Peak 33.98M) | Time:00:00.21 | Mem:1.81M, Peak:1.81M | Scene, ViewLayer | Updating Geometry BVH Expressive brow.001 46/149 | Building mesh BLAS |     192 tris | Eye glint.001
Fra:1 Mem:27.79M (Peak 33.98M) | Time:00:00.21 | Mem:1.81M, Peak:1.81M | Scene, ViewLayer | Updating Geometry BVH Flame tail tuft.006 141/149 | Building BVH
Fra:1 Mem:27.79M (Peak 33.98M) | Time:00:00.21 | Mem:1.81M, Peak:1.81M | Scene, ViewLayer | Updating Geometry BVH Flame tail tuft.006 141/149 | Building mesh BLAS |      44 tris | Flame tail tuft.006
Fra:1 Mem:27.79M (Peak 33.98M) | Time:00:00.21 | Mem:1.81M, Peak:1.81M | Scene, ViewLayer | Updating Geometry BVH Flame tail tuft.006 141/149 | Building mesh BLAS |     480 tris | Ivory eye.001
Fra:1 Mem:27.79M (Peak 33.98M) | Time:00:00.21 | Mem:1.81M, Peak:1.81M | Scene, ViewLayer | Updating Geometry BVH Smiling mouth.001 47/149 | Building BVH
Fra:1 Mem:27.79M (Peak 33.98M) | Time:00:00.21 | Mem:1.81M, Peak:1.81M | Scene, ViewLayer | Updating Geometry BVH Smiling mouth.001 47/149 | Building mesh BLAS |      32 tris | Smiling mouth.001
Fra:1 Mem:27.79M (Peak 33.98M) | Time:00:00.21 | Mem:1.81M, Peak:1.81M | Scene, ViewLayer | Updating Geometry BVH Whisker pore.003 48/149 | Building BVH
Fra:1 Mem:27.79M (Peak 33.98M) | Time:00:00.21 | Mem:1.81M, Peak:1.81M | Scene, ViewLayer | Updating Geometry BVH Whisker pore.003 48/149 | Building mesh BLAS |      64 tris | Whisker pore.003
Fra:1 Mem:27.79M (Peak 33.98M) | Time:00:00.21 | Mem:1.81M, Peak:1.81M | Scene, ViewLayer | Updating Geometry BVH Whisker pore.004 49/149 | Building BVH
Fra:1 Mem:27.79M (Peak 33.98M) | Time:00:00.21 | Mem:1.81M, Peak:1.81M | Scene, ViewLayer | Updating Geometry BVH Whisker pore.004 49/149 | Building mesh BLAS |      64 tris | Whisker pore.004
Fra:1 Mem:27.79M (Peak 33.98M) | Time:00:00.21 | Mem:1.81M, Peak:1.81M | Scene, ViewLayer | Updating Geometry BVH Whisker pore.005 50/149 | Building BVH
Fra:1 Mem:27.79M (Peak 33.98M) | Time:00:00.21 | Mem:1.81M, Peak:1.81M | Scene, ViewLayer | Updating Geometry BVH Flame tail tuft.005 140/149 | Building BVH
Fra:1 Mem:27.79M (Peak 33.98M) | Time:00:00.21 | Mem:1.81M, Peak:1.81M | Scene, ViewLayer | Updating Geometry BVH Lower jaw 51/149 | Building BVH
Fra:1 Mem:27.79M (Peak 33.98M) | Time:00:00.21 | Mem:1.81M, Peak:1.81M | Scene, ViewLayer | Updating Geometry BVH Lower jaw 51/149 | Building mesh BLAS |      44 tris | Flame tail tuft.005
Fra:1 Mem:27.79M (Peak 33.98M) | Time:00:00.21 | Mem:1.81M, Peak:1.81M | Scene, ViewLayer | Updating Geometry BVH Mouth cavity 52/149 | Building mesh BLAS |     400 tris | Lower jaw
Fra:1 Mem:27.79M (Peak 33.98M) | Time:00:00.21 | Mem:1.81M, Peak:1.81M | Scene, ViewLayer | Updating Geometry BVH Mouth cavity 52/149 | Building mesh BLAS |     360 tris | Mouth cavity
Fra:1 Mem:27.79M (Peak 33.98M) | Time:00:00.21 | Mem:1.81M, Peak:1.81M | Scene, ViewLayer | Updating Geometry BVH Lower canine 53/149 | Building BVH
Fra:1 Mem:27.79M (Peak 33.98M) | Time:00:00.21 | Mem:1.81M, Peak:1.81M | Scene, ViewLayer | Updating Geometry BVH Lower canine 53/149 | Building mesh BLAS |      38 tris | Lower canine
Fra:1 Mem:27.79M (Peak 33.98M) | Time:00:00.21 | Mem:1.81M, Peak:1.81M | Scene, ViewLayer | Updating Geometry BVH Lower canine.001 54/149 | Building BVH
Fra:1 Mem:27.79M (Peak 33.98M) | Time:00:00.21 | Mem:1.81M, Peak:1.81M | Scene, ViewLayer | Updating Geometry BVH Rounded lion ear 55/149 | Building BVH
Fra:1 Mem:27.79M (Peak 33.98M) | Time:00:00.21 | Mem:1.81M, Peak:1.81M | Scene, ViewLayer | Updating Geometry BVH Inner lion ear 56/149 | Building BVH
Fra:1 Mem:27.79M (Peak 33.98M) | Time:00:00.21 | Mem:1.81M, Peak:1.81M | Scene, ViewLayer | Updating Geometry BVH Inner lion ear 56/149 | Building mesh BLAS |     432 tris | Rounded lion ear
Fra:1 Mem:27.79M (Peak 33.98M) | Time:00:00.21 | Mem:1.81M, Peak:1.81M | Scene, ViewLayer | Updating Geometry BVH Inner lion ear 56/149 | Building mesh BLAS |     320 tris | Inner lion ear
Fra:1 Mem:27.79M (Peak 33.98M) | Time:00:00.21 | Mem:1.81M, Peak:1.81M | Scene, ViewLayer | Updating Geometry BVH Rounded lion ear.001 57/149 | Building BVH
Fra:1 Mem:27.79M (Peak 33.98M) | Time:00:00.21 | Mem:1.81M, Peak:1.81M | Scene, ViewLayer | Updating Geometry BVH Rounded lion ear.001 57/149 | Building mesh BLAS |     432 tris | Rounded lion ear.001
Fra:1 Mem:27.79M (Peak 33.98M) | Time:00:00.21 | Mem:1.81M, Peak:1.81M | Scene, ViewLayer | Updating Geometry BVH Inner lion ear.001 58/149 | Building BVH
Fra:1 Mem:27.80M (Peak 33.98M) | Time:00:00.21 | Mem:1.81M, Peak:1.81M | Scene, ViewLayer | Updating Geometry BVH Flame tail tuft.004 139/149 | Building BVH
Fra:1 Mem:27.80M (Peak 33.98M) | Time:00:00.21 | Mem:1.81M, Peak:1.81M | Scene, ViewLayer | Updating Geometry BVH Flame tail tuft.004 139/149 | Building mesh BLAS |      44 tris | Flame tail tuft.004
Fra:1 Mem:27.80M (Peak 33.98M) | Time:00:00.21 | Mem:1.81M, Peak:1.81M | Scene, ViewLayer | Updating Geometry BVH Sculpted mane lock 59/149 | Building BVH
Fra:1 Mem:27.80M (Peak 33.98M) | Time:00:00.21 | Mem:1.81M, Peak:1.81M | Scene, ViewLayer | Updating Geometry BVH Sculpted mane lock 59/149 | Building mesh BLAS |      60 tris | Sculpted mane lock
Fra:1 Mem:27.80M (Peak 33.98M) | Time:00:00.21 | Mem:1.81M, Peak:1.81M | Scene, ViewLayer | Updating Geometry BVH Sculpted mane lock.001 60/149 | Building BVH
Fra:1 Mem:27.80M (Peak 33.98M) | Time:00:00.21 | Mem:1.81M, Peak:1.81M | Scene, ViewLayer | Updating Geometry BVH Sculpted mane lock.002 61/149 | Building BVH
Fra:1 Mem:27.80M (Peak 33.98M) | Time:00:00.21 | Mem:1.81M, Peak:1.81M | Scene, ViewLayer | Updating Geometry BVH Sculpted mane lock.002 61/149 | Building mesh BLAS |      60 tris | Sculpted mane lock.001
Fra:1 Mem:27.80M (Peak 33.98M) | Time:00:00.21 | Mem:1.81M, Peak:1.81M | Scene, ViewLayer | Updating Geometry BVH Sculpted mane lock.003 62/149 | Building BVH
Fra:1 Mem:27.80M (Peak 33.98M) | Time:00:00.21 | Mem:1.81M, Peak:1.81M | Scene, ViewLayer | Updating Geometry BVH Sculpted mane lock.003 62/149 | Building mesh BLAS |      60 tris | Sculpted mane lock.003
Fra:1 Mem:27.80M (Peak 33.98M) | Time:00:00.21 | Mem:1.81M, Peak:1.81M | Scene, ViewLayer | Updating Geometry BVH Sculpted mane lock.004 63/149 | Building BVH
Fra:1 Mem:27.80M (Peak 33.98M) | Time:00:00.21 | Mem:1.81M, Peak:1.81M | Scene, ViewLayer | Updating Geometry BVH Sculpted mane lock.004 63/149 | Building mesh BLAS |      60 tris | Sculpted mane lock.004
Fra:1 Mem:27.80M (Peak 33.98M) | Time:00:00.21 | Mem:1.81M, Peak:1.81M | Scene, ViewLayer | Updating Geometry BVH Flame tail tuft.003 138/149 | Building BVH
Fra:1 Mem:27.80M (Peak 33.98M) | Time:00:00.21 | Mem:1.81M, Peak:1.81M | Scene, ViewLayer | Updating Geometry BVH Flame tail tuft.003 138/149 | Building mesh BLAS |      44 tris | Flame tail tuft.003
Fra:1 Mem:27.80M (Peak 33.98M) | Time:00:00.21 | Mem:1.81M, Peak:1.81M | Scene, ViewLayer | Updating Geometry BVH Sculpted mane lock.005 64/149 | Building BVH
Fra:1 Mem:27.80M (Peak 33.98M) | Time:00:00.21 | Mem:1.81M, Peak:1.81M | Scene, ViewLayer | Updating Geometry BVH Sculpted mane lock.005 64/149 | Building mesh BLAS |      60 tris | Sculpted mane lock.005
Fra:1 Mem:27.80M (Peak 33.98M) | Time:00:00.21 | Mem:1.81M, Peak:1.81M | Scene, ViewLayer | Updating Geometry BVH Sculpted mane lock.006 65/149 | Building BVH
Fra:1 Mem:27.80M (Peak 33.98M) | Time:00:00.21 | Mem:1.81M, Peak:1.81M | Scene, ViewLayer | Updating Geometry BVH Sculpted mane lock.007 66/149 | Building BVH
Fra:1 Mem:27.80M (Peak 33.98M) | Time:00:00.21 | Mem:1.81M, Peak:1.81M | Scene, ViewLayer | Updating Geometry BVH Sculpted mane lock.007 66/149 | Building mesh BLAS |      60 tris | Sculpted mane lock.007
Fra:1 Mem:27.80M (Peak 33.98M) | Time:00:00.21 | Mem:1.81M, Peak:1.81M | Scene, ViewLayer | Updating Geometry BVH Sculpted mane lock.009 68/149 | Building BVH
Fra:1 Mem:27.80M (Peak 33.98M) | Time:00:00.21 | Mem:1.81M, Peak:1.81M | Scene, ViewLayer | Updating Geometry BVH Sculpted mane lock.010 69/149 | Building BVH
Fra:1 Mem:27.80M (Peak 33.98M) | Time:00:00.21 | Mem:1.81M, Peak:1.81M | Scene, ViewLayer | Updating Geometry BVH Sculpted mane lock.011 70/149 | Building mesh BLAS |      60 tris | Sculpted mane lock.009
Fra:1 Mem:27.80M (Peak 33.98M) | Time:00:00.21 | Mem:1.81M, Peak:1.81M | Scene, ViewLayer | Updating Geometry BVH Flame tail tuft.002 137/149 | Building BVH
Fra:1 Mem:27.80M (Peak 33.98M) | Time:00:00.21 | Mem:1.82M, Peak:1.82M | Scene, ViewLayer | Updating Geometry BVH Sculpted mane lock.012 71/149 | Building BVH
Fra:1 Mem:27.80M (Peak 33.98M) | Time:00:00.21 | Mem:1.82M, Peak:1.82M | Scene, ViewLayer | Updating Geometry BVH Sculpted mane lock.012 71/149 | Building mesh BLAS |      44 tris | Flame tail tuft.002
Fra:1 Mem:27.80M (Peak 33.98M) | Time:00:00.21 | Mem:1.82M, Peak:1.82M | Scene, ViewLayer | Updating Geometry BVH Sculpted mane lock.012 71/149 | Building mesh BLAS |      60 tris | Sculpted mane lock.008
Fra:1 Mem:27.80M (Peak 33.98M) | Time:00:00.21 | Mem:1.82M, Peak:1.82M | Scene, ViewLayer | Updating Geometry BVH Sculpted mane lock.012 71/149 | Building mesh BLAS |      60 tris | Sculpted mane lock.012
Fra:1 Mem:27.80M (Peak 33.98M) | Time:00:00.21 | Mem:1.82M, Peak:1.82M | Scene, ViewLayer | Updating Geometry BVH Sculpted mane lock.012 71/149 | Building mesh BLAS |      60 tris | Sculpted mane lock.011
Fra:1 Mem:27.80M (Peak 33.98M) | Time:00:00.21 | Mem:1.82M, Peak:1.82M | Scene, ViewLayer | Updating Geometry BVH Sculpted mane lock.013 72/149 | Building BVH
Fra:1 Mem:27.80M (Peak 33.98M) | Time:00:00.21 | Mem:1.82M, Peak:1.82M | Scene, ViewLayer | Updating Geometry BVH Sculpted mane lock.013 72/149 | Building mesh BLAS |      60 tris | Sculpted mane lock.013
Fra:1 Mem:27.80M (Peak 33.98M) | Time:00:00.21 | Mem:1.82M, Peak:1.82M | Scene, ViewLayer | Updating Geometry BVH Sculpted mane lock.014 73/149 | Building BVH
Fra:1 Mem:27.80M (Peak 33.98M) | Time:00:00.21 | Mem:1.82M, Peak:1.82M | Scene, ViewLayer | Updating Geometry BVH Sculpted mane lock.014 73/149 | Building mesh BLAS |      60 tris | Sculpted mane lock.014
Fra:1 Mem:27.80M (Peak 33.98M) | Time:00:00.21 | Mem:1.82M, Peak:1.82M | Scene, ViewLayer | Updating Geometry BVH Flame tail tuft.001 136/149 | Building BVH
Fra:1 Mem:27.80M (Peak 33.98M) | Time:00:00.21 | Mem:1.82M, Peak:1.82M | Scene, ViewLayer | Updating Geometry BVH Sculpted mane lock.017 76/149 | Building BVH
Fra:1 Mem:27.80M (Peak 33.98M) | Time:00:00.21 | Mem:1.82M, Peak:1.82M | Scene, ViewLayer | Updating Geometry BVH Sculpted mane lock.017 76/149 | Building mesh BLAS |      44 tris | Flame tail tuft.001
Fra:1 Mem:27.80M (Peak 33.98M) | Time:00:00.21 | Mem:1.82M, Peak:1.82M | Scene, ViewLayer | Updating Geometry BVH Sculpted mane lock.017 76/149 | Building mesh BLAS |      60 tris | Sculpted mane lock.015
Fra:1 Mem:27.80M (Peak 33.98M) | Time:00:00.21 | Mem:1.82M, Peak:1.82M | Scene, ViewLayer | Updating Geometry BVH Sculpted mane lock.018 77/149 | Building mesh BLAS |      60 tris | Sculpted mane lock.017
Fra:1 Mem:27.80M (Peak 33.98M) | Time:00:00.21 | Mem:1.82M, Peak:1.82M | Scene, ViewLayer | Updating Geometry BVH Sculpted mane lock.018 77/149 | Building mesh BLAS |      60 tris | Sculpted mane lock.016
Fra:1 Mem:27.80M (Peak 33.98M) | Time:00:00.21 | Mem:1.82M, Peak:1.82M | Scene, ViewLayer | Updating Geometry BVH Sculpted mane lock.018 77/149 | Building mesh BLAS |      60 tris | Sculpted mane lock.018
Fra:1 Mem:27.80M (Peak 33.98M) | Time:00:00.21 | Mem:1.82M, Peak:1.82M | Scene, ViewLayer | Updating Geometry BVH Sculpted mane lock.019 78/149 | Building BVH
Fra:1 Mem:27.80M (Peak 33.98M) | Time:00:00.21 | Mem:2.03M, Peak:2.03M | Scene, ViewLayer | Updating Geometry BVH Sculpted mane lock.019 78/149 | Building mesh BLAS |      60 tris | Sculpted mane lock.019
Fra:1 Mem:27.80M (Peak 33.98M) | Time:00:00.21 | Mem:2.03M, Peak:2.03M | Scene, ViewLayer | Updating Geometry BVH Sculpted mane lock.020 79/149 | Building BVH
Fra:1 Mem:27.80M (Peak 33.98M) | Time:00:00.21 | Mem:2.03M, Peak:2.03M | Scene, ViewLayer | Updating Geometry BVH Sculpted mane lock.020 79/149 | Building mesh BLAS |      60 tris | Sculpted mane lock.020
Fra:1 Mem:27.80M (Peak 33.98M) | Time:00:00.21 | Mem:2.03M, Peak:2.03M | Scene, ViewLayer | Updating Geometry BVH Sculpted mane lock.021 80/149 | Building BVH
Fra:1 Mem:27.80M (Peak 33.98M) | Time:00:00.21 | Mem:2.03M, Peak:2.03M | Scene, ViewLayer | Updating Geometry BVH Sculpted mane lock.021 80/149 | Building mesh BLAS |      60 tris | Sculpted mane lock.021
Fra:1 Mem:27.80M (Peak 33.98M) | Time:00:00.21 | Mem:2.03M, Peak:2.03M | Scene, ViewLayer | Updating Geometry BVH Flame tail tuft 135/149 | Building BVH
Fra:1 Mem:27.80M (Peak 33.98M) | Time:00:00.21 | Mem:2.03M, Peak:2.03M | Scene, ViewLayer | Updating Geometry BVH Flame tail tuft 135/149 | Building mesh BLAS |      44 tris | Flame tail tuft
Fra:1 Mem:27.80M (Peak 33.98M) | Time:00:00.21 | Mem:2.03M, Peak:2.03M | Scene, ViewLayer | Updating Geometry BVH Sculpted mane lock.022 81/149 | Building BVH
Fra:1 Mem:27.80M (Peak 33.98M) | Time:00:00.21 | Mem:2.03M, Peak:2.03M | Scene, ViewLayer | Updating Geometry BVH Sculpted mane lock.024 83/149 | Building BVH
Fra:1 Mem:27.80M (Peak 33.98M) | Time:00:00.21 | Mem:2.03M, Peak:2.03M | Scene, ViewLayer | Updating Geometry BVH Sculpted mane lock.025 84/149 | Building BVH
Fra:1 Mem:27.80M (Peak 33.98M) | Time:00:00.21 | Mem:2.03M, Peak:2.03M | Scene, ViewLayer | Updating Geometry BVH Sculpted mane lock.025 84/149 | Building mesh BLAS |      60 tris | Sculpted mane lock.024
Fra:1 Mem:27.80M (Peak 33.98M) | Time:00:00.21 | Mem:2.03M, Peak:2.03M | Scene, ViewLayer | Updating Geometry BVH Sculpted mane lock.025 84/149 | Building mesh BLAS |      60 tris | Sculpted mane lock.025
Fra:1 Mem:27.80M (Peak 33.98M) | Time:00:00.21 | Mem:2.03M, Peak:2.03M | Scene, ViewLayer | Updating Geometry BVH Sculpted mane lock.026 85/149 | Building BVH
Fra:1 Mem:27.80M (Peak 33.98M) | Time:00:00.21 | Mem:2.03M, Peak:2.03M | Scene, ViewLayer | Updating Geometry BVH Sculpted mane lock.026 85/149 | Building mesh BLAS |      60 tris | Sculpted mane lock.023
Fra:1 Mem:27.80M (Peak 33.98M) | Time:00:00.21 | Mem:2.03M, Peak:2.03M | Scene, ViewLayer | Updating Geometry BVH Sculpted mane lock.026 85/149 | Building mesh BLAS |      60 tris | Sculpted mane lock.026
Fra:1 Mem:27.80M (Peak 33.98M) | Time:00:00.21 | Mem:2.04M, Peak:2.04M | Scene, ViewLayer | Updating Geometry BVH Sculpted mane lock.027 86/149 | Building BVH
Fra:1 Mem:27.80M (Peak 33.98M) | Time:00:00.21 | Mem:2.04M, Peak:2.04M | Scene, ViewLayer | Updating Geometry BVH Sculpted mane lock.027 86/149 | Building mesh BLAS |      60 tris | Sculpted mane lock.027
Fra:1 Mem:27.80M (Peak 33.98M) | Time:00:00.22 | Mem:2.04M, Peak:2.04M | Scene, ViewLayer | Updating Geometry BVH Sculpted mane lock.028 87/149 | Building BVH
Fra:1 Mem:27.80M (Peak 33.98M) | Time:00:00.22 | Mem:2.04M, Peak:2.04M | Scene, ViewLayer | Updating Geometry BVH Sculpted mane lock.028 87/149 | Building mesh BLAS |      60 tris | Sculpted mane lock.028
Fra:1 Mem:27.80M (Peak 33.98M) | Time:00:00.22 | Mem:2.04M, Peak:2.04M | Scene, ViewLayer | Updating Geometry BVH Articulated tail 134/149 | Building BVH
Fra:1 Mem:27.80M (Peak 33.98M) | Time:00:00.22 | Mem:2.04M, Peak:2.04M | Scene, ViewLayer | Updating Geometry BVH Articulated tail 134/149 | Building mesh BLAS |     268 tris | Articulated tail
Fra:1 Mem:27.80M (Peak 33.98M) | Time:00:00.22 | Mem:2.06M, Peak:2.06M | Scene, ViewLayer | Updating Geometry BVH Sculpted mane lock.029 88/149 | Building BVH
Fra:1 Mem:27.80M (Peak 33.98M) | Time:00:00.22 | Mem:2.07M, Peak:2.07M | Scene, ViewLayer | Updating Geometry BVH Sculpted mane lock.029 88/149 | Building mesh BLAS |      60 tris | Sculpted mane lock.029
Fra:1 Mem:27.80M (Peak 33.98M) | Time:00:00.22 | Mem:2.07M, Peak:2.07M | Scene, ViewLayer | Updating Geometry BVH Sculpted mane lock.030 89/149 | Building BVH
Fra:1 Mem:27.80M (Peak 33.98M) | Time:00:00.22 | Mem:2.07M, Peak:2.07M | Scene, ViewLayer | Updating Geometry BVH Sculpted mane lock.031 90/149 | Building BVH
Fra:1 Mem:27.80M (Peak 33.98M) | Time:00:00.22 | Mem:2.07M, Peak:2.07M | Scene, ViewLayer | Updating Geometry BVH Sculpted mane lock.032 91/149 | Building mesh BLAS |      60 tris | Sculpted mane lock.030
Fra:1 Mem:27.80M (Peak 33.98M) | Time:00:00.22 | Mem:2.08M, Peak:2.08M | Scene, ViewLayer | Updating Geometry BVH Sculpted mane lock.032 91/149 | Building mesh BLAS |      60 tris | Sculpted mane lock.032
Fra:1 Mem:27.80M (Peak 33.98M) | Time:00:00.22 | Mem:2.09M, Peak:2.09M | Scene, ViewLayer | Updating Geometry BVH Sculpted mane lock.033 92/149 | Building BVH
Fra:1 Mem:27.80M (Peak 33.98M) | Time:00:00.22 | Mem:2.09M, Peak:2.09M | Scene, ViewLayer | Updating Geometry BVH Sculpted mane lock.033 92/149 | Building mesh BLAS |      60 tris | Sculpted mane lock.033
Fra:1 Mem:27.80M (Peak 33.98M) | Time:00:00.22 | Mem:2.09M, Peak:2.09M | Scene, ViewLayer | Updating Geometry BVH Sculpted mane lock.034 93/149 | Building BVH
Fra:1 Mem:27.80M (Peak 33.98M) | Time:00:00.22 | Mem:2.09M, Peak:2.09M | Scene, ViewLayer | Updating Geometry BVH Sculpted mane lock.034 93/149 | Building mesh BLAS |      60 tris | Sculpted mane lock.034
Fra:1 Mem:27.80M (Peak 33.98M) | Time:00:00.22 | Mem:2.12M, Peak:2.12M | Scene, ViewLayer | Updating Geometry BVH Sculpted mane lock.035 94/149 | Building BVH
Fra:1 Mem:27.80M (Peak 33.98M) | Time:00:00.22 | Mem:2.12M, Peak:2.12M | Scene, ViewLayer | Updating Geometry BVH Sculpted mane lock.035 94/149 | Building mesh BLAS |      60 tris | Sculpted mane lock.035
Fra:1 Mem:27.80M (Peak 33.98M) | Time:00:00.22 | Mem:2.27M, Peak:2.27M | Scene, ViewLayer | Updating Geometry BVH Wrist fur.011 133/149 | Building BVH
Fra:1 Mem:27.80M (Peak 33.98M) | Time:00:00.22 | Mem:2.27M, Peak:2.27M | Scene, ViewLayer | Updating Geometry BVH Wrist fur.011 133/149 | Building mesh BLAS |      44 tris | Wrist fur.011
Fra:1 Mem:27.80M (Peak 33.98M) | Time:00:00.22 | Mem:2.27M, Peak:2.27M | Scene, ViewLayer | Updating Geometry BVH Sculpted mane lock.036 95/149 | Building BVH
Fra:1 Mem:27.80M (Peak 33.98M) | Time:00:00.22 | Mem:2.27M, Peak:2.27M | Scene, ViewLayer | Updating Geometry BVH Sculpted mane lock.036 95/149 | Building mesh BLAS |      60 tris | Sculpted mane lock.036
Fra:1 Mem:27.80M (Peak 33.98M) | Time:00:00.22 | Mem:2.34M, Peak:2.34M | Scene, ViewLayer | Updating Geometry BVH Sculpted mane lock.037 96/149 | Building BVH
Fra:1 Mem:27.80M (Peak 33.98M) | Time:00:00.22 | Mem:2.34M, Peak:2.34M | Scene, ViewLayer | Updating Geometry BVH Sculpted mane lock.038 97/149 | Building BVH
Fra:1 Mem:27.80M (Peak 33.98M) | Time:00:00.22 | Mem:2.34M, Peak:2.34M | Scene, ViewLayer | Updating Geometry BVH Sculpted mane lock.040 99/149 | Building mesh BLAS |      60 tris | Sculpted mane lock.037
Fra:1 Mem:27.80M (Peak 33.98M) | Time:00:00.22 | Mem:2.34M, Peak:2.34M | Scene, ViewLayer | Updating Geometry BVH Sculpted mane lock.040 99/149 | Building mesh BLAS |      60 tris | Sculpted mane lock.038
Fra:1 Mem:27.80M (Peak 33.98M) | Time:00:00.22 | Mem:2.34M, Peak:2.34M | Scene, ViewLayer | Updating Geometry BVH Sculpted mane lock.040 99/149 | Building mesh BLAS |      60 tris | Sculpted mane lock.039
Fra:1 Mem:27.80M (Peak 33.98M) | Time:00:00.22 | Mem:2.34M, Peak:2.34M | Scene, ViewLayer | Updating Geometry BVH Sculpted mane lock.040 99/149 | Building mesh BLAS |      60 tris | Sculpted mane lock.040
Fra:1 Mem:27.80M (Peak 33.98M) | Time:00:00.22 | Mem:2.41M, Peak:2.41M | Scene, ViewLayer | Updating Geometry BVH Sculpted mane lock.041 100/149 | Building BVH
Fra:1 Mem:27.80M (Peak 33.98M) | Time:00:00.22 | Mem:2.41M, Peak:2.41M | Scene, ViewLayer | Updating Geometry BVH Sculpted mane lock.042 101/149 | Building BVH
Fra:1 Mem:27.80M (Peak 33.98M) | Time:00:00.22 | Mem:2.41M, Peak:2.41M | Scene, ViewLayer | Updating Geometry BVH Sculpted mane lock.042 101/149 | Building mesh BLAS |      60 tris | Sculpted mane lock.041
Fra:1 Mem:27.80M (Peak 33.98M) | Time:00:00.22 | Mem:2.41M, Peak:2.41M | Scene, ViewLayer | Updating Geometry BVH Sculpted mane lock.042 101/149 | Building mesh BLAS |      60 tris | Sculpted mane lock.042
Fra:1 Mem:27.80M (Peak 33.98M) | Time:00:00.22 | Mem:2.41M, Peak:2.41M | Scene, ViewLayer | Updating Geometry BVH Wrist fur.010 132/149 | Building BVH
Fra:1 Mem:27.80M (Peak 33.98M) | Time:00:00.22 | Mem:2.44M, Peak:2.44M | Scene, ViewLayer | Updating Geometry BVH Wrist fur.010 132/149 | Building mesh BLAS |      44 tris | Wrist fur.010
Fra:1 Mem:27.80M (Peak 33.98M) | Time:00:00.22 | Mem:2.46M, Peak:2.46M | Scene, ViewLayer | Updating Geometry BVH Sculpted mane lock.043 102/149 | Building BVH
Fra:1 Mem:27.80M (Peak 33.98M) | Time:00:00.22 | Mem:2.46M, Peak:2.46M | Scene, ViewLayer | Updating Geometry BVH Sculpted mane lock.043 102/149 | Building mesh BLAS |      60 tris | Sculpted mane lock.043
Fra:1 Mem:27.80M (Peak 33.98M) | Time:00:00.22 | Mem:2.46M, Peak:2.46M | Scene, ViewLayer | Updating Geometry BVH Sculpted mane lock.044 103/149 | Building BVH
Fra:1 Mem:27.80M (Peak 33.98M) | Time:00:00.22 | Mem:2.46M, Peak:2.46M | Scene, ViewLayer | Updating Geometry BVH Sculpted mane lock.044 103/149 | Building mesh BLAS |      60 tris | Sculpted mane lock.044
Fra:1 Mem:27.80M (Peak 33.98M) | Time:00:00.22 | Mem:2.51M, Peak:2.51M | Scene, ViewLayer | Updating Geometry BVH Sculpted mane lock.045 104/149 | Building BVH
Fra:1 Mem:27.80M (Peak 33.98M) | Time:00:00.22 | Mem:2.54M, Peak:2.54M | Scene, ViewLayer | Updating Geometry BVH Sculpted mane lock.047 106/149 | Building BVH
Fra:1 Mem:27.80M (Peak 33.98M) | Time:00:00.22 | Mem:2.55M, Peak:2.55M | Scene, ViewLayer | Updating Geometry BVH Sculpted mane lock.048 107/149 | Building mesh BLAS |      60 tris | Sculpted mane lock.046
Fra:1 Mem:27.80M (Peak 33.98M) | Time:00:00.22 | Mem:2.55M, Peak:2.55M | Scene, ViewLayer | Updating Geometry BVH Sculpted mane lock.049 108/149 | Building BVH
Fra:1 Mem:27.80M (Peak 33.98M) | Time:00:00.22 | Mem:2.55M, Peak:2.55M | Scene, ViewLayer | Updating Geometry BVH Sculpted mane lock.050 109/149 | Building BVH
Fra:1 Mem:27.80M (Peak 33.98M) | Time:00:00.22 | Mem:2.58M, Peak:2.58M | Scene, ViewLayer | Updating Geometry BVH Layered shoulder fur 110/149 | Building BVH
Fra:1 Mem:27.80M (Peak 33.98M) | Time:00:00.22 | Mem:2.59M, Peak:2.59M | Scene, ViewLayer | Updating Geometry BVH Layered shoulder fur 110/149 | Building mesh BLAS |      60 tris | Sculpted mane lock.050
Fra:1 Mem:27.80M (Peak 33.98M) | Time:00:00.22 | Mem:2.59M, Peak:2.59M | Scene, ViewLayer | Updating Geometry BVH Layered shoulder fur 110/149 | Building mesh BLAS |      44 tris | Layered shoulder fur
Fra:1 Mem:27.80M (Peak 33.98M) | Time:00:00.22 | Mem:2.59M, Peak:2.59M | Scene, ViewLayer | Updating Geometry BVH Layered shoulder fur 110/149 | Building mesh BLAS |      60 tris | Sculpted mane lock.049
Fra:1 Mem:27.80M (Peak 33.98M) | Time:00:00.22 | Mem:2.59M, Peak:2.59M | Scene, ViewLayer | Updating Geometry BVH Layered shoulder fur.001 111/149 | Building BVH
Fra:1 Mem:27.80M (Peak 33.98M) | Time:00:00.22 | Mem:2.59M, Peak:2.59M | Scene, ViewLayer | Updating Geometry BVH Layered shoulder fur.001 111/149 | Building mesh BLAS |      44 tris | Wrist fur.009
Fra:1 Mem:27.80M (Peak 33.98M) | Time:00:00.22 | Mem:2.59M, Peak:2.59M | Scene, ViewLayer | Updating Geometry BVH Layered shoulder fur.001 111/149 | Building mesh BLAS |      44 tris | Layered shoulder fur.001
Fra:1 Mem:27.80M (Peak 33.98M) | Time:00:00.22 | Mem:2.59M, Peak:2.59M | Scene, ViewLayer | Updating Geometry BVH Layered shoulder fur.001 111/149 | Building mesh BLAS |      60 tris | Sculpted mane lock.048
Fra:1 Mem:27.80M (Peak 33.98M) | Time:00:00.22 | Mem:2.59M, Peak:2.59M | Scene, ViewLayer | Updating Geometry BVH Layered shoulder fur.002 112/149 | Building BVH
Fra:1 Mem:27.80M (Peak 33.98M) | Time:00:00.22 | Mem:2.59M, Peak:2.59M | Scene, ViewLayer | Updating Geometry BVH Wrist fur 113/149 | Building BVH
Fra:1 Mem:27.80M (Peak 33.98M) | Time:00:00.22 | Mem:2.59M, Peak:2.59M | Scene, ViewLayer | Updating Geometry BVH Wrist fur 113/149 | Building mesh BLAS |      44 tris | Layered shoulder fur.002
Fra:1 Mem:27.80M (Peak 33.98M) | Time:00:00.22 | Mem:2.59M, Peak:2.59M | Scene, ViewLayer | Updating Geometry BVH Wrist fur 113/149 | Building mesh BLAS |      44 tris | Wrist fur
Fra:1 Mem:27.80M (Peak 33.98M) | Time:00:00.22 | Mem:2.59M, Peak:2.59M | Scene, ViewLayer | Updating Geometry BVH Wrist fur.001 114/149 | Building BVH
Fra:1 Mem:27.80M (Peak 33.98M) | Time:00:00.22 | Mem:2.59M, Peak:2.59M | Scene, ViewLayer | Updating Geometry BVH Wrist fur.002 115/149 | Building BVH
Fra:1 Mem:27.80M (Peak 33.98M) | Time:00:00.22 | Mem:2.59M, Peak:2.59M | Scene, ViewLayer | Updating Geometry BVH Wrist fur.002 115/149 | Building mesh BLAS |      44 tris | Wrist fur.001
Fra:1 Mem:27.80M (Peak 33.98M) | Time:00:00.22 | Mem:2.59M, Peak:2.59M | Scene, ViewLayer | Updating Geometry BVH Wrist fur.002 115/149 | Building mesh BLAS |      44 tris | Wrist fur.002
Fra:1 Mem:27.80M (Peak 33.98M) | Time:00:00.22 | Mem:2.60M, Peak:2.60M | Scene, ViewLayer | Updating Geometry BVH Layered shoulder fur.011 130/149 | Building BVH
Fra:1 Mem:27.80M (Peak 33.98M) | Time:00:00.22 | Mem:2.60M, Peak:2.60M | Scene, ViewLayer | Updating Geometry BVH Layered shoulder fur.011 130/149 | Building mesh BLAS |      44 tris | Layered shoulder fur.011
Fra:1 Mem:27.80M (Peak 33.98M) | Time:00:00.22 | Mem:2.60M, Peak:2.60M | Scene, ViewLayer | Updating Geometry BVH Layered shoulder fur.003 116/149 | Building BVH
Fra:1 Mem:27.80M (Peak 33.98M) | Time:00:00.22 | Mem:2.60M, Peak:2.60M | Scene, ViewLayer | Updating Geometry BVH Layered shoulder fur.003 116/149 | Building mesh BLAS |      44 tris | Layered shoulder fur.003
Fra:1 Mem:27.80M (Peak 33.98M) | Time:00:00.22 | Mem:2.62M, Peak:2.62M | Scene, ViewLayer | Updating Geometry BVH Layered shoulder fur.004 117/149 | Building BVH
Fra:1 Mem:27.80M (Peak 33.98M) | Time:00:00.22 | Mem:2.62M, Peak:2.62M | Scene, ViewLayer | Updating Geometry BVH Layered shoulder fur.004 117/149 | Building mesh BLAS |      44 tris | Layered shoulder fur.004
Fra:1 Mem:27.80M (Peak 33.98M) | Time:00:00.22 | Mem:2.62M, Peak:2.62M | Scene, ViewLayer | Updating Geometry BVH Layered shoulder fur.005 118/149 | Building BVH
Fra:1 Mem:27.80M (Peak 33.98M) | Time:00:00.22 | Mem:2.63M, Peak:2.63M | Scene, ViewLayer | Updating Geometry BVH Wrist fur.003 119/149 | Building BVH
Fra:1 Mem:27.80M (Peak 33.98M) | Time:00:00.22 | Mem:2.63M, Peak:2.63M | Scene, ViewLayer | Updating Geometry BVH Wrist fur.003 119/149 | Building mesh BLAS |      44 tris | Layered shoulder fur.005
Fra:1 Mem:27.80M (Peak 33.98M) | Time:00:00.22 | Mem:2.70M, Peak:2.70M | Scene, ViewLayer | Updating Geometry BVH Wrist fur.003 119/149 | Building mesh BLAS |      44 tris | Wrist fur.003
Fra:1 Mem:27.80M (Peak 33.98M) | Time:00:00.22 | Mem:2.71M, Peak:2.71M | Scene, ViewLayer | Updating Geometry BVH Wrist fur.004 120/149 | Building BVH
Fra:1 Mem:27.80M (Peak 33.98M) | Time:00:00.22 | Mem:2.71M, Peak:2.71M | Scene, ViewLayer | Updating Geometry BVH Wrist fur.005 121/149 | Building BVH
Fra:1 Mem:27.80M (Peak 33.98M) | Time:00:00.22 | Mem:2.71M, Peak:2.71M | Scene, ViewLayer | Updating Geometry BVH Wrist fur.005 121/149 | Building mesh BLAS |      44 tris | Wrist fur.005
Fra:1 Mem:27.80M (Peak 33.98M) | Time:00:00.22 | Mem:2.71M, Peak:2.71M | Scene, ViewLayer | Updating Geometry BVH Layered shoulder fur.010 129/149 | Building BVH
Fra:1 Mem:27.80M (Peak 33.98M) | Time:00:00.22 | Mem:2.71M, Peak:2.71M | Scene, ViewLayer | Updating Geometry BVH Layered shoulder fur.007 123/149 | Building BVH
Fra:1 Mem:27.80M (Peak 33.98M) | Time:00:00.22 | Mem:2.71M, Peak:2.71M | Scene, ViewLayer | Updating Geometry BVH Layered shoulder fur.007 123/149 | Building mesh BLAS |      44 tris | Layered shoulder fur.006
Fra:1 Mem:27.80M (Peak 33.98M) | Time:00:00.22 | Mem:2.71M, Peak:2.71M | Scene, ViewLayer | Updating Geometry BVH Layered shoulder fur.007 123/149 | Building mesh BLAS |      44 tris | Layered shoulder fur.010
Fra:1 Mem:27.80M (Peak 33.98M) | Time:00:00.22 | Mem:2.72M, Peak:2.72M | Scene, ViewLayer | Updating Geometry BVH Layered shoulder fur.008 124/149 | Building BVH
Fra:1 Mem:27.80M (Peak 33.98M) | Time:00:00.22 | Mem:2.72M, Peak:2.72M | Scene, ViewLayer | Updating Geometry BVH Wrist fur.006 125/149 | Building mesh BLAS |      44 tris | Layered shoulder fur.008
Fra:1 Mem:27.80M (Peak 33.98M) | Time:00:00.22 | Mem:2.74M, Peak:2.74M | Scene, ViewLayer | Updating Geometry BVH Wrist fur.007 126/149 | Building BVH
Fra:1 Mem:27.80M (Peak 33.98M) | Time:00:00.22 | Mem:2.74M, Peak:2.74M | Scene, ViewLayer | Updating Geometry BVH Wrist fur.007 126/149 | Building mesh BLAS |      44 tris | Wrist fur.007
Fra:1 Mem:27.80M (Peak 33.98M) | Time:00:00.22 | Mem:2.74M, Peak:2.74M | Scene, ViewLayer | Updating Geometry BVH Wrist fur.008 127/149 | Building BVH
Fra:1 Mem:27.80M (Peak 33.98M) | Time:00:00.22 | Mem:2.75M, Peak:2.75M | Scene, ViewLayer | Updating Geometry BVH Layered shoulder fur.009 128/149 | Building BVH
Fra:1 Mem:27.80M (Peak 33.98M) | Time:00:00.22 | Mem:2.75M, Peak:2.75M | Scene, ViewLayer | Updating Geometry BVH Layered shoulder fur.009 128/149 | Building mesh BLAS |      44 tris | Wrist fur.008
Fra:1 Mem:27.80M (Peak 33.98M) | Time:00:00.22 | Mem:2.75M, Peak:2.75M | Scene, ViewLayer | Updating Geometry BVH Layered shoulder fur.009 128/149 | Building mesh BLAS |      44 tris | Layered shoulder fur.009
Fra:1 Mem:27.80M (Peak 33.98M) | Time:00:00.22 | Mem:2.75M, Peak:2.75M | Scene, ViewLayer | Updating Scene BVH | Building
Fra:1 Mem:27.80M (Peak 33.98M) | Time:00:00.23 | Mem:2.91M, Peak:2.91M | Scene, ViewLayer | Updating Scene BVH | Building TLAS      |     149 instances
Fra:1 Mem:27.80M (Peak 33.98M) | Time:00:00.23 | Mem:2.96M, Peak:2.96M | Scene, ViewLayer | Updating Scene BVH | Copying BVH to device
Fra:1 Mem:27.80M (Peak 33.98M) | Time:00:00.23 | Mem:2.96M, Peak:2.96M | Scene, ViewLayer | Updating Mesh | Computing normals
Fra:1 Mem:28.42M (Peak 33.98M) | Time:00:00.23 | Mem:2.96M, Peak:2.96M | Scene, ViewLayer | Updating Mesh | Copying Mesh to device
Fra:1 Mem:27.80M (Peak 33.98M) | Time:00:00.23 | Mem:3.60M, Peak:3.60M | Scene, ViewLayer | Updating Objects Flags
Fra:1 Mem:27.80M (Peak 33.98M) | Time:00:00.23 | Mem:3.60M, Peak:3.60M | Scene, ViewLayer | Updating Primitive Offsets
Fra:1 Mem:27.80M (Peak 33.98M) | Time:00:00.23 | Mem:3.60M, Peak:3.60M | Scene, ViewLayer | Updating Images
Fra:1 Mem:27.80M (Peak 33.98M) | Time:00:00.23 | Mem:3.60M, Peak:3.60M | Scene, ViewLayer | Updating Camera Volume
Fra:1 Mem:27.80M (Peak 33.98M) | Time:00:00.23 | Mem:3.60M, Peak:3.60M | Scene, ViewLayer | Updating Lookup Tables
Fra:1 Mem:27.72M (Peak 33.98M) | Time:00:00.23 | Mem:3.69M, Peak:3.69M | Scene, ViewLayer | Updating Lights
Fra:1 Mem:27.72M (Peak 33.98M) | Time:00:00.23 | Mem:3.69M, Peak:3.69M | Scene, ViewLayer | Updating Lights | Computing tree
Fra:1 Mem:27.72M (Peak 33.98M) | Time:00:00.23 | Mem:3.69M, Peak:3.69M | Scene, ViewLayer | Updating Integrator
Fra:1 Mem:27.72M (Peak 33.98M) | Time:00:00.23 | Mem:3.69M, Peak:3.69M | Scene, ViewLayer | Updating Film
Fra:1 Mem:27.80M (Peak 33.98M) | Time:00:00.23 | Mem:3.60M, Peak:3.69M | Scene, ViewLayer | Updating Lookup Tables
Fra:1 Mem:27.72M (Peak 33.98M) | Time:00:00.23 | Mem:3.69M, Peak:3.69M | Scene, ViewLayer | Updating Baking
Fra:1 Mem:27.72M (Peak 33.98M) | Time:00:00.23 | Mem:3.69M, Peak:3.69M | Scene, ViewLayer | Updating Device | Writing constant memory
Fra:1 Mem:27.72M (Peak 33.98M) | Time:00:00.26 | Mem:3.69M, Peak:3.69M | Scene, ViewLayer | Loading denoising kernels (may take a few minutes the first time)
Fra:1 Mem:27.73M (Peak 59.73M) | Time:00:00.27 | Mem:2819.71M, Peak:2819.71M | Scene, ViewLayer | Sample 0/12 (Using optimized kernels)
Fra:1 Mem:27.72M (Peak 63.23M) | Time:00:00.45 | Remaining:00:01.95 | Mem:2855.25M, Peak:2855.25M | Scene, ViewLayer | Sample 1/12 (Using optimized kernels)
Fra:1 Mem:42.67M (Peak 65.10M) | Time:00:03.35 | Mem:2855.25M, Peak:2855.25M | Scene, ViewLayer | Sample 12/12 (Using optimized kernels)
Fra:1 Mem:42.67M (Peak 65.10M) | Time:00:03.35 | Mem:2855.25M, Peak:2855.25M | Scene, ViewLayer | Finished
Saved: '/Users/chikumatsuboi/Code/animal-racers-western/assets/source/western/qa/lion-fight-side.png'
Time: 00:03.49 (Saving: 00:00.07)

RENDERED lion

Blender quit
