Blender 4.5.9 LTS (hash 8bf95cbd38d1 built 2026-04-21 01:30:46)
Read blend: "/Users/chikumatsuboi/Code/animal-racers-western/assets/source/western/wolf.blend"
Fra:1 Mem:28.75M (Peak 28.75M) | Time:00:00.01 | Mem:0.02M, Peak:0.02M | Scene, ViewLayer | Synchronizing object | Body • continuous sculpted skin
Fra:1 Mem:28.75M (Peak 28.75M) | Time:00:00.01 | Mem:0.02M, Peak:0.02M | Scene, ViewLayer | Synchronizing object | Paw toe.001
Fra:1 Mem:28.84M (Peak 28.84M) | Time:00:00.01 | Mem:0.02M, Peak:0.02M | Scene, ViewLayer | Synchronizing object | Ivory claw.001
Fra:1 Mem:28.84M (Peak 28.84M) | Time:00:00.01 | Mem:0.02M, Peak:0.02M | Scene, ViewLayer | Synchronizing object | Paw toe.002
Fra:1 Mem:29.01M (Peak 29.01M) | Time:00:00.01 | Mem:0.02M, Peak:0.02M | Scene, ViewLayer | Synchronizing object | Ivory claw.004
Fra:1 Mem:29.08M (Peak 29.08M) | Time:00:00.01 | Mem:0.02M, Peak:0.02M | Scene, ViewLayer | Synchronizing object | Paw toe.005
Fra:1 Mem:29.11M (Peak 29.11M) | Time:00:00.01 | Mem:0.02M, Peak:0.02M | Scene, ViewLayer | Synchronizing object | Ivory claw.005
Fra:1 Mem:29.14M (Peak 29.14M) | Time:00:00.01 | Mem:0.02M, Peak:0.02M | Scene, ViewLayer | Synchronizing object | Paw toe.006
Fra:1 Mem:29.16M (Peak 29.16M) | Time:00:00.01 | Mem:0.02M, Peak:0.02M | Scene, ViewLayer | Synchronizing object | Ivory claw.006
Fra:1 Mem:29.18M (Peak 29.18M) | Time:00:00.01 | Mem:0.02M, Peak:0.02M | Scene, ViewLayer | Synchronizing object | Paw toe.007
Fra:1 Mem:29.18M (Peak 29.18M) | Time:00:00.01 | Mem:0.02M, Peak:0.02M | Scene, ViewLayer | Synchronizing object | Ivory claw.008
Fra:1 Mem:29.22M (Peak 29.22M) | Time:00:00.01 | Mem:0.02M, Peak:0.02M | Scene, ViewLayer | Synchronizing object | Paw toe.009
Fra:1 Mem:29.23M (Peak 29.23M) | Time:00:00.01 | Mem:0.02M, Peak:0.02M | Scene, ViewLayer | Synchronizing object | Paw toe.010
Fra:1 Mem:29.24M (Peak 29.24M) | Time:00:00.01 | Mem:0.02M, Peak:0.02M | Scene, ViewLayer | Synchronizing object | Paw toe.011
Fra:1 Mem:29.30M (Peak 29.30M) | Time:00:00.01 | Mem:0.02M, Peak:0.02M | Scene, ViewLayer | Synchronizing object | Ivory claw.011
Fra:1 Mem:29.33M (Peak 29.33M) | Time:00:00.01 | Mem:0.02M, Peak:0.02M | Scene, ViewLayer | Synchronizing object | Head • species sculpt
Fra:1 Mem:29.36M (Peak 29.36M) | Time:00:00.01 | Mem:0.02M, Peak:0.02M | Scene, ViewLayer | Synchronizing object | Eye socket
Fra:1 Mem:29.63M (Peak 29.63M) | Time:00:00.01 | Mem:0.02M, Peak:0.02M | Scene, ViewLayer | Synchronizing object | Ivory eye
Fra:1 Mem:29.71M (Peak 29.71M) | Time:00:00.01 | Mem:0.02M, Peak:0.02M | Scene, ViewLayer | Synchronizing object | Iris
Fra:1 Mem:29.78M (Peak 29.78M) | Time:00:00.01 | Mem:0.02M, Peak:0.02M | Scene, ViewLayer | Synchronizing object | Warm rim
Fra:1 Mem:29.81M (Peak 29.81M) | Time:00:00.01 | Mem:0.02M, Peak:0.02M | Scene, ViewLayer | Synchronizing object | Expressive brow
Fra:1 Mem:29.88M (Peak 29.88M) | Time:00:00.01 | Mem:0.02M, Peak:0.02M | Scene, ViewLayer | Synchronizing object | Sky fill
Fra:1 Mem:29.90M (Peak 29.90M) | Time:00:00.01 | Mem:0.02M, Peak:0.02M | Scene, ViewLayer | Synchronizing object | Sunset key
Fra:1 Mem:29.90M (Peak 29.90M) | Time:00:00.01 | Mem:0.02M, Peak:0.02M | Scene, ViewLayer | Synchronizing object | Plane
Fra:1 Mem:29.90M (Peak 29.90M) | Time:00:00.01 | Mem:0.02M, Peak:0.02M | Scene, ViewLayer | Synchronizing object | Whisker pore.002
Fra:1 Mem:29.90M (Peak 29.90M) | Time:00:00.01 | Mem:0.02M, Peak:0.02M | Scene, ViewLayer | Synchronizing object | Eye socket.001
Fra:1 Mem:30.00M (Peak 30.00M) | Time:00:00.01 | Mem:0.02M, Peak:0.02M | Scene, ViewLayer | Synchronizing object | Ivory eye.001
Fra:1 Mem:30.00M (Peak 30.00M) | Time:00:00.01 | Mem:0.02M, Peak:0.02M | Scene, ViewLayer | Synchronizing object | Iris.001
Fra:1 Mem:30.04M (Peak 30.04M) | Time:00:00.01 | Mem:0.02M, Peak:0.02M | Scene, ViewLayer | Synchronizing object | Pupil.001
Fra:1 Mem:30.10M (Peak 30.10M) | Time:00:00.01 | Mem:0.02M, Peak:0.02M | Scene, ViewLayer | Synchronizing object | Expressive brow.001
Fra:1 Mem:30.13M (Peak 30.13M) | Time:00:00.01 | Mem:0.02M, Peak:0.02M | Scene, ViewLayer | Synchronizing object | Brass crest clasp
Fra:1 Mem:30.14M (Peak 30.14M) | Time:00:00.01 | Mem:0.02M, Peak:0.02M | Scene, ViewLayer | Synchronizing object | Whisker pore.004
Fra:1 Mem:30.15M (Peak 30.15M) | Time:00:00.01 | Mem:0.02M, Peak:0.02M | Scene, ViewLayer | Synchronizing object | Whisker pore.005
Fra:1 Mem:30.17M (Peak 30.17M) | Time:00:00.01 | Mem:0.02M, Peak:0.02M | Scene, ViewLayer | Synchronizing object | Mouth cavity
Fra:1 Mem:30.21M (Peak 30.21M) | Time:00:00.01 | Mem:0.02M, Peak:0.02M | Scene, ViewLayer | Synchronizing object | Lower canine
Fra:1 Mem:30.22M (Peak 30.22M) | Time:00:00.01 | Mem:0.02M, Peak:0.02M | Scene, ViewLayer | Synchronizing object | Lower canine.001
Fra:1 Mem:30.23M (Peak 30.23M) | Time:00:00.01 | Mem:0.02M, Peak:0.02M | Scene, ViewLayer | Synchronizing object | Pointed species ear
Fra:1 Mem:30.24M (Peak 30.24M) | Time:00:00.01 | Mem:0.02M, Peak:0.02M | Scene, ViewLayer | Synchronizing object | Inner ear
Fra:1 Mem:30.24M (Peak 30.24M) | Time:00:00.01 | Mem:0.02M, Peak:0.02M | Scene, ViewLayer | Synchronizing object | Swept cheek ruff
Fra:1 Mem:30.24M (Peak 30.24M) | Time:00:00.01 | Mem:0.02M, Peak:0.02M | Scene, ViewLayer | Synchronizing object | Swept cheek ruff.001
Fra:1 Mem:30.24M (Peak 30.24M) | Time:00:00.01 | Mem:0.02M, Peak:0.02M | Scene, ViewLayer | Synchronizing object | Leather neckerchief roll
Fra:1 Mem:30.26M (Peak 30.26M) | Time:00:00.01 | Mem:0.02M, Peak:0.02M | Scene, ViewLayer | Synchronizing object | Swept cheek ruff.002
Fra:1 Mem:30.28M (Peak 30.28M) | Time:00:00.01 | Mem:0.02M, Peak:0.02M | Scene, ViewLayer | Synchronizing object | Swept cheek ruff.003
Fra:1 Mem:30.30M (Peak 30.30M) | Time:00:00.01 | Mem:0.02M, Peak:0.02M | Scene, ViewLayer | Synchronizing object | Swept cheek ruff.004
Fra:1 Mem:30.30M (Peak 30.30M) | Time:00:00.01 | Mem:0.02M, Peak:0.02M | Scene, ViewLayer | Synchronizing object | Swept cheek ruff.006
Fra:1 Mem:30.31M (Peak 30.31M) | Time:00:00.01 | Mem:0.02M, Peak:0.02M | Scene, ViewLayer | Synchronizing object | Ice swept crest
Fra:1 Mem:30.31M (Peak 30.31M) | Time:00:00.01 | Mem:0.02M, Peak:0.02M | Scene, ViewLayer | Synchronizing object | Ice swept crest.001
Fra:1 Mem:30.33M (Peak 30.33M) | Time:00:00.01 | Mem:0.02M, Peak:0.02M | Scene, ViewLayer | Synchronizing object | Ice swept crest.002
Fra:1 Mem:30.32M (Peak 30.33M) | Time:00:00.01 | Mem:0.02M, Peak:0.02M | Scene, ViewLayer | Synchronizing object | Ice swept crest.003
Fra:1 Mem:30.35M (Peak 30.35M) | Time:00:00.01 | Mem:0.02M, Peak:0.02M | Scene, ViewLayer | Synchronizing object | Ice swept crest.004
Fra:1 Mem:30.37M (Peak 30.37M) | Time:00:00.01 | Mem:0.02M, Peak:0.02M | Scene, ViewLayer | Synchronizing object | Ice swept crest.005
Fra:1 Mem:30.36M (Peak 30.37M) | Time:00:00.01 | Mem:0.02M, Peak:0.02M | Scene, ViewLayer | Synchronizing object | Layered shoulder fur
Fra:1 Mem:30.37M (Peak 30.37M) | Time:00:00.01 | Mem:0.02M, Peak:0.02M | Scene, ViewLayer | Synchronizing object | Layered shoulder fur.002
Fra:1 Mem:30.37M (Peak 30.37M) | Time:00:00.01 | Mem:0.02M, Peak:0.02M | Scene, ViewLayer | Synchronizing object | Wrist fur
Fra:1 Mem:30.38M (Peak 30.38M) | Time:00:00.01 | Mem:0.02M, Peak:0.02M | Scene, ViewLayer | Synchronizing object | Wrist fur.002
Fra:1 Mem:30.38M (Peak 30.38M) | Time:00:00.01 | Mem:0.02M, Peak:0.02M | Scene, ViewLayer | Synchronizing object | Layered shoulder fur.004
Fra:1 Mem:30.39M (Peak 30.39M) | Time:00:00.01 | Mem:0.02M, Peak:0.02M | Scene, ViewLayer | Synchronizing object | Layered shoulder fur.005
Fra:1 Mem:30.41M (Peak 30.41M) | Time:00:00.01 | Mem:0.02M, Peak:0.02M | Scene, ViewLayer | Synchronizing object | Wrist fur.003
Fra:1 Mem:30.41M (Peak 30.41M) | Time:00:00.01 | Mem:0.02M, Peak:0.02M | Scene, ViewLayer | Synchronizing object | Wrist fur.004
Fra:1 Mem:30.41M (Peak 30.41M) | Time:00:00.01 | Mem:0.02M, Peak:0.02M | Scene, ViewLayer | Synchronizing object | Layered shoulder fur.006
Fra:1 Mem:30.41M (Peak 30.41M) | Time:00:00.01 | Mem:0.02M, Peak:0.02M | Scene, ViewLayer | Synchronizing object | Layered shoulder fur.007
Fra:1 Mem:30.42M (Peak 30.42M) | Time:00:00.01 | Mem:0.02M, Peak:0.02M | Scene, ViewLayer | Synchronizing object | Layered shoulder fur.008
Fra:1 Mem:30.45M (Peak 30.45M) | Time:00:00.01 | Mem:0.02M, Peak:0.02M | Scene, ViewLayer | Synchronizing object | Wrist fur.006
Fra:1 Mem:30.44M (Peak 30.45M) | Time:00:00.01 | Mem:0.02M, Peak:0.02M | Scene, ViewLayer | Synchronizing object | Wrist fur.007
Fra:1 Mem:30.46M (Peak 30.46M) | Time:00:00.01 | Mem:0.02M, Peak:0.02M | Scene, ViewLayer | Synchronizing object | Wrist fur.008
Fra:1 Mem:30.47M (Peak 30.47M) | Time:00:00.01 | Mem:0.02M, Peak:0.02M | Scene, ViewLayer | Synchronizing object | Wrist fur.011
Fra:1 Mem:30.46M (Peak 30.47M) | Time:00:00.01 | Mem:0.02M, Peak:0.02M | Scene, ViewLayer | Synchronizing object | Layered shoulder fur.009
Fra:1 Mem:30.47M (Peak 30.47M) | Time:00:00.01 | Mem:0.02M, Peak:0.02M | Scene, ViewLayer | Synchronizing object | Wrist fur.010
Fra:1 Mem:30.47M (Peak 30.47M) | Time:00:00.01 | Mem:0.02M, Peak:0.02M | Scene, ViewLayer | Synchronizing object | Wrist fur.009
Fra:1 Mem:30.48M (Peak 30.48M) | Time:00:00.01 | Mem:0.02M, Peak:0.02M | Scene, ViewLayer | Synchronizing object | Layered shoulder fur.011
Fra:1 Mem:30.51M (Peak 30.51M) | Time:00:00.01 | Mem:0.02M, Peak:0.02M | Scene, ViewLayer | Initializing
Fra:1 Mem:28.90M (Peak 30.51M) | Time:00:00.01 | Mem:0.02M, Peak:0.02M | Scene, ViewLayer | Updating Images | Loading Authored short-fur normal
Fra:1 Mem:24.92M (Peak 30.51M) | Time:00:00.03 | Mem:0.27M, Peak:0.27M | Scene, ViewLayer | Waiting for render to start
Fra:1 Mem:24.92M (Peak 30.51M) | Time:00:00.03 | Mem:0.27M, Peak:0.27M | Scene, ViewLayer | Updating Scene
Fra:1 Mem:24.92M (Peak 30.51M) | Time:00:00.03 | Mem:0.27M, Peak:0.27M | Scene, ViewLayer | Updating Shaders
Fra:1 Mem:24.92M (Peak 30.51M) | Time:00:00.03 | Mem:0.27M, Peak:0.27M | Scene, ViewLayer | Loading render kernels (may take a few minutes the first time)
Fra:1 Mem:25.00M (Peak 30.51M) | Time:00:00.09 | Mem:0.28M, Peak:0.28M | Scene, ViewLayer | Updating Procedurals
Fra:1 Mem:25.00M (Peak 30.51M) | Time:00:00.09 | Mem:0.28M, Peak:0.28M | Scene, ViewLayer | Updating Background
Fra:1 Mem:25.00M (Peak 30.51M) | Time:00:00.09 | Mem:0.28M, Peak:0.28M | Scene, ViewLayer | Updating Camera
Fra:1 Mem:25.00M (Peak 30.51M) | Time:00:00.09 | Mem:0.28M, Peak:0.28M | Scene, ViewLayer | Updating Meshes Flags
Fra:1 Mem:25.00M (Peak 30.51M) | Time:00:00.09 | Mem:0.28M, Peak:0.28M | Scene, ViewLayer | Updating Objects
Fra:1 Mem:25.00M (Peak 30.51M) | Time:00:00.09 | Mem:0.28M, Peak:0.28M | Scene, ViewLayer | Updating Objects | Copying Transformations to device
Fra:1 Mem:25.00M (Peak 30.51M) | Time:00:00.10 | Mem:0.31M, Peak:0.31M | Scene, ViewLayer | Updating Particle Systems
Fra:1 Mem:25.00M (Peak 30.51M) | Time:00:00.10 | Mem:0.31M, Peak:0.31M | Scene, ViewLayer | Updating Particle Systems | Copying Particles to device
Fra:1 Mem:25.00M (Peak 30.51M) | Time:00:00.10 | Mem:0.31M, Peak:0.31M | Scene, ViewLayer | Updating Meshes
Fra:1 Mem:25.76M (Peak 30.51M) | Time:00:00.10 | Mem:0.31M, Peak:0.31M | Scene, ViewLayer | Updating Objects | Applying Static Transformations
Fra:1 Mem:25.76M (Peak 30.51M) | Time:00:00.10 | Mem:0.31M, Peak:0.31M | Scene, ViewLayer | Updating Mesh | Computing attributes
Fra:1 Mem:26.84M (Peak 30.51M) | Time:00:00.10 | Mem:0.33M, Peak:0.33M | Scene, ViewLayer | Updating Mesh | Copying Attributes to device
Fra:1 Mem:25.76M (Peak 30.51M) | Time:00:00.25 | Mem:1.42M, Peak:1.42M | Scene, ViewLayer | Updating Geometry BVH light 105/104 | Building BVH
Fra:1 Mem:25.76M (Peak 30.51M) | Time:00:00.25 | Mem:1.42M, Peak:1.42M | Scene, ViewLayer | Updating Geometry BVH Paw toe.012 3/104 | Building BVH
Fra:1 Mem:25.76M (Peak 30.51M) | Time:00:00.25 | Mem:1.42M, Peak:1.42M | Scene, ViewLayer | Updating Geometry BVH Warm rim 104/104 | Building BVH
Fra:1 Mem:25.76M (Peak 30.51M) | Time:00:00.25 | Mem:1.42M, Peak:1.42M | Scene, ViewLayer | Updating Geometry BVH Paw toe.013 5/104 | Building BVH
Fra:1 Mem:25.76M (Peak 30.51M) | Time:00:00.25 | Mem:1.42M, Peak:1.42M | Scene, ViewLayer | Updating Geometry BVH Ivory claw.013 6/104 | Building BVH
Fra:1 Mem:25.76M (Peak 30.51M) | Time:00:00.25 | Mem:1.42M, Peak:1.42M | Scene, ViewLayer | Updating Geometry BVH Ivory claw.014 8/104 | Building BVH
Fra:1 Mem:25.76M (Peak 30.51M) | Time:00:00.25 | Mem:1.42M, Peak:1.42M | Scene, ViewLayer | Updating Geometry BVH Ivory claw.014 8/104 | Building mesh BLAS |      32 tris | Ivory claw.013
Fra:1 Mem:25.76M (Peak 30.51M) | Time:00:00.25 | Mem:1.42M, Peak:1.42M | Scene, ViewLayer | Updating Geometry BVH Sky fill 103/104 | Building BVH
Fra:1 Mem:25.76M (Peak 30.51M) | Time:00:00.25 | Mem:1.42M, Peak:1.42M | Scene, ViewLayer | Updating Geometry BVH Sunset key 102/104 | Building BVH
Fra:1 Mem:25.76M (Peak 30.51M) | Time:00:00.25 | Mem:1.42M, Peak:1.42M | Scene, ViewLayer | Updating Geometry BVH Plane 101/104 | Building BVH
Fra:1 Mem:25.76M (Peak 30.51M) | Time:00:00.25 | Mem:1.42M, Peak:1.42M | Scene, ViewLayer | Updating Geometry BVH Plane 101/104 | Building mesh BLAS |       2 tris | Plane
Fra:1 Mem:25.76M (Peak 30.51M) | Time:00:00.25 | Mem:1.42M, Peak:1.42M | Scene, ViewLayer | Updating Geometry BVH Plane 101/104 | Building mesh BLAS |     192 tris | Paw toe.014
Fra:1 Mem:25.76M (Peak 30.51M) | Time:00:00.25 | Mem:1.42M, Peak:1.42M | Scene, ViewLayer | Updating Geometry BVH Plane 101/104 | Building mesh BLAS |      32 tris | Ivory claw.014
Fra:1 Mem:25.76M (Peak 30.51M) | Time:00:00.25 | Mem:1.42M, Peak:1.42M | Scene, ViewLayer | Updating Geometry BVH Paw toe.015 9/104 | Building BVH
Fra:1 Mem:25.76M (Peak 30.51M) | Time:00:00.25 | Mem:1.42M, Peak:1.42M | Scene, ViewLayer | Updating Geometry BVH Ivory claw.015 10/104 | Building mesh BLAS |     192 tris | Paw toe.015
Fra:1 Mem:25.76M (Peak 30.51M) | Time:00:00.25 | Mem:1.42M, Peak:1.42M | Scene, ViewLayer | Updating Geometry BVH Ivory claw.016 12/104 | Building BVH
Fra:1 Mem:25.76M (Peak 30.51M) | Time:00:00.25 | Mem:1.42M, Peak:1.42M | Scene, ViewLayer | Updating Geometry BVH Paw toe.018 15/104 | Building mesh BLAS |      32 tris | Ivory claw.016
Fra:1 Mem:25.76M (Peak 30.51M) | Time:00:00.25 | Mem:1.42M, Peak:1.42M | Scene, ViewLayer | Updating Geometry BVH Paw toe.018 15/104 | Building mesh BLAS |     192 tris | Paw toe.016
Fra:1 Mem:25.76M (Peak 30.51M) | Time:00:00.25 | Mem:1.42M, Peak:1.42M | Scene, ViewLayer | Updating Geometry BVH Paw toe.018 15/104 | Building mesh BLAS |     192 tris | Paw toe.017
Fra:1 Mem:25.76M (Peak 30.51M) | Time:00:00.25 | Mem:1.42M, Peak:1.42M | Scene, ViewLayer | Updating Geometry BVH Ivory claw.018 16/104 | Building BVH
Fra:1 Mem:25.76M (Peak 30.51M) | Time:00:00.25 | Mem:1.42M, Peak:1.42M | Scene, ViewLayer | Updating Geometry BVH Ivory claw.018 16/104 | Building mesh BLAS |      32 tris | Ivory claw.015
Fra:1 Mem:25.76M (Peak 30.51M) | Time:00:00.25 | Mem:1.42M, Peak:1.42M | Scene, ViewLayer | Updating Geometry BVH Ivory claw.018 16/104 | Building mesh BLAS |      32 tris | Ivory claw.017
Fra:1 Mem:25.76M (Peak 30.51M) | Time:00:00.25 | Mem:1.42M, Peak:1.42M | Scene, ViewLayer | Updating Geometry BVH Paw toe.019 17/104 | Building BVH
Fra:1 Mem:25.76M (Peak 30.51M) | Time:00:00.25 | Mem:1.42M, Peak:1.42M | Scene, ViewLayer | Updating Geometry BVH Paw toe.019 17/104 | Building mesh BLAS |     192 tris | Paw toe.018
Fra:1 Mem:25.76M (Peak 30.51M) | Time:00:00.25 | Mem:1.42M, Peak:1.42M | Scene, ViewLayer | Updating Geometry BVH Ivory claw.019 18/104 | Building BVH
Fra:1 Mem:25.76M (Peak 30.51M) | Time:00:00.25 | Mem:1.42M, Peak:1.42M | Scene, ViewLayer | Updating Geometry BVH Ivory claw.019 18/104 | Building mesh BLAS |      32 tris | Ivory claw.019
Fra:1 Mem:25.76M (Peak 30.51M) | Time:00:00.25 | Mem:1.42M, Peak:1.42M | Scene, ViewLayer | Updating Geometry BVH Ivory claw.019 18/104 | Building mesh BLAS |     192 tris | Paw toe.019
Fra:1 Mem:25.76M (Peak 30.51M) | Time:00:00.25 | Mem:1.42M, Peak:1.42M | Scene, ViewLayer | Updating Geometry BVH Paw toe.020 19/104 | Building BVH
Fra:1 Mem:25.76M (Peak 30.51M) | Time:00:00.25 | Mem:1.42M, Peak:1.42M | Scene, ViewLayer | Updating Geometry BVH Paw toe.020 19/104 | Building mesh BLAS |     192 tris | Paw toe.020
Fra:1 Mem:25.76M (Peak 30.51M) | Time:00:00.25 | Mem:1.42M, Peak:1.42M | Scene, ViewLayer | Updating Geometry BVH Ivory claw.020 20/104 | Building BVH
Fra:1 Mem:25.76M (Peak 30.51M) | Time:00:00.25 | Mem:1.42M, Peak:1.42M | Scene, ViewLayer | Updating Geometry BVH Paw toe.021 21/104 | Building mesh BLAS |      32 tris | Ivory claw.020
Fra:1 Mem:25.76M (Peak 30.51M) | Time:00:00.25 | Mem:1.42M, Peak:1.42M | Scene, ViewLayer | Updating Geometry BVH Paw toe.021 21/104 | Building mesh BLAS |     192 tris | Paw toe.021
Fra:1 Mem:25.76M (Peak 30.51M) | Time:00:00.25 | Mem:1.42M, Peak:1.42M | Scene, ViewLayer | Updating Geometry BVH Ivory claw.021 22/104 | Building BVH
Fra:1 Mem:25.76M (Peak 30.51M) | Time:00:00.25 | Mem:1.42M, Peak:1.42M | Scene, ViewLayer | Updating Geometry BVH Paw toe.022 23/104 | Building BVH
Fra:1 Mem:25.76M (Peak 30.51M) | Time:00:00.25 | Mem:1.42M, Peak:1.42M | Scene, ViewLayer | Updating Geometry BVH Brass crest clasp.001 99/104 | Building mesh BLAS |      32 tris | Ivory claw.021
Fra:1 Mem:25.76M (Peak 30.51M) | Time:00:00.25 | Mem:1.42M, Peak:1.42M | Scene, ViewLayer | Updating Geometry BVH Ivory claw.022 24/104 | Building mesh BLAS |     192 tris | Paw toe.022
Fra:1 Mem:25.76M (Peak 30.51M) | Time:00:00.25 | Mem:1.42M, Peak:1.42M | Scene, ViewLayer | Updating Geometry BVH Paw toe.023 25/104 | Building BVH
Fra:1 Mem:25.76M (Peak 30.51M) | Time:00:00.25 | Mem:1.42M, Peak:1.42M | Scene, ViewLayer | Updating Geometry BVH Paw toe.023 25/104 | Building mesh BLAS |     320 tris | Brass crest clasp.001
Fra:1 Mem:25.76M (Peak 30.51M) | Time:00:00.25 | Mem:1.42M, Peak:1.42M | Scene, ViewLayer | Updating Geometry BVH Paw toe.023 25/104 | Building mesh BLAS |     192 tris | Paw toe.023
Fra:1 Mem:25.76M (Peak 30.51M) | Time:00:00.25 | Mem:1.42M, Peak:1.42M | Scene, ViewLayer | Updating Geometry BVH Ivory claw.023 26/104 | Building BVH
Fra:1 Mem:25.76M (Peak 30.51M) | Time:00:00.25 | Mem:1.42M, Peak:1.42M | Scene, ViewLayer | Updating Geometry BVH Skull.001 27/104 | Building mesh BLAS |      32 tris | Ivory claw.022
Fra:1 Mem:25.76M (Peak 30.51M) | Time:00:00.25 | Mem:1.42M, Peak:1.42M | Scene, ViewLayer | Updating Geometry BVH Frost muzzle 28/104 | Building BVH
Fra:1 Mem:25.76M (Peak 30.51M) | Time:00:00.25 | Mem:1.42M, Peak:1.42M | Scene, ViewLayer | Updating Geometry BVH Neckerchief folded point.001 98/104 | Building BVH
Fra:1 Mem:25.76M (Peak 30.51M) | Time:00:00.25 | Mem:1.42M, Peak:1.42M | Scene, ViewLayer | Updating Geometry BVH Heart shaped nose.001 29/104 | Building BVH
Fra:1 Mem:25.76M (Peak 30.51M) | Time:00:00.25 | Mem:1.42M, Peak:1.42M | Scene, ViewLayer | Updating Geometry BVH Heart shaped nose.001 29/104 | Building mesh BLAS |    2722 tris | Skull.001
Fra:1 Mem:25.76M (Peak 30.51M) | Time:00:00.25 | Mem:1.42M, Peak:1.42M | Scene, ViewLayer | Updating Geometry BVH Heart shaped nose.001 29/104 | Building mesh BLAS |       6 tris | Heart shaped nose.001
Fra:1 Mem:25.76M (Peak 30.51M) | Time:00:00.25 | Mem:1.42M, Peak:1.42M | Scene, ViewLayer | Updating Geometry BVH Eye socket.002 30/104 | Building BVH
Fra:1 Mem:25.76M (Peak 30.51M) | Time:00:00.25 | Mem:1.42M, Peak:1.42M | Scene, ViewLayer | Updating Geometry BVH Eye socket.002 30/104 | Building mesh BLAS |       4 tris | Neckerchief folded point.001
Fra:1 Mem:25.76M (Peak 30.51M) | Time:00:00.25 | Mem:1.42M, Peak:1.42M | Scene, ViewLayer | Updating Geometry BVH Ivory eye.002 31/104 | Building BVH
Fra:1 Mem:25.76M (Peak 30.51M) | Time:00:00.25 | Mem:1.42M, Peak:1.42M | Scene, ViewLayer | Updating Geometry BVH Ivory eye.002 31/104 | Building mesh BLAS |     480 tris | Eye socket.002
Fra:1 Mem:25.76M (Peak 30.51M) | Time:00:00.25 | Mem:1.42M, Peak:1.42M | Scene, ViewLayer | Updating Geometry BVH Ivory eye.002 31/104 | Building mesh BLAS |     480 tris | Ivory eye.002
Fra:1 Mem:25.76M (Peak 30.51M) | Time:00:00.25 | Mem:1.42M, Peak:1.42M | Scene, ViewLayer | Updating Geometry BVH Iris.002 32/104 | Building BVH
Fra:1 Mem:25.76M (Peak 30.51M) | Time:00:00.25 | Mem:1.42M, Peak:1.42M | Scene, ViewLayer | Updating Geometry BVH Iris.002 32/104 | Building mesh BLAS |     480 tris | Iris.002
Fra:1 Mem:25.76M (Peak 30.51M) | Time:00:00.25 | Mem:1.42M, Peak:1.42M | Scene, ViewLayer | Updating Geometry BVH Pupil.002 33/104 | Building BVH
Fra:1 Mem:25.76M (Peak 30.51M) | Time:00:00.25 | Mem:1.42M, Peak:1.42M | Scene, ViewLayer | Updating Geometry BVH Pupil.002 33/104 | Building mesh BLAS |     320 tris | Pupil.002
Fra:1 Mem:25.76M (Peak 30.51M) | Time:00:00.25 | Mem:1.42M, Peak:1.42M | Scene, ViewLayer | Updating Geometry BVH Eye glint.002 34/104 | Building BVH
Fra:1 Mem:25.76M (Peak 30.51M) | Time:00:00.25 | Mem:1.42M, Peak:1.42M | Scene, ViewLayer | Updating Geometry BVH Eye glint.002 34/104 | Building mesh BLAS |     192 tris | Eye glint.002
Fra:1 Mem:25.76M (Peak 30.51M) | Time:00:00.25 | Mem:1.42M, Peak:1.42M | Scene, ViewLayer | Updating Geometry BVH Leather neckerchief roll.001 97/104 | Building BVH
Fra:1 Mem:25.76M (Peak 30.51M) | Time:00:00.25 | Mem:1.42M, Peak:1.42M | Scene, ViewLayer | Updating Geometry BVH Leather neckerchief roll.001 97/104 | Building mesh BLAS |      76 tris | Leather neckerchief roll.001
Fra:1 Mem:25.76M (Peak 30.51M) | Time:00:00.25 | Mem:1.42M, Peak:1.42M | Scene, ViewLayer | Updating Geometry BVH Expressive brow.002 35/104 | Building BVH
Fra:1 Mem:25.76M (Peak 30.51M) | Time:00:00.25 | Mem:1.42M, Peak:1.42M | Scene, ViewLayer | Updating Geometry BVH Smiling mouth.002 36/104 | Building BVH
Fra:1 Mem:25.76M (Peak 30.51M) | Time:00:00.25 | Mem:1.42M, Peak:1.42M | Scene, ViewLayer | Updating Geometry BVH Smiling mouth.002 36/104 | Building mesh BLAS |      44 tris | Expressive brow.002
Fra:1 Mem:25.76M (Peak 30.51M) | Time:00:00.25 | Mem:1.42M, Peak:1.42M | Scene, ViewLayer | Updating Geometry BVH Smiling mouth.002 36/104 | Building mesh BLAS |      32 tris | Smiling mouth.002
Fra:1 Mem:25.76M (Peak 30.51M) | Time:00:00.25 | Mem:1.42M, Peak:1.42M | Scene, ViewLayer | Updating Geometry BVH Whisker pore.006 37/104 | Building BVH
Fra:1 Mem:25.76M (Peak 30.51M) | Time:00:00.25 | Mem:1.42M, Peak:1.42M | Scene, ViewLayer | Updating Geometry BVH Whisker pore.007 38/104 | Building BVH
Fra:1 Mem:25.76M (Peak 30.51M) | Time:00:00.25 | Mem:1.42M, Peak:1.42M | Scene, ViewLayer | Updating Geometry BVH Whisker pore.007 38/104 | Building mesh BLAS |      64 tris | Whisker pore.006
Fra:1 Mem:25.76M (Peak 30.51M) | Time:00:00.25 | Mem:1.42M, Peak:1.42M | Scene, ViewLayer | Updating Geometry BVH Whisker pore.007 38/104 | Building mesh BLAS |      64 tris | Whisker pore.007
Fra:1 Mem:25.76M (Peak 30.51M) | Time:00:00.25 | Mem:1.42M, Peak:1.42M | Scene, ViewLayer | Updating Geometry BVH Articulated tail.001 96/104 | Building BVH
Fra:1 Mem:25.76M (Peak 30.51M) | Time:00:00.25 | Mem:1.42M, Peak:1.42M | Scene, ViewLayer | Updating Geometry BVH Articulated tail.001 96/104 | Building mesh BLAS |     268 tris | Articulated tail.001
Fra:1 Mem:25.76M (Peak 30.51M) | Time:00:00.25 | Mem:1.42M, Peak:1.42M | Scene, ViewLayer | Updating Geometry BVH Whisker pore.008 39/104 | Building BVH
Fra:1 Mem:25.76M (Peak 30.51M) | Time:00:00.25 | Mem:1.42M, Peak:1.42M | Scene, ViewLayer | Updating Geometry BVH Whisker pore.008 39/104 | Building mesh BLAS |      64 tris | Whisker pore.008
Fra:1 Mem:25.76M (Peak 30.51M) | Time:00:00.25 | Mem:1.42M, Peak:1.42M | Scene, ViewLayer | Updating Geometry BVH Eye socket.003 40/104 | Building BVH
Fra:1 Mem:25.77M (Peak 30.51M) | Time:00:00.25 | Mem:1.42M, Peak:1.42M | Scene, ViewLayer | Updating Geometry BVH Ivory eye.003 41/104 | Building BVH
Fra:1 Mem:25.77M (Peak 30.51M) | Time:00:00.25 | Mem:1.42M, Peak:1.42M | Scene, ViewLayer | Updating Geometry BVH Ivory eye.003 41/104 | Building mesh BLAS |     480 tris | Eye socket.003
Fra:1 Mem:25.77M (Peak 30.51M) | Time:00:00.25 | Mem:1.42M, Peak:1.42M | Scene, ViewLayer | Updating Geometry BVH Ivory eye.003 41/104 | Building mesh BLAS |     480 tris | Ivory eye.003
Fra:1 Mem:25.77M (Peak 30.51M) | Time:00:00.25 | Mem:1.42M, Peak:1.42M | Scene, ViewLayer | Updating Geometry BVH Iris.003 42/104 | Building BVH
Fra:1 Mem:25.77M (Peak 30.51M) | Time:00:00.25 | Mem:1.42M, Peak:1.42M | Scene, ViewLayer | Updating Geometry BVH Iris.003 42/104 | Building mesh BLAS |     480 tris | Iris.003
Fra:1 Mem:25.77M (Peak 30.51M) | Time:00:00.25 | Mem:1.42M, Peak:1.42M | Scene, ViewLayer | Updating Geometry BVH Wrist fur.023 95/104 | Building BVH
Fra:1 Mem:25.77M (Peak 30.51M) | Time:00:00.25 | Mem:1.42M, Peak:1.42M | Scene, ViewLayer | Updating Geometry BVH Wrist fur.023 95/104 | Building mesh BLAS |      44 tris | Wrist fur.023
Fra:1 Mem:25.77M (Peak 30.51M) | Time:00:00.25 | Mem:1.42M, Peak:1.42M | Scene, ViewLayer | Updating Geometry BVH Pupil.003 43/104 | Building BVH
Fra:1 Mem:25.77M (Peak 30.51M) | Time:00:00.25 | Mem:1.42M, Peak:1.42M | Scene, ViewLayer | Updating Geometry BVH Pupil.003 43/104 | Building mesh BLAS |     320 tris | Pupil.003
Fra:1 Mem:25.77M (Peak 30.51M) | Time:00:00.25 | Mem:1.42M, Peak:1.42M | Scene, ViewLayer | Updating Geometry BVH Eye glint.003 44/104 | Building BVH
Fra:1 Mem:25.77M (Peak 30.51M) | Time:00:00.25 | Mem:1.42M, Peak:1.42M | Scene, ViewLayer | Updating Geometry BVH Expressive brow.003 45/104 | Building BVH
Fra:1 Mem:25.77M (Peak 30.51M) | Time:00:00.25 | Mem:1.42M, Peak:1.42M | Scene, ViewLayer | Updating Geometry BVH Expressive brow.003 45/104 | Building mesh BLAS |     192 tris | Eye glint.003
Fra:1 Mem:25.77M (Peak 30.51M) | Time:00:00.25 | Mem:1.42M, Peak:1.42M | Scene, ViewLayer | Updating Geometry BVH Expressive brow.003 45/104 | Building mesh BLAS |      44 tris | Expressive brow.003
Fra:1 Mem:25.77M (Peak 30.51M) | Time:00:00.25 | Mem:1.42M, Peak:1.42M | Scene, ViewLayer | Updating Geometry BVH Smiling mouth.003 46/104 | Building BVH
Fra:1 Mem:25.77M (Peak 30.51M) | Time:00:00.25 | Mem:1.42M, Peak:1.42M | Scene, ViewLayer | Updating Geometry BVH Whisker pore.009 47/104 | Building BVH
Fra:1 Mem:25.77M (Peak 30.51M) | Time:00:00.25 | Mem:1.42M, Peak:1.42M | Scene, ViewLayer | Updating Geometry BVH Whisker pore.009 47/104 | Building mesh BLAS |      32 tris | Smiling mouth.003
Fra:1 Mem:25.77M (Peak 30.51M) | Time:00:00.25 | Mem:1.42M, Peak:1.42M | Scene, ViewLayer | Updating Geometry BVH Whisker pore.009 47/104 | Building mesh BLAS |      64 tris | Whisker pore.009
Fra:1 Mem:25.77M (Peak 30.51M) | Time:00:00.25 | Mem:1.42M, Peak:1.42M | Scene, ViewLayer | Updating Geometry BVH Whisker pore.010 48/104 | Building BVH
Fra:1 Mem:25.77M (Peak 30.51M) | Time:00:00.25 | Mem:1.42M, Peak:1.42M | Scene, ViewLayer | Updating Geometry BVH Whisker pore.010 48/104 | Building mesh BLAS |      64 tris | Whisker pore.010
Fra:1 Mem:25.77M (Peak 30.51M) | Time:00:00.25 | Mem:1.42M, Peak:1.42M | Scene, ViewLayer | Updating Geometry BVH Whisker pore.011 49/104 | Building BVH
Fra:1 Mem:25.77M (Peak 30.51M) | Time:00:00.25 | Mem:1.42M, Peak:1.42M | Scene, ViewLayer | Updating Geometry BVH Whisker pore.011 49/104 | Building mesh BLAS |      64 tris | Whisker pore.011
Fra:1 Mem:25.77M (Peak 30.51M) | Time:00:00.25 | Mem:1.42M, Peak:1.42M | Scene, ViewLayer | Updating Geometry BVH Lower jaw.001 50/104 | Building BVH
Fra:1 Mem:25.77M (Peak 30.51M) | Time:00:00.25 | Mem:1.42M, Peak:1.42M | Scene, ViewLayer | Updating Geometry BVH Lower jaw.001 50/104 | Building mesh BLAS |     400 tris | Lower jaw.001
Fra:1 Mem:25.77M (Peak 30.51M) | Time:00:00.25 | Mem:1.42M, Peak:1.42M | Scene, ViewLayer | Updating Geometry BVH Wrist fur.022 94/104 | Building BVH
Fra:1 Mem:25.77M (Peak 30.51M) | Time:00:00.25 | Mem:1.42M, Peak:1.42M | Scene, ViewLayer | Updating Geometry BVH Mouth cavity.001 51/104 | Building mesh BLAS |      44 tris | Wrist fur.022
Fra:1 Mem:25.77M (Peak 30.51M) | Time:00:00.25 | Mem:1.42M, Peak:1.42M | Scene, ViewLayer | Updating Geometry BVH Lower canine.002 52/104 | Building BVH
Fra:1 Mem:25.77M (Peak 30.51M) | Time:00:00.25 | Mem:1.42M, Peak:1.42M | Scene, ViewLayer | Updating Geometry BVH Lower canine.002 52/104 | Building mesh BLAS |     360 tris | Mouth cavity.001
Fra:1 Mem:25.77M (Peak 30.51M) | Time:00:00.25 | Mem:1.42M, Peak:1.42M | Scene, ViewLayer | Updating Geometry BVH Lower canine.002 52/104 | Building mesh BLAS |      38 tris | Lower canine.002
Fra:1 Mem:25.77M (Peak 30.51M) | Time:00:00.25 | Mem:1.42M, Peak:1.42M | Scene, ViewLayer | Updating Geometry BVH Lower canine.003 53/104 | Building BVH
Fra:1 Mem:25.77M (Peak 30.51M) | Time:00:00.25 | Mem:1.42M, Peak:1.42M | Scene, ViewLayer | Updating Geometry BVH Pointed species ear 54/104 | Building BVH
Fra:1 Mem:25.77M (Peak 30.51M) | Time:00:00.25 | Mem:1.42M, Peak:1.42M | Scene, ViewLayer | Updating Geometry BVH Inner ear 55/104 | Building BVH
Fra:1 Mem:25.77M (Peak 30.51M) | Time:00:00.25 | Mem:1.42M, Peak:1.42M | Scene, ViewLayer | Updating Geometry BVH Pointed species ear.001 56/104 | Building BVH
Fra:1 Mem:25.77M (Peak 30.51M) | Time:00:00.25 | Mem:1.42M, Peak:1.42M | Scene, ViewLayer | Updating Geometry BVH Pointed species ear.001 56/104 | Building mesh BLAS |       3 tris | Inner ear
Fra:1 Mem:25.77M (Peak 30.51M) | Time:00:00.25 | Mem:1.42M, Peak:1.42M | Scene, ViewLayer | Updating Geometry BVH Wrist fur.021 93/104 | Building BVH
Fra:1 Mem:25.77M (Peak 30.51M) | Time:00:00.25 | Mem:1.42M, Peak:1.42M | Scene, ViewLayer | Updating Geometry BVH Inner ear.001 57/104 | Building BVH
Fra:1 Mem:25.77M (Peak 30.51M) | Time:00:00.25 | Mem:1.42M, Peak:1.42M | Scene, ViewLayer | Updating Geometry BVH Inner ear.001 57/104 | Building mesh BLAS |       3 tris | Inner ear.001
Fra:1 Mem:25.77M (Peak 30.51M) | Time:00:00.25 | Mem:1.42M, Peak:1.42M | Scene, ViewLayer | Updating Geometry BVH Swept cheek ruff 58/104 | Building mesh BLAS |       6 tris | Pointed species ear.001
Fra:1 Mem:25.77M (Peak 30.51M) | Time:00:00.25 | Mem:1.42M, Peak:1.42M | Scene, ViewLayer | Updating Geometry BVH Swept cheek ruff 58/104 | Building mesh BLAS |      44 tris | Wrist fur.021
Fra:1 Mem:25.77M (Peak 30.51M) | Time:00:00.25 | Mem:1.42M, Peak:1.42M | Scene, ViewLayer | Updating Geometry BVH Swept cheek ruff.001 59/104 | Building mesh BLAS |      44 tris | Swept cheek ruff
Fra:1 Mem:25.77M (Peak 30.51M) | Time:00:00.25 | Mem:1.42M, Peak:1.42M | Scene, ViewLayer | Updating Geometry BVH Swept cheek ruff.001 59/104 | Building mesh BLAS |      44 tris | Swept cheek ruff.001
Fra:1 Mem:25.77M (Peak 30.51M) | Time:00:00.25 | Mem:1.42M, Peak:1.42M | Scene, ViewLayer | Updating Geometry BVH Swept cheek ruff.002 60/104 | Building BVH
Fra:1 Mem:25.77M (Peak 30.51M) | Time:00:00.25 | Mem:1.42M, Peak:1.42M | Scene, ViewLayer | Updating Geometry BVH Swept cheek ruff.003 61/104 | Building BVH
Fra:1 Mem:25.77M (Peak 30.51M) | Time:00:00.25 | Mem:1.42M, Peak:1.42M | Scene, ViewLayer | Updating Geometry BVH Swept cheek ruff.003 61/104 | Building mesh BLAS |      44 tris | Swept cheek ruff.002
Fra:1 Mem:25.77M (Peak 30.51M) | Time:00:00.25 | Mem:1.42M, Peak:1.42M | Scene, ViewLayer | Updating Geometry BVH Swept cheek ruff.003 61/104 | Building mesh BLAS |      44 tris | Swept cheek ruff.003
Fra:1 Mem:25.77M (Peak 30.51M) | Time:00:00.25 | Mem:1.42M, Peak:1.42M | Scene, ViewLayer | Updating Geometry BVH Swept cheek ruff.004 62/104 | Building BVH
Fra:1 Mem:25.77M (Peak 30.51M) | Time:00:00.25 | Mem:1.42M, Peak:1.42M | Scene, ViewLayer | Updating Geometry BVH Swept cheek ruff.004 62/104 | Building mesh BLAS |      44 tris | Swept cheek ruff.004
Fra:1 Mem:25.77M (Peak 30.51M) | Time:00:00.25 | Mem:1.42M, Peak:1.42M | Scene, ViewLayer | Updating Geometry BVH Swept cheek ruff.005 63/104 | Building BVH
Fra:1 Mem:25.77M (Peak 30.51M) | Time:00:00.25 | Mem:1.42M, Peak:1.42M | Scene, ViewLayer | Updating Geometry BVH Swept cheek ruff.005 63/104 | Building mesh BLAS |      44 tris | Swept cheek ruff.005
Fra:1 Mem:25.77M (Peak 30.51M) | Time:00:00.25 | Mem:1.42M, Peak:1.42M | Scene, ViewLayer | Updating Geometry BVH Layered shoulder fur.023 92/104 | Building BVH
Fra:1 Mem:25.77M (Peak 30.51M) | Time:00:00.25 | Mem:1.42M, Peak:1.42M | Scene, ViewLayer | Updating Geometry BVH Swept cheek ruff.006 64/104 | Building BVH
Fra:1 Mem:25.77M (Peak 30.51M) | Time:00:00.25 | Mem:1.42M, Peak:1.42M | Scene, ViewLayer | Updating Geometry BVH Swept cheek ruff.007 65/104 | Building BVH
Fra:1 Mem:25.77M (Peak 30.51M) | Time:00:00.25 | Mem:1.42M, Peak:1.42M | Scene, ViewLayer | Updating Geometry BVH Swept cheek ruff.007 65/104 | Building mesh BLAS |      44 tris | Swept cheek ruff.006
Fra:1 Mem:25.77M (Peak 30.51M) | Time:00:00.25 | Mem:1.42M, Peak:1.42M | Scene, ViewLayer | Updating Geometry BVH Swept cheek ruff.007 65/104 | Building mesh BLAS |      44 tris | Swept cheek ruff.007
Fra:1 Mem:25.77M (Peak 30.51M) | Time:00:00.25 | Mem:1.42M, Peak:1.42M | Scene, ViewLayer | Updating Geometry BVH Ice swept crest 66/104 | Building BVH
Fra:1 Mem:25.77M (Peak 30.51M) | Time:00:00.25 | Mem:1.42M, Peak:1.42M | Scene, ViewLayer | Updating Geometry BVH Ice swept crest.001 67/104 | Building BVH
Fra:1 Mem:25.77M (Peak 30.51M) | Time:00:00.25 | Mem:1.42M, Peak:1.42M | Scene, ViewLayer | Updating Geometry BVH Ice swept crest.001 67/104 | Building mesh BLAS |      44 tris | Ice swept crest
Fra:1 Mem:25.77M (Peak 30.51M) | Time:00:00.25 | Mem:1.42M, Peak:1.42M | Scene, ViewLayer | Updating Geometry BVH Ice swept crest.001 67/104 | Building mesh BLAS |      44 tris | Ice swept crest.001
Fra:1 Mem:25.77M (Peak 30.51M) | Time:00:00.25 | Mem:1.42M, Peak:1.42M | Scene, ViewLayer | Updating Geometry BVH Ice swept crest.002 68/104 | Building BVH
Fra:1 Mem:25.77M (Peak 30.51M) | Time:00:00.25 | Mem:1.42M, Peak:1.42M | Scene, ViewLayer | Updating Geometry BVH Ice swept crest.002 68/104 | Building mesh BLAS |      44 tris | Ice swept crest.002
Fra:1 Mem:25.77M (Peak 30.51M) | Time:00:00.25 | Mem:1.42M, Peak:1.42M | Scene, ViewLayer | Updating Geometry BVH Ice swept crest.003 69/104 | Building BVH
Fra:1 Mem:25.77M (Peak 30.51M) | Time:00:00.25 | Mem:1.42M, Peak:1.42M | Scene, ViewLayer | Updating Geometry BVH Ice swept crest.003 69/104 | Building mesh BLAS |      44 tris | Ice swept crest.003
Fra:1 Mem:25.77M (Peak 30.51M) | Time:00:00.25 | Mem:1.42M, Peak:1.42M | Scene, ViewLayer | Updating Geometry BVH Ice swept crest.004 70/104 | Building BVH
Fra:1 Mem:25.77M (Peak 30.51M) | Time:00:00.25 | Mem:1.42M, Peak:1.42M | Scene, ViewLayer | Updating Geometry BVH Ice swept crest.004 70/104 | Building mesh BLAS |      44 tris | Ice swept crest.004
Fra:1 Mem:25.77M (Peak 30.51M) | Time:00:00.26 | Mem:1.42M, Peak:1.42M | Scene, ViewLayer | Updating Geometry BVH Layered shoulder fur.022 91/104 | Building BVH
Fra:1 Mem:25.77M (Peak 30.51M) | Time:00:00.26 | Mem:1.42M, Peak:1.42M | Scene, ViewLayer | Updating Geometry BVH Layered shoulder fur.022 91/104 | Building mesh BLAS |      44 tris | Layered shoulder fur.022
Fra:1 Mem:25.77M (Peak 30.51M) | Time:00:00.26 | Mem:1.42M, Peak:1.42M | Scene, ViewLayer | Updating Geometry BVH Ice swept crest.005 71/104 | Building BVH
Fra:1 Mem:25.77M (Peak 30.51M) | Time:00:00.26 | Mem:1.42M, Peak:1.42M | Scene, ViewLayer | Updating Geometry BVH Ice swept crest.005 71/104 | Building mesh BLAS |      44 tris | Ice swept crest.005
Fra:1 Mem:25.77M (Peak 30.51M) | Time:00:00.26 | Mem:1.42M, Peak:1.42M | Scene, ViewLayer | Updating Geometry BVH Layered shoulder fur.012 72/104 | Building BVH
Fra:1 Mem:25.77M (Peak 30.51M) | Time:00:00.26 | Mem:1.42M, Peak:1.42M | Scene, ViewLayer | Updating Geometry BVH Layered shoulder fur.012 72/104 | Building mesh BLAS |      44 tris | Layered shoulder fur.012
Fra:1 Mem:25.77M (Peak 30.51M) | Time:00:00.26 | Mem:1.42M, Peak:1.42M | Scene, ViewLayer | Updating Geometry BVH Layered shoulder fur.014 74/104 | Building BVH
Fra:1 Mem:25.77M (Peak 30.51M) | Time:00:00.26 | Mem:1.42M, Peak:1.42M | Scene, ViewLayer | Updating Geometry BVH Layered shoulder fur.013 73/104 | Building BVH
Fra:1 Mem:25.77M (Peak 30.51M) | Time:00:00.26 | Mem:1.42M, Peak:1.42M | Scene, ViewLayer | Updating Geometry BVH Layered shoulder fur.013 73/104 | Building mesh BLAS |      44 tris | Layered shoulder fur.013
Fra:1 Mem:25.77M (Peak 30.51M) | Time:00:00.26 | Mem:1.42M, Peak:1.42M | Scene, ViewLayer | Updating Geometry BVH Layered shoulder fur.013 73/104 | Building mesh BLAS |      44 tris | Layered shoulder fur.014
Fra:1 Mem:25.77M (Peak 30.51M) | Time:00:00.26 | Mem:1.42M, Peak:1.42M | Scene, ViewLayer | Updating Geometry BVH Wrist fur.012 75/104 | Building BVH
Fra:1 Mem:25.77M (Peak 30.51M) | Time:00:00.26 | Mem:1.42M, Peak:1.42M | Scene, ViewLayer | Updating Geometry BVH Wrist fur.012 75/104 | Building mesh BLAS |      44 tris | Wrist fur.012
Fra:1 Mem:25.77M (Peak 30.51M) | Time:00:00.26 | Mem:1.42M, Peak:1.42M | Scene, ViewLayer | Updating Geometry BVH Wrist fur.013 76/104 | Building BVH
Fra:1 Mem:25.77M (Peak 30.51M) | Time:00:00.26 | Mem:1.42M, Peak:1.42M | Scene, ViewLayer | Updating Geometry BVH Wrist fur.013 76/104 | Building mesh BLAS |      44 tris | Wrist fur.013
Fra:1 Mem:25.77M (Peak 30.51M) | Time:00:00.26 | Mem:1.42M, Peak:1.42M | Scene, ViewLayer | Updating Geometry BVH Wrist fur.014 77/104 | Building BVH
Fra:1 Mem:25.77M (Peak 30.51M) | Time:00:00.26 | Mem:1.42M, Peak:1.42M | Scene, ViewLayer | Updating Geometry BVH Wrist fur.014 77/104 | Building mesh BLAS |      44 tris | Wrist fur.014
Fra:1 Mem:25.77M (Peak 30.51M) | Time:00:00.26 | Mem:1.42M, Peak:1.42M | Scene, ViewLayer | Updating Geometry BVH Layered shoulder fur.021 90/104 | Building BVH
Fra:1 Mem:25.77M (Peak 30.51M) | Time:00:00.26 | Mem:1.42M, Peak:1.42M | Scene, ViewLayer | Updating Geometry BVH Layered shoulder fur.021 90/104 | Building mesh BLAS |      44 tris | Layered shoulder fur.021
Fra:1 Mem:25.77M (Peak 30.51M) | Time:00:00.26 | Mem:1.42M, Peak:1.42M | Scene, ViewLayer | Updating Geometry BVH Layered shoulder fur.015 78/104 | Building BVH
Fra:1 Mem:25.77M (Peak 30.51M) | Time:00:00.26 | Mem:1.43M, Peak:1.43M | Scene, ViewLayer | Updating Geometry BVH Layered shoulder fur.016 79/104 | Building BVH
Fra:1 Mem:25.77M (Peak 30.51M) | Time:00:00.26 | Mem:1.43M, Peak:1.43M | Scene, ViewLayer | Updating Geometry BVH Layered shoulder fur.016 79/104 | Building mesh BLAS |      44 tris | Layered shoulder fur.015
Fra:1 Mem:25.77M (Peak 30.51M) | Time:00:00.26 | Mem:1.43M, Peak:1.43M | Scene, ViewLayer | Updating Geometry BVH Layered shoulder fur.016 79/104 | Building mesh BLAS |      44 tris | Layered shoulder fur.016
Fra:1 Mem:25.77M (Peak 30.51M) | Time:00:00.26 | Mem:1.43M, Peak:1.43M | Scene, ViewLayer | Updating Geometry BVH Layered shoulder fur.017 80/104 | Building BVH
Fra:1 Mem:25.77M (Peak 30.51M) | Time:00:00.26 | Mem:1.43M, Peak:1.43M | Scene, ViewLayer | Updating Geometry BVH Wrist fur.015 81/104 | Building BVH
Fra:1 Mem:25.77M (Peak 30.51M) | Time:00:00.26 | Mem:1.43M, Peak:1.43M | Scene, ViewLayer | Updating Geometry BVH Wrist fur.015 81/104 | Building mesh BLAS |      44 tris | Layered shoulder fur.017
Fra:1 Mem:25.77M (Peak 30.51M) | Time:00:00.26 | Mem:1.43M, Peak:1.43M | Scene, ViewLayer | Updating Geometry BVH Wrist fur.015 81/104 | Building mesh BLAS |      44 tris | Wrist fur.015
Fra:1 Mem:25.77M (Peak 30.51M) | Time:00:00.26 | Mem:1.43M, Peak:1.43M | Scene, ViewLayer | Updating Geometry BVH Wrist fur.016 82/104 | Building BVH
Fra:1 Mem:25.77M (Peak 30.51M) | Time:00:00.26 | Mem:1.43M, Peak:1.43M | Scene, ViewLayer | Updating Geometry BVH Wrist fur.016 82/104 | Building mesh BLAS |      44 tris | Wrist fur.016
Fra:1 Mem:25.77M (Peak 30.51M) | Time:00:00.26 | Mem:1.43M, Peak:1.43M | Scene, ViewLayer | Updating Geometry BVH Wrist fur.017 83/104 | Building BVH
Fra:1 Mem:25.77M (Peak 30.51M) | Time:00:00.26 | Mem:1.43M, Peak:1.43M | Scene, ViewLayer | Updating Geometry BVH Wrist fur.017 83/104 | Building mesh BLAS |      44 tris | Wrist fur.017
Fra:1 Mem:25.77M (Peak 30.51M) | Time:00:00.26 | Mem:1.43M, Peak:1.43M | Scene, ViewLayer | Updating Geometry BVH Layered shoulder fur.018 84/104 | Building BVH
Fra:1 Mem:25.77M (Peak 30.51M) | Time:00:00.26 | Mem:1.43M, Peak:1.43M | Scene, ViewLayer | Updating Geometry BVH Layered shoulder fur.018 84/104 | Building mesh BLAS |      44 tris | Layered shoulder fur.018
Fra:1 Mem:25.77M (Peak 30.51M) | Time:00:00.26 | Mem:1.43M, Peak:1.43M | Scene, ViewLayer | Updating Geometry BVH Wrist fur.020 89/104 | Building BVH
Fra:1 Mem:25.77M (Peak 30.51M) | Time:00:00.26 | Mem:1.43M, Peak:1.43M | Scene, ViewLayer | Updating Geometry BVH Wrist fur.020 89/104 | Building mesh BLAS |      44 tris | Wrist fur.020
Fra:1 Mem:25.77M (Peak 30.51M) | Time:00:00.27 | Mem:1.43M, Peak:1.43M | Scene, ViewLayer | Updating Geometry BVH Layered shoulder fur.019 85/104 | Building BVH
Fra:1 Mem:25.77M (Peak 30.51M) | Time:00:00.27 | Mem:1.44M, Peak:1.44M | Scene, ViewLayer | Updating Geometry BVH Layered shoulder fur.019 85/104 | Building mesh BLAS |      44 tris | Layered shoulder fur.020
Fra:1 Mem:25.77M (Peak 30.51M) | Time:00:00.27 | Mem:1.44M, Peak:1.44M | Scene, ViewLayer | Updating Geometry BVH Wrist fur.018 87/104 | Building BVH
Fra:1 Mem:25.77M (Peak 30.51M) | Time:00:00.27 | Mem:1.44M, Peak:1.44M | Scene, ViewLayer | Updating Geometry BVH Wrist fur.019 88/104 | Building BVH
Fra:1 Mem:25.77M (Peak 30.51M) | Time:00:00.27 | Mem:1.44M, Peak:1.44M | Scene, ViewLayer | Updating Geometry BVH Wrist fur.019 88/104 | Building mesh BLAS |      44 tris | Wrist fur.018
Fra:1 Mem:25.77M (Peak 30.51M) | Time:00:00.27 | Mem:1.65M, Peak:1.65M | Scene, ViewLayer | Updating Geometry BVH Wrist fur.019 88/104 | Building mesh BLAS |      44 tris | Wrist fur.019
Fra:1 Mem:25.77M (Peak 30.51M) | Time:00:00.27 | Mem:1.65M, Peak:1.65M | Scene, ViewLayer | Updating Geometry BVH Wrist fur.019 88/104 | Building mesh BLAS |      44 tris | Layered shoulder fur.019
Fra:1 Mem:25.77M (Peak 30.51M) | Time:00:00.27 | Mem:1.73M, Peak:1.73M | Scene, ViewLayer | Updating Scene BVH | Building
Fra:1 Mem:25.77M (Peak 30.51M) | Time:00:00.28 | Mem:2.26M, Peak:2.26M | Scene, ViewLayer | Updating Scene BVH | Building TLAS      |     104 instances
Fra:1 Mem:25.77M (Peak 30.51M) | Time:00:00.28 | Mem:2.30M, Peak:2.30M | Scene, ViewLayer | Updating Scene BVH | Copying BVH to device
Fra:1 Mem:25.77M (Peak 30.51M) | Time:00:00.28 | Mem:2.30M, Peak:2.30M | Scene, ViewLayer | Updating Mesh | Computing normals
Fra:1 Mem:26.26M (Peak 30.51M) | Time:00:00.28 | Mem:2.30M, Peak:2.30M | Scene, ViewLayer | Updating Mesh | Copying Mesh to device
Fra:1 Mem:25.77M (Peak 30.51M) | Time:00:00.28 | Mem:2.80M, Peak:2.80M | Scene, ViewLayer | Updating Objects Flags
Fra:1 Mem:25.77M (Peak 30.51M) | Time:00:00.28 | Mem:2.80M, Peak:2.80M | Scene, ViewLayer | Updating Primitive Offsets
Fra:1 Mem:25.77M (Peak 30.51M) | Time:00:00.28 | Mem:2.80M, Peak:2.80M | Scene, ViewLayer | Updating Images
Fra:1 Mem:25.77M (Peak 30.51M) | Time:00:00.28 | Mem:2.80M, Peak:2.80M | Scene, ViewLayer | Updating Camera Volume
Fra:1 Mem:25.77M (Peak 30.51M) | Time:00:00.28 | Mem:2.80M, Peak:2.80M | Scene, ViewLayer | Updating Lookup Tables
Fra:1 Mem:25.69M (Peak 30.51M) | Time:00:00.28 | Mem:2.89M, Peak:2.89M | Scene, ViewLayer | Updating Lights
Fra:1 Mem:25.69M (Peak 30.51M) | Time:00:00.28 | Mem:2.89M, Peak:2.89M | Scene, ViewLayer | Updating Lights | Computing tree
Fra:1 Mem:25.69M (Peak 30.51M) | Time:00:00.28 | Mem:2.89M, Peak:2.89M | Scene, ViewLayer | Updating Integrator
Fra:1 Mem:25.69M (Peak 30.51M) | Time:00:00.28 | Mem:2.89M, Peak:2.89M | Scene, ViewLayer | Updating Film
Fra:1 Mem:25.77M (Peak 30.51M) | Time:00:00.28 | Mem:2.80M, Peak:2.89M | Scene, ViewLayer | Updating Lookup Tables
Fra:1 Mem:25.69M (Peak 30.51M) | Time:00:00.28 | Mem:2.89M, Peak:2.89M | Scene, ViewLayer | Updating Baking
Fra:1 Mem:25.69M (Peak 30.51M) | Time:00:00.28 | Mem:2.89M, Peak:2.89M | Scene, ViewLayer | Updating Device | Writing constant memory
Fra:1 Mem:25.69M (Peak 30.51M) | Time:00:00.32 | Mem:2.89M, Peak:2.89M | Scene, ViewLayer | Loading denoising kernels (may take a few minutes the first time)
Fra:1 Mem:25.69M (Peak 57.69M) | Time:00:00.33 | Mem:2818.90M, Peak:2818.90M | Scene, ViewLayer | Sample 0/12 (Using optimized kernels)
Fra:1 Mem:25.68M (Peak 61.20M) | Time:00:00.52 | Remaining:00:02.10 | Mem:2854.45M, Peak:2854.45M | Scene, ViewLayer | Sample 1/12 (Using optimized kernels)
Fra:1 Mem:40.64M (Peak 63.07M) | Time:00:03.70 | Mem:2854.45M, Peak:2854.45M | Scene, ViewLayer | Sample 12/12 (Using optimized kernels)
Fra:1 Mem:40.64M (Peak 63.07M) | Time:00:03.70 | Mem:2854.45M, Peak:2854.45M | Scene, ViewLayer | Finished
Saved: '/Users/chikumatsuboi/Code/animal-racers-western/assets/source/western/qa/wolf-race_idle-01.png'
Time: 00:03.92 (Saving: 00:00.17)

Fra:1 Mem:29.00M (Peak 29.00M) | Time:00:00.00 | Mem:0.02M, Peak:0.02M | Scene, ViewLayer | Synchronizing object | Body • continuous sculpted skin
Fra:1 Mem:29.00M (Peak 29.00M) | Time:00:00.00 | Mem:0.02M, Peak:0.02M | Scene, ViewLayer | Synchronizing object | Ivory claw.002
Fra:1 Mem:29.26M (Peak 29.26M) | Time:00:00.00 | Mem:0.02M, Peak:0.02M | Scene, ViewLayer | Synchronizing object | Paw toe.003
Fra:1 Mem:29.30M (Peak 29.30M) | Time:00:00.00 | Mem:0.02M, Peak:0.02M | Scene, ViewLayer | Synchronizing object | Ivory claw.003
Fra:1 Mem:29.33M (Peak 29.33M) | Time:00:00.00 | Mem:0.02M, Peak:0.02M | Scene, ViewLayer | Synchronizing object | Paw toe.005
Fra:1 Mem:29.34M (Peak 29.34M) | Time:00:00.00 | Mem:0.02M, Peak:0.02M | Scene, ViewLayer | Synchronizing object | Ivory claw.005
Fra:1 Mem:29.40M (Peak 29.40M) | Time:00:00.00 | Mem:0.02M, Peak:0.02M | Scene, ViewLayer | Synchronizing object | Ivory claw.006
Fra:1 Mem:29.50M (Peak 29.50M) | Time:00:00.00 | Mem:0.02M, Peak:0.02M | Scene, ViewLayer | Synchronizing object | Paw toe.007
Fra:1 Mem:29.51M (Peak 29.51M) | Time:00:00.00 | Mem:0.02M, Peak:0.02M | Scene, ViewLayer | Synchronizing object | Ivory claw.007
Fra:1 Mem:29.52M (Peak 29.52M) | Time:00:00.00 | Mem:0.02M, Peak:0.02M | Scene, ViewLayer | Synchronizing object | Ivory claw.008
Fra:1 Mem:29.53M (Peak 29.53M) | Time:00:00.00 | Mem:0.02M, Peak:0.02M | Scene, ViewLayer | Synchronizing object | Paw toe.009
Fra:1 Mem:29.54M (Peak 29.54M) | Time:00:00.00 | Mem:0.02M, Peak:0.02M | Scene, ViewLayer | Synchronizing object | Paw toe.010
Fra:1 Mem:29.57M (Peak 29.57M) | Time:00:00.00 | Mem:0.02M, Peak:0.02M | Scene, ViewLayer | Synchronizing object | Paw toe.011
Fra:1 Mem:29.62M (Peak 29.62M) | Time:00:00.00 | Mem:0.02M, Peak:0.02M | Scene, ViewLayer | Synchronizing object | Ivory claw.011
Fra:1 Mem:29.60M (Peak 29.62M) | Time:00:00.00 | Mem:0.02M, Peak:0.02M | Scene, ViewLayer | Synchronizing object | Head • species sculpt
Fra:1 Mem:29.61M (Peak 29.62M) | Time:00:00.00 | Mem:0.02M, Peak:0.02M | Scene, ViewLayer | Synchronizing object | Frost muzzle
Fra:1 Mem:29.76M (Peak 29.76M) | Time:00:00.00 | Mem:0.02M, Peak:0.02M | Scene, ViewLayer | Synchronizing object | Eye socket
Fra:1 Mem:29.88M (Peak 29.88M) | Time:00:00.00 | Mem:0.02M, Peak:0.02M | Scene, ViewLayer | Synchronizing object | Ivory eye
Fra:1 Mem:29.87M (Peak 29.88M) | Time:00:00.00 | Mem:0.02M, Peak:0.02M | Scene, ViewLayer | Synchronizing object | Iris
Fra:1 Mem:29.91M (Peak 29.91M) | Time:00:00.00 | Mem:0.02M, Peak:0.02M | Scene, ViewLayer | Synchronizing object | Pupil
Fra:1 Mem:29.92M (Peak 29.92M) | Time:00:00.00 | Mem:0.02M, Peak:0.02M | Scene, ViewLayer | Synchronizing object | Warm rim
Fra:1 Mem:30.03M (Peak 30.03M) | Time:00:00.00 | Mem:0.02M, Peak:0.02M | Scene, ViewLayer | Synchronizing object | Smiling mouth
Fra:1 Mem:30.04M (Peak 30.04M) | Time:00:00.00 | Mem:0.02M, Peak:0.02M | Scene, ViewLayer | Synchronizing object | Whisker pore.001
Fra:1 Mem:30.04M (Peak 30.04M) | Time:00:00.00 | Mem:0.02M, Peak:0.02M | Scene, ViewLayer | Synchronizing object | Eye socket.001
Fra:1 Mem:30.05M (Peak 30.05M) | Time:00:00.00 | Mem:0.02M, Peak:0.02M | Scene, ViewLayer | Synchronizing object | Ivory eye.001
Fra:1 Mem:30.08M (Peak 30.08M) | Time:00:00.00 | Mem:0.02M, Peak:0.02M | Scene, ViewLayer | Synchronizing object | Iris.001
Fra:1 Mem:30.13M (Peak 30.13M) | Time:00:00.00 | Mem:0.02M, Peak:0.02M | Scene, ViewLayer | Synchronizing object | Pupil.001
Fra:1 Mem:30.13M (Peak 30.13M) | Time:00:00.00 | Mem:0.02M, Peak:0.02M | Scene, ViewLayer | Synchronizing object | Eye glint.001
Fra:1 Mem:30.16M (Peak 30.16M) | Time:00:00.00 | Mem:0.02M, Peak:0.02M | Scene, ViewLayer | Synchronizing object | Expressive brow.001
Fra:1 Mem:30.17M (Peak 30.17M) | Time:00:00.00 | Mem:0.02M, Peak:0.02M | Scene, ViewLayer | Synchronizing object | Smiling mouth.001
Fra:1 Mem:30.18M (Peak 30.18M) | Time:00:00.00 | Mem:0.02M, Peak:0.02M | Scene, ViewLayer | Synchronizing object | Whisker pore.004
Fra:1 Mem:30.18M (Peak 30.18M) | Time:00:00.00 | Mem:0.02M, Peak:0.02M | Scene, ViewLayer | Synchronizing object | Whisker pore.005
Fra:1 Mem:30.21M (Peak 30.21M) | Time:00:00.00 | Mem:0.02M, Peak:0.02M | Scene, ViewLayer | Synchronizing object | Lower jaw
Fra:1 Mem:30.23M (Peak 30.23M) | Time:00:00.00 | Mem:0.02M, Peak:0.02M | Scene, ViewLayer | Synchronizing object | Mouth cavity
Fra:1 Mem:30.24M (Peak 30.24M) | Time:00:00.00 | Mem:0.02M, Peak:0.02M | Scene, ViewLayer | Synchronizing object | Lower canine
Fra:1 Mem:30.26M (Peak 30.26M) | Time:00:00.00 | Mem:0.02M, Peak:0.02M | Scene, ViewLayer | Synchronizing object | Lower canine.001
Fra:1 Mem:30.26M (Peak 30.26M) | Time:00:00.00 | Mem:0.02M, Peak:0.02M | Scene, ViewLayer | Synchronizing object | Pointed species ear
Fra:1 Mem:30.27M (Peak 30.27M) | Time:00:00.00 | Mem:0.02M, Peak:0.02M | Scene, ViewLayer | Synchronizing object | Inner ear
Fra:1 Mem:30.29M (Peak 30.29M) | Time:00:00.00 | Mem:0.02M, Peak:0.02M | Scene, ViewLayer | Synchronizing object | Pointed species ear.001
Fra:1 Mem:30.31M (Peak 30.31M) | Time:00:00.00 | Mem:0.02M, Peak:0.02M | Scene, ViewLayer | Synchronizing object | Inner ear.001
Fra:1 Mem:30.31M (Peak 30.31M) | Time:00:00.00 | Mem:0.02M, Peak:0.02M | Scene, ViewLayer | Synchronizing object | Swept cheek ruff
Fra:1 Mem:30.31M (Peak 30.31M) | Time:00:00.00 | Mem:0.02M, Peak:0.02M | Scene, ViewLayer | Synchronizing object | Swept cheek ruff.002
Fra:1 Mem:30.31M (Peak 30.31M) | Time:00:00.00 | Mem:0.02M, Peak:0.02M | Scene, ViewLayer | Synchronizing object | Swept cheek ruff.003
Fra:1 Mem:30.31M (Peak 30.31M) | Time:00:00.00 | Mem:0.02M, Peak:0.02M | Scene, ViewLayer | Synchronizing object | Swept cheek ruff.004
Fra:1 Mem:30.32M (Peak 30.32M) | Time:00:00.00 | Mem:0.02M, Peak:0.02M | Scene, ViewLayer | Synchronizing object | Swept cheek ruff.005
Fra:1 Mem:30.33M (Peak 30.33M) | Time:00:00.00 | Mem:0.02M, Peak:0.02M | Scene, ViewLayer | Synchronizing object | Swept cheek ruff.006
Fra:1 Mem:30.33M (Peak 30.33M) | Time:00:00.00 | Mem:0.02M, Peak:0.02M | Scene, ViewLayer | Synchronizing object | Swept cheek ruff.007
Fra:1 Mem:30.33M (Peak 30.33M) | Time:00:00.00 | Mem:0.02M, Peak:0.02M | Scene, ViewLayer | Synchronizing object | Ice swept crest
Fra:1 Mem:30.34M (Peak 30.34M) | Time:00:00.00 | Mem:0.02M, Peak:0.02M | Scene, ViewLayer | Synchronizing object | Ice swept crest.002
Fra:1 Mem:30.35M (Peak 30.35M) | Time:00:00.00 | Mem:0.02M, Peak:0.02M | Scene, ViewLayer | Synchronizing object | Ice swept crest.003
Fra:1 Mem:30.36M (Peak 30.36M) | Time:00:00.00 | Mem:0.02M, Peak:0.02M | Scene, ViewLayer | Synchronizing object | Ice swept crest.005
Fra:1 Mem:30.35M (Peak 30.36M) | Time:00:00.00 | Mem:0.02M, Peak:0.02M | Scene, ViewLayer | Synchronizing object | Layered shoulder fur
Fra:1 Mem:30.35M (Peak 30.36M) | Time:00:00.00 | Mem:0.02M, Peak:0.02M | Scene, ViewLayer | Synchronizing object | Layered shoulder fur.001
Fra:1 Mem:30.37M (Peak 30.37M) | Time:00:00.00 | Mem:0.02M, Peak:0.02M | Scene, ViewLayer | Synchronizing object | Layered shoulder fur.002
Fra:1 Mem:30.36M (Peak 30.37M) | Time:00:00.00 | Mem:0.02M, Peak:0.02M | Scene, ViewLayer | Synchronizing object | Wrist fur
Fra:1 Mem:30.37M (Peak 30.37M) | Time:00:00.00 | Mem:0.02M, Peak:0.02M | Scene, ViewLayer | Synchronizing object | Wrist fur.001
Fra:1 Mem:30.38M (Peak 30.38M) | Time:00:00.00 | Mem:0.02M, Peak:0.02M | Scene, ViewLayer | Synchronizing object | Wrist fur.002
Fra:1 Mem:30.37M (Peak 30.38M) | Time:00:00.00 | Mem:0.02M, Peak:0.02M | Scene, ViewLayer | Synchronizing object | Layered shoulder fur.004
Fra:1 Mem:30.38M (Peak 30.38M) | Time:00:00.00 | Mem:0.02M, Peak:0.02M | Scene, ViewLayer | Synchronizing object | Plane
Fra:1 Mem:30.38M (Peak 30.38M) | Time:00:00.00 | Mem:0.02M, Peak:0.02M | Scene, ViewLayer | Synchronizing object | Layered shoulder fur.005
Fra:1 Mem:30.38M (Peak 30.38M) | Time:00:00.00 | Mem:0.02M, Peak:0.02M | Scene, ViewLayer | Synchronizing object | Wrist fur.003
Fra:1 Mem:30.39M (Peak 30.39M) | Time:00:00.00 | Mem:0.02M, Peak:0.02M | Scene, ViewLayer | Synchronizing object | Wrist fur.004
Fra:1 Mem:30.39M (Peak 30.39M) | Time:00:00.00 | Mem:0.02M, Peak:0.02M | Scene, ViewLayer | Synchronizing object | Wrist fur.005
Fra:1 Mem:30.39M (Peak 30.39M) | Time:00:00.00 | Mem:0.02M, Peak:0.02M | Scene, ViewLayer | Synchronizing object | Layered shoulder fur.006
Fra:1 Mem:30.40M (Peak 30.40M) | Time:00:00.00 | Mem:0.02M, Peak:0.02M | Scene, ViewLayer | Synchronizing object | Layered shoulder fur.007
Fra:1 Mem:30.40M (Peak 30.40M) | Time:00:00.00 | Mem:0.02M, Peak:0.02M | Scene, ViewLayer | Synchronizing object | Layered shoulder fur.008
Fra:1 Mem:30.41M (Peak 30.41M) | Time:00:00.00 | Mem:0.02M, Peak:0.02M | Scene, ViewLayer | Synchronizing object | Wrist fur.007
Fra:1 Mem:30.41M (Peak 30.41M) | Time:00:00.00 | Mem:0.02M, Peak:0.02M | Scene, ViewLayer | Synchronizing object | Wrist fur.008
Fra:1 Mem:30.42M (Peak 30.42M) | Time:00:00.00 | Mem:0.02M, Peak:0.02M | Scene, ViewLayer | Synchronizing object | Layered shoulder fur.009
Fra:1 Mem:30.42M (Peak 30.42M) | Time:00:00.00 | Mem:0.02M, Peak:0.02M | Scene, ViewLayer | Synchronizing object | Raised elemental crest
Fra:1 Mem:30.42M (Peak 30.42M) | Time:00:00.00 | Mem:0.02M, Peak:0.02M | Scene, ViewLayer | Synchronizing object | Brass crest clasp
Fra:1 Mem:30.43M (Peak 30.43M) | Time:00:00.00 | Mem:0.02M, Peak:0.02M | Scene, ViewLayer | Synchronizing object | Layered shoulder fur.011
Fra:1 Mem:30.46M (Peak 30.46M) | Time:00:00.00 | Mem:0.02M, Peak:0.02M | Scene, ViewLayer | Synchronizing object | Wrist fur.009
Fra:1 Mem:30.45M (Peak 30.46M) | Time:00:00.00 | Mem:0.02M, Peak:0.02M | Scene, ViewLayer | Synchronizing object | Neckerchief folded point
Fra:1 Mem:30.46M (Peak 30.46M) | Time:00:00.00 | Mem:0.02M, Peak:0.02M | Scene, ViewLayer | Synchronizing object | Leather neckerchief roll
Fra:1 Mem:30.47M (Peak 30.47M) | Time:00:00.00 | Mem:0.02M, Peak:0.02M | Scene, ViewLayer | Synchronizing object | Articulated tail
Fra:1 Mem:30.51M (Peak 30.51M) | Time:00:00.00 | Mem:0.02M, Peak:0.02M | Scene, ViewLayer | Initializing
Fra:1 Mem:28.90M (Peak 30.51M) | Time:00:00.01 | Mem:0.02M, Peak:0.02M | Scene, ViewLayer | Updating Images | Loading Authored short-fur normal
Fra:1 Mem:24.92M (Peak 30.51M) | Time:00:00.01 | Mem:0.27M, Peak:0.27M | Scene, ViewLayer | Waiting for render to start
Fra:1 Mem:24.92M (Peak 30.51M) | Time:00:00.01 | Mem:0.27M, Peak:0.27M | Scene, ViewLayer | Updating Scene
Fra:1 Mem:24.92M (Peak 30.51M) | Time:00:00.01 | Mem:0.27M, Peak:0.27M | Scene, ViewLayer | Updating Shaders
Fra:1 Mem:24.92M (Peak 30.51M) | Time:00:00.01 | Mem:0.27M, Peak:0.27M | Scene, ViewLayer | Loading render kernels (may take a few minutes the first time)
Fra:1 Mem:25.00M (Peak 30.51M) | Time:00:00.07 | Mem:0.28M, Peak:0.28M | Scene, ViewLayer | Updating Procedurals
Fra:1 Mem:25.00M (Peak 30.51M) | Time:00:00.07 | Mem:0.28M, Peak:0.28M | Scene, ViewLayer | Updating Background
Fra:1 Mem:25.00M (Peak 30.51M) | Time:00:00.07 | Mem:0.28M, Peak:0.28M | Scene, ViewLayer | Updating Camera
Fra:1 Mem:25.00M (Peak 30.51M) | Time:00:00.07 | Mem:0.28M, Peak:0.28M | Scene, ViewLayer | Updating Meshes Flags
Fra:1 Mem:25.00M (Peak 30.51M) | Time:00:00.07 | Mem:0.28M, Peak:0.28M | Scene, ViewLayer | Updating Objects
Fra:1 Mem:25.00M (Peak 30.51M) | Time:00:00.07 | Mem:0.28M, Peak:0.28M | Scene, ViewLayer | Updating Objects | Copying Transformations to device
Fra:1 Mem:25.00M (Peak 30.51M) | Time:00:00.07 | Mem:0.31M, Peak:0.31M | Scene, ViewLayer | Updating Particle Systems
Fra:1 Mem:25.00M (Peak 30.51M) | Time:00:00.07 | Mem:0.31M, Peak:0.31M | Scene, ViewLayer | Updating Particle Systems | Copying Particles to device
Fra:1 Mem:25.00M (Peak 30.51M) | Time:00:00.07 | Mem:0.31M, Peak:0.31M | Scene, ViewLayer | Updating Meshes
Fra:1 Mem:25.76M (Peak 30.51M) | Time:00:00.08 | Mem:0.31M, Peak:0.31M | Scene, ViewLayer | Updating Objects | Applying Static Transformations
Fra:1 Mem:25.76M (Peak 30.51M) | Time:00:00.08 | Mem:0.31M, Peak:0.31M | Scene, ViewLayer | Updating Mesh | Computing attributes
Fra:1 Mem:26.84M (Peak 30.51M) | Time:00:00.08 | Mem:0.33M, Peak:0.33M | Scene, ViewLayer | Updating Mesh | Copying Attributes to device
Fra:1 Mem:25.76M (Peak 30.51M) | Time:00:00.19 | Mem:1.42M, Peak:1.42M | Scene, ViewLayer | Updating Geometry BVH Ivory claw.012 4/95 | Building BVH
Fra:1 Mem:25.76M (Peak 30.51M) | Time:00:00.19 | Mem:1.42M, Peak:1.42M | Scene, ViewLayer | Updating Geometry BVH Ivory claw.013 6/104 | Building BVH
Fra:1 Mem:25.76M (Peak 30.51M) | Time:00:00.19 | Mem:1.42M, Peak:1.42M | Scene, ViewLayer | Updating Geometry BVH Ivory claw.014 8/104 | Building mesh BLAS |     192 tris | Paw toe.012
Fra:1 Mem:25.76M (Peak 30.51M) | Time:00:00.19 | Mem:1.42M, Peak:1.42M | Scene, ViewLayer | Updating Geometry BVH Ivory claw.014 8/104 | Building mesh BLAS |      32 tris | Ivory claw.013
Fra:1 Mem:25.76M (Peak 30.51M) | Time:00:00.19 | Mem:1.42M, Peak:1.42M | Scene, ViewLayer | Updating Geometry BVH Warm rim 104/104 | Building mesh BLAS |      32 tris | Ivory claw.012
Fra:1 Mem:25.76M (Peak 30.51M) | Time:00:00.19 | Mem:1.42M, Peak:1.42M | Scene, ViewLayer | Updating Geometry BVH Warm rim 104/104 | Building mesh BLAS |     192 tris | Paw toe.013
Fra:1 Mem:25.76M (Peak 30.51M) | Time:00:00.19 | Mem:1.42M, Peak:1.42M | Scene, ViewLayer | Updating Geometry BVH Warm rim 104/104 | Building mesh BLAS |      32 tris | Ivory claw.014
Fra:1 Mem:25.76M (Peak 30.51M) | Time:00:00.19 | Mem:1.42M, Peak:1.42M | Scene, ViewLayer | Updating Geometry BVH Sky fill 103/104 | Building BVH
Fra:1 Mem:25.76M (Peak 30.51M) | Time:00:00.19 | Mem:1.42M, Peak:1.42M | Scene, ViewLayer | Updating Geometry BVH Sunset key 102/104 | Building BVH
Fra:1 Mem:25.76M (Peak 30.51M) | Time:00:00.19 | Mem:1.42M, Peak:1.42M | Scene, ViewLayer | Updating Geometry BVH Plane 101/104 | Building BVH
Fra:1 Mem:25.76M (Peak 30.51M) | Time:00:00.19 | Mem:1.42M, Peak:1.42M | Scene, ViewLayer | Updating Geometry BVH Plane 101/104 | Building mesh BLAS |       2 tris | Plane
Fra:1 Mem:25.76M (Peak 30.51M) | Time:00:00.19 | Mem:1.42M, Peak:1.42M | Scene, ViewLayer | Updating Geometry BVH Plane 101/104 | Building mesh BLAS |     192 tris | Paw toe.014
Fra:1 Mem:25.76M (Peak 30.51M) | Time:00:00.19 | Mem:1.42M, Peak:1.42M | Scene, ViewLayer | Updating Geometry BVH Paw toe.015 9/104 | Building BVH
Fra:1 Mem:25.76M (Peak 30.51M) | Time:00:00.19 | Mem:1.42M, Peak:1.42M | Scene, ViewLayer | Updating Geometry BVH Paw toe.015 9/104 | Building mesh BLAS |     192 tris | Paw toe.015
Fra:1 Mem:25.76M (Peak 30.51M) | Time:00:00.19 | Mem:1.42M, Peak:1.42M | Scene, ViewLayer | Updating Geometry BVH Paw toe.015 9/104 | Building mesh BLAS |    4170 tris | ribcage.001
Fra:1 Mem:25.76M (Peak 30.51M) | Time:00:00.19 | Mem:1.42M, Peak:1.42M | Scene, ViewLayer | Updating Geometry BVH Ivory claw.015 10/104 | Building BVH
Fra:1 Mem:25.76M (Peak 30.51M) | Time:00:00.19 | Mem:1.42M, Peak:1.42M | Scene, ViewLayer | Updating Geometry BVH Ivory claw.015 10/104 | Building mesh BLAS |      32 tris | Ivory claw.015
Fra:1 Mem:25.76M (Peak 30.51M) | Time:00:00.19 | Mem:1.42M, Peak:1.42M | Scene, ViewLayer | Updating Geometry BVH Raised elemental crest.001 100/104 | Building BVH
Fra:1 Mem:25.76M (Peak 30.51M) | Time:00:00.19 | Mem:1.42M, Peak:1.42M | Scene, ViewLayer | Updating Geometry BVH Raised elemental crest.001 100/104 | Building mesh BLAS |      26 tris | Raised elemental crest.001
Fra:1 Mem:25.76M (Peak 30.51M) | Time:00:00.19 | Mem:1.42M, Peak:1.42M | Scene, ViewLayer | Updating Geometry BVH Paw toe.016 11/104 | Building BVH
Fra:1 Mem:25.76M (Peak 30.51M) | Time:00:00.19 | Mem:1.42M, Peak:1.42M | Scene, ViewLayer | Updating Geometry BVH Paw toe.016 11/104 | Building mesh BLAS |     192 tris | Paw toe.016
Fra:1 Mem:25.76M (Peak 30.51M) | Time:00:00.19 | Mem:1.42M, Peak:1.42M | Scene, ViewLayer | Updating Geometry BVH Ivory claw.016 12/104 | Building BVH
Fra:1 Mem:25.76M (Peak 30.51M) | Time:00:00.19 | Mem:1.42M, Peak:1.42M | Scene, ViewLayer | Updating Geometry BVH Ivory claw.016 12/104 | Building mesh BLAS |      32 tris | Ivory claw.016
Fra:1 Mem:25.76M (Peak 30.51M) | Time:00:00.19 | Mem:1.42M, Peak:1.42M | Scene, ViewLayer | Updating Geometry BVH Paw toe.017 13/104 | Building BVH
Fra:1 Mem:25.76M (Peak 30.51M) | Time:00:00.19 | Mem:1.42M, Peak:1.42M | Scene, ViewLayer | Updating Geometry BVH Paw toe.017 13/104 | Building mesh BLAS |     192 tris | Paw toe.017
Fra:1 Mem:25.76M (Peak 30.51M) | Time:00:00.19 | Mem:1.42M, Peak:1.42M | Scene, ViewLayer | Updating Geometry BVH Ivory claw.017 14/104 | Building BVH
Fra:1 Mem:25.76M (Peak 30.51M) | Time:00:00.19 | Mem:1.42M, Peak:1.42M | Scene, ViewLayer | Updating Geometry BVH Paw toe.018 15/104 | Building BVH
Fra:1 Mem:25.76M (Peak 30.51M) | Time:00:00.19 | Mem:1.42M, Peak:1.42M | Scene, ViewLayer | Updating Geometry BVH Paw toe.018 15/104 | Building mesh BLAS |      32 tris | Ivory claw.017
Fra:1 Mem:25.76M (Peak 30.51M) | Time:00:00.19 | Mem:1.42M, Peak:1.42M | Scene, ViewLayer | Updating Geometry BVH Paw toe.018 15/104 | Building mesh BLAS |     192 tris | Paw toe.018
Fra:1 Mem:25.76M (Peak 30.51M) | Time:00:00.19 | Mem:1.42M, Peak:1.42M | Scene, ViewLayer | Updating Geometry BVH Brass crest clasp.001 99/104 | Building BVH
Fra:1 Mem:25.76M (Peak 30.51M) | Time:00:00.19 | Mem:1.42M, Peak:1.42M | Scene, ViewLayer | Updating Geometry BVH Brass crest clasp.001 99/104 | Building mesh BLAS |     320 tris | Brass crest clasp.001
Fra:1 Mem:25.76M (Peak 30.51M) | Time:00:00.19 | Mem:1.42M, Peak:1.42M | Scene, ViewLayer | Updating Geometry BVH Brass crest clasp.001 99/104 | Building mesh BLAS |      32 tris | Ivory claw.018
Fra:1 Mem:25.76M (Peak 30.51M) | Time:00:00.19 | Mem:1.42M, Peak:1.42M | Scene, ViewLayer | Updating Geometry BVH Paw toe.019 17/104 | Building BVH
Fra:1 Mem:25.76M (Peak 30.51M) | Time:00:00.19 | Mem:1.42M, Peak:1.42M | Scene, ViewLayer | Updating Geometry BVH Paw toe.019 17/104 | Building mesh BLAS |     192 tris | Paw toe.019
Fra:1 Mem:25.76M (Peak 30.51M) | Time:00:00.19 | Mem:1.42M, Peak:1.42M | Scene, ViewLayer | Updating Geometry BVH Ivory claw.019 18/104 | Building BVH
Fra:1 Mem:25.76M (Peak 30.51M) | Time:00:00.19 | Mem:1.42M, Peak:1.42M | Scene, ViewLayer | Updating Geometry BVH Ivory claw.019 18/104 | Building mesh BLAS |      32 tris | Ivory claw.019
Fra:1 Mem:25.76M (Peak 30.51M) | Time:00:00.19 | Mem:1.42M, Peak:1.42M | Scene, ViewLayer | Updating Geometry BVH Paw toe.020 19/104 | Building BVH
Fra:1 Mem:25.76M (Peak 30.51M) | Time:00:00.19 | Mem:1.42M, Peak:1.42M | Scene, ViewLayer | Updating Geometry BVH Paw toe.020 19/104 | Building mesh BLAS |     192 tris | Paw toe.020
Fra:1 Mem:25.76M (Peak 30.51M) | Time:00:00.19 | Mem:1.42M, Peak:1.42M | Scene, ViewLayer | Updating Geometry BVH Ivory claw.020 20/104 | Building BVH
Fra:1 Mem:25.76M (Peak 30.51M) | Time:00:00.19 | Mem:1.42M, Peak:1.42M | Scene, ViewLayer | Updating Geometry BVH Ivory claw.020 20/104 | Building mesh BLAS |      32 tris | Ivory claw.020
Fra:1 Mem:25.76M (Peak 30.51M) | Time:00:00.19 | Mem:1.42M, Peak:1.42M | Scene, ViewLayer | Updating Geometry BVH Neckerchief folded point.001 98/104 | Building BVH
Fra:1 Mem:25.76M (Peak 30.51M) | Time:00:00.19 | Mem:1.42M, Peak:1.42M | Scene, ViewLayer | Updating Geometry BVH Paw toe.021 21/104 | Building BVH
Fra:1 Mem:25.76M (Peak 30.51M) | Time:00:00.19 | Mem:1.42M, Peak:1.42M | Scene, ViewLayer | Updating Geometry BVH Paw toe.021 21/104 | Building mesh BLAS |     192 tris | Paw toe.021
Fra:1 Mem:25.76M (Peak 30.51M) | Time:00:00.19 | Mem:1.42M, Peak:1.42M | Scene, ViewLayer | Updating Geometry BVH Ivory claw.021 22/104 | Building BVH
Fra:1 Mem:25.76M (Peak 30.51M) | Time:00:00.19 | Mem:1.42M, Peak:1.42M | Scene, ViewLayer | Updating Geometry BVH Ivory claw.021 22/104 | Building mesh BLAS |      32 tris | Ivory claw.021
Fra:1 Mem:25.76M (Peak 30.51M) | Time:00:00.19 | Mem:1.42M, Peak:1.42M | Scene, ViewLayer | Updating Geometry BVH Paw toe.022 23/104 | Building BVH
Fra:1 Mem:25.76M (Peak 30.51M) | Time:00:00.19 | Mem:1.42M, Peak:1.42M | Scene, ViewLayer | Updating Geometry BVH Paw toe.022 23/104 | Building mesh BLAS |     192 tris | Paw toe.022
Fra:1 Mem:25.76M (Peak 30.51M) | Time:00:00.19 | Mem:1.42M, Peak:1.42M | Scene, ViewLayer | Updating Geometry BVH Ivory claw.022 24/104 | Building BVH
Fra:1 Mem:25.76M (Peak 30.51M) | Time:00:00.19 | Mem:1.42M, Peak:1.42M | Scene, ViewLayer | Updating Geometry BVH Ivory claw.022 24/104 | Building mesh BLAS |      32 tris | Ivory claw.022
Fra:1 Mem:25.76M (Peak 30.51M) | Time:00:00.19 | Mem:1.42M, Peak:1.42M | Scene, ViewLayer | Updating Geometry BVH Paw toe.023 25/104 | Building BVH
Fra:1 Mem:25.76M (Peak 30.51M) | Time:00:00.19 | Mem:1.42M, Peak:1.42M | Scene, ViewLayer | Updating Geometry BVH Frost muzzle 28/104 | Building BVH
Fra:1 Mem:25.76M (Peak 30.51M) | Time:00:00.19 | Mem:1.42M, Peak:1.42M | Scene, ViewLayer | Updating Geometry BVH Frost muzzle 28/104 | Building mesh BLAS |     192 tris | Paw toe.023
Fra:1 Mem:25.76M (Peak 30.51M) | Time:00:00.19 | Mem:1.42M, Peak:1.42M | Scene, ViewLayer | Updating Geometry BVH Frost muzzle 28/104 | Building mesh BLAS |     480 tris | Frost muzzle
Fra:1 Mem:25.76M (Peak 30.51M) | Time:00:00.19 | Mem:1.42M, Peak:1.42M | Scene, ViewLayer | Updating Geometry BVH Frost muzzle 28/104 | Building mesh BLAS |      32 tris | Ivory claw.023
Fra:1 Mem:25.76M (Peak 30.51M) | Time:00:00.19 | Mem:1.42M, Peak:1.42M | Scene, ViewLayer | Updating Geometry BVH Frost muzzle 28/104 | Building mesh BLAS |    2722 tris | Skull.001
Fra:1 Mem:25.76M (Peak 30.51M) | Time:00:00.19 | Mem:1.42M, Peak:1.42M | Scene, ViewLayer | Updating Geometry BVH Heart shaped nose.001 29/104 | Building BVH
Fra:1 Mem:25.76M (Peak 30.51M) | Time:00:00.19 | Mem:1.42M, Peak:1.42M | Scene, ViewLayer | Updating Geometry BVH Heart shaped nose.001 29/104 | Building mesh BLAS |       6 tris | Heart shaped nose.001
Fra:1 Mem:25.76M (Peak 30.51M) | Time:00:00.19 | Mem:1.42M, Peak:1.42M | Scene, ViewLayer | Updating Geometry BVH Leather neckerchief roll.001 97/104 | Building BVH
Fra:1 Mem:25.76M (Peak 30.51M) | Time:00:00.19 | Mem:1.42M, Peak:1.42M | Scene, ViewLayer | Updating Geometry BVH Leather neckerchief roll.001 97/104 | Building mesh BLAS |      76 tris | Leather neckerchief roll.001
Fra:1 Mem:25.76M (Peak 30.51M) | Time:00:00.19 | Mem:1.42M, Peak:1.42M | Scene, ViewLayer | Updating Geometry BVH Eye socket.002 30/104 | Building BVH
Fra:1 Mem:25.76M (Peak 30.51M) | Time:00:00.19 | Mem:1.42M, Peak:1.42M | Scene, ViewLayer | Updating Geometry BVH Iris.002 32/104 | Building BVH
Fra:1 Mem:25.76M (Peak 30.51M) | Time:00:00.19 | Mem:1.42M, Peak:1.42M | Scene, ViewLayer | Updating Geometry BVH Iris.002 32/104 | Building mesh BLAS |     480 tris | Iris.002
Fra:1 Mem:25.77M (Peak 30.51M) | Time:00:00.19 | Mem:1.42M, Peak:1.42M | Scene, ViewLayer | Updating Geometry BVH Pupil.002 33/104 | Building BVH
Fra:1 Mem:25.76M (Peak 30.51M) | Time:00:00.19 | Mem:1.42M, Peak:1.42M | Scene, ViewLayer | Updating Geometry BVH Pupil.002 33/104 | Building mesh BLAS |     480 tris | Eye socket.002
Fra:1 Mem:25.76M (Peak 30.51M) | Time:00:00.19 | Mem:1.42M, Peak:1.42M | Scene, ViewLayer | Updating Geometry BVH Expressive brow.002 35/104 | Building BVH
Fra:1 Mem:25.76M (Peak 30.51M) | Time:00:00.19 | Mem:1.42M, Peak:1.42M | Scene, ViewLayer | Updating Geometry BVH Expressive brow.002 35/104 | Building mesh BLAS |      44 tris | Expressive brow.002
Fra:1 Mem:25.76M (Peak 30.51M) | Time:00:00.19 | Mem:1.42M, Peak:1.42M | Scene, ViewLayer | Updating Geometry BVH Expressive brow.002 35/104 | Building mesh BLAS |     480 tris | Ivory eye.002
Fra:1 Mem:25.76M (Peak 30.51M) | Time:00:00.19 | Mem:1.42M, Peak:1.42M | Scene, ViewLayer | Updating Geometry BVH Expressive brow.002 35/104 | Building mesh BLAS |     192 tris | Eye glint.002
Fra:1 Mem:25.76M (Peak 30.51M) | Time:00:00.19 | Mem:1.42M, Peak:1.42M | Scene, ViewLayer | Updating Geometry BVH Articulated tail.001 96/104 | Building BVH
Fra:1 Mem:25.76M (Peak 30.51M) | Time:00:00.19 | Mem:1.42M, Peak:1.42M | Scene, ViewLayer | Updating Geometry BVH Smiling mouth.002 36/104 | Building mesh BLAS |     268 tris | Articulated tail.001
Fra:1 Mem:25.76M (Peak 30.51M) | Time:00:00.19 | Mem:1.42M, Peak:1.42M | Scene, ViewLayer | Updating Geometry BVH Whisker pore.006 37/104 | Building BVH
Fra:1 Mem:25.77M (Peak 30.51M) | Time:00:00.19 | Mem:1.42M, Peak:1.42M | Scene, ViewLayer | Updating Geometry BVH Whisker pore.006 37/104 | Building mesh BLAS |      64 tris | Whisker pore.006
Fra:1 Mem:25.77M (Peak 30.51M) | Time:00:00.19 | Mem:1.42M, Peak:1.42M | Scene, ViewLayer | Updating Geometry BVH Whisker pore.006 37/104 | Building mesh BLAS |      32 tris | Smiling mouth.002
Fra:1 Mem:25.77M (Peak 30.51M) | Time:00:00.19 | Mem:1.42M, Peak:1.42M | Scene, ViewLayer | Updating Geometry BVH Whisker pore.007 38/104 | Building BVH
Fra:1 Mem:25.77M (Peak 30.51M) | Time:00:00.19 | Mem:1.42M, Peak:1.42M | Scene, ViewLayer | Updating Geometry BVH Whisker pore.007 38/104 | Building mesh BLAS |      64 tris | Whisker pore.007
Fra:1 Mem:25.77M (Peak 30.51M) | Time:00:00.19 | Mem:1.42M, Peak:1.42M | Scene, ViewLayer | Updating Geometry BVH Whisker pore.008 39/104 | Building BVH
Fra:1 Mem:25.77M (Peak 30.51M) | Time:00:00.19 | Mem:1.42M, Peak:1.42M | Scene, ViewLayer | Updating Geometry BVH Whisker pore.008 39/104 | Building mesh BLAS |      64 tris | Whisker pore.008
Fra:1 Mem:25.77M (Peak 30.51M) | Time:00:00.19 | Mem:1.42M, Peak:1.42M | Scene, ViewLayer | Updating Geometry BVH Eye socket.003 40/104 | Building BVH
Fra:1 Mem:25.77M (Peak 30.51M) | Time:00:00.19 | Mem:1.42M, Peak:1.42M | Scene, ViewLayer | Updating Geometry BVH Eye socket.003 40/104 | Building mesh BLAS |     480 tris | Eye socket.003
Fra:1 Mem:25.77M (Peak 30.51M) | Time:00:00.19 | Mem:1.42M, Peak:1.42M | Scene, ViewLayer | Updating Geometry BVH Ivory eye.003 41/104 | Building BVH
Fra:1 Mem:25.77M (Peak 30.51M) | Time:00:00.19 | Mem:1.42M, Peak:1.42M | Scene, ViewLayer | Updating Geometry BVH Ivory eye.003 41/104 | Building mesh BLAS |     480 tris | Ivory eye.003
Fra:1 Mem:25.77M (Peak 30.51M) | Time:00:00.19 | Mem:1.42M, Peak:1.42M | Scene, ViewLayer | Updating Geometry BVH Iris.003 42/104 | Building BVH
Fra:1 Mem:25.77M (Peak 30.51M) | Time:00:00.19 | Mem:1.42M, Peak:1.42M | Scene, ViewLayer | Updating Geometry BVH Iris.003 42/104 | Building mesh BLAS |     480 tris | Iris.003
Fra:1 Mem:25.77M (Peak 30.51M) | Time:00:00.19 | Mem:1.42M, Peak:1.42M | Scene, ViewLayer | Updating Geometry BVH Pupil.003 43/104 | Building BVH
Fra:1 Mem:25.77M (Peak 30.51M) | Time:00:00.19 | Mem:1.42M, Peak:1.42M | Scene, ViewLayer | Updating Geometry BVH Pupil.003 43/104 | Building mesh BLAS |     320 tris | Pupil.003
Fra:1 Mem:25.77M (Peak 30.51M) | Time:00:00.19 | Mem:1.42M, Peak:1.42M | Scene, ViewLayer | Updating Geometry BVH Eye glint.003 44/104 | Building BVH
Fra:1 Mem:25.77M (Peak 30.51M) | Time:00:00.19 | Mem:1.42M, Peak:1.42M | Scene, ViewLayer | Updating Geometry BVH Eye glint.003 44/104 | Building mesh BLAS |     192 tris | Eye glint.003
Fra:1 Mem:25.77M (Peak 30.51M) | Time:00:00.19 | Mem:1.42M, Peak:1.42M | Scene, ViewLayer | Updating Geometry BVH Wrist fur.023 95/104 | Building BVH
Fra:1 Mem:25.77M (Peak 30.51M) | Time:00:00.19 | Mem:1.42M, Peak:1.42M | Scene, ViewLayer | Updating Geometry BVH Expressive brow.003 45/104 | Building BVH
Fra:1 Mem:25.77M (Peak 30.51M) | Time:00:00.19 | Mem:1.42M, Peak:1.42M | Scene, ViewLayer | Updating Geometry BVH Expressive brow.003 45/104 | Building mesh BLAS |      44 tris | Wrist fur.023
Fra:1 Mem:25.77M (Peak 30.51M) | Time:00:00.19 | Mem:1.42M, Peak:1.42M | Scene, ViewLayer | Updating Geometry BVH Expressive brow.003 45/104 | Building mesh BLAS |      44 tris | Expressive brow.003
Fra:1 Mem:25.77M (Peak 30.51M) | Time:00:00.19 | Mem:1.42M, Peak:1.42M | Scene, ViewLayer | Updating Geometry BVH Smiling mouth.003 46/104 | Building BVH
Fra:1 Mem:25.77M (Peak 30.51M) | Time:00:00.19 | Mem:1.42M, Peak:1.42M | Scene, ViewLayer | Updating Geometry BVH Smiling mouth.003 46/104 | Building mesh BLAS |      32 tris | Smiling mouth.003
Fra:1 Mem:25.77M (Peak 30.51M) | Time:00:00.19 | Mem:1.42M, Peak:1.42M | Scene, ViewLayer | Updating Geometry BVH Whisker pore.009 47/104 | Building BVH
Fra:1 Mem:25.77M (Peak 30.51M) | Time:00:00.19 | Mem:1.42M, Peak:1.42M | Scene, ViewLayer | Updating Geometry BVH Whisker pore.009 47/104 | Building mesh BLAS |      64 tris | Whisker pore.009
Fra:1 Mem:25.77M (Peak 30.51M) | Time:00:00.19 | Mem:1.42M, Peak:1.42M | Scene, ViewLayer | Updating Geometry BVH Whisker pore.011 49/104 | Building BVH
Fra:1 Mem:25.77M (Peak 30.51M) | Time:00:00.19 | Mem:1.42M, Peak:1.42M | Scene, ViewLayer | Updating Geometry BVH Whisker pore.011 49/104 | Building mesh BLAS |      64 tris | Whisker pore.011
Fra:1 Mem:25.77M (Peak 30.51M) | Time:00:00.19 | Mem:1.42M, Peak:1.42M | Scene, ViewLayer | Updating Geometry BVH Lower jaw.001 50/104 | Building BVH
Fra:1 Mem:25.77M (Peak 30.51M) | Time:00:00.19 | Mem:1.42M, Peak:1.42M | Scene, ViewLayer | Updating Geometry BVH Lower jaw.001 50/104 | Building mesh BLAS |     400 tris | Lower jaw.001
Fra:1 Mem:25.77M (Peak 30.51M) | Time:00:00.19 | Mem:1.42M, Peak:1.42M | Scene, ViewLayer | Updating Geometry BVH Lower jaw.001 50/104 | Building mesh BLAS |      64 tris | Whisker pore.010
Fra:1 Mem:25.77M (Peak 30.51M) | Time:00:00.19 | Mem:1.42M, Peak:1.42M | Scene, ViewLayer | Updating Geometry BVH Wrist fur.022 94/104 | Building BVH
Fra:1 Mem:25.77M (Peak 30.51M) | Time:00:00.19 | Mem:1.42M, Peak:1.42M | Scene, ViewLayer | Updating Geometry BVH Wrist fur.022 94/104 | Building mesh BLAS |      44 tris | Wrist fur.022
Fra:1 Mem:25.77M (Peak 30.51M) | Time:00:00.19 | Mem:1.42M, Peak:1.42M | Scene, ViewLayer | Updating Geometry BVH Mouth cavity.001 51/104 | Building BVH
Fra:1 Mem:25.77M (Peak 30.51M) | Time:00:00.19 | Mem:1.42M, Peak:1.42M | Scene, ViewLayer | Updating Geometry BVH Lower canine.002 52/104 | Building BVH
Fra:1 Mem:25.77M (Peak 30.51M) | Time:00:00.19 | Mem:1.42M, Peak:1.42M | Scene, ViewLayer | Updating Geometry BVH Lower canine.002 52/104 | Building mesh BLAS |     360 tris | Mouth cavity.001
Fra:1 Mem:25.77M (Peak 30.51M) | Time:00:00.19 | Mem:1.42M, Peak:1.42M | Scene, ViewLayer | Updating Geometry BVH Lower canine.002 52/104 | Building mesh BLAS |      38 tris | Lower canine.002
Fra:1 Mem:25.77M (Peak 30.51M) | Time:00:00.19 | Mem:1.42M, Peak:1.42M | Scene, ViewLayer | Updating Geometry BVH Pointed species ear 54/104 | Building BVH
Fra:1 Mem:25.77M (Peak 30.51M) | Time:00:00.19 | Mem:1.42M, Peak:1.42M | Scene, ViewLayer | Updating Geometry BVH Pointed species ear 54/104 | Building mesh BLAS |       6 tris | Pointed species ear
Fra:1 Mem:25.77M (Peak 30.51M) | Time:00:00.19 | Mem:1.42M, Peak:1.42M | Scene, ViewLayer | Updating Geometry BVH Inner ear 55/104 | Building BVH
Fra:1 Mem:25.77M (Peak 30.51M) | Time:00:00.19 | Mem:1.42M, Peak:1.42M | Scene, ViewLayer | Updating Geometry BVH Inner ear 55/104 | Building mesh BLAS |      38 tris | Lower canine.003
Fra:1 Mem:25.77M (Peak 30.51M) | Time:00:00.19 | Mem:1.42M, Peak:1.42M | Scene, ViewLayer | Updating Geometry BVH Wrist fur.021 93/104 | Building BVH
Fra:1 Mem:25.77M (Peak 30.51M) | Time:00:00.19 | Mem:1.42M, Peak:1.42M | Scene, ViewLayer | Updating Geometry BVH Wrist fur.021 93/104 | Building mesh BLAS |      44 tris | Wrist fur.021
Fra:1 Mem:25.77M (Peak 30.51M) | Time:00:00.19 | Mem:1.42M, Peak:1.42M | Scene, ViewLayer | Updating Geometry BVH Pointed species ear.001 56/104 | Building BVH
Fra:1 Mem:25.77M (Peak 30.51M) | Time:00:00.19 | Mem:1.42M, Peak:1.42M | Scene, ViewLayer | Updating Geometry BVH Inner ear.001 57/104 | Building BVH
Fra:1 Mem:25.77M (Peak 30.51M) | Time:00:00.19 | Mem:1.42M, Peak:1.42M | Scene, ViewLayer | Updating Geometry BVH Inner ear.001 57/104 | Building mesh BLAS |       3 tris | Inner ear.001
Fra:1 Mem:25.77M (Peak 30.51M) | Time:00:00.19 | Mem:1.42M, Peak:1.42M | Scene, ViewLayer | Updating Geometry BVH Swept cheek ruff 58/104 | Building BVH
Fra:1 Mem:25.77M (Peak 30.51M) | Time:00:00.19 | Mem:1.42M, Peak:1.42M | Scene, ViewLayer | Updating Geometry BVH Swept cheek ruff 58/104 | Building mesh BLAS |      44 tris | Swept cheek ruff
Fra:1 Mem:25.77M (Peak 30.51M) | Time:00:00.19 | Mem:1.42M, Peak:1.42M | Scene, ViewLayer | Updating Geometry BVH Swept cheek ruff.001 59/104 | Building BVH
Fra:1 Mem:25.77M (Peak 30.51M) | Time:00:00.19 | Mem:1.42M, Peak:1.42M | Scene, ViewLayer | Updating Geometry BVH Swept cheek ruff.002 60/104 | Building BVH
Fra:1 Mem:25.77M (Peak 30.51M) | Time:00:00.19 | Mem:1.42M, Peak:1.42M | Scene, ViewLayer | Updating Geometry BVH Swept cheek ruff.003 61/104 | Building BVH
Fra:1 Mem:25.77M (Peak 30.51M) | Time:00:00.19 | Mem:1.42M, Peak:1.42M | Scene, ViewLayer | Updating Geometry BVH Layered shoulder fur.023 92/104 | Building BVH
Fra:1 Mem:25.77M (Peak 30.51M) | Time:00:00.19 | Mem:1.42M, Peak:1.42M | Scene, ViewLayer | Updating Geometry BVH Layered shoulder fur.023 92/104 | Building mesh BLAS |      44 tris | Swept cheek ruff.003
Fra:1 Mem:25.77M (Peak 30.51M) | Time:00:00.19 | Mem:1.42M, Peak:1.42M | Scene, ViewLayer | Updating Geometry BVH Layered shoulder fur.023 92/104 | Building mesh BLAS |      44 tris | Layered shoulder fur.023
Fra:1 Mem:25.77M (Peak 30.51M) | Time:00:00.19 | Mem:1.42M, Peak:1.42M | Scene, ViewLayer | Updating Geometry BVH Swept cheek ruff.004 62/104 | Building BVH
Fra:1 Mem:25.77M (Peak 30.51M) | Time:00:00.19 | Mem:1.42M, Peak:1.42M | Scene, ViewLayer | Updating Geometry BVH Swept cheek ruff.005 63/104 | Building BVH
Fra:1 Mem:25.77M (Peak 30.51M) | Time:00:00.19 | Mem:1.42M, Peak:1.42M | Scene, ViewLayer | Updating Geometry BVH Swept cheek ruff.005 63/104 | Building mesh BLAS |      44 tris | Swept cheek ruff.004
Fra:1 Mem:25.77M (Peak 30.51M) | Time:00:00.19 | Mem:1.42M, Peak:1.42M | Scene, ViewLayer | Updating Geometry BVH Swept cheek ruff.005 63/104 | Building mesh BLAS |      44 tris | Swept cheek ruff.005
Fra:1 Mem:25.77M (Peak 30.51M) | Time:00:00.19 | Mem:1.42M, Peak:1.42M | Scene, ViewLayer | Updating Geometry BVH Swept cheek ruff.006 64/104 | Building BVH
Fra:1 Mem:25.77M (Peak 30.51M) | Time:00:00.19 | Mem:1.42M, Peak:1.42M | Scene, ViewLayer | Updating Geometry BVH Swept cheek ruff.007 65/104 | Building BVH
Fra:1 Mem:25.77M (Peak 30.51M) | Time:00:00.19 | Mem:1.42M, Peak:1.42M | Scene, ViewLayer | Updating Geometry BVH Ice swept crest 66/104 | Building BVH
Fra:1 Mem:25.77M (Peak 30.51M) | Time:00:00.19 | Mem:1.42M, Peak:1.42M | Scene, ViewLayer | Updating Geometry BVH Ice swept crest 66/104 | Building mesh BLAS |      44 tris | Swept cheek ruff.007
Fra:1 Mem:25.77M (Peak 30.51M) | Time:00:00.19 | Mem:1.42M, Peak:1.42M | Scene, ViewLayer | Updating Geometry BVH Ice swept crest 66/104 | Building mesh BLAS |      44 tris | Ice swept crest
Fra:1 Mem:25.77M (Peak 30.51M) | Time:00:00.19 | Mem:1.42M, Peak:1.42M | Scene, ViewLayer | Updating Geometry BVH Ice swept crest.001 67/104 | Building BVH
Fra:1 Mem:25.77M (Peak 30.51M) | Time:00:00.19 | Mem:1.42M, Peak:1.42M | Scene, ViewLayer | Updating Geometry BVH Ice swept crest.001 67/104 | Building mesh BLAS |      44 tris | Ice swept crest.001
Fra:1 Mem:25.77M (Peak 30.51M) | Time:00:00.19 | Mem:1.42M, Peak:1.42M | Scene, ViewLayer | Updating Geometry BVH Ice swept crest.002 68/104 | Building BVH
Fra:1 Mem:25.77M (Peak 30.51M) | Time:00:00.19 | Mem:1.42M, Peak:1.42M | Scene, ViewLayer | Updating Geometry BVH Layered shoulder fur.022 91/104 | Building mesh BLAS |      44 tris | Ice swept crest.002
Fra:1 Mem:25.77M (Peak 30.51M) | Time:00:00.19 | Mem:1.42M, Peak:1.42M | Scene, ViewLayer | Updating Geometry BVH Layered shoulder fur.022 91/104 | Building mesh BLAS |      44 tris | Layered shoulder fur.022
Fra:1 Mem:25.77M (Peak 30.51M) | Time:00:00.20 | Mem:1.42M, Peak:1.42M | Scene, ViewLayer | Updating Geometry BVH Ice swept crest.003 69/104 | Building BVH
Fra:1 Mem:25.77M (Peak 30.51M) | Time:00:00.20 | Mem:1.42M, Peak:1.42M | Scene, ViewLayer | Updating Geometry BVH Ice swept crest.004 70/104 | Building mesh BLAS |      44 tris | Ice swept crest.003
Fra:1 Mem:25.77M (Peak 30.51M) | Time:00:00.20 | Mem:1.42M, Peak:1.42M | Scene, ViewLayer | Updating Geometry BVH Ice swept crest.004 70/104 | Building mesh BLAS |      44 tris | Ice swept crest.004
Fra:1 Mem:25.77M (Peak 30.51M) | Time:00:00.20 | Mem:1.42M, Peak:1.42M | Scene, ViewLayer | Updating Geometry BVH Ice swept crest.005 71/104 | Building BVH
Fra:1 Mem:25.77M (Peak 30.51M) | Time:00:00.20 | Mem:1.42M, Peak:1.42M | Scene, ViewLayer | Updating Geometry BVH Ice swept crest.005 71/104 | Building mesh BLAS |      44 tris | Ice swept crest.005
Fra:1 Mem:25.77M (Peak 30.51M) | Time:00:00.20 | Mem:1.42M, Peak:1.42M | Scene, ViewLayer | Updating Geometry BVH Layered shoulder fur.012 72/104 | Building BVH
Fra:1 Mem:25.77M (Peak 30.51M) | Time:00:00.20 | Mem:1.42M, Peak:1.42M | Scene, ViewLayer | Updating Geometry BVH Layered shoulder fur.013 73/104 | Building BVH
Fra:1 Mem:25.77M (Peak 30.51M) | Time:00:00.20 | Mem:1.42M, Peak:1.42M | Scene, ViewLayer | Updating Geometry BVH Layered shoulder fur.013 73/104 | Building mesh BLAS |      44 tris | Layered shoulder fur.012
Fra:1 Mem:25.77M (Peak 30.51M) | Time:00:00.20 | Mem:1.42M, Peak:1.42M | Scene, ViewLayer | Updating Geometry BVH Layered shoulder fur.013 73/104 | Building mesh BLAS |      44 tris | Layered shoulder fur.013
Fra:1 Mem:25.77M (Peak 30.51M) | Time:00:00.20 | Mem:1.42M, Peak:1.42M | Scene, ViewLayer | Updating Geometry BVH Layered shoulder fur.014 74/104 | Building BVH
Fra:1 Mem:25.77M (Peak 30.51M) | Time:00:00.20 | Mem:1.42M, Peak:1.42M | Scene, ViewLayer | Updating Geometry BVH Layered shoulder fur.014 74/104 | Building mesh BLAS |      44 tris | Layered shoulder fur.014
Fra:1 Mem:25.77M (Peak 30.51M) | Time:00:00.20 | Mem:1.42M, Peak:1.42M | Scene, ViewLayer | Updating Geometry BVH Wrist fur.012 75/104 | Building BVH
Fra:1 Mem:25.77M (Peak 30.51M) | Time:00:00.20 | Mem:1.42M, Peak:1.42M | Scene, ViewLayer | Updating Geometry BVH Wrist fur.012 75/104 | Building mesh BLAS |      44 tris | Wrist fur.012
Fra:1 Mem:25.77M (Peak 30.51M) | Time:00:00.20 | Mem:1.42M, Peak:1.42M | Scene, ViewLayer | Updating Geometry BVH Layered shoulder fur.021 90/104 | Building BVH
Fra:1 Mem:25.77M (Peak 30.51M) | Time:00:00.20 | Mem:1.42M, Peak:1.42M | Scene, ViewLayer | Updating Geometry BVH Layered shoulder fur.021 90/104 | Building mesh BLAS |      44 tris | Layered shoulder fur.021
Fra:1 Mem:25.77M (Peak 30.51M) | Time:00:00.20 | Mem:1.42M, Peak:1.42M | Scene, ViewLayer | Updating Geometry BVH Wrist fur.013 76/104 | Building BVH
Fra:1 Mem:25.77M (Peak 30.51M) | Time:00:00.20 | Mem:1.42M, Peak:1.42M | Scene, ViewLayer | Updating Geometry BVH Wrist fur.013 76/104 | Building mesh BLAS |      44 tris | Wrist fur.013
Fra:1 Mem:25.77M (Peak 30.51M) | Time:00:00.20 | Mem:1.42M, Peak:1.42M | Scene, ViewLayer | Updating Geometry BVH Wrist fur.014 77/104 | Building BVH
Fra:1 Mem:25.77M (Peak 30.51M) | Time:00:00.20 | Mem:1.42M, Peak:1.42M | Scene, ViewLayer | Updating Geometry BVH Wrist fur.014 77/104 | Building mesh BLAS |      44 tris | Wrist fur.014
Fra:1 Mem:25.77M (Peak 30.51M) | Time:00:00.20 | Mem:1.42M, Peak:1.42M | Scene, ViewLayer | Updating Geometry BVH Layered shoulder fur.015 78/104 | Building BVH
Fra:1 Mem:25.77M (Peak 30.51M) | Time:00:00.20 | Mem:1.42M, Peak:1.42M | Scene, ViewLayer | Updating Geometry BVH Layered shoulder fur.015 78/104 | Building mesh BLAS |      44 tris | Layered shoulder fur.015
Fra:1 Mem:25.77M (Peak 30.51M) | Time:00:00.20 | Mem:1.42M, Peak:1.42M | Scene, ViewLayer | Updating Geometry BVH Layered shoulder fur.016 79/104 | Building BVH
Fra:1 Mem:25.77M (Peak 30.51M) | Time:00:00.20 | Mem:1.42M, Peak:1.42M | Scene, ViewLayer | Updating Geometry BVH Layered shoulder fur.016 79/104 | Building mesh BLAS |      44 tris | Layered shoulder fur.016
Fra:1 Mem:25.77M (Peak 30.51M) | Time:00:00.20 | Mem:1.42M, Peak:1.42M | Scene, ViewLayer | Updating Geometry BVH Layered shoulder fur.017 80/104 | Building BVH
Fra:1 Mem:25.77M (Peak 30.51M) | Time:00:00.20 | Mem:1.42M, Peak:1.42M | Scene, ViewLayer | Updating Geometry BVH Layered shoulder fur.017 80/104 | Building mesh BLAS |      44 tris | Layered shoulder fur.017
Fra:1 Mem:25.77M (Peak 30.51M) | Time:00:00.20 | Mem:1.42M, Peak:1.42M | Scene, ViewLayer | Updating Geometry BVH Wrist fur.015 81/104 | Building BVH
Fra:1 Mem:25.77M (Peak 30.51M) | Time:00:00.20 | Mem:1.42M, Peak:1.42M | Scene, ViewLayer | Updating Geometry BVH Wrist fur.015 81/104 | Building mesh BLAS |      44 tris | Wrist fur.015
Fra:1 Mem:25.77M (Peak 30.51M) | Time:00:00.20 | Mem:1.42M, Peak:1.42M | Scene, ViewLayer | Updating Geometry BVH Wrist fur.016 82/104 | Building BVH
Fra:1 Mem:25.77M (Peak 30.51M) | Time:00:00.20 | Mem:1.42M, Peak:1.42M | Scene, ViewLayer | Updating Geometry BVH Wrist fur.016 82/104 | Building mesh BLAS |      44 tris | Wrist fur.016
Fra:1 Mem:25.77M (Peak 30.51M) | Time:00:00.20 | Mem:1.42M, Peak:1.42M | Scene, ViewLayer | Updating Geometry BVH Wrist fur.020 89/104 | Building BVH
Fra:1 Mem:25.77M (Peak 30.51M) | Time:00:00.20 | Mem:1.42M, Peak:1.42M | Scene, ViewLayer | Updating Geometry BVH Wrist fur.020 89/104 | Building mesh BLAS |      44 tris | Wrist fur.020
Fra:1 Mem:25.77M (Peak 30.51M) | Time:00:00.20 | Mem:1.42M, Peak:1.42M | Scene, ViewLayer | Updating Geometry BVH Wrist fur.017 83/104 | Building BVH
Fra:1 Mem:25.77M (Peak 30.51M) | Time:00:00.20 | Mem:1.42M, Peak:1.42M | Scene, ViewLayer | Updating Geometry BVH Wrist fur.017 83/104 | Building mesh BLAS |      44 tris | Wrist fur.017
Fra:1 Mem:25.77M (Peak 30.51M) | Time:00:00.20 | Mem:1.42M, Peak:1.42M | Scene, ViewLayer | Updating Geometry BVH Layered shoulder fur.018 84/104 | Building BVH
Fra:1 Mem:25.77M (Peak 30.51M) | Time:00:00.20 | Mem:1.42M, Peak:1.42M | Scene, ViewLayer | Updating Geometry BVH Layered shoulder fur.019 85/104 | Building BVH
Fra:1 Mem:25.77M (Peak 30.51M) | Time:00:00.20 | Mem:1.42M, Peak:1.42M | Scene, ViewLayer | Updating Geometry BVH Layered shoulder fur.019 85/104 | Building mesh BLAS |      44 tris | Layered shoulder fur.018
Fra:1 Mem:25.77M (Peak 30.51M) | Time:00:00.20 | Mem:1.42M, Peak:1.42M | Scene, ViewLayer | Updating Geometry BVH Layered shoulder fur.019 85/104 | Building mesh BLAS |      44 tris | Layered shoulder fur.019
Fra:1 Mem:25.77M (Peak 30.51M) | Time:00:00.21 | Mem:1.45M, Peak:1.45M | Scene, ViewLayer | Updating Geometry BVH Layered shoulder fur.020 86/104 | Building BVH
Fra:1 Mem:25.77M (Peak 30.51M) | Time:00:00.21 | Mem:1.45M, Peak:1.45M | Scene, ViewLayer | Updating Geometry BVH Layered shoulder fur.020 86/104 | Building mesh BLAS |      44 tris | Layered shoulder fur.020
Fra:1 Mem:25.77M (Peak 30.51M) | Time:00:00.21 | Mem:1.45M, Peak:1.45M | Scene, ViewLayer | Updating Geometry BVH Wrist fur.018 87/104 | Building BVH
Fra:1 Mem:25.77M (Peak 30.51M) | Time:00:00.21 | Mem:1.45M, Peak:1.45M | Scene, ViewLayer | Updating Geometry BVH Wrist fur.019 88/104 | Building BVH
Fra:1 Mem:25.77M (Peak 30.51M) | Time:00:00.21 | Mem:1.45M, Peak:1.45M | Scene, ViewLayer | Updating Geometry BVH Wrist fur.019 88/104 | Building mesh BLAS |      44 tris | Wrist fur.019
Fra:1 Mem:25.77M (Peak 30.51M) | Time:00:00.21 | Mem:1.45M, Peak:1.45M | Scene, ViewLayer | Updating Geometry BVH Wrist fur.019 88/104 | Building mesh BLAS |      44 tris | Wrist fur.018
Fra:1 Mem:25.77M (Peak 30.51M) | Time:00:00.21 | Mem:1.95M, Peak:1.95M | Scene, ViewLayer | Updating Scene BVH | Building
Fra:1 Mem:25.77M (Peak 30.51M) | Time:00:00.23 | Mem:2.27M, Peak:2.27M | Scene, ViewLayer | Updating Scene BVH | Building TLAS      |     104 instances
Fra:1 Mem:25.77M (Peak 30.51M) | Time:00:00.23 | Mem:2.30M, Peak:2.30M | Scene, ViewLayer | Updating Scene BVH | Copying BVH to device
Fra:1 Mem:25.77M (Peak 30.51M) | Time:00:00.23 | Mem:2.30M, Peak:2.30M | Scene, ViewLayer | Updating Mesh | Computing normals
Fra:1 Mem:26.26M (Peak 30.51M) | Time:00:00.23 | Mem:2.30M, Peak:2.30M | Scene, ViewLayer | Updating Mesh | Copying Mesh to device
Fra:1 Mem:25.77M (Peak 30.51M) | Time:00:00.23 | Mem:2.80M, Peak:2.80M | Scene, ViewLayer | Updating Objects Flags
Fra:1 Mem:25.77M (Peak 30.51M) | Time:00:00.23 | Mem:2.80M, Peak:2.80M | Scene, ViewLayer | Updating Primitive Offsets
Fra:1 Mem:25.77M (Peak 30.51M) | Time:00:00.23 | Mem:2.80M, Peak:2.80M | Scene, ViewLayer | Updating Images
Fra:1 Mem:25.77M (Peak 30.51M) | Time:00:00.23 | Mem:2.80M, Peak:2.80M | Scene, ViewLayer | Updating Camera Volume
Fra:1 Mem:25.77M (Peak 30.51M) | Time:00:00.23 | Mem:2.80M, Peak:2.80M | Scene, ViewLayer | Updating Lookup Tables
Fra:1 Mem:25.69M (Peak 30.51M) | Time:00:00.23 | Mem:2.89M, Peak:2.89M | Scene, ViewLayer | Updating Lights
Fra:1 Mem:25.69M (Peak 30.51M) | Time:00:00.23 | Mem:2.89M, Peak:2.89M | Scene, ViewLayer | Updating Lights | Computing tree
Fra:1 Mem:25.69M (Peak 30.51M) | Time:00:00.23 | Mem:2.90M, Peak:2.90M | Scene, ViewLayer | Updating Integrator
Fra:1 Mem:25.69M (Peak 30.51M) | Time:00:00.23 | Mem:2.90M, Peak:2.90M | Scene, ViewLayer | Updating Film
Fra:1 Mem:25.77M (Peak 30.51M) | Time:00:00.23 | Mem:2.80M, Peak:2.90M | Scene, ViewLayer | Updating Lookup Tables
Fra:1 Mem:25.69M (Peak 30.51M) | Time:00:00.23 | Mem:2.90M, Peak:2.90M | Scene, ViewLayer | Updating Baking
Fra:1 Mem:25.69M (Peak 30.51M) | Time:00:00.23 | Mem:2.90M, Peak:2.90M | Scene, ViewLayer | Updating Device | Writing constant memory
Fra:1 Mem:25.69M (Peak 30.51M) | Time:00:00.26 | Mem:2.90M, Peak:2.90M | Scene, ViewLayer | Loading denoising kernels (may take a few minutes the first time)
Fra:1 Mem:25.69M (Peak 57.69M) | Time:00:00.26 | Mem:2818.91M, Peak:2818.91M | Scene, ViewLayer | Sample 0/12 (Using optimized kernels)
Fra:1 Mem:25.68M (Peak 61.20M) | Time:00:00.44 | Remaining:00:01.95 | Mem:2854.45M, Peak:2854.45M | Scene, ViewLayer | Sample 1/12 (Using optimized kernels)
Fra:1 Mem:40.64M (Peak 63.07M) | Time:00:03.36 | Mem:2854.45M, Peak:2854.45M | Scene, ViewLayer | Sample 12/12 (Using optimized kernels)
Fra:1 Mem:40.64M (Peak 63.07M) | Time:00:03.36 | Mem:2854.45M, Peak:2854.45M | Scene, ViewLayer | Finished
Saved: '/Users/chikumatsuboi/Code/animal-racers-western/assets/source/western/qa/wolf-fight_idle-01.png'
Time: 00:03.49 (Saving: 00:00.07)

Fra:7 Mem:27.69M (Peak 27.69M) | Time:00:00.01 | Mem:0.02M, Peak:0.02M | Scene, ViewLayer | Synchronizing object | Body • continuous sculpted skin
Fra:7 Mem:27.69M (Peak 27.69M) | Time:00:00.01 | Mem:0.02M, Peak:0.02M | Scene, ViewLayer | Synchronizing object | Ivory claw.001
Fra:7 Mem:27.74M (Peak 27.74M) | Time:00:00.01 | Mem:0.02M, Peak:0.02M | Scene, ViewLayer | Synchronizing object | Paw toe.002
Fra:7 Mem:27.94M (Peak 27.94M) | Time:00:00.01 | Mem:0.02M, Peak:0.02M | Scene, ViewLayer | Synchronizing object | Ivory claw.002
Fra:7 Mem:27.99M (Peak 27.99M) | Time:00:00.01 | Mem:0.02M, Peak:0.02M | Scene, ViewLayer | Synchronizing object | Paw toe.003
Fra:7 Mem:27.99M (Peak 27.99M) | Time:00:00.01 | Mem:0.02M, Peak:0.02M | Scene, ViewLayer | Synchronizing object | Ivory claw.003
Fra:7 Mem:28.01M (Peak 28.01M) | Time:00:00.01 | Mem:0.02M, Peak:0.02M | Scene, ViewLayer | Synchronizing object | Paw toe.004
Fra:7 Mem:28.01M (Peak 28.01M) | Time:00:00.01 | Mem:0.02M, Peak:0.02M | Scene, ViewLayer | Synchronizing object | Paw toe.005
Fra:7 Mem:28.06M (Peak 28.06M) | Time:00:00.01 | Mem:0.02M, Peak:0.02M | Scene, ViewLayer | Synchronizing object | Ivory claw.005
Fra:7 Mem:28.07M (Peak 28.07M) | Time:00:00.01 | Mem:0.02M, Peak:0.02M | Scene, ViewLayer | Synchronizing object | Ivory claw.006
Fra:7 Mem:28.20M (Peak 28.20M) | Time:00:00.01 | Mem:0.02M, Peak:0.02M | Scene, ViewLayer | Synchronizing object | Paw toe.007
Fra:7 Mem:28.23M (Peak 28.23M) | Time:00:00.01 | Mem:0.02M, Peak:0.02M | Scene, ViewLayer | Synchronizing object | Ivory claw.007
Fra:7 Mem:28.23M (Peak 28.23M) | Time:00:00.01 | Mem:0.02M, Peak:0.02M | Scene, ViewLayer | Synchronizing object | Paw toe.008
Fra:7 Mem:28.25M (Peak 28.25M) | Time:00:00.01 | Mem:0.02M, Peak:0.02M | Scene, ViewLayer | Synchronizing object | Paw toe.009
Fra:7 Mem:28.26M (Peak 28.26M) | Time:00:00.01 | Mem:0.02M, Peak:0.02M | Scene, ViewLayer | Synchronizing object | Ivory claw.009
Fra:7 Mem:28.29M (Peak 28.29M) | Time:00:00.01 | Mem:0.02M, Peak:0.02M | Scene, ViewLayer | Synchronizing object | Paw toe.010
Fra:7 Mem:28.30M (Peak 28.30M) | Time:00:00.01 | Mem:0.02M, Peak:0.02M | Scene, ViewLayer | Synchronizing object | Paw toe.011
Fra:7 Mem:28.33M (Peak 28.33M) | Time:00:00.01 | Mem:0.02M, Peak:0.02M | Scene, ViewLayer | Synchronizing object | Head • species sculpt
Fra:7 Mem:28.33M (Peak 28.33M) | Time:00:00.01 | Mem:0.02M, Peak:0.02M | Scene, ViewLayer | Synchronizing object | Frost muzzle
Fra:7 Mem:28.32M (Peak 28.33M) | Time:00:00.01 | Mem:0.02M, Peak:0.02M | Scene, ViewLayer | Synchronizing object | Heart shaped nose
Fra:7 Mem:28.35M (Peak 28.35M) | Time:00:00.01 | Mem:0.02M, Peak:0.02M | Scene, ViewLayer | Synchronizing object | Eye socket
Fra:7 Mem:28.36M (Peak 28.36M) | Time:00:00.01 | Mem:0.02M, Peak:0.02M | Scene, ViewLayer | Synchronizing object | Ivory eye
Fra:7 Mem:28.45M (Peak 28.45M) | Time:00:00.01 | Mem:0.02M, Peak:0.02M | Scene, ViewLayer | Synchronizing object | Iris
Fra:7 Mem:28.45M (Peak 28.45M) | Time:00:00.01 | Mem:0.02M, Peak:0.02M | Scene, ViewLayer | Synchronizing object | Eye glint
Fra:7 Mem:28.48M (Peak 28.48M) | Time:00:00.01 | Mem:0.02M, Peak:0.02M | Scene, ViewLayer | Synchronizing object | Smiling mouth
Fra:7 Mem:28.49M (Peak 28.49M) | Time:00:00.01 | Mem:0.02M, Peak:0.02M | Scene, ViewLayer | Synchronizing object | Whisker pore
Fra:7 Mem:28.49M (Peak 28.49M) | Time:00:00.01 | Mem:0.02M, Peak:0.02M | Scene, ViewLayer | Synchronizing object | Whisker pore.001
Fra:7 Mem:28.50M (Peak 28.50M) | Time:00:00.01 | Mem:0.02M, Peak:0.02M | Scene, ViewLayer | Synchronizing object | Whisker pore.002
Fra:7 Mem:28.50M (Peak 28.50M) | Time:00:00.01 | Mem:0.02M, Peak:0.02M | Scene, ViewLayer | Synchronizing object | Eye socket.001
Fra:7 Mem:28.51M (Peak 28.51M) | Time:00:00.01 | Mem:0.02M, Peak:0.02M | Scene, ViewLayer | Synchronizing object | Warm rim
Fra:7 Mem:28.53M (Peak 28.53M) | Time:00:00.01 | Mem:0.02M, Peak:0.02M | Scene, ViewLayer | Synchronizing object | Sky fill
Fra:7 Mem:28.53M (Peak 28.53M) | Time:00:00.01 | Mem:0.02M, Peak:0.02M | Scene, ViewLayer | Synchronizing object | Sunset key
Fra:7 Mem:28.53M (Peak 28.53M) | Time:00:00.01 | Mem:0.02M, Peak:0.02M | Scene, ViewLayer | Synchronizing object | Iris.001
Fra:7 Mem:28.53M (Peak 28.53M) | Time:00:00.01 | Mem:0.02M, Peak:0.02M | Scene, ViewLayer | Synchronizing object | Plane
Fra:7 Mem:28.54M (Peak 28.54M) | Time:00:00.01 | Mem:0.02M, Peak:0.02M | Scene, ViewLayer | Synchronizing object | Eye glint.001
Fra:7 Mem:28.76M (Peak 28.76M) | Time:00:00.01 | Mem:0.02M, Peak:0.02M | Scene, ViewLayer | Synchronizing object | Expressive brow.001
Fra:7 Mem:28.76M (Peak 28.76M) | Time:00:00.01 | Mem:0.02M, Peak:0.02M | Scene, ViewLayer | Synchronizing object | Raised elemental crest
Fra:7 Mem:28.76M (Peak 28.76M) | Time:00:00.01 | Mem:0.02M, Peak:0.02M | Scene, ViewLayer | Synchronizing object | Whisker pore.003
Fra:7 Mem:28.77M (Peak 28.77M) | Time:00:00.01 | Mem:0.02M, Peak:0.02M | Scene, ViewLayer | Synchronizing object | Brass crest clasp
Fra:7 Mem:28.81M (Peak 28.81M) | Time:00:00.01 | Mem:0.02M, Peak:0.02M | Scene, ViewLayer | Synchronizing object | Whisker pore.004
Fra:7 Mem:28.85M (Peak 28.85M) | Time:00:00.01 | Mem:0.02M, Peak:0.02M | Scene, ViewLayer | Synchronizing object | Whisker pore.005
Fra:7 Mem:28.86M (Peak 28.86M) | Time:00:00.01 | Mem:0.02M, Peak:0.02M | Scene, ViewLayer | Synchronizing object | Mouth cavity
Fra:7 Mem:28.88M (Peak 28.88M) | Time:00:00.01 | Mem:0.02M, Peak:0.02M | Scene, ViewLayer | Synchronizing object | Leather neckerchief roll
Fra:7 Mem:28.96M (Peak 28.96M) | Time:00:00.01 | Mem:0.02M, Peak:0.02M | Scene, ViewLayer | Synchronizing object | Lower canine
Fra:7 Mem:28.97M (Peak 28.97M) | Time:00:00.01 | Mem:0.02M, Peak:0.02M | Scene, ViewLayer | Synchronizing object | Lower canine.001
Fra:7 Mem:28.99M (Peak 28.99M) | Time:00:00.01 | Mem:0.02M, Peak:0.02M | Scene, ViewLayer | Synchronizing object | Pointed species ear
Fra:7 Mem:29.00M (Peak 29.00M) | Time:00:00.01 | Mem:0.02M, Peak:0.02M | Scene, ViewLayer | Synchronizing object | Pointed species ear.001
Fra:7 Mem:29.00M (Peak 29.00M) | Time:00:00.01 | Mem:0.02M, Peak:0.02M | Scene, ViewLayer | Synchronizing object | Inner ear.001
Fra:7 Mem:29.00M (Peak 29.00M) | Time:00:00.01 | Mem:0.02M, Peak:0.02M | Scene, ViewLayer | Synchronizing object | Swept cheek ruff
Fra:7 Mem:29.00M (Peak 29.00M) | Time:00:00.01 | Mem:0.02M, Peak:0.02M | Scene, ViewLayer | Synchronizing object | Swept cheek ruff.001
Fra:7 Mem:29.01M (Peak 29.01M) | Time:00:00.01 | Mem:0.02M, Peak:0.02M | Scene, ViewLayer | Synchronizing object | Swept cheek ruff.002
Fra:7 Mem:29.01M (Peak 29.01M) | Time:00:00.01 | Mem:0.02M, Peak:0.02M | Scene, ViewLayer | Synchronizing object | Swept cheek ruff.004
Fra:7 Mem:29.01M (Peak 29.01M) | Time:00:00.01 | Mem:0.02M, Peak:0.02M | Scene, ViewLayer | Synchronizing object | Swept cheek ruff.005
Fra:7 Mem:29.04M (Peak 29.04M) | Time:00:00.01 | Mem:0.02M, Peak:0.02M | Scene, ViewLayer | Synchronizing object | Swept cheek ruff.006
Fra:7 Mem:29.04M (Peak 29.04M) | Time:00:00.01 | Mem:0.02M, Peak:0.02M | Scene, ViewLayer | Synchronizing object | Ice swept crest
Fra:7 Mem:29.04M (Peak 29.04M) | Time:00:00.01 | Mem:0.02M, Peak:0.02M | Scene, ViewLayer | Synchronizing object | Ice swept crest.001
Fra:7 Mem:29.07M (Peak 29.07M) | Time:00:00.01 | Mem:0.02M, Peak:0.02M | Scene, ViewLayer | Synchronizing object | Ice swept crest.002
Fra:7 Mem:29.09M (Peak 29.09M) | Time:00:00.01 | Mem:0.02M, Peak:0.02M | Scene, ViewLayer | Synchronizing object | Wrist fur.010
Fra:7 Mem:29.10M (Peak 29.10M) | Time:00:00.01 | Mem:0.02M, Peak:0.02M | Scene, ViewLayer | Synchronizing object | Layered shoulder fur
Fra:7 Mem:29.10M (Peak 29.10M) | Time:00:00.01 | Mem:0.02M, Peak:0.02M | Scene, ViewLayer | Synchronizing object | Layered shoulder fur.001
Fra:7 Mem:29.11M (Peak 29.11M) | Time:00:00.01 | Mem:0.02M, Peak:0.02M | Scene, ViewLayer | Synchronizing object | Layered shoulder fur.002
Fra:7 Mem:29.11M (Peak 29.11M) | Time:00:00.01 | Mem:0.02M, Peak:0.02M | Scene, ViewLayer | Synchronizing object | Wrist fur
Fra:7 Mem:29.12M (Peak 29.12M) | Time:00:00.01 | Mem:0.02M, Peak:0.02M | Scene, ViewLayer | Synchronizing object | Wrist fur.002
Fra:7 Mem:29.14M (Peak 29.14M) | Time:00:00.01 | Mem:0.02M, Peak:0.02M | Scene, ViewLayer | Synchronizing object | Layered shoulder fur.005
Fra:7 Mem:29.13M (Peak 29.14M) | Time:00:00.01 | Mem:0.02M, Peak:0.02M | Scene, ViewLayer | Synchronizing object | Wrist fur.003
Fra:7 Mem:29.13M (Peak 29.14M) | Time:00:00.01 | Mem:0.02M, Peak:0.02M | Scene, ViewLayer | Synchronizing object | Wrist fur.004
Fra:7 Mem:29.16M (Peak 29.16M) | Time:00:00.01 | Mem:0.02M, Peak:0.02M | Scene, ViewLayer | Synchronizing object | Wrist fur.005
Fra:7 Mem:29.15M (Peak 29.16M) | Time:00:00.01 | Mem:0.02M, Peak:0.02M | Scene, ViewLayer | Synchronizing object | Layered shoulder fur.006
Fra:7 Mem:29.15M (Peak 29.16M) | Time:00:00.01 | Mem:0.02M, Peak:0.02M | Scene, ViewLayer | Synchronizing object | Layered shoulder fur.008
Fra:7 Mem:29.16M (Peak 29.16M) | Time:00:00.01 | Mem:0.02M, Peak:0.02M | Scene, ViewLayer | Synchronizing object | Wrist fur.006
Fra:7 Mem:29.16M (Peak 29.16M) | Time:00:00.01 | Mem:0.02M, Peak:0.02M | Scene, ViewLayer | Synchronizing object | Wrist fur.007
Fra:7 Mem:29.17M (Peak 29.17M) | Time:00:00.01 | Mem:0.02M, Peak:0.02M | Scene, ViewLayer | Synchronizing object | Wrist fur.008
Fra:7 Mem:29.17M (Peak 29.17M) | Time:00:00.01 | Mem:0.02M, Peak:0.02M | Scene, ViewLayer | Synchronizing object | Wrist fur.009
Fra:7 Mem:29.18M (Peak 29.18M) | Time:00:00.01 | Mem:0.02M, Peak:0.02M | Scene, ViewLayer | Synchronizing object | Layered shoulder fur.010
Fra:7 Mem:29.18M (Peak 29.18M) | Time:00:00.01 | Mem:0.02M, Peak:0.02M | Scene, ViewLayer | Synchronizing object | Layered shoulder fur.011
Fra:7 Mem:29.20M (Peak 29.20M) | Time:00:00.01 | Mem:0.02M, Peak:0.02M | Scene, ViewLayer | Initializing
Fra:7 Mem:27.60M (Peak 29.20M) | Time:00:00.01 | Mem:0.02M, Peak:0.02M | Scene, ViewLayer | Updating Images | Loading Authored short-fur normal
Fra:7 Mem:24.26M (Peak 29.20M) | Time:00:00.02 | Mem:0.27M, Peak:0.27M | Scene, ViewLayer | Waiting for render to start
Fra:7 Mem:24.26M (Peak 29.20M) | Time:00:00.02 | Mem:0.27M, Peak:0.27M | Scene, ViewLayer | Updating Scene
Fra:7 Mem:24.26M (Peak 29.20M) | Time:00:00.02 | Mem:0.27M, Peak:0.27M | Scene, ViewLayer | Updating Shaders
Fra:7 Mem:24.26M (Peak 29.20M) | Time:00:00.02 | Mem:0.27M, Peak:0.27M | Scene, ViewLayer | Loading render kernels (may take a few minutes the first time)
Fra:7 Mem:24.35M (Peak 29.20M) | Time:00:00.09 | Mem:0.28M, Peak:0.28M | Scene, ViewLayer | Updating Procedurals
Fra:7 Mem:24.35M (Peak 29.20M) | Time:00:00.09 | Mem:0.28M, Peak:0.28M | Scene, ViewLayer | Updating Background
Fra:7 Mem:24.35M (Peak 29.20M) | Time:00:00.09 | Mem:0.28M, Peak:0.28M | Scene, ViewLayer | Updating Camera
Fra:7 Mem:24.35M (Peak 29.20M) | Time:00:00.09 | Mem:0.28M, Peak:0.28M | Scene, ViewLayer | Updating Meshes Flags
Fra:7 Mem:24.35M (Peak 29.20M) | Time:00:00.09 | Mem:0.28M, Peak:0.28M | Scene, ViewLayer | Updating Objects
Fra:7 Mem:24.35M (Peak 29.20M) | Time:00:00.09 | Mem:0.28M, Peak:0.28M | Scene, ViewLayer | Updating Objects | Copying Transformations to device
Fra:7 Mem:24.35M (Peak 29.20M) | Time:00:00.09 | Mem:0.31M, Peak:0.31M | Scene, ViewLayer | Updating Particle Systems
Fra:7 Mem:24.35M (Peak 29.20M) | Time:00:00.09 | Mem:0.31M, Peak:0.31M | Scene, ViewLayer | Updating Particle Systems | Copying Particles to device
Fra:7 Mem:24.35M (Peak 29.20M) | Time:00:00.09 | Mem:0.31M, Peak:0.31M | Scene, ViewLayer | Updating Meshes
Fra:7 Mem:25.11M (Peak 29.20M) | Time:00:00.10 | Mem:0.31M, Peak:0.31M | Scene, ViewLayer | Updating Objects | Applying Static Transformations
Fra:7 Mem:25.11M (Peak 29.20M) | Time:00:00.10 | Mem:0.31M, Peak:0.31M | Scene, ViewLayer | Updating Mesh | Computing attributes
Fra:7 Mem:26.19M (Peak 29.20M) | Time:00:00.10 | Mem:0.33M, Peak:0.33M | Scene, ViewLayer | Updating Mesh | Copying Attributes to device
Fra:7 Mem:25.11M (Peak 29.20M) | Time:00:00.30 | Mem:1.42M, Peak:1.42M | Scene, ViewLayer | Updating Geometry BVH ribcage.001 2/88 | Building BVH
Fra:7 Mem:25.11M (Peak 29.20M) | Time:00:00.30 | Mem:1.42M, Peak:1.42M | Scene, ViewLayer | Updating Geometry BVH Paw toe.012 3/98 | Building BVH
Fra:7 Mem:25.11M (Peak 29.20M) | Time:00:00.30 | Mem:1.42M, Peak:1.42M | Scene, ViewLayer | Updating Geometry BVH Warm rim 104/104 | Building BVH
Fra:7 Mem:25.11M (Peak 29.20M) | Time:00:00.30 | Mem:1.42M, Peak:1.42M | Scene, ViewLayer | Updating Geometry BVH Ivory claw.014 8/104 | Building BVH
Fra:7 Mem:25.11M (Peak 29.20M) | Time:00:00.30 | Mem:1.42M, Peak:1.42M | Scene, ViewLayer | Updating Geometry BVH Paw toe.014 7/104 | Building mesh BLAS |     192 tris | Paw toe.012
Fra:7 Mem:25.11M (Peak 29.20M) | Time:00:00.30 | Mem:1.42M, Peak:1.42M | Scene, ViewLayer | Updating Geometry BVH Paw toe.014 7/104 | Building mesh BLAS |     192 tris | Paw toe.013
Fra:7 Mem:25.11M (Peak 29.20M) | Time:00:00.30 | Mem:1.42M, Peak:1.42M | Scene, ViewLayer | Updating Geometry BVH Paw toe.014 7/104 | Building mesh BLAS |      32 tris | Ivory claw.014
Fra:7 Mem:25.11M (Peak 29.20M) | Time:00:00.30 | Mem:1.42M, Peak:1.42M | Scene, ViewLayer | Updating Geometry BVH Paw toe.014 7/104 | Building mesh BLAS |     192 tris | Paw toe.014
Fra:7 Mem:25.11M (Peak 29.20M) | Time:00:00.30 | Mem:1.42M, Peak:1.42M | Scene, ViewLayer | Updating Geometry BVH Sunset key 102/104 | Building BVH
Fra:7 Mem:25.11M (Peak 29.20M) | Time:00:00.30 | Mem:1.42M, Peak:1.42M | Scene, ViewLayer | Updating Geometry BVH Plane 101/104 | Building BVH
Fra:7 Mem:25.11M (Peak 29.20M) | Time:00:00.30 | Mem:1.42M, Peak:1.42M | Scene, ViewLayer | Updating Geometry BVH Plane 101/104 | Building mesh BLAS |       2 tris | Plane
Fra:7 Mem:25.11M (Peak 29.20M) | Time:00:00.30 | Mem:1.42M, Peak:1.42M | Scene, ViewLayer | Updating Geometry BVH Plane 101/104 | Building mesh BLAS |      32 tris | Ivory claw.013
Fra:7 Mem:25.11M (Peak 29.20M) | Time:00:00.30 | Mem:1.42M, Peak:1.42M | Scene, ViewLayer | Updating Geometry BVH Plane 101/104 | Building mesh BLAS |      32 tris | Ivory claw.012
Fra:7 Mem:25.11M (Peak 29.20M) | Time:00:00.30 | Mem:1.42M, Peak:1.42M | Scene, ViewLayer | Updating Geometry BVH Paw toe.015 9/104 | Building BVH
Fra:7 Mem:25.11M (Peak 29.20M) | Time:00:00.30 | Mem:1.42M, Peak:1.42M | Scene, ViewLayer | Updating Geometry BVH Ivory claw.015 10/104 | Building mesh BLAS |     192 tris | Paw toe.015
Fra:7 Mem:25.11M (Peak 29.20M) | Time:00:00.30 | Mem:1.42M, Peak:1.42M | Scene, ViewLayer | Updating Geometry BVH Raised elemental crest.001 100/104 | Building BVH
Fra:7 Mem:25.11M (Peak 29.20M) | Time:00:00.30 | Mem:1.42M, Peak:1.42M | Scene, ViewLayer | Updating Geometry BVH Raised elemental crest.001 100/104 | Building mesh BLAS |      26 tris | Raised elemental crest.001
Fra:7 Mem:25.11M (Peak 29.20M) | Time:00:00.30 | Mem:1.42M, Peak:1.42M | Scene, ViewLayer | Updating Geometry BVH Paw toe.016 11/104 | Building mesh BLAS |    4170 tris | ribcage.001
Fra:7 Mem:25.11M (Peak 29.20M) | Time:00:00.30 | Mem:1.42M, Peak:1.42M | Scene, ViewLayer | Updating Geometry BVH Paw toe.017 13/104 | Building BVH
Fra:7 Mem:25.11M (Peak 29.20M) | Time:00:00.30 | Mem:1.42M, Peak:1.42M | Scene, ViewLayer | Updating Geometry BVH Paw toe.017 13/104 | Building mesh BLAS |     192 tris | Paw toe.017
Fra:7 Mem:25.11M (Peak 29.20M) | Time:00:00.30 | Mem:1.42M, Peak:1.42M | Scene, ViewLayer | Updating Geometry BVH Ivory claw.017 14/104 | Building BVH
Fra:7 Mem:25.11M (Peak 29.20M) | Time:00:00.30 | Mem:1.42M, Peak:1.42M | Scene, ViewLayer | Updating Geometry BVH Brass crest clasp.001 99/104 | Building BVH
Fra:7 Mem:25.11M (Peak 29.20M) | Time:00:00.30 | Mem:1.42M, Peak:1.42M | Scene, ViewLayer | Updating Geometry BVH Brass crest clasp.001 99/104 | Building mesh BLAS |      32 tris | Ivory claw.017
Fra:7 Mem:25.11M (Peak 29.20M) | Time:00:00.30 | Mem:1.42M, Peak:1.42M | Scene, ViewLayer | Updating Geometry BVH Brass crest clasp.001 99/104 | Building mesh BLAS |     320 tris | Brass crest clasp.001
Fra:7 Mem:25.11M (Peak 29.20M) | Time:00:00.30 | Mem:1.42M, Peak:1.42M | Scene, ViewLayer | Updating Geometry BVH Paw toe.018 15/104 | Building BVH
Fra:7 Mem:25.11M (Peak 29.20M) | Time:00:00.30 | Mem:1.42M, Peak:1.42M | Scene, ViewLayer | Updating Geometry BVH Paw toe.018 15/104 | Building mesh BLAS |     192 tris | Paw toe.018
Fra:7 Mem:25.11M (Peak 29.20M) | Time:00:00.30 | Mem:1.42M, Peak:1.42M | Scene, ViewLayer | Updating Geometry BVH Ivory claw.018 16/104 | Building BVH
Fra:7 Mem:25.11M (Peak 29.20M) | Time:00:00.30 | Mem:1.42M, Peak:1.42M | Scene, ViewLayer | Updating Geometry BVH Ivory claw.018 16/104 | Building mesh BLAS |      32 tris | Ivory claw.018
Fra:7 Mem:25.11M (Peak 29.20M) | Time:00:00.30 | Mem:1.42M, Peak:1.42M | Scene, ViewLayer | Updating Geometry BVH Ivory claw.018 16/104 | Building mesh BLAS |     192 tris | Paw toe.016
Fra:7 Mem:25.11M (Peak 29.20M) | Time:00:00.30 | Mem:1.42M, Peak:1.42M | Scene, ViewLayer | Updating Geometry BVH Neckerchief folded point.001 98/104 | Building BVH
Fra:7 Mem:25.11M (Peak 29.20M) | Time:00:00.30 | Mem:1.42M, Peak:1.42M | Scene, ViewLayer | Updating Geometry BVH Neckerchief folded point.001 98/104 | Building mesh BLAS |       4 tris | Neckerchief folded point.001
Fra:7 Mem:25.11M (Peak 29.20M) | Time:00:00.30 | Mem:1.42M, Peak:1.42M | Scene, ViewLayer | Updating Geometry BVH Neckerchief folded point.001 98/104 | Building mesh BLAS |      32 tris | Ivory claw.015
Fra:7 Mem:25.11M (Peak 29.20M) | Time:00:00.30 | Mem:1.42M, Peak:1.42M | Scene, ViewLayer | Updating Geometry BVH Paw toe.019 17/104 | Building BVH
Fra:7 Mem:25.11M (Peak 29.20M) | Time:00:00.30 | Mem:1.42M, Peak:1.42M | Scene, ViewLayer | Updating Geometry BVH Paw toe.019 17/104 | Building mesh BLAS |      32 tris | Ivory claw.016
Fra:7 Mem:25.11M (Peak 29.20M) | Time:00:00.30 | Mem:1.42M, Peak:1.42M | Scene, ViewLayer | Updating Geometry BVH Paw toe.020 19/104 | Building BVH
Fra:7 Mem:25.11M (Peak 29.20M) | Time:00:00.30 | Mem:1.42M, Peak:1.42M | Scene, ViewLayer | Updating Geometry BVH Paw toe.020 19/104 | Building mesh BLAS |     192 tris | Paw toe.020
Fra:7 Mem:25.11M (Peak 29.20M) | Time:00:00.30 | Mem:1.42M, Peak:1.42M | Scene, ViewLayer | Updating Geometry BVH Ivory claw.020 20/104 | Building BVH
Fra:7 Mem:25.11M (Peak 29.20M) | Time:00:00.30 | Mem:1.42M, Peak:1.42M | Scene, ViewLayer | Updating Geometry BVH Ivory claw.020 20/104 | Building mesh BLAS |      32 tris | Ivory claw.020
Fra:7 Mem:25.11M (Peak 29.20M) | Time:00:00.30 | Mem:1.42M, Peak:1.42M | Scene, ViewLayer | Updating Geometry BVH Leather neckerchief roll.001 97/104 | Building BVH
Fra:7 Mem:25.11M (Peak 29.20M) | Time:00:00.30 | Mem:1.42M, Peak:1.42M | Scene, ViewLayer | Updating Geometry BVH Leather neckerchief roll.001 97/104 | Building mesh BLAS |      76 tris | Leather neckerchief roll.001
Fra:7 Mem:25.11M (Peak 29.20M) | Time:00:00.30 | Mem:1.42M, Peak:1.42M | Scene, ViewLayer | Updating Geometry BVH Paw toe.021 21/104 | Building BVH
Fra:7 Mem:25.11M (Peak 29.20M) | Time:00:00.30 | Mem:1.42M, Peak:1.42M | Scene, ViewLayer | Updating Geometry BVH Ivory claw.021 22/104 | Building BVH
Fra:7 Mem:25.11M (Peak 29.20M) | Time:00:00.30 | Mem:1.42M, Peak:1.42M | Scene, ViewLayer | Updating Geometry BVH Ivory claw.021 22/104 | Building mesh BLAS |     192 tris | Paw toe.021
Fra:7 Mem:25.11M (Peak 29.20M) | Time:00:00.30 | Mem:1.42M, Peak:1.42M | Scene, ViewLayer | Updating Geometry BVH Ivory claw.021 22/104 | Building mesh BLAS |      32 tris | Ivory claw.021
Fra:7 Mem:25.11M (Peak 29.20M) | Time:00:00.30 | Mem:1.42M, Peak:1.42M | Scene, ViewLayer | Updating Geometry BVH Paw toe.022 23/104 | Building BVH
Fra:7 Mem:25.11M (Peak 29.20M) | Time:00:00.30 | Mem:1.42M, Peak:1.42M | Scene, ViewLayer | Updating Geometry BVH Paw toe.022 23/104 | Building mesh BLAS |     192 tris | Paw toe.022
Fra:7 Mem:25.11M (Peak 29.20M) | Time:00:00.30 | Mem:1.42M, Peak:1.42M | Scene, ViewLayer | Updating Geometry BVH Ivory claw.022 24/104 | Building BVH
Fra:7 Mem:25.11M (Peak 29.20M) | Time:00:00.30 | Mem:1.42M, Peak:1.42M | Scene, ViewLayer | Updating Geometry BVH Ivory claw.022 24/104 | Building mesh BLAS |      32 tris | Ivory claw.022
Fra:7 Mem:25.11M (Peak 29.20M) | Time:00:00.30 | Mem:1.42M, Peak:1.42M | Scene, ViewLayer | Updating Geometry BVH Articulated tail.001 96/104 | Building BVH
Fra:7 Mem:25.11M (Peak 29.20M) | Time:00:00.30 | Mem:1.42M, Peak:1.42M | Scene, ViewLayer | Updating Geometry BVH Articulated tail.001 96/104 | Building mesh BLAS |     268 tris | Articulated tail.001
Fra:7 Mem:25.11M (Peak 29.20M) | Time:00:00.30 | Mem:1.42M, Peak:1.42M | Scene, ViewLayer | Updating Geometry BVH Paw toe.023 25/104 | Building BVH
Fra:7 Mem:25.11M (Peak 29.20M) | Time:00:00.30 | Mem:1.42M, Peak:1.42M | Scene, ViewLayer | Updating Geometry BVH Paw toe.023 25/104 | Building mesh BLAS |      32 tris | Ivory claw.019
Fra:7 Mem:25.11M (Peak 29.20M) | Time:00:00.30 | Mem:1.42M, Peak:1.42M | Scene, ViewLayer | Updating Geometry BVH Ivory claw.023 26/104 | Building BVH
Fra:7 Mem:25.11M (Peak 29.20M) | Time:00:00.30 | Mem:1.42M, Peak:1.42M | Scene, ViewLayer | Updating Geometry BVH Ivory claw.023 26/104 | Building mesh BLAS |      32 tris | Ivory claw.023
Fra:7 Mem:25.11M (Peak 29.20M) | Time:00:00.30 | Mem:1.42M, Peak:1.42M | Scene, ViewLayer | Updating Geometry BVH Skull.001 27/104 | Building BVH
Fra:7 Mem:25.11M (Peak 29.20M) | Time:00:00.30 | Mem:1.42M, Peak:1.42M | Scene, ViewLayer | Updating Geometry BVH Frost muzzle 28/104 | Building BVH
Fra:7 Mem:25.11M (Peak 29.20M) | Time:00:00.30 | Mem:1.42M, Peak:1.42M | Scene, ViewLayer | Updating Geometry BVH Frost muzzle 28/104 | Building mesh BLAS |     480 tris | Frost muzzle
Fra:7 Mem:25.11M (Peak 29.20M) | Time:00:00.30 | Mem:1.42M, Peak:1.42M | Scene, ViewLayer | Updating Geometry BVH Wrist fur.023 95/104 | Building BVH
Fra:7 Mem:25.11M (Peak 29.20M) | Time:00:00.30 | Mem:1.42M, Peak:1.42M | Scene, ViewLayer | Updating Geometry BVH Wrist fur.023 95/104 | Building mesh BLAS |      44 tris | Wrist fur.023
Fra:7 Mem:25.11M (Peak 29.20M) | Time:00:00.30 | Mem:1.42M, Peak:1.42M | Scene, ViewLayer | Updating Geometry BVH Heart shaped nose.001 29/104 | Building BVH
Fra:7 Mem:25.11M (Peak 29.20M) | Time:00:00.30 | Mem:1.42M, Peak:1.42M | Scene, ViewLayer | Updating Geometry BVH Heart shaped nose.001 29/104 | Building mesh BLAS |       6 tris | Heart shaped nose.001
Fra:7 Mem:25.11M (Peak 29.20M) | Time:00:00.30 | Mem:1.42M, Peak:1.42M | Scene, ViewLayer | Updating Geometry BVH Eye socket.002 30/104 | Building mesh BLAS |    2722 tris | Skull.001
Fra:7 Mem:25.11M (Peak 29.20M) | Time:00:00.30 | Mem:1.42M, Peak:1.42M | Scene, ViewLayer | Updating Geometry BVH Ivory eye.002 31/104 | Building BVH
Fra:7 Mem:25.11M (Peak 29.20M) | Time:00:00.30 | Mem:1.42M, Peak:1.42M | Scene, ViewLayer | Updating Geometry BVH Iris.002 32/104 | Building BVH
Fra:7 Mem:25.11M (Peak 29.20M) | Time:00:00.30 | Mem:1.42M, Peak:1.42M | Scene, ViewLayer | Updating Geometry BVH Iris.002 32/104 | Building mesh BLAS |     480 tris | Ivory eye.002
Fra:7 Mem:25.11M (Peak 29.20M) | Time:00:00.30 | Mem:1.42M, Peak:1.42M | Scene, ViewLayer | Updating Geometry BVH Iris.002 32/104 | Building mesh BLAS |     480 tris | Iris.002
Fra:7 Mem:25.11M (Peak 29.20M) | Time:00:00.30 | Mem:1.42M, Peak:1.42M | Scene, ViewLayer | Updating Geometry BVH Wrist fur.022 94/104 | Building BVH
Fra:7 Mem:25.11M (Peak 29.20M) | Time:00:00.30 | Mem:1.42M, Peak:1.42M | Scene, ViewLayer | Updating Geometry BVH Wrist fur.022 94/104 | Building mesh BLAS |      44 tris | Wrist fur.022
Fra:7 Mem:25.11M (Peak 29.20M) | Time:00:00.30 | Mem:1.42M, Peak:1.42M | Scene, ViewLayer | Updating Geometry BVH Pupil.002 33/104 | Building BVH
Fra:7 Mem:25.11M (Peak 29.20M) | Time:00:00.30 | Mem:1.42M, Peak:1.42M | Scene, ViewLayer | Updating Geometry BVH Pupil.002 33/104 | Building mesh BLAS |     320 tris | Pupil.002
Fra:7 Mem:25.11M (Peak 29.20M) | Time:00:00.30 | Mem:1.42M, Peak:1.42M | Scene, ViewLayer | Updating Geometry BVH Pupil.002 33/104 | Building mesh BLAS |     480 tris | Eye socket.002
Fra:7 Mem:25.11M (Peak 29.20M) | Time:00:00.30 | Mem:1.42M, Peak:1.42M | Scene, ViewLayer | Updating Geometry BVH Eye glint.002 34/104 | Building BVH
Fra:7 Mem:25.11M (Peak 29.20M) | Time:00:00.30 | Mem:1.42M, Peak:1.42M | Scene, ViewLayer | Updating Geometry BVH Eye glint.002 34/104 | Building mesh BLAS |     192 tris | Eye glint.002
Fra:7 Mem:25.11M (Peak 29.20M) | Time:00:00.30 | Mem:1.42M, Peak:1.42M | Scene, ViewLayer | Updating Geometry BVH Expressive brow.002 35/104 | Building BVH
Fra:7 Mem:25.11M (Peak 29.20M) | Time:00:00.30 | Mem:1.42M, Peak:1.42M | Scene, ViewLayer | Updating Geometry BVH Expressive brow.002 35/104 | Building mesh BLAS |      44 tris | Expressive brow.002
Fra:7 Mem:25.11M (Peak 29.20M) | Time:00:00.30 | Mem:1.42M, Peak:1.42M | Scene, ViewLayer | Updating Geometry BVH Whisker pore.006 37/104 | Building BVH
Fra:7 Mem:25.11M (Peak 29.20M) | Time:00:00.30 | Mem:1.42M, Peak:1.42M | Scene, ViewLayer | Updating Geometry BVH Whisker pore.006 37/104 | Building mesh BLAS |      64 tris | Whisker pore.006
Fra:7 Mem:25.11M (Peak 29.20M) | Time:00:00.30 | Mem:1.42M, Peak:1.42M | Scene, ViewLayer | Updating Geometry BVH Whisker pore.007 38/104 | Building BVH
Fra:7 Mem:25.11M (Peak 29.20M) | Time:00:00.30 | Mem:1.42M, Peak:1.42M | Scene, ViewLayer | Updating Geometry BVH Whisker pore.007 38/104 | Building mesh BLAS |      64 tris | Whisker pore.007
Fra:7 Mem:25.11M (Peak 29.20M) | Time:00:00.30 | Mem:1.42M, Peak:1.42M | Scene, ViewLayer | Updating Geometry BVH Whisker pore.008 39/104 | Building BVH
Fra:7 Mem:25.11M (Peak 29.20M) | Time:00:00.30 | Mem:1.42M, Peak:1.42M | Scene, ViewLayer | Updating Geometry BVH Whisker pore.008 39/104 | Building mesh BLAS |      64 tris | Whisker pore.008
Fra:7 Mem:25.11M (Peak 29.20M) | Time:00:00.30 | Mem:1.42M, Peak:1.42M | Scene, ViewLayer | Updating Geometry BVH Whisker pore.008 39/104 | Building mesh BLAS |      32 tris | Smiling mouth.002
Fra:7 Mem:25.11M (Peak 29.20M) | Time:00:00.30 | Mem:1.42M, Peak:1.42M | Scene, ViewLayer | Updating Geometry BVH Wrist fur.021 93/104 | Building BVH
Fra:7 Mem:25.11M (Peak 29.20M) | Time:00:00.30 | Mem:1.42M, Peak:1.42M | Scene, ViewLayer | Updating Geometry BVH Wrist fur.021 93/104 | Building mesh BLAS |      44 tris | Wrist fur.021
Fra:7 Mem:25.11M (Peak 29.20M) | Time:00:00.30 | Mem:1.42M, Peak:1.42M | Scene, ViewLayer | Updating Geometry BVH Eye socket.003 40/104 | Building BVH
Fra:7 Mem:25.11M (Peak 29.20M) | Time:00:00.30 | Mem:1.42M, Peak:1.42M | Scene, ViewLayer | Updating Geometry BVH Eye socket.003 40/104 | Building mesh BLAS |     480 tris | Eye socket.003
Fra:7 Mem:25.11M (Peak 29.20M) | Time:00:00.30 | Mem:1.42M, Peak:1.42M | Scene, ViewLayer | Updating Geometry BVH Ivory eye.003 41/104 | Building BVH
Fra:7 Mem:25.11M (Peak 29.20M) | Time:00:00.30 | Mem:1.42M, Peak:1.42M | Scene, ViewLayer | Updating Geometry BVH Ivory eye.003 41/104 | Building mesh BLAS |     480 tris | Ivory eye.003
Fra:7 Mem:25.11M (Peak 29.20M) | Time:00:00.30 | Mem:1.42M, Peak:1.42M | Scene, ViewLayer | Updating Geometry BVH Iris.003 42/104 | Building BVH
Fra:7 Mem:25.11M (Peak 29.20M) | Time:00:00.30 | Mem:1.42M, Peak:1.42M | Scene, ViewLayer | Updating Geometry BVH Iris.003 42/104 | Building mesh BLAS |     480 tris | Iris.003
Fra:7 Mem:25.11M (Peak 29.20M) | Time:00:00.30 | Mem:1.42M, Peak:1.42M | Scene, ViewLayer | Updating Geometry BVH Pupil.003 43/104 | Building BVH
Fra:7 Mem:25.11M (Peak 29.20M) | Time:00:00.31 | Mem:1.42M, Peak:1.42M | Scene, ViewLayer | Updating Geometry BVH Eye glint.003 44/104 | Building BVH
Fra:7 Mem:25.11M (Peak 29.20M) | Time:00:00.31 | Mem:1.42M, Peak:1.42M | Scene, ViewLayer | Updating Geometry BVH Eye glint.003 44/104 | Building mesh BLAS |     192 tris | Eye glint.003
Fra:7 Mem:25.11M (Peak 29.20M) | Time:00:00.31 | Mem:1.42M, Peak:1.42M | Scene, ViewLayer | Updating Geometry BVH Expressive brow.003 45/104 | Building BVH
Fra:7 Mem:25.11M (Peak 29.20M) | Time:00:00.31 | Mem:1.42M, Peak:1.42M | Scene, ViewLayer | Updating Geometry BVH Smiling mouth.003 46/104 | Building mesh BLAS |      44 tris | Expressive brow.003
Fra:7 Mem:25.11M (Peak 29.20M) | Time:00:00.31 | Mem:1.42M, Peak:1.42M | Scene, ViewLayer | Updating Geometry BVH Layered shoulder fur.023 92/104 | Building BVH
Fra:7 Mem:25.11M (Peak 29.20M) | Time:00:00.31 | Mem:1.42M, Peak:1.42M | Scene, ViewLayer | Updating Geometry BVH Layered shoulder fur.023 92/104 | Building mesh BLAS |      32 tris | Smiling mouth.003
Fra:7 Mem:25.11M (Peak 29.20M) | Time:00:00.31 | Mem:1.42M, Peak:1.42M | Scene, ViewLayer | Updating Geometry BVH Whisker pore.009 47/104 | Building BVH
Fra:7 Mem:25.11M (Peak 29.20M) | Time:00:00.31 | Mem:1.42M, Peak:1.42M | Scene, ViewLayer | Updating Geometry BVH Whisker pore.009 47/104 | Building mesh BLAS |      64 tris | Whisker pore.009
Fra:7 Mem:25.11M (Peak 29.20M) | Time:00:00.31 | Mem:1.42M, Peak:1.42M | Scene, ViewLayer | Updating Geometry BVH Whisker pore.010 48/104 | Building BVH
Fra:7 Mem:25.11M (Peak 29.20M) | Time:00:00.31 | Mem:1.42M, Peak:1.42M | Scene, ViewLayer | Updating Geometry BVH Whisker pore.011 49/104 | Building mesh BLAS |      64 tris | Whisker pore.010
Fra:7 Mem:25.11M (Peak 29.20M) | Time:00:00.31 | Mem:1.42M, Peak:1.42M | Scene, ViewLayer | Updating Geometry BVH Lower jaw.001 50/104 | Building BVH
Fra:7 Mem:25.11M (Peak 29.20M) | Time:00:00.31 | Mem:1.42M, Peak:1.42M | Scene, ViewLayer | Updating Geometry BVH Lower jaw.001 50/104 | Building mesh BLAS |      64 tris | Whisker pore.011
Fra:7 Mem:25.11M (Peak 29.20M) | Time:00:00.31 | Mem:1.42M, Peak:1.42M | Scene, ViewLayer | Updating Geometry BVH Mouth cavity.001 51/104 | Building BVH
Fra:7 Mem:25.11M (Peak 29.20M) | Time:00:00.31 | Mem:1.42M, Peak:1.42M | Scene, ViewLayer | Updating Geometry BVH Mouth cavity.001 51/104 | Building mesh BLAS |      44 tris | Layered shoulder fur.023
Fra:7 Mem:25.11M (Peak 29.20M) | Time:00:00.31 | Mem:1.42M, Peak:1.42M | Scene, ViewLayer | Updating Geometry BVH Lower canine.002 52/104 | Building BVH
Fra:7 Mem:25.11M (Peak 29.20M) | Time:00:00.31 | Mem:1.42M, Peak:1.42M | Scene, ViewLayer | Updating Geometry BVH Lower canine.002 52/104 | Building mesh BLAS |      38 tris | Lower canine.002
Fra:7 Mem:25.11M (Peak 29.20M) | Time:00:00.31 | Mem:1.42M, Peak:1.42M | Scene, ViewLayer | Updating Geometry BVH Lower canine.003 53/104 | Building BVH
Fra:7 Mem:25.11M (Peak 29.20M) | Time:00:00.31 | Mem:1.42M, Peak:1.42M | Scene, ViewLayer | Updating Geometry BVH Lower canine.003 53/104 | Building mesh BLAS |      38 tris | Lower canine.003
Fra:7 Mem:25.11M (Peak 29.20M) | Time:00:00.31 | Mem:1.42M, Peak:1.42M | Scene, ViewLayer | Updating Geometry BVH Layered shoulder fur.022 91/104 | Building BVH
Fra:7 Mem:25.11M (Peak 29.20M) | Time:00:00.31 | Mem:1.42M, Peak:1.42M | Scene, ViewLayer | Updating Geometry BVH Layered shoulder fur.022 91/104 | Building mesh BLAS |      44 tris | Layered shoulder fur.022
Fra:7 Mem:25.11M (Peak 29.20M) | Time:00:00.31 | Mem:1.42M, Peak:1.42M | Scene, ViewLayer | Updating Geometry BVH Pointed species ear 54/104 | Building BVH
Fra:7 Mem:25.11M (Peak 29.20M) | Time:00:00.31 | Mem:1.42M, Peak:1.42M | Scene, ViewLayer | Updating Geometry BVH Pointed species ear 54/104 | Building mesh BLAS |       6 tris | Pointed species ear
Fra:7 Mem:25.11M (Peak 29.20M) | Time:00:00.31 | Mem:1.42M, Peak:1.42M | Scene, ViewLayer | Updating Geometry BVH Layered shoulder fur.021 90/104 | Building BVH
Fra:7 Mem:25.11M (Peak 29.20M) | Time:00:00.31 | Mem:1.42M, Peak:1.42M | Scene, ViewLayer | Updating Geometry BVH Layered shoulder fur.021 90/104 | Building mesh BLAS |      44 tris | Layered shoulder fur.021
Fra:7 Mem:25.11M (Peak 29.20M) | Time:00:00.31 | Mem:1.42M, Peak:1.42M | Scene, ViewLayer | Updating Geometry BVH Inner ear 55/104 | Building BVH
Fra:7 Mem:25.11M (Peak 29.20M) | Time:00:00.31 | Mem:1.42M, Peak:1.42M | Scene, ViewLayer | Updating Geometry BVH Pointed species ear.001 56/104 | Building BVH
Fra:7 Mem:25.11M (Peak 29.20M) | Time:00:00.31 | Mem:1.42M, Peak:1.42M | Scene, ViewLayer | Updating Geometry BVH Pointed species ear.001 56/104 | Building mesh BLAS |       3 tris | Inner ear
Fra:7 Mem:25.11M (Peak 29.20M) | Time:00:00.31 | Mem:1.42M, Peak:1.42M | Scene, ViewLayer | Updating Geometry BVH Inner ear.001 57/104 | Building BVH
Fra:7 Mem:25.11M (Peak 29.20M) | Time:00:00.31 | Mem:1.42M, Peak:1.42M | Scene, ViewLayer | Updating Geometry BVH Swept cheek ruff 58/104 | Building mesh BLAS |       3 tris | Inner ear.001
Fra:7 Mem:25.11M (Peak 29.20M) | Time:00:00.31 | Mem:1.42M, Peak:1.42M | Scene, ViewLayer | Updating Geometry BVH Swept cheek ruff.001 59/104 | Building BVH
Fra:7 Mem:25.11M (Peak 29.20M) | Time:00:00.31 | Mem:1.42M, Peak:1.42M | Scene, ViewLayer | Updating Geometry BVH Swept cheek ruff.001 59/104 | Building mesh BLAS |      44 tris | Swept cheek ruff
Fra:7 Mem:25.11M (Peak 29.20M) | Time:00:00.31 | Mem:1.42M, Peak:1.42M | Scene, ViewLayer | Updating Geometry BVH Swept cheek ruff.002 60/104 | Building BVH
Fra:7 Mem:25.11M (Peak 29.20M) | Time:00:00.31 | Mem:1.42M, Peak:1.42M | Scene, ViewLayer | Updating Geometry BVH Swept cheek ruff.002 60/104 | Building mesh BLAS |      44 tris | Swept cheek ruff.002
Fra:7 Mem:25.11M (Peak 29.20M) | Time:00:00.31 | Mem:1.42M, Peak:1.42M | Scene, ViewLayer | Updating Geometry BVH Swept cheek ruff.003 61/104 | Building BVH
Fra:7 Mem:25.11M (Peak 29.20M) | Time:00:00.31 | Mem:1.42M, Peak:1.42M | Scene, ViewLayer | Updating Geometry BVH Swept cheek ruff.003 61/104 | Building mesh BLAS |      44 tris | Swept cheek ruff.003
Fra:7 Mem:25.11M (Peak 29.20M) | Time:00:00.31 | Mem:1.42M, Peak:1.42M | Scene, ViewLayer | Updating Geometry BVH Wrist fur.020 89/104 | Building BVH
Fra:7 Mem:25.11M (Peak 29.20M) | Time:00:00.31 | Mem:1.42M, Peak:1.42M | Scene, ViewLayer | Updating Geometry BVH Wrist fur.020 89/104 | Building mesh BLAS |      44 tris | Wrist fur.020
Fra:7 Mem:25.11M (Peak 29.20M) | Time:00:00.31 | Mem:1.42M, Peak:1.42M | Scene, ViewLayer | Updating Geometry BVH Swept cheek ruff.004 62/104 | Building BVH
Fra:7 Mem:25.11M (Peak 29.20M) | Time:00:00.31 | Mem:1.42M, Peak:1.42M | Scene, ViewLayer | Updating Geometry BVH Swept cheek ruff.004 62/104 | Building mesh BLAS |      44 tris | Swept cheek ruff.004
Fra:7 Mem:25.11M (Peak 29.20M) | Time:00:00.31 | Mem:1.42M, Peak:1.42M | Scene, ViewLayer | Updating Geometry BVH Swept cheek ruff.005 63/104 | Building BVH
Fra:7 Mem:25.11M (Peak 29.20M) | Time:00:00.31 | Mem:1.42M, Peak:1.42M | Scene, ViewLayer | Updating Geometry BVH Swept cheek ruff.006 64/104 | Building BVH
Fra:7 Mem:25.11M (Peak 29.20M) | Time:00:00.31 | Mem:1.42M, Peak:1.42M | Scene, ViewLayer | Updating Geometry BVH Swept cheek ruff.006 64/104 | Building mesh BLAS |      44 tris | Swept cheek ruff.006
Fra:7 Mem:25.11M (Peak 29.20M) | Time:00:00.31 | Mem:1.42M, Peak:1.42M | Scene, ViewLayer | Updating Geometry BVH Swept cheek ruff.007 65/104 | Building BVH
Fra:7 Mem:25.11M (Peak 29.20M) | Time:00:00.31 | Mem:1.42M, Peak:1.42M | Scene, ViewLayer | Updating Geometry BVH Ice swept crest 66/104 | Building mesh BLAS |      44 tris | Swept cheek ruff.007
Fra:7 Mem:25.11M (Peak 29.20M) | Time:00:00.31 | Mem:1.42M, Peak:1.42M | Scene, ViewLayer | Updating Geometry BVH Ice swept crest.001 67/104 | Building BVH
Fra:7 Mem:25.11M (Peak 29.20M) | Time:00:00.31 | Mem:1.42M, Peak:1.42M | Scene, ViewLayer | Updating Geometry BVH Ice swept crest.001 67/104 | Building mesh BLAS |      44 tris | Ice swept crest.001
Fra:7 Mem:25.11M (Peak 29.20M) | Time:00:00.31 | Mem:1.42M, Peak:1.42M | Scene, ViewLayer | Updating Geometry BVH Ice swept crest.002 68/104 | Building BVH
Fra:7 Mem:25.11M (Peak 29.20M) | Time:00:00.31 | Mem:1.42M, Peak:1.42M | Scene, ViewLayer | Updating Geometry BVH Ice swept crest.002 68/104 | Building mesh BLAS |      44 tris | Ice swept crest.002
Fra:7 Mem:25.11M (Peak 29.20M) | Time:00:00.31 | Mem:1.42M, Peak:1.42M | Scene, ViewLayer | Updating Geometry BVH Ice swept crest.002 68/104 | Building mesh BLAS |      44 tris | Ice swept crest
Fra:7 Mem:25.11M (Peak 29.20M) | Time:00:00.31 | Mem:1.42M, Peak:1.42M | Scene, ViewLayer | Updating Geometry BVH Wrist fur.019 88/104 | Building BVH
Fra:7 Mem:25.11M (Peak 29.20M) | Time:00:00.31 | Mem:1.42M, Peak:1.42M | Scene, ViewLayer | Updating Geometry BVH Ice swept crest.005 71/104 | Building mesh BLAS |      44 tris | Wrist fur.019
Fra:7 Mem:25.11M (Peak 29.20M) | Time:00:00.31 | Mem:1.42M, Peak:1.42M | Scene, ViewLayer | Updating Geometry BVH Layered shoulder fur.012 72/104 | Building BVH
Fra:7 Mem:25.11M (Peak 29.20M) | Time:00:00.31 | Mem:1.42M, Peak:1.42M | Scene, ViewLayer | Updating Geometry BVH Layered shoulder fur.012 72/104 | Building mesh BLAS |      44 tris | Layered shoulder fur.012
Fra:7 Mem:25.11M (Peak 29.20M) | Time:00:00.31 | Mem:1.42M, Peak:1.42M | Scene, ViewLayer | Updating Geometry BVH Layered shoulder fur.012 72/104 | Building mesh BLAS |      44 tris | Ice swept crest.003
Fra:7 Mem:25.11M (Peak 29.20M) | Time:00:00.31 | Mem:1.42M, Peak:1.42M | Scene, ViewLayer | Updating Geometry BVH Layered shoulder fur.012 72/104 | Building mesh BLAS |      44 tris | Ice swept crest.005
Fra:7 Mem:25.11M (Peak 29.20M) | Time:00:00.31 | Mem:1.42M, Peak:1.42M | Scene, ViewLayer | Updating Geometry BVH Layered shoulder fur.013 73/104 | Building BVH
Fra:7 Mem:25.11M (Peak 29.20M) | Time:00:00.31 | Mem:1.42M, Peak:1.42M | Scene, ViewLayer | Updating Geometry BVH Layered shoulder fur.013 73/104 | Building mesh BLAS |      44 tris | Ice swept crest.004
Fra:7 Mem:25.11M (Peak 29.20M) | Time:00:00.31 | Mem:1.42M, Peak:1.42M | Scene, ViewLayer | Updating Geometry BVH Layered shoulder fur.013 73/104 | Building mesh BLAS |      44 tris | Layered shoulder fur.013
Fra:7 Mem:25.11M (Peak 29.20M) | Time:00:00.31 | Mem:1.42M, Peak:1.42M | Scene, ViewLayer | Updating Geometry BVH Layered shoulder fur.014 74/104 | Building BVH
Fra:7 Mem:25.11M (Peak 29.20M) | Time:00:00.31 | Mem:1.42M, Peak:1.42M | Scene, ViewLayer | Updating Geometry BVH Layered shoulder fur.014 74/104 | Building mesh BLAS |      44 tris | Layered shoulder fur.014
Fra:7 Mem:25.11M (Peak 29.20M) | Time:00:00.31 | Mem:1.42M, Peak:1.42M | Scene, ViewLayer | Updating Geometry BVH Wrist fur.012 75/104 | Building BVH
Fra:7 Mem:25.11M (Peak 29.20M) | Time:00:00.31 | Mem:1.42M, Peak:1.42M | Scene, ViewLayer | Updating Geometry BVH Wrist fur.012 75/104 | Building mesh BLAS |      44 tris | Wrist fur.012
Fra:7 Mem:25.11M (Peak 29.20M) | Time:00:00.31 | Mem:1.43M, Peak:1.43M | Scene, ViewLayer | Updating Geometry BVH Wrist fur.018 87/104 | Building BVH
Fra:7 Mem:25.11M (Peak 29.20M) | Time:00:00.31 | Mem:1.43M, Peak:1.43M | Scene, ViewLayer | Updating Geometry BVH Wrist fur.013 76/104 | Building BVH
Fra:7 Mem:25.11M (Peak 29.20M) | Time:00:00.32 | Mem:1.43M, Peak:1.43M | Scene, ViewLayer | Updating Geometry BVH Wrist fur.014 77/104 | Building mesh BLAS |      44 tris | Wrist fur.018
Fra:7 Mem:25.11M (Peak 29.20M) | Time:00:00.32 | Mem:1.43M, Peak:1.43M | Scene, ViewLayer | Updating Geometry BVH Wrist fur.014 77/104 | Building mesh BLAS |      44 tris | Wrist fur.013
Fra:7 Mem:25.11M (Peak 29.20M) | Time:00:00.32 | Mem:1.43M, Peak:1.43M | Scene, ViewLayer | Updating Geometry BVH Layered shoulder fur.016 79/104 | Building BVH
Fra:7 Mem:25.11M (Peak 29.20M) | Time:00:00.32 | Mem:1.43M, Peak:1.43M | Scene, ViewLayer | Updating Geometry BVH Layered shoulder fur.017 80/104 | Building BVH
Fra:7 Mem:25.11M (Peak 29.20M) | Time:00:00.32 | Mem:1.43M, Peak:1.43M | Scene, ViewLayer | Updating Geometry BVH Layered shoulder fur.017 80/104 | Building mesh BLAS |      44 tris | Layered shoulder fur.016
Fra:7 Mem:25.11M (Peak 29.20M) | Time:00:00.32 | Mem:1.43M, Peak:1.43M | Scene, ViewLayer | Updating Geometry BVH Layered shoulder fur.017 80/104 | Building mesh BLAS |      44 tris | Layered shoulder fur.017
Fra:7 Mem:25.11M (Peak 29.20M) | Time:00:00.32 | Mem:1.43M, Peak:1.43M | Scene, ViewLayer | Updating Geometry BVH Layered shoulder fur.017 80/104 | Building mesh BLAS |      44 tris | Layered shoulder fur.015
Fra:7 Mem:25.11M (Peak 29.20M) | Time:00:00.32 | Mem:1.43M, Peak:1.43M | Scene, ViewLayer | Updating Geometry BVH Wrist fur.015 81/104 | Building BVH
Fra:7 Mem:25.11M (Peak 29.20M) | Time:00:00.32 | Mem:1.43M, Peak:1.43M | Scene, ViewLayer | Updating Geometry BVH Wrist fur.015 81/104 | Building mesh BLAS |      44 tris | Wrist fur.015
Fra:7 Mem:25.11M (Peak 29.20M) | Time:00:00.32 | Mem:1.43M, Peak:1.43M | Scene, ViewLayer | Updating Geometry BVH Wrist fur.016 82/104 | Building BVH
Fra:7 Mem:25.11M (Peak 29.20M) | Time:00:00.32 | Mem:1.43M, Peak:1.43M | Scene, ViewLayer | Updating Geometry BVH Wrist fur.016 82/104 | Building mesh BLAS |      44 tris | Wrist fur.016
Fra:7 Mem:25.11M (Peak 29.20M) | Time:00:00.32 | Mem:1.44M, Peak:1.44M | Scene, ViewLayer | Updating Geometry BVH Layered shoulder fur.020 86/104 | Building BVH
Fra:7 Mem:25.11M (Peak 29.20M) | Time:00:00.32 | Mem:1.45M, Peak:1.45M | Scene, ViewLayer | Updating Geometry BVH Layered shoulder fur.020 86/104 | Building mesh BLAS |      44 tris | Layered shoulder fur.020
Fra:7 Mem:25.11M (Peak 29.20M) | Time:00:00.32 | Mem:1.45M, Peak:1.45M | Scene, ViewLayer | Updating Geometry BVH Wrist fur.017 83/104 | Building BVH
Fra:7 Mem:25.11M (Peak 29.20M) | Time:00:00.32 | Mem:1.45M, Peak:1.45M | Scene, ViewLayer | Updating Geometry BVH Wrist fur.017 83/104 | Building mesh BLAS |      44 tris | Wrist fur.017
Fra:7 Mem:25.11M (Peak 29.20M) | Time:00:00.32 | Mem:1.45M, Peak:1.45M | Scene, ViewLayer | Updating Geometry BVH Layered shoulder fur.018 84/104 | Building BVH
Fra:7 Mem:25.11M (Peak 29.20M) | Time:00:00.32 | Mem:1.46M, Peak:1.46M | Scene, ViewLayer | Updating Geometry BVH Layered shoulder fur.019 85/104 | Building BVH
Fra:7 Mem:25.11M (Peak 29.20M) | Time:00:00.32 | Mem:1.46M, Peak:1.46M | Scene, ViewLayer | Updating Geometry BVH Layered shoulder fur.019 85/104 | Building mesh BLAS |      44 tris | Layered shoulder fur.018
Fra:7 Mem:25.11M (Peak 29.20M) | Time:00:00.32 | Mem:1.46M, Peak:1.46M | Scene, ViewLayer | Updating Geometry BVH Layered shoulder fur.019 85/104 | Building mesh BLAS |      44 tris | Layered shoulder fur.019
Fra:7 Mem:25.11M (Peak 29.20M) | Time:00:00.32 | Mem:1.73M, Peak:1.73M | Scene, ViewLayer | Updating Scene BVH | Building
Fra:7 Mem:25.12M (Peak 29.20M) | Time:00:00.33 | Mem:2.27M, Peak:2.27M | Scene, ViewLayer | Updating Scene BVH | Building TLAS      |     104 instances
Fra:7 Mem:25.12M (Peak 29.20M) | Time:00:00.33 | Mem:2.30M, Peak:2.30M | Scene, ViewLayer | Updating Scene BVH | Copying BVH to device
Fra:7 Mem:25.12M (Peak 29.20M) | Time:00:00.33 | Mem:2.30M, Peak:2.30M | Scene, ViewLayer | Updating Mesh | Computing normals
Fra:7 Mem:25.60M (Peak 29.20M) | Time:00:00.33 | Mem:2.30M, Peak:2.30M | Scene, ViewLayer | Updating Mesh | Copying Mesh to device
Fra:7 Mem:25.12M (Peak 29.20M) | Time:00:00.33 | Mem:2.80M, Peak:2.80M | Scene, ViewLayer | Updating Objects Flags
Fra:7 Mem:25.12M (Peak 29.20M) | Time:00:00.33 | Mem:2.80M, Peak:2.80M | Scene, ViewLayer | Updating Primitive Offsets
Fra:7 Mem:25.12M (Peak 29.20M) | Time:00:00.33 | Mem:2.80M, Peak:2.80M | Scene, ViewLayer | Updating Images
Fra:7 Mem:25.12M (Peak 29.20M) | Time:00:00.33 | Mem:2.80M, Peak:2.80M | Scene, ViewLayer | Updating Camera Volume
Fra:7 Mem:25.12M (Peak 29.20M) | Time:00:00.33 | Mem:2.80M, Peak:2.80M | Scene, ViewLayer | Updating Lookup Tables
Fra:7 Mem:25.04M (Peak 29.20M) | Time:00:00.33 | Mem:2.89M, Peak:2.89M | Scene, ViewLayer | Updating Lights
Fra:7 Mem:25.04M (Peak 29.20M) | Time:00:00.33 | Mem:2.89M, Peak:2.89M | Scene, ViewLayer | Updating Lights | Computing tree
Fra:7 Mem:25.04M (Peak 29.20M) | Time:00:00.33 | Mem:2.90M, Peak:2.90M | Scene, ViewLayer | Updating Integrator
Fra:7 Mem:25.04M (Peak 29.20M) | Time:00:00.33 | Mem:2.90M, Peak:2.90M | Scene, ViewLayer | Updating Film
Fra:7 Mem:25.12M (Peak 29.20M) | Time:00:00.33 | Mem:2.80M, Peak:2.90M | Scene, ViewLayer | Updating Lookup Tables
Fra:7 Mem:25.04M (Peak 29.20M) | Time:00:00.33 | Mem:2.90M, Peak:2.90M | Scene, ViewLayer | Updating Baking
Fra:7 Mem:25.04M (Peak 29.20M) | Time:00:00.33 | Mem:2.90M, Peak:2.90M | Scene, ViewLayer | Updating Device | Writing constant memory
Fra:7 Mem:25.04M (Peak 29.20M) | Time:00:00.37 | Mem:2.90M, Peak:2.90M | Scene, ViewLayer | Loading denoising kernels (may take a few minutes the first time)
Fra:7 Mem:25.04M (Peak 57.04M) | Time:00:00.38 | Mem:2818.91M, Peak:2818.91M | Scene, ViewLayer | Sample 0/12 (Using optimized kernels)
Fra:7 Mem:25.03M (Peak 60.54M) | Time:00:00.59 | Remaining:00:02.35 | Mem:2854.45M, Peak:2854.45M | Scene, ViewLayer | Sample 1/12 (Using optimized kernels)
Fra:7 Mem:39.99M (Peak 62.42M) | Time:00:03.97 | Mem:2854.45M, Peak:2854.45M | Scene, ViewLayer | Sample 12/12 (Using optimized kernels)
Fra:7 Mem:39.99M (Peak 62.42M) | Time:00:03.97 | Mem:2854.45M, Peak:2854.45M | Scene, ViewLayer | Finished
Saved: '/Users/chikumatsuboi/Code/animal-racers-western/assets/source/western/qa/wolf-attack-07.png'
Time: 00:04.12 (Saving: 00:00.08)

Fra:13 Mem:27.69M (Peak 27.69M) | Time:00:00.01 | Mem:0.02M, Peak:0.02M | Scene, ViewLayer | Synchronizing object | Body • continuous sculpted skin
Fra:13 Mem:27.69M (Peak 27.69M) | Time:00:00.01 | Mem:0.02M, Peak:0.02M | Scene, ViewLayer | Synchronizing object | Ivory claw.001
Fra:13 Mem:27.85M (Peak 27.85M) | Time:00:00.01 | Mem:0.02M, Peak:0.02M | Scene, ViewLayer | Synchronizing object | Paw toe.002
Fra:13 Mem:27.95M (Peak 27.95M) | Time:00:00.01 | Mem:0.02M, Peak:0.02M | Scene, ViewLayer | Synchronizing object | Ivory claw.002
Fra:13 Mem:27.97M (Peak 27.97M) | Time:00:00.01 | Mem:0.02M, Peak:0.02M | Scene, ViewLayer | Synchronizing object | Paw toe.003
Fra:13 Mem:28.02M (Peak 28.02M) | Time:00:00.01 | Mem:0.02M, Peak:0.02M | Scene, ViewLayer | Synchronizing object | Ivory claw.003
Fra:13 Mem:28.16M (Peak 28.16M) | Time:00:00.01 | Mem:0.02M, Peak:0.02M | Scene, ViewLayer | Synchronizing object | Ivory claw.004
Fra:13 Mem:28.16M (Peak 28.16M) | Time:00:00.01 | Mem:0.02M, Peak:0.02M | Scene, ViewLayer | Synchronizing object | Paw toe.005
Fra:13 Mem:28.17M (Peak 28.17M) | Time:00:00.01 | Mem:0.02M, Peak:0.02M | Scene, ViewLayer | Synchronizing object | Paw toe.007
Fra:13 Mem:28.20M (Peak 28.20M) | Time:00:00.01 | Mem:0.02M, Peak:0.02M | Scene, ViewLayer | Synchronizing object | Ivory claw.007
Fra:13 Mem:28.22M (Peak 28.22M) | Time:00:00.01 | Mem:0.02M, Peak:0.02M | Scene, ViewLayer | Synchronizing object | Paw toe.008
Fra:13 Mem:28.22M (Peak 28.22M) | Time:00:00.01 | Mem:0.02M, Peak:0.02M | Scene, ViewLayer | Synchronizing object | Ivory claw.008
Fra:13 Mem:28.24M (Peak 28.24M) | Time:00:00.01 | Mem:0.02M, Peak:0.02M | Scene, ViewLayer | Synchronizing object | Paw toe.009
Fra:13 Mem:28.26M (Peak 28.26M) | Time:00:00.01 | Mem:0.02M, Peak:0.02M | Scene, ViewLayer | Synchronizing object | Paw toe.010
Fra:13 Mem:28.27M (Peak 28.27M) | Time:00:00.01 | Mem:0.02M, Peak:0.02M | Scene, ViewLayer | Synchronizing object | Ivory claw.010
Fra:13 Mem:28.30M (Peak 28.30M) | Time:00:00.01 | Mem:0.02M, Peak:0.02M | Scene, ViewLayer | Synchronizing object | Paw toe.011
Fra:13 Mem:28.31M (Peak 28.31M) | Time:00:00.01 | Mem:0.02M, Peak:0.02M | Scene, ViewLayer | Synchronizing object | Ivory claw.011
Fra:13 Mem:28.33M (Peak 28.33M) | Time:00:00.01 | Mem:0.02M, Peak:0.02M | Scene, ViewLayer | Synchronizing object | Warm rim
Fra:13 Mem:28.33M (Peak 28.33M) | Time:00:00.01 | Mem:0.02M, Peak:0.02M | Scene, ViewLayer | Synchronizing object | Frost muzzle
Fra:13 Mem:28.34M (Peak 28.34M) | Time:00:00.01 | Mem:0.02M, Peak:0.02M | Scene, ViewLayer | Synchronizing object | Heart shaped nose
Fra:13 Mem:28.41M (Peak 28.41M) | Time:00:00.01 | Mem:0.02M, Peak:0.02M | Scene, ViewLayer | Synchronizing object | Eye socket
Fra:13 Mem:28.42M (Peak 28.42M) | Time:00:00.01 | Mem:0.02M, Peak:0.02M | Scene, ViewLayer | Synchronizing object | Ivory eye
Fra:13 Mem:28.54M (Peak 28.54M) | Time:00:00.01 | Mem:0.02M, Peak:0.02M | Scene, ViewLayer | Synchronizing object | Iris
Fra:13 Mem:28.59M (Peak 28.59M) | Time:00:00.01 | Mem:0.02M, Peak:0.02M | Scene, ViewLayer | Synchronizing object | Pupil
Fra:13 Mem:28.64M (Peak 28.64M) | Time:00:00.01 | Mem:0.02M, Peak:0.02M | Scene, ViewLayer | Synchronizing object | Eye glint
Fra:13 Mem:28.64M (Peak 28.64M) | Time:00:00.01 | Mem:0.02M, Peak:0.02M | Scene, ViewLayer | Synchronizing object | Expressive brow
Fra:13 Mem:28.66M (Peak 28.66M) | Time:00:00.01 | Mem:0.02M, Peak:0.02M | Scene, ViewLayer | Synchronizing object | Sunset key
Fra:13 Mem:28.66M (Peak 28.66M) | Time:00:00.01 | Mem:0.02M, Peak:0.02M | Scene, ViewLayer | Synchronizing object | Smiling mouth
Fra:13 Mem:28.66M (Peak 28.66M) | Time:00:00.01 | Mem:0.02M, Peak:0.02M | Scene, ViewLayer | Synchronizing object | Whisker pore
Fra:13 Mem:28.66M (Peak 28.66M) | Time:00:00.01 | Mem:0.02M, Peak:0.02M | Scene, ViewLayer | Synchronizing object | Whisker pore.001
Fra:13 Mem:28.69M (Peak 28.69M) | Time:00:00.01 | Mem:0.02M, Peak:0.02M | Scene, ViewLayer | Synchronizing object | Eye socket.001
Fra:13 Mem:28.79M (Peak 28.79M) | Time:00:00.01 | Mem:0.02M, Peak:0.02M | Scene, ViewLayer | Synchronizing object | Ivory eye.001
Fra:13 Mem:28.82M (Peak 28.82M) | Time:00:00.01 | Mem:0.02M, Peak:0.02M | Scene, ViewLayer | Synchronizing object | Pupil.001
Fra:13 Mem:28.85M (Peak 28.85M) | Time:00:00.01 | Mem:0.02M, Peak:0.02M | Scene, ViewLayer | Synchronizing object | Expressive brow.001
Fra:13 Mem:28.90M (Peak 28.90M) | Time:00:00.01 | Mem:0.02M, Peak:0.02M | Scene, ViewLayer | Synchronizing object | Smiling mouth.001
Fra:13 Mem:28.91M (Peak 28.91M) | Time:00:00.01 | Mem:0.02M, Peak:0.02M | Scene, ViewLayer | Synchronizing object | Whisker pore.003
Fra:13 Mem:28.91M (Peak 28.91M) | Time:00:00.01 | Mem:0.02M, Peak:0.02M | Scene, ViewLayer | Synchronizing object | Whisker pore.005
Fra:13 Mem:28.92M (Peak 28.92M) | Time:00:00.01 | Mem:0.02M, Peak:0.02M | Scene, ViewLayer | Synchronizing object | Lower jaw
Fra:13 Mem:28.92M (Peak 28.92M) | Time:00:00.01 | Mem:0.02M, Peak:0.02M | Scene, ViewLayer | Synchronizing object | Lower canine.001
Fra:13 Mem:28.94M (Peak 28.94M) | Time:00:00.01 | Mem:0.02M, Peak:0.02M | Scene, ViewLayer | Synchronizing object | Pointed species ear
Fra:13 Mem:28.97M (Peak 28.97M) | Time:00:00.01 | Mem:0.02M, Peak:0.02M | Scene, ViewLayer | Synchronizing object | Inner ear
Fra:13 Mem:28.97M (Peak 28.97M) | Time:00:00.01 | Mem:0.02M, Peak:0.02M | Scene, ViewLayer | Synchronizing object | Pointed species ear.001
Fra:13 Mem:28.98M (Peak 28.98M) | Time:00:00.01 | Mem:0.02M, Peak:0.02M | Scene, ViewLayer | Synchronizing object | Swept cheek ruff
Fra:13 Mem:28.99M (Peak 28.99M) | Time:00:00.01 | Mem:0.02M, Peak:0.02M | Scene, ViewLayer | Synchronizing object | Swept cheek ruff.001
Fra:13 Mem:28.99M (Peak 28.99M) | Time:00:00.01 | Mem:0.02M, Peak:0.02M | Scene, ViewLayer | Synchronizing object | Swept cheek ruff.003
Fra:13 Mem:29.01M (Peak 29.01M) | Time:00:00.01 | Mem:0.02M, Peak:0.02M | Scene, ViewLayer | Synchronizing object | Swept cheek ruff.004
Fra:13 Mem:29.00M (Peak 29.01M) | Time:00:00.01 | Mem:0.02M, Peak:0.02M | Scene, ViewLayer | Synchronizing object | Swept cheek ruff.005
Fra:13 Mem:29.00M (Peak 29.01M) | Time:00:00.01 | Mem:0.02M, Peak:0.02M | Scene, ViewLayer | Synchronizing object | Swept cheek ruff.006
Fra:13 Mem:29.02M (Peak 29.02M) | Time:00:00.01 | Mem:0.02M, Peak:0.02M | Scene, ViewLayer | Synchronizing object | Swept cheek ruff.007
Fra:13 Mem:29.01M (Peak 29.02M) | Time:00:00.01 | Mem:0.02M, Peak:0.02M | Scene, ViewLayer | Synchronizing object | Ice swept crest
Fra:13 Mem:29.01M (Peak 29.02M) | Time:00:00.01 | Mem:0.02M, Peak:0.02M | Scene, ViewLayer | Synchronizing object | Ice swept crest.003
Fra:13 Mem:29.07M (Peak 29.07M) | Time:00:00.01 | Mem:0.02M, Peak:0.02M | Scene, ViewLayer | Synchronizing object | Neckerchief folded point
Fra:13 Mem:29.08M (Peak 29.08M) | Time:00:00.01 | Mem:0.02M, Peak:0.02M | Scene, ViewLayer | Synchronizing object | Layered shoulder fur
Fra:13 Mem:29.08M (Peak 29.08M) | Time:00:00.01 | Mem:0.02M, Peak:0.02M | Scene, ViewLayer | Synchronizing object | Wrist fur
Fra:13 Mem:29.08M (Peak 29.08M) | Time:00:00.01 | Mem:0.02M, Peak:0.02M | Scene, ViewLayer | Synchronizing object | Wrist fur.001
Fra:13 Mem:29.10M (Peak 29.10M) | Time:00:00.01 | Mem:0.02M, Peak:0.02M | Scene, ViewLayer | Synchronizing object | Wrist fur.002
Fra:13 Mem:29.09M (Peak 29.10M) | Time:00:00.01 | Mem:0.02M, Peak:0.02M | Scene, ViewLayer | Synchronizing object | Layered shoulder fur.004
Fra:13 Mem:29.10M (Peak 29.10M) | Time:00:00.01 | Mem:0.02M, Peak:0.02M | Scene, ViewLayer | Synchronizing object | Articulated tail
Fra:13 Mem:29.10M (Peak 29.10M) | Time:00:00.01 | Mem:0.02M, Peak:0.02M | Scene, ViewLayer | Synchronizing object | Layered shoulder fur.005
Fra:13 Mem:29.11M (Peak 29.11M) | Time:00:00.01 | Mem:0.02M, Peak:0.02M | Scene, ViewLayer | Synchronizing object | Wrist fur.003
Fra:13 Mem:29.13M (Peak 29.13M) | Time:00:00.01 | Mem:0.02M, Peak:0.02M | Scene, ViewLayer | Synchronizing object | Wrist fur.004
Fra:13 Mem:29.14M (Peak 29.14M) | Time:00:00.01 | Mem:0.02M, Peak:0.02M | Scene, ViewLayer | Synchronizing object | Wrist fur.005
Fra:13 Mem:29.14M (Peak 29.14M) | Time:00:00.01 | Mem:0.02M, Peak:0.02M | Scene, ViewLayer | Synchronizing object | Layered shoulder fur.007
Fra:13 Mem:29.16M (Peak 29.16M) | Time:00:00.01 | Mem:0.02M, Peak:0.02M | Scene, ViewLayer | Synchronizing object | Layered shoulder fur.008
Fra:13 Mem:29.15M (Peak 29.16M) | Time:00:00.01 | Mem:0.02M, Peak:0.02M | Scene, ViewLayer | Synchronizing object | Wrist fur.006
Fra:13 Mem:29.15M (Peak 29.16M) | Time:00:00.01 | Mem:0.02M, Peak:0.02M | Scene, ViewLayer | Synchronizing object | Wrist fur.007
Fra:13 Mem:29.16M (Peak 29.16M) | Time:00:00.01 | Mem:0.02M, Peak:0.02M | Scene, ViewLayer | Synchronizing object | Wrist fur.008
Fra:13 Mem:29.17M (Peak 29.17M) | Time:00:00.01 | Mem:0.02M, Peak:0.02M | Scene, ViewLayer | Synchronizing object | Layered shoulder fur.010
Fra:13 Mem:29.17M (Peak 29.17M) | Time:00:00.01 | Mem:0.02M, Peak:0.02M | Scene, ViewLayer | Synchronizing object | Layered shoulder fur.011
Fra:13 Mem:29.17M (Peak 29.17M) | Time:00:00.01 | Mem:0.02M, Peak:0.02M | Scene, ViewLayer | Synchronizing object | Wrist fur.009
Fra:13 Mem:29.18M (Peak 29.18M) | Time:00:00.01 | Mem:0.02M, Peak:0.02M | Scene, ViewLayer | Synchronizing object | Wrist fur.010
Fra:13 Mem:29.20M (Peak 29.20M) | Time:00:00.01 | Mem:0.02M, Peak:0.02M | Scene, ViewLayer | Initializing
Fra:13 Mem:27.60M (Peak 29.20M) | Time:00:00.01 | Mem:0.02M, Peak:0.02M | Scene, ViewLayer | Updating Images | Loading Authored short-fur normal
Fra:13 Mem:24.26M (Peak 29.20M) | Time:00:00.02 | Mem:0.27M, Peak:0.27M | Scene, ViewLayer | Waiting for render to start
Fra:13 Mem:24.26M (Peak 29.20M) | Time:00:00.02 | Mem:0.27M, Peak:0.27M | Scene, ViewLayer | Updating Scene
Fra:13 Mem:24.26M (Peak 29.20M) | Time:00:00.02 | Mem:0.27M, Peak:0.27M | Scene, ViewLayer | Updating Shaders
Fra:13 Mem:24.26M (Peak 29.20M) | Time:00:00.02 | Mem:0.27M, Peak:0.27M | Scene, ViewLayer | Loading render kernels (may take a few minutes the first time)
Fra:13 Mem:24.35M (Peak 29.20M) | Time:00:00.09 | Mem:0.28M, Peak:0.28M | Scene, ViewLayer | Updating Procedurals
Fra:13 Mem:24.35M (Peak 29.20M) | Time:00:00.09 | Mem:0.28M, Peak:0.28M | Scene, ViewLayer | Updating Background
Fra:13 Mem:24.35M (Peak 29.20M) | Time:00:00.09 | Mem:0.28M, Peak:0.28M | Scene, ViewLayer | Updating Camera
Fra:13 Mem:24.35M (Peak 29.20M) | Time:00:00.09 | Mem:0.28M, Peak:0.28M | Scene, ViewLayer | Updating Meshes Flags
Fra:13 Mem:24.35M (Peak 29.20M) | Time:00:00.09 | Mem:0.28M, Peak:0.28M | Scene, ViewLayer | Updating Objects
Fra:13 Mem:24.35M (Peak 29.20M) | Time:00:00.09 | Mem:0.28M, Peak:0.28M | Scene, ViewLayer | Updating Objects | Copying Transformations to device
Fra:13 Mem:24.35M (Peak 29.20M) | Time:00:00.09 | Mem:0.31M, Peak:0.31M | Scene, ViewLayer | Updating Particle Systems
Fra:13 Mem:24.35M (Peak 29.20M) | Time:00:00.09 | Mem:0.31M, Peak:0.31M | Scene, ViewLayer | Updating Particle Systems | Copying Particles to device
Fra:13 Mem:24.35M (Peak 29.20M) | Time:00:00.09 | Mem:0.31M, Peak:0.31M | Scene, ViewLayer | Updating Meshes
Fra:13 Mem:25.11M (Peak 29.20M) | Time:00:00.10 | Mem:0.31M, Peak:0.31M | Scene, ViewLayer | Updating Objects | Applying Static Transformations
Fra:13 Mem:25.11M (Peak 29.20M) | Time:00:00.10 | Mem:0.31M, Peak:0.31M | Scene, ViewLayer | Updating Mesh | Computing attributes
Fra:13 Mem:26.19M (Peak 29.20M) | Time:00:00.10 | Mem:0.33M, Peak:0.33M | Scene, ViewLayer | Updating Mesh | Copying Attributes to device
Fra:13 Mem:25.11M (Peak 29.20M) | Time:00:00.26 | Mem:1.42M, Peak:1.42M | Scene, ViewLayer | Updating Geometry BVH light 105/104 | Building BVH
Fra:13 Mem:25.11M (Peak 29.20M) | Time:00:00.26 | Mem:1.42M, Peak:1.42M | Scene, ViewLayer | Updating Geometry BVH Warm rim 104/104 | Building BVH
Fra:13 Mem:25.11M (Peak 29.20M) | Time:00:00.26 | Mem:1.42M, Peak:1.42M | Scene, ViewLayer | Updating Geometry BVH Sky fill 103/104 | Building BVH
Fra:13 Mem:25.11M (Peak 29.20M) | Time:00:00.26 | Mem:1.42M, Peak:1.42M | Scene, ViewLayer | Updating Geometry BVH Sunset key 102/104 | Building BVH
Fra:13 Mem:25.11M (Peak 29.20M) | Time:00:00.26 | Mem:1.42M, Peak:1.42M | Scene, ViewLayer | Updating Geometry BVH Plane 101/104 | Building BVH
Fra:13 Mem:25.11M (Peak 29.20M) | Time:00:00.26 | Mem:1.42M, Peak:1.42M | Scene, ViewLayer | Updating Geometry BVH Plane 101/104 | Building mesh BLAS |       2 tris | Plane
Fra:13 Mem:25.11M (Peak 29.20M) | Time:00:00.26 | Mem:1.42M, Peak:1.42M | Scene, ViewLayer | Updating Geometry BVH Plane 101/104 | Building mesh BLAS |     192 tris | Paw toe.012
Fra:13 Mem:25.11M (Peak 29.20M) | Time:00:00.26 | Mem:1.42M, Peak:1.42M | Scene, ViewLayer | Updating Geometry BVH Plane 101/104 | Building mesh BLAS |      32 tris | Ivory claw.014
Fra:13 Mem:25.11M (Peak 29.20M) | Time:00:00.26 | Mem:1.42M, Peak:1.42M | Scene, ViewLayer | Updating Geometry BVH Plane 101/104 | Building mesh BLAS |      32 tris | Ivory claw.012
Fra:13 Mem:25.11M (Peak 29.20M) | Time:00:00.26 | Mem:1.42M, Peak:1.42M | Scene, ViewLayer | Updating Geometry BVH Plane 101/104 | Building mesh BLAS |     192 tris | Paw toe.014
Fra:13 Mem:25.11M (Peak 29.20M) | Time:00:00.26 | Mem:1.42M, Peak:1.42M | Scene, ViewLayer | Updating Geometry BVH Plane 101/104 | Building mesh BLAS |     192 tris | Paw toe.013
Fra:13 Mem:25.11M (Peak 29.20M) | Time:00:00.26 | Mem:1.42M, Peak:1.42M | Scene, ViewLayer | Updating Geometry BVH Plane 101/104 | Building mesh BLAS |    4170 tris | ribcage.001
Fra:13 Mem:25.11M (Peak 29.20M) | Time:00:00.26 | Mem:1.42M, Peak:1.42M | Scene, ViewLayer | Updating Geometry BVH Raised elemental crest.001 100/104 | Building BVH
Fra:13 Mem:25.11M (Peak 29.20M) | Time:00:00.26 | Mem:1.42M, Peak:1.42M | Scene, ViewLayer | Updating Geometry BVH Raised elemental crest.001 100/104 | Building mesh BLAS |      26 tris | Raised elemental crest.001
Fra:13 Mem:25.11M (Peak 29.20M) | Time:00:00.26 | Mem:1.42M, Peak:1.42M | Scene, ViewLayer | Updating Geometry BVH Paw toe.015 9/104 | Building BVH
Fra:13 Mem:25.11M (Peak 29.20M) | Time:00:00.26 | Mem:1.42M, Peak:1.42M | Scene, ViewLayer | Updating Geometry BVH Paw toe.015 9/104 | Building mesh BLAS |     192 tris | Paw toe.015
Fra:13 Mem:25.11M (Peak 29.20M) | Time:00:00.26 | Mem:1.42M, Peak:1.42M | Scene, ViewLayer | Updating Geometry BVH Ivory claw.015 10/104 | Building BVH
Fra:13 Mem:25.11M (Peak 29.20M) | Time:00:00.26 | Mem:1.42M, Peak:1.42M | Scene, ViewLayer | Updating Geometry BVH Ivory claw.015 10/104 | Building mesh BLAS |      32 tris | Ivory claw.015
Fra:13 Mem:25.11M (Peak 29.20M) | Time:00:00.27 | Mem:1.42M, Peak:1.42M | Scene, ViewLayer | Updating Geometry BVH Paw toe.016 11/104 | Building BVH
Fra:13 Mem:25.11M (Peak 29.20M) | Time:00:00.27 | Mem:1.42M, Peak:1.42M | Scene, ViewLayer | Updating Geometry BVH Ivory claw.016 12/104 | Building BVH
Fra:13 Mem:25.11M (Peak 29.20M) | Time:00:00.27 | Mem:1.42M, Peak:1.42M | Scene, ViewLayer | Updating Geometry BVH Ivory claw.016 12/104 | Building mesh BLAS |      32 tris | Ivory claw.016
Fra:13 Mem:25.11M (Peak 29.20M) | Time:00:00.27 | Mem:1.42M, Peak:1.42M | Scene, ViewLayer | Updating Geometry BVH Paw toe.017 13/104 | Building BVH
Fra:13 Mem:25.11M (Peak 29.20M) | Time:00:00.27 | Mem:1.42M, Peak:1.42M | Scene, ViewLayer | Updating Geometry BVH Ivory claw.017 14/104 | Building BVH
Fra:13 Mem:25.11M (Peak 29.20M) | Time:00:00.27 | Mem:1.42M, Peak:1.42M | Scene, ViewLayer | Updating Geometry BVH Paw toe.018 15/104 | Building BVH
Fra:13 Mem:25.11M (Peak 29.20M) | Time:00:00.27 | Mem:1.42M, Peak:1.42M | Scene, ViewLayer | Updating Geometry BVH Paw toe.018 15/104 | Building mesh BLAS |      32 tris | Ivory claw.017
Fra:13 Mem:25.11M (Peak 29.20M) | Time:00:00.27 | Mem:1.42M, Peak:1.42M | Scene, ViewLayer | Updating Geometry BVH Paw toe.018 15/104 | Building mesh BLAS |     192 tris | Paw toe.018
Fra:13 Mem:25.11M (Peak 29.20M) | Time:00:00.27 | Mem:1.42M, Peak:1.42M | Scene, ViewLayer | Updating Geometry BVH Brass crest clasp.001 99/104 | Building BVH
Fra:13 Mem:25.11M (Peak 29.20M) | Time:00:00.27 | Mem:1.42M, Peak:1.42M | Scene, ViewLayer | Updating Geometry BVH Ivory claw.018 16/104 | Building BVH
Fra:13 Mem:25.11M (Peak 29.20M) | Time:00:00.27 | Mem:1.42M, Peak:1.42M | Scene, ViewLayer | Updating Geometry BVH Ivory claw.018 16/104 | Building mesh BLAS |      32 tris | Ivory claw.018
Fra:13 Mem:25.11M (Peak 29.20M) | Time:00:00.27 | Mem:1.42M, Peak:1.42M | Scene, ViewLayer | Updating Geometry BVH Paw toe.019 17/104 | Building BVH
Fra:13 Mem:25.11M (Peak 29.20M) | Time:00:00.27 | Mem:1.42M, Peak:1.42M | Scene, ViewLayer | Updating Geometry BVH Paw toe.019 17/104 | Building mesh BLAS |     192 tris | Paw toe.019
Fra:13 Mem:25.11M (Peak 29.20M) | Time:00:00.27 | Mem:1.42M, Peak:1.42M | Scene, ViewLayer | Updating Geometry BVH Ivory claw.019 18/104 | Building BVH
Fra:13 Mem:25.11M (Peak 29.20M) | Time:00:00.27 | Mem:1.42M, Peak:1.42M | Scene, ViewLayer | Updating Geometry BVH Paw toe.020 19/104 | Building BVH
Fra:13 Mem:25.11M (Peak 29.20M) | Time:00:00.27 | Mem:1.42M, Peak:1.42M | Scene, ViewLayer | Updating Geometry BVH Ivory claw.020 20/104 | Building BVH
Fra:13 Mem:25.11M (Peak 29.20M) | Time:00:00.27 | Mem:1.42M, Peak:1.42M | Scene, ViewLayer | Updating Geometry BVH Ivory claw.020 20/104 | Building mesh BLAS |     192 tris | Paw toe.020
Fra:13 Mem:25.11M (Peak 29.20M) | Time:00:00.27 | Mem:1.42M, Peak:1.42M | Scene, ViewLayer | Updating Geometry BVH Ivory claw.020 20/104 | Building mesh BLAS |      32 tris | Ivory claw.020
Fra:13 Mem:25.11M (Peak 29.20M) | Time:00:00.27 | Mem:1.42M, Peak:1.42M | Scene, ViewLayer | Updating Geometry BVH Paw toe.021 21/104 | Building BVH
Fra:13 Mem:25.11M (Peak 29.20M) | Time:00:00.27 | Mem:1.42M, Peak:1.42M | Scene, ViewLayer | Updating Geometry BVH Paw toe.021 21/104 | Building mesh BLAS |     192 tris | Paw toe.021
Fra:13 Mem:25.11M (Peak 29.20M) | Time:00:00.27 | Mem:1.42M, Peak:1.42M | Scene, ViewLayer | Updating Geometry BVH Ivory claw.021 22/104 | Building BVH
Fra:13 Mem:25.11M (Peak 29.20M) | Time:00:00.27 | Mem:1.42M, Peak:1.42M | Scene, ViewLayer | Updating Geometry BVH Ivory claw.021 22/104 | Building mesh BLAS |      32 tris | Ivory claw.021
Fra:13 Mem:25.11M (Peak 29.20M) | Time:00:00.27 | Mem:1.42M, Peak:1.42M | Scene, ViewLayer | Updating Geometry BVH Neckerchief folded point.001 98/104 | Building BVH
Fra:13 Mem:25.11M (Peak 29.20M) | Time:00:00.27 | Mem:1.42M, Peak:1.42M | Scene, ViewLayer | Updating Geometry BVH Neckerchief folded point.001 98/104 | Building mesh BLAS |       4 tris | Neckerchief folded point.001
Fra:13 Mem:25.11M (Peak 29.20M) | Time:00:00.27 | Mem:1.42M, Peak:1.42M | Scene, ViewLayer | Updating Geometry BVH Paw toe.022 23/104 | Building BVH
Fra:13 Mem:25.11M (Peak 29.20M) | Time:00:00.27 | Mem:1.42M, Peak:1.42M | Scene, ViewLayer | Updating Geometry BVH Ivory claw.022 24/104 | Building BVH
Fra:13 Mem:25.11M (Peak 29.20M) | Time:00:00.27 | Mem:1.42M, Peak:1.42M | Scene, ViewLayer | Updating Geometry BVH Paw toe.023 25/104 | Building BVH
Fra:13 Mem:25.11M (Peak 29.20M) | Time:00:00.27 | Mem:1.42M, Peak:1.42M | Scene, ViewLayer | Updating Geometry BVH Paw toe.023 25/104 | Building mesh BLAS |      32 tris | Ivory claw.022
Fra:13 Mem:25.11M (Peak 29.20M) | Time:00:00.27 | Mem:1.42M, Peak:1.42M | Scene, ViewLayer | Updating Geometry BVH Paw toe.023 25/104 | Building mesh BLAS |     192 tris | Paw toe.023
Fra:13 Mem:25.11M (Peak 29.20M) | Time:00:00.27 | Mem:1.42M, Peak:1.42M | Scene, ViewLayer | Updating Geometry BVH Ivory claw.023 26/104 | Building BVH
Fra:13 Mem:25.11M (Peak 29.20M) | Time:00:00.27 | Mem:1.42M, Peak:1.42M | Scene, ViewLayer | Updating Geometry BVH Skull.001 27/104 | Building BVH
Fra:13 Mem:25.11M (Peak 29.20M) | Time:00:00.27 | Mem:1.42M, Peak:1.42M | Scene, ViewLayer | Updating Geometry BVH Frost muzzle 28/104 | Building BVH
Fra:13 Mem:25.11M (Peak 29.20M) | Time:00:00.27 | Mem:1.42M, Peak:1.42M | Scene, ViewLayer | Updating Geometry BVH Frost muzzle 28/104 | Building mesh BLAS |     480 tris | Frost muzzle
Fra:13 Mem:25.11M (Peak 29.20M) | Time:00:00.27 | Mem:1.42M, Peak:1.42M | Scene, ViewLayer | Updating Geometry BVH Frost muzzle 28/104 | Building mesh BLAS |    2722 tris | Skull.001
Fra:13 Mem:25.11M (Peak 29.20M) | Time:00:00.27 | Mem:1.42M, Peak:1.42M | Scene, ViewLayer | Updating Geometry BVH Heart shaped nose.001 29/104 | Building BVH
Fra:13 Mem:25.11M (Peak 29.20M) | Time:00:00.27 | Mem:1.42M, Peak:1.42M | Scene, ViewLayer | Updating Geometry BVH Heart shaped nose.001 29/104 | Building mesh BLAS |       6 tris | Heart shaped nose.001
Fra:13 Mem:25.11M (Peak 29.20M) | Time:00:00.27 | Mem:1.42M, Peak:1.42M | Scene, ViewLayer | Updating Geometry BVH Leather neckerchief roll.001 97/104 | Building BVH
Fra:13 Mem:25.11M (Peak 29.20M) | Time:00:00.27 | Mem:1.42M, Peak:1.42M | Scene, ViewLayer | Updating Geometry BVH Leather neckerchief roll.001 97/104 | Building mesh BLAS |      76 tris | Leather neckerchief roll.001
Fra:13 Mem:25.11M (Peak 29.20M) | Time:00:00.27 | Mem:1.42M, Peak:1.42M | Scene, ViewLayer | Updating Geometry BVH Eye socket.002 30/104 | Building BVH
Fra:13 Mem:25.11M (Peak 29.20M) | Time:00:00.27 | Mem:1.42M, Peak:1.42M | Scene, ViewLayer | Updating Geometry BVH Eye socket.002 30/104 | Building mesh BLAS |     480 tris | Eye socket.002
Fra:13 Mem:25.11M (Peak 29.20M) | Time:00:00.27 | Mem:1.42M, Peak:1.42M | Scene, ViewLayer | Updating Geometry BVH Ivory eye.002 31/104 | Building BVH
Fra:13 Mem:25.11M (Peak 29.20M) | Time:00:00.27 | Mem:1.42M, Peak:1.42M | Scene, ViewLayer | Updating Geometry BVH Iris.002 32/104 | Building BVH
Fra:13 Mem:25.11M (Peak 29.20M) | Time:00:00.27 | Mem:1.42M, Peak:1.42M | Scene, ViewLayer | Updating Geometry BVH Iris.002 32/104 | Building mesh BLAS |     480 tris | Iris.002
Fra:13 Mem:25.11M (Peak 29.20M) | Time:00:00.27 | Mem:1.42M, Peak:1.42M | Scene, ViewLayer | Updating Geometry BVH Pupil.002 33/104 | Building BVH
Fra:13 Mem:25.11M (Peak 29.20M) | Time:00:00.27 | Mem:1.42M, Peak:1.42M | Scene, ViewLayer | Updating Geometry BVH Pupil.002 33/104 | Building mesh BLAS |     320 tris | Pupil.002
Fra:13 Mem:25.11M (Peak 29.20M) | Time:00:00.27 | Mem:1.42M, Peak:1.42M | Scene, ViewLayer | Updating Geometry BVH Eye glint.002 34/104 | Building BVH
Fra:13 Mem:25.11M (Peak 29.20M) | Time:00:00.27 | Mem:1.42M, Peak:1.42M | Scene, ViewLayer | Updating Geometry BVH Smiling mouth.002 36/104 | Building BVH
Fra:13 Mem:25.11M (Peak 29.20M) | Time:00:00.27 | Mem:1.42M, Peak:1.42M | Scene, ViewLayer | Updating Geometry BVH Smiling mouth.002 36/104 | Building mesh BLAS |     192 tris | Eye glint.002
Fra:13 Mem:25.11M (Peak 29.20M) | Time:00:00.27 | Mem:1.42M, Peak:1.42M | Scene, ViewLayer | Updating Geometry BVH Smiling mouth.002 36/104 | Building mesh BLAS |      32 tris | Smiling mouth.002
Fra:13 Mem:25.11M (Peak 29.20M) | Time:00:00.27 | Mem:1.42M, Peak:1.42M | Scene, ViewLayer | Updating Geometry BVH Whisker pore.006 37/104 | Building BVH
Fra:13 Mem:25.11M (Peak 29.20M) | Time:00:00.27 | Mem:1.42M, Peak:1.42M | Scene, ViewLayer | Updating Geometry BVH Whisker pore.006 37/104 | Building mesh BLAS |      64 tris | Whisker pore.006
Fra:13 Mem:25.11M (Peak 29.20M) | Time:00:00.27 | Mem:1.42M, Peak:1.42M | Scene, ViewLayer | Updating Geometry BVH Whisker pore.006 37/104 | Building mesh BLAS |      44 tris | Expressive brow.002
Fra:13 Mem:25.11M (Peak 29.20M) | Time:00:00.27 | Mem:1.42M, Peak:1.42M | Scene, ViewLayer | Updating Geometry BVH Articulated tail.001 96/104 | Building BVH
Fra:13 Mem:25.11M (Peak 29.20M) | Time:00:00.27 | Mem:1.42M, Peak:1.42M | Scene, ViewLayer | Updating Geometry BVH Articulated tail.001 96/104 | Building mesh BLAS |     268 tris | Articulated tail.001
Fra:13 Mem:25.11M (Peak 29.20M) | Time:00:00.27 | Mem:1.42M, Peak:1.42M | Scene, ViewLayer | Updating Geometry BVH Whisker pore.007 38/104 | Building BVH
Fra:13 Mem:25.11M (Peak 29.20M) | Time:00:00.27 | Mem:1.42M, Peak:1.42M | Scene, ViewLayer | Updating Geometry BVH Whisker pore.007 38/104 | Building mesh BLAS |      64 tris | Whisker pore.007
Fra:13 Mem:25.11M (Peak 29.20M) | Time:00:00.27 | Mem:1.42M, Peak:1.42M | Scene, ViewLayer | Updating Geometry BVH Whisker pore.008 39/104 | Building BVH
Fra:13 Mem:25.11M (Peak 29.20M) | Time:00:00.27 | Mem:1.42M, Peak:1.42M | Scene, ViewLayer | Updating Geometry BVH Whisker pore.008 39/104 | Building mesh BLAS |      64 tris | Whisker pore.008
Fra:13 Mem:25.11M (Peak 29.20M) | Time:00:00.27 | Mem:1.42M, Peak:1.42M | Scene, ViewLayer | Updating Geometry BVH Eye socket.003 40/104 | Building BVH
Fra:13 Mem:25.11M (Peak 29.20M) | Time:00:00.27 | Mem:1.42M, Peak:1.42M | Scene, ViewLayer | Updating Geometry BVH Ivory eye.003 41/104 | Building BVH
Fra:13 Mem:25.11M (Peak 29.20M) | Time:00:00.27 | Mem:1.42M, Peak:1.42M | Scene, ViewLayer | Updating Geometry BVH Iris.003 42/104 | Building BVH
Fra:13 Mem:25.11M (Peak 29.20M) | Time:00:00.27 | Mem:1.42M, Peak:1.42M | Scene, ViewLayer | Updating Geometry BVH Iris.003 42/104 | Building mesh BLAS |     480 tris | Eye socket.003
Fra:13 Mem:25.11M (Peak 29.20M) | Time:00:00.27 | Mem:1.42M, Peak:1.42M | Scene, ViewLayer | Updating Geometry BVH Iris.003 42/104 | Building mesh BLAS |     480 tris | Ivory eye.003
Fra:13 Mem:25.11M (Peak 29.20M) | Time:00:00.27 | Mem:1.42M, Peak:1.42M | Scene, ViewLayer | Updating Geometry BVH Wrist fur.023 95/104 | Building BVH
Fra:13 Mem:25.11M (Peak 29.20M) | Time:00:00.27 | Mem:1.42M, Peak:1.42M | Scene, ViewLayer | Updating Geometry BVH Pupil.003 43/104 | Building BVH
Fra:13 Mem:25.11M (Peak 29.20M) | Time:00:00.27 | Mem:1.42M, Peak:1.42M | Scene, ViewLayer | Updating Geometry BVH Pupil.003 43/104 | Building mesh BLAS |      44 tris | Wrist fur.023
Fra:13 Mem:25.11M (Peak 29.20M) | Time:00:00.27 | Mem:1.42M, Peak:1.42M | Scene, ViewLayer | Updating Geometry BVH Eye glint.003 44/104 | Building mesh BLAS |     320 tris | Pupil.003
Fra:13 Mem:25.11M (Peak 29.20M) | Time:00:00.27 | Mem:1.42M, Peak:1.42M | Scene, ViewLayer | Updating Geometry BVH Eye glint.003 44/104 | Building mesh BLAS |     192 tris | Eye glint.003
Fra:13 Mem:25.11M (Peak 29.20M) | Time:00:00.27 | Mem:1.42M, Peak:1.42M | Scene, ViewLayer | Updating Geometry BVH Expressive brow.003 45/104 | Building BVH
Fra:13 Mem:25.11M (Peak 29.20M) | Time:00:00.27 | Mem:1.42M, Peak:1.42M | Scene, ViewLayer | Updating Geometry BVH Expressive brow.003 45/104 | Building mesh BLAS |      44 tris | Expressive brow.003
Fra:13 Mem:25.11M (Peak 29.20M) | Time:00:00.27 | Mem:1.42M, Peak:1.42M | Scene, ViewLayer | Updating Geometry BVH Smiling mouth.003 46/104 | Building BVH
Fra:13 Mem:25.11M (Peak 29.20M) | Time:00:00.27 | Mem:1.42M, Peak:1.42M | Scene, ViewLayer | Updating Geometry BVH Wrist fur.022 94/104 | Building BVH
Fra:13 Mem:25.11M (Peak 29.20M) | Time:00:00.27 | Mem:1.42M, Peak:1.42M | Scene, ViewLayer | Updating Geometry BVH Wrist fur.022 94/104 | Building mesh BLAS |      32 tris | Smiling mouth.003
Fra:13 Mem:25.11M (Peak 29.20M) | Time:00:00.27 | Mem:1.42M, Peak:1.42M | Scene, ViewLayer | Updating Geometry BVH Wrist fur.022 94/104 | Building mesh BLAS |      44 tris | Wrist fur.022
Fra:13 Mem:25.11M (Peak 29.20M) | Time:00:00.27 | Mem:1.42M, Peak:1.42M | Scene, ViewLayer | Updating Geometry BVH Whisker pore.009 47/104 | Building BVH
Fra:13 Mem:25.11M (Peak 29.20M) | Time:00:00.27 | Mem:1.42M, Peak:1.42M | Scene, ViewLayer | Updating Geometry BVH Whisker pore.009 47/104 | Building mesh BLAS |      64 tris | Whisker pore.009
Fra:13 Mem:25.11M (Peak 29.20M) | Time:00:00.27 | Mem:1.42M, Peak:1.42M | Scene, ViewLayer | Updating Geometry BVH Whisker pore.010 48/104 | Building BVH
Fra:13 Mem:25.11M (Peak 29.20M) | Time:00:00.27 | Mem:1.42M, Peak:1.42M | Scene, ViewLayer | Updating Geometry BVH Whisker pore.011 49/104 | Building mesh BLAS |      64 tris | Whisker pore.010
Fra:13 Mem:25.11M (Peak 29.20M) | Time:00:00.27 | Mem:1.42M, Peak:1.42M | Scene, ViewLayer | Updating Geometry BVH Lower jaw.001 50/104 | Building BVH
Fra:13 Mem:25.11M (Peak 29.20M) | Time:00:00.27 | Mem:1.42M, Peak:1.42M | Scene, ViewLayer | Updating Geometry BVH Mouth cavity.001 51/104 | Building BVH
Fra:13 Mem:25.11M (Peak 29.20M) | Time:00:00.27 | Mem:1.42M, Peak:1.42M | Scene, ViewLayer | Updating Geometry BVH Mouth cavity.001 51/104 | Building mesh BLAS |     360 tris | Mouth cavity.001
Fra:13 Mem:25.11M (Peak 29.20M) | Time:00:00.27 | Mem:1.42M, Peak:1.42M | Scene, ViewLayer | Updating Geometry BVH Lower canine.002 52/104 | Building BVH
Fra:13 Mem:25.11M (Peak 29.20M) | Time:00:00.27 | Mem:1.42M, Peak:1.42M | Scene, ViewLayer | Updating Geometry BVH Wrist fur.021 93/104 | Building BVH
Fra:13 Mem:25.11M (Peak 29.20M) | Time:00:00.27 | Mem:1.42M, Peak:1.42M | Scene, ViewLayer | Updating Geometry BVH Lower canine.003 53/104 | Building BVH
Fra:13 Mem:25.11M (Peak 29.20M) | Time:00:00.27 | Mem:1.42M, Peak:1.42M | Scene, ViewLayer | Updating Geometry BVH Lower canine.003 53/104 | Building mesh BLAS |      44 tris | Wrist fur.021
Fra:13 Mem:25.11M (Peak 29.20M) | Time:00:00.27 | Mem:1.42M, Peak:1.42M | Scene, ViewLayer | Updating Geometry BVH Lower canine.003 53/104 | Building mesh BLAS |      38 tris | Lower canine.003
Fra:13 Mem:25.11M (Peak 29.20M) | Time:00:00.27 | Mem:1.42M, Peak:1.42M | Scene, ViewLayer | Updating Geometry BVH Pointed species ear 54/104 | Building BVH
Fra:13 Mem:25.11M (Peak 29.20M) | Time:00:00.27 | Mem:1.42M, Peak:1.42M | Scene, ViewLayer | Updating Geometry BVH Pointed species ear 54/104 | Building mesh BLAS |       6 tris | Pointed species ear
Fra:13 Mem:25.11M (Peak 29.20M) | Time:00:00.27 | Mem:1.42M, Peak:1.42M | Scene, ViewLayer | Updating Geometry BVH Pointed species ear 54/104 | Building mesh BLAS |      64 tris | Whisker pore.011
Fra:13 Mem:25.11M (Peak 29.20M) | Time:00:00.27 | Mem:1.42M, Peak:1.42M | Scene, ViewLayer | Updating Geometry BVH Inner ear 55/104 | Building BVH
Fra:13 Mem:25.11M (Peak 29.20M) | Time:00:00.27 | Mem:1.42M, Peak:1.42M | Scene, ViewLayer | Updating Geometry BVH Pointed species ear.001 56/104 | Building BVH
Fra:13 Mem:25.11M (Peak 29.20M) | Time:00:00.27 | Mem:1.42M, Peak:1.42M | Scene, ViewLayer | Updating Geometry BVH Inner ear.001 57/104 | Building BVH
Fra:13 Mem:25.11M (Peak 29.20M) | Time:00:00.27 | Mem:1.42M, Peak:1.42M | Scene, ViewLayer | Updating Geometry BVH Inner ear.001 57/104 | Building mesh BLAS |       3 tris | Inner ear.001
Fra:13 Mem:25.11M (Peak 29.20M) | Time:00:00.27 | Mem:1.42M, Peak:1.42M | Scene, ViewLayer | Updating Geometry BVH Inner ear.001 57/104 | Building mesh BLAS |       3 tris | Inner ear
Fra:13 Mem:25.11M (Peak 29.20M) | Time:00:00.27 | Mem:1.42M, Peak:1.42M | Scene, ViewLayer | Updating Geometry BVH Layered shoulder fur.023 92/104 | Building BVH
Fra:13 Mem:25.11M (Peak 29.20M) | Time:00:00.27 | Mem:1.42M, Peak:1.42M | Scene, ViewLayer | Updating Geometry BVH Layered shoulder fur.023 92/104 | Building mesh BLAS |      44 tris | Layered shoulder fur.023
Fra:13 Mem:25.11M (Peak 29.20M) | Time:00:00.27 | Mem:1.42M, Peak:1.42M | Scene, ViewLayer | Updating Geometry BVH Swept cheek ruff 58/104 | Building BVH
Fra:13 Mem:25.11M (Peak 29.20M) | Time:00:00.27 | Mem:1.42M, Peak:1.42M | Scene, ViewLayer | Updating Geometry BVH Swept cheek ruff 58/104 | Building mesh BLAS |      44 tris | Swept cheek ruff
Fra:13 Mem:25.11M (Peak 29.20M) | Time:00:00.27 | Mem:1.42M, Peak:1.42M | Scene, ViewLayer | Updating Geometry BVH Swept cheek ruff.001 59/104 | Building BVH
Fra:13 Mem:25.11M (Peak 29.20M) | Time:00:00.27 | Mem:1.42M, Peak:1.42M | Scene, ViewLayer | Updating Geometry BVH Swept cheek ruff.002 60/104 | Building BVH
Fra:13 Mem:25.11M (Peak 29.20M) | Time:00:00.27 | Mem:1.42M, Peak:1.42M | Scene, ViewLayer | Updating Geometry BVH Swept cheek ruff.003 61/104 | Building BVH
Fra:13 Mem:25.11M (Peak 29.20M) | Time:00:00.27 | Mem:1.42M, Peak:1.42M | Scene, ViewLayer | Updating Geometry BVH Swept cheek ruff.003 61/104 | Building mesh BLAS |      44 tris | Swept cheek ruff.002
Fra:13 Mem:25.11M (Peak 29.20M) | Time:00:00.27 | Mem:1.42M, Peak:1.42M | Scene, ViewLayer | Updating Geometry BVH Swept cheek ruff.003 61/104 | Building mesh BLAS |      44 tris | Swept cheek ruff.001
Fra:13 Mem:25.11M (Peak 29.20M) | Time:00:00.27 | Mem:1.42M, Peak:1.42M | Scene, ViewLayer | Updating Geometry BVH Swept cheek ruff.003 61/104 | Building mesh BLAS |      44 tris | Swept cheek ruff.003
Fra:13 Mem:25.11M (Peak 29.20M) | Time:00:00.27 | Mem:1.42M, Peak:1.42M | Scene, ViewLayer | Updating Geometry BVH Swept cheek ruff.004 62/104 | Building BVH
Fra:13 Mem:25.11M (Peak 29.20M) | Time:00:00.27 | Mem:1.42M, Peak:1.42M | Scene, ViewLayer | Updating Geometry BVH Swept cheek ruff.004 62/104 | Building mesh BLAS |      44 tris | Swept cheek ruff.004
Fra:13 Mem:25.11M (Peak 29.20M) | Time:00:00.27 | Mem:1.42M, Peak:1.42M | Scene, ViewLayer | Updating Geometry BVH Swept cheek ruff.005 63/104 | Building BVH
Fra:13 Mem:25.11M (Peak 29.20M) | Time:00:00.27 | Mem:1.42M, Peak:1.42M | Scene, ViewLayer | Updating Geometry BVH Swept cheek ruff.005 63/104 | Building mesh BLAS |      44 tris | Swept cheek ruff.005
Fra:13 Mem:25.11M (Peak 29.20M) | Time:00:00.27 | Mem:1.42M, Peak:1.42M | Scene, ViewLayer | Updating Geometry BVH Swept cheek ruff.006 64/104 | Building BVH
Fra:13 Mem:25.11M (Peak 29.20M) | Time:00:00.27 | Mem:1.42M, Peak:1.42M | Scene, ViewLayer | Updating Geometry BVH Layered shoulder fur.022 91/104 | Building mesh BLAS |      44 tris | Swept cheek ruff.006
Fra:13 Mem:25.11M (Peak 29.20M) | Time:00:00.27 | Mem:1.42M, Peak:1.42M | Scene, ViewLayer | Updating Geometry BVH Swept cheek ruff.007 65/104 | Building BVH
Fra:13 Mem:25.11M (Peak 29.20M) | Time:00:00.27 | Mem:1.42M, Peak:1.42M | Scene, ViewLayer | Updating Geometry BVH Ice swept crest 66/104 | Building BVH
Fra:13 Mem:25.11M (Peak 29.20M) | Time:00:00.27 | Mem:1.42M, Peak:1.42M | Scene, ViewLayer | Updating Geometry BVH Ice swept crest.001 67/104 | Building BVH
Fra:13 Mem:25.11M (Peak 29.20M) | Time:00:00.27 | Mem:1.42M, Peak:1.42M | Scene, ViewLayer | Updating Geometry BVH Ice swept crest.003 69/104 | Building BVH
Fra:13 Mem:25.11M (Peak 29.20M) | Time:00:00.27 | Mem:1.42M, Peak:1.42M | Scene, ViewLayer | Updating Geometry BVH Ice swept crest.003 69/104 | Building mesh BLAS |      44 tris | Layered shoulder fur.022
Fra:13 Mem:25.11M (Peak 29.20M) | Time:00:00.27 | Mem:1.42M, Peak:1.42M | Scene, ViewLayer | Updating Geometry BVH Ice swept crest.003 69/104 | Building mesh BLAS |      44 tris | Ice swept crest.003
Fra:13 Mem:25.11M (Peak 29.20M) | Time:00:00.27 | Mem:1.42M, Peak:1.42M | Scene, ViewLayer | Updating Geometry BVH Ice swept crest.004 70/104 | Building BVH
Fra:13 Mem:25.11M (Peak 29.20M) | Time:00:00.27 | Mem:1.42M, Peak:1.42M | Scene, ViewLayer | Updating Geometry BVH Ice swept crest.004 70/104 | Building mesh BLAS |      44 tris | Ice swept crest.002
Fra:13 Mem:25.11M (Peak 29.20M) | Time:00:00.27 | Mem:1.42M, Peak:1.42M | Scene, ViewLayer | Updating Geometry BVH Ice swept crest.004 70/104 | Building mesh BLAS |      44 tris | Ice swept crest.001
Fra:13 Mem:25.11M (Peak 29.20M) | Time:00:00.27 | Mem:1.42M, Peak:1.42M | Scene, ViewLayer | Updating Geometry BVH Ice swept crest.005 71/104 | Building BVH
Fra:13 Mem:25.11M (Peak 29.20M) | Time:00:00.27 | Mem:1.42M, Peak:1.42M | Scene, ViewLayer | Updating Geometry BVH Ice swept crest.005 71/104 | Building mesh BLAS |      44 tris | Ice swept crest.005
Fra:13 Mem:25.11M (Peak 29.20M) | Time:00:00.27 | Mem:1.42M, Peak:1.42M | Scene, ViewLayer | Updating Geometry BVH Layered shoulder fur.021 90/104 | Building BVH
Fra:13 Mem:25.11M (Peak 29.20M) | Time:00:00.27 | Mem:1.42M, Peak:1.42M | Scene, ViewLayer | Updating Geometry BVH Layered shoulder fur.021 90/104 | Building mesh BLAS |      44 tris | Layered shoulder fur.021
Fra:13 Mem:25.11M (Peak 29.20M) | Time:00:00.27 | Mem:1.42M, Peak:1.42M | Scene, ViewLayer | Updating Geometry BVH Layered shoulder fur.012 72/104 | Building BVH
Fra:13 Mem:25.11M (Peak 29.20M) | Time:00:00.27 | Mem:1.42M, Peak:1.42M | Scene, ViewLayer | Updating Geometry BVH Wrist fur.012 75/104 | Building BVH
Fra:13 Mem:25.11M (Peak 29.20M) | Time:00:00.27 | Mem:1.42M, Peak:1.42M | Scene, ViewLayer | Updating Geometry BVH Wrist fur.013 76/104 | Building BVH
Fra:13 Mem:25.11M (Peak 29.20M) | Time:00:00.27 | Mem:1.42M, Peak:1.42M | Scene, ViewLayer | Updating Geometry BVH Wrist fur.014 77/104 | Building mesh BLAS |      44 tris | Layered shoulder fur.013
Fra:13 Mem:25.11M (Peak 29.20M) | Time:00:00.27 | Mem:1.42M, Peak:1.42M | Scene, ViewLayer | Updating Geometry BVH Wrist fur.014 77/104 | Building mesh BLAS |      44 tris | Wrist fur.013
Fra:13 Mem:25.11M (Peak 29.20M) | Time:00:00.27 | Mem:1.42M, Peak:1.42M | Scene, ViewLayer | Updating Geometry BVH Wrist fur.014 77/104 | Building mesh BLAS |      44 tris | Wrist fur.012
Fra:13 Mem:25.11M (Peak 29.20M) | Time:00:00.27 | Mem:1.42M, Peak:1.42M | Scene, ViewLayer | Updating Geometry BVH Wrist fur.014 77/104 | Building mesh BLAS |      44 tris | Wrist fur.014
Fra:13 Mem:25.11M (Peak 29.20M) | Time:00:00.27 | Mem:1.42M, Peak:1.42M | Scene, ViewLayer | Updating Geometry BVH Wrist fur.014 77/104 | Building mesh BLAS |      44 tris | Layered shoulder fur.014
Fra:13 Mem:25.11M (Peak 29.20M) | Time:00:00.27 | Mem:1.42M, Peak:1.42M | Scene, ViewLayer | Updating Geometry BVH Layered shoulder fur.015 78/104 | Building BVH
Fra:13 Mem:25.11M (Peak 29.20M) | Time:00:00.27 | Mem:1.42M, Peak:1.42M | Scene, ViewLayer | Updating Geometry BVH Layered shoulder fur.015 78/104 | Building mesh BLAS |      44 tris | Layered shoulder fur.015
Fra:13 Mem:25.11M (Peak 29.20M) | Time:00:00.27 | Mem:1.42M, Peak:1.42M | Scene, ViewLayer | Updating Geometry BVH Wrist fur.020 89/104 | Building BVH
Fra:13 Mem:25.11M (Peak 29.20M) | Time:00:00.27 | Mem:1.42M, Peak:1.42M | Scene, ViewLayer | Updating Geometry BVH Wrist fur.020 89/104 | Building mesh BLAS |      44 tris | Wrist fur.020
Fra:13 Mem:25.11M (Peak 29.20M) | Time:00:00.28 | Mem:1.42M, Peak:1.42M | Scene, ViewLayer | Updating Geometry BVH Layered shoulder fur.016 79/104 | Building BVH
Fra:13 Mem:25.11M (Peak 29.20M) | Time:00:00.28 | Mem:1.42M, Peak:1.42M | Scene, ViewLayer | Updating Geometry BVH Layered shoulder fur.016 79/104 | Building mesh BLAS |      44 tris | Layered shoulder fur.016
Fra:13 Mem:25.11M (Peak 29.20M) | Time:00:00.28 | Mem:1.42M, Peak:1.42M | Scene, ViewLayer | Updating Geometry BVH Layered shoulder fur.017 80/104 | Building BVH
Fra:13 Mem:25.11M (Peak 29.20M) | Time:00:00.28 | Mem:1.42M, Peak:1.42M | Scene, ViewLayer | Updating Geometry BVH Layered shoulder fur.017 80/104 | Building mesh BLAS |      44 tris | Layered shoulder fur.017
Fra:13 Mem:25.11M (Peak 29.20M) | Time:00:00.28 | Mem:1.42M, Peak:1.42M | Scene, ViewLayer | Updating Geometry BVH Wrist fur.016 82/104 | Building BVH
Fra:13 Mem:25.11M (Peak 29.20M) | Time:00:00.28 | Mem:1.42M, Peak:1.42M | Scene, ViewLayer | Updating Geometry BVH Wrist fur.017 83/104 | Building BVH
Fra:13 Mem:25.11M (Peak 29.20M) | Time:00:00.28 | Mem:1.42M, Peak:1.42M | Scene, ViewLayer | Updating Geometry BVH Layered shoulder fur.018 84/104 | Building mesh BLAS |      44 tris | Wrist fur.016
Fra:13 Mem:25.11M (Peak 29.20M) | Time:00:00.28 | Mem:1.42M, Peak:1.42M | Scene, ViewLayer | Updating Geometry BVH Layered shoulder fur.018 84/104 | Building mesh BLAS |      44 tris | Wrist fur.015
Fra:13 Mem:25.11M (Peak 29.20M) | Time:00:00.28 | Mem:1.42M, Peak:1.42M | Scene, ViewLayer | Updating Geometry BVH Layered shoulder fur.018 84/104 | Building mesh BLAS |      44 tris | Wrist fur.017
Fra:13 Mem:25.11M (Peak 29.20M) | Time:00:00.28 | Mem:1.42M, Peak:1.42M | Scene, ViewLayer | Updating Geometry BVH Layered shoulder fur.018 84/104 | Building mesh BLAS |      44 tris | Layered shoulder fur.018
Fra:13 Mem:25.11M (Peak 29.20M) | Time:00:00.28 | Mem:1.42M, Peak:1.42M | Scene, ViewLayer | Updating Geometry BVH Layered shoulder fur.019 85/104 | Building BVH
Fra:13 Mem:25.11M (Peak 29.20M) | Time:00:00.28 | Mem:1.42M, Peak:1.42M | Scene, ViewLayer | Updating Geometry BVH Layered shoulder fur.019 85/104 | Building mesh BLAS |      44 tris | Layered shoulder fur.019
Fra:13 Mem:25.11M (Peak 29.20M) | Time:00:00.28 | Mem:1.43M, Peak:1.43M | Scene, ViewLayer | Updating Geometry BVH Wrist fur.019 88/104 | Building BVH
Fra:13 Mem:25.11M (Peak 29.20M) | Time:00:00.28 | Mem:1.45M, Peak:1.45M | Scene, ViewLayer | Updating Geometry BVH Wrist fur.019 88/104 | Building mesh BLAS |      44 tris | Wrist fur.019
Fra:13 Mem:25.11M (Peak 29.20M) | Time:00:00.28 | Mem:1.45M, Peak:1.45M | Scene, ViewLayer | Updating Geometry BVH Layered shoulder fur.020 86/104 | Building BVH
Fra:13 Mem:25.11M (Peak 29.20M) | Time:00:00.28 | Mem:1.45M, Peak:1.45M | Scene, ViewLayer | Updating Geometry BVH Layered shoulder fur.020 86/104 | Building mesh BLAS |      44 tris | Layered shoulder fur.020
Fra:13 Mem:25.11M (Peak 29.20M) | Time:00:00.28 | Mem:1.47M, Peak:1.47M | Scene, ViewLayer | Updating Geometry BVH Wrist fur.018 87/104 | Building BVH
Fra:13 Mem:25.11M (Peak 29.20M) | Time:00:00.28 | Mem:1.47M, Peak:1.47M | Scene, ViewLayer | Updating Geometry BVH Wrist fur.018 87/104 | Building mesh BLAS |      44 tris | Wrist fur.018
Fra:13 Mem:25.11M (Peak 29.20M) | Time:00:00.28 | Mem:1.91M, Peak:1.91M | Scene, ViewLayer | Updating Scene BVH | Building
Fra:13 Mem:25.12M (Peak 29.20M) | Time:00:00.30 | Mem:2.27M, Peak:2.27M | Scene, ViewLayer | Updating Scene BVH | Building TLAS      |     104 instances
Fra:13 Mem:25.12M (Peak 29.20M) | Time:00:00.30 | Mem:2.30M, Peak:2.30M | Scene, ViewLayer | Updating Scene BVH | Copying BVH to device
Fra:13 Mem:25.12M (Peak 29.20M) | Time:00:00.30 | Mem:2.30M, Peak:2.30M | Scene, ViewLayer | Updating Mesh | Computing normals
Fra:13 Mem:25.60M (Peak 29.20M) | Time:00:00.30 | Mem:2.30M, Peak:2.30M | Scene, ViewLayer | Updating Mesh | Copying Mesh to device
Fra:13 Mem:25.12M (Peak 29.20M) | Time:00:00.30 | Mem:2.80M, Peak:2.80M | Scene, ViewLayer | Updating Objects Flags
Fra:13 Mem:25.12M (Peak 29.20M) | Time:00:00.30 | Mem:2.80M, Peak:2.80M | Scene, ViewLayer | Updating Primitive Offsets
Fra:13 Mem:25.12M (Peak 29.20M) | Time:00:00.30 | Mem:2.80M, Peak:2.80M | Scene, ViewLayer | Updating Images
Fra:13 Mem:25.12M (Peak 29.20M) | Time:00:00.30 | Mem:2.80M, Peak:2.80M | Scene, ViewLayer | Updating Camera Volume
Fra:13 Mem:25.12M (Peak 29.20M) | Time:00:00.30 | Mem:2.80M, Peak:2.80M | Scene, ViewLayer | Updating Lookup Tables
Fra:13 Mem:25.04M (Peak 29.20M) | Time:00:00.30 | Mem:2.89M, Peak:2.89M | Scene, ViewLayer | Updating Lights
Fra:13 Mem:25.04M (Peak 29.20M) | Time:00:00.30 | Mem:2.89M, Peak:2.89M | Scene, ViewLayer | Updating Lights | Computing tree
Fra:13 Mem:25.04M (Peak 29.20M) | Time:00:00.30 | Mem:2.90M, Peak:2.90M | Scene, ViewLayer | Updating Integrator
Fra:13 Mem:25.04M (Peak 29.20M) | Time:00:00.30 | Mem:2.90M, Peak:2.90M | Scene, ViewLayer | Updating Film
Fra:13 Mem:25.12M (Peak 29.20M) | Time:00:00.30 | Mem:2.80M, Peak:2.90M | Scene, ViewLayer | Updating Lookup Tables
Fra:13 Mem:25.04M (Peak 29.20M) | Time:00:00.30 | Mem:2.90M, Peak:2.90M | Scene, ViewLayer | Updating Baking
Fra:13 Mem:25.04M (Peak 29.20M) | Time:00:00.30 | Mem:2.90M, Peak:2.90M | Scene, ViewLayer | Updating Device | Writing constant memory
Fra:13 Mem:25.04M (Peak 29.20M) | Time:00:00.33 | Mem:2.90M, Peak:2.90M | Scene, ViewLayer | Loading denoising kernels (may take a few minutes the first time)
Fra:13 Mem:25.04M (Peak 57.04M) | Time:00:00.34 | Mem:2818.91M, Peak:2818.91M | Scene, ViewLayer | Sample 0/12 (Using optimized kernels)
Fra:13 Mem:25.03M (Peak 60.54M) | Time:00:00.53 | Remaining:00:02.16 | Mem:2854.45M, Peak:2854.45M | Scene, ViewLayer | Sample 1/12 (Using optimized kernels)
Fra:13 Mem:39.99M (Peak 62.42M) | Time:00:03.55 | Mem:2854.45M, Peak:2854.45M | Scene, ViewLayer | Sample 12/12 (Using optimized kernels)
Fra:13 Mem:39.99M (Peak 62.42M) | Time:00:03.55 | Mem:2854.45M, Peak:2854.45M | Scene, ViewLayer | Finished
Saved: '/Users/chikumatsuboi/Code/animal-racers-western/assets/source/western/qa/wolf-attack-13.png'
Time: 00:03.69 (Saving: 00:00.07)

Fra:14 Mem:28.21M (Peak 28.21M) | Time:00:00.01 | Mem:0.02M, Peak:0.02M | Scene, ViewLayer | Synchronizing object | Body • continuous sculpted skin
Fra:14 Mem:28.21M (Peak 28.21M) | Time:00:00.01 | Mem:0.02M, Peak:0.02M | Scene, ViewLayer | Synchronizing object | Ivory claw.002
Fra:14 Mem:28.47M (Peak 28.47M) | Time:00:00.01 | Mem:0.02M, Peak:0.02M | Scene, ViewLayer | Synchronizing object | Paw toe.003
Fra:14 Mem:28.49M (Peak 28.49M) | Time:00:00.01 | Mem:0.02M, Peak:0.02M | Scene, ViewLayer | Synchronizing object | Ivory claw.003
Fra:14 Mem:28.50M (Peak 28.50M) | Time:00:00.01 | Mem:0.02M, Peak:0.02M | Scene, ViewLayer | Synchronizing object | Paw toe.004
Fra:14 Mem:28.51M (Peak 28.51M) | Time:00:00.01 | Mem:0.02M, Peak:0.02M | Scene, ViewLayer | Synchronizing object | Paw toe.005
Fra:14 Mem:28.55M (Peak 28.55M) | Time:00:00.01 | Mem:0.02M, Peak:0.02M | Scene, ViewLayer | Synchronizing object | Ivory claw.005
Fra:14 Mem:28.56M (Peak 28.56M) | Time:00:00.01 | Mem:0.02M, Peak:0.02M | Scene, ViewLayer | Synchronizing object | Ivory claw.006
Fra:14 Mem:28.59M (Peak 28.59M) | Time:00:00.01 | Mem:0.02M, Peak:0.02M | Scene, ViewLayer | Synchronizing object | Ivory claw.007
Fra:14 Mem:28.63M (Peak 28.63M) | Time:00:00.01 | Mem:0.02M, Peak:0.02M | Scene, ViewLayer | Synchronizing object | Paw toe.008
Fra:14 Mem:28.75M (Peak 28.75M) | Time:00:00.01 | Mem:0.02M, Peak:0.02M | Scene, ViewLayer | Synchronizing object | Ivory claw.008
Fra:14 Mem:28.76M (Peak 28.76M) | Time:00:00.01 | Mem:0.02M, Peak:0.02M | Scene, ViewLayer | Synchronizing object | Ivory claw.009
Fra:14 Mem:28.78M (Peak 28.78M) | Time:00:00.01 | Mem:0.02M, Peak:0.02M | Scene, ViewLayer | Synchronizing object | Ivory claw.010
Fra:14 Mem:28.79M (Peak 28.79M) | Time:00:00.01 | Mem:0.02M, Peak:0.02M | Scene, ViewLayer | Synchronizing object | Paw toe.011
Fra:14 Mem:28.80M (Peak 28.80M) | Time:00:00.01 | Mem:0.02M, Peak:0.02M | Scene, ViewLayer | Synchronizing object | Head • species sculpt
Fra:14 Mem:28.84M (Peak 28.84M) | Time:00:00.01 | Mem:0.02M, Peak:0.02M | Scene, ViewLayer | Synchronizing object | Frost muzzle
Fra:14 Mem:28.92M (Peak 28.92M) | Time:00:00.01 | Mem:0.02M, Peak:0.02M | Scene, ViewLayer | Synchronizing object | Warm rim
Fra:14 Mem:29.02M (Peak 29.02M) | Time:00:00.01 | Mem:0.02M, Peak:0.02M | Scene, ViewLayer | Synchronizing object | Heart shaped nose
Fra:14 Mem:29.02M (Peak 29.02M) | Time:00:00.01 | Mem:0.02M, Peak:0.02M | Scene, ViewLayer | Synchronizing object | Eye socket
Fra:14 Mem:29.02M (Peak 29.02M) | Time:00:00.01 | Mem:0.02M, Peak:0.02M | Scene, ViewLayer | Synchronizing object | Ivory eye
Fra:14 Mem:29.21M (Peak 29.21M) | Time:00:00.01 | Mem:0.02M, Peak:0.02M | Scene, ViewLayer | Synchronizing object | Iris
Fra:14 Mem:29.15M (Peak 29.21M) | Time:00:00.01 | Mem:0.02M, Peak:0.02M | Scene, ViewLayer | Synchronizing object | Eye glint
Fra:14 Mem:29.19M (Peak 29.21M) | Time:00:00.01 | Mem:0.02M, Peak:0.02M | Scene, ViewLayer | Synchronizing object | Expressive brow
Fra:14 Mem:29.20M (Peak 29.21M) | Time:00:00.01 | Mem:0.02M, Peak:0.02M | Scene, ViewLayer | Synchronizing object | Whisker pore.001
Fra:14 Mem:29.20M (Peak 29.21M) | Time:00:00.01 | Mem:0.02M, Peak:0.02M | Scene, ViewLayer | Synchronizing object | Sky fill
Fra:14 Mem:29.25M (Peak 29.25M) | Time:00:00.01 | Mem:0.02M, Peak:0.02M | Scene, ViewLayer | Synchronizing object | Whisker pore.002
Fra:14 Mem:29.25M (Peak 29.25M) | Time:00:00.01 | Mem:0.02M, Peak:0.02M | Scene, ViewLayer | Synchronizing object | Ivory eye.001
Fra:14 Mem:29.26M (Peak 29.26M) | Time:00:00.01 | Mem:0.02M, Peak:0.02M | Scene, ViewLayer | Synchronizing object | Iris.001
Fra:14 Mem:29.33M (Peak 29.33M) | Time:00:00.01 | Mem:0.02M, Peak:0.02M | Scene, ViewLayer | Synchronizing object | Pupil.001
Fra:14 Mem:29.34M (Peak 29.34M) | Time:00:00.01 | Mem:0.02M, Peak:0.02M | Scene, ViewLayer | Synchronizing object | Expressive brow.001
Fra:14 Mem:29.35M (Peak 29.35M) | Time:00:00.01 | Mem:0.02M, Peak:0.02M | Scene, ViewLayer | Synchronizing object | Smiling mouth.001
Fra:14 Mem:29.39M (Peak 29.39M) | Time:00:00.01 | Mem:0.02M, Peak:0.02M | Scene, ViewLayer | Synchronizing object | Whisker pore.003
Fra:14 Mem:29.38M (Peak 29.39M) | Time:00:00.01 | Mem:0.02M, Peak:0.02M | Scene, ViewLayer | Synchronizing object | Whisker pore.004
Fra:14 Mem:29.39M (Peak 29.39M) | Time:00:00.01 | Mem:0.02M, Peak:0.02M | Scene, ViewLayer | Synchronizing object | Whisker pore.005
Fra:14 Mem:29.40M (Peak 29.40M) | Time:00:00.01 | Mem:0.02M, Peak:0.02M | Scene, ViewLayer | Synchronizing object | Lower jaw
Fra:14 Mem:29.41M (Peak 29.41M) | Time:00:00.01 | Mem:0.02M, Peak:0.02M | Scene, ViewLayer | Synchronizing object | Mouth cavity
Fra:14 Mem:29.43M (Peak 29.43M) | Time:00:00.01 | Mem:0.02M, Peak:0.02M | Scene, ViewLayer | Synchronizing object | Lower canine
Fra:14 Mem:29.47M (Peak 29.47M) | Time:00:00.01 | Mem:0.02M, Peak:0.02M | Scene, ViewLayer | Synchronizing object | Lower canine.001
Fra:14 Mem:29.49M (Peak 29.49M) | Time:00:00.01 | Mem:0.02M, Peak:0.02M | Scene, ViewLayer | Synchronizing object | Pointed species ear
Fra:14 Mem:29.48M (Peak 29.49M) | Time:00:00.01 | Mem:0.02M, Peak:0.02M | Scene, ViewLayer | Synchronizing object | Inner ear
Fra:14 Mem:29.48M (Peak 29.49M) | Time:00:00.01 | Mem:0.02M, Peak:0.02M | Scene, ViewLayer | Synchronizing object | Swept cheek ruff
Fra:14 Mem:29.50M (Peak 29.50M) | Time:00:00.01 | Mem:0.02M, Peak:0.02M | Scene, ViewLayer | Synchronizing object | Swept cheek ruff.001
Fra:14 Mem:29.53M (Peak 29.53M) | Time:00:00.01 | Mem:0.02M, Peak:0.02M | Scene, ViewLayer | Synchronizing object | Plane
Fra:14 Mem:29.53M (Peak 29.53M) | Time:00:00.01 | Mem:0.02M, Peak:0.02M | Scene, ViewLayer | Synchronizing object | Swept cheek ruff.002
Fra:14 Mem:29.53M (Peak 29.53M) | Time:00:00.01 | Mem:0.02M, Peak:0.02M | Scene, ViewLayer | Synchronizing object | Swept cheek ruff.003
Fra:14 Mem:29.53M (Peak 29.53M) | Time:00:00.01 | Mem:0.02M, Peak:0.02M | Scene, ViewLayer | Synchronizing object | Swept cheek ruff.004
Fra:14 Mem:29.53M (Peak 29.53M) | Time:00:00.01 | Mem:0.02M, Peak:0.02M | Scene, ViewLayer | Synchronizing object | Swept cheek ruff.005
Fra:14 Mem:29.54M (Peak 29.54M) | Time:00:00.01 | Mem:0.02M, Peak:0.02M | Scene, ViewLayer | Synchronizing object | Swept cheek ruff.006
Fra:14 Mem:29.54M (Peak 29.54M) | Time:00:00.01 | Mem:0.02M, Peak:0.02M | Scene, ViewLayer | Synchronizing object | Swept cheek ruff.007
Fra:14 Mem:29.55M (Peak 29.55M) | Time:00:00.01 | Mem:0.02M, Peak:0.02M | Scene, ViewLayer | Synchronizing object | Brass crest clasp
Fra:14 Mem:29.56M (Peak 29.56M) | Time:00:00.01 | Mem:0.02M, Peak:0.02M | Scene, ViewLayer | Synchronizing object | Ice swept crest.002
Fra:14 Mem:29.56M (Peak 29.56M) | Time:00:00.01 | Mem:0.02M, Peak:0.02M | Scene, ViewLayer | Synchronizing object | Ice swept crest.003
Fra:14 Mem:29.56M (Peak 29.56M) | Time:00:00.01 | Mem:0.02M, Peak:0.02M | Scene, ViewLayer | Synchronizing object | Ice swept crest.004
Fra:14 Mem:29.56M (Peak 29.56M) | Time:00:00.01 | Mem:0.02M, Peak:0.02M | Scene, ViewLayer | Synchronizing object | Ice swept crest.005
Fra:14 Mem:29.57M (Peak 29.57M) | Time:00:00.01 | Mem:0.02M, Peak:0.02M | Scene, ViewLayer | Synchronizing object | Layered shoulder fur
Fra:14 Mem:29.57M (Peak 29.57M) | Time:00:00.01 | Mem:0.02M, Peak:0.02M | Scene, ViewLayer | Synchronizing object | Layered shoulder fur.001
Fra:14 Mem:29.57M (Peak 29.57M) | Time:00:00.01 | Mem:0.02M, Peak:0.02M | Scene, ViewLayer | Synchronizing object | Layered shoulder fur.002
Fra:14 Mem:29.58M (Peak 29.58M) | Time:00:00.01 | Mem:0.02M, Peak:0.02M | Scene, ViewLayer | Synchronizing object | Wrist fur
Fra:14 Mem:29.58M (Peak 29.58M) | Time:00:00.01 | Mem:0.02M, Peak:0.02M | Scene, ViewLayer | Synchronizing object | Wrist fur.001
Fra:14 Mem:29.59M (Peak 29.59M) | Time:00:00.01 | Mem:0.02M, Peak:0.02M | Scene, ViewLayer | Synchronizing object | Wrist fur.002
Fra:14 Mem:29.59M (Peak 29.59M) | Time:00:00.01 | Mem:0.02M, Peak:0.02M | Scene, ViewLayer | Synchronizing object | Layered shoulder fur.003
Fra:14 Mem:29.59M (Peak 29.59M) | Time:00:00.01 | Mem:0.02M, Peak:0.02M | Scene, ViewLayer | Synchronizing object | Layered shoulder fur.004
Fra:14 Mem:29.61M (Peak 29.61M) | Time:00:00.01 | Mem:0.02M, Peak:0.02M | Scene, ViewLayer | Synchronizing object | Layered shoulder fur.005
Fra:14 Mem:29.61M (Peak 29.61M) | Time:00:00.01 | Mem:0.02M, Peak:0.02M | Scene, ViewLayer | Synchronizing object | Wrist fur.003
Fra:14 Mem:29.61M (Peak 29.61M) | Time:00:00.01 | Mem:0.02M, Peak:0.02M | Scene, ViewLayer | Synchronizing object | Wrist fur.004
Fra:14 Mem:29.61M (Peak 29.61M) | Time:00:00.01 | Mem:0.02M, Peak:0.02M | Scene, ViewLayer | Synchronizing object | Wrist fur.005
Fra:14 Mem:29.63M (Peak 29.63M) | Time:00:00.01 | Mem:0.02M, Peak:0.02M | Scene, ViewLayer | Synchronizing object | Layered shoulder fur.006
Fra:14 Mem:29.63M (Peak 29.63M) | Time:00:00.01 | Mem:0.02M, Peak:0.02M | Scene, ViewLayer | Synchronizing object | Neckerchief folded point
Fra:14 Mem:29.65M (Peak 29.65M) | Time:00:00.01 | Mem:0.02M, Peak:0.02M | Scene, ViewLayer | Synchronizing object | Layered shoulder fur.007
Fra:14 Mem:29.64M (Peak 29.65M) | Time:00:00.01 | Mem:0.02M, Peak:0.02M | Scene, ViewLayer | Synchronizing object | Wrist fur.006
Fra:14 Mem:29.65M (Peak 29.65M) | Time:00:00.01 | Mem:0.02M, Peak:0.02M | Scene, ViewLayer | Synchronizing object | Wrist fur.007
Fra:14 Mem:29.67M (Peak 29.67M) | Time:00:00.01 | Mem:0.02M, Peak:0.02M | Scene, ViewLayer | Synchronizing object | Layered shoulder fur.009
Fra:14 Mem:29.66M (Peak 29.67M) | Time:00:00.01 | Mem:0.02M, Peak:0.02M | Scene, ViewLayer | Synchronizing object | Layered shoulder fur.010
Fra:14 Mem:29.66M (Peak 29.67M) | Time:00:00.01 | Mem:0.02M, Peak:0.02M | Scene, ViewLayer | Synchronizing object | Wrist fur.010
Fra:14 Mem:29.67M (Peak 29.67M) | Time:00:00.01 | Mem:0.02M, Peak:0.02M | Scene, ViewLayer | Synchronizing object | Wrist fur.011
Fra:14 Mem:29.67M (Peak 29.67M) | Time:00:00.01 | Mem:0.02M, Peak:0.02M | Scene, ViewLayer | Synchronizing object | Articulated tail
Fra:14 Mem:29.68M (Peak 29.68M) | Time:00:00.01 | Mem:0.02M, Peak:0.02M | Scene, ViewLayer | Synchronizing object | Leather neckerchief roll
Fra:14 Mem:29.72M (Peak 29.72M) | Time:00:00.01 | Mem:0.02M, Peak:0.02M | Scene, ViewLayer | Initializing
Fra:14 Mem:28.11M (Peak 29.72M) | Time:00:00.01 | Mem:0.02M, Peak:0.02M | Scene, ViewLayer | Updating Images | Loading Authored short-fur normal
Fra:14 Mem:24.52M (Peak 29.72M) | Time:00:00.01 | Mem:0.27M, Peak:0.27M | Scene, ViewLayer | Waiting for render to start
Fra:14 Mem:24.52M (Peak 29.72M) | Time:00:00.01 | Mem:0.27M, Peak:0.27M | Scene, ViewLayer | Updating Scene
Fra:14 Mem:24.52M (Peak 29.72M) | Time:00:00.01 | Mem:0.27M, Peak:0.27M | Scene, ViewLayer | Updating Shaders
Fra:14 Mem:24.52M (Peak 29.72M) | Time:00:00.01 | Mem:0.27M, Peak:0.27M | Scene, ViewLayer | Loading render kernels (may take a few minutes the first time)
Fra:14 Mem:24.60M (Peak 29.72M) | Time:00:00.08 | Mem:0.28M, Peak:0.28M | Scene, ViewLayer | Updating Procedurals
Fra:14 Mem:24.60M (Peak 29.72M) | Time:00:00.08 | Mem:0.28M, Peak:0.28M | Scene, ViewLayer | Updating Background
Fra:14 Mem:24.60M (Peak 29.72M) | Time:00:00.08 | Mem:0.28M, Peak:0.28M | Scene, ViewLayer | Updating Camera
Fra:14 Mem:24.60M (Peak 29.72M) | Time:00:00.08 | Mem:0.28M, Peak:0.28M | Scene, ViewLayer | Updating Meshes Flags
Fra:14 Mem:24.60M (Peak 29.72M) | Time:00:00.08 | Mem:0.28M, Peak:0.28M | Scene, ViewLayer | Updating Objects
Fra:14 Mem:24.60M (Peak 29.72M) | Time:00:00.08 | Mem:0.28M, Peak:0.28M | Scene, ViewLayer | Updating Objects | Copying Transformations to device
Fra:14 Mem:24.60M (Peak 29.72M) | Time:00:00.08 | Mem:0.31M, Peak:0.31M | Scene, ViewLayer | Updating Particle Systems
Fra:14 Mem:24.60M (Peak 29.72M) | Time:00:00.08 | Mem:0.31M, Peak:0.31M | Scene, ViewLayer | Updating Particle Systems | Copying Particles to device
Fra:14 Mem:24.60M (Peak 29.72M) | Time:00:00.08 | Mem:0.31M, Peak:0.31M | Scene, ViewLayer | Updating Meshes
Fra:14 Mem:25.37M (Peak 29.72M) | Time:00:00.09 | Mem:0.31M, Peak:0.31M | Scene, ViewLayer | Updating Objects | Applying Static Transformations
Fra:14 Mem:25.37M (Peak 29.72M) | Time:00:00.09 | Mem:0.31M, Peak:0.31M | Scene, ViewLayer | Updating Mesh | Computing attributes
Fra:14 Mem:26.45M (Peak 29.72M) | Time:00:00.09 | Mem:0.33M, Peak:0.33M | Scene, ViewLayer | Updating Mesh | Copying Attributes to device
Fra:14 Mem:25.37M (Peak 29.72M) | Time:00:00.22 | Mem:1.42M, Peak:1.42M | Scene, ViewLayer | Updating Geometry BVH light 105/104 | Building BVH
Fra:14 Mem:25.37M (Peak 29.72M) | Time:00:00.22 | Mem:1.42M, Peak:1.42M | Scene, ViewLayer | Updating Geometry BVH Paw toe.014 7/100 | Building BVH
Fra:14 Mem:25.37M (Peak 29.72M) | Time:00:00.22 | Mem:1.42M, Peak:1.42M | Scene, ViewLayer | Updating Geometry BVH Warm rim 104/104 | Building BVH
Fra:14 Mem:25.37M (Peak 29.72M) | Time:00:00.22 | Mem:1.42M, Peak:1.42M | Scene, ViewLayer | Updating Geometry BVH Sky fill 103/104 | Building BVH
Fra:14 Mem:25.37M (Peak 29.72M) | Time:00:00.22 | Mem:1.42M, Peak:1.42M | Scene, ViewLayer | Updating Geometry BVH Sunset key 102/104 | Building BVH
Fra:14 Mem:25.37M (Peak 29.72M) | Time:00:00.22 | Mem:1.42M, Peak:1.42M | Scene, ViewLayer | Updating Geometry BVH Sunset key 102/104 | Building mesh BLAS |    4170 tris | ribcage.001
Fra:14 Mem:25.37M (Peak 29.72M) | Time:00:00.22 | Mem:1.42M, Peak:1.42M | Scene, ViewLayer | Updating Geometry BVH Plane 101/104 | Building BVH
Fra:14 Mem:25.37M (Peak 29.72M) | Time:00:00.22 | Mem:1.42M, Peak:1.42M | Scene, ViewLayer | Updating Geometry BVH Plane 101/104 | Building mesh BLAS |      32 tris | Ivory claw.013
Fra:14 Mem:25.37M (Peak 29.72M) | Time:00:00.22 | Mem:1.42M, Peak:1.42M | Scene, ViewLayer | Updating Geometry BVH Plane 101/104 | Building mesh BLAS |      32 tris | Ivory claw.012
Fra:14 Mem:25.37M (Peak 29.72M) | Time:00:00.22 | Mem:1.42M, Peak:1.42M | Scene, ViewLayer | Updating Geometry BVH Plane 101/104 | Building mesh BLAS |       2 tris | Plane
Fra:14 Mem:25.37M (Peak 29.72M) | Time:00:00.22 | Mem:1.42M, Peak:1.42M | Scene, ViewLayer | Updating Geometry BVH Paw toe.015 9/104 | Building BVH
Fra:14 Mem:25.37M (Peak 29.72M) | Time:00:00.22 | Mem:1.42M, Peak:1.42M | Scene, ViewLayer | Updating Geometry BVH Paw toe.015 9/104 | Building mesh BLAS |     192 tris | Paw toe.015
Fra:14 Mem:25.37M (Peak 29.72M) | Time:00:00.22 | Mem:1.42M, Peak:1.42M | Scene, ViewLayer | Updating Geometry BVH Ivory claw.015 10/104 | Building BVH
Fra:14 Mem:25.37M (Peak 29.72M) | Time:00:00.22 | Mem:1.42M, Peak:1.42M | Scene, ViewLayer | Updating Geometry BVH Ivory claw.015 10/104 | Building mesh BLAS |      32 tris | Ivory claw.015
Fra:14 Mem:25.37M (Peak 29.72M) | Time:00:00.22 | Mem:1.42M, Peak:1.42M | Scene, ViewLayer | Updating Geometry BVH Paw toe.016 11/104 | Building BVH
Fra:14 Mem:25.37M (Peak 29.72M) | Time:00:00.22 | Mem:1.42M, Peak:1.42M | Scene, ViewLayer | Updating Geometry BVH Paw toe.016 11/104 | Building mesh BLAS |     192 tris | Paw toe.016
Fra:14 Mem:25.37M (Peak 29.72M) | Time:00:00.22 | Mem:1.42M, Peak:1.42M | Scene, ViewLayer | Updating Geometry BVH Paw toe.017 13/104 | Building BVH
Fra:14 Mem:25.37M (Peak 29.72M) | Time:00:00.22 | Mem:1.42M, Peak:1.42M | Scene, ViewLayer | Updating Geometry BVH Paw toe.017 13/104 | Building mesh BLAS |     192 tris | Paw toe.017
Fra:14 Mem:25.37M (Peak 29.72M) | Time:00:00.22 | Mem:1.42M, Peak:1.42M | Scene, ViewLayer | Updating Geometry BVH Ivory claw.017 14/104 | Building BVH
Fra:14 Mem:25.37M (Peak 29.72M) | Time:00:00.22 | Mem:1.42M, Peak:1.42M | Scene, ViewLayer | Updating Geometry BVH Paw toe.018 15/104 | Building BVH
Fra:14 Mem:25.37M (Peak 29.72M) | Time:00:00.22 | Mem:1.42M, Peak:1.42M | Scene, ViewLayer | Updating Geometry BVH Ivory claw.018 16/104 | Building mesh BLAS |      32 tris | Ivory claw.016
Fra:14 Mem:25.37M (Peak 29.72M) | Time:00:00.22 | Mem:1.42M, Peak:1.42M | Scene, ViewLayer | Updating Geometry BVH Paw toe.019 17/104 | Building mesh BLAS |      26 tris | Raised elemental crest.001
Fra:14 Mem:25.37M (Peak 29.72M) | Time:00:00.22 | Mem:1.42M, Peak:1.42M | Scene, ViewLayer | Updating Geometry BVH Paw toe.020 19/104 | Building BVH
Fra:14 Mem:25.37M (Peak 29.72M) | Time:00:00.22 | Mem:1.42M, Peak:1.42M | Scene, ViewLayer | Updating Geometry BVH Paw toe.020 19/104 | Building mesh BLAS |     192 tris | Paw toe.020
Fra:14 Mem:25.37M (Peak 29.72M) | Time:00:00.22 | Mem:1.42M, Peak:1.42M | Scene, ViewLayer | Updating Geometry BVH Paw toe.020 19/104 | Building mesh BLAS |      32 tris | Ivory claw.019
Fra:14 Mem:25.37M (Peak 29.72M) | Time:00:00.22 | Mem:1.42M, Peak:1.42M | Scene, ViewLayer | Updating Geometry BVH Ivory claw.020 20/104 | Building BVH
Fra:14 Mem:25.37M (Peak 29.72M) | Time:00:00.22 | Mem:1.42M, Peak:1.42M | Scene, ViewLayer | Updating Geometry BVH Brass crest clasp.001 99/104 | Building BVH
Fra:14 Mem:25.37M (Peak 29.72M) | Time:00:00.22 | Mem:1.42M, Peak:1.42M | Scene, ViewLayer | Updating Geometry BVH Brass crest clasp.001 99/104 | Building mesh BLAS |      32 tris | Ivory claw.020
Fra:14 Mem:25.37M (Peak 29.72M) | Time:00:00.22 | Mem:1.42M, Peak:1.42M | Scene, ViewLayer | Updating Geometry BVH Brass crest clasp.001 99/104 | Building mesh BLAS |     320 tris | Brass crest clasp.001
Fra:14 Mem:25.37M (Peak 29.72M) | Time:00:00.22 | Mem:1.42M, Peak:1.42M | Scene, ViewLayer | Updating Geometry BVH Brass crest clasp.001 99/104 | Building mesh BLAS |     192 tris | Paw toe.019
Fra:14 Mem:25.37M (Peak 29.72M) | Time:00:00.22 | Mem:1.42M, Peak:1.42M | Scene, ViewLayer | Updating Geometry BVH Brass crest clasp.001 99/104 | Building mesh BLAS |      32 tris | Ivory claw.018
Fra:14 Mem:25.37M (Peak 29.72M) | Time:00:00.22 | Mem:1.42M, Peak:1.42M | Scene, ViewLayer | Updating Geometry BVH Paw toe.021 21/104 | Building BVH
Fra:14 Mem:25.37M (Peak 29.72M) | Time:00:00.22 | Mem:1.42M, Peak:1.42M | Scene, ViewLayer | Updating Geometry BVH Paw toe.021 21/104 | Building mesh BLAS |     192 tris | Paw toe.021
Fra:14 Mem:25.37M (Peak 29.72M) | Time:00:00.22 | Mem:1.42M, Peak:1.42M | Scene, ViewLayer | Updating Geometry BVH Ivory claw.021 22/104 | Building BVH
Fra:14 Mem:25.37M (Peak 29.72M) | Time:00:00.22 | Mem:1.42M, Peak:1.42M | Scene, ViewLayer | Updating Geometry BVH Paw toe.022 23/104 | Building mesh BLAS |      32 tris | Ivory claw.021
Fra:14 Mem:25.37M (Peak 29.72M) | Time:00:00.22 | Mem:1.42M, Peak:1.42M | Scene, ViewLayer | Updating Geometry BVH Ivory claw.022 24/104 | Building BVH
Fra:14 Mem:25.37M (Peak 29.72M) | Time:00:00.22 | Mem:1.42M, Peak:1.42M | Scene, ViewLayer | Updating Geometry BVH Ivory claw.022 24/104 | Building mesh BLAS |     192 tris | Paw toe.022
Fra:14 Mem:25.37M (Peak 29.72M) | Time:00:00.22 | Mem:1.42M, Peak:1.42M | Scene, ViewLayer | Updating Geometry BVH Neckerchief folded point.001 98/104 | Building BVH
Fra:14 Mem:25.37M (Peak 29.72M) | Time:00:00.22 | Mem:1.42M, Peak:1.42M | Scene, ViewLayer | Updating Geometry BVH Ivory claw.023 26/104 | Building BVH
Fra:14 Mem:25.37M (Peak 29.72M) | Time:00:00.22 | Mem:1.42M, Peak:1.42M | Scene, ViewLayer | Updating Geometry BVH Skull.001 27/104 | Building BVH
Fra:14 Mem:25.37M (Peak 29.72M) | Time:00:00.22 | Mem:1.42M, Peak:1.42M | Scene, ViewLayer | Updating Geometry BVH Skull.001 27/104 | Building mesh BLAS |      32 tris | Ivory claw.023
Fra:14 Mem:25.37M (Peak 29.72M) | Time:00:00.22 | Mem:1.42M, Peak:1.42M | Scene, ViewLayer | Updating Geometry BVH Skull.001 27/104 | Building mesh BLAS |     192 tris | Paw toe.023
Fra:14 Mem:25.37M (Peak 29.72M) | Time:00:00.22 | Mem:1.42M, Peak:1.42M | Scene, ViewLayer | Updating Geometry BVH Skull.001 27/104 | Building mesh BLAS |    2722 tris | Skull.001
Fra:14 Mem:25.37M (Peak 29.72M) | Time:00:00.22 | Mem:1.42M, Peak:1.42M | Scene, ViewLayer | Updating Geometry BVH Skull.001 27/104 | Building mesh BLAS |       4 tris | Neckerchief folded point.001
Fra:14 Mem:25.37M (Peak 29.72M) | Time:00:00.22 | Mem:1.42M, Peak:1.42M | Scene, ViewLayer | Updating Geometry BVH Frost muzzle 28/104 | Building BVH
Fra:14 Mem:25.37M (Peak 29.72M) | Time:00:00.22 | Mem:1.42M, Peak:1.42M | Scene, ViewLayer | Updating Geometry BVH Heart shaped nose.001 29/104 | Building BVH
Fra:14 Mem:25.37M (Peak 29.72M) | Time:00:00.22 | Mem:1.42M, Peak:1.42M | Scene, ViewLayer | Updating Geometry BVH Heart shaped nose.001 29/104 | Building mesh BLAS |     480 tris | Frost muzzle
Fra:14 Mem:25.37M (Peak 29.72M) | Time:00:00.22 | Mem:1.42M, Peak:1.42M | Scene, ViewLayer | Updating Geometry BVH Heart shaped nose.001 29/104 | Building mesh BLAS |       6 tris | Heart shaped nose.001
Fra:14 Mem:25.37M (Peak 29.72M) | Time:00:00.22 | Mem:1.42M, Peak:1.42M | Scene, ViewLayer | Updating Geometry BVH Eye socket.002 30/104 | Building BVH
Fra:14 Mem:25.37M (Peak 29.72M) | Time:00:00.22 | Mem:1.42M, Peak:1.42M | Scene, ViewLayer | Updating Geometry BVH Eye socket.002 30/104 | Building mesh BLAS |     480 tris | Eye socket.002
Fra:14 Mem:25.37M (Peak 29.72M) | Time:00:00.22 | Mem:1.42M, Peak:1.42M | Scene, ViewLayer | Updating Geometry BVH Ivory eye.002 31/104 | Building BVH
Fra:14 Mem:25.37M (Peak 29.72M) | Time:00:00.22 | Mem:1.42M, Peak:1.42M | Scene, ViewLayer | Updating Geometry BVH Iris.002 32/104 | Building mesh BLAS |     480 tris | Ivory eye.002
Fra:14 Mem:25.37M (Peak 29.72M) | Time:00:00.22 | Mem:1.42M, Peak:1.42M | Scene, ViewLayer | Updating Geometry BVH Iris.002 32/104 | Building mesh BLAS |     480 tris | Iris.002
Fra:14 Mem:25.37M (Peak 29.72M) | Time:00:00.22 | Mem:1.42M, Peak:1.42M | Scene, ViewLayer | Updating Geometry BVH Leather neckerchief roll.001 97/104 | Building BVH
Fra:14 Mem:25.37M (Peak 29.72M) | Time:00:00.22 | Mem:1.42M, Peak:1.42M | Scene, ViewLayer | Updating Geometry BVH Pupil.002 33/104 | Building BVH
Fra:14 Mem:25.37M (Peak 29.72M) | Time:00:00.22 | Mem:1.42M, Peak:1.42M | Scene, ViewLayer | Updating Geometry BVH Pupil.002 33/104 | Building mesh BLAS |     320 tris | Pupil.002
Fra:14 Mem:25.37M (Peak 29.72M) | Time:00:00.22 | Mem:1.42M, Peak:1.42M | Scene, ViewLayer | Updating Geometry BVH Eye glint.002 34/104 | Building BVH
Fra:14 Mem:25.37M (Peak 29.72M) | Time:00:00.22 | Mem:1.42M, Peak:1.42M | Scene, ViewLayer | Updating Geometry BVH Eye glint.002 34/104 | Building mesh BLAS |     192 tris | Eye glint.002
Fra:14 Mem:25.37M (Peak 29.72M) | Time:00:00.22 | Mem:1.42M, Peak:1.42M | Scene, ViewLayer | Updating Geometry BVH Expressive brow.002 35/104 | Building BVH
Fra:14 Mem:25.37M (Peak 29.72M) | Time:00:00.22 | Mem:1.42M, Peak:1.42M | Scene, ViewLayer | Updating Geometry BVH Expressive brow.002 35/104 | Building mesh BLAS |      44 tris | Expressive brow.002
Fra:14 Mem:25.37M (Peak 29.72M) | Time:00:00.22 | Mem:1.42M, Peak:1.42M | Scene, ViewLayer | Updating Geometry BVH Smiling mouth.002 36/104 | Building BVH
Fra:14 Mem:25.37M (Peak 29.72M) | Time:00:00.22 | Mem:1.42M, Peak:1.42M | Scene, ViewLayer | Updating Geometry BVH Smiling mouth.002 36/104 | Building mesh BLAS |      32 tris | Smiling mouth.002
Fra:14 Mem:25.37M (Peak 29.72M) | Time:00:00.22 | Mem:1.42M, Peak:1.42M | Scene, ViewLayer | Updating Geometry BVH Whisker pore.006 37/104 | Building BVH
Fra:14 Mem:25.37M (Peak 29.72M) | Time:00:00.22 | Mem:1.42M, Peak:1.42M | Scene, ViewLayer | Updating Geometry BVH Whisker pore.006 37/104 | Building mesh BLAS |      64 tris | Whisker pore.006
Fra:14 Mem:25.37M (Peak 29.72M) | Time:00:00.22 | Mem:1.42M, Peak:1.42M | Scene, ViewLayer | Updating Geometry BVH Articulated tail.001 96/104 | Building BVH
Fra:14 Mem:25.37M (Peak 29.72M) | Time:00:00.22 | Mem:1.42M, Peak:1.42M | Scene, ViewLayer | Updating Geometry BVH Whisker pore.007 38/104 | Building BVH
Fra:14 Mem:25.37M (Peak 29.72M) | Time:00:00.22 | Mem:1.42M, Peak:1.42M | Scene, ViewLayer | Updating Geometry BVH Whisker pore.007 38/104 | Building mesh BLAS |     268 tris | Articulated tail.001
Fra:14 Mem:25.37M (Peak 29.72M) | Time:00:00.22 | Mem:1.42M, Peak:1.42M | Scene, ViewLayer | Updating Geometry BVH Whisker pore.008 39/104 | Building BVH
Fra:14 Mem:25.37M (Peak 29.72M) | Time:00:00.22 | Mem:1.42M, Peak:1.42M | Scene, ViewLayer | Updating Geometry BVH Whisker pore.008 39/104 | Building mesh BLAS |      64 tris | Whisker pore.008
Fra:14 Mem:25.37M (Peak 29.72M) | Time:00:00.22 | Mem:1.42M, Peak:1.42M | Scene, ViewLayer | Updating Geometry BVH Eye socket.003 40/104 | Building BVH
Fra:14 Mem:25.37M (Peak 29.72M) | Time:00:00.22 | Mem:1.42M, Peak:1.42M | Scene, ViewLayer | Updating Geometry BVH Eye socket.003 40/104 | Building mesh BLAS |     480 tris | Eye socket.003
Fra:14 Mem:25.37M (Peak 29.72M) | Time:00:00.22 | Mem:1.42M, Peak:1.42M | Scene, ViewLayer | Updating Geometry BVH Ivory eye.003 41/104 | Building BVH
Fra:14 Mem:25.37M (Peak 29.72M) | Time:00:00.22 | Mem:1.42M, Peak:1.42M | Scene, ViewLayer | Updating Geometry BVH Ivory eye.003 41/104 | Building mesh BLAS |     480 tris | Ivory eye.003
Fra:14 Mem:25.37M (Peak 29.72M) | Time:00:00.22 | Mem:1.42M, Peak:1.42M | Scene, ViewLayer | Updating Geometry BVH Wrist fur.023 95/104 | Building BVH
Fra:14 Mem:25.37M (Peak 29.72M) | Time:00:00.22 | Mem:1.42M, Peak:1.42M | Scene, ViewLayer | Updating Geometry BVH Iris.003 42/104 | Building BVH
Fra:14 Mem:25.37M (Peak 29.72M) | Time:00:00.22 | Mem:1.42M, Peak:1.42M | Scene, ViewLayer | Updating Geometry BVH Iris.003 42/104 | Building mesh BLAS |     480 tris | Iris.003
Fra:14 Mem:25.37M (Peak 29.72M) | Time:00:00.22 | Mem:1.42M, Peak:1.42M | Scene, ViewLayer | Updating Geometry BVH Pupil.003 43/104 | Building BVH
Fra:14 Mem:25.37M (Peak 29.72M) | Time:00:00.22 | Mem:1.42M, Peak:1.42M | Scene, ViewLayer | Updating Geometry BVH Pupil.003 43/104 | Building mesh BLAS |     320 tris | Pupil.003
Fra:14 Mem:25.37M (Peak 29.72M) | Time:00:00.22 | Mem:1.42M, Peak:1.42M | Scene, ViewLayer | Updating Geometry BVH Eye glint.003 44/104 | Building BVH
Fra:14 Mem:25.37M (Peak 29.72M) | Time:00:00.22 | Mem:1.42M, Peak:1.42M | Scene, ViewLayer | Updating Geometry BVH Smiling mouth.003 46/104 | Building BVH
Fra:14 Mem:25.37M (Peak 29.72M) | Time:00:00.22 | Mem:1.42M, Peak:1.42M | Scene, ViewLayer | Updating Geometry BVH Smiling mouth.003 46/104 | Building mesh BLAS |      32 tris | Smiling mouth.003
Fra:14 Mem:25.37M (Peak 29.72M) | Time:00:00.22 | Mem:1.42M, Peak:1.42M | Scene, ViewLayer | Updating Geometry BVH Whisker pore.009 47/104 | Building BVH
Fra:14 Mem:25.37M (Peak 29.72M) | Time:00:00.22 | Mem:1.42M, Peak:1.42M | Scene, ViewLayer | Updating Geometry BVH Whisker pore.010 48/104 | Building BVH
Fra:14 Mem:25.37M (Peak 29.72M) | Time:00:00.22 | Mem:1.42M, Peak:1.42M | Scene, ViewLayer | Updating Geometry BVH Whisker pore.011 49/104 | Building BVH
Fra:14 Mem:25.37M (Peak 29.72M) | Time:00:00.22 | Mem:1.42M, Peak:1.42M | Scene, ViewLayer | Updating Geometry BVH Whisker pore.011 49/104 | Building mesh BLAS |      64 tris | Whisker pore.011
Fra:14 Mem:25.37M (Peak 29.72M) | Time:00:00.22 | Mem:1.42M, Peak:1.42M | Scene, ViewLayer | Updating Geometry BVH Whisker pore.011 49/104 | Building mesh BLAS |      64 tris | Whisker pore.010
Fra:14 Mem:25.37M (Peak 29.72M) | Time:00:00.22 | Mem:1.42M, Peak:1.42M | Scene, ViewLayer | Updating Geometry BVH Lower jaw.001 50/104 | Building BVH
Fra:14 Mem:25.37M (Peak 29.72M) | Time:00:00.22 | Mem:1.42M, Peak:1.42M | Scene, ViewLayer | Updating Geometry BVH Wrist fur.022 94/104 | Building BVH
Fra:14 Mem:25.37M (Peak 29.72M) | Time:00:00.22 | Mem:1.42M, Peak:1.42M | Scene, ViewLayer | Updating Geometry BVH Wrist fur.022 94/104 | Building mesh BLAS |      44 tris | Wrist fur.022
Fra:14 Mem:25.37M (Peak 29.72M) | Time:00:00.22 | Mem:1.42M, Peak:1.42M | Scene, ViewLayer | Updating Geometry BVH Wrist fur.022 94/104 | Building mesh BLAS |     400 tris | Lower jaw.001
Fra:14 Mem:25.37M (Peak 29.72M) | Time:00:00.22 | Mem:1.42M, Peak:1.42M | Scene, ViewLayer | Updating Geometry BVH Wrist fur.022 94/104 | Building mesh BLAS |     360 tris | Mouth cavity.001
Fra:14 Mem:25.37M (Peak 29.72M) | Time:00:00.22 | Mem:1.42M, Peak:1.42M | Scene, ViewLayer | Updating Geometry BVH Lower canine.002 52/104 | Building BVH
Fra:14 Mem:25.37M (Peak 29.72M) | Time:00:00.22 | Mem:1.42M, Peak:1.42M | Scene, ViewLayer | Updating Geometry BVH Lower canine.002 52/104 | Building mesh BLAS |      38 tris | Lower canine.002
Fra:14 Mem:25.37M (Peak 29.72M) | Time:00:00.22 | Mem:1.42M, Peak:1.42M | Scene, ViewLayer | Updating Geometry BVH Lower canine.003 53/104 | Building BVH
Fra:14 Mem:25.37M (Peak 29.72M) | Time:00:00.22 | Mem:1.42M, Peak:1.42M | Scene, ViewLayer | Updating Geometry BVH Lower canine.003 53/104 | Building mesh BLAS |      38 tris | Lower canine.003
Fra:14 Mem:25.37M (Peak 29.72M) | Time:00:00.22 | Mem:1.42M, Peak:1.42M | Scene, ViewLayer | Updating Geometry BVH Pointed species ear 54/104 | Building BVH
Fra:14 Mem:25.37M (Peak 29.72M) | Time:00:00.22 | Mem:1.42M, Peak:1.42M | Scene, ViewLayer | Updating Geometry BVH Pointed species ear 54/104 | Building mesh BLAS |       6 tris | Pointed species ear
Fra:14 Mem:25.37M (Peak 29.72M) | Time:00:00.22 | Mem:1.42M, Peak:1.42M | Scene, ViewLayer | Updating Geometry BVH Wrist fur.021 93/104 | Building BVH
Fra:14 Mem:25.37M (Peak 29.72M) | Time:00:00.22 | Mem:1.42M, Peak:1.42M | Scene, ViewLayer | Updating Geometry BVH Inner ear 55/104 | Building mesh BLAS |      44 tris | Wrist fur.021
Fra:14 Mem:25.37M (Peak 29.72M) | Time:00:00.22 | Mem:1.42M, Peak:1.42M | Scene, ViewLayer | Updating Geometry BVH Pointed species ear.001 56/104 | Building BVH
Fra:14 Mem:25.37M (Peak 29.72M) | Time:00:00.22 | Mem:1.42M, Peak:1.42M | Scene, ViewLayer | Updating Geometry BVH Pointed species ear.001 56/104 | Building mesh BLAS |       3 tris | Inner ear
Fra:14 Mem:25.37M (Peak 29.72M) | Time:00:00.22 | Mem:1.42M, Peak:1.42M | Scene, ViewLayer | Updating Geometry BVH Inner ear.001 57/104 | Building mesh BLAS |       6 tris | Pointed species ear.001
Fra:14 Mem:25.37M (Peak 29.72M) | Time:00:00.22 | Mem:1.42M, Peak:1.42M | Scene, ViewLayer | Updating Geometry BVH Inner ear.001 57/104 | Building mesh BLAS |       3 tris | Inner ear.001
Fra:14 Mem:25.37M (Peak 29.72M) | Time:00:00.22 | Mem:1.42M, Peak:1.42M | Scene, ViewLayer | Updating Geometry BVH Swept cheek ruff 58/104 | Building BVH
Fra:14 Mem:25.37M (Peak 29.72M) | Time:00:00.22 | Mem:1.42M, Peak:1.42M | Scene, ViewLayer | Updating Geometry BVH Swept cheek ruff 58/104 | Building mesh BLAS |      44 tris | Swept cheek ruff
Fra:14 Mem:25.37M (Peak 29.72M) | Time:00:00.22 | Mem:1.42M, Peak:1.42M | Scene, ViewLayer | Updating Geometry BVH Swept cheek ruff.001 59/104 | Building BVH
Fra:14 Mem:25.37M (Peak 29.72M) | Time:00:00.22 | Mem:1.42M, Peak:1.42M | Scene, ViewLayer | Updating Geometry BVH Layered shoulder fur.023 92/104 | Building BVH
Fra:14 Mem:25.37M (Peak 29.72M) | Time:00:00.22 | Mem:1.42M, Peak:1.42M | Scene, ViewLayer | Updating Geometry BVH Layered shoulder fur.023 92/104 | Building mesh BLAS |      44 tris | Swept cheek ruff.001
Fra:14 Mem:25.37M (Peak 29.72M) | Time:00:00.22 | Mem:1.42M, Peak:1.42M | Scene, ViewLayer | Updating Geometry BVH Layered shoulder fur.023 92/104 | Building mesh BLAS |      44 tris | Swept cheek ruff.002
Fra:14 Mem:25.37M (Peak 29.72M) | Time:00:00.22 | Mem:1.42M, Peak:1.42M | Scene, ViewLayer | Updating Geometry BVH Swept cheek ruff.003 61/104 | Building BVH
Fra:14 Mem:25.37M (Peak 29.72M) | Time:00:00.22 | Mem:1.42M, Peak:1.42M | Scene, ViewLayer | Updating Geometry BVH Swept cheek ruff.005 63/104 | Building BVH
Fra:14 Mem:25.37M (Peak 29.72M) | Time:00:00.22 | Mem:1.42M, Peak:1.42M | Scene, ViewLayer | Updating Geometry BVH Swept cheek ruff.006 64/104 | Building BVH
Fra:14 Mem:25.37M (Peak 29.72M) | Time:00:00.22 | Mem:1.42M, Peak:1.42M | Scene, ViewLayer | Updating Geometry BVH Swept cheek ruff.007 65/104 | Building mesh BLAS |      44 tris | Swept cheek ruff.003
Fra:14 Mem:25.37M (Peak 29.72M) | Time:00:00.22 | Mem:1.42M, Peak:1.42M | Scene, ViewLayer | Updating Geometry BVH Swept cheek ruff.007 65/104 | Building mesh BLAS |      44 tris | Swept cheek ruff.005
Fra:14 Mem:25.37M (Peak 29.72M) | Time:00:00.22 | Mem:1.42M, Peak:1.42M | Scene, ViewLayer | Updating Geometry BVH Swept cheek ruff.007 65/104 | Building mesh BLAS |      44 tris | Swept cheek ruff.006
Fra:14 Mem:25.37M (Peak 29.72M) | Time:00:00.22 | Mem:1.42M, Peak:1.42M | Scene, ViewLayer | Updating Geometry BVH Swept cheek ruff.007 65/104 | Building mesh BLAS |      44 tris | Swept cheek ruff.004
Fra:14 Mem:25.37M (Peak 29.72M) | Time:00:00.23 | Mem:1.42M, Peak:1.42M | Scene, ViewLayer | Updating Geometry BVH Swept cheek ruff.007 65/104 | Building mesh BLAS |      44 tris | Swept cheek ruff.007
Fra:14 Mem:25.37M (Peak 29.72M) | Time:00:00.23 | Mem:1.42M, Peak:1.42M | Scene, ViewLayer | Updating Geometry BVH Ice swept crest 66/104 | Building BVH
Fra:14 Mem:25.37M (Peak 29.72M) | Time:00:00.23 | Mem:1.42M, Peak:1.42M | Scene, ViewLayer | Updating Geometry BVH Layered shoulder fur.022 91/104 | Building BVH
Fra:14 Mem:25.37M (Peak 29.72M) | Time:00:00.23 | Mem:1.42M, Peak:1.42M | Scene, ViewLayer | Updating Geometry BVH Layered shoulder fur.022 91/104 | Building mesh BLAS |      44 tris | Ice swept crest
Fra:14 Mem:25.37M (Peak 29.72M) | Time:00:00.23 | Mem:1.42M, Peak:1.42M | Scene, ViewLayer | Updating Geometry BVH Layered shoulder fur.022 91/104 | Building mesh BLAS |      44 tris | Layered shoulder fur.022
Fra:14 Mem:25.37M (Peak 29.72M) | Time:00:00.23 | Mem:1.42M, Peak:1.42M | Scene, ViewLayer | Updating Geometry BVH Ice swept crest.001 67/104 | Building BVH
Fra:14 Mem:25.37M (Peak 29.72M) | Time:00:00.23 | Mem:1.42M, Peak:1.42M | Scene, ViewLayer | Updating Geometry BVH Ice swept crest.002 68/104 | Building BVH
Fra:14 Mem:25.37M (Peak 29.72M) | Time:00:00.23 | Mem:1.42M, Peak:1.42M | Scene, ViewLayer | Updating Geometry BVH Ice swept crest.002 68/104 | Building mesh BLAS |      44 tris | Ice swept crest.001
Fra:14 Mem:25.37M (Peak 29.72M) | Time:00:00.23 | Mem:1.42M, Peak:1.42M | Scene, ViewLayer | Updating Geometry BVH Ice swept crest.002 68/104 | Building mesh BLAS |      44 tris | Ice swept crest.002
Fra:14 Mem:25.37M (Peak 29.72M) | Time:00:00.23 | Mem:1.42M, Peak:1.42M | Scene, ViewLayer | Updating Geometry BVH Ice swept crest.003 69/104 | Building BVH
Fra:14 Mem:25.37M (Peak 29.72M) | Time:00:00.23 | Mem:1.42M, Peak:1.42M | Scene, ViewLayer | Updating Geometry BVH Ice swept crest.004 70/104 | Building BVH
Fra:14 Mem:25.37M (Peak 29.72M) | Time:00:00.23 | Mem:1.42M, Peak:1.42M | Scene, ViewLayer | Updating Geometry BVH Ice swept crest.005 71/104 | Building mesh BLAS |      44 tris | Ice swept crest.003
Fra:14 Mem:25.37M (Peak 29.72M) | Time:00:00.23 | Mem:1.42M, Peak:1.42M | Scene, ViewLayer | Updating Geometry BVH Ice swept crest.005 71/104 | Building mesh BLAS |      44 tris | Ice swept crest.004
Fra:14 Mem:25.37M (Peak 29.72M) | Time:00:00.23 | Mem:1.42M, Peak:1.42M | Scene, ViewLayer | Updating Geometry BVH Ice swept crest.005 71/104 | Building mesh BLAS |      44 tris | Ice swept crest.005
Fra:14 Mem:25.37M (Peak 29.72M) | Time:00:00.23 | Mem:1.42M, Peak:1.42M | Scene, ViewLayer | Updating Geometry BVH Layered shoulder fur.012 72/104 | Building BVH
Fra:14 Mem:25.37M (Peak 29.72M) | Time:00:00.23 | Mem:1.42M, Peak:1.42M | Scene, ViewLayer | Updating Geometry BVH Layered shoulder fur.012 72/104 | Building mesh BLAS |      44 tris | Layered shoulder fur.012
Fra:14 Mem:25.37M (Peak 29.72M) | Time:00:00.23 | Mem:1.42M, Peak:1.42M | Scene, ViewLayer | Updating Geometry BVH Layered shoulder fur.013 73/104 | Building BVH
Fra:14 Mem:25.37M (Peak 29.72M) | Time:00:00.23 | Mem:1.42M, Peak:1.42M | Scene, ViewLayer | Updating Geometry BVH Layered shoulder fur.013 73/104 | Building mesh BLAS |      44 tris | Layered shoulder fur.013
Fra:14 Mem:25.37M (Peak 29.72M) | Time:00:00.23 | Mem:1.42M, Peak:1.42M | Scene, ViewLayer | Updating Geometry BVH Layered shoulder fur.021 90/104 | Building BVH
Fra:14 Mem:25.37M (Peak 29.72M) | Time:00:00.23 | Mem:1.42M, Peak:1.42M | Scene, ViewLayer | Updating Geometry BVH Layered shoulder fur.021 90/104 | Building mesh BLAS |      44 tris | Layered shoulder fur.021
Fra:14 Mem:25.37M (Peak 29.72M) | Time:00:00.23 | Mem:1.42M, Peak:1.42M | Scene, ViewLayer | Updating Geometry BVH Layered shoulder fur.014 74/104 | Building BVH
Fra:14 Mem:25.37M (Peak 29.72M) | Time:00:00.23 | Mem:1.42M, Peak:1.42M | Scene, ViewLayer | Updating Geometry BVH Layered shoulder fur.014 74/104 | Building mesh BLAS |      44 tris | Layered shoulder fur.014
Fra:14 Mem:25.37M (Peak 29.72M) | Time:00:00.23 | Mem:1.42M, Peak:1.42M | Scene, ViewLayer | Updating Geometry BVH Wrist fur.012 75/104 | Building BVH
Fra:14 Mem:25.37M (Peak 29.72M) | Time:00:00.23 | Mem:1.42M, Peak:1.42M | Scene, ViewLayer | Updating Geometry BVH Wrist fur.012 75/104 | Building mesh BLAS |      44 tris | Wrist fur.012
Fra:14 Mem:25.37M (Peak 29.72M) | Time:00:00.23 | Mem:1.42M, Peak:1.42M | Scene, ViewLayer | Updating Geometry BVH Wrist fur.013 76/104 | Building BVH
Fra:14 Mem:25.37M (Peak 29.72M) | Time:00:00.23 | Mem:1.42M, Peak:1.42M | Scene, ViewLayer | Updating Geometry BVH Wrist fur.013 76/104 | Building mesh BLAS |      44 tris | Wrist fur.013
Fra:14 Mem:25.37M (Peak 29.72M) | Time:00:00.23 | Mem:1.42M, Peak:1.42M | Scene, ViewLayer | Updating Geometry BVH Wrist fur.014 77/104 | Building BVH
Fra:14 Mem:25.37M (Peak 29.72M) | Time:00:00.23 | Mem:1.42M, Peak:1.42M | Scene, ViewLayer | Updating Geometry BVH Wrist fur.014 77/104 | Building mesh BLAS |      44 tris | Wrist fur.014
Fra:14 Mem:25.37M (Peak 29.72M) | Time:00:00.23 | Mem:1.42M, Peak:1.42M | Scene, ViewLayer | Updating Geometry BVH Layered shoulder fur.015 78/104 | Building BVH
Fra:14 Mem:25.37M (Peak 29.72M) | Time:00:00.23 | Mem:1.42M, Peak:1.42M | Scene, ViewLayer | Updating Geometry BVH Layered shoulder fur.015 78/104 | Building mesh BLAS |      44 tris | Layered shoulder fur.015
Fra:14 Mem:25.37M (Peak 29.72M) | Time:00:00.24 | Mem:1.42M, Peak:1.42M | Scene, ViewLayer | Updating Geometry BVH Layered shoulder fur.016 79/104 | Building BVH
Fra:14 Mem:25.37M (Peak 29.72M) | Time:00:00.24 | Mem:1.42M, Peak:1.42M | Scene, ViewLayer | Updating Geometry BVH Layered shoulder fur.016 79/104 | Building mesh BLAS |      44 tris | Layered shoulder fur.016
Fra:14 Mem:25.37M (Peak 29.72M) | Time:00:00.24 | Mem:1.42M, Peak:1.42M | Scene, ViewLayer | Updating Geometry BVH Layered shoulder fur.017 80/104 | Building BVH
Fra:14 Mem:25.37M (Peak 29.72M) | Time:00:00.24 | Mem:1.42M, Peak:1.42M | Scene, ViewLayer | Updating Geometry BVH Wrist fur.020 89/104 | Building BVH
Fra:14 Mem:25.37M (Peak 29.72M) | Time:00:00.24 | Mem:1.42M, Peak:1.42M | Scene, ViewLayer | Updating Geometry BVH Wrist fur.020 89/104 | Building mesh BLAS |      44 tris | Layered shoulder fur.017
Fra:14 Mem:25.37M (Peak 29.72M) | Time:00:00.24 | Mem:1.42M, Peak:1.42M | Scene, ViewLayer | Updating Geometry BVH Wrist fur.020 89/104 | Building mesh BLAS |      44 tris | Wrist fur.020
Fra:14 Mem:25.37M (Peak 29.72M) | Time:00:00.24 | Mem:1.42M, Peak:1.42M | Scene, ViewLayer | Updating Geometry BVH Wrist fur.015 81/104 | Building BVH
Fra:14 Mem:25.37M (Peak 29.72M) | Time:00:00.24 | Mem:1.42M, Peak:1.42M | Scene, ViewLayer | Updating Geometry BVH Wrist fur.016 82/104 | Building BVH
Fra:14 Mem:25.37M (Peak 29.72M) | Time:00:00.24 | Mem:1.42M, Peak:1.42M | Scene, ViewLayer | Updating Geometry BVH Wrist fur.016 82/104 | Building mesh BLAS |      44 tris | Wrist fur.015
Fra:14 Mem:25.37M (Peak 29.72M) | Time:00:00.24 | Mem:1.42M, Peak:1.42M | Scene, ViewLayer | Updating Geometry BVH Wrist fur.016 82/104 | Building mesh BLAS |      44 tris | Wrist fur.016
Fra:14 Mem:25.37M (Peak 29.72M) | Time:00:00.24 | Mem:1.62M, Peak:1.62M | Scene, ViewLayer | Updating Geometry BVH Wrist fur.017 83/104 | Building BVH
Fra:14 Mem:25.37M (Peak 29.72M) | Time:00:00.24 | Mem:1.62M, Peak:1.62M | Scene, ViewLayer | Updating Geometry BVH Wrist fur.017 83/104 | Building mesh BLAS |      44 tris | Wrist fur.017
Fra:14 Mem:25.37M (Peak 29.72M) | Time:00:00.24 | Mem:1.62M, Peak:1.62M | Scene, ViewLayer | Updating Geometry BVH Layered shoulder fur.018 84/104 | Building BVH
Fra:14 Mem:25.37M (Peak 29.72M) | Time:00:00.24 | Mem:1.62M, Peak:1.62M | Scene, ViewLayer | Updating Geometry BVH Layered shoulder fur.018 84/104 | Building mesh BLAS |      44 tris | Layered shoulder fur.018
Fra:14 Mem:25.37M (Peak 29.72M) | Time:00:00.24 | Mem:1.62M, Peak:1.62M | Scene, ViewLayer | Updating Geometry BVH Layered shoulder fur.019 85/104 | Building BVH
Fra:14 Mem:25.37M (Peak 29.72M) | Time:00:00.24 | Mem:1.62M, Peak:1.62M | Scene, ViewLayer | Updating Geometry BVH Layered shoulder fur.020 86/104 | Building BVH
Fra:14 Mem:25.37M (Peak 29.72M) | Time:00:00.24 | Mem:1.62M, Peak:1.62M | Scene, ViewLayer | Updating Geometry BVH Layered shoulder fur.020 86/104 | Building mesh BLAS |      44 tris | Layered shoulder fur.019
Fra:14 Mem:25.37M (Peak 29.72M) | Time:00:00.24 | Mem:1.62M, Peak:1.62M | Scene, ViewLayer | Updating Geometry BVH Layered shoulder fur.020 86/104 | Building mesh BLAS |      44 tris | Layered shoulder fur.020
Fra:14 Mem:25.37M (Peak 29.72M) | Time:00:00.24 | Mem:1.64M, Peak:1.64M | Scene, ViewLayer | Updating Geometry BVH Wrist fur.018 87/104 | Building BVH
Fra:14 Mem:25.37M (Peak 29.72M) | Time:00:00.24 | Mem:1.64M, Peak:1.64M | Scene, ViewLayer | Updating Geometry BVH Wrist fur.018 87/104 | Building mesh BLAS |      44 tris | Wrist fur.018
Fra:14 Mem:25.37M (Peak 29.72M) | Time:00:00.24 | Mem:1.64M, Peak:1.64M | Scene, ViewLayer | Updating Geometry BVH Wrist fur.019 88/104 | Building BVH
Fra:14 Mem:25.37M (Peak 29.72M) | Time:00:00.24 | Mem:1.64M, Peak:1.64M | Scene, ViewLayer | Updating Geometry BVH Wrist fur.019 88/104 | Building mesh BLAS |      44 tris | Wrist fur.019
Fra:14 Mem:25.37M (Peak 29.72M) | Time:00:00.24 | Mem:1.73M, Peak:1.73M | Scene, ViewLayer | Updating Scene BVH | Building
Fra:14 Mem:25.37M (Peak 29.72M) | Time:00:00.25 | Mem:2.27M, Peak:2.27M | Scene, ViewLayer | Updating Scene BVH | Building TLAS      |     104 instances
Fra:14 Mem:25.38M (Peak 29.72M) | Time:00:00.26 | Mem:2.30M, Peak:2.30M | Scene, ViewLayer | Updating Scene BVH | Copying BVH to device
Fra:14 Mem:25.38M (Peak 29.72M) | Time:00:00.26 | Mem:2.30M, Peak:2.30M | Scene, ViewLayer | Updating Mesh | Computing normals
Fra:14 Mem:25.86M (Peak 29.72M) | Time:00:00.26 | Mem:2.30M, Peak:2.30M | Scene, ViewLayer | Updating Mesh | Copying Mesh to device
Fra:14 Mem:25.38M (Peak 29.72M) | Time:00:00.26 | Mem:2.80M, Peak:2.80M | Scene, ViewLayer | Updating Objects Flags
Fra:14 Mem:25.37M (Peak 29.72M) | Time:00:00.26 | Mem:2.80M, Peak:2.80M | Scene, ViewLayer | Updating Primitive Offsets
Fra:14 Mem:25.37M (Peak 29.72M) | Time:00:00.26 | Mem:2.80M, Peak:2.80M | Scene, ViewLayer | Updating Images
Fra:14 Mem:25.37M (Peak 29.72M) | Time:00:00.26 | Mem:2.80M, Peak:2.80M | Scene, ViewLayer | Updating Camera Volume
Fra:14 Mem:25.37M (Peak 29.72M) | Time:00:00.26 | Mem:2.80M, Peak:2.80M | Scene, ViewLayer | Updating Lookup Tables
Fra:14 Mem:25.29M (Peak 29.72M) | Time:00:00.26 | Mem:2.90M, Peak:2.90M | Scene, ViewLayer | Updating Lights
Fra:14 Mem:25.29M (Peak 29.72M) | Time:00:00.26 | Mem:2.90M, Peak:2.90M | Scene, ViewLayer | Updating Lights | Computing tree
Fra:14 Mem:25.29M (Peak 29.72M) | Time:00:00.26 | Mem:2.90M, Peak:2.90M | Scene, ViewLayer | Updating Integrator
Fra:14 Mem:25.29M (Peak 29.72M) | Time:00:00.26 | Mem:2.90M, Peak:2.90M | Scene, ViewLayer | Updating Film
Fra:14 Mem:25.38M (Peak 29.72M) | Time:00:00.26 | Mem:2.81M, Peak:2.90M | Scene, ViewLayer | Updating Lookup Tables
Fra:14 Mem:25.29M (Peak 29.72M) | Time:00:00.26 | Mem:2.90M, Peak:2.90M | Scene, ViewLayer | Updating Baking
Fra:14 Mem:25.29M (Peak 29.72M) | Time:00:00.26 | Mem:2.90M, Peak:2.90M | Scene, ViewLayer | Updating Device | Writing constant memory
Fra:14 Mem:25.30M (Peak 29.72M) | Time:00:00.29 | Mem:2.90M, Peak:2.90M | Scene, ViewLayer | Loading denoising kernels (may take a few minutes the first time)
Fra:14 Mem:25.30M (Peak 57.30M) | Time:00:00.29 | Mem:2818.91M, Peak:2818.91M | Scene, ViewLayer | Sample 0/12 (Using optimized kernels)
Fra:14 Mem:25.29M (Peak 60.80M) | Time:00:00.46 | Remaining:00:01.87 | Mem:2854.45M, Peak:2854.45M | Scene, ViewLayer | Sample 1/12 (Using optimized kernels)
Fra:14 Mem:40.25M (Peak 62.68M) | Time:00:03.54 | Mem:2854.45M, Peak:2854.45M | Scene, ViewLayer | Sample 12/12 (Using optimized kernels)
Fra:14 Mem:40.25M (Peak 62.68M) | Time:00:03.54 | Mem:2854.45M, Peak:2854.45M | Scene, ViewLayer | Finished
Saved: '/Users/chikumatsuboi/Code/animal-racers-western/assets/source/western/qa/wolf-special-14.png'
Time: 00:03.67 (Saving: 00:00.07)

Fra:19 Mem:28.27M (Peak 28.27M) | Time:00:00.00 | Mem:0.02M, Peak:0.02M | Scene, ViewLayer | Synchronizing object | Body • continuous sculpted skin
Fra:19 Mem:28.42M (Peak 28.42M) | Time:00:00.00 | Mem:0.02M, Peak:0.02M | Scene, ViewLayer | Synchronizing object | Ivory claw.001
Fra:19 Mem:28.52M (Peak 28.52M) | Time:00:00.00 | Mem:0.02M, Peak:0.02M | Scene, ViewLayer | Synchronizing object | Paw toe.002
Fra:19 Mem:28.55M (Peak 28.55M) | Time:00:00.00 | Mem:0.02M, Peak:0.02M | Scene, ViewLayer | Synchronizing object | Ivory claw.002
Fra:19 Mem:28.55M (Peak 28.55M) | Time:00:00.00 | Mem:0.02M, Peak:0.02M | Scene, ViewLayer | Synchronizing object | Ivory claw.003
Fra:19 Mem:28.56M (Peak 28.56M) | Time:00:00.00 | Mem:0.02M, Peak:0.02M | Scene, ViewLayer | Synchronizing object | Paw toe.004
Fra:19 Mem:28.57M (Peak 28.57M) | Time:00:00.00 | Mem:0.02M, Peak:0.02M | Scene, ViewLayer | Synchronizing object | Paw toe.003
Fra:19 Mem:28.58M (Peak 28.58M) | Time:00:00.00 | Mem:0.02M, Peak:0.02M | Scene, ViewLayer | Synchronizing object | Ivory claw.004
Fra:19 Mem:28.59M (Peak 28.59M) | Time:00:00.00 | Mem:0.02M, Peak:0.02M | Scene, ViewLayer | Synchronizing object | Paw toe.005
Fra:19 Mem:28.64M (Peak 28.64M) | Time:00:00.00 | Mem:0.02M, Peak:0.02M | Scene, ViewLayer | Synchronizing object | Ivory claw.005
Fra:19 Mem:28.68M (Peak 28.68M) | Time:00:00.00 | Mem:0.02M, Peak:0.02M | Scene, ViewLayer | Synchronizing object | Ivory claw.006
Fra:19 Mem:28.70M (Peak 28.70M) | Time:00:00.00 | Mem:0.02M, Peak:0.02M | Scene, ViewLayer | Synchronizing object | Ivory claw.007
Fra:19 Mem:28.81M (Peak 28.81M) | Time:00:00.00 | Mem:0.02M, Peak:0.02M | Scene, ViewLayer | Synchronizing object | Paw toe.008
Fra:19 Mem:28.82M (Peak 28.82M) | Time:00:00.00 | Mem:0.02M, Peak:0.02M | Scene, ViewLayer | Synchronizing object | Ivory claw.008
Fra:19 Mem:28.83M (Peak 28.83M) | Time:00:00.00 | Mem:0.02M, Peak:0.02M | Scene, ViewLayer | Synchronizing object | Ivory claw.009
Fra:19 Mem:28.85M (Peak 28.85M) | Time:00:00.00 | Mem:0.02M, Peak:0.02M | Scene, ViewLayer | Synchronizing object | Paw toe.011
Fra:19 Mem:28.86M (Peak 28.86M) | Time:00:00.00 | Mem:0.02M, Peak:0.02M | Scene, ViewLayer | Synchronizing object | Ivory claw.011
Fra:19 Mem:28.87M (Peak 28.87M) | Time:00:00.00 | Mem:0.02M, Peak:0.02M | Scene, ViewLayer | Synchronizing object | Head • species sculpt
Fra:19 Mem:28.89M (Peak 28.89M) | Time:00:00.01 | Mem:0.02M, Peak:0.02M | Scene, ViewLayer | Synchronizing object | Heart shaped nose
Fra:19 Mem:28.90M (Peak 28.90M) | Time:00:00.01 | Mem:0.02M, Peak:0.02M | Scene, ViewLayer | Synchronizing object | Ivory eye
Fra:19 Mem:28.95M (Peak 28.95M) | Time:00:00.01 | Mem:0.02M, Peak:0.02M | Scene, ViewLayer | Synchronizing object | Iris
Fra:19 Mem:29.12M (Peak 29.12M) | Time:00:00.01 | Mem:0.02M, Peak:0.02M | Scene, ViewLayer | Synchronizing object | Warm rim
Fra:19 Mem:29.12M (Peak 29.12M) | Time:00:00.01 | Mem:0.02M, Peak:0.02M | Scene, ViewLayer | Synchronizing object | Pupil
Fra:19 Mem:29.17M (Peak 29.17M) | Time:00:00.01 | Mem:0.02M, Peak:0.02M | Scene, ViewLayer | Synchronizing object | Eye glint
Fra:19 Mem:29.18M (Peak 29.18M) | Time:00:00.01 | Mem:0.02M, Peak:0.02M | Scene, ViewLayer | Synchronizing object | Expressive brow
Fra:19 Mem:29.18M (Peak 29.18M) | Time:00:00.01 | Mem:0.02M, Peak:0.02M | Scene, ViewLayer | Synchronizing object | Smiling mouth
Fra:19 Mem:29.27M (Peak 29.27M) | Time:00:00.01 | Mem:0.02M, Peak:0.02M | Scene, ViewLayer | Synchronizing object | Sunset key
Fra:19 Mem:29.27M (Peak 29.27M) | Time:00:00.01 | Mem:0.02M, Peak:0.02M | Scene, ViewLayer | Synchronizing object | Plane
Fra:19 Mem:29.28M (Peak 29.28M) | Time:00:00.01 | Mem:0.02M, Peak:0.02M | Scene, ViewLayer | Synchronizing object | Raised elemental crest
Fra:19 Mem:29.30M (Peak 29.30M) | Time:00:00.01 | Mem:0.02M, Peak:0.02M | Scene, ViewLayer | Synchronizing object | Brass crest clasp
Fra:19 Mem:29.32M (Peak 29.32M) | Time:00:00.01 | Mem:0.02M, Peak:0.02M | Scene, ViewLayer | Synchronizing object | Ivory eye.001
Fra:19 Mem:29.33M (Peak 29.33M) | Time:00:00.01 | Mem:0.02M, Peak:0.02M | Scene, ViewLayer | Synchronizing object | Iris.001
Fra:19 Mem:29.36M (Peak 29.36M) | Time:00:00.01 | Mem:0.02M, Peak:0.02M | Scene, ViewLayer | Synchronizing object | Pupil.001
Fra:19 Mem:29.40M (Peak 29.40M) | Time:00:00.01 | Mem:0.02M, Peak:0.02M | Scene, ViewLayer | Synchronizing object | Eye glint.001
Fra:19 Mem:29.41M (Peak 29.41M) | Time:00:00.01 | Mem:0.02M, Peak:0.02M | Scene, ViewLayer | Synchronizing object | Expressive brow.001
Fra:19 Mem:29.41M (Peak 29.41M) | Time:00:00.01 | Mem:0.02M, Peak:0.02M | Scene, ViewLayer | Synchronizing object | Neckerchief folded point
Fra:19 Mem:29.42M (Peak 29.42M) | Time:00:00.01 | Mem:0.02M, Peak:0.02M | Scene, ViewLayer | Synchronizing object | Smiling mouth.001
Fra:19 Mem:29.44M (Peak 29.44M) | Time:00:00.01 | Mem:0.02M, Peak:0.02M | Scene, ViewLayer | Synchronizing object | Whisker pore.003
Fra:19 Mem:29.46M (Peak 29.46M) | Time:00:00.01 | Mem:0.02M, Peak:0.02M | Scene, ViewLayer | Synchronizing object | Whisker pore.004
Fra:19 Mem:29.46M (Peak 29.46M) | Time:00:00.01 | Mem:0.02M, Peak:0.02M | Scene, ViewLayer | Synchronizing object | Whisker pore.005
Fra:19 Mem:29.47M (Peak 29.47M) | Time:00:00.01 | Mem:0.02M, Peak:0.02M | Scene, ViewLayer | Synchronizing object | Mouth cavity
Fra:19 Mem:29.53M (Peak 29.53M) | Time:00:00.01 | Mem:0.02M, Peak:0.02M | Scene, ViewLayer | Synchronizing object | Lower canine
Fra:19 Mem:29.53M (Peak 29.53M) | Time:00:00.01 | Mem:0.02M, Peak:0.02M | Scene, ViewLayer | Synchronizing object | Lower canine.001
Fra:19 Mem:29.55M (Peak 29.55M) | Time:00:00.01 | Mem:0.02M, Peak:0.02M | Scene, ViewLayer | Synchronizing object | Pointed species ear
Fra:19 Mem:29.55M (Peak 29.55M) | Time:00:00.01 | Mem:0.02M, Peak:0.02M | Scene, ViewLayer | Synchronizing object | Articulated tail
Fra:19 Mem:29.55M (Peak 29.55M) | Time:00:00.01 | Mem:0.02M, Peak:0.02M | Scene, ViewLayer | Synchronizing object | Inner ear.001
Fra:19 Mem:29.58M (Peak 29.58M) | Time:00:00.01 | Mem:0.02M, Peak:0.02M | Scene, ViewLayer | Synchronizing object | Swept cheek ruff
Fra:19 Mem:29.58M (Peak 29.58M) | Time:00:00.01 | Mem:0.02M, Peak:0.02M | Scene, ViewLayer | Synchronizing object | Swept cheek ruff.001
Fra:19 Mem:29.62M (Peak 29.62M) | Time:00:00.01 | Mem:0.02M, Peak:0.02M | Scene, ViewLayer | Synchronizing object | Swept cheek ruff.002
Fra:19 Mem:29.62M (Peak 29.62M) | Time:00:00.01 | Mem:0.02M, Peak:0.02M | Scene, ViewLayer | Synchronizing object | Swept cheek ruff.004
Fra:19 Mem:29.64M (Peak 29.64M) | Time:00:00.01 | Mem:0.02M, Peak:0.02M | Scene, ViewLayer | Synchronizing object | Swept cheek ruff.005
Fra:19 Mem:29.63M (Peak 29.64M) | Time:00:00.01 | Mem:0.02M, Peak:0.02M | Scene, ViewLayer | Synchronizing object | Swept cheek ruff.007
Fra:19 Mem:29.65M (Peak 29.65M) | Time:00:00.01 | Mem:0.02M, Peak:0.02M | Scene, ViewLayer | Synchronizing object | Ice swept crest
Fra:19 Mem:29.64M (Peak 29.65M) | Time:00:00.01 | Mem:0.02M, Peak:0.02M | Scene, ViewLayer | Synchronizing object | Ice swept crest.001
Fra:19 Mem:29.65M (Peak 29.65M) | Time:00:00.01 | Mem:0.02M, Peak:0.02M | Scene, ViewLayer | Synchronizing object | Ice swept crest.002
Fra:19 Mem:29.64M (Peak 29.65M) | Time:00:00.01 | Mem:0.02M, Peak:0.02M | Scene, ViewLayer | Synchronizing object | Ice swept crest.003
Fra:19 Mem:29.66M (Peak 29.66M) | Time:00:00.01 | Mem:0.02M, Peak:0.02M | Scene, ViewLayer | Synchronizing object | Ice swept crest.005
Fra:19 Mem:29.67M (Peak 29.67M) | Time:00:00.01 | Mem:0.02M, Peak:0.02M | Scene, ViewLayer | Synchronizing object | Wrist fur.011
Fra:19 Mem:29.68M (Peak 29.68M) | Time:00:00.01 | Mem:0.02M, Peak:0.02M | Scene, ViewLayer | Synchronizing object | Layered shoulder fur.001
Fra:19 Mem:29.68M (Peak 29.68M) | Time:00:00.01 | Mem:0.02M, Peak:0.02M | Scene, ViewLayer | Synchronizing object | Wrist fur.010
Fra:19 Mem:29.69M (Peak 29.69M) | Time:00:00.01 | Mem:0.02M, Peak:0.02M | Scene, ViewLayer | Synchronizing object | Layered shoulder fur.002
Fra:19 Mem:29.70M (Peak 29.70M) | Time:00:00.01 | Mem:0.02M, Peak:0.02M | Scene, ViewLayer | Synchronizing object | Wrist fur.001
Fra:19 Mem:29.69M (Peak 29.70M) | Time:00:00.01 | Mem:0.02M, Peak:0.02M | Scene, ViewLayer | Synchronizing object | Wrist fur.002
Fra:19 Mem:29.70M (Peak 29.70M) | Time:00:00.01 | Mem:0.02M, Peak:0.02M | Scene, ViewLayer | Synchronizing object | Layered shoulder fur.003
Fra:19 Mem:29.71M (Peak 29.71M) | Time:00:00.01 | Mem:0.02M, Peak:0.02M | Scene, ViewLayer | Synchronizing object | Wrist fur.009
Fra:19 Mem:29.71M (Peak 29.71M) | Time:00:00.01 | Mem:0.02M, Peak:0.02M | Scene, ViewLayer | Synchronizing object | Layered shoulder fur.005
Fra:19 Mem:29.72M (Peak 29.72M) | Time:00:00.01 | Mem:0.02M, Peak:0.02M | Scene, ViewLayer | Synchronizing object | Layered shoulder fur.011
Fra:19 Mem:29.72M (Peak 29.72M) | Time:00:00.01 | Mem:0.02M, Peak:0.02M | Scene, ViewLayer | Synchronizing object | Wrist fur.004
Fra:19 Mem:29.73M (Peak 29.73M) | Time:00:00.01 | Mem:0.02M, Peak:0.02M | Scene, ViewLayer | Synchronizing object | Wrist fur.005
Fra:19 Mem:29.73M (Peak 29.73M) | Time:00:00.01 | Mem:0.02M, Peak:0.02M | Scene, ViewLayer | Synchronizing object | Layered shoulder fur.007
Fra:19 Mem:29.74M (Peak 29.74M) | Time:00:00.01 | Mem:0.02M, Peak:0.02M | Scene, ViewLayer | Synchronizing object | Wrist fur.006
Fra:19 Mem:29.75M (Peak 29.75M) | Time:00:00.01 | Mem:0.02M, Peak:0.02M | Scene, ViewLayer | Synchronizing object | Wrist fur.008
Fra:19 Mem:29.75M (Peak 29.75M) | Time:00:00.01 | Mem:0.02M, Peak:0.02M | Scene, ViewLayer | Synchronizing object | Layered shoulder fur.009
Fra:19 Mem:29.75M (Peak 29.75M) | Time:00:00.01 | Mem:0.02M, Peak:0.02M | Scene, ViewLayer | Synchronizing object | Layered shoulder fur.010
Fra:19 Mem:29.78M (Peak 29.78M) | Time:00:00.01 | Mem:0.02M, Peak:0.02M | Scene, ViewLayer | Initializing
Fra:19 Mem:28.18M (Peak 29.78M) | Time:00:00.01 | Mem:0.02M, Peak:0.02M | Scene, ViewLayer | Updating Images | Loading Authored short-fur normal
Fra:19 Mem:24.55M (Peak 29.78M) | Time:00:00.01 | Mem:0.27M, Peak:0.27M | Scene, ViewLayer | Waiting for render to start
Fra:19 Mem:24.55M (Peak 29.78M) | Time:00:00.01 | Mem:0.27M, Peak:0.27M | Scene, ViewLayer | Updating Scene
Fra:19 Mem:24.55M (Peak 29.78M) | Time:00:00.01 | Mem:0.27M, Peak:0.27M | Scene, ViewLayer | Updating Shaders
Fra:19 Mem:24.55M (Peak 29.78M) | Time:00:00.01 | Mem:0.27M, Peak:0.27M | Scene, ViewLayer | Loading render kernels (may take a few minutes the first time)
Fra:19 Mem:24.63M (Peak 29.78M) | Time:00:00.08 | Mem:0.28M, Peak:0.28M | Scene, ViewLayer | Updating Procedurals
Fra:19 Mem:24.63M (Peak 29.78M) | Time:00:00.08 | Mem:0.28M, Peak:0.28M | Scene, ViewLayer | Updating Background
Fra:19 Mem:24.63M (Peak 29.78M) | Time:00:00.08 | Mem:0.28M, Peak:0.28M | Scene, ViewLayer | Updating Camera
Fra:19 Mem:24.63M (Peak 29.78M) | Time:00:00.08 | Mem:0.28M, Peak:0.28M | Scene, ViewLayer | Updating Meshes Flags
Fra:19 Mem:24.63M (Peak 29.78M) | Time:00:00.08 | Mem:0.28M, Peak:0.28M | Scene, ViewLayer | Updating Objects
Fra:19 Mem:24.63M (Peak 29.78M) | Time:00:00.08 | Mem:0.28M, Peak:0.28M | Scene, ViewLayer | Updating Objects | Copying Transformations to device
Fra:19 Mem:24.63M (Peak 29.78M) | Time:00:00.08 | Mem:0.31M, Peak:0.31M | Scene, ViewLayer | Updating Particle Systems
Fra:19 Mem:24.63M (Peak 29.78M) | Time:00:00.08 | Mem:0.31M, Peak:0.31M | Scene, ViewLayer | Updating Particle Systems | Copying Particles to device
Fra:19 Mem:24.63M (Peak 29.78M) | Time:00:00.08 | Mem:0.31M, Peak:0.31M | Scene, ViewLayer | Updating Meshes
Fra:19 Mem:25.40M (Peak 29.78M) | Time:00:00.09 | Mem:0.31M, Peak:0.31M | Scene, ViewLayer | Updating Objects | Applying Static Transformations
Fra:19 Mem:25.40M (Peak 29.78M) | Time:00:00.09 | Mem:0.31M, Peak:0.31M | Scene, ViewLayer | Updating Mesh | Computing attributes
Fra:19 Mem:26.48M (Peak 29.78M) | Time:00:00.09 | Mem:0.33M, Peak:0.33M | Scene, ViewLayer | Updating Mesh | Copying Attributes to device
Fra:19 Mem:25.40M (Peak 29.78M) | Time:00:00.21 | Mem:1.42M, Peak:1.42M | Scene, ViewLayer | Updating Geometry BVH ribcage.001 2/100 | Building BVH
Fra:19 Mem:25.40M (Peak 29.78M) | Time:00:00.21 | Mem:1.42M, Peak:1.42M | Scene, ViewLayer | Updating Geometry BVH Ivory claw.014 8/104 | Building BVH
Fra:19 Mem:25.40M (Peak 29.78M) | Time:00:00.21 | Mem:1.42M, Peak:1.42M | Scene, ViewLayer | Updating Geometry BVH Warm rim 104/104 | Building BVH
Fra:19 Mem:25.40M (Peak 29.78M) | Time:00:00.21 | Mem:1.42M, Peak:1.42M | Scene, ViewLayer | Updating Geometry BVH Sky fill 103/104 | Building BVH
Fra:19 Mem:25.40M (Peak 29.78M) | Time:00:00.21 | Mem:1.42M, Peak:1.42M | Scene, ViewLayer | Updating Geometry BVH Sunset key 102/104 | Building BVH
Fra:19 Mem:25.40M (Peak 29.78M) | Time:00:00.21 | Mem:1.42M, Peak:1.42M | Scene, ViewLayer | Updating Geometry BVH Plane 101/104 | Building BVH
Fra:19 Mem:25.40M (Peak 29.78M) | Time:00:00.21 | Mem:1.42M, Peak:1.42M | Scene, ViewLayer | Updating Geometry BVH Plane 101/104 | Building mesh BLAS |    4170 tris | ribcage.001
Fra:19 Mem:25.40M (Peak 29.78M) | Time:00:00.21 | Mem:1.42M, Peak:1.42M | Scene, ViewLayer | Updating Geometry BVH Plane 101/104 | Building mesh BLAS |       2 tris | Plane
Fra:19 Mem:25.40M (Peak 29.78M) | Time:00:00.21 | Mem:1.42M, Peak:1.42M | Scene, ViewLayer | Updating Geometry BVH Plane 101/104 | Building mesh BLAS |     192 tris | Paw toe.014
Fra:19 Mem:25.40M (Peak 29.78M) | Time:00:00.21 | Mem:1.42M, Peak:1.42M | Scene, ViewLayer | Updating Geometry BVH Plane 101/104 | Building mesh BLAS |      32 tris | Ivory claw.014
Fra:19 Mem:25.40M (Peak 29.78M) | Time:00:00.21 | Mem:1.42M, Peak:1.42M | Scene, ViewLayer | Updating Geometry BVH Plane 101/104 | Building mesh BLAS |     192 tris | Paw toe.012
Fra:19 Mem:25.40M (Peak 29.78M) | Time:00:00.21 | Mem:1.42M, Peak:1.42M | Scene, ViewLayer | Updating Geometry BVH Plane 101/104 | Building mesh BLAS |      32 tris | Ivory claw.013
Fra:19 Mem:25.40M (Peak 29.78M) | Time:00:00.21 | Mem:1.42M, Peak:1.42M | Scene, ViewLayer | Updating Geometry BVH Plane 101/104 | Building mesh BLAS |     192 tris | Paw toe.013
Fra:19 Mem:25.40M (Peak 29.78M) | Time:00:00.21 | Mem:1.42M, Peak:1.42M | Scene, ViewLayer | Updating Geometry BVH Plane 101/104 | Building mesh BLAS |      32 tris | Ivory claw.012
Fra:19 Mem:25.40M (Peak 29.78M) | Time:00:00.21 | Mem:1.42M, Peak:1.42M | Scene, ViewLayer | Updating Geometry BVH Raised elemental crest.001 100/104 | Building BVH
Fra:19 Mem:25.40M (Peak 29.78M) | Time:00:00.21 | Mem:1.42M, Peak:1.42M | Scene, ViewLayer | Updating Geometry BVH Paw toe.015 9/104 | Building BVH
Fra:19 Mem:25.40M (Peak 29.78M) | Time:00:00.21 | Mem:1.42M, Peak:1.42M | Scene, ViewLayer | Updating Geometry BVH Paw toe.015 9/104 | Building mesh BLAS |      26 tris | Raised elemental crest.001
Fra:19 Mem:25.40M (Peak 29.78M) | Time:00:00.21 | Mem:1.42M, Peak:1.42M | Scene, ViewLayer | Updating Geometry BVH Ivory claw.015 10/104 | Building BVH
Fra:19 Mem:25.40M (Peak 29.78M) | Time:00:00.21 | Mem:1.42M, Peak:1.42M | Scene, ViewLayer | Updating Geometry BVH Ivory claw.015 10/104 | Building mesh BLAS |     192 tris | Paw toe.015
Fra:19 Mem:25.40M (Peak 29.78M) | Time:00:00.21 | Mem:1.42M, Peak:1.42M | Scene, ViewLayer | Updating Geometry BVH Paw toe.016 11/104 | Building BVH
Fra:19 Mem:25.40M (Peak 29.78M) | Time:00:00.21 | Mem:1.42M, Peak:1.42M | Scene, ViewLayer | Updating Geometry BVH Paw toe.016 11/104 | Building mesh BLAS |     192 tris | Paw toe.016
Fra:19 Mem:25.40M (Peak 29.78M) | Time:00:00.21 | Mem:1.42M, Peak:1.42M | Scene, ViewLayer | Updating Geometry BVH Ivory claw.016 12/104 | Building BVH
Fra:19 Mem:25.40M (Peak 29.78M) | Time:00:00.21 | Mem:1.42M, Peak:1.42M | Scene, ViewLayer | Updating Geometry BVH Ivory claw.016 12/104 | Building mesh BLAS |      32 tris | Ivory claw.016
Fra:19 Mem:25.40M (Peak 29.78M) | Time:00:00.21 | Mem:1.42M, Peak:1.42M | Scene, ViewLayer | Updating Geometry BVH Paw toe.017 13/104 | Building BVH
Fra:19 Mem:25.40M (Peak 29.78M) | Time:00:00.21 | Mem:1.42M, Peak:1.42M | Scene, ViewLayer | Updating Geometry BVH Paw toe.017 13/104 | Building mesh BLAS |     192 tris | Paw toe.017
Fra:19 Mem:25.40M (Peak 29.78M) | Time:00:00.21 | Mem:1.42M, Peak:1.42M | Scene, ViewLayer | Updating Geometry BVH Brass crest clasp.001 99/104 | Building BVH
Fra:19 Mem:25.40M (Peak 29.78M) | Time:00:00.21 | Mem:1.42M, Peak:1.42M | Scene, ViewLayer | Updating Geometry BVH Brass crest clasp.001 99/104 | Building mesh BLAS |     320 tris | Brass crest clasp.001
Fra:19 Mem:25.40M (Peak 29.78M) | Time:00:00.21 | Mem:1.42M, Peak:1.42M | Scene, ViewLayer | Updating Geometry BVH Paw toe.018 15/104 | Building BVH
Fra:19 Mem:25.40M (Peak 29.78M) | Time:00:00.21 | Mem:1.42M, Peak:1.42M | Scene, ViewLayer | Updating Geometry BVH Paw toe.018 15/104 | Building mesh BLAS |     192 tris | Paw toe.018
Fra:19 Mem:25.40M (Peak 29.78M) | Time:00:00.21 | Mem:1.42M, Peak:1.42M | Scene, ViewLayer | Updating Geometry BVH Ivory claw.018 16/104 | Building BVH
Fra:19 Mem:25.40M (Peak 29.78M) | Time:00:00.21 | Mem:1.42M, Peak:1.42M | Scene, ViewLayer | Updating Geometry BVH Ivory claw.018 16/104 | Building mesh BLAS |      32 tris | Ivory claw.018
Fra:19 Mem:25.40M (Peak 29.78M) | Time:00:00.22 | Mem:1.42M, Peak:1.42M | Scene, ViewLayer | Updating Geometry BVH Paw toe.019 17/104 | Building mesh BLAS |      32 tris | Ivory claw.017
Fra:19 Mem:25.40M (Peak 29.78M) | Time:00:00.22 | Mem:1.42M, Peak:1.42M | Scene, ViewLayer | Updating Geometry BVH Ivory claw.019 18/104 | Building BVH
Fra:19 Mem:25.40M (Peak 29.78M) | Time:00:00.22 | Mem:1.42M, Peak:1.42M | Scene, ViewLayer | Updating Geometry BVH Paw toe.020 19/104 | Building mesh BLAS |     192 tris | Paw toe.019
Fra:19 Mem:25.40M (Peak 29.78M) | Time:00:00.22 | Mem:1.42M, Peak:1.42M | Scene, ViewLayer | Updating Geometry BVH Ivory claw.020 20/104 | Building BVH
Fra:19 Mem:25.40M (Peak 29.78M) | Time:00:00.22 | Mem:1.42M, Peak:1.42M | Scene, ViewLayer | Updating Geometry BVH Ivory claw.020 20/104 | Building mesh BLAS |     192 tris | Paw toe.020
Fra:19 Mem:25.40M (Peak 29.78M) | Time:00:00.22 | Mem:1.42M, Peak:1.42M | Scene, ViewLayer | Updating Geometry BVH Ivory claw.021 22/104 | Building BVH
Fra:19 Mem:25.40M (Peak 29.78M) | Time:00:00.22 | Mem:1.42M, Peak:1.42M | Scene, ViewLayer | Updating Geometry BVH Neckerchief folded point.001 98/104 | Building BVH
Fra:19 Mem:25.40M (Peak 29.78M) | Time:00:00.22 | Mem:1.42M, Peak:1.42M | Scene, ViewLayer | Updating Geometry BVH Paw toe.022 23/104 | Building BVH
Fra:19 Mem:25.40M (Peak 29.78M) | Time:00:00.22 | Mem:1.42M, Peak:1.42M | Scene, ViewLayer | Updating Geometry BVH Paw toe.022 23/104 | Building mesh BLAS |       4 tris | Neckerchief folded point.001
Fra:19 Mem:25.40M (Peak 29.78M) | Time:00:00.22 | Mem:1.42M, Peak:1.42M | Scene, ViewLayer | Updating Geometry BVH Paw toe.022 23/104 | Building mesh BLAS |     192 tris | Paw toe.022
Fra:19 Mem:25.40M (Peak 29.78M) | Time:00:00.22 | Mem:1.42M, Peak:1.42M | Scene, ViewLayer | Updating Geometry BVH Paw toe.022 23/104 | Building mesh BLAS |      32 tris | Ivory claw.021
Fra:19 Mem:25.40M (Peak 29.78M) | Time:00:00.22 | Mem:1.42M, Peak:1.42M | Scene, ViewLayer | Updating Geometry BVH Ivory claw.022 24/104 | Building BVH
Fra:19 Mem:25.40M (Peak 29.78M) | Time:00:00.22 | Mem:1.42M, Peak:1.42M | Scene, ViewLayer | Updating Geometry BVH Ivory claw.022 24/104 | Building mesh BLAS |      32 tris | Ivory claw.022
Fra:19 Mem:25.40M (Peak 29.78M) | Time:00:00.22 | Mem:1.42M, Peak:1.42M | Scene, ViewLayer | Updating Geometry BVH Paw toe.023 25/104 | Building BVH
Fra:19 Mem:25.40M (Peak 29.78M) | Time:00:00.22 | Mem:1.42M, Peak:1.42M | Scene, ViewLayer | Updating Geometry BVH Ivory claw.023 26/104 | Building BVH
Fra:19 Mem:25.40M (Peak 29.78M) | Time:00:00.22 | Mem:1.42M, Peak:1.42M | Scene, ViewLayer | Updating Geometry BVH Ivory claw.023 26/104 | Building mesh BLAS |     192 tris | Paw toe.023
Fra:19 Mem:25.40M (Peak 29.78M) | Time:00:00.22 | Mem:1.42M, Peak:1.42M | Scene, ViewLayer | Updating Geometry BVH Ivory claw.023 26/104 | Building mesh BLAS |      32 tris | Ivory claw.023
Fra:19 Mem:25.40M (Peak 29.78M) | Time:00:00.22 | Mem:1.42M, Peak:1.42M | Scene, ViewLayer | Updating Geometry BVH Leather neckerchief roll.001 97/104 | Building BVH
Fra:19 Mem:25.40M (Peak 29.78M) | Time:00:00.22 | Mem:1.42M, Peak:1.42M | Scene, ViewLayer | Updating Geometry BVH Leather neckerchief roll.001 97/104 | Building mesh BLAS |      76 tris | Leather neckerchief roll.001
Fra:19 Mem:25.40M (Peak 29.78M) | Time:00:00.22 | Mem:1.42M, Peak:1.42M | Scene, ViewLayer | Updating Geometry BVH Skull.001 27/104 | Building BVH
Fra:19 Mem:25.40M (Peak 29.78M) | Time:00:00.22 | Mem:1.42M, Peak:1.42M | Scene, ViewLayer | Updating Geometry BVH Eye socket.002 30/104 | Building BVH
Fra:19 Mem:25.40M (Peak 29.78M) | Time:00:00.22 | Mem:1.42M, Peak:1.42M | Scene, ViewLayer | Updating Geometry BVH Ivory eye.002 31/104 | Building BVH
Fra:19 Mem:25.40M (Peak 29.78M) | Time:00:00.22 | Mem:1.42M, Peak:1.42M | Scene, ViewLayer | Updating Geometry BVH Ivory eye.002 31/104 | Building mesh BLAS |     480 tris | Eye socket.002
Fra:19 Mem:25.40M (Peak 29.78M) | Time:00:00.22 | Mem:1.42M, Peak:1.42M | Scene, ViewLayer | Updating Geometry BVH Ivory eye.002 31/104 | Building mesh BLAS |     480 tris | Ivory eye.002
Fra:19 Mem:25.40M (Peak 29.78M) | Time:00:00.22 | Mem:1.42M, Peak:1.42M | Scene, ViewLayer | Updating Geometry BVH Ivory eye.002 31/104 | Building mesh BLAS |     480 tris | Frost muzzle
Fra:19 Mem:25.40M (Peak 29.78M) | Time:00:00.22 | Mem:1.42M, Peak:1.42M | Scene, ViewLayer | Updating Geometry BVH Iris.002 32/104 | Building BVH
Fra:19 Mem:25.40M (Peak 29.78M) | Time:00:00.22 | Mem:1.42M, Peak:1.42M | Scene, ViewLayer | Updating Geometry BVH Iris.002 32/104 | Building mesh BLAS |     480 tris | Iris.002
Fra:19 Mem:25.40M (Peak 29.78M) | Time:00:00.22 | Mem:1.42M, Peak:1.42M | Scene, ViewLayer | Updating Geometry BVH Iris.002 32/104 | Building mesh BLAS |     268 tris | Articulated tail.001
Fra:19 Mem:25.40M (Peak 29.78M) | Time:00:00.22 | Mem:1.42M, Peak:1.42M | Scene, ViewLayer | Updating Geometry BVH Pupil.002 33/104 | Building BVH
Fra:19 Mem:25.40M (Peak 29.78M) | Time:00:00.22 | Mem:1.42M, Peak:1.42M | Scene, ViewLayer | Updating Geometry BVH Pupil.002 33/104 | Building mesh BLAS |     320 tris | Pupil.002
Fra:19 Mem:25.40M (Peak 29.78M) | Time:00:00.22 | Mem:1.42M, Peak:1.42M | Scene, ViewLayer | Updating Geometry BVH Eye glint.002 34/104 | Building BVH
Fra:19 Mem:25.40M (Peak 29.78M) | Time:00:00.22 | Mem:1.42M, Peak:1.42M | Scene, ViewLayer | Updating Geometry BVH Expressive brow.002 35/104 | Building BVH
Fra:19 Mem:25.40M (Peak 29.78M) | Time:00:00.22 | Mem:1.42M, Peak:1.42M | Scene, ViewLayer | Updating Geometry BVH Expressive brow.002 35/104 | Building mesh BLAS |       6 tris | Heart shaped nose.001
Fra:19 Mem:25.40M (Peak 29.78M) | Time:00:00.22 | Mem:1.42M, Peak:1.42M | Scene, ViewLayer | Updating Geometry BVH Expressive brow.002 35/104 | Building mesh BLAS |      44 tris | Expressive brow.002
Fra:19 Mem:25.40M (Peak 29.78M) | Time:00:00.22 | Mem:1.42M, Peak:1.42M | Scene, ViewLayer | Updating Geometry BVH Expressive brow.002 35/104 | Building mesh BLAS |     192 tris | Eye glint.002
Fra:19 Mem:25.40M (Peak 29.78M) | Time:00:00.22 | Mem:1.42M, Peak:1.42M | Scene, ViewLayer | Updating Geometry BVH Smiling mouth.002 36/104 | Building BVH
Fra:19 Mem:25.40M (Peak 29.78M) | Time:00:00.22 | Mem:1.42M, Peak:1.42M | Scene, ViewLayer | Updating Geometry BVH Smiling mouth.002 36/104 | Building mesh BLAS |      32 tris | Smiling mouth.002
Fra:19 Mem:25.40M (Peak 29.78M) | Time:00:00.22 | Mem:1.42M, Peak:1.42M | Scene, ViewLayer | Updating Geometry BVH Whisker pore.006 37/104 | Building BVH
Fra:19 Mem:25.40M (Peak 29.78M) | Time:00:00.22 | Mem:1.42M, Peak:1.42M | Scene, ViewLayer | Updating Geometry BVH Whisker pore.008 39/104 | Building BVH
Fra:19 Mem:25.40M (Peak 29.78M) | Time:00:00.22 | Mem:1.42M, Peak:1.42M | Scene, ViewLayer | Updating Geometry BVH Whisker pore.008 39/104 | Building mesh BLAS |      64 tris | Whisker pore.008
Fra:19 Mem:25.40M (Peak 29.78M) | Time:00:00.22 | Mem:1.42M, Peak:1.42M | Scene, ViewLayer | Updating Geometry BVH Whisker pore.008 39/104 | Building mesh BLAS |      64 tris | Whisker pore.006
Fra:19 Mem:25.40M (Peak 29.78M) | Time:00:00.22 | Mem:1.42M, Peak:1.42M | Scene, ViewLayer | Updating Geometry BVH Eye socket.003 40/104 | Building BVH
Fra:19 Mem:25.40M (Peak 29.78M) | Time:00:00.22 | Mem:1.42M, Peak:1.42M | Scene, ViewLayer | Updating Geometry BVH Eye socket.003 40/104 | Building mesh BLAS |     480 tris | Eye socket.003
Fra:19 Mem:25.40M (Peak 29.78M) | Time:00:00.22 | Mem:1.42M, Peak:1.42M | Scene, ViewLayer | Updating Geometry BVH Eye socket.003 40/104 | Building mesh BLAS |      64 tris | Whisker pore.007
Fra:19 Mem:25.40M (Peak 29.78M) | Time:00:00.22 | Mem:1.42M, Peak:1.42M | Scene, ViewLayer | Updating Geometry BVH Ivory eye.003 41/104 | Building BVH
Fra:19 Mem:25.40M (Peak 29.78M) | Time:00:00.22 | Mem:1.42M, Peak:1.42M | Scene, ViewLayer | Updating Geometry BVH Iris.003 42/104 | Building BVH
Fra:19 Mem:25.40M (Peak 29.78M) | Time:00:00.22 | Mem:1.42M, Peak:1.42M | Scene, ViewLayer | Updating Geometry BVH Iris.003 42/104 | Building mesh BLAS |     480 tris | Ivory eye.003
Fra:19 Mem:25.40M (Peak 29.78M) | Time:00:00.22 | Mem:1.42M, Peak:1.42M | Scene, ViewLayer | Updating Geometry BVH Iris.003 42/104 | Building mesh BLAS |     480 tris | Iris.003
Fra:19 Mem:25.40M (Peak 29.78M) | Time:00:00.22 | Mem:1.42M, Peak:1.42M | Scene, ViewLayer | Updating Geometry BVH Pupil.003 43/104 | Building BVH
Fra:19 Mem:25.40M (Peak 29.78M) | Time:00:00.22 | Mem:1.42M, Peak:1.42M | Scene, ViewLayer | Updating Geometry BVH Pupil.003 43/104 | Building mesh BLAS |     320 tris | Pupil.003
Fra:19 Mem:25.40M (Peak 29.78M) | Time:00:00.22 | Mem:1.42M, Peak:1.42M | Scene, ViewLayer | Updating Geometry BVH Wrist fur.023 95/104 | Building BVH
Fra:19 Mem:25.40M (Peak 29.78M) | Time:00:00.22 | Mem:1.42M, Peak:1.42M | Scene, ViewLayer | Updating Geometry BVH Eye glint.003 44/104 | Building BVH
Fra:19 Mem:25.40M (Peak 29.78M) | Time:00:00.22 | Mem:1.42M, Peak:1.42M | Scene, ViewLayer | Updating Geometry BVH Eye glint.003 44/104 | Building mesh BLAS |      44 tris | Wrist fur.023
Fra:19 Mem:25.40M (Peak 29.78M) | Time:00:00.22 | Mem:1.42M, Peak:1.42M | Scene, ViewLayer | Updating Geometry BVH Expressive brow.003 45/104 | Building BVH
Fra:19 Mem:25.40M (Peak 29.78M) | Time:00:00.22 | Mem:1.42M, Peak:1.42M | Scene, ViewLayer | Updating Geometry BVH Expressive brow.003 45/104 | Building mesh BLAS |      44 tris | Expressive brow.003
Fra:19 Mem:25.40M (Peak 29.78M) | Time:00:00.22 | Mem:1.42M, Peak:1.42M | Scene, ViewLayer | Updating Geometry BVH Smiling mouth.003 46/104 | Building BVH
Fra:19 Mem:25.40M (Peak 29.78M) | Time:00:00.22 | Mem:1.42M, Peak:1.42M | Scene, ViewLayer | Updating Geometry BVH Whisker pore.009 47/104 | Building BVH
Fra:19 Mem:25.40M (Peak 29.78M) | Time:00:00.22 | Mem:1.42M, Peak:1.42M | Scene, ViewLayer | Updating Geometry BVH Whisker pore.009 47/104 | Building mesh BLAS |      64 tris | Whisker pore.009
Fra:19 Mem:25.40M (Peak 29.78M) | Time:00:00.22 | Mem:1.42M, Peak:1.42M | Scene, ViewLayer | Updating Geometry BVH Whisker pore.010 48/104 | Building BVH
Fra:19 Mem:25.40M (Peak 29.78M) | Time:00:00.22 | Mem:1.42M, Peak:1.42M | Scene, ViewLayer | Updating Geometry BVH Whisker pore.010 48/104 | Building mesh BLAS |      64 tris | Whisker pore.010
Fra:19 Mem:25.40M (Peak 29.78M) | Time:00:00.22 | Mem:1.42M, Peak:1.42M | Scene, ViewLayer | Updating Geometry BVH Whisker pore.011 49/104 | Building BVH
Fra:19 Mem:25.40M (Peak 29.78M) | Time:00:00.22 | Mem:1.42M, Peak:1.42M | Scene, ViewLayer | Updating Geometry BVH Wrist fur.022 94/104 | Building mesh BLAS |      64 tris | Whisker pore.011
Fra:19 Mem:25.40M (Peak 29.78M) | Time:00:00.22 | Mem:1.42M, Peak:1.42M | Scene, ViewLayer | Updating Geometry BVH Lower jaw.001 50/104 | Building BVH
Fra:19 Mem:25.40M (Peak 29.78M) | Time:00:00.22 | Mem:1.42M, Peak:1.42M | Scene, ViewLayer | Updating Geometry BVH Lower jaw.001 50/104 | Building mesh BLAS |     400 tris | Lower jaw.001
Fra:19 Mem:25.40M (Peak 29.78M) | Time:00:00.22 | Mem:1.42M, Peak:1.42M | Scene, ViewLayer | Updating Geometry BVH Mouth cavity.001 51/104 | Building BVH
Fra:19 Mem:25.40M (Peak 29.78M) | Time:00:00.22 | Mem:1.42M, Peak:1.42M | Scene, ViewLayer | Updating Geometry BVH Mouth cavity.001 51/104 | Building mesh BLAS |     360 tris | Mouth cavity.001
Fra:19 Mem:25.40M (Peak 29.78M) | Time:00:00.22 | Mem:1.42M, Peak:1.42M | Scene, ViewLayer | Updating Geometry BVH Lower canine.002 52/104 | Building BVH
Fra:19 Mem:25.40M (Peak 29.78M) | Time:00:00.22 | Mem:1.42M, Peak:1.42M | Scene, ViewLayer | Updating Geometry BVH Lower canine.002 52/104 | Building mesh BLAS |      38 tris | Lower canine.002
Fra:19 Mem:25.40M (Peak 29.78M) | Time:00:00.22 | Mem:1.42M, Peak:1.42M | Scene, ViewLayer | Updating Geometry BVH Lower canine.002 52/104 | Building mesh BLAS |      44 tris | Wrist fur.022
Fra:19 Mem:25.40M (Peak 29.78M) | Time:00:00.22 | Mem:1.42M, Peak:1.42M | Scene, ViewLayer | Updating Geometry BVH Lower canine.003 53/104 | Building BVH
Fra:19 Mem:25.40M (Peak 29.78M) | Time:00:00.22 | Mem:1.42M, Peak:1.42M | Scene, ViewLayer | Updating Geometry BVH Lower canine.003 53/104 | Building mesh BLAS |      38 tris | Lower canine.003
Fra:19 Mem:25.40M (Peak 29.78M) | Time:00:00.22 | Mem:1.42M, Peak:1.42M | Scene, ViewLayer | Updating Geometry BVH Pointed species ear 54/104 | Building BVH
Fra:19 Mem:25.40M (Peak 29.78M) | Time:00:00.22 | Mem:1.42M, Peak:1.42M | Scene, ViewLayer | Updating Geometry BVH Pointed species ear 54/104 | Building mesh BLAS |       6 tris | Pointed species ear
Fra:19 Mem:25.40M (Peak 29.78M) | Time:00:00.22 | Mem:1.42M, Peak:1.42M | Scene, ViewLayer | Updating Geometry BVH Inner ear 55/104 | Building BVH
Fra:19 Mem:25.40M (Peak 29.78M) | Time:00:00.22 | Mem:1.42M, Peak:1.42M | Scene, ViewLayer | Updating Geometry BVH Inner ear 55/104 | Building mesh BLAS |       3 tris | Inner ear
Fra:19 Mem:25.40M (Peak 29.78M) | Time:00:00.22 | Mem:1.42M, Peak:1.42M | Scene, ViewLayer | Updating Geometry BVH Pointed species ear.001 56/104 | Building BVH
Fra:19 Mem:25.40M (Peak 29.78M) | Time:00:00.22 | Mem:1.42M, Peak:1.42M | Scene, ViewLayer | Updating Geometry BVH Swept cheek ruff 58/104 | Building BVH
Fra:19 Mem:25.40M (Peak 29.78M) | Time:00:00.22 | Mem:1.42M, Peak:1.42M | Scene, ViewLayer | Updating Geometry BVH Swept cheek ruff 58/104 | Building mesh BLAS |       6 tris | Pointed species ear.001
Fra:19 Mem:25.40M (Peak 29.78M) | Time:00:00.22 | Mem:1.42M, Peak:1.42M | Scene, ViewLayer | Updating Geometry BVH Swept cheek ruff.002 60/104 | Building BVH
Fra:19 Mem:25.40M (Peak 29.78M) | Time:00:00.22 | Mem:1.42M, Peak:1.42M | Scene, ViewLayer | Updating Geometry BVH Swept cheek ruff.002 60/104 | Building mesh BLAS |      44 tris | Swept cheek ruff.002
Fra:19 Mem:25.40M (Peak 29.78M) | Time:00:00.22 | Mem:1.42M, Peak:1.42M | Scene, ViewLayer | Updating Geometry BVH Swept cheek ruff.002 60/104 | Building mesh BLAS |      44 tris | Swept cheek ruff.001
Fra:19 Mem:25.40M (Peak 29.78M) | Time:00:00.22 | Mem:1.42M, Peak:1.42M | Scene, ViewLayer | Updating Geometry BVH Swept cheek ruff.003 61/104 | Building BVH
Fra:19 Mem:25.40M (Peak 29.78M) | Time:00:00.22 | Mem:1.42M, Peak:1.42M | Scene, ViewLayer | Updating Geometry BVH Swept cheek ruff.003 61/104 | Building mesh BLAS |      44 tris | Swept cheek ruff.003
Fra:19 Mem:25.40M (Peak 29.78M) | Time:00:00.22 | Mem:1.42M, Peak:1.42M | Scene, ViewLayer | Updating Geometry BVH Swept cheek ruff.003 61/104 | Building mesh BLAS |       3 tris | Inner ear.001
Fra:19 Mem:25.40M (Peak 29.78M) | Time:00:00.22 | Mem:1.42M, Peak:1.42M | Scene, ViewLayer | Updating Geometry BVH Wrist fur.021 93/104 | Building BVH
Fra:19 Mem:25.40M (Peak 29.78M) | Time:00:00.22 | Mem:1.42M, Peak:1.42M | Scene, ViewLayer | Updating Geometry BVH Wrist fur.021 93/104 | Building mesh BLAS |      44 tris | Wrist fur.021
Fra:19 Mem:25.40M (Peak 29.78M) | Time:00:00.22 | Mem:1.42M, Peak:1.42M | Scene, ViewLayer | Updating Geometry BVH Swept cheek ruff.004 62/104 | Building BVH
Fra:19 Mem:25.40M (Peak 29.78M) | Time:00:00.22 | Mem:1.42M, Peak:1.42M | Scene, ViewLayer | Updating Geometry BVH Swept cheek ruff.004 62/104 | Building mesh BLAS |      44 tris | Swept cheek ruff.004
Fra:19 Mem:25.40M (Peak 29.78M) | Time:00:00.22 | Mem:1.42M, Peak:1.42M | Scene, ViewLayer | Updating Geometry BVH Swept cheek ruff.005 63/104 | Building BVH
Fra:19 Mem:25.40M (Peak 29.78M) | Time:00:00.22 | Mem:1.42M, Peak:1.42M | Scene, ViewLayer | Updating Geometry BVH Swept cheek ruff.005 63/104 | Building mesh BLAS |      44 tris | Swept cheek ruff.005
Fra:19 Mem:25.40M (Peak 29.78M) | Time:00:00.22 | Mem:1.42M, Peak:1.42M | Scene, ViewLayer | Updating Geometry BVH Swept cheek ruff.006 64/104 | Building BVH
Fra:19 Mem:25.40M (Peak 29.78M) | Time:00:00.22 | Mem:1.42M, Peak:1.42M | Scene, ViewLayer | Updating Geometry BVH Swept cheek ruff.006 64/104 | Building mesh BLAS |      44 tris | Swept cheek ruff.006
Fra:19 Mem:25.40M (Peak 29.78M) | Time:00:00.22 | Mem:1.42M, Peak:1.42M | Scene, ViewLayer | Updating Geometry BVH Swept cheek ruff.007 65/104 | Building BVH
Fra:19 Mem:25.40M (Peak 29.78M) | Time:00:00.22 | Mem:1.42M, Peak:1.42M | Scene, ViewLayer | Updating Geometry BVH Swept cheek ruff.007 65/104 | Building mesh BLAS |      44 tris | Swept cheek ruff.007
Fra:19 Mem:25.40M (Peak 29.78M) | Time:00:00.22 | Mem:1.42M, Peak:1.42M | Scene, ViewLayer | Updating Geometry BVH Ice swept crest 66/104 | Building BVH
Fra:19 Mem:25.40M (Peak 29.78M) | Time:00:00.22 | Mem:1.42M, Peak:1.42M | Scene, ViewLayer | Updating Geometry BVH Ice swept crest.001 67/104 | Building BVH
Fra:19 Mem:25.40M (Peak 29.78M) | Time:00:00.22 | Mem:1.42M, Peak:1.42M | Scene, ViewLayer | Updating Geometry BVH Ice swept crest.002 68/104 | Building BVH
Fra:19 Mem:25.40M (Peak 29.78M) | Time:00:00.22 | Mem:1.42M, Peak:1.42M | Scene, ViewLayer | Updating Geometry BVH Ice swept crest.002 68/104 | Building mesh BLAS |      44 tris | Ice swept crest
Fra:19 Mem:25.40M (Peak 29.78M) | Time:00:00.22 | Mem:1.42M, Peak:1.42M | Scene, ViewLayer | Updating Geometry BVH Ice swept crest.002 68/104 | Building mesh BLAS |      44 tris | Ice swept crest.001
Fra:19 Mem:25.40M (Peak 29.78M) | Time:00:00.22 | Mem:1.42M, Peak:1.42M | Scene, ViewLayer | Updating Geometry BVH Ice swept crest.002 68/104 | Building mesh BLAS |      44 tris | Ice swept crest.002
Fra:19 Mem:25.40M (Peak 29.78M) | Time:00:00.22 | Mem:1.42M, Peak:1.42M | Scene, ViewLayer | Updating Geometry BVH Ice swept crest.003 69/104 | Building BVH
Fra:19 Mem:25.40M (Peak 29.78M) | Time:00:00.22 | Mem:1.42M, Peak:1.42M | Scene, ViewLayer | Updating Geometry BVH Ice swept crest.003 69/104 | Building mesh BLAS |      44 tris | Ice swept crest.003
Fra:19 Mem:25.40M (Peak 29.78M) | Time:00:00.22 | Mem:1.42M, Peak:1.42M | Scene, ViewLayer | Updating Geometry BVH Ice swept crest.004 70/104 | Building BVH
Fra:19 Mem:25.40M (Peak 29.78M) | Time:00:00.22 | Mem:1.42M, Peak:1.42M | Scene, ViewLayer | Updating Geometry BVH Ice swept crest.004 70/104 | Building mesh BLAS |      44 tris | Ice swept crest.004
Fra:19 Mem:25.40M (Peak 29.78M) | Time:00:00.22 | Mem:1.42M, Peak:1.42M | Scene, ViewLayer | Updating Geometry BVH Ice swept crest.005 71/104 | Building BVH
Fra:19 Mem:25.40M (Peak 29.78M) | Time:00:00.22 | Mem:1.42M, Peak:1.42M | Scene, ViewLayer | Updating Geometry BVH Ice swept crest.005 71/104 | Building mesh BLAS |      44 tris | Ice swept crest.005
Fra:19 Mem:25.40M (Peak 29.78M) | Time:00:00.22 | Mem:1.42M, Peak:1.42M | Scene, ViewLayer | Updating Geometry BVH Layered shoulder fur.012 72/104 | Building BVH
Fra:19 Mem:25.40M (Peak 29.78M) | Time:00:00.22 | Mem:1.42M, Peak:1.42M | Scene, ViewLayer | Updating Geometry BVH Layered shoulder fur.012 72/104 | Building mesh BLAS |      44 tris | Layered shoulder fur.012
Fra:19 Mem:25.40M (Peak 29.78M) | Time:00:00.22 | Mem:1.42M, Peak:1.42M | Scene, ViewLayer | Updating Geometry BVH Layered shoulder fur.013 73/104 | Building BVH
Fra:19 Mem:25.40M (Peak 29.78M) | Time:00:00.22 | Mem:1.42M, Peak:1.42M | Scene, ViewLayer | Updating Geometry BVH Layered shoulder fur.022 91/104 | Building BVH
Fra:19 Mem:25.40M (Peak 29.78M) | Time:00:00.22 | Mem:1.42M, Peak:1.42M | Scene, ViewLayer | Updating Geometry BVH Layered shoulder fur.022 91/104 | Building mesh BLAS |      44 tris | Layered shoulder fur.013
Fra:19 Mem:25.40M (Peak 29.78M) | Time:00:00.22 | Mem:1.42M, Peak:1.42M | Scene, ViewLayer | Updating Geometry BVH Layered shoulder fur.022 91/104 | Building mesh BLAS |      44 tris | Wrist fur.012
Fra:19 Mem:25.40M (Peak 29.78M) | Time:00:00.22 | Mem:1.42M, Peak:1.42M | Scene, ViewLayer | Updating Geometry BVH Wrist fur.013 76/104 | Building BVH
Fra:19 Mem:25.40M (Peak 29.78M) | Time:00:00.22 | Mem:1.42M, Peak:1.42M | Scene, ViewLayer | Updating Geometry BVH Wrist fur.013 76/104 | Building mesh BLAS |      44 tris | Layered shoulder fur.022
Fra:19 Mem:25.40M (Peak 29.78M) | Time:00:00.22 | Mem:1.42M, Peak:1.42M | Scene, ViewLayer | Updating Geometry BVH Wrist fur.013 76/104 | Building mesh BLAS |      44 tris | Wrist fur.013
Fra:19 Mem:25.40M (Peak 29.78M) | Time:00:00.22 | Mem:1.42M, Peak:1.42M | Scene, ViewLayer | Updating Geometry BVH Wrist fur.014 77/104 | Building BVH
Fra:19 Mem:25.40M (Peak 29.78M) | Time:00:00.22 | Mem:1.42M, Peak:1.42M | Scene, ViewLayer | Updating Geometry BVH Layered shoulder fur.015 78/104 | Building BVH
Fra:19 Mem:25.40M (Peak 29.78M) | Time:00:00.22 | Mem:1.42M, Peak:1.42M | Scene, ViewLayer | Updating Geometry BVH Layered shoulder fur.015 78/104 | Building mesh BLAS |      44 tris | Wrist fur.014
Fra:19 Mem:25.40M (Peak 29.78M) | Time:00:00.22 | Mem:1.42M, Peak:1.42M | Scene, ViewLayer | Updating Geometry BVH Layered shoulder fur.015 78/104 | Building mesh BLAS |      44 tris | Layered shoulder fur.015
Fra:19 Mem:25.40M (Peak 29.78M) | Time:00:00.23 | Mem:1.62M, Peak:1.62M | Scene, ViewLayer | Updating Geometry BVH Layered shoulder fur.016 79/104 | Building BVH
Fra:19 Mem:25.40M (Peak 29.78M) | Time:00:00.23 | Mem:1.62M, Peak:1.62M | Scene, ViewLayer | Updating Geometry BVH Layered shoulder fur.016 79/104 | Building mesh BLAS |      44 tris | Layered shoulder fur.016
Fra:19 Mem:25.40M (Peak 29.78M) | Time:00:00.23 | Mem:1.62M, Peak:1.62M | Scene, ViewLayer | Updating Geometry BVH Layered shoulder fur.017 80/104 | Building BVH
Fra:19 Mem:25.40M (Peak 29.78M) | Time:00:00.23 | Mem:1.62M, Peak:1.62M | Scene, ViewLayer | Updating Geometry BVH Layered shoulder fur.017 80/104 | Building mesh BLAS |      44 tris | Layered shoulder fur.017
Fra:19 Mem:25.40M (Peak 29.78M) | Time:00:00.23 | Mem:1.62M, Peak:1.62M | Scene, ViewLayer | Updating Geometry BVH Wrist fur.015 81/104 | Building BVH
Fra:19 Mem:25.40M (Peak 29.78M) | Time:00:00.23 | Mem:1.62M, Peak:1.62M | Scene, ViewLayer | Updating Geometry BVH Wrist fur.015 81/104 | Building mesh BLAS |      44 tris | Wrist fur.015
Fra:19 Mem:25.40M (Peak 29.78M) | Time:00:00.23 | Mem:1.62M, Peak:1.62M | Scene, ViewLayer | Updating Geometry BVH Wrist fur.016 82/104 | Building BVH
Fra:19 Mem:25.40M (Peak 29.78M) | Time:00:00.23 | Mem:1.62M, Peak:1.62M | Scene, ViewLayer | Updating Geometry BVH Wrist fur.016 82/104 | Building mesh BLAS |      44 tris | Wrist fur.016
Fra:19 Mem:25.40M (Peak 29.78M) | Time:00:00.23 | Mem:1.62M, Peak:1.62M | Scene, ViewLayer | Updating Geometry BVH Layered shoulder fur.021 90/104 | Building BVH
Fra:19 Mem:25.40M (Peak 29.78M) | Time:00:00.23 | Mem:1.62M, Peak:1.62M | Scene, ViewLayer | Updating Geometry BVH Layered shoulder fur.021 90/104 | Building mesh BLAS |      44 tris | Layered shoulder fur.021
Fra:19 Mem:25.40M (Peak 29.78M) | Time:00:00.23 | Mem:1.62M, Peak:1.62M | Scene, ViewLayer | Updating Geometry BVH Wrist fur.017 83/104 | Building BVH
Fra:19 Mem:25.40M (Peak 29.78M) | Time:00:00.23 | Mem:1.62M, Peak:1.62M | Scene, ViewLayer | Updating Geometry BVH Wrist fur.017 83/104 | Building mesh BLAS |      44 tris | Wrist fur.017
Fra:19 Mem:25.40M (Peak 29.78M) | Time:00:00.23 | Mem:1.62M, Peak:1.62M | Scene, ViewLayer | Updating Geometry BVH Layered shoulder fur.018 84/104 | Building BVH
Fra:19 Mem:25.40M (Peak 29.78M) | Time:00:00.23 | Mem:1.62M, Peak:1.62M | Scene, ViewLayer | Updating Geometry BVH Layered shoulder fur.018 84/104 | Building mesh BLAS |      44 tris | Layered shoulder fur.018
Fra:19 Mem:25.40M (Peak 29.78M) | Time:00:00.23 | Mem:1.62M, Peak:1.62M | Scene, ViewLayer | Updating Geometry BVH Layered shoulder fur.019 85/104 | Building BVH
Fra:19 Mem:25.40M (Peak 29.78M) | Time:00:00.23 | Mem:1.62M, Peak:1.62M | Scene, ViewLayer | Updating Geometry BVH Layered shoulder fur.019 85/104 | Building mesh BLAS |      44 tris | Layered shoulder fur.019
Fra:19 Mem:25.40M (Peak 29.78M) | Time:00:00.23 | Mem:1.62M, Peak:1.62M | Scene, ViewLayer | Updating Geometry BVH Layered shoulder fur.020 86/104 | Building BVH
Fra:19 Mem:25.40M (Peak 29.78M) | Time:00:00.23 | Mem:1.62M, Peak:1.62M | Scene, ViewLayer | Updating Geometry BVH Layered shoulder fur.020 86/104 | Building mesh BLAS |      44 tris | Layered shoulder fur.020
Fra:19 Mem:25.40M (Peak 29.78M) | Time:00:00.23 | Mem:1.63M, Peak:1.63M | Scene, ViewLayer | Updating Geometry BVH Wrist fur.018 87/104 | Building BVH
Fra:19 Mem:25.40M (Peak 29.78M) | Time:00:00.23 | Mem:1.63M, Peak:1.63M | Scene, ViewLayer | Updating Geometry BVH Wrist fur.018 87/104 | Building mesh BLAS |      44 tris | Wrist fur.018
Fra:19 Mem:25.40M (Peak 29.78M) | Time:00:00.23 | Mem:1.63M, Peak:1.63M | Scene, ViewLayer | Updating Geometry BVH Wrist fur.019 88/104 | Building BVH
Fra:19 Mem:25.40M (Peak 29.78M) | Time:00:00.23 | Mem:1.63M, Peak:1.63M | Scene, ViewLayer | Updating Geometry BVH Wrist fur.019 88/104 | Building mesh BLAS |      44 tris | Wrist fur.019
Fra:19 Mem:25.40M (Peak 29.78M) | Time:00:00.23 | Mem:1.63M, Peak:1.63M | Scene, ViewLayer | Updating Geometry BVH Wrist fur.020 89/104 | Building BVH
Fra:19 Mem:25.40M (Peak 29.78M) | Time:00:00.23 | Mem:1.63M, Peak:1.63M | Scene, ViewLayer | Updating Geometry BVH Wrist fur.020 89/104 | Building mesh BLAS |      44 tris | Wrist fur.020
Fra:19 Mem:25.40M (Peak 29.78M) | Time:00:00.23 | Mem:1.72M, Peak:1.72M | Scene, ViewLayer | Updating Scene BVH | Building
Fra:19 Mem:25.40M (Peak 29.78M) | Time:00:00.25 | Mem:2.27M, Peak:2.27M | Scene, ViewLayer | Updating Scene BVH | Building TLAS      |     104 instances
Fra:19 Mem:25.41M (Peak 29.78M) | Time:00:00.25 | Mem:2.30M, Peak:2.30M | Scene, ViewLayer | Updating Scene BVH | Copying BVH to device
Fra:19 Mem:25.41M (Peak 29.78M) | Time:00:00.25 | Mem:2.30M, Peak:2.30M | Scene, ViewLayer | Updating Mesh | Computing normals
Fra:19 Mem:25.89M (Peak 29.78M) | Time:00:00.25 | Mem:2.30M, Peak:2.30M | Scene, ViewLayer | Updating Mesh | Copying Mesh to device
Fra:19 Mem:25.41M (Peak 29.78M) | Time:00:00.25 | Mem:2.80M, Peak:2.80M | Scene, ViewLayer | Updating Objects Flags
Fra:19 Mem:25.40M (Peak 29.78M) | Time:00:00.25 | Mem:2.80M, Peak:2.80M | Scene, ViewLayer | Updating Primitive Offsets
Fra:19 Mem:25.40M (Peak 29.78M) | Time:00:00.25 | Mem:2.80M, Peak:2.80M | Scene, ViewLayer | Updating Images
Fra:19 Mem:25.40M (Peak 29.78M) | Time:00:00.25 | Mem:2.80M, Peak:2.80M | Scene, ViewLayer | Updating Camera Volume
Fra:19 Mem:25.40M (Peak 29.78M) | Time:00:00.25 | Mem:2.80M, Peak:2.80M | Scene, ViewLayer | Updating Lookup Tables
Fra:19 Mem:25.32M (Peak 29.78M) | Time:00:00.25 | Mem:2.89M, Peak:2.89M | Scene, ViewLayer | Updating Lights
Fra:19 Mem:25.32M (Peak 29.78M) | Time:00:00.25 | Mem:2.90M, Peak:2.90M | Scene, ViewLayer | Updating Lights | Computing tree
Fra:19 Mem:25.32M (Peak 29.78M) | Time:00:00.25 | Mem:2.90M, Peak:2.90M | Scene, ViewLayer | Updating Integrator
Fra:19 Mem:25.32M (Peak 29.78M) | Time:00:00.25 | Mem:2.90M, Peak:2.90M | Scene, ViewLayer | Updating Film
Fra:19 Mem:25.41M (Peak 29.78M) | Time:00:00.25 | Mem:2.80M, Peak:2.90M | Scene, ViewLayer | Updating Lookup Tables
Fra:19 Mem:25.32M (Peak 29.78M) | Time:00:00.25 | Mem:2.90M, Peak:2.90M | Scene, ViewLayer | Updating Baking
Fra:19 Mem:25.32M (Peak 29.78M) | Time:00:00.25 | Mem:2.90M, Peak:2.90M | Scene, ViewLayer | Updating Device | Writing constant memory
Fra:19 Mem:25.33M (Peak 29.78M) | Time:00:00.28 | Mem:2.90M, Peak:2.90M | Scene, ViewLayer | Loading denoising kernels (may take a few minutes the first time)
Fra:19 Mem:25.33M (Peak 57.33M) | Time:00:00.29 | Mem:2818.91M, Peak:2818.91M | Scene, ViewLayer | Sample 0/12 (Using optimized kernels)
Fra:19 Mem:25.32M (Peak 60.83M) | Time:00:00.47 | Remaining:00:01.94 | Mem:2854.45M, Peak:2854.45M | Scene, ViewLayer | Sample 1/12 (Using optimized kernels)
Fra:19 Mem:40.28M (Peak 62.71M) | Time:00:03.70 | Mem:2854.45M, Peak:2854.45M | Scene, ViewLayer | Sample 12/12 (Using optimized kernels)
Fra:19 Mem:40.28M (Peak 62.71M) | Time:00:03.70 | Mem:2854.45M, Peak:2854.45M | Scene, ViewLayer | Finished
Saved: '/Users/chikumatsuboi/Code/animal-racers-western/assets/source/western/qa/wolf-transform-19.png'
Time: 00:03.83 (Saving: 00:00.07)

Fra:40 Mem:28.36M (Peak 28.36M) | Time:00:00.01 | Mem:0.02M, Peak:0.02M | Scene, ViewLayer | Synchronizing object | Body • continuous sculpted skin
Fra:40 Mem:28.36M (Peak 28.36M) | Time:00:00.01 | Mem:0.02M, Peak:0.02M | Scene, ViewLayer | Synchronizing object | Ivory claw.001
Fra:40 Mem:28.41M (Peak 28.41M) | Time:00:00.01 | Mem:0.02M, Peak:0.02M | Scene, ViewLayer | Synchronizing object | Paw toe.002
Fra:40 Mem:28.60M (Peak 28.60M) | Time:00:00.01 | Mem:0.02M, Peak:0.02M | Scene, ViewLayer | Synchronizing object | Ivory claw.002
Fra:40 Mem:28.61M (Peak 28.61M) | Time:00:00.01 | Mem:0.02M, Peak:0.02M | Scene, ViewLayer | Synchronizing object | Ivory claw.003
Fra:40 Mem:28.62M (Peak 28.62M) | Time:00:00.01 | Mem:0.02M, Peak:0.02M | Scene, ViewLayer | Synchronizing object | Paw toe.004
Fra:40 Mem:28.63M (Peak 28.63M) | Time:00:00.01 | Mem:0.02M, Peak:0.02M | Scene, ViewLayer | Synchronizing object | Ivory claw.004
Fra:40 Mem:28.66M (Peak 28.66M) | Time:00:00.01 | Mem:0.02M, Peak:0.02M | Scene, ViewLayer | Synchronizing object | Paw toe.005
Fra:40 Mem:28.69M (Peak 28.69M) | Time:00:00.01 | Mem:0.02M, Peak:0.02M | Scene, ViewLayer | Synchronizing object | Ivory claw.005
Fra:40 Mem:28.69M (Peak 28.69M) | Time:00:00.01 | Mem:0.02M, Peak:0.02M | Scene, ViewLayer | Synchronizing object | Paw toe.006
Fra:40 Mem:28.70M (Peak 28.70M) | Time:00:00.01 | Mem:0.02M, Peak:0.02M | Scene, ViewLayer | Synchronizing object | Ivory claw.006
Fra:40 Mem:28.72M (Peak 28.72M) | Time:00:00.01 | Mem:0.02M, Peak:0.02M | Scene, ViewLayer | Synchronizing object | Paw toe.007
Fra:40 Mem:28.78M (Peak 28.78M) | Time:00:00.01 | Mem:0.02M, Peak:0.02M | Scene, ViewLayer | Synchronizing object | Ivory claw.007
Fra:40 Mem:28.94M (Peak 28.94M) | Time:00:00.01 | Mem:0.02M, Peak:0.02M | Scene, ViewLayer | Synchronizing object | Paw toe.009
Fra:40 Mem:28.94M (Peak 28.94M) | Time:00:00.01 | Mem:0.02M, Peak:0.02M | Scene, ViewLayer | Synchronizing object | Paw toe.010
Fra:40 Mem:28.95M (Peak 28.95M) | Time:00:00.01 | Mem:0.02M, Peak:0.02M | Scene, ViewLayer | Synchronizing object | Paw toe.011
Fra:40 Mem:28.98M (Peak 28.98M) | Time:00:00.01 | Mem:0.02M, Peak:0.02M | Scene, ViewLayer | Synchronizing object | Head • species sculpt
Fra:40 Mem:28.98M (Peak 28.98M) | Time:00:00.01 | Mem:0.02M, Peak:0.02M | Scene, ViewLayer | Synchronizing object | Frost muzzle
Fra:40 Mem:29.17M (Peak 29.17M) | Time:00:00.01 | Mem:0.02M, Peak:0.02M | Scene, ViewLayer | Synchronizing object | Heart shaped nose
Fra:40 Mem:29.20M (Peak 29.20M) | Time:00:00.01 | Mem:0.02M, Peak:0.02M | Scene, ViewLayer | Synchronizing object | Eye socket
Fra:40 Mem:29.21M (Peak 29.21M) | Time:00:00.01 | Mem:0.02M, Peak:0.02M | Scene, ViewLayer | Synchronizing object | Warm rim
Fra:40 Mem:29.24M (Peak 29.24M) | Time:00:00.01 | Mem:0.02M, Peak:0.02M | Scene, ViewLayer | Synchronizing object | Eye glint
Fra:40 Mem:29.30M (Peak 29.30M) | Time:00:00.01 | Mem:0.02M, Peak:0.02M | Scene, ViewLayer | Synchronizing object | Expressive brow
Fra:40 Mem:29.43M (Peak 29.43M) | Time:00:00.01 | Mem:0.02M, Peak:0.02M | Scene, ViewLayer | Synchronizing object | Smiling mouth
Fra:40 Mem:29.40M (Peak 29.43M) | Time:00:00.01 | Mem:0.02M, Peak:0.02M | Scene, ViewLayer | Synchronizing object | Whisker pore.001
Fra:40 Mem:29.40M (Peak 29.43M) | Time:00:00.01 | Mem:0.02M, Peak:0.02M | Scene, ViewLayer | Synchronizing object | Ivory eye.001
Fra:40 Mem:29.41M (Peak 29.43M) | Time:00:00.01 | Mem:0.02M, Peak:0.02M | Scene, ViewLayer | Synchronizing object | Iris.001
Fra:40 Mem:29.51M (Peak 29.51M) | Time:00:00.01 | Mem:0.02M, Peak:0.02M | Scene, ViewLayer | Synchronizing object | Pupil.001
Fra:40 Mem:29.54M (Peak 29.54M) | Time:00:00.01 | Mem:0.02M, Peak:0.02M | Scene, ViewLayer | Synchronizing object | Whisker pore.003
Fra:40 Mem:29.55M (Peak 29.55M) | Time:00:00.01 | Mem:0.02M, Peak:0.02M | Scene, ViewLayer | Synchronizing object | Whisker pore.005
Fra:40 Mem:29.56M (Peak 29.56M) | Time:00:00.01 | Mem:0.02M, Peak:0.02M | Scene, ViewLayer | Synchronizing object | Lower jaw
Fra:40 Mem:29.56M (Peak 29.56M) | Time:00:00.01 | Mem:0.02M, Peak:0.02M | Scene, ViewLayer | Synchronizing object | Mouth cavity
Fra:40 Mem:29.56M (Peak 29.56M) | Time:00:00.01 | Mem:0.02M, Peak:0.02M | Scene, ViewLayer | Synchronizing object | Lower canine
Fra:40 Mem:29.59M (Peak 29.59M) | Time:00:00.01 | Mem:0.02M, Peak:0.02M | Scene, ViewLayer | Synchronizing object | Lower canine.001
Fra:40 Mem:29.60M (Peak 29.60M) | Time:00:00.01 | Mem:0.02M, Peak:0.02M | Scene, ViewLayer | Synchronizing object | Pointed species ear
Fra:40 Mem:29.60M (Peak 29.60M) | Time:00:00.01 | Mem:0.02M, Peak:0.02M | Scene, ViewLayer | Synchronizing object | Pointed species ear.001
Fra:40 Mem:29.62M (Peak 29.62M) | Time:00:00.01 | Mem:0.02M, Peak:0.02M | Scene, ViewLayer | Synchronizing object | Inner ear.001
Fra:40 Mem:29.64M (Peak 29.64M) | Time:00:00.01 | Mem:0.02M, Peak:0.02M | Scene, ViewLayer | Synchronizing object | Sunset key
Fra:40 Mem:29.64M (Peak 29.64M) | Time:00:00.01 | Mem:0.02M, Peak:0.02M | Scene, ViewLayer | Synchronizing object | Plane
Fra:40 Mem:29.64M (Peak 29.64M) | Time:00:00.01 | Mem:0.02M, Peak:0.02M | Scene, ViewLayer | Synchronizing object | Swept cheek ruff.002
Fra:40 Mem:29.65M (Peak 29.65M) | Time:00:00.01 | Mem:0.02M, Peak:0.02M | Scene, ViewLayer | Synchronizing object | Raised elemental crest
Fra:40 Mem:29.65M (Peak 29.65M) | Time:00:00.01 | Mem:0.02M, Peak:0.02M | Scene, ViewLayer | Synchronizing object | Swept cheek ruff.003
Fra:40 Mem:29.66M (Peak 29.66M) | Time:00:00.01 | Mem:0.02M, Peak:0.02M | Scene, ViewLayer | Synchronizing object | Swept cheek ruff.004
Fra:40 Mem:29.65M (Peak 29.66M) | Time:00:00.01 | Mem:0.02M, Peak:0.02M | Scene, ViewLayer | Synchronizing object | Swept cheek ruff.005
Fra:40 Mem:29.66M (Peak 29.66M) | Time:00:00.01 | Mem:0.02M, Peak:0.02M | Scene, ViewLayer | Synchronizing object | Swept cheek ruff.006
Fra:40 Mem:29.68M (Peak 29.68M) | Time:00:00.01 | Mem:0.02M, Peak:0.02M | Scene, ViewLayer | Synchronizing object | Swept cheek ruff.007
Fra:40 Mem:29.66M (Peak 29.68M) | Time:00:00.01 | Mem:0.02M, Peak:0.02M | Scene, ViewLayer | Synchronizing object | Ice swept crest.001
Fra:40 Mem:29.67M (Peak 29.68M) | Time:00:00.01 | Mem:0.02M, Peak:0.02M | Scene, ViewLayer | Synchronizing object | Ice swept crest.002
Fra:40 Mem:29.70M (Peak 29.70M) | Time:00:00.01 | Mem:0.02M, Peak:0.02M | Scene, ViewLayer | Synchronizing object | Ice swept crest.003
Fra:40 Mem:29.71M (Peak 29.71M) | Time:00:00.01 | Mem:0.02M, Peak:0.02M | Scene, ViewLayer | Synchronizing object | Ice swept crest.005
Fra:40 Mem:29.71M (Peak 29.71M) | Time:00:00.01 | Mem:0.02M, Peak:0.02M | Scene, ViewLayer | Synchronizing object | Layered shoulder fur
Fra:40 Mem:29.73M (Peak 29.73M) | Time:00:00.01 | Mem:0.02M, Peak:0.02M | Scene, ViewLayer | Synchronizing object | Layered shoulder fur.001
Fra:40 Mem:29.72M (Peak 29.73M) | Time:00:00.01 | Mem:0.02M, Peak:0.02M | Scene, ViewLayer | Synchronizing object | Layered shoulder fur.002
Fra:40 Mem:29.74M (Peak 29.74M) | Time:00:00.01 | Mem:0.02M, Peak:0.02M | Scene, ViewLayer | Synchronizing object | Wrist fur
Fra:40 Mem:29.73M (Peak 29.74M) | Time:00:00.01 | Mem:0.02M, Peak:0.02M | Scene, ViewLayer | Synchronizing object | Wrist fur.001
Fra:40 Mem:29.73M (Peak 29.74M) | Time:00:00.01 | Mem:0.02M, Peak:0.02M | Scene, ViewLayer | Synchronizing object | Wrist fur.002
Fra:40 Mem:29.74M (Peak 29.74M) | Time:00:00.01 | Mem:0.02M, Peak:0.02M | Scene, ViewLayer | Synchronizing object | Layered shoulder fur.003
Fra:40 Mem:29.74M (Peak 29.74M) | Time:00:00.01 | Mem:0.02M, Peak:0.02M | Scene, ViewLayer | Synchronizing object | Layered shoulder fur.005
Fra:40 Mem:29.74M (Peak 29.74M) | Time:00:00.01 | Mem:0.02M, Peak:0.02M | Scene, ViewLayer | Synchronizing object | Wrist fur.003
Fra:40 Mem:29.75M (Peak 29.75M) | Time:00:00.01 | Mem:0.02M, Peak:0.02M | Scene, ViewLayer | Synchronizing object | Wrist fur.004
Fra:40 Mem:29.75M (Peak 29.75M) | Time:00:00.01 | Mem:0.02M, Peak:0.02M | Scene, ViewLayer | Synchronizing object | Wrist fur.005
Fra:40 Mem:29.76M (Peak 29.76M) | Time:00:00.01 | Mem:0.02M, Peak:0.02M | Scene, ViewLayer | Synchronizing object | Layered shoulder fur.006
Fra:40 Mem:29.76M (Peak 29.76M) | Time:00:00.01 | Mem:0.02M, Peak:0.02M | Scene, ViewLayer | Synchronizing object | Layered shoulder fur.007
Fra:40 Mem:29.77M (Peak 29.77M) | Time:00:00.01 | Mem:0.02M, Peak:0.02M | Scene, ViewLayer | Synchronizing object | Layered shoulder fur.008
Fra:40 Mem:29.77M (Peak 29.77M) | Time:00:00.01 | Mem:0.02M, Peak:0.02M | Scene, ViewLayer | Synchronizing object | Wrist fur.007
Fra:40 Mem:29.79M (Peak 29.79M) | Time:00:00.01 | Mem:0.02M, Peak:0.02M | Scene, ViewLayer | Synchronizing object | Wrist fur.008
Fra:40 Mem:29.78M (Peak 29.79M) | Time:00:00.01 | Mem:0.02M, Peak:0.02M | Scene, ViewLayer | Synchronizing object | Brass crest clasp
Fra:40 Mem:29.80M (Peak 29.80M) | Time:00:00.01 | Mem:0.02M, Peak:0.02M | Scene, ViewLayer | Synchronizing object | Layered shoulder fur.009
Fra:40 Mem:29.81M (Peak 29.81M) | Time:00:00.01 | Mem:0.02M, Peak:0.02M | Scene, ViewLayer | Synchronizing object | Neckerchief folded point
Fra:40 Mem:29.81M (Peak 29.81M) | Time:00:00.01 | Mem:0.02M, Peak:0.02M | Scene, ViewLayer | Synchronizing object | Layered shoulder fur.010
Fra:40 Mem:29.82M (Peak 29.82M) | Time:00:00.01 | Mem:0.02M, Peak:0.02M | Scene, ViewLayer | Synchronizing object | Wrist fur.009
Fra:40 Mem:29.82M (Peak 29.82M) | Time:00:00.01 | Mem:0.02M, Peak:0.02M | Scene, ViewLayer | Synchronizing object | Wrist fur.010
Fra:40 Mem:29.83M (Peak 29.83M) | Time:00:00.01 | Mem:0.02M, Peak:0.02M | Scene, ViewLayer | Synchronizing object | Articulated tail
Fra:40 Mem:29.87M (Peak 29.87M) | Time:00:00.01 | Mem:0.02M, Peak:0.02M | Scene, ViewLayer | Initializing
Fra:40 Mem:28.27M (Peak 29.87M) | Time:00:00.01 | Mem:0.02M, Peak:0.02M | Scene, ViewLayer | Updating Images | Loading Authored short-fur normal
Fra:40 Mem:24.60M (Peak 29.87M) | Time:00:00.01 | Mem:0.27M, Peak:0.27M | Scene, ViewLayer | Waiting for render to start
Fra:40 Mem:24.60M (Peak 29.87M) | Time:00:00.01 | Mem:0.27M, Peak:0.27M | Scene, ViewLayer | Updating Scene
Fra:40 Mem:24.60M (Peak 29.87M) | Time:00:00.01 | Mem:0.27M, Peak:0.27M | Scene, ViewLayer | Updating Shaders
Fra:40 Mem:24.60M (Peak 29.87M) | Time:00:00.02 | Mem:0.27M, Peak:0.27M | Scene, ViewLayer | Loading render kernels (may take a few minutes the first time)
Fra:40 Mem:24.68M (Peak 29.87M) | Time:00:00.08 | Mem:0.28M, Peak:0.28M | Scene, ViewLayer | Updating Procedurals
Fra:40 Mem:24.68M (Peak 29.87M) | Time:00:00.08 | Mem:0.28M, Peak:0.28M | Scene, ViewLayer | Updating Background
Fra:40 Mem:24.68M (Peak 29.87M) | Time:00:00.08 | Mem:0.28M, Peak:0.28M | Scene, ViewLayer | Updating Camera
Fra:40 Mem:24.68M (Peak 29.87M) | Time:00:00.08 | Mem:0.28M, Peak:0.28M | Scene, ViewLayer | Updating Meshes Flags
Fra:40 Mem:24.68M (Peak 29.87M) | Time:00:00.08 | Mem:0.28M, Peak:0.28M | Scene, ViewLayer | Updating Objects
Fra:40 Mem:24.68M (Peak 29.87M) | Time:00:00.08 | Mem:0.28M, Peak:0.28M | Scene, ViewLayer | Updating Objects | Copying Transformations to device
Fra:40 Mem:24.68M (Peak 29.87M) | Time:00:00.08 | Mem:0.31M, Peak:0.31M | Scene, ViewLayer | Updating Particle Systems
Fra:40 Mem:24.68M (Peak 29.87M) | Time:00:00.08 | Mem:0.31M, Peak:0.31M | Scene, ViewLayer | Updating Particle Systems | Copying Particles to device
Fra:40 Mem:24.68M (Peak 29.87M) | Time:00:00.08 | Mem:0.31M, Peak:0.31M | Scene, ViewLayer | Updating Meshes
Fra:40 Mem:25.45M (Peak 29.87M) | Time:00:00.09 | Mem:0.31M, Peak:0.31M | Scene, ViewLayer | Updating Objects | Applying Static Transformations
Fra:40 Mem:25.45M (Peak 29.87M) | Time:00:00.09 | Mem:0.31M, Peak:0.31M | Scene, ViewLayer | Updating Mesh | Computing attributes
Fra:40 Mem:26.52M (Peak 29.87M) | Time:00:00.09 | Mem:0.33M, Peak:0.33M | Scene, ViewLayer | Updating Mesh | Copying Attributes to device
Fra:40 Mem:25.45M (Peak 29.87M) | Time:00:00.22 | Mem:1.42M, Peak:1.42M | Scene, ViewLayer | Updating Geometry BVH ribcage.001 2/91 | Building BVH
Fra:40 Mem:25.45M (Peak 29.87M) | Time:00:00.22 | Mem:1.42M, Peak:1.42M | Scene, ViewLayer | Updating Geometry BVH Paw toe.014 7/104 | Building BVH
Fra:40 Mem:25.45M (Peak 29.87M) | Time:00:00.22 | Mem:1.42M, Peak:1.42M | Scene, ViewLayer | Updating Geometry BVH Paw toe.014 7/104 | Building mesh BLAS |    4170 tris | ribcage.001
Fra:40 Mem:25.45M (Peak 29.87M) | Time:00:00.22 | Mem:1.42M, Peak:1.42M | Scene, ViewLayer | Updating Geometry BVH Paw toe.014 7/104 | Building mesh BLAS |     192 tris | Paw toe.013
Fra:40 Mem:25.45M (Peak 29.87M) | Time:00:00.22 | Mem:1.42M, Peak:1.42M | Scene, ViewLayer | Updating Geometry BVH Warm rim 104/104 | Building BVH
Fra:40 Mem:25.45M (Peak 29.87M) | Time:00:00.22 | Mem:1.42M, Peak:1.42M | Scene, ViewLayer | Updating Geometry BVH Sky fill 103/104 | Building BVH
Fra:40 Mem:25.45M (Peak 29.87M) | Time:00:00.22 | Mem:1.42M, Peak:1.42M | Scene, ViewLayer | Updating Geometry BVH Sunset key 102/104 | Building BVH
Fra:40 Mem:25.45M (Peak 29.87M) | Time:00:00.22 | Mem:1.42M, Peak:1.42M | Scene, ViewLayer | Updating Geometry BVH Plane 101/104 | Building BVH
Fra:40 Mem:25.45M (Peak 29.87M) | Time:00:00.22 | Mem:1.42M, Peak:1.42M | Scene, ViewLayer | Updating Geometry BVH Plane 101/104 | Building mesh BLAS |       2 tris | Plane
Fra:40 Mem:25.45M (Peak 29.87M) | Time:00:00.22 | Mem:1.42M, Peak:1.42M | Scene, ViewLayer | Updating Geometry BVH Plane 101/104 | Building mesh BLAS |      32 tris | Ivory claw.013
Fra:40 Mem:25.45M (Peak 29.87M) | Time:00:00.22 | Mem:1.42M, Peak:1.42M | Scene, ViewLayer | Updating Geometry BVH Paw toe.015 9/104 | Building BVH
Fra:40 Mem:25.45M (Peak 29.87M) | Time:00:00.22 | Mem:1.42M, Peak:1.42M | Scene, ViewLayer | Updating Geometry BVH Paw toe.015 9/104 | Building mesh BLAS |     192 tris | Paw toe.015
Fra:40 Mem:25.45M (Peak 29.87M) | Time:00:00.22 | Mem:1.42M, Peak:1.42M | Scene, ViewLayer | Updating Geometry BVH Paw toe.015 9/104 | Building mesh BLAS |     192 tris | Paw toe.012
Fra:40 Mem:25.45M (Peak 29.87M) | Time:00:00.22 | Mem:1.42M, Peak:1.42M | Scene, ViewLayer | Updating Geometry BVH Paw toe.015 9/104 | Building mesh BLAS |      32 tris | Ivory claw.014
Fra:40 Mem:25.45M (Peak 29.87M) | Time:00:00.22 | Mem:1.42M, Peak:1.42M | Scene, ViewLayer | Updating Geometry BVH Raised elemental crest.001 100/104 | Building BVH
Fra:40 Mem:25.45M (Peak 29.87M) | Time:00:00.22 | Mem:1.42M, Peak:1.42M | Scene, ViewLayer | Updating Geometry BVH Raised elemental crest.001 100/104 | Building mesh BLAS |      26 tris | Raised elemental crest.001
Fra:40 Mem:25.45M (Peak 29.87M) | Time:00:00.22 | Mem:1.42M, Peak:1.42M | Scene, ViewLayer | Updating Geometry BVH Ivory claw.015 10/104 | Building BVH
Fra:40 Mem:25.45M (Peak 29.87M) | Time:00:00.22 | Mem:1.42M, Peak:1.42M | Scene, ViewLayer | Updating Geometry BVH Ivory claw.016 12/104 | Building BVH
Fra:40 Mem:25.45M (Peak 29.87M) | Time:00:00.22 | Mem:1.42M, Peak:1.42M | Scene, ViewLayer | Updating Geometry BVH Ivory claw.016 12/104 | Building mesh BLAS |     192 tris | Paw toe.016
Fra:40 Mem:25.45M (Peak 29.87M) | Time:00:00.22 | Mem:1.42M, Peak:1.42M | Scene, ViewLayer | Updating Geometry BVH Paw toe.017 13/104 | Building BVH
Fra:40 Mem:25.45M (Peak 29.87M) | Time:00:00.22 | Mem:1.42M, Peak:1.42M | Scene, ViewLayer | Updating Geometry BVH Ivory claw.017 14/104 | Building BVH
Fra:40 Mem:25.45M (Peak 29.87M) | Time:00:00.22 | Mem:1.42M, Peak:1.42M | Scene, ViewLayer | Updating Geometry BVH Paw toe.018 15/104 | Building BVH
Fra:40 Mem:25.45M (Peak 29.87M) | Time:00:00.22 | Mem:1.42M, Peak:1.42M | Scene, ViewLayer | Updating Geometry BVH Paw toe.018 15/104 | Building mesh BLAS |      32 tris | Ivory claw.017
Fra:40 Mem:25.45M (Peak 29.87M) | Time:00:00.22 | Mem:1.42M, Peak:1.42M | Scene, ViewLayer | Updating Geometry BVH Ivory claw.018 16/104 | Building mesh BLAS |     192 tris | Paw toe.018
Fra:40 Mem:25.45M (Peak 29.87M) | Time:00:00.22 | Mem:1.42M, Peak:1.42M | Scene, ViewLayer | Updating Geometry BVH Ivory claw.018 16/104 | Building mesh BLAS |     192 tris | Paw toe.017
Fra:40 Mem:25.45M (Peak 29.87M) | Time:00:00.22 | Mem:1.42M, Peak:1.42M | Scene, ViewLayer | Updating Geometry BVH Paw toe.019 17/104 | Building BVH
Fra:40 Mem:25.45M (Peak 29.87M) | Time:00:00.22 | Mem:1.42M, Peak:1.42M | Scene, ViewLayer | Updating Geometry BVH Ivory claw.019 18/104 | Building BVH
Fra:40 Mem:25.45M (Peak 29.87M) | Time:00:00.22 | Mem:1.42M, Peak:1.42M | Scene, ViewLayer | Updating Geometry BVH Brass crest clasp.001 99/104 | Building mesh BLAS |      32 tris | Ivory claw.018
Fra:40 Mem:25.45M (Peak 29.87M) | Time:00:00.22 | Mem:1.42M, Peak:1.42M | Scene, ViewLayer | Updating Geometry BVH Brass crest clasp.001 99/104 | Building mesh BLAS |     192 tris | Paw toe.019
Fra:40 Mem:25.45M (Peak 29.87M) | Time:00:00.22 | Mem:1.42M, Peak:1.42M | Scene, ViewLayer | Updating Geometry BVH Brass crest clasp.001 99/104 | Building mesh BLAS |      32 tris | Ivory claw.019
Fra:40 Mem:25.45M (Peak 29.87M) | Time:00:00.22 | Mem:1.42M, Peak:1.42M | Scene, ViewLayer | Updating Geometry BVH Brass crest clasp.001 99/104 | Building mesh BLAS |     320 tris | Brass crest clasp.001
Fra:40 Mem:25.45M (Peak 29.87M) | Time:00:00.22 | Mem:1.42M, Peak:1.42M | Scene, ViewLayer | Updating Geometry BVH Paw toe.020 19/104 | Building BVH
Fra:40 Mem:25.45M (Peak 29.87M) | Time:00:00.22 | Mem:1.42M, Peak:1.42M | Scene, ViewLayer | Updating Geometry BVH Paw toe.020 19/104 | Building mesh BLAS |     192 tris | Paw toe.020
Fra:40 Mem:25.45M (Peak 29.87M) | Time:00:00.22 | Mem:1.42M, Peak:1.42M | Scene, ViewLayer | Updating Geometry BVH Ivory claw.020 20/104 | Building BVH
Fra:40 Mem:25.45M (Peak 29.87M) | Time:00:00.22 | Mem:1.42M, Peak:1.42M | Scene, ViewLayer | Updating Geometry BVH Paw toe.021 21/104 | Building mesh BLAS |      32 tris | Ivory claw.020
Fra:40 Mem:25.45M (Peak 29.87M) | Time:00:00.22 | Mem:1.42M, Peak:1.42M | Scene, ViewLayer | Updating Geometry BVH Paw toe.021 21/104 | Building mesh BLAS |     192 tris | Paw toe.021
Fra:40 Mem:25.45M (Peak 29.87M) | Time:00:00.22 | Mem:1.42M, Peak:1.42M | Scene, ViewLayer | Updating Geometry BVH Paw toe.022 23/104 | Building BVH
Fra:40 Mem:25.45M (Peak 29.87M) | Time:00:00.22 | Mem:1.42M, Peak:1.42M | Scene, ViewLayer | Updating Geometry BVH Paw toe.022 23/104 | Building mesh BLAS |     192 tris | Paw toe.022
Fra:40 Mem:25.45M (Peak 29.87M) | Time:00:00.22 | Mem:1.42M, Peak:1.42M | Scene, ViewLayer | Updating Geometry BVH Ivory claw.022 24/104 | Building BVH
Fra:40 Mem:25.45M (Peak 29.87M) | Time:00:00.22 | Mem:1.42M, Peak:1.42M | Scene, ViewLayer | Updating Geometry BVH Ivory claw.022 24/104 | Building mesh BLAS |      32 tris | Ivory claw.022
Fra:40 Mem:25.45M (Peak 29.87M) | Time:00:00.22 | Mem:1.42M, Peak:1.42M | Scene, ViewLayer | Updating Geometry BVH Ivory claw.022 24/104 | Building mesh BLAS |      32 tris | Ivory claw.021
Fra:40 Mem:25.45M (Peak 29.87M) | Time:00:00.22 | Mem:1.42M, Peak:1.42M | Scene, ViewLayer | Updating Geometry BVH Paw toe.023 25/104 | Building BVH
Fra:40 Mem:25.45M (Peak 29.87M) | Time:00:00.22 | Mem:1.42M, Peak:1.42M | Scene, ViewLayer | Updating Geometry BVH Ivory claw.023 26/104 | Building BVH
Fra:40 Mem:25.45M (Peak 29.87M) | Time:00:00.22 | Mem:1.42M, Peak:1.42M | Scene, ViewLayer | Updating Geometry BVH Ivory claw.023 26/104 | Building mesh BLAS |     192 tris | Paw toe.023
Fra:40 Mem:25.45M (Peak 29.87M) | Time:00:00.22 | Mem:1.42M, Peak:1.42M | Scene, ViewLayer | Updating Geometry BVH Ivory claw.023 26/104 | Building mesh BLAS |      32 tris | Ivory claw.023
Fra:40 Mem:25.45M (Peak 29.87M) | Time:00:00.22 | Mem:1.42M, Peak:1.42M | Scene, ViewLayer | Updating Geometry BVH Skull.001 27/104 | Building BVH
Fra:40 Mem:25.45M (Peak 29.87M) | Time:00:00.22 | Mem:1.42M, Peak:1.42M | Scene, ViewLayer | Updating Geometry BVH Frost muzzle 28/104 | Building BVH
Fra:40 Mem:25.45M (Peak 29.87M) | Time:00:00.22 | Mem:1.42M, Peak:1.42M | Scene, ViewLayer | Updating Geometry BVH Frost muzzle 28/104 | Building mesh BLAS |     480 tris | Frost muzzle
Fra:40 Mem:25.45M (Peak 29.87M) | Time:00:00.22 | Mem:1.42M, Peak:1.42M | Scene, ViewLayer | Updating Geometry BVH Frost muzzle 28/104 | Building mesh BLAS |    2722 tris | Skull.001
Fra:40 Mem:25.45M (Peak 29.87M) | Time:00:00.22 | Mem:1.42M, Peak:1.42M | Scene, ViewLayer | Updating Geometry BVH Heart shaped nose.001 29/104 | Building BVH
Fra:40 Mem:25.45M (Peak 29.87M) | Time:00:00.22 | Mem:1.42M, Peak:1.42M | Scene, ViewLayer | Updating Geometry BVH Eye socket.002 30/104 | Building BVH
Fra:40 Mem:25.45M (Peak 29.87M) | Time:00:00.22 | Mem:1.42M, Peak:1.42M | Scene, ViewLayer | Updating Geometry BVH Neckerchief folded point.001 98/104 | Building BVH
Fra:40 Mem:25.45M (Peak 29.87M) | Time:00:00.22 | Mem:1.42M, Peak:1.42M | Scene, ViewLayer | Updating Geometry BVH Neckerchief folded point.001 98/104 | Building mesh BLAS |     480 tris | Eye socket.002
Fra:40 Mem:25.45M (Peak 29.87M) | Time:00:00.22 | Mem:1.42M, Peak:1.42M | Scene, ViewLayer | Updating Geometry BVH Neckerchief folded point.001 98/104 | Building mesh BLAS |       4 tris | Neckerchief folded point.001
Fra:40 Mem:25.45M (Peak 29.87M) | Time:00:00.22 | Mem:1.42M, Peak:1.42M | Scene, ViewLayer | Updating Geometry BVH Ivory eye.002 31/104 | Building BVH
Fra:40 Mem:25.45M (Peak 29.87M) | Time:00:00.22 | Mem:1.42M, Peak:1.42M | Scene, ViewLayer | Updating Geometry BVH Ivory eye.002 31/104 | Building mesh BLAS |     480 tris | Ivory eye.002
Fra:40 Mem:25.45M (Peak 29.87M) | Time:00:00.22 | Mem:1.42M, Peak:1.42M | Scene, ViewLayer | Updating Geometry BVH Iris.002 32/104 | Building BVH
Fra:40 Mem:25.45M (Peak 29.87M) | Time:00:00.22 | Mem:1.42M, Peak:1.42M | Scene, ViewLayer | Updating Geometry BVH Pupil.002 33/104 | Building BVH
Fra:40 Mem:25.45M (Peak 29.87M) | Time:00:00.22 | Mem:1.42M, Peak:1.42M | Scene, ViewLayer | Updating Geometry BVH Eye glint.002 34/104 | Building BVH
Fra:40 Mem:25.45M (Peak 29.87M) | Time:00:00.22 | Mem:1.42M, Peak:1.42M | Scene, ViewLayer | Updating Geometry BVH Eye glint.002 34/104 | Building mesh BLAS |     480 tris | Iris.002
Fra:40 Mem:25.45M (Peak 29.87M) | Time:00:00.22 | Mem:1.42M, Peak:1.42M | Scene, ViewLayer | Updating Geometry BVH Expressive brow.002 35/104 | Building BVH
Fra:40 Mem:25.45M (Peak 29.87M) | Time:00:00.22 | Mem:1.42M, Peak:1.42M | Scene, ViewLayer | Updating Geometry BVH Expressive brow.002 35/104 | Building mesh BLAS |      44 tris | Expressive brow.002
Fra:40 Mem:25.45M (Peak 29.87M) | Time:00:00.22 | Mem:1.42M, Peak:1.42M | Scene, ViewLayer | Updating Geometry BVH Smiling mouth.002 36/104 | Building BVH
Fra:40 Mem:25.45M (Peak 29.87M) | Time:00:00.22 | Mem:1.42M, Peak:1.42M | Scene, ViewLayer | Updating Geometry BVH Smiling mouth.002 36/104 | Building mesh BLAS |      32 tris | Smiling mouth.002
Fra:40 Mem:25.45M (Peak 29.87M) | Time:00:00.22 | Mem:1.42M, Peak:1.42M | Scene, ViewLayer | Updating Geometry BVH Whisker pore.006 37/104 | Building BVH
Fra:40 Mem:25.45M (Peak 29.87M) | Time:00:00.22 | Mem:1.42M, Peak:1.42M | Scene, ViewLayer | Updating Geometry BVH Whisker pore.006 37/104 | Building mesh BLAS |      64 tris | Whisker pore.006
Fra:40 Mem:25.45M (Peak 29.87M) | Time:00:00.22 | Mem:1.42M, Peak:1.42M | Scene, ViewLayer | Updating Geometry BVH Whisker pore.007 38/104 | Building BVH
Fra:40 Mem:25.45M (Peak 29.87M) | Time:00:00.22 | Mem:1.42M, Peak:1.42M | Scene, ViewLayer | Updating Geometry BVH Leather neckerchief roll.001 97/104 | Building mesh BLAS |      64 tris | Whisker pore.007
Fra:40 Mem:25.45M (Peak 29.87M) | Time:00:00.22 | Mem:1.42M, Peak:1.42M | Scene, ViewLayer | Updating Geometry BVH Whisker pore.008 39/104 | Building BVH
Fra:40 Mem:25.45M (Peak 29.87M) | Time:00:00.22 | Mem:1.42M, Peak:1.42M | Scene, ViewLayer | Updating Geometry BVH Eye socket.003 40/104 | Building mesh BLAS |      64 tris | Whisker pore.008
Fra:40 Mem:25.45M (Peak 29.87M) | Time:00:00.22 | Mem:1.42M, Peak:1.42M | Scene, ViewLayer | Updating Geometry BVH Ivory eye.003 41/104 | Building BVH
Fra:40 Mem:25.45M (Peak 29.87M) | Time:00:00.22 | Mem:1.42M, Peak:1.42M | Scene, ViewLayer | Updating Geometry BVH Iris.003 42/104 | Building mesh BLAS |     480 tris | Ivory eye.003
Fra:40 Mem:25.45M (Peak 29.87M) | Time:00:00.22 | Mem:1.42M, Peak:1.42M | Scene, ViewLayer | Updating Geometry BVH Pupil.003 43/104 | Building BVH
Fra:40 Mem:25.45M (Peak 29.87M) | Time:00:00.22 | Mem:1.42M, Peak:1.42M | Scene, ViewLayer | Updating Geometry BVH Eye glint.003 44/104 | Building mesh BLAS |     480 tris | Eye socket.003
Fra:40 Mem:25.45M (Peak 29.87M) | Time:00:00.22 | Mem:1.42M, Peak:1.42M | Scene, ViewLayer | Updating Geometry BVH Expressive brow.003 45/104 | Building BVH
Fra:40 Mem:25.45M (Peak 29.87M) | Time:00:00.22 | Mem:1.42M, Peak:1.42M | Scene, ViewLayer | Updating Geometry BVH Expressive brow.003 45/104 | Building mesh BLAS |      44 tris | Expressive brow.003
Fra:40 Mem:25.45M (Peak 29.87M) | Time:00:00.22 | Mem:1.42M, Peak:1.42M | Scene, ViewLayer | Updating Geometry BVH Expressive brow.003 45/104 | Building mesh BLAS |     192 tris | Eye glint.003
Fra:40 Mem:25.45M (Peak 29.87M) | Time:00:00.22 | Mem:1.42M, Peak:1.42M | Scene, ViewLayer | Updating Geometry BVH Smiling mouth.003 46/104 | Building BVH
Fra:40 Mem:25.45M (Peak 29.87M) | Time:00:00.22 | Mem:1.42M, Peak:1.42M | Scene, ViewLayer | Updating Geometry BVH Smiling mouth.003 46/104 | Building mesh BLAS |      32 tris | Smiling mouth.003
Fra:40 Mem:25.45M (Peak 29.87M) | Time:00:00.22 | Mem:1.42M, Peak:1.42M | Scene, ViewLayer | Updating Geometry BVH Smiling mouth.003 46/104 | Building mesh BLAS |     480 tris | Iris.003
Fra:40 Mem:25.45M (Peak 29.87M) | Time:00:00.22 | Mem:1.42M, Peak:1.42M | Scene, ViewLayer | Updating Geometry BVH Whisker pore.009 47/104 | Building BVH
Fra:40 Mem:25.45M (Peak 29.87M) | Time:00:00.22 | Mem:1.42M, Peak:1.42M | Scene, ViewLayer | Updating Geometry BVH Whisker pore.009 47/104 | Building mesh BLAS |      64 tris | Whisker pore.009
Fra:40 Mem:25.45M (Peak 29.87M) | Time:00:00.22 | Mem:1.42M, Peak:1.42M | Scene, ViewLayer | Updating Geometry BVH Whisker pore.010 48/104 | Building BVH
Fra:40 Mem:25.45M (Peak 29.87M) | Time:00:00.22 | Mem:1.42M, Peak:1.42M | Scene, ViewLayer | Updating Geometry BVH Whisker pore.011 49/104 | Building BVH
Fra:40 Mem:25.45M (Peak 29.87M) | Time:00:00.22 | Mem:1.42M, Peak:1.42M | Scene, ViewLayer | Updating Geometry BVH Whisker pore.011 49/104 | Building mesh BLAS |      64 tris | Whisker pore.010
Fra:40 Mem:25.45M (Peak 29.87M) | Time:00:00.22 | Mem:1.42M, Peak:1.42M | Scene, ViewLayer | Updating Geometry BVH Lower jaw.001 50/104 | Building mesh BLAS |      64 tris | Whisker pore.011
Fra:40 Mem:25.45M (Peak 29.87M) | Time:00:00.22 | Mem:1.42M, Peak:1.42M | Scene, ViewLayer | Updating Geometry BVH Lower jaw.001 50/104 | Building mesh BLAS |     400 tris | Lower jaw.001
Fra:40 Mem:25.45M (Peak 29.87M) | Time:00:00.22 | Mem:1.42M, Peak:1.42M | Scene, ViewLayer | Updating Geometry BVH Mouth cavity.001 51/104 | Building BVH
Fra:40 Mem:25.45M (Peak 29.87M) | Time:00:00.22 | Mem:1.42M, Peak:1.42M | Scene, ViewLayer | Updating Geometry BVH Mouth cavity.001 51/104 | Building mesh BLAS |     360 tris | Mouth cavity.001
Fra:40 Mem:25.45M (Peak 29.87M) | Time:00:00.22 | Mem:1.42M, Peak:1.42M | Scene, ViewLayer | Updating Geometry BVH Articulated tail.001 96/104 | Building BVH
Fra:40 Mem:25.45M (Peak 29.87M) | Time:00:00.22 | Mem:1.42M, Peak:1.42M | Scene, ViewLayer | Updating Geometry BVH Articulated tail.001 96/104 | Building mesh BLAS |     268 tris | Articulated tail.001
Fra:40 Mem:25.45M (Peak 29.87M) | Time:00:00.22 | Mem:1.42M, Peak:1.42M | Scene, ViewLayer | Updating Geometry BVH Lower canine.002 52/104 | Building BVH
Fra:40 Mem:25.45M (Peak 29.87M) | Time:00:00.22 | Mem:1.42M, Peak:1.42M | Scene, ViewLayer | Updating Geometry BVH Lower canine.003 53/104 | Building BVH
Fra:40 Mem:25.45M (Peak 29.87M) | Time:00:00.22 | Mem:1.42M, Peak:1.42M | Scene, ViewLayer | Updating Geometry BVH Lower canine.003 53/104 | Building mesh BLAS |      38 tris | Lower canine.003
Fra:40 Mem:25.45M (Peak 29.87M) | Time:00:00.22 | Mem:1.42M, Peak:1.42M | Scene, ViewLayer | Updating Geometry BVH Pointed species ear 54/104 | Building BVH
Fra:40 Mem:25.45M (Peak 29.87M) | Time:00:00.22 | Mem:1.42M, Peak:1.42M | Scene, ViewLayer | Updating Geometry BVH Pointed species ear 54/104 | Building mesh BLAS |       6 tris | Pointed species ear
Fra:40 Mem:25.45M (Peak 29.87M) | Time:00:00.22 | Mem:1.42M, Peak:1.42M | Scene, ViewLayer | Updating Geometry BVH Inner ear 55/104 | Building BVH
Fra:40 Mem:25.45M (Peak 29.87M) | Time:00:00.22 | Mem:1.42M, Peak:1.42M | Scene, ViewLayer | Updating Geometry BVH Inner ear 55/104 | Building mesh BLAS |       3 tris | Inner ear
Fra:40 Mem:25.45M (Peak 29.87M) | Time:00:00.22 | Mem:1.42M, Peak:1.42M | Scene, ViewLayer | Updating Geometry BVH Pointed species ear.001 56/104 | Building BVH
Fra:40 Mem:25.45M (Peak 29.87M) | Time:00:00.22 | Mem:1.42M, Peak:1.42M | Scene, ViewLayer | Updating Geometry BVH Inner ear.001 57/104 | Building mesh BLAS |       6 tris | Pointed species ear.001
Fra:40 Mem:25.45M (Peak 29.87M) | Time:00:00.22 | Mem:1.42M, Peak:1.42M | Scene, ViewLayer | Updating Geometry BVH Swept cheek ruff 58/104 | Building BVH
Fra:40 Mem:25.45M (Peak 29.87M) | Time:00:00.22 | Mem:1.42M, Peak:1.42M | Scene, ViewLayer | Updating Geometry BVH Swept cheek ruff 58/104 | Building mesh BLAS |      44 tris | Swept cheek ruff
Fra:40 Mem:25.45M (Peak 29.87M) | Time:00:00.22 | Mem:1.42M, Peak:1.42M | Scene, ViewLayer | Updating Geometry BVH Swept cheek ruff.001 59/104 | Building BVH
Fra:40 Mem:25.45M (Peak 29.87M) | Time:00:00.22 | Mem:1.42M, Peak:1.42M | Scene, ViewLayer | Updating Geometry BVH Swept cheek ruff.001 59/104 | Building mesh BLAS |      44 tris | Swept cheek ruff.001
Fra:40 Mem:25.45M (Peak 29.87M) | Time:00:00.22 | Mem:1.42M, Peak:1.42M | Scene, ViewLayer | Updating Geometry BVH Wrist fur.023 95/104 | Building BVH
Fra:40 Mem:25.45M (Peak 29.87M) | Time:00:00.22 | Mem:1.42M, Peak:1.42M | Scene, ViewLayer | Updating Geometry BVH Wrist fur.023 95/104 | Building mesh BLAS |      44 tris | Wrist fur.023
Fra:40 Mem:25.45M (Peak 29.87M) | Time:00:00.22 | Mem:1.42M, Peak:1.42M | Scene, ViewLayer | Updating Geometry BVH Wrist fur.023 95/104 | Building mesh BLAS |       3 tris | Inner ear.001
Fra:40 Mem:25.45M (Peak 29.87M) | Time:00:00.22 | Mem:1.42M, Peak:1.42M | Scene, ViewLayer | Updating Geometry BVH Swept cheek ruff.002 60/104 | Building BVH
Fra:40 Mem:25.45M (Peak 29.87M) | Time:00:00.22 | Mem:1.42M, Peak:1.42M | Scene, ViewLayer | Updating Geometry BVH Swept cheek ruff.003 61/104 | Building BVH
Fra:40 Mem:25.45M (Peak 29.87M) | Time:00:00.22 | Mem:1.42M, Peak:1.42M | Scene, ViewLayer | Updating Geometry BVH Swept cheek ruff.003 61/104 | Building mesh BLAS |      44 tris | Swept cheek ruff.002
Fra:40 Mem:25.45M (Peak 29.87M) | Time:00:00.22 | Mem:1.42M, Peak:1.42M | Scene, ViewLayer | Updating Geometry BVH Swept cheek ruff.003 61/104 | Building mesh BLAS |      44 tris | Swept cheek ruff.003
Fra:40 Mem:25.45M (Peak 29.87M) | Time:00:00.22 | Mem:1.42M, Peak:1.42M | Scene, ViewLayer | Updating Geometry BVH Swept cheek ruff.004 62/104 | Building BVH
Fra:40 Mem:25.45M (Peak 29.87M) | Time:00:00.22 | Mem:1.42M, Peak:1.42M | Scene, ViewLayer | Updating Geometry BVH Swept cheek ruff.004 62/104 | Building mesh BLAS |      44 tris | Swept cheek ruff.004
Fra:40 Mem:25.45M (Peak 29.87M) | Time:00:00.22 | Mem:1.42M, Peak:1.42M | Scene, ViewLayer | Updating Geometry BVH Swept cheek ruff.005 63/104 | Building BVH
Fra:40 Mem:25.45M (Peak 29.87M) | Time:00:00.22 | Mem:1.42M, Peak:1.42M | Scene, ViewLayer | Updating Geometry BVH Swept cheek ruff.006 64/104 | Building BVH
Fra:40 Mem:25.45M (Peak 29.87M) | Time:00:00.22 | Mem:1.42M, Peak:1.42M | Scene, ViewLayer | Updating Geometry BVH Wrist fur.022 94/104 | Building BVH
Fra:40 Mem:25.45M (Peak 29.87M) | Time:00:00.22 | Mem:1.42M, Peak:1.42M | Scene, ViewLayer | Updating Geometry BVH Swept cheek ruff.007 65/104 | Building BVH
Fra:40 Mem:25.45M (Peak 29.87M) | Time:00:00.22 | Mem:1.42M, Peak:1.42M | Scene, ViewLayer | Updating Geometry BVH Swept cheek ruff.007 65/104 | Building mesh BLAS |      44 tris | Swept cheek ruff.007
Fra:40 Mem:25.45M (Peak 29.87M) | Time:00:00.22 | Mem:1.42M, Peak:1.42M | Scene, ViewLayer | Updating Geometry BVH Swept cheek ruff.007 65/104 | Building mesh BLAS |      44 tris | Wrist fur.022
Fra:40 Mem:25.45M (Peak 29.87M) | Time:00:00.23 | Mem:1.42M, Peak:1.42M | Scene, ViewLayer | Updating Geometry BVH Ice swept crest 66/104 | Building BVH
Fra:40 Mem:25.45M (Peak 29.87M) | Time:00:00.23 | Mem:1.42M, Peak:1.42M | Scene, ViewLayer | Updating Geometry BVH Ice swept crest.002 68/104 | Building BVH
Fra:40 Mem:25.45M (Peak 29.87M) | Time:00:00.23 | Mem:1.42M, Peak:1.42M | Scene, ViewLayer | Updating Geometry BVH Ice swept crest.001 67/104 | Building mesh BLAS |      44 tris | Ice swept crest
Fra:40 Mem:25.45M (Peak 29.87M) | Time:00:00.23 | Mem:1.42M, Peak:1.42M | Scene, ViewLayer | Updating Geometry BVH Ice swept crest.001 67/104 | Building mesh BLAS |      44 tris | Ice swept crest.002
Fra:40 Mem:25.45M (Peak 29.87M) | Time:00:00.23 | Mem:1.42M, Peak:1.42M | Scene, ViewLayer | Updating Geometry BVH Ice swept crest.001 67/104 | Building mesh BLAS |      44 tris | Ice swept crest.001
Fra:40 Mem:25.45M (Peak 29.87M) | Time:00:00.23 | Mem:1.42M, Peak:1.42M | Scene, ViewLayer | Updating Geometry BVH Ice swept crest.003 69/104 | Building BVH
Fra:40 Mem:25.45M (Peak 29.87M) | Time:00:00.23 | Mem:1.42M, Peak:1.42M | Scene, ViewLayer | Updating Geometry BVH Layered shoulder fur.012 72/104 | Building BVH
Fra:40 Mem:25.45M (Peak 29.87M) | Time:00:00.23 | Mem:1.42M, Peak:1.42M | Scene, ViewLayer | Updating Geometry BVH Wrist fur.021 93/104 | Building mesh BLAS |      44 tris | Ice swept crest.003
Fra:40 Mem:25.45M (Peak 29.87M) | Time:00:00.23 | Mem:1.42M, Peak:1.42M | Scene, ViewLayer | Updating Geometry BVH Wrist fur.021 93/104 | Building mesh BLAS |      44 tris | Layered shoulder fur.012
Fra:40 Mem:25.45M (Peak 29.87M) | Time:00:00.23 | Mem:1.42M, Peak:1.42M | Scene, ViewLayer | Updating Geometry BVH Wrist fur.021 93/104 | Building mesh BLAS |      44 tris | Ice swept crest.005
Fra:40 Mem:25.45M (Peak 29.87M) | Time:00:00.23 | Mem:1.42M, Peak:1.42M | Scene, ViewLayer | Updating Geometry BVH Wrist fur.021 93/104 | Building mesh BLAS |      44 tris | Ice swept crest.004
Fra:40 Mem:25.45M (Peak 29.87M) | Time:00:00.23 | Mem:1.42M, Peak:1.42M | Scene, ViewLayer | Updating Geometry BVH Layered shoulder fur.013 73/104 | Building BVH
Fra:40 Mem:25.45M (Peak 29.87M) | Time:00:00.23 | Mem:1.42M, Peak:1.42M | Scene, ViewLayer | Updating Geometry BVH Layered shoulder fur.013 73/104 | Building mesh BLAS |      44 tris | Layered shoulder fur.013
Fra:40 Mem:25.45M (Peak 29.87M) | Time:00:00.23 | Mem:1.42M, Peak:1.42M | Scene, ViewLayer | Updating Geometry BVH Layered shoulder fur.014 74/104 | Building BVH
Fra:40 Mem:25.45M (Peak 29.87M) | Time:00:00.23 | Mem:1.42M, Peak:1.42M | Scene, ViewLayer | Updating Geometry BVH Layered shoulder fur.014 74/104 | Building mesh BLAS |      44 tris | Layered shoulder fur.014
Fra:40 Mem:25.45M (Peak 29.87M) | Time:00:00.23 | Mem:1.42M, Peak:1.42M | Scene, ViewLayer | Updating Geometry BVH Wrist fur.012 75/104 | Building BVH
Fra:40 Mem:25.45M (Peak 29.87M) | Time:00:00.23 | Mem:1.42M, Peak:1.42M | Scene, ViewLayer | Updating Geometry BVH Wrist fur.012 75/104 | Building mesh BLAS |      44 tris | Wrist fur.012
Fra:40 Mem:25.45M (Peak 29.87M) | Time:00:00.23 | Mem:1.42M, Peak:1.42M | Scene, ViewLayer | Updating Geometry BVH Wrist fur.013 76/104 | Building BVH
Fra:40 Mem:25.45M (Peak 29.87M) | Time:00:00.23 | Mem:1.42M, Peak:1.42M | Scene, ViewLayer | Updating Geometry BVH Wrist fur.013 76/104 | Building mesh BLAS |      44 tris | Wrist fur.013
Fra:40 Mem:25.45M (Peak 29.87M) | Time:00:00.23 | Mem:1.42M, Peak:1.42M | Scene, ViewLayer | Updating Geometry BVH Wrist fur.014 77/104 | Building BVH
Fra:40 Mem:25.45M (Peak 29.87M) | Time:00:00.23 | Mem:1.42M, Peak:1.42M | Scene, ViewLayer | Updating Geometry BVH Layered shoulder fur.023 92/104 | Building BVH
Fra:40 Mem:25.45M (Peak 29.87M) | Time:00:00.23 | Mem:1.42M, Peak:1.42M | Scene, ViewLayer | Updating Geometry BVH Layered shoulder fur.023 92/104 | Building mesh BLAS |      44 tris | Layered shoulder fur.023
Fra:40 Mem:25.45M (Peak 29.87M) | Time:00:00.23 | Mem:1.42M, Peak:1.42M | Scene, ViewLayer | Updating Geometry BVH Layered shoulder fur.015 78/104 | Building BVH
Fra:40 Mem:25.45M (Peak 29.87M) | Time:00:00.23 | Mem:1.42M, Peak:1.42M | Scene, ViewLayer | Updating Geometry BVH Layered shoulder fur.015 78/104 | Building mesh BLAS |      44 tris | Layered shoulder fur.015
Fra:40 Mem:25.45M (Peak 29.87M) | Time:00:00.23 | Mem:1.42M, Peak:1.42M | Scene, ViewLayer | Updating Geometry BVH Layered shoulder fur.016 79/104 | Building BVH
Fra:40 Mem:25.45M (Peak 29.87M) | Time:00:00.23 | Mem:1.42M, Peak:1.42M | Scene, ViewLayer | Updating Geometry BVH Layered shoulder fur.016 79/104 | Building mesh BLAS |      44 tris | Layered shoulder fur.016
Fra:40 Mem:25.45M (Peak 29.87M) | Time:00:00.23 | Mem:1.62M, Peak:1.62M | Scene, ViewLayer | Updating Geometry BVH Layered shoulder fur.017 80/104 | Building BVH
Fra:40 Mem:25.45M (Peak 29.87M) | Time:00:00.23 | Mem:1.62M, Peak:1.62M | Scene, ViewLayer | Updating Geometry BVH Layered shoulder fur.017 80/104 | Building mesh BLAS |      44 tris | Layered shoulder fur.017
Fra:40 Mem:25.45M (Peak 29.87M) | Time:00:00.23 | Mem:1.62M, Peak:1.62M | Scene, ViewLayer | Updating Geometry BVH Wrist fur.015 81/104 | Building BVH
Fra:40 Mem:25.45M (Peak 29.87M) | Time:00:00.23 | Mem:1.62M, Peak:1.62M | Scene, ViewLayer | Updating Geometry BVH Wrist fur.015 81/104 | Building mesh BLAS |      44 tris | Wrist fur.015
Fra:40 Mem:25.45M (Peak 29.87M) | Time:00:00.23 | Mem:1.63M, Peak:1.63M | Scene, ViewLayer | Updating Geometry BVH Wrist fur.016 82/104 | Building BVH
Fra:40 Mem:25.45M (Peak 29.87M) | Time:00:00.23 | Mem:1.63M, Peak:1.63M | Scene, ViewLayer | Updating Geometry BVH Wrist fur.016 82/104 | Building mesh BLAS |      44 tris | Wrist fur.016
Fra:40 Mem:25.45M (Peak 29.87M) | Time:00:00.23 | Mem:1.63M, Peak:1.63M | Scene, ViewLayer | Updating Geometry BVH Wrist fur.017 83/104 | Building BVH
Fra:40 Mem:25.45M (Peak 29.87M) | Time:00:00.23 | Mem:1.63M, Peak:1.63M | Scene, ViewLayer | Updating Geometry BVH Wrist fur.017 83/104 | Building mesh BLAS |      44 tris | Wrist fur.017
Fra:40 Mem:25.45M (Peak 29.87M) | Time:00:00.23 | Mem:1.64M, Peak:1.64M | Scene, ViewLayer | Updating Geometry BVH Layered shoulder fur.022 91/104 | Building BVH
Fra:40 Mem:25.45M (Peak 29.87M) | Time:00:00.23 | Mem:1.64M, Peak:1.64M | Scene, ViewLayer | Updating Geometry BVH Layered shoulder fur.019 85/104 | Building BVH
Fra:40 Mem:25.45M (Peak 29.87M) | Time:00:00.23 | Mem:1.64M, Peak:1.64M | Scene, ViewLayer | Updating Geometry BVH Layered shoulder fur.020 86/104 | Building mesh BLAS |      44 tris | Layered shoulder fur.022
Fra:40 Mem:25.45M (Peak 29.87M) | Time:00:00.23 | Mem:1.64M, Peak:1.64M | Scene, ViewLayer | Updating Geometry BVH Wrist fur.018 87/104 | Building mesh BLAS |      44 tris | Layered shoulder fur.019
Fra:40 Mem:25.45M (Peak 29.87M) | Time:00:00.23 | Mem:1.64M, Peak:1.64M | Scene, ViewLayer | Updating Geometry BVH Wrist fur.018 87/104 | Building mesh BLAS |      44 tris | Layered shoulder fur.020
Fra:40 Mem:25.45M (Peak 29.87M) | Time:00:00.23 | Mem:1.64M, Peak:1.64M | Scene, ViewLayer | Updating Geometry BVH Wrist fur.018 87/104 | Building mesh BLAS |      44 tris | Layered shoulder fur.018
Fra:40 Mem:25.45M (Peak 29.87M) | Time:00:00.23 | Mem:1.64M, Peak:1.64M | Scene, ViewLayer | Updating Geometry BVH Wrist fur.018 87/104 | Building mesh BLAS |      44 tris | Wrist fur.018
Fra:40 Mem:25.45M (Peak 29.87M) | Time:00:00.23 | Mem:1.64M, Peak:1.64M | Scene, ViewLayer | Updating Geometry BVH Wrist fur.020 89/104 | Building BVH
Fra:40 Mem:25.45M (Peak 29.87M) | Time:00:00.23 | Mem:1.64M, Peak:1.64M | Scene, ViewLayer | Updating Geometry BVH Wrist fur.019 88/104 | Building mesh BLAS |      44 tris | Wrist fur.020
Fra:40 Mem:25.45M (Peak 29.87M) | Time:00:00.23 | Mem:1.64M, Peak:1.64M | Scene, ViewLayer | Updating Geometry BVH Wrist fur.019 88/104 | Building mesh BLAS |      44 tris | Wrist fur.019
Fra:40 Mem:25.45M (Peak 29.87M) | Time:00:00.23 | Mem:1.64M, Peak:1.64M | Scene, ViewLayer | Updating Geometry BVH Layered shoulder fur.021 90/104 | Building BVH
Fra:40 Mem:25.45M (Peak 29.87M) | Time:00:00.23 | Mem:1.64M, Peak:1.64M | Scene, ViewLayer | Updating Geometry BVH Layered shoulder fur.021 90/104 | Building mesh BLAS |      44 tris | Layered shoulder fur.021
Fra:40 Mem:25.45M (Peak 29.87M) | Time:00:00.24 | Mem:1.91M, Peak:1.91M | Scene, ViewLayer | Updating Scene BVH | Building
Fra:40 Mem:25.45M (Peak 29.87M) | Time:00:00.25 | Mem:2.27M, Peak:2.27M | Scene, ViewLayer | Updating Scene BVH | Building TLAS      |     104 instances
Fra:40 Mem:25.45M (Peak 29.87M) | Time:00:00.25 | Mem:2.30M, Peak:2.30M | Scene, ViewLayer | Updating Scene BVH | Copying BVH to device
Fra:40 Mem:25.45M (Peak 29.87M) | Time:00:00.25 | Mem:2.30M, Peak:2.30M | Scene, ViewLayer | Updating Mesh | Computing normals
Fra:40 Mem:25.94M (Peak 29.87M) | Time:00:00.25 | Mem:2.30M, Peak:2.30M | Scene, ViewLayer | Updating Mesh | Copying Mesh to device
Fra:40 Mem:25.45M (Peak 29.87M) | Time:00:00.25 | Mem:2.80M, Peak:2.80M | Scene, ViewLayer | Updating Objects Flags
Fra:40 Mem:25.45M (Peak 29.87M) | Time:00:00.25 | Mem:2.80M, Peak:2.80M | Scene, ViewLayer | Updating Primitive Offsets
Fra:40 Mem:25.45M (Peak 29.87M) | Time:00:00.25 | Mem:2.80M, Peak:2.80M | Scene, ViewLayer | Updating Images
Fra:40 Mem:25.45M (Peak 29.87M) | Time:00:00.25 | Mem:2.80M, Peak:2.80M | Scene, ViewLayer | Updating Camera Volume
Fra:40 Mem:25.45M (Peak 29.87M) | Time:00:00.25 | Mem:2.80M, Peak:2.80M | Scene, ViewLayer | Updating Lookup Tables
Fra:40 Mem:25.37M (Peak 29.87M) | Time:00:00.25 | Mem:2.90M, Peak:2.90M | Scene, ViewLayer | Updating Lights
Fra:40 Mem:25.37M (Peak 29.87M) | Time:00:00.25 | Mem:2.90M, Peak:2.90M | Scene, ViewLayer | Updating Lights | Computing tree
Fra:40 Mem:25.37M (Peak 29.87M) | Time:00:00.25 | Mem:2.90M, Peak:2.90M | Scene, ViewLayer | Updating Integrator
Fra:40 Mem:25.37M (Peak 29.87M) | Time:00:00.25 | Mem:2.90M, Peak:2.90M | Scene, ViewLayer | Updating Film
Fra:40 Mem:25.45M (Peak 29.87M) | Time:00:00.25 | Mem:2.80M, Peak:2.90M | Scene, ViewLayer | Updating Lookup Tables
Fra:40 Mem:25.37M (Peak 29.87M) | Time:00:00.25 | Mem:2.90M, Peak:2.90M | Scene, ViewLayer | Updating Baking
Fra:40 Mem:25.37M (Peak 29.87M) | Time:00:00.25 | Mem:2.90M, Peak:2.90M | Scene, ViewLayer | Updating Device | Writing constant memory
Fra:40 Mem:25.37M (Peak 29.87M) | Time:00:00.28 | Mem:2.90M, Peak:2.90M | Scene, ViewLayer | Loading denoising kernels (may take a few minutes the first time)
Fra:40 Mem:25.37M (Peak 57.37M) | Time:00:00.29 | Mem:2818.91M, Peak:2818.91M | Scene, ViewLayer | Sample 0/12 (Using optimized kernels)
Fra:40 Mem:25.36M (Peak 60.88M) | Time:00:00.46 | Remaining:00:01.96 | Mem:2854.45M, Peak:2854.45M | Scene, ViewLayer | Sample 1/12 (Using optimized kernels)
Fra:40 Mem:40.32M (Peak 62.75M) | Time:00:04.00 | Mem:2854.46M, Peak:2854.46M | Scene, ViewLayer | Sample 12/12 (Using optimized kernels)
Fra:40 Mem:40.32M (Peak 62.75M) | Time:00:04.00 | Mem:2854.46M, Peak:2854.46M | Scene, ViewLayer | Finished
Saved: '/Users/chikumatsuboi/Code/animal-racers-western/assets/source/western/qa/wolf-defeat-40.png'
Time: 00:04.13 (Saving: 00:00.07)

Fra:1 Mem:29.00M (Peak 29.00M) | Time:00:00.00 | Mem:0.02M, Peak:0.02M | Scene, ViewLayer | Synchronizing object | Body • continuous sculpted skin
Fra:1 Mem:29.00M (Peak 29.00M) | Time:00:00.00 | Mem:0.02M, Peak:0.02M | Scene, ViewLayer | Synchronizing object | Ivory claw.001
Fra:1 Mem:29.27M (Peak 29.27M) | Time:00:00.00 | Mem:0.02M, Peak:0.02M | Scene, ViewLayer | Synchronizing object | Paw toe.002
Fra:1 Mem:29.28M (Peak 29.28M) | Time:00:00.00 | Mem:0.02M, Peak:0.02M | Scene, ViewLayer | Synchronizing object | Ivory claw.002
Fra:1 Mem:29.30M (Peak 29.30M) | Time:00:00.01 | Mem:0.02M, Peak:0.02M | Scene, ViewLayer | Synchronizing object | Paw toe.003
Fra:1 Mem:29.31M (Peak 29.31M) | Time:00:00.01 | Mem:0.02M, Peak:0.02M | Scene, ViewLayer | Synchronizing object | Ivory claw.003
Fra:1 Mem:29.35M (Peak 29.35M) | Time:00:00.01 | Mem:0.02M, Peak:0.02M | Scene, ViewLayer | Synchronizing object | Ivory claw.004
Fra:1 Mem:29.35M (Peak 29.35M) | Time:00:00.01 | Mem:0.02M, Peak:0.02M | Scene, ViewLayer | Synchronizing object | Ivory claw.006
Fra:1 Mem:29.51M (Peak 29.51M) | Time:00:00.01 | Mem:0.02M, Peak:0.02M | Scene, ViewLayer | Synchronizing object | Paw toe.007
Fra:1 Mem:29.55M (Peak 29.55M) | Time:00:00.01 | Mem:0.02M, Peak:0.02M | Scene, ViewLayer | Synchronizing object | Ivory claw.007
Fra:1 Mem:29.53M (Peak 29.55M) | Time:00:00.01 | Mem:0.02M, Peak:0.02M | Scene, ViewLayer | Synchronizing object | Ivory claw.008
Fra:1 Mem:29.56M (Peak 29.56M) | Time:00:00.01 | Mem:0.02M, Peak:0.02M | Scene, ViewLayer | Synchronizing object | Paw toe.009
Fra:1 Mem:29.56M (Peak 29.56M) | Time:00:00.01 | Mem:0.02M, Peak:0.02M | Scene, ViewLayer | Synchronizing object | Ivory claw.009
Fra:1 Mem:29.57M (Peak 29.57M) | Time:00:00.01 | Mem:0.02M, Peak:0.02M | Scene, ViewLayer | Synchronizing object | Paw toe.010
Fra:1 Mem:29.63M (Peak 29.63M) | Time:00:00.01 | Mem:0.02M, Peak:0.02M | Scene, ViewLayer | Synchronizing object | Ivory claw.010
Fra:1 Mem:29.62M (Peak 29.63M) | Time:00:00.01 | Mem:0.02M, Peak:0.02M | Scene, ViewLayer | Synchronizing object | Ivory claw.011
Fra:1 Mem:29.64M (Peak 29.64M) | Time:00:00.01 | Mem:0.02M, Peak:0.02M | Scene, ViewLayer | Synchronizing object | Head • species sculpt
Fra:1 Mem:29.64M (Peak 29.64M) | Time:00:00.01 | Mem:0.02M, Peak:0.02M | Scene, ViewLayer | Synchronizing object | Heart shaped nose
Fra:1 Mem:29.68M (Peak 29.68M) | Time:00:00.01 | Mem:0.02M, Peak:0.02M | Scene, ViewLayer | Synchronizing object | Pupil
Fra:1 Mem:29.81M (Peak 29.81M) | Time:00:00.01 | Mem:0.02M, Peak:0.02M | Scene, ViewLayer | Synchronizing object | Warm rim
Fra:1 Mem:29.83M (Peak 29.83M) | Time:00:00.01 | Mem:0.02M, Peak:0.02M | Scene, ViewLayer | Synchronizing object | Eye glint
Fra:1 Mem:29.91M (Peak 29.91M) | Time:00:00.01 | Mem:0.02M, Peak:0.02M | Scene, ViewLayer | Synchronizing object | Expressive brow
Fra:1 Mem:29.91M (Peak 29.91M) | Time:00:00.01 | Mem:0.02M, Peak:0.02M | Scene, ViewLayer | Synchronizing object | Whisker pore
Fra:1 Mem:29.96M (Peak 29.96M) | Time:00:00.01 | Mem:0.02M, Peak:0.02M | Scene, ViewLayer | Synchronizing object | Sunset key
Fra:1 Mem:30.07M (Peak 30.07M) | Time:00:00.01 | Mem:0.02M, Peak:0.02M | Scene, ViewLayer | Synchronizing object | Plane
Fra:1 Mem:30.07M (Peak 30.07M) | Time:00:00.01 | Mem:0.02M, Peak:0.02M | Scene, ViewLayer | Synchronizing object | Eye socket.001
Fra:1 Mem:30.07M (Peak 30.07M) | Time:00:00.01 | Mem:0.02M, Peak:0.02M | Scene, ViewLayer | Synchronizing object | Raised elemental crest
Fra:1 Mem:30.07M (Peak 30.07M) | Time:00:00.01 | Mem:0.02M, Peak:0.02M | Scene, ViewLayer | Synchronizing object | Iris.001
Fra:1 Mem:30.08M (Peak 30.08M) | Time:00:00.01 | Mem:0.02M, Peak:0.02M | Scene, ViewLayer | Synchronizing object | Pupil.001
Fra:1 Mem:30.13M (Peak 30.13M) | Time:00:00.01 | Mem:0.02M, Peak:0.02M | Scene, ViewLayer | Synchronizing object | Eye glint.001
Fra:1 Mem:30.17M (Peak 30.17M) | Time:00:00.01 | Mem:0.02M, Peak:0.02M | Scene, ViewLayer | Synchronizing object | Expressive brow.001
Fra:1 Mem:30.17M (Peak 30.17M) | Time:00:00.01 | Mem:0.02M, Peak:0.02M | Scene, ViewLayer | Synchronizing object | Smiling mouth.001
Fra:1 Mem:30.17M (Peak 30.17M) | Time:00:00.01 | Mem:0.02M, Peak:0.02M | Scene, ViewLayer | Synchronizing object | Brass crest clasp
Fra:1 Mem:30.17M (Peak 30.17M) | Time:00:00.01 | Mem:0.02M, Peak:0.02M | Scene, ViewLayer | Synchronizing object | Whisker pore.003
Fra:1 Mem:30.22M (Peak 30.22M) | Time:00:00.01 | Mem:0.02M, Peak:0.02M | Scene, ViewLayer | Synchronizing object | Whisker pore.004
Fra:1 Mem:30.22M (Peak 30.22M) | Time:00:00.01 | Mem:0.02M, Peak:0.02M | Scene, ViewLayer | Synchronizing object | Mouth cavity
Fra:1 Mem:30.23M (Peak 30.23M) | Time:00:00.01 | Mem:0.02M, Peak:0.02M | Scene, ViewLayer | Synchronizing object | Lower canine
Fra:1 Mem:30.25M (Peak 30.25M) | Time:00:00.01 | Mem:0.02M, Peak:0.02M | Scene, ViewLayer | Synchronizing object | Lower canine.001
Fra:1 Mem:30.24M (Peak 30.25M) | Time:00:00.01 | Mem:0.02M, Peak:0.02M | Scene, ViewLayer | Synchronizing object | Pointed species ear
Fra:1 Mem:30.27M (Peak 30.27M) | Time:00:00.01 | Mem:0.02M, Peak:0.02M | Scene, ViewLayer | Synchronizing object | Inner ear
Fra:1 Mem:30.28M (Peak 30.28M) | Time:00:00.01 | Mem:0.02M, Peak:0.02M | Scene, ViewLayer | Synchronizing object | Inner ear.001
Fra:1 Mem:30.28M (Peak 30.28M) | Time:00:00.01 | Mem:0.02M, Peak:0.02M | Scene, ViewLayer | Synchronizing object | Leather neckerchief roll
Fra:1 Mem:30.31M (Peak 30.31M) | Time:00:00.01 | Mem:0.02M, Peak:0.02M | Scene, ViewLayer | Synchronizing object | Swept cheek ruff
Fra:1 Mem:30.32M (Peak 30.32M) | Time:00:00.01 | Mem:0.02M, Peak:0.02M | Scene, ViewLayer | Synchronizing object | Swept cheek ruff.001
Fra:1 Mem:30.32M (Peak 30.32M) | Time:00:00.01 | Mem:0.02M, Peak:0.02M | Scene, ViewLayer | Synchronizing object | Swept cheek ruff.002
Fra:1 Mem:30.32M (Peak 30.32M) | Time:00:00.01 | Mem:0.02M, Peak:0.02M | Scene, ViewLayer | Synchronizing object | Swept cheek ruff.003
Fra:1 Mem:30.32M (Peak 30.32M) | Time:00:00.01 | Mem:0.02M, Peak:0.02M | Scene, ViewLayer | Synchronizing object | Swept cheek ruff.004
Fra:1 Mem:30.32M (Peak 30.32M) | Time:00:00.01 | Mem:0.02M, Peak:0.02M | Scene, ViewLayer | Synchronizing object | Swept cheek ruff.005
Fra:1 Mem:30.35M (Peak 30.35M) | Time:00:00.01 | Mem:0.02M, Peak:0.02M | Scene, ViewLayer | Synchronizing object | Articulated tail
Fra:1 Mem:30.37M (Peak 30.37M) | Time:00:00.01 | Mem:0.02M, Peak:0.02M | Scene, ViewLayer | Synchronizing object | Swept cheek ruff.006
Fra:1 Mem:30.38M (Peak 30.38M) | Time:00:00.01 | Mem:0.02M, Peak:0.02M | Scene, ViewLayer | Synchronizing object | Wrist fur.011
Fra:1 Mem:30.40M (Peak 30.40M) | Time:00:00.01 | Mem:0.02M, Peak:0.02M | Scene, ViewLayer | Synchronizing object | Swept cheek ruff.007
Fra:1 Mem:30.38M (Peak 30.40M) | Time:00:00.01 | Mem:0.02M, Peak:0.02M | Scene, ViewLayer | Synchronizing object | Ice swept crest.001
Fra:1 Mem:30.39M (Peak 30.40M) | Time:00:00.01 | Mem:0.02M, Peak:0.02M | Scene, ViewLayer | Synchronizing object | Ice swept crest.002
Fra:1 Mem:30.39M (Peak 30.40M) | Time:00:00.01 | Mem:0.02M, Peak:0.02M | Scene, ViewLayer | Synchronizing object | Ice swept crest.003
Fra:1 Mem:30.40M (Peak 30.40M) | Time:00:00.01 | Mem:0.02M, Peak:0.02M | Scene, ViewLayer | Synchronizing object | Ice swept crest.004
Fra:1 Mem:30.40M (Peak 30.40M) | Time:00:00.01 | Mem:0.02M, Peak:0.02M | Scene, ViewLayer | Synchronizing object | Ice swept crest.005
Fra:1 Mem:30.40M (Peak 30.40M) | Time:00:00.01 | Mem:0.02M, Peak:0.02M | Scene, ViewLayer | Synchronizing object | Layered shoulder fur
Fra:1 Mem:30.41M (Peak 30.41M) | Time:00:00.01 | Mem:0.02M, Peak:0.02M | Scene, ViewLayer | Synchronizing object | Layered shoulder fur.001
Fra:1 Mem:30.41M (Peak 30.41M) | Time:00:00.01 | Mem:0.02M, Peak:0.02M | Scene, ViewLayer | Synchronizing object | Layered shoulder fur.002
Fra:1 Mem:30.44M (Peak 30.44M) | Time:00:00.01 | Mem:0.02M, Peak:0.02M | Scene, ViewLayer | Synchronizing object | Wrist fur.001
Fra:1 Mem:30.43M (Peak 30.44M) | Time:00:00.01 | Mem:0.02M, Peak:0.02M | Scene, ViewLayer | Synchronizing object | Layered shoulder fur.003
Fra:1 Mem:30.43M (Peak 30.44M) | Time:00:00.01 | Mem:0.02M, Peak:0.02M | Scene, ViewLayer | Synchronizing object | Layered shoulder fur.004
Fra:1 Mem:30.44M (Peak 30.44M) | Time:00:00.01 | Mem:0.02M, Peak:0.02M | Scene, ViewLayer | Synchronizing object | Layered shoulder fur.005
Fra:1 Mem:30.45M (Peak 30.45M) | Time:00:00.01 | Mem:0.02M, Peak:0.02M | Scene, ViewLayer | Synchronizing object | Wrist fur.005
Fra:1 Mem:30.45M (Peak 30.45M) | Time:00:00.01 | Mem:0.02M, Peak:0.02M | Scene, ViewLayer | Synchronizing object | Layered shoulder fur.006
Fra:1 Mem:30.46M (Peak 30.46M) | Time:00:00.01 | Mem:0.02M, Peak:0.02M | Scene, ViewLayer | Synchronizing object | Layered shoulder fur.007
Fra:1 Mem:30.46M (Peak 30.46M) | Time:00:00.01 | Mem:0.02M, Peak:0.02M | Scene, ViewLayer | Synchronizing object | Layered shoulder fur.008
Fra:1 Mem:30.47M (Peak 30.47M) | Time:00:00.01 | Mem:0.02M, Peak:0.02M | Scene, ViewLayer | Synchronizing object | Wrist fur.007
Fra:1 Mem:30.47M (Peak 30.47M) | Time:00:00.01 | Mem:0.02M, Peak:0.02M | Scene, ViewLayer | Synchronizing object | Wrist fur.008
Fra:1 Mem:30.47M (Peak 30.47M) | Time:00:00.01 | Mem:0.02M, Peak:0.02M | Scene, ViewLayer | Synchronizing object | Layered shoulder fur.010
Fra:1 Mem:30.48M (Peak 30.48M) | Time:00:00.01 | Mem:0.02M, Peak:0.02M | Scene, ViewLayer | Synchronizing object | Wrist fur.009
Fra:1 Mem:30.51M (Peak 30.51M) | Time:00:00.01 | Mem:0.02M, Peak:0.02M | Scene, ViewLayer | Initializing
Fra:1 Mem:28.90M (Peak 30.51M) | Time:00:00.01 | Mem:0.02M, Peak:0.02M | Scene, ViewLayer | Updating Images | Loading Authored short-fur normal
Fra:1 Mem:24.92M (Peak 30.51M) | Time:00:00.01 | Mem:0.27M, Peak:0.27M | Scene, ViewLayer | Waiting for render to start
Fra:1 Mem:24.92M (Peak 30.51M) | Time:00:00.01 | Mem:0.27M, Peak:0.27M | Scene, ViewLayer | Updating Scene
Fra:1 Mem:24.92M (Peak 30.51M) | Time:00:00.01 | Mem:0.27M, Peak:0.27M | Scene, ViewLayer | Updating Shaders
Fra:1 Mem:24.92M (Peak 30.51M) | Time:00:00.01 | Mem:0.27M, Peak:0.27M | Scene, ViewLayer | Loading render kernels (may take a few minutes the first time)
Fra:1 Mem:25.00M (Peak 30.51M) | Time:00:00.08 | Mem:0.28M, Peak:0.28M | Scene, ViewLayer | Updating Procedurals
Fra:1 Mem:25.00M (Peak 30.51M) | Time:00:00.08 | Mem:0.28M, Peak:0.28M | Scene, ViewLayer | Updating Background
Fra:1 Mem:25.00M (Peak 30.51M) | Time:00:00.08 | Mem:0.28M, Peak:0.28M | Scene, ViewLayer | Updating Camera
Fra:1 Mem:25.00M (Peak 30.51M) | Time:00:00.08 | Mem:0.28M, Peak:0.28M | Scene, ViewLayer | Updating Meshes Flags
Fra:1 Mem:25.00M (Peak 30.51M) | Time:00:00.08 | Mem:0.28M, Peak:0.28M | Scene, ViewLayer | Updating Objects
Fra:1 Mem:25.00M (Peak 30.51M) | Time:00:00.08 | Mem:0.28M, Peak:0.28M | Scene, ViewLayer | Updating Objects | Copying Transformations to device
Fra:1 Mem:25.00M (Peak 30.51M) | Time:00:00.08 | Mem:0.31M, Peak:0.31M | Scene, ViewLayer | Updating Particle Systems
Fra:1 Mem:25.00M (Peak 30.51M) | Time:00:00.08 | Mem:0.31M, Peak:0.31M | Scene, ViewLayer | Updating Particle Systems | Copying Particles to device
Fra:1 Mem:25.00M (Peak 30.51M) | Time:00:00.08 | Mem:0.31M, Peak:0.31M | Scene, ViewLayer | Updating Meshes
Fra:1 Mem:25.76M (Peak 30.51M) | Time:00:00.09 | Mem:0.31M, Peak:0.31M | Scene, ViewLayer | Updating Objects | Applying Static Transformations
Fra:1 Mem:25.76M (Peak 30.51M) | Time:00:00.09 | Mem:0.31M, Peak:0.31M | Scene, ViewLayer | Updating Mesh | Computing attributes
Fra:1 Mem:26.84M (Peak 30.51M) | Time:00:00.09 | Mem:0.33M, Peak:0.33M | Scene, ViewLayer | Updating Mesh | Copying Attributes to device
Fra:1 Mem:25.76M (Peak 30.51M) | Time:00:00.23 | Mem:1.42M, Peak:1.42M | Scene, ViewLayer | Updating Geometry BVH light 105/104 | Building BVH
Fra:1 Mem:25.76M (Peak 30.51M) | Time:00:00.23 | Mem:1.42M, Peak:1.42M | Scene, ViewLayer | Updating Geometry BVH Paw toe.014 7/104 | Building BVH
Fra:1 Mem:25.76M (Peak 30.51M) | Time:00:00.23 | Mem:1.42M, Peak:1.42M | Scene, ViewLayer | Updating Geometry BVH Ivory claw.014 8/104 | Building BVH
Fra:1 Mem:25.76M (Peak 30.51M) | Time:00:00.23 | Mem:1.42M, Peak:1.42M | Scene, ViewLayer | Updating Geometry BVH Ivory claw.014 8/104 | Building mesh BLAS |      32 tris | Ivory claw.012
Fra:1 Mem:25.76M (Peak 30.51M) | Time:00:00.23 | Mem:1.42M, Peak:1.42M | Scene, ViewLayer | Updating Geometry BVH Ivory claw.014 8/104 | Building mesh BLAS |      32 tris | Ivory claw.013
Fra:1 Mem:25.76M (Peak 30.51M) | Time:00:00.23 | Mem:1.42M, Peak:1.42M | Scene, ViewLayer | Updating Geometry BVH Sky fill 103/104 | Building BVH
Fra:1 Mem:25.76M (Peak 30.51M) | Time:00:00.23 | Mem:1.42M, Peak:1.42M | Scene, ViewLayer | Updating Geometry BVH Sunset key 102/104 | Building BVH
Fra:1 Mem:25.76M (Peak 30.51M) | Time:00:00.23 | Mem:1.42M, Peak:1.42M | Scene, ViewLayer | Updating Geometry BVH Plane 101/104 | Building BVH
Fra:1 Mem:25.76M (Peak 30.51M) | Time:00:00.23 | Mem:1.42M, Peak:1.42M | Scene, ViewLayer | Updating Geometry BVH Plane 101/104 | Building mesh BLAS |       2 tris | Plane
Fra:1 Mem:25.76M (Peak 30.51M) | Time:00:00.23 | Mem:1.42M, Peak:1.42M | Scene, ViewLayer | Updating Geometry BVH Plane 101/104 | Building mesh BLAS |      32 tris | Ivory claw.014
Fra:1 Mem:25.76M (Peak 30.51M) | Time:00:00.23 | Mem:1.42M, Peak:1.42M | Scene, ViewLayer | Updating Geometry BVH Paw toe.015 9/104 | Building BVH
Fra:1 Mem:25.76M (Peak 30.51M) | Time:00:00.23 | Mem:1.42M, Peak:1.42M | Scene, ViewLayer | Updating Geometry BVH Paw toe.015 9/104 | Building mesh BLAS |     192 tris | Paw toe.015
Fra:1 Mem:25.76M (Peak 30.51M) | Time:00:00.23 | Mem:1.42M, Peak:1.42M | Scene, ViewLayer | Updating Geometry BVH Raised elemental crest.001 100/104 | Building BVH
Fra:1 Mem:25.76M (Peak 30.51M) | Time:00:00.23 | Mem:1.42M, Peak:1.42M | Scene, ViewLayer | Updating Geometry BVH Raised elemental crest.001 100/104 | Building mesh BLAS |      26 tris | Raised elemental crest.001
Fra:1 Mem:25.76M (Peak 30.51M) | Time:00:00.23 | Mem:1.42M, Peak:1.42M | Scene, ViewLayer | Updating Geometry BVH Ivory claw.015 10/104 | Building BVH
Fra:1 Mem:25.76M (Peak 30.51M) | Time:00:00.23 | Mem:1.42M, Peak:1.42M | Scene, ViewLayer | Updating Geometry BVH Paw toe.016 11/104 | Building BVH
Fra:1 Mem:25.76M (Peak 30.51M) | Time:00:00.23 | Mem:1.42M, Peak:1.42M | Scene, ViewLayer | Updating Geometry BVH Paw toe.016 11/104 | Building mesh BLAS |     192 tris | Paw toe.016
Fra:1 Mem:25.76M (Peak 30.51M) | Time:00:00.23 | Mem:1.42M, Peak:1.42M | Scene, ViewLayer | Updating Geometry BVH Ivory claw.016 12/104 | Building BVH
Fra:1 Mem:25.76M (Peak 30.51M) | Time:00:00.23 | Mem:1.42M, Peak:1.42M | Scene, ViewLayer | Updating Geometry BVH Ivory claw.017 14/104 | Building BVH
Fra:1 Mem:25.76M (Peak 30.51M) | Time:00:00.23 | Mem:1.42M, Peak:1.42M | Scene, ViewLayer | Updating Geometry BVH Brass crest clasp.001 99/104 | Building mesh BLAS |      32 tris | Ivory claw.016
Fra:1 Mem:25.76M (Peak 30.51M) | Time:00:00.23 | Mem:1.42M, Peak:1.42M | Scene, ViewLayer | Updating Geometry BVH Brass crest clasp.001 99/104 | Building mesh BLAS |     192 tris | Paw toe.017
Fra:1 Mem:25.76M (Peak 30.51M) | Time:00:00.23 | Mem:1.42M, Peak:1.42M | Scene, ViewLayer | Updating Geometry BVH Brass crest clasp.001 99/104 | Building mesh BLAS |      32 tris | Ivory claw.017
Fra:1 Mem:25.76M (Peak 30.51M) | Time:00:00.23 | Mem:1.42M, Peak:1.42M | Scene, ViewLayer | Updating Geometry BVH Brass crest clasp.001 99/104 | Building mesh BLAS |     320 tris | Brass crest clasp.001
Fra:1 Mem:25.76M (Peak 30.51M) | Time:00:00.23 | Mem:1.42M, Peak:1.42M | Scene, ViewLayer | Updating Geometry BVH Paw toe.018 15/104 | Building BVH
Fra:1 Mem:25.76M (Peak 30.51M) | Time:00:00.23 | Mem:1.42M, Peak:1.42M | Scene, ViewLayer | Updating Geometry BVH Paw toe.018 15/104 | Building mesh BLAS |     192 tris | Paw toe.018
Fra:1 Mem:25.76M (Peak 30.51M) | Time:00:00.23 | Mem:1.42M, Peak:1.42M | Scene, ViewLayer | Updating Geometry BVH Ivory claw.018 16/104 | Building BVH
Fra:1 Mem:25.76M (Peak 30.51M) | Time:00:00.23 | Mem:1.42M, Peak:1.42M | Scene, ViewLayer | Updating Geometry BVH Ivory claw.018 16/104 | Building mesh BLAS |      32 tris | Ivory claw.018
Fra:1 Mem:25.76M (Peak 30.51M) | Time:00:00.23 | Mem:1.42M, Peak:1.42M | Scene, ViewLayer | Updating Geometry BVH Paw toe.019 17/104 | Building BVH
Fra:1 Mem:25.76M (Peak 30.51M) | Time:00:00.23 | Mem:1.42M, Peak:1.42M | Scene, ViewLayer | Updating Geometry BVH Paw toe.020 19/104 | Building BVH
Fra:1 Mem:25.76M (Peak 30.51M) | Time:00:00.23 | Mem:1.42M, Peak:1.42M | Scene, ViewLayer | Updating Geometry BVH Paw toe.020 19/104 | Building mesh BLAS |      32 tris | Ivory claw.019
Fra:1 Mem:25.76M (Peak 30.51M) | Time:00:00.23 | Mem:1.42M, Peak:1.42M | Scene, ViewLayer | Updating Geometry BVH Ivory claw.020 20/104 | Building mesh BLAS |     192 tris | Paw toe.019
Fra:1 Mem:25.76M (Peak 30.51M) | Time:00:00.23 | Mem:1.42M, Peak:1.42M | Scene, ViewLayer | Updating Geometry BVH Ivory claw.020 20/104 | Building mesh BLAS |     192 tris | Paw toe.020
Fra:1 Mem:25.76M (Peak 30.51M) | Time:00:00.23 | Mem:1.42M, Peak:1.42M | Scene, ViewLayer | Updating Geometry BVH Neckerchief folded point.001 98/104 | Building BVH
Fra:1 Mem:25.76M (Peak 30.51M) | Time:00:00.23 | Mem:1.42M, Peak:1.42M | Scene, ViewLayer | Updating Geometry BVH Paw toe.021 21/104 | Building BVH
Fra:1 Mem:25.76M (Peak 30.51M) | Time:00:00.23 | Mem:1.42M, Peak:1.42M | Scene, ViewLayer | Updating Geometry BVH Ivory claw.021 22/104 | Building BVH
Fra:1 Mem:25.76M (Peak 30.51M) | Time:00:00.23 | Mem:1.42M, Peak:1.42M | Scene, ViewLayer | Updating Geometry BVH Ivory claw.021 22/104 | Building mesh BLAS |      32 tris | Ivory claw.021
Fra:1 Mem:25.76M (Peak 30.51M) | Time:00:00.23 | Mem:1.42M, Peak:1.42M | Scene, ViewLayer | Updating Geometry BVH Paw toe.022 23/104 | Building BVH
Fra:1 Mem:25.76M (Peak 30.51M) | Time:00:00.23 | Mem:1.42M, Peak:1.42M | Scene, ViewLayer | Updating Geometry BVH Paw toe.022 23/104 | Building mesh BLAS |     192 tris | Paw toe.022
Fra:1 Mem:25.76M (Peak 30.51M) | Time:00:00.23 | Mem:1.42M, Peak:1.42M | Scene, ViewLayer | Updating Geometry BVH Ivory claw.022 24/104 | Building BVH
Fra:1 Mem:25.76M (Peak 30.51M) | Time:00:00.23 | Mem:1.42M, Peak:1.42M | Scene, ViewLayer | Updating Geometry BVH Ivory claw.022 24/104 | Building mesh BLAS |      32 tris | Ivory claw.022
Fra:1 Mem:25.76M (Peak 30.51M) | Time:00:00.23 | Mem:1.42M, Peak:1.42M | Scene, ViewLayer | Updating Geometry BVH Paw toe.023 25/104 | Building BVH
Fra:1 Mem:25.76M (Peak 30.51M) | Time:00:00.23 | Mem:1.42M, Peak:1.42M | Scene, ViewLayer | Updating Geometry BVH Paw toe.023 25/104 | Building mesh BLAS |     192 tris | Paw toe.023
Fra:1 Mem:25.76M (Peak 30.51M) | Time:00:00.23 | Mem:1.42M, Peak:1.42M | Scene, ViewLayer | Updating Geometry BVH Paw toe.023 25/104 | Building mesh BLAS |       4 tris | Neckerchief folded point.001
Fra:1 Mem:25.76M (Peak 30.51M) | Time:00:00.23 | Mem:1.42M, Peak:1.42M | Scene, ViewLayer | Updating Geometry BVH Ivory claw.023 26/104 | Building BVH
Fra:1 Mem:25.76M (Peak 30.51M) | Time:00:00.23 | Mem:1.42M, Peak:1.42M | Scene, ViewLayer | Updating Geometry BVH Ivory claw.023 26/104 | Building mesh BLAS |      32 tris | Ivory claw.023
Fra:1 Mem:25.76M (Peak 30.51M) | Time:00:00.23 | Mem:1.42M, Peak:1.42M | Scene, ViewLayer | Updating Geometry BVH Skull.001 27/104 | Building BVH
Fra:1 Mem:25.76M (Peak 30.51M) | Time:00:00.23 | Mem:1.42M, Peak:1.42M | Scene, ViewLayer | Updating Geometry BVH Frost muzzle 28/104 | Building BVH
Fra:1 Mem:25.76M (Peak 30.51M) | Time:00:00.23 | Mem:1.42M, Peak:1.42M | Scene, ViewLayer | Updating Geometry BVH Eye socket.002 30/104 | Building BVH
Fra:1 Mem:25.77M (Peak 30.51M) | Time:00:00.23 | Mem:1.42M, Peak:1.42M | Scene, ViewLayer | Updating Geometry BVH Eye socket.002 30/104 | Building mesh BLAS |     480 tris | Frost muzzle
Fra:1 Mem:25.76M (Peak 30.51M) | Time:00:00.23 | Mem:1.42M, Peak:1.42M | Scene, ViewLayer | Updating Geometry BVH Eye socket.002 30/104 | Building mesh BLAS |     480 tris | Eye socket.002
Fra:1 Mem:25.77M (Peak 30.51M) | Time:00:00.23 | Mem:1.42M, Peak:1.42M | Scene, ViewLayer | Updating Geometry BVH Eye socket.002 30/104 | Building mesh BLAS |       6 tris | Heart shaped nose.001
Fra:1 Mem:25.77M (Peak 30.51M) | Time:00:00.23 | Mem:1.42M, Peak:1.42M | Scene, ViewLayer | Updating Geometry BVH Ivory eye.002 31/104 | Building BVH
Fra:1 Mem:25.77M (Peak 30.51M) | Time:00:00.23 | Mem:1.42M, Peak:1.42M | Scene, ViewLayer | Updating Geometry BVH Leather neckerchief roll.001 97/104 | Building BVH
Fra:1 Mem:25.77M (Peak 30.51M) | Time:00:00.23 | Mem:1.42M, Peak:1.42M | Scene, ViewLayer | Updating Geometry BVH Iris.002 32/104 | Building BVH
Fra:1 Mem:25.77M (Peak 30.51M) | Time:00:00.23 | Mem:1.42M, Peak:1.42M | Scene, ViewLayer | Updating Geometry BVH Iris.002 32/104 | Building mesh BLAS |      76 tris | Leather neckerchief roll.001
Fra:1 Mem:25.77M (Peak 30.51M) | Time:00:00.23 | Mem:1.42M, Peak:1.42M | Scene, ViewLayer | Updating Geometry BVH Pupil.002 33/104 | Building BVH
Fra:1 Mem:25.77M (Peak 30.51M) | Time:00:00.23 | Mem:1.42M, Peak:1.42M | Scene, ViewLayer | Updating Geometry BVH Pupil.002 33/104 | Building mesh BLAS |     320 tris | Pupil.002
Fra:1 Mem:25.77M (Peak 30.51M) | Time:00:00.23 | Mem:1.42M, Peak:1.42M | Scene, ViewLayer | Updating Geometry BVH Eye glint.002 34/104 | Building BVH
Fra:1 Mem:25.77M (Peak 30.51M) | Time:00:00.23 | Mem:1.42M, Peak:1.42M | Scene, ViewLayer | Updating Geometry BVH Eye glint.002 34/104 | Building mesh BLAS |     192 tris | Eye glint.002
Fra:1 Mem:25.77M (Peak 30.51M) | Time:00:00.23 | Mem:1.42M, Peak:1.42M | Scene, ViewLayer | Updating Geometry BVH Smiling mouth.002 36/104 | Building BVH
Fra:1 Mem:25.77M (Peak 30.51M) | Time:00:00.23 | Mem:1.42M, Peak:1.42M | Scene, ViewLayer | Updating Geometry BVH Smiling mouth.002 36/104 | Building mesh BLAS |      32 tris | Smiling mouth.002
Fra:1 Mem:25.77M (Peak 30.51M) | Time:00:00.23 | Mem:1.42M, Peak:1.42M | Scene, ViewLayer | Updating Geometry BVH Whisker pore.006 37/104 | Building BVH
Fra:1 Mem:25.77M (Peak 30.51M) | Time:00:00.23 | Mem:1.42M, Peak:1.42M | Scene, ViewLayer | Updating Geometry BVH Whisker pore.006 37/104 | Building mesh BLAS |      64 tris | Whisker pore.006
Fra:1 Mem:25.77M (Peak 30.51M) | Time:00:00.23 | Mem:1.42M, Peak:1.42M | Scene, ViewLayer | Updating Geometry BVH Whisker pore.007 38/104 | Building BVH
Fra:1 Mem:25.77M (Peak 30.51M) | Time:00:00.23 | Mem:1.42M, Peak:1.42M | Scene, ViewLayer | Updating Geometry BVH Whisker pore.007 38/104 | Building mesh BLAS |      64 tris | Whisker pore.007
Fra:1 Mem:25.77M (Peak 30.51M) | Time:00:00.23 | Mem:1.42M, Peak:1.42M | Scene, ViewLayer | Updating Geometry BVH Whisker pore.007 38/104 | Building mesh BLAS |      44 tris | Expressive brow.002
Fra:1 Mem:25.77M (Peak 30.51M) | Time:00:00.23 | Mem:1.42M, Peak:1.42M | Scene, ViewLayer | Updating Geometry BVH Articulated tail.001 96/104 | Building BVH
Fra:1 Mem:25.77M (Peak 30.51M) | Time:00:00.23 | Mem:1.42M, Peak:1.42M | Scene, ViewLayer | Updating Geometry BVH Articulated tail.001 96/104 | Building mesh BLAS |     268 tris | Articulated tail.001
Fra:1 Mem:25.77M (Peak 30.51M) | Time:00:00.23 | Mem:1.42M, Peak:1.42M | Scene, ViewLayer | Updating Geometry BVH Whisker pore.008 39/104 | Building BVH
Fra:1 Mem:25.77M (Peak 30.51M) | Time:00:00.23 | Mem:1.42M, Peak:1.42M | Scene, ViewLayer | Updating Geometry BVH Whisker pore.008 39/104 | Building mesh BLAS |      64 tris | Whisker pore.008
Fra:1 Mem:25.77M (Peak 30.51M) | Time:00:00.23 | Mem:1.42M, Peak:1.42M | Scene, ViewLayer | Updating Geometry BVH Eye socket.003 40/104 | Building BVH
Fra:1 Mem:25.77M (Peak 30.51M) | Time:00:00.23 | Mem:1.42M, Peak:1.42M | Scene, ViewLayer | Updating Geometry BVH Ivory eye.003 41/104 | Building BVH
Fra:1 Mem:25.77M (Peak 30.51M) | Time:00:00.23 | Mem:1.42M, Peak:1.42M | Scene, ViewLayer | Updating Geometry BVH Ivory eye.003 41/104 | Building mesh BLAS |     480 tris | Eye socket.003
Fra:1 Mem:25.77M (Peak 30.51M) | Time:00:00.23 | Mem:1.42M, Peak:1.42M | Scene, ViewLayer | Updating Geometry BVH Ivory eye.003 41/104 | Building mesh BLAS |     480 tris | Ivory eye.003
Fra:1 Mem:25.77M (Peak 30.51M) | Time:00:00.23 | Mem:1.42M, Peak:1.42M | Scene, ViewLayer | Updating Geometry BVH Iris.003 42/104 | Building BVH
Fra:1 Mem:25.77M (Peak 30.51M) | Time:00:00.23 | Mem:1.42M, Peak:1.42M | Scene, ViewLayer | Updating Geometry BVH Iris.003 42/104 | Building mesh BLAS |     480 tris | Iris.003
Fra:1 Mem:25.77M (Peak 30.51M) | Time:00:00.23 | Mem:1.42M, Peak:1.42M | Scene, ViewLayer | Updating Geometry BVH Pupil.003 43/104 | Building BVH
Fra:1 Mem:25.77M (Peak 30.51M) | Time:00:00.23 | Mem:1.42M, Peak:1.42M | Scene, ViewLayer | Updating Geometry BVH Eye glint.003 44/104 | Building BVH
Fra:1 Mem:25.77M (Peak 30.51M) | Time:00:00.23 | Mem:1.42M, Peak:1.42M | Scene, ViewLayer | Updating Geometry BVH Eye glint.003 44/104 | Building mesh BLAS |     320 tris | Pupil.003
Fra:1 Mem:25.77M (Peak 30.51M) | Time:00:00.23 | Mem:1.42M, Peak:1.42M | Scene, ViewLayer | Updating Geometry BVH Eye glint.003 44/104 | Building mesh BLAS |     192 tris | Eye glint.003
Fra:1 Mem:25.77M (Peak 30.51M) | Time:00:00.23 | Mem:1.42M, Peak:1.42M | Scene, ViewLayer | Updating Geometry BVH Expressive brow.003 45/104 | Building BVH
Fra:1 Mem:25.77M (Peak 30.51M) | Time:00:00.23 | Mem:1.42M, Peak:1.42M | Scene, ViewLayer | Updating Geometry BVH Expressive brow.003 45/104 | Building mesh BLAS |      44 tris | Expressive brow.003
Fra:1 Mem:25.77M (Peak 30.51M) | Time:00:00.23 | Mem:1.42M, Peak:1.42M | Scene, ViewLayer | Updating Geometry BVH Smiling mouth.003 46/104 | Building BVH
Fra:1 Mem:25.77M (Peak 30.51M) | Time:00:00.23 | Mem:1.42M, Peak:1.42M | Scene, ViewLayer | Updating Geometry BVH Whisker pore.009 47/104 | Building mesh BLAS |      32 tris | Smiling mouth.003
Fra:1 Mem:25.77M (Peak 30.51M) | Time:00:00.23 | Mem:1.42M, Peak:1.42M | Scene, ViewLayer | Updating Geometry BVH Wrist fur.023 95/104 | Building BVH
Fra:1 Mem:25.77M (Peak 30.51M) | Time:00:00.23 | Mem:1.42M, Peak:1.42M | Scene, ViewLayer | Updating Geometry BVH Whisker pore.010 48/104 | Building BVH
Fra:1 Mem:25.77M (Peak 30.51M) | Time:00:00.23 | Mem:1.42M, Peak:1.42M | Scene, ViewLayer | Updating Geometry BVH Whisker pore.010 48/104 | Building mesh BLAS |      64 tris | Whisker pore.009
Fra:1 Mem:25.77M (Peak 30.51M) | Time:00:00.23 | Mem:1.42M, Peak:1.42M | Scene, ViewLayer | Updating Geometry BVH Whisker pore.011 49/104 | Building mesh BLAS |      64 tris | Whisker pore.010
Fra:1 Mem:25.77M (Peak 30.51M) | Time:00:00.23 | Mem:1.42M, Peak:1.42M | Scene, ViewLayer | Updating Geometry BVH Whisker pore.011 49/104 | Building mesh BLAS |      64 tris | Whisker pore.011
Fra:1 Mem:25.77M (Peak 30.51M) | Time:00:00.23 | Mem:1.42M, Peak:1.42M | Scene, ViewLayer | Updating Geometry BVH Lower jaw.001 50/104 | Building BVH
Fra:1 Mem:25.77M (Peak 30.51M) | Time:00:00.23 | Mem:1.42M, Peak:1.42M | Scene, ViewLayer | Updating Geometry BVH Mouth cavity.001 51/104 | Building BVH
Fra:1 Mem:25.77M (Peak 30.51M) | Time:00:00.23 | Mem:1.42M, Peak:1.42M | Scene, ViewLayer | Updating Geometry BVH Mouth cavity.001 51/104 | Building mesh BLAS |     400 tris | Lower jaw.001
Fra:1 Mem:25.77M (Peak 30.51M) | Time:00:00.23 | Mem:1.42M, Peak:1.42M | Scene, ViewLayer | Updating Geometry BVH Mouth cavity.001 51/104 | Building mesh BLAS |     360 tris | Mouth cavity.001
Fra:1 Mem:25.77M (Peak 30.51M) | Time:00:00.23 | Mem:1.42M, Peak:1.42M | Scene, ViewLayer | Updating Geometry BVH Mouth cavity.001 51/104 | Building mesh BLAS |      44 tris | Wrist fur.023
Fra:1 Mem:25.77M (Peak 30.51M) | Time:00:00.23 | Mem:1.42M, Peak:1.42M | Scene, ViewLayer | Updating Geometry BVH Lower canine.002 52/104 | Building BVH
Fra:1 Mem:25.77M (Peak 30.51M) | Time:00:00.23 | Mem:1.42M, Peak:1.42M | Scene, ViewLayer | Updating Geometry BVH Lower canine.002 52/104 | Building mesh BLAS |      38 tris | Lower canine.002
Fra:1 Mem:25.77M (Peak 30.51M) | Time:00:00.23 | Mem:1.42M, Peak:1.42M | Scene, ViewLayer | Updating Geometry BVH Lower canine.003 53/104 | Building BVH
Fra:1 Mem:25.77M (Peak 30.51M) | Time:00:00.23 | Mem:1.42M, Peak:1.42M | Scene, ViewLayer | Updating Geometry BVH Lower canine.003 53/104 | Building mesh BLAS |      38 tris | Lower canine.003
Fra:1 Mem:25.77M (Peak 30.51M) | Time:00:00.23 | Mem:1.42M, Peak:1.42M | Scene, ViewLayer | Updating Geometry BVH Pointed species ear 54/104 | Building BVH
Fra:1 Mem:25.77M (Peak 30.51M) | Time:00:00.23 | Mem:1.42M, Peak:1.42M | Scene, ViewLayer | Updating Geometry BVH Pointed species ear 54/104 | Building mesh BLAS |       6 tris | Pointed species ear
Fra:1 Mem:25.77M (Peak 30.51M) | Time:00:00.23 | Mem:1.42M, Peak:1.42M | Scene, ViewLayer | Updating Geometry BVH Inner ear 55/104 | Building BVH
Fra:1 Mem:25.77M (Peak 30.51M) | Time:00:00.23 | Mem:1.42M, Peak:1.42M | Scene, ViewLayer | Updating Geometry BVH Pointed species ear.001 56/104 | Building BVH
Fra:1 Mem:25.77M (Peak 30.51M) | Time:00:00.23 | Mem:1.42M, Peak:1.42M | Scene, ViewLayer | Updating Geometry BVH Pointed species ear.001 56/104 | Building mesh BLAS |       3 tris | Inner ear
Fra:1 Mem:25.77M (Peak 30.51M) | Time:00:00.24 | Mem:1.42M, Peak:1.42M | Scene, ViewLayer | Updating Geometry BVH Inner ear.001 57/104 | Building BVH
Fra:1 Mem:25.77M (Peak 30.51M) | Time:00:00.24 | Mem:1.42M, Peak:1.42M | Scene, ViewLayer | Updating Geometry BVH Swept cheek ruff 58/104 | Building BVH
Fra:1 Mem:25.77M (Peak 30.51M) | Time:00:00.24 | Mem:1.42M, Peak:1.42M | Scene, ViewLayer | Updating Geometry BVH Swept cheek ruff 58/104 | Building mesh BLAS |       3 tris | Inner ear.001
Fra:1 Mem:25.77M (Peak 30.51M) | Time:00:00.24 | Mem:1.42M, Peak:1.42M | Scene, ViewLayer | Updating Geometry BVH Swept cheek ruff 58/104 | Building mesh BLAS |      44 tris | Swept cheek ruff
Fra:1 Mem:25.77M (Peak 30.51M) | Time:00:00.24 | Mem:1.42M, Peak:1.42M | Scene, ViewLayer | Updating Geometry BVH Wrist fur.022 94/104 | Building BVH
Fra:1 Mem:25.77M (Peak 30.51M) | Time:00:00.24 | Mem:1.42M, Peak:1.42M | Scene, ViewLayer | Updating Geometry BVH Swept cheek ruff.002 60/104 | Building BVH
Fra:1 Mem:25.77M (Peak 30.51M) | Time:00:00.24 | Mem:1.42M, Peak:1.42M | Scene, ViewLayer | Updating Geometry BVH Swept cheek ruff.003 61/104 | Building BVH
Fra:1 Mem:25.77M (Peak 30.51M) | Time:00:00.24 | Mem:1.42M, Peak:1.42M | Scene, ViewLayer | Updating Geometry BVH Swept cheek ruff.003 61/104 | Building mesh BLAS |      44 tris | Swept cheek ruff.002
Fra:1 Mem:25.77M (Peak 30.51M) | Time:00:00.24 | Mem:1.42M, Peak:1.42M | Scene, ViewLayer | Updating Geometry BVH Swept cheek ruff.004 62/104 | Building mesh BLAS |      44 tris | Swept cheek ruff.003
Fra:1 Mem:25.77M (Peak 30.51M) | Time:00:00.24 | Mem:1.42M, Peak:1.42M | Scene, ViewLayer | Updating Geometry BVH Swept cheek ruff.004 62/104 | Building mesh BLAS |      44 tris | Wrist fur.022
Fra:1 Mem:25.77M (Peak 30.51M) | Time:00:00.24 | Mem:1.42M, Peak:1.42M | Scene, ViewLayer | Updating Geometry BVH Swept cheek ruff.004 62/104 | Building mesh BLAS |      44 tris | Swept cheek ruff.004
Fra:1 Mem:25.77M (Peak 30.51M) | Time:00:00.24 | Mem:1.42M, Peak:1.42M | Scene, ViewLayer | Updating Geometry BVH Swept cheek ruff.004 62/104 | Building mesh BLAS |      44 tris | Swept cheek ruff.001
Fra:1 Mem:25.77M (Peak 30.51M) | Time:00:00.24 | Mem:1.42M, Peak:1.42M | Scene, ViewLayer | Updating Geometry BVH Swept cheek ruff.006 64/104 | Building BVH
Fra:1 Mem:25.77M (Peak 30.51M) | Time:00:00.24 | Mem:1.42M, Peak:1.42M | Scene, ViewLayer | Updating Geometry BVH Swept cheek ruff.006 64/104 | Building mesh BLAS |      44 tris | Swept cheek ruff.005
Fra:1 Mem:25.77M (Peak 30.51M) | Time:00:00.24 | Mem:1.42M, Peak:1.42M | Scene, ViewLayer | Updating Geometry BVH Swept cheek ruff.006 64/104 | Building mesh BLAS |      44 tris | Swept cheek ruff.006
Fra:1 Mem:25.77M (Peak 30.51M) | Time:00:00.24 | Mem:1.42M, Peak:1.42M | Scene, ViewLayer | Updating Geometry BVH Swept cheek ruff.007 65/104 | Building BVH
Fra:1 Mem:25.77M (Peak 30.51M) | Time:00:00.24 | Mem:1.42M, Peak:1.42M | Scene, ViewLayer | Updating Geometry BVH Swept cheek ruff.007 65/104 | Building mesh BLAS |      44 tris | Swept cheek ruff.007
Fra:1 Mem:25.77M (Peak 30.51M) | Time:00:00.24 | Mem:1.42M, Peak:1.42M | Scene, ViewLayer | Updating Geometry BVH Ice swept crest 66/104 | Building BVH
Fra:1 Mem:25.77M (Peak 30.51M) | Time:00:00.24 | Mem:1.42M, Peak:1.42M | Scene, ViewLayer | Updating Geometry BVH Ice swept crest 66/104 | Building mesh BLAS |      44 tris | Ice swept crest
Fra:1 Mem:25.77M (Peak 30.51M) | Time:00:00.24 | Mem:1.42M, Peak:1.42M | Scene, ViewLayer | Updating Geometry BVH Wrist fur.021 93/104 | Building BVH
Fra:1 Mem:25.77M (Peak 30.51M) | Time:00:00.24 | Mem:1.42M, Peak:1.42M | Scene, ViewLayer | Updating Geometry BVH Ice swept crest.002 68/104 | Building mesh BLAS |      44 tris | Wrist fur.021
Fra:1 Mem:25.77M (Peak 30.51M) | Time:00:00.24 | Mem:1.42M, Peak:1.42M | Scene, ViewLayer | Updating Geometry BVH Ice swept crest.002 68/104 | Building mesh BLAS |      44 tris | Ice swept crest.002
Fra:1 Mem:25.77M (Peak 30.51M) | Time:00:00.24 | Mem:1.42M, Peak:1.42M | Scene, ViewLayer | Updating Geometry BVH Ice swept crest.002 68/104 | Building mesh BLAS |      44 tris | Ice swept crest.001
Fra:1 Mem:25.77M (Peak 30.51M) | Time:00:00.24 | Mem:1.42M, Peak:1.42M | Scene, ViewLayer | Updating Geometry BVH Ice swept crest.003 69/104 | Building BVH
Fra:1 Mem:25.77M (Peak 30.51M) | Time:00:00.24 | Mem:1.42M, Peak:1.42M | Scene, ViewLayer | Updating Geometry BVH Ice swept crest.004 70/104 | Building BVH
Fra:1 Mem:25.77M (Peak 30.51M) | Time:00:00.24 | Mem:1.42M, Peak:1.42M | Scene, ViewLayer | Updating Geometry BVH Ice swept crest.004 70/104 | Building mesh BLAS |      44 tris | Ice swept crest.003
Fra:1 Mem:25.77M (Peak 30.51M) | Time:00:00.24 | Mem:1.42M, Peak:1.42M | Scene, ViewLayer | Updating Geometry BVH Ice swept crest.004 70/104 | Building mesh BLAS |      44 tris | Ice swept crest.004
Fra:1 Mem:25.77M (Peak 30.51M) | Time:00:00.24 | Mem:1.42M, Peak:1.42M | Scene, ViewLayer | Updating Geometry BVH Ice swept crest.005 71/104 | Building BVH
Fra:1 Mem:25.77M (Peak 30.51M) | Time:00:00.24 | Mem:1.42M, Peak:1.42M | Scene, ViewLayer | Updating Geometry BVH Layered shoulder fur.013 73/104 | Building mesh BLAS |      44 tris | Ice swept crest.005
Fra:1 Mem:25.77M (Peak 30.51M) | Time:00:00.24 | Mem:1.42M, Peak:1.42M | Scene, ViewLayer | Updating Geometry BVH Layered shoulder fur.013 73/104 | Building mesh BLAS |      44 tris | Layered shoulder fur.012
Fra:1 Mem:25.77M (Peak 30.51M) | Time:00:00.24 | Mem:1.42M, Peak:1.42M | Scene, ViewLayer | Updating Geometry BVH Layered shoulder fur.013 73/104 | Building mesh BLAS |      44 tris | Layered shoulder fur.013
Fra:1 Mem:25.77M (Peak 30.51M) | Time:00:00.24 | Mem:1.42M, Peak:1.42M | Scene, ViewLayer | Updating Geometry BVH Layered shoulder fur.023 92/104 | Building BVH
Fra:1 Mem:25.77M (Peak 30.51M) | Time:00:00.24 | Mem:1.42M, Peak:1.42M | Scene, ViewLayer | Updating Geometry BVH Wrist fur.012 75/104 | Building BVH
Fra:1 Mem:25.77M (Peak 30.51M) | Time:00:00.24 | Mem:1.42M, Peak:1.42M | Scene, ViewLayer | Updating Geometry BVH Wrist fur.012 75/104 | Building mesh BLAS |      44 tris | Layered shoulder fur.023
Fra:1 Mem:25.77M (Peak 30.51M) | Time:00:00.24 | Mem:1.42M, Peak:1.42M | Scene, ViewLayer | Updating Geometry BVH Wrist fur.012 75/104 | Building mesh BLAS |      44 tris | Layered shoulder fur.014
Fra:1 Mem:25.77M (Peak 30.51M) | Time:00:00.24 | Mem:1.42M, Peak:1.42M | Scene, ViewLayer | Updating Geometry BVH Wrist fur.012 75/104 | Building mesh BLAS |      44 tris | Wrist fur.012
Fra:1 Mem:25.77M (Peak 30.51M) | Time:00:00.24 | Mem:1.42M, Peak:1.42M | Scene, ViewLayer | Updating Geometry BVH Wrist fur.013 76/104 | Building BVH
Fra:1 Mem:25.77M (Peak 30.51M) | Time:00:00.24 | Mem:1.42M, Peak:1.42M | Scene, ViewLayer | Updating Geometry BVH Wrist fur.013 76/104 | Building mesh BLAS |      44 tris | Wrist fur.013
Fra:1 Mem:25.77M (Peak 30.51M) | Time:00:00.24 | Mem:1.42M, Peak:1.42M | Scene, ViewLayer | Updating Geometry BVH Wrist fur.014 77/104 | Building BVH
Fra:1 Mem:25.77M (Peak 30.51M) | Time:00:00.24 | Mem:1.42M, Peak:1.42M | Scene, ViewLayer | Updating Geometry BVH Wrist fur.014 77/104 | Building mesh BLAS |      44 tris | Wrist fur.014
Fra:1 Mem:25.77M (Peak 30.51M) | Time:00:00.24 | Mem:1.42M, Peak:1.42M | Scene, ViewLayer | Updating Geometry BVH Layered shoulder fur.015 78/104 | Building BVH
Fra:1 Mem:25.77M (Peak 30.51M) | Time:00:00.24 | Mem:1.42M, Peak:1.42M | Scene, ViewLayer | Updating Geometry BVH Layered shoulder fur.016 79/104 | Building BVH
Fra:1 Mem:25.77M (Peak 30.51M) | Time:00:00.24 | Mem:1.42M, Peak:1.42M | Scene, ViewLayer | Updating Geometry BVH Layered shoulder fur.016 79/104 | Building mesh BLAS |      44 tris | Layered shoulder fur.015
Fra:1 Mem:25.77M (Peak 30.51M) | Time:00:00.24 | Mem:1.42M, Peak:1.42M | Scene, ViewLayer | Updating Geometry BVH Layered shoulder fur.016 79/104 | Building mesh BLAS |      44 tris | Layered shoulder fur.016
Fra:1 Mem:25.77M (Peak 30.51M) | Time:00:00.24 | Mem:1.43M, Peak:1.43M | Scene, ViewLayer | Updating Geometry BVH Layered shoulder fur.017 80/104 | Building BVH
Fra:1 Mem:25.77M (Peak 30.51M) | Time:00:00.24 | Mem:1.43M, Peak:1.43M | Scene, ViewLayer | Updating Geometry BVH Layered shoulder fur.017 80/104 | Building mesh BLAS |      44 tris | Layered shoulder fur.017
Fra:1 Mem:25.77M (Peak 30.51M) | Time:00:00.24 | Mem:1.43M, Peak:1.43M | Scene, ViewLayer | Updating Geometry BVH Layered shoulder fur.022 91/104 | Building BVH
Fra:1 Mem:25.77M (Peak 30.51M) | Time:00:00.24 | Mem:1.43M, Peak:1.43M | Scene, ViewLayer | Updating Geometry BVH Layered shoulder fur.022 91/104 | Building mesh BLAS |      44 tris | Layered shoulder fur.022
Fra:1 Mem:25.77M (Peak 30.51M) | Time:00:00.24 | Mem:1.43M, Peak:1.43M | Scene, ViewLayer | Updating Geometry BVH Wrist fur.015 81/104 | Building BVH
Fra:1 Mem:25.77M (Peak 30.51M) | Time:00:00.24 | Mem:1.43M, Peak:1.43M | Scene, ViewLayer | Updating Geometry BVH Wrist fur.015 81/104 | Building mesh BLAS |      44 tris | Wrist fur.015
Fra:1 Mem:25.77M (Peak 30.51M) | Time:00:00.24 | Mem:1.43M, Peak:1.43M | Scene, ViewLayer | Updating Geometry BVH Wrist fur.016 82/104 | Building BVH
Fra:1 Mem:25.77M (Peak 30.51M) | Time:00:00.24 | Mem:1.43M, Peak:1.43M | Scene, ViewLayer | Updating Geometry BVH Wrist fur.016 82/104 | Building mesh BLAS |      44 tris | Wrist fur.016
Fra:1 Mem:25.77M (Peak 30.51M) | Time:00:00.25 | Mem:1.43M, Peak:1.43M | Scene, ViewLayer | Updating Geometry BVH Wrist fur.017 83/104 | Building BVH
Fra:1 Mem:25.77M (Peak 30.51M) | Time:00:00.25 | Mem:1.43M, Peak:1.43M | Scene, ViewLayer | Updating Geometry BVH Wrist fur.017 83/104 | Building mesh BLAS |      44 tris | Wrist fur.017
Fra:1 Mem:25.77M (Peak 30.51M) | Time:00:00.25 | Mem:1.43M, Peak:1.43M | Scene, ViewLayer | Updating Geometry BVH Layered shoulder fur.018 84/104 | Building BVH
Fra:1 Mem:25.77M (Peak 30.51M) | Time:00:00.25 | Mem:1.43M, Peak:1.43M | Scene, ViewLayer | Updating Geometry BVH Layered shoulder fur.018 84/104 | Building mesh BLAS |      44 tris | Layered shoulder fur.018
Fra:1 Mem:25.77M (Peak 30.51M) | Time:00:00.25 | Mem:1.43M, Peak:1.43M | Scene, ViewLayer | Updating Geometry BVH Layered shoulder fur.019 85/104 | Building BVH
Fra:1 Mem:25.77M (Peak 30.51M) | Time:00:00.25 | Mem:1.43M, Peak:1.43M | Scene, ViewLayer | Updating Geometry BVH Layered shoulder fur.020 86/104 | Building BVH
Fra:1 Mem:25.77M (Peak 30.51M) | Time:00:00.25 | Mem:1.43M, Peak:1.43M | Scene, ViewLayer | Updating Geometry BVH Layered shoulder fur.020 86/104 | Building mesh BLAS |      44 tris | Layered shoulder fur.019
Fra:1 Mem:25.77M (Peak 30.51M) | Time:00:00.25 | Mem:1.43M, Peak:1.43M | Scene, ViewLayer | Updating Geometry BVH Layered shoulder fur.020 86/104 | Building mesh BLAS |      44 tris | Layered shoulder fur.020
Fra:1 Mem:25.77M (Peak 30.51M) | Time:00:00.25 | Mem:1.44M, Peak:1.44M | Scene, ViewLayer | Updating Geometry BVH Layered shoulder fur.021 90/104 | Building BVH
Fra:1 Mem:25.77M (Peak 30.51M) | Time:00:00.25 | Mem:1.44M, Peak:1.44M | Scene, ViewLayer | Updating Geometry BVH Layered shoulder fur.021 90/104 | Building mesh BLAS |      44 tris | Layered shoulder fur.021
Fra:1 Mem:25.77M (Peak 30.51M) | Time:00:00.25 | Mem:1.45M, Peak:1.45M | Scene, ViewLayer | Updating Geometry BVH Wrist fur.018 87/104 | Building BVH
Fra:1 Mem:25.77M (Peak 30.51M) | Time:00:00.25 | Mem:1.45M, Peak:1.45M | Scene, ViewLayer | Updating Geometry BVH Wrist fur.020 89/104 | Building BVH
Fra:1 Mem:25.77M (Peak 30.51M) | Time:00:00.25 | Mem:1.45M, Peak:1.45M | Scene, ViewLayer | Updating Geometry BVH Wrist fur.020 89/104 | Building mesh BLAS |      44 tris | Wrist fur.020
Fra:1 Mem:25.77M (Peak 30.51M) | Time:00:00.25 | Mem:1.45M, Peak:1.45M | Scene, ViewLayer | Updating Geometry BVH Wrist fur.020 89/104 | Building mesh BLAS |      44 tris | Wrist fur.019
Fra:1 Mem:25.77M (Peak 30.51M) | Time:00:00.25 | Mem:1.45M, Peak:1.45M | Scene, ViewLayer | Updating Geometry BVH Wrist fur.020 89/104 | Building mesh BLAS |      44 tris | Wrist fur.018
Fra:1 Mem:25.77M (Peak 30.51M) | Time:00:00.25 | Mem:1.72M, Peak:1.72M | Scene, ViewLayer | Updating Scene BVH | Building
Fra:1 Mem:25.77M (Peak 30.51M) | Time:00:00.26 | Mem:2.26M, Peak:2.26M | Scene, ViewLayer | Updating Scene BVH | Building TLAS      |     104 instances
Fra:1 Mem:25.77M (Peak 30.51M) | Time:00:00.26 | Mem:2.30M, Peak:2.30M | Scene, ViewLayer | Updating Scene BVH | Copying BVH to device
Fra:1 Mem:25.77M (Peak 30.51M) | Time:00:00.26 | Mem:2.30M, Peak:2.30M | Scene, ViewLayer | Updating Mesh | Computing normals
Fra:1 Mem:26.26M (Peak 30.51M) | Time:00:00.26 | Mem:2.30M, Peak:2.30M | Scene, ViewLayer | Updating Mesh | Copying Mesh to device
Fra:1 Mem:25.77M (Peak 30.51M) | Time:00:00.26 | Mem:2.80M, Peak:2.80M | Scene, ViewLayer | Updating Objects Flags
Fra:1 Mem:25.77M (Peak 30.51M) | Time:00:00.26 | Mem:2.80M, Peak:2.80M | Scene, ViewLayer | Updating Primitive Offsets
Fra:1 Mem:25.77M (Peak 30.51M) | Time:00:00.26 | Mem:2.80M, Peak:2.80M | Scene, ViewLayer | Updating Images
Fra:1 Mem:25.77M (Peak 30.51M) | Time:00:00.26 | Mem:2.80M, Peak:2.80M | Scene, ViewLayer | Updating Camera Volume
Fra:1 Mem:25.77M (Peak 30.51M) | Time:00:00.26 | Mem:2.80M, Peak:2.80M | Scene, ViewLayer | Updating Lookup Tables
Fra:1 Mem:25.69M (Peak 30.51M) | Time:00:00.26 | Mem:2.89M, Peak:2.89M | Scene, ViewLayer | Updating Lights
Fra:1 Mem:25.69M (Peak 30.51M) | Time:00:00.26 | Mem:2.89M, Peak:2.89M | Scene, ViewLayer | Updating Lights | Computing tree
Fra:1 Mem:25.69M (Peak 30.51M) | Time:00:00.26 | Mem:2.89M, Peak:2.89M | Scene, ViewLayer | Updating Integrator
Fra:1 Mem:25.69M (Peak 30.51M) | Time:00:00.26 | Mem:2.89M, Peak:2.89M | Scene, ViewLayer | Updating Film
Fra:1 Mem:25.77M (Peak 30.51M) | Time:00:00.26 | Mem:2.80M, Peak:2.89M | Scene, ViewLayer | Updating Lookup Tables
Fra:1 Mem:25.69M (Peak 30.51M) | Time:00:00.26 | Mem:2.89M, Peak:2.89M | Scene, ViewLayer | Updating Baking
Fra:1 Mem:25.69M (Peak 30.51M) | Time:00:00.26 | Mem:2.89M, Peak:2.89M | Scene, ViewLayer | Updating Device | Writing constant memory
Fra:1 Mem:25.69M (Peak 30.51M) | Time:00:00.30 | Mem:2.89M, Peak:2.89M | Scene, ViewLayer | Loading denoising kernels (may take a few minutes the first time)
Fra:1 Mem:25.69M (Peak 57.69M) | Time:00:00.30 | Mem:2818.90M, Peak:2818.90M | Scene, ViewLayer | Sample 0/12 (Using optimized kernels)
Fra:1 Mem:25.68M (Peak 61.20M) | Time:00:00.47 | Remaining:00:01.83 | Mem:2854.45M, Peak:2854.45M | Scene, ViewLayer | Sample 1/12 (Using optimized kernels)
Fra:1 Mem:40.64M (Peak 63.07M) | Time:00:03.52 | Mem:2854.45M, Peak:2854.45M | Scene, ViewLayer | Sample 12/12 (Using optimized kernels)
Fra:1 Mem:40.64M (Peak 63.07M) | Time:00:03.52 | Mem:2854.45M, Peak:2854.45M | Scene, ViewLayer | Finished
Saved: '/Users/chikumatsuboi/Code/animal-racers-western/assets/source/western/qa/wolf-race-rear.png'
Time: 00:03.65 (Saving: 00:00.07)

Fra:1 Mem:29.00M (Peak 29.00M) | Time:00:00.00 | Mem:0.02M, Peak:0.02M | Scene, ViewLayer | Synchronizing object | Body • continuous sculpted skin
Fra:1 Mem:29.00M (Peak 29.00M) | Time:00:00.01 | Mem:0.02M, Peak:0.02M | Scene, ViewLayer | Synchronizing object | Ivory claw.001
Fra:1 Mem:29.25M (Peak 29.25M) | Time:00:00.01 | Mem:0.02M, Peak:0.02M | Scene, ViewLayer | Synchronizing object | Paw toe.002
Fra:1 Mem:29.27M (Peak 29.27M) | Time:00:00.01 | Mem:0.02M, Peak:0.02M | Scene, ViewLayer | Synchronizing object | Paw toe.003
Fra:1 Mem:29.31M (Peak 29.31M) | Time:00:00.01 | Mem:0.02M, Peak:0.02M | Scene, ViewLayer | Synchronizing object | Ivory claw.003
Fra:1 Mem:29.32M (Peak 29.32M) | Time:00:00.01 | Mem:0.02M, Peak:0.02M | Scene, ViewLayer | Synchronizing object | Paw toe.004
Fra:1 Mem:29.36M (Peak 29.36M) | Time:00:00.01 | Mem:0.02M, Peak:0.02M | Scene, ViewLayer | Synchronizing object | Paw toe.005
Fra:1 Mem:29.55M (Peak 29.55M) | Time:00:00.01 | Mem:0.02M, Peak:0.02M | Scene, ViewLayer | Synchronizing object | Ivory claw.005
Fra:1 Mem:29.52M (Peak 29.55M) | Time:00:00.01 | Mem:0.02M, Peak:0.02M | Scene, ViewLayer | Synchronizing object | Paw toe.007
Fra:1 Mem:29.54M (Peak 29.55M) | Time:00:00.01 | Mem:0.02M, Peak:0.02M | Scene, ViewLayer | Synchronizing object | Ivory claw.007
Fra:1 Mem:29.55M (Peak 29.55M) | Time:00:00.01 | Mem:0.02M, Peak:0.02M | Scene, ViewLayer | Synchronizing object | Paw toe.008
Fra:1 Mem:29.56M (Peak 29.56M) | Time:00:00.01 | Mem:0.02M, Peak:0.02M | Scene, ViewLayer | Synchronizing object | Ivory claw.008
Fra:1 Mem:29.57M (Peak 29.57M) | Time:00:00.01 | Mem:0.02M, Peak:0.02M | Scene, ViewLayer | Synchronizing object | Ivory claw.009
Fra:1 Mem:29.59M (Peak 29.59M) | Time:00:00.01 | Mem:0.02M, Peak:0.02M | Scene, ViewLayer | Synchronizing object | Paw toe.010
Fra:1 Mem:29.60M (Peak 29.60M) | Time:00:00.01 | Mem:0.02M, Peak:0.02M | Scene, ViewLayer | Synchronizing object | Ivory claw.010
Fra:1 Mem:29.62M (Peak 29.62M) | Time:00:00.01 | Mem:0.02M, Peak:0.02M | Scene, ViewLayer | Synchronizing object | Paw toe.011
Fra:1 Mem:29.63M (Peak 29.63M) | Time:00:00.01 | Mem:0.02M, Peak:0.02M | Scene, ViewLayer | Synchronizing object | Head • species sculpt
Fra:1 Mem:29.63M (Peak 29.63M) | Time:00:00.01 | Mem:0.02M, Peak:0.02M | Scene, ViewLayer | Synchronizing object | Frost muzzle
Fra:1 Mem:29.65M (Peak 29.65M) | Time:00:00.01 | Mem:0.02M, Peak:0.02M | Scene, ViewLayer | Synchronizing object | Eye socket
Fra:1 Mem:29.67M (Peak 29.67M) | Time:00:00.01 | Mem:0.02M, Peak:0.02M | Scene, ViewLayer | Synchronizing object | Iris
Fra:1 Mem:29.76M (Peak 29.76M) | Time:00:00.01 | Mem:0.02M, Peak:0.02M | Scene, ViewLayer | Synchronizing object | Warm rim
Fra:1 Mem:29.76M (Peak 29.76M) | Time:00:00.01 | Mem:0.02M, Peak:0.02M | Scene, ViewLayer | Synchronizing object | Expressive brow
Fra:1 Mem:29.77M (Peak 29.77M) | Time:00:00.01 | Mem:0.02M, Peak:0.02M | Scene, ViewLayer | Synchronizing object | Sky fill
Fra:1 Mem:29.85M (Peak 29.85M) | Time:00:00.01 | Mem:0.02M, Peak:0.02M | Scene, ViewLayer | Synchronizing object | Smiling mouth
Fra:1 Mem:29.94M (Peak 29.94M) | Time:00:00.01 | Mem:0.02M, Peak:0.02M | Scene, ViewLayer | Synchronizing object | Whisker pore
Fra:1 Mem:29.99M (Peak 29.99M) | Time:00:00.01 | Mem:0.02M, Peak:0.02M | Scene, ViewLayer | Synchronizing object | Whisker pore.001
Fra:1 Mem:30.00M (Peak 30.00M) | Time:00:00.01 | Mem:0.02M, Peak:0.02M | Scene, ViewLayer | Synchronizing object | Whisker pore.002
Fra:1 Mem:30.00M (Peak 30.00M) | Time:00:00.01 | Mem:0.02M, Peak:0.02M | Scene, ViewLayer | Synchronizing object | Pupil.001
Fra:1 Mem:30.06M (Peak 30.06M) | Time:00:00.01 | Mem:0.02M, Peak:0.02M | Scene, ViewLayer | Synchronizing object | Eye glint.001
Fra:1 Mem:30.11M (Peak 30.11M) | Time:00:00.01 | Mem:0.02M, Peak:0.02M | Scene, ViewLayer | Synchronizing object | Expressive brow.001
Fra:1 Mem:30.11M (Peak 30.11M) | Time:00:00.01 | Mem:0.02M, Peak:0.02M | Scene, ViewLayer | Synchronizing object | Smiling mouth.001
Fra:1 Mem:30.14M (Peak 30.14M) | Time:00:00.01 | Mem:0.02M, Peak:0.02M | Scene, ViewLayer | Synchronizing object | Sunset key
Fra:1 Mem:30.14M (Peak 30.14M) | Time:00:00.01 | Mem:0.02M, Peak:0.02M | Scene, ViewLayer | Synchronizing object | Plane
Fra:1 Mem:30.15M (Peak 30.15M) | Time:00:00.01 | Mem:0.02M, Peak:0.02M | Scene, ViewLayer | Synchronizing object | Mouth cavity
Fra:1 Mem:30.17M (Peak 30.17M) | Time:00:00.01 | Mem:0.02M, Peak:0.02M | Scene, ViewLayer | Synchronizing object | Raised elemental crest
Fra:1 Mem:30.27M (Peak 30.27M) | Time:00:00.01 | Mem:0.02M, Peak:0.02M | Scene, ViewLayer | Synchronizing object | Lower canine
Fra:1 Mem:30.27M (Peak 30.27M) | Time:00:00.01 | Mem:0.02M, Peak:0.02M | Scene, ViewLayer | Synchronizing object | Pointed species ear
Fra:1 Mem:30.28M (Peak 30.28M) | Time:00:00.01 | Mem:0.02M, Peak:0.02M | Scene, ViewLayer | Synchronizing object | Inner ear.001
Fra:1 Mem:30.28M (Peak 30.28M) | Time:00:00.01 | Mem:0.02M, Peak:0.02M | Scene, ViewLayer | Synchronizing object | Swept cheek ruff
Fra:1 Mem:30.28M (Peak 30.28M) | Time:00:00.01 | Mem:0.02M, Peak:0.02M | Scene, ViewLayer | Synchronizing object | Brass crest clasp
Fra:1 Mem:30.29M (Peak 30.29M) | Time:00:00.01 | Mem:0.02M, Peak:0.02M | Scene, ViewLayer | Synchronizing object | Swept cheek ruff.001
Fra:1 Mem:30.33M (Peak 30.33M) | Time:00:00.01 | Mem:0.02M, Peak:0.02M | Scene, ViewLayer | Synchronizing object | Neckerchief folded point
Fra:1 Mem:30.34M (Peak 30.34M) | Time:00:00.01 | Mem:0.02M, Peak:0.02M | Scene, ViewLayer | Synchronizing object | Swept cheek ruff.004
Fra:1 Mem:30.34M (Peak 30.34M) | Time:00:00.01 | Mem:0.02M, Peak:0.02M | Scene, ViewLayer | Synchronizing object | Leather neckerchief roll
Fra:1 Mem:30.34M (Peak 30.34M) | Time:00:00.01 | Mem:0.02M, Peak:0.02M | Scene, ViewLayer | Synchronizing object | Swept cheek ruff.005
Fra:1 Mem:30.35M (Peak 30.35M) | Time:00:00.01 | Mem:0.02M, Peak:0.02M | Scene, ViewLayer | Synchronizing object | Articulated tail
Fra:1 Mem:30.37M (Peak 30.37M) | Time:00:00.01 | Mem:0.02M, Peak:0.02M | Scene, ViewLayer | Synchronizing object | Swept cheek ruff.007
Fra:1 Mem:30.38M (Peak 30.38M) | Time:00:00.01 | Mem:0.02M, Peak:0.02M | Scene, ViewLayer | Synchronizing object | Wrist fur.011
Fra:1 Mem:30.38M (Peak 30.38M) | Time:00:00.01 | Mem:0.02M, Peak:0.02M | Scene, ViewLayer | Synchronizing object | Ice swept crest
Fra:1 Mem:30.39M (Peak 30.39M) | Time:00:00.01 | Mem:0.02M, Peak:0.02M | Scene, ViewLayer | Synchronizing object | Wrist fur.010
Fra:1 Mem:30.39M (Peak 30.39M) | Time:00:00.01 | Mem:0.02M, Peak:0.02M | Scene, ViewLayer | Synchronizing object | Ice swept crest.001
Fra:1 Mem:30.39M (Peak 30.39M) | Time:00:00.01 | Mem:0.02M, Peak:0.02M | Scene, ViewLayer | Synchronizing object | Ice swept crest.003
Fra:1 Mem:30.40M (Peak 30.40M) | Time:00:00.01 | Mem:0.02M, Peak:0.02M | Scene, ViewLayer | Synchronizing object | Ice swept crest.004
Fra:1 Mem:30.40M (Peak 30.40M) | Time:00:00.01 | Mem:0.02M, Peak:0.02M | Scene, ViewLayer | Synchronizing object | Ice swept crest.005
Fra:1 Mem:30.40M (Peak 30.40M) | Time:00:00.01 | Mem:0.02M, Peak:0.02M | Scene, ViewLayer | Synchronizing object | Layered shoulder fur
Fra:1 Mem:30.41M (Peak 30.41M) | Time:00:00.01 | Mem:0.02M, Peak:0.02M | Scene, ViewLayer | Synchronizing object | Layered shoulder fur.001
Fra:1 Mem:30.42M (Peak 30.42M) | Time:00:00.01 | Mem:0.02M, Peak:0.02M | Scene, ViewLayer | Synchronizing object | Layered shoulder fur.002
Fra:1 Mem:30.42M (Peak 30.42M) | Time:00:00.01 | Mem:0.02M, Peak:0.02M | Scene, ViewLayer | Synchronizing object | Wrist fur
Fra:1 Mem:30.42M (Peak 30.42M) | Time:00:00.01 | Mem:0.02M, Peak:0.02M | Scene, ViewLayer | Synchronizing object | Wrist fur.001
Fra:1 Mem:30.43M (Peak 30.43M) | Time:00:00.01 | Mem:0.02M, Peak:0.02M | Scene, ViewLayer | Synchronizing object | Wrist fur.002
Fra:1 Mem:30.43M (Peak 30.43M) | Time:00:00.01 | Mem:0.02M, Peak:0.02M | Scene, ViewLayer | Synchronizing object | Layered shoulder fur.004
Fra:1 Mem:30.44M (Peak 30.44M) | Time:00:00.01 | Mem:0.02M, Peak:0.02M | Scene, ViewLayer | Synchronizing object | Layered shoulder fur.005
Fra:1 Mem:30.44M (Peak 30.44M) | Time:00:00.01 | Mem:0.02M, Peak:0.02M | Scene, ViewLayer | Synchronizing object | Wrist fur.003
Fra:1 Mem:30.45M (Peak 30.45M) | Time:00:00.01 | Mem:0.02M, Peak:0.02M | Scene, ViewLayer | Synchronizing object | Wrist fur.004
Fra:1 Mem:30.45M (Peak 30.45M) | Time:00:00.01 | Mem:0.02M, Peak:0.02M | Scene, ViewLayer | Synchronizing object | Layered shoulder fur.006
Fra:1 Mem:30.46M (Peak 30.46M) | Time:00:00.01 | Mem:0.02M, Peak:0.02M | Scene, ViewLayer | Synchronizing object | Layered shoulder fur.007
Fra:1 Mem:30.48M (Peak 30.48M) | Time:00:00.01 | Mem:0.02M, Peak:0.02M | Scene, ViewLayer | Synchronizing object | Wrist fur.006
Fra:1 Mem:30.47M (Peak 30.48M) | Time:00:00.01 | Mem:0.02M, Peak:0.02M | Scene, ViewLayer | Synchronizing object | Wrist fur.008
Fra:1 Mem:30.48M (Peak 30.48M) | Time:00:00.01 | Mem:0.02M, Peak:0.02M | Scene, ViewLayer | Synchronizing object | Layered shoulder fur.009
Fra:1 Mem:30.48M (Peak 30.48M) | Time:00:00.01 | Mem:0.02M, Peak:0.02M | Scene, ViewLayer | Synchronizing object | Layered shoulder fur.011
Fra:1 Mem:30.51M (Peak 30.51M) | Time:00:00.01 | Mem:0.02M, Peak:0.02M | Scene, ViewLayer | Initializing
Fra:1 Mem:28.90M (Peak 30.51M) | Time:00:00.01 | Mem:0.02M, Peak:0.02M | Scene, ViewLayer | Updating Images | Loading Authored short-fur normal
Fra:1 Mem:24.92M (Peak 30.51M) | Time:00:00.02 | Mem:0.27M, Peak:0.27M | Scene, ViewLayer | Waiting for render to start
Fra:1 Mem:24.92M (Peak 30.51M) | Time:00:00.02 | Mem:0.27M, Peak:0.27M | Scene, ViewLayer | Updating Scene
Fra:1 Mem:24.92M (Peak 30.51M) | Time:00:00.02 | Mem:0.27M, Peak:0.27M | Scene, ViewLayer | Updating Shaders
Fra:1 Mem:24.92M (Peak 30.51M) | Time:00:00.02 | Mem:0.27M, Peak:0.27M | Scene, ViewLayer | Loading render kernels (may take a few minutes the first time)
Fra:1 Mem:25.00M (Peak 30.51M) | Time:00:00.08 | Mem:0.28M, Peak:0.28M | Scene, ViewLayer | Updating Procedurals
Fra:1 Mem:25.00M (Peak 30.51M) | Time:00:00.08 | Mem:0.28M, Peak:0.28M | Scene, ViewLayer | Updating Background
Fra:1 Mem:25.00M (Peak 30.51M) | Time:00:00.08 | Mem:0.28M, Peak:0.28M | Scene, ViewLayer | Updating Camera
Fra:1 Mem:25.00M (Peak 30.51M) | Time:00:00.08 | Mem:0.28M, Peak:0.28M | Scene, ViewLayer | Updating Meshes Flags
Fra:1 Mem:25.00M (Peak 30.51M) | Time:00:00.08 | Mem:0.28M, Peak:0.28M | Scene, ViewLayer | Updating Objects
Fra:1 Mem:25.00M (Peak 30.51M) | Time:00:00.08 | Mem:0.28M, Peak:0.28M | Scene, ViewLayer | Updating Objects | Copying Transformations to device
Fra:1 Mem:25.00M (Peak 30.51M) | Time:00:00.08 | Mem:0.31M, Peak:0.31M | Scene, ViewLayer | Updating Particle Systems
Fra:1 Mem:25.00M (Peak 30.51M) | Time:00:00.08 | Mem:0.31M, Peak:0.31M | Scene, ViewLayer | Updating Particle Systems | Copying Particles to device
Fra:1 Mem:25.00M (Peak 30.51M) | Time:00:00.08 | Mem:0.31M, Peak:0.31M | Scene, ViewLayer | Updating Meshes
Fra:1 Mem:25.76M (Peak 30.51M) | Time:00:00.09 | Mem:0.31M, Peak:0.31M | Scene, ViewLayer | Updating Objects | Applying Static Transformations
Fra:1 Mem:25.76M (Peak 30.51M) | Time:00:00.09 | Mem:0.31M, Peak:0.31M | Scene, ViewLayer | Updating Mesh | Computing attributes
Fra:1 Mem:26.84M (Peak 30.51M) | Time:00:00.09 | Mem:0.33M, Peak:0.33M | Scene, ViewLayer | Updating Mesh | Copying Attributes to device
Fra:1 Mem:25.76M (Peak 30.51M) | Time:00:00.21 | Mem:1.42M, Peak:1.42M | Scene, ViewLayer | Updating Geometry BVH light 105/104 | Building BVH
Fra:1 Mem:25.76M (Peak 30.51M) | Time:00:00.21 | Mem:1.42M, Peak:1.42M | Scene, ViewLayer | Updating Geometry BVH Warm rim 104/104 | Building BVH
Fra:1 Mem:25.76M (Peak 30.51M) | Time:00:00.21 | Mem:1.42M, Peak:1.42M | Scene, ViewLayer | Updating Geometry BVH Sky fill 103/104 | Building BVH
Fra:1 Mem:25.76M (Peak 30.51M) | Time:00:00.21 | Mem:1.42M, Peak:1.42M | Scene, ViewLayer | Updating Geometry BVH Sunset key 102/104 | Building BVH
Fra:1 Mem:25.76M (Peak 30.51M) | Time:00:00.21 | Mem:1.42M, Peak:1.42M | Scene, ViewLayer | Updating Geometry BVH Plane 101/104 | Building BVH
Fra:1 Mem:25.76M (Peak 30.51M) | Time:00:00.21 | Mem:1.42M, Peak:1.42M | Scene, ViewLayer | Updating Geometry BVH Plane 101/104 | Building mesh BLAS |       2 tris | Plane
Fra:1 Mem:25.76M (Peak 30.51M) | Time:00:00.21 | Mem:1.42M, Peak:1.42M | Scene, ViewLayer | Updating Geometry BVH Plane 101/104 | Building mesh BLAS |      32 tris | Ivory claw.014
Fra:1 Mem:25.76M (Peak 30.51M) | Time:00:00.21 | Mem:1.42M, Peak:1.42M | Scene, ViewLayer | Updating Geometry BVH Plane 101/104 | Building mesh BLAS |     192 tris | Paw toe.013
Fra:1 Mem:25.76M (Peak 30.51M) | Time:00:00.21 | Mem:1.42M, Peak:1.42M | Scene, ViewLayer | Updating Geometry BVH Plane 101/104 | Building mesh BLAS |      32 tris | Ivory claw.012
Fra:1 Mem:25.76M (Peak 30.51M) | Time:00:00.21 | Mem:1.42M, Peak:1.42M | Scene, ViewLayer | Updating Geometry BVH Plane 101/104 | Building mesh BLAS |     192 tris | Paw toe.014
Fra:1 Mem:25.76M (Peak 30.51M) | Time:00:00.21 | Mem:1.42M, Peak:1.42M | Scene, ViewLayer | Updating Geometry BVH Plane 101/104 | Building mesh BLAS |      32 tris | Ivory claw.013
Fra:1 Mem:25.76M (Peak 30.51M) | Time:00:00.21 | Mem:1.42M, Peak:1.42M | Scene, ViewLayer | Updating Geometry BVH Raised elemental crest.001 100/104 | Building BVH
Fra:1 Mem:25.76M (Peak 30.51M) | Time:00:00.21 | Mem:1.42M, Peak:1.42M | Scene, ViewLayer | Updating Geometry BVH Raised elemental crest.001 100/104 | Building mesh BLAS |      26 tris | Raised elemental crest.001
Fra:1 Mem:25.76M (Peak 30.51M) | Time:00:00.21 | Mem:1.42M, Peak:1.42M | Scene, ViewLayer | Updating Geometry BVH Raised elemental crest.001 100/104 | Building mesh BLAS |    4170 tris | ribcage.001
Fra:1 Mem:25.76M (Peak 30.51M) | Time:00:00.21 | Mem:1.42M, Peak:1.42M | Scene, ViewLayer | Updating Geometry BVH Paw toe.015 9/104 | Building BVH
Fra:1 Mem:25.76M (Peak 30.51M) | Time:00:00.21 | Mem:1.42M, Peak:1.42M | Scene, ViewLayer | Updating Geometry BVH Paw toe.015 9/104 | Building mesh BLAS |     192 tris | Paw toe.015
Fra:1 Mem:25.76M (Peak 30.51M) | Time:00:00.21 | Mem:1.42M, Peak:1.42M | Scene, ViewLayer | Updating Geometry BVH Ivory claw.015 10/104 | Building BVH
Fra:1 Mem:25.76M (Peak 30.51M) | Time:00:00.21 | Mem:1.42M, Peak:1.42M | Scene, ViewLayer | Updating Geometry BVH Ivory claw.015 10/104 | Building mesh BLAS |      32 tris | Ivory claw.015
Fra:1 Mem:25.76M (Peak 30.51M) | Time:00:00.21 | Mem:1.42M, Peak:1.42M | Scene, ViewLayer | Updating Geometry BVH Paw toe.016 11/104 | Building BVH
Fra:1 Mem:25.76M (Peak 30.51M) | Time:00:00.21 | Mem:1.42M, Peak:1.42M | Scene, ViewLayer | Updating Geometry BVH Ivory claw.016 12/104 | Building BVH
Fra:1 Mem:25.76M (Peak 30.51M) | Time:00:00.21 | Mem:1.42M, Peak:1.42M | Scene, ViewLayer | Updating Geometry BVH Ivory claw.016 12/104 | Building mesh BLAS |      32 tris | Ivory claw.016
Fra:1 Mem:25.76M (Peak 30.51M) | Time:00:00.21 | Mem:1.42M, Peak:1.42M | Scene, ViewLayer | Updating Geometry BVH Ivory claw.016 12/104 | Building mesh BLAS |     192 tris | Paw toe.016
Fra:1 Mem:25.76M (Peak 30.51M) | Time:00:00.21 | Mem:1.42M, Peak:1.42M | Scene, ViewLayer | Updating Geometry BVH Brass crest clasp.001 99/104 | Building BVH
Fra:1 Mem:25.76M (Peak 30.51M) | Time:00:00.21 | Mem:1.42M, Peak:1.42M | Scene, ViewLayer | Updating Geometry BVH Brass crest clasp.001 99/104 | Building mesh BLAS |     320 tris | Brass crest clasp.001
Fra:1 Mem:25.76M (Peak 30.51M) | Time:00:00.21 | Mem:1.42M, Peak:1.42M | Scene, ViewLayer | Updating Geometry BVH Ivory claw.017 14/104 | Building BVH
Fra:1 Mem:25.76M (Peak 30.51M) | Time:00:00.21 | Mem:1.42M, Peak:1.42M | Scene, ViewLayer | Updating Geometry BVH Ivory claw.017 14/104 | Building mesh BLAS |      32 tris | Ivory claw.017
Fra:1 Mem:25.76M (Peak 30.51M) | Time:00:00.21 | Mem:1.42M, Peak:1.42M | Scene, ViewLayer | Updating Geometry BVH Paw toe.018 15/104 | Building BVH
Fra:1 Mem:25.76M (Peak 30.51M) | Time:00:00.21 | Mem:1.42M, Peak:1.42M | Scene, ViewLayer | Updating Geometry BVH Paw toe.018 15/104 | Building mesh BLAS |     192 tris | Paw toe.018
Fra:1 Mem:25.76M (Peak 30.51M) | Time:00:00.21 | Mem:1.42M, Peak:1.42M | Scene, ViewLayer | Updating Geometry BVH Ivory claw.018 16/104 | Building BVH
Fra:1 Mem:25.76M (Peak 30.51M) | Time:00:00.21 | Mem:1.42M, Peak:1.42M | Scene, ViewLayer | Updating Geometry BVH Paw toe.019 17/104 | Building BVH
Fra:1 Mem:25.76M (Peak 30.51M) | Time:00:00.21 | Mem:1.42M, Peak:1.42M | Scene, ViewLayer | Updating Geometry BVH Ivory claw.019 18/104 | Building BVH
Fra:1 Mem:25.76M (Peak 30.51M) | Time:00:00.21 | Mem:1.42M, Peak:1.42M | Scene, ViewLayer | Updating Geometry BVH Ivory claw.019 18/104 | Building mesh BLAS |      32 tris | Ivory claw.019
Fra:1 Mem:25.76M (Peak 30.51M) | Time:00:00.21 | Mem:1.42M, Peak:1.42M | Scene, ViewLayer | Updating Geometry BVH Paw toe.020 19/104 | Building BVH
Fra:1 Mem:25.76M (Peak 30.51M) | Time:00:00.21 | Mem:1.42M, Peak:1.42M | Scene, ViewLayer | Updating Geometry BVH Paw toe.020 19/104 | Building mesh BLAS |     192 tris | Paw toe.020
Fra:1 Mem:25.76M (Peak 30.51M) | Time:00:00.21 | Mem:1.42M, Peak:1.42M | Scene, ViewLayer | Updating Geometry BVH Neckerchief folded point.001 98/104 | Building BVH
Fra:1 Mem:25.76M (Peak 30.51M) | Time:00:00.21 | Mem:1.42M, Peak:1.42M | Scene, ViewLayer | Updating Geometry BVH Ivory claw.020 20/104 | Building BVH
Fra:1 Mem:25.76M (Peak 30.51M) | Time:00:00.21 | Mem:1.42M, Peak:1.42M | Scene, ViewLayer | Updating Geometry BVH Ivory claw.020 20/104 | Building mesh BLAS |      32 tris | Ivory claw.020
Fra:1 Mem:25.76M (Peak 30.51M) | Time:00:00.21 | Mem:1.42M, Peak:1.42M | Scene, ViewLayer | Updating Geometry BVH Paw toe.021 21/104 | Building BVH
Fra:1 Mem:25.76M (Peak 30.51M) | Time:00:00.21 | Mem:1.42M, Peak:1.42M | Scene, ViewLayer | Updating Geometry BVH Paw toe.021 21/104 | Building mesh BLAS |     192 tris | Paw toe.021
Fra:1 Mem:25.76M (Peak 30.51M) | Time:00:00.21 | Mem:1.42M, Peak:1.42M | Scene, ViewLayer | Updating Geometry BVH Ivory claw.021 22/104 | Building BVH
Fra:1 Mem:25.76M (Peak 30.51M) | Time:00:00.21 | Mem:1.42M, Peak:1.42M | Scene, ViewLayer | Updating Geometry BVH Ivory claw.021 22/104 | Building mesh BLAS |       4 tris | Neckerchief folded point.001
Fra:1 Mem:25.76M (Peak 30.51M) | Time:00:00.21 | Mem:1.42M, Peak:1.42M | Scene, ViewLayer | Updating Geometry BVH Ivory claw.022 24/104 | Building BVH
Fra:1 Mem:25.76M (Peak 30.51M) | Time:00:00.21 | Mem:1.42M, Peak:1.42M | Scene, ViewLayer | Updating Geometry BVH Ivory claw.022 24/104 | Building mesh BLAS |     192 tris | Paw toe.022
Fra:1 Mem:25.76M (Peak 30.51M) | Time:00:00.21 | Mem:1.42M, Peak:1.42M | Scene, ViewLayer | Updating Geometry BVH Ivory claw.023 26/104 | Building BVH
Fra:1 Mem:25.76M (Peak 30.51M) | Time:00:00.21 | Mem:1.42M, Peak:1.42M | Scene, ViewLayer | Updating Geometry BVH Ivory claw.023 26/104 | Building mesh BLAS |      32 tris | Ivory claw.023
Fra:1 Mem:25.76M (Peak 30.51M) | Time:00:00.21 | Mem:1.42M, Peak:1.42M | Scene, ViewLayer | Updating Geometry BVH Skull.001 27/104 | Building BVH
Fra:1 Mem:25.77M (Peak 30.51M) | Time:00:00.21 | Mem:1.42M, Peak:1.42M | Scene, ViewLayer | Updating Geometry BVH Skull.001 27/104 | Building mesh BLAS |     192 tris | Paw toe.023
Fra:1 Mem:25.77M (Peak 30.51M) | Time:00:00.21 | Mem:1.42M, Peak:1.42M | Scene, ViewLayer | Updating Geometry BVH Skull.001 27/104 | Building mesh BLAS |      32 tris | Ivory claw.022
Fra:1 Mem:25.77M (Peak 30.51M) | Time:00:00.21 | Mem:1.42M, Peak:1.42M | Scene, ViewLayer | Updating Geometry BVH Skull.001 27/104 | Building mesh BLAS |    2722 tris | Skull.001
Fra:1 Mem:25.77M (Peak 30.51M) | Time:00:00.21 | Mem:1.42M, Peak:1.42M | Scene, ViewLayer | Updating Geometry BVH Leather neckerchief roll.001 97/104 | Building BVH
Fra:1 Mem:25.77M (Peak 30.51M) | Time:00:00.21 | Mem:1.42M, Peak:1.42M | Scene, ViewLayer | Updating Geometry BVH Leather neckerchief roll.001 97/104 | Building mesh BLAS |      76 tris | Leather neckerchief roll.001
Fra:1 Mem:25.77M (Peak 30.51M) | Time:00:00.21 | Mem:1.42M, Peak:1.42M | Scene, ViewLayer | Updating Geometry BVH Frost muzzle 28/104 | Building BVH
Fra:1 Mem:25.77M (Peak 30.51M) | Time:00:00.21 | Mem:1.42M, Peak:1.42M | Scene, ViewLayer | Updating Geometry BVH Frost muzzle 28/104 | Building mesh BLAS |     480 tris | Frost muzzle
Fra:1 Mem:25.77M (Peak 30.51M) | Time:00:00.21 | Mem:1.42M, Peak:1.42M | Scene, ViewLayer | Updating Geometry BVH Heart shaped nose.001 29/104 | Building BVH
Fra:1 Mem:25.77M (Peak 30.51M) | Time:00:00.21 | Mem:1.42M, Peak:1.42M | Scene, ViewLayer | Updating Geometry BVH Heart shaped nose.001 29/104 | Building mesh BLAS |       6 tris | Heart shaped nose.001
Fra:1 Mem:25.77M (Peak 30.51M) | Time:00:00.21 | Mem:1.42M, Peak:1.42M | Scene, ViewLayer | Updating Geometry BVH Eye socket.002 30/104 | Building BVH
Fra:1 Mem:25.77M (Peak 30.51M) | Time:00:00.21 | Mem:1.42M, Peak:1.42M | Scene, ViewLayer | Updating Geometry BVH Eye socket.002 30/104 | Building mesh BLAS |     480 tris | Eye socket.002
Fra:1 Mem:25.77M (Peak 30.51M) | Time:00:00.21 | Mem:1.42M, Peak:1.42M | Scene, ViewLayer | Updating Geometry BVH Ivory eye.002 31/104 | Building BVH
Fra:1 Mem:25.77M (Peak 30.51M) | Time:00:00.21 | Mem:1.42M, Peak:1.42M | Scene, ViewLayer | Updating Geometry BVH Articulated tail.001 96/104 | Building BVH
Fra:1 Mem:25.77M (Peak 30.51M) | Time:00:00.21 | Mem:1.42M, Peak:1.42M | Scene, ViewLayer | Updating Geometry BVH Articulated tail.001 96/104 | Building mesh BLAS |     480 tris | Ivory eye.002
Fra:1 Mem:25.77M (Peak 30.51M) | Time:00:00.21 | Mem:1.42M, Peak:1.42M | Scene, ViewLayer | Updating Geometry BVH Articulated tail.001 96/104 | Building mesh BLAS |     268 tris | Articulated tail.001
Fra:1 Mem:25.77M (Peak 30.51M) | Time:00:00.21 | Mem:1.42M, Peak:1.42M | Scene, ViewLayer | Updating Geometry BVH Iris.002 32/104 | Building BVH
Fra:1 Mem:25.77M (Peak 30.51M) | Time:00:00.21 | Mem:1.42M, Peak:1.42M | Scene, ViewLayer | Updating Geometry BVH Iris.002 32/104 | Building mesh BLAS |     480 tris | Iris.002
Fra:1 Mem:25.77M (Peak 30.51M) | Time:00:00.21 | Mem:1.42M, Peak:1.42M | Scene, ViewLayer | Updating Geometry BVH Pupil.002 33/104 | Building BVH
Fra:1 Mem:25.77M (Peak 30.51M) | Time:00:00.21 | Mem:1.42M, Peak:1.42M | Scene, ViewLayer | Updating Geometry BVH Pupil.002 33/104 | Building mesh BLAS |     320 tris | Pupil.002
Fra:1 Mem:25.77M (Peak 30.51M) | Time:00:00.21 | Mem:1.42M, Peak:1.42M | Scene, ViewLayer | Updating Geometry BVH Eye glint.002 34/104 | Building BVH
Fra:1 Mem:25.77M (Peak 30.51M) | Time:00:00.21 | Mem:1.42M, Peak:1.42M | Scene, ViewLayer | Updating Geometry BVH Eye glint.002 34/104 | Building mesh BLAS |     192 tris | Eye glint.002
Fra:1 Mem:25.77M (Peak 30.51M) | Time:00:00.21 | Mem:1.42M, Peak:1.42M | Scene, ViewLayer | Updating Geometry BVH Expressive brow.002 35/104 | Building BVH
Fra:1 Mem:25.77M (Peak 30.51M) | Time:00:00.21 | Mem:1.42M, Peak:1.42M | Scene, ViewLayer | Updating Geometry BVH Wrist fur.023 95/104 | Building BVH
Fra:1 Mem:25.77M (Peak 30.51M) | Time:00:00.21 | Mem:1.42M, Peak:1.42M | Scene, ViewLayer | Updating Geometry BVH Wrist fur.023 95/104 | Building mesh BLAS |      44 tris | Wrist fur.023
Fra:1 Mem:25.77M (Peak 30.51M) | Time:00:00.21 | Mem:1.42M, Peak:1.42M | Scene, ViewLayer | Updating Geometry BVH Smiling mouth.002 36/104 | Building BVH
Fra:1 Mem:25.77M (Peak 30.51M) | Time:00:00.21 | Mem:1.42M, Peak:1.42M | Scene, ViewLayer | Updating Geometry BVH Smiling mouth.002 36/104 | Building mesh BLAS |      32 tris | Smiling mouth.002
Fra:1 Mem:25.77M (Peak 30.51M) | Time:00:00.21 | Mem:1.42M, Peak:1.42M | Scene, ViewLayer | Updating Geometry BVH Whisker pore.006 37/104 | Building BVH
Fra:1 Mem:25.77M (Peak 30.51M) | Time:00:00.21 | Mem:1.42M, Peak:1.42M | Scene, ViewLayer | Updating Geometry BVH Whisker pore.006 37/104 | Building mesh BLAS |      64 tris | Whisker pore.006
Fra:1 Mem:25.77M (Peak 30.51M) | Time:00:00.21 | Mem:1.42M, Peak:1.42M | Scene, ViewLayer | Updating Geometry BVH Whisker pore.007 38/104 | Building BVH
Fra:1 Mem:25.77M (Peak 30.51M) | Time:00:00.21 | Mem:1.42M, Peak:1.42M | Scene, ViewLayer | Updating Geometry BVH Whisker pore.008 39/104 | Building BVH
Fra:1 Mem:25.77M (Peak 30.51M) | Time:00:00.21 | Mem:1.42M, Peak:1.42M | Scene, ViewLayer | Updating Geometry BVH Whisker pore.008 39/104 | Building mesh BLAS |      64 tris | Whisker pore.008
Fra:1 Mem:25.77M (Peak 30.51M) | Time:00:00.21 | Mem:1.42M, Peak:1.42M | Scene, ViewLayer | Updating Geometry BVH Whisker pore.008 39/104 | Building mesh BLAS |      64 tris | Whisker pore.007
Fra:1 Mem:25.77M (Peak 30.51M) | Time:00:00.21 | Mem:1.42M, Peak:1.42M | Scene, ViewLayer | Updating Geometry BVH Eye socket.003 40/104 | Building BVH
Fra:1 Mem:25.77M (Peak 30.51M) | Time:00:00.21 | Mem:1.42M, Peak:1.42M | Scene, ViewLayer | Updating Geometry BVH Wrist fur.022 94/104 | Building BVH
Fra:1 Mem:25.77M (Peak 30.51M) | Time:00:00.21 | Mem:1.42M, Peak:1.42M | Scene, ViewLayer | Updating Geometry BVH Wrist fur.022 94/104 | Building mesh BLAS |     480 tris | Eye socket.003
Fra:1 Mem:25.77M (Peak 30.51M) | Time:00:00.21 | Mem:1.42M, Peak:1.42M | Scene, ViewLayer | Updating Geometry BVH Wrist fur.022 94/104 | Building mesh BLAS |      44 tris | Wrist fur.022
Fra:1 Mem:25.77M (Peak 30.51M) | Time:00:00.21 | Mem:1.42M, Peak:1.42M | Scene, ViewLayer | Updating Geometry BVH Ivory eye.003 41/104 | Building BVH
Fra:1 Mem:25.77M (Peak 30.51M) | Time:00:00.21 | Mem:1.42M, Peak:1.42M | Scene, ViewLayer | Updating Geometry BVH Ivory eye.003 41/104 | Building mesh BLAS |     480 tris | Ivory eye.003
Fra:1 Mem:25.77M (Peak 30.51M) | Time:00:00.21 | Mem:1.42M, Peak:1.42M | Scene, ViewLayer | Updating Geometry BVH Iris.003 42/104 | Building BVH
Fra:1 Mem:25.77M (Peak 30.51M) | Time:00:00.21 | Mem:1.42M, Peak:1.42M | Scene, ViewLayer | Updating Geometry BVH Iris.003 42/104 | Building mesh BLAS |     480 tris | Iris.003
Fra:1 Mem:25.77M (Peak 30.51M) | Time:00:00.21 | Mem:1.42M, Peak:1.42M | Scene, ViewLayer | Updating Geometry BVH Pupil.003 43/104 | Building BVH
Fra:1 Mem:25.77M (Peak 30.51M) | Time:00:00.21 | Mem:1.42M, Peak:1.42M | Scene, ViewLayer | Updating Geometry BVH Pupil.003 43/104 | Building mesh BLAS |     320 tris | Pupil.003
Fra:1 Mem:25.77M (Peak 30.51M) | Time:00:00.21 | Mem:1.42M, Peak:1.42M | Scene, ViewLayer | Updating Geometry BVH Eye glint.003 44/104 | Building BVH
Fra:1 Mem:25.77M (Peak 30.51M) | Time:00:00.21 | Mem:1.42M, Peak:1.42M | Scene, ViewLayer | Updating Geometry BVH Eye glint.003 44/104 | Building mesh BLAS |     192 tris | Eye glint.003
Fra:1 Mem:25.77M (Peak 30.51M) | Time:00:00.21 | Mem:1.42M, Peak:1.42M | Scene, ViewLayer | Updating Geometry BVH Expressive brow.003 45/104 | Building BVH
Fra:1 Mem:25.77M (Peak 30.51M) | Time:00:00.21 | Mem:1.42M, Peak:1.42M | Scene, ViewLayer | Updating Geometry BVH Wrist fur.021 93/104 | Building BVH
Fra:1 Mem:25.77M (Peak 30.51M) | Time:00:00.21 | Mem:1.42M, Peak:1.42M | Scene, ViewLayer | Updating Geometry BVH Whisker pore.009 47/104 | Building BVH
Fra:1 Mem:25.77M (Peak 30.51M) | Time:00:00.21 | Mem:1.42M, Peak:1.42M | Scene, ViewLayer | Updating Geometry BVH Whisker pore.009 47/104 | Building mesh BLAS |      44 tris | Wrist fur.021
Fra:1 Mem:25.77M (Peak 30.51M) | Time:00:00.21 | Mem:1.42M, Peak:1.42M | Scene, ViewLayer | Updating Geometry BVH Whisker pore.010 48/104 | Building mesh BLAS |      64 tris | Whisker pore.009
Fra:1 Mem:25.77M (Peak 30.51M) | Time:00:00.21 | Mem:1.42M, Peak:1.42M | Scene, ViewLayer | Updating Geometry BVH Whisker pore.010 48/104 | Building mesh BLAS |      64 tris | Whisker pore.010
Fra:1 Mem:25.77M (Peak 30.51M) | Time:00:00.21 | Mem:1.42M, Peak:1.42M | Scene, ViewLayer | Updating Geometry BVH Whisker pore.011 49/104 | Building BVH
Fra:1 Mem:25.77M (Peak 30.51M) | Time:00:00.21 | Mem:1.42M, Peak:1.42M | Scene, ViewLayer | Updating Geometry BVH Whisker pore.011 49/104 | Building mesh BLAS |      64 tris | Whisker pore.011
Fra:1 Mem:25.77M (Peak 30.51M) | Time:00:00.21 | Mem:1.42M, Peak:1.42M | Scene, ViewLayer | Updating Geometry BVH Whisker pore.011 49/104 | Building mesh BLAS |      32 tris | Smiling mouth.003
Fra:1 Mem:25.77M (Peak 30.51M) | Time:00:00.22 | Mem:1.42M, Peak:1.42M | Scene, ViewLayer | Updating Geometry BVH Lower jaw.001 50/104 | Building BVH
Fra:1 Mem:25.77M (Peak 30.51M) | Time:00:00.22 | Mem:1.42M, Peak:1.42M | Scene, ViewLayer | Updating Geometry BVH Lower jaw.001 50/104 | Building mesh BLAS |     400 tris | Lower jaw.001
Fra:1 Mem:25.77M (Peak 30.51M) | Time:00:00.22 | Mem:1.42M, Peak:1.42M | Scene, ViewLayer | Updating Geometry BVH Mouth cavity.001 51/104 | Building BVH
Fra:1 Mem:25.77M (Peak 30.51M) | Time:00:00.22 | Mem:1.42M, Peak:1.42M | Scene, ViewLayer | Updating Geometry BVH Mouth cavity.001 51/104 | Building mesh BLAS |     360 tris | Mouth cavity.001
Fra:1 Mem:25.77M (Peak 30.51M) | Time:00:00.22 | Mem:1.42M, Peak:1.42M | Scene, ViewLayer | Updating Geometry BVH Lower canine.002 52/104 | Building BVH
Fra:1 Mem:25.77M (Peak 30.51M) | Time:00:00.22 | Mem:1.42M, Peak:1.42M | Scene, ViewLayer | Updating Geometry BVH Lower canine.002 52/104 | Building mesh BLAS |      38 tris | Lower canine.002
Fra:1 Mem:25.77M (Peak 30.51M) | Time:00:00.22 | Mem:1.42M, Peak:1.42M | Scene, ViewLayer | Updating Geometry BVH Lower canine.003 53/104 | Building BVH
Fra:1 Mem:25.77M (Peak 30.51M) | Time:00:00.22 | Mem:1.42M, Peak:1.42M | Scene, ViewLayer | Updating Geometry BVH Lower canine.003 53/104 | Building mesh BLAS |      38 tris | Lower canine.003
Fra:1 Mem:25.77M (Peak 30.51M) | Time:00:00.22 | Mem:1.42M, Peak:1.42M | Scene, ViewLayer | Updating Geometry BVH Pointed species ear 54/104 | Building BVH
Fra:1 Mem:25.77M (Peak 30.51M) | Time:00:00.22 | Mem:1.42M, Peak:1.42M | Scene, ViewLayer | Updating Geometry BVH Layered shoulder fur.023 92/104 | Building BVH
Fra:1 Mem:25.77M (Peak 30.51M) | Time:00:00.22 | Mem:1.42M, Peak:1.42M | Scene, ViewLayer | Updating Geometry BVH Layered shoulder fur.023 92/104 | Building mesh BLAS |       6 tris | Pointed species ear
Fra:1 Mem:25.77M (Peak 30.51M) | Time:00:00.22 | Mem:1.42M, Peak:1.42M | Scene, ViewLayer | Updating Geometry BVH Layered shoulder fur.023 92/104 | Building mesh BLAS |      44 tris | Layered shoulder fur.023
Fra:1 Mem:25.77M (Peak 30.51M) | Time:00:00.22 | Mem:1.42M, Peak:1.42M | Scene, ViewLayer | Updating Geometry BVH Inner ear 55/104 | Building BVH
Fra:1 Mem:25.77M (Peak 30.51M) | Time:00:00.22 | Mem:1.42M, Peak:1.42M | Scene, ViewLayer | Updating Geometry BVH Pointed species ear.001 56/104 | Building BVH
Fra:1 Mem:25.77M (Peak 30.51M) | Time:00:00.22 | Mem:1.42M, Peak:1.42M | Scene, ViewLayer | Updating Geometry BVH Pointed species ear.001 56/104 | Building mesh BLAS |       3 tris | Inner ear
Fra:1 Mem:25.77M (Peak 30.51M) | Time:00:00.22 | Mem:1.42M, Peak:1.42M | Scene, ViewLayer | Updating Geometry BVH Pointed species ear.001 56/104 | Building mesh BLAS |       6 tris | Pointed species ear.001
Fra:1 Mem:25.77M (Peak 30.51M) | Time:00:00.22 | Mem:1.42M, Peak:1.42M | Scene, ViewLayer | Updating Geometry BVH Inner ear.001 57/104 | Building BVH
Fra:1 Mem:25.77M (Peak 30.51M) | Time:00:00.22 | Mem:1.42M, Peak:1.42M | Scene, ViewLayer | Updating Geometry BVH Inner ear.001 57/104 | Building mesh BLAS |       3 tris | Inner ear.001
Fra:1 Mem:25.77M (Peak 30.51M) | Time:00:00.22 | Mem:1.42M, Peak:1.42M | Scene, ViewLayer | Updating Geometry BVH Swept cheek ruff 58/104 | Building BVH
Fra:1 Mem:25.77M (Peak 30.51M) | Time:00:00.22 | Mem:1.42M, Peak:1.42M | Scene, ViewLayer | Updating Geometry BVH Swept cheek ruff.001 59/104 | Building BVH
Fra:1 Mem:25.77M (Peak 30.51M) | Time:00:00.22 | Mem:1.42M, Peak:1.42M | Scene, ViewLayer | Updating Geometry BVH Swept cheek ruff.002 60/104 | Building BVH
Fra:1 Mem:25.77M (Peak 30.51M) | Time:00:00.22 | Mem:1.42M, Peak:1.42M | Scene, ViewLayer | Updating Geometry BVH Swept cheek ruff.002 60/104 | Building mesh BLAS |      44 tris | Swept cheek ruff.002
Fra:1 Mem:25.77M (Peak 30.51M) | Time:00:00.22 | Mem:1.42M, Peak:1.42M | Scene, ViewLayer | Updating Geometry BVH Swept cheek ruff.003 61/104 | Building BVH
Fra:1 Mem:25.77M (Peak 30.51M) | Time:00:00.22 | Mem:1.42M, Peak:1.42M | Scene, ViewLayer | Updating Geometry BVH Swept cheek ruff.003 61/104 | Building mesh BLAS |      44 tris | Swept cheek ruff.003
Fra:1 Mem:25.77M (Peak 30.51M) | Time:00:00.22 | Mem:1.42M, Peak:1.42M | Scene, ViewLayer | Updating Geometry BVH Swept cheek ruff.004 62/104 | Building BVH
Fra:1 Mem:25.77M (Peak 30.51M) | Time:00:00.22 | Mem:1.42M, Peak:1.42M | Scene, ViewLayer | Updating Geometry BVH Swept cheek ruff.005 63/104 | Building BVH
Fra:1 Mem:25.77M (Peak 30.51M) | Time:00:00.22 | Mem:1.42M, Peak:1.42M | Scene, ViewLayer | Updating Geometry BVH Swept cheek ruff.007 65/104 | Building BVH
Fra:1 Mem:25.77M (Peak 30.51M) | Time:00:00.22 | Mem:1.42M, Peak:1.42M | Scene, ViewLayer | Updating Geometry BVH Ice swept crest 66/104 | Building BVH
Fra:1 Mem:25.77M (Peak 30.51M) | Time:00:00.22 | Mem:1.42M, Peak:1.42M | Scene, ViewLayer | Updating Geometry BVH Ice swept crest 66/104 | Building mesh BLAS |      44 tris | Swept cheek ruff.005
Fra:1 Mem:25.77M (Peak 30.51M) | Time:00:00.22 | Mem:1.42M, Peak:1.42M | Scene, ViewLayer | Updating Geometry BVH Ice swept crest 66/104 | Building mesh BLAS |      44 tris | Swept cheek ruff.006
Fra:1 Mem:25.77M (Peak 30.51M) | Time:00:00.22 | Mem:1.42M, Peak:1.42M | Scene, ViewLayer | Updating Geometry BVH Ice swept crest 66/104 | Building mesh BLAS |      44 tris | Swept cheek ruff.007
Fra:1 Mem:25.77M (Peak 30.51M) | Time:00:00.22 | Mem:1.42M, Peak:1.42M | Scene, ViewLayer | Updating Geometry BVH Ice swept crest 66/104 | Building mesh BLAS |      44 tris | Ice swept crest
Fra:1 Mem:25.77M (Peak 30.51M) | Time:00:00.22 | Mem:1.42M, Peak:1.42M | Scene, ViewLayer | Updating Geometry BVH Ice swept crest.001 67/104 | Building BVH
Fra:1 Mem:25.77M (Peak 30.51M) | Time:00:00.22 | Mem:1.42M, Peak:1.42M | Scene, ViewLayer | Updating Geometry BVH Ice swept crest.001 67/104 | Building mesh BLAS |      44 tris | Ice swept crest.001
Fra:1 Mem:25.77M (Peak 30.51M) | Time:00:00.22 | Mem:1.42M, Peak:1.42M | Scene, ViewLayer | Updating Geometry BVH Ice swept crest.002 68/104 | Building BVH
Fra:1 Mem:25.77M (Peak 30.51M) | Time:00:00.22 | Mem:1.42M, Peak:1.42M | Scene, ViewLayer | Updating Geometry BVH Ice swept crest.002 68/104 | Building mesh BLAS |      44 tris | Ice swept crest.002
Fra:1 Mem:25.77M (Peak 30.51M) | Time:00:00.22 | Mem:1.42M, Peak:1.42M | Scene, ViewLayer | Updating Geometry BVH Layered shoulder fur.021 90/104 | Building BVH
Fra:1 Mem:25.77M (Peak 30.51M) | Time:00:00.22 | Mem:1.42M, Peak:1.42M | Scene, ViewLayer | Updating Geometry BVH Ice swept crest.003 69/104 | Building BVH
Fra:1 Mem:25.77M (Peak 30.51M) | Time:00:00.22 | Mem:1.42M, Peak:1.42M | Scene, ViewLayer | Updating Geometry BVH Ice swept crest.003 69/104 | Building mesh BLAS |      44 tris | Layered shoulder fur.021
Fra:1 Mem:25.77M (Peak 30.51M) | Time:00:00.22 | Mem:1.42M, Peak:1.42M | Scene, ViewLayer | Updating Geometry BVH Ice swept crest.003 69/104 | Building mesh BLAS |      44 tris | Ice swept crest.003
Fra:1 Mem:25.77M (Peak 30.51M) | Time:00:00.22 | Mem:1.42M, Peak:1.42M | Scene, ViewLayer | Updating Geometry BVH Ice swept crest.004 70/104 | Building BVH
Fra:1 Mem:25.77M (Peak 30.51M) | Time:00:00.22 | Mem:1.42M, Peak:1.42M | Scene, ViewLayer | Updating Geometry BVH Ice swept crest.004 70/104 | Building mesh BLAS |      44 tris | Ice swept crest.004
Fra:1 Mem:25.77M (Peak 30.51M) | Time:00:00.22 | Mem:1.42M, Peak:1.42M | Scene, ViewLayer | Updating Geometry BVH Ice swept crest.005 71/104 | Building BVH
Fra:1 Mem:25.77M (Peak 30.51M) | Time:00:00.22 | Mem:1.42M, Peak:1.42M | Scene, ViewLayer | Updating Geometry BVH Layered shoulder fur.012 72/104 | Building BVH
Fra:1 Mem:25.77M (Peak 30.51M) | Time:00:00.22 | Mem:1.42M, Peak:1.42M | Scene, ViewLayer | Updating Geometry BVH Layered shoulder fur.012 72/104 | Building mesh BLAS |      44 tris | Layered shoulder fur.012
Fra:1 Mem:25.77M (Peak 30.51M) | Time:00:00.22 | Mem:1.42M, Peak:1.42M | Scene, ViewLayer | Updating Geometry BVH Layered shoulder fur.013 73/104 | Building BVH
Fra:1 Mem:25.77M (Peak 30.51M) | Time:00:00.22 | Mem:1.42M, Peak:1.42M | Scene, ViewLayer | Updating Geometry BVH Layered shoulder fur.013 73/104 | Building mesh BLAS |      44 tris | Layered shoulder fur.013
Fra:1 Mem:25.77M (Peak 30.51M) | Time:00:00.22 | Mem:1.42M, Peak:1.42M | Scene, ViewLayer | Updating Geometry BVH Layered shoulder fur.014 74/104 | Building BVH
Fra:1 Mem:25.77M (Peak 30.51M) | Time:00:00.22 | Mem:1.42M, Peak:1.42M | Scene, ViewLayer | Updating Geometry BVH Layered shoulder fur.014 74/104 | Building mesh BLAS |      44 tris | Layered shoulder fur.014
Fra:1 Mem:25.77M (Peak 30.51M) | Time:00:00.22 | Mem:1.42M, Peak:1.42M | Scene, ViewLayer | Updating Geometry BVH Wrist fur.012 75/104 | Building BVH
Fra:1 Mem:25.77M (Peak 30.51M) | Time:00:00.22 | Mem:1.42M, Peak:1.42M | Scene, ViewLayer | Updating Geometry BVH Wrist fur.012 75/104 | Building mesh BLAS |      44 tris | Wrist fur.012
Fra:1 Mem:25.77M (Peak 30.51M) | Time:00:00.22 | Mem:1.42M, Peak:1.42M | Scene, ViewLayer | Updating Geometry BVH Wrist fur.020 89/104 | Building BVH
Fra:1 Mem:25.77M (Peak 30.51M) | Time:00:00.22 | Mem:1.42M, Peak:1.42M | Scene, ViewLayer | Updating Geometry BVH Wrist fur.020 89/104 | Building mesh BLAS |      44 tris | Wrist fur.020
Fra:1 Mem:25.77M (Peak 30.51M) | Time:00:00.22 | Mem:1.42M, Peak:1.42M | Scene, ViewLayer | Updating Geometry BVH Wrist fur.013 76/104 | Building BVH
Fra:1 Mem:25.77M (Peak 30.51M) | Time:00:00.22 | Mem:1.42M, Peak:1.42M | Scene, ViewLayer | Updating Geometry BVH Wrist fur.013 76/104 | Building mesh BLAS |      44 tris | Wrist fur.013
Fra:1 Mem:25.77M (Peak 30.51M) | Time:00:00.22 | Mem:1.42M, Peak:1.42M | Scene, ViewLayer | Updating Geometry BVH Wrist fur.014 77/104 | Building BVH
Fra:1 Mem:25.77M (Peak 30.51M) | Time:00:00.22 | Mem:1.42M, Peak:1.42M | Scene, ViewLayer | Updating Geometry BVH Wrist fur.014 77/104 | Building mesh BLAS |      44 tris | Wrist fur.014
Fra:1 Mem:25.77M (Peak 30.51M) | Time:00:00.23 | Mem:1.42M, Peak:1.42M | Scene, ViewLayer | Updating Geometry BVH Layered shoulder fur.015 78/104 | Building BVH
Fra:1 Mem:25.77M (Peak 30.51M) | Time:00:00.23 | Mem:1.42M, Peak:1.42M | Scene, ViewLayer | Updating Geometry BVH Layered shoulder fur.016 79/104 | Building BVH
Fra:1 Mem:25.77M (Peak 30.51M) | Time:00:00.23 | Mem:1.42M, Peak:1.42M | Scene, ViewLayer | Updating Geometry BVH Layered shoulder fur.016 79/104 | Building mesh BLAS |      44 tris | Layered shoulder fur.015
Fra:1 Mem:25.77M (Peak 30.51M) | Time:00:00.23 | Mem:1.42M, Peak:1.42M | Scene, ViewLayer | Updating Geometry BVH Layered shoulder fur.016 79/104 | Building mesh BLAS |      44 tris | Layered shoulder fur.016
Fra:1 Mem:25.77M (Peak 30.51M) | Time:00:00.23 | Mem:1.42M, Peak:1.42M | Scene, ViewLayer | Updating Geometry BVH Layered shoulder fur.017 80/104 | Building BVH
Fra:1 Mem:25.77M (Peak 30.51M) | Time:00:00.23 | Mem:1.42M, Peak:1.42M | Scene, ViewLayer | Updating Geometry BVH Layered shoulder fur.017 80/104 | Building mesh BLAS |      44 tris | Layered shoulder fur.017
Fra:1 Mem:25.77M (Peak 30.51M) | Time:00:00.23 | Mem:1.43M, Peak:1.43M | Scene, ViewLayer | Updating Geometry BVH Wrist fur.015 81/104 | Building BVH
Fra:1 Mem:25.77M (Peak 30.51M) | Time:00:00.23 | Mem:1.43M, Peak:1.43M | Scene, ViewLayer | Updating Geometry BVH Wrist fur.015 81/104 | Building mesh BLAS |      44 tris | Wrist fur.015
Fra:1 Mem:25.77M (Peak 30.51M) | Time:00:00.23 | Mem:1.43M, Peak:1.43M | Scene, ViewLayer | Updating Geometry BVH Wrist fur.016 82/104 | Building BVH
Fra:1 Mem:25.77M (Peak 30.51M) | Time:00:00.23 | Mem:1.43M, Peak:1.43M | Scene, ViewLayer | Updating Geometry BVH Wrist fur.016 82/104 | Building mesh BLAS |      44 tris | Wrist fur.016
Fra:1 Mem:25.77M (Peak 30.51M) | Time:00:00.23 | Mem:1.43M, Peak:1.43M | Scene, ViewLayer | Updating Geometry BVH Wrist fur.019 88/104 | Building BVH
Fra:1 Mem:25.77M (Peak 30.51M) | Time:00:00.23 | Mem:1.43M, Peak:1.43M | Scene, ViewLayer | Updating Geometry BVH Wrist fur.019 88/104 | Building mesh BLAS |      44 tris | Wrist fur.019
Fra:1 Mem:25.77M (Peak 30.51M) | Time:00:00.23 | Mem:1.43M, Peak:1.43M | Scene, ViewLayer | Updating Geometry BVH Wrist fur.017 83/104 | Building BVH
Fra:1 Mem:25.77M (Peak 30.51M) | Time:00:00.23 | Mem:1.43M, Peak:1.43M | Scene, ViewLayer | Updating Geometry BVH Layered shoulder fur.018 84/104 | Building BVH
Fra:1 Mem:25.77M (Peak 30.51M) | Time:00:00.23 | Mem:1.43M, Peak:1.43M | Scene, ViewLayer | Updating Geometry BVH Layered shoulder fur.018 84/104 | Building mesh BLAS |      44 tris | Wrist fur.017
Fra:1 Mem:25.77M (Peak 30.51M) | Time:00:00.23 | Mem:1.43M, Peak:1.43M | Scene, ViewLayer | Updating Geometry BVH Layered shoulder fur.018 84/104 | Building mesh BLAS |      44 tris | Layered shoulder fur.018
Fra:1 Mem:25.77M (Peak 30.51M) | Time:00:00.23 | Mem:1.43M, Peak:1.43M | Scene, ViewLayer | Updating Geometry BVH Layered shoulder fur.019 85/104 | Building BVH
Fra:1 Mem:25.77M (Peak 30.51M) | Time:00:00.23 | Mem:1.43M, Peak:1.43M | Scene, ViewLayer | Updating Geometry BVH Layered shoulder fur.019 85/104 | Building mesh BLAS |      44 tris | Layered shoulder fur.019
Fra:1 Mem:25.77M (Peak 30.51M) | Time:00:00.23 | Mem:1.43M, Peak:1.43M | Scene, ViewLayer | Updating Geometry BVH Layered shoulder fur.020 86/104 | Building BVH
Fra:1 Mem:25.77M (Peak 30.51M) | Time:00:00.23 | Mem:1.43M, Peak:1.43M | Scene, ViewLayer | Updating Geometry BVH Layered shoulder fur.020 86/104 | Building mesh BLAS |      44 tris | Layered shoulder fur.020
Fra:1 Mem:25.77M (Peak 30.51M) | Time:00:00.23 | Mem:1.44M, Peak:1.44M | Scene, ViewLayer | Updating Geometry BVH Wrist fur.018 87/104 | Building BVH
Fra:1 Mem:25.77M (Peak 30.51M) | Time:00:00.23 | Mem:1.44M, Peak:1.44M | Scene, ViewLayer | Updating Geometry BVH Wrist fur.018 87/104 | Building mesh BLAS |      44 tris | Wrist fur.018
Fra:1 Mem:25.77M (Peak 30.51M) | Time:00:00.23 | Mem:1.71M, Peak:1.71M | Scene, ViewLayer | Updating Scene BVH | Building
Fra:1 Mem:25.77M (Peak 30.51M) | Time:00:00.25 | Mem:2.27M, Peak:2.27M | Scene, ViewLayer | Updating Scene BVH | Building TLAS      |     104 instances
Fra:1 Mem:25.77M (Peak 30.51M) | Time:00:00.25 | Mem:2.30M, Peak:2.30M | Scene, ViewLayer | Updating Scene BVH | Copying BVH to device
Fra:1 Mem:25.77M (Peak 30.51M) | Time:00:00.25 | Mem:2.30M, Peak:2.30M | Scene, ViewLayer | Updating Mesh | Computing normals
Fra:1 Mem:26.26M (Peak 30.51M) | Time:00:00.25 | Mem:2.30M, Peak:2.30M | Scene, ViewLayer | Updating Mesh | Copying Mesh to device
Fra:1 Mem:25.77M (Peak 30.51M) | Time:00:00.25 | Mem:2.80M, Peak:2.80M | Scene, ViewLayer | Updating Objects Flags
Fra:1 Mem:25.77M (Peak 30.51M) | Time:00:00.25 | Mem:2.80M, Peak:2.80M | Scene, ViewLayer | Updating Primitive Offsets
Fra:1 Mem:25.77M (Peak 30.51M) | Time:00:00.25 | Mem:2.80M, Peak:2.80M | Scene, ViewLayer | Updating Images
Fra:1 Mem:25.77M (Peak 30.51M) | Time:00:00.25 | Mem:2.80M, Peak:2.80M | Scene, ViewLayer | Updating Camera Volume
Fra:1 Mem:25.77M (Peak 30.51M) | Time:00:00.25 | Mem:2.80M, Peak:2.80M | Scene, ViewLayer | Updating Lookup Tables
Fra:1 Mem:25.69M (Peak 30.51M) | Time:00:00.25 | Mem:2.89M, Peak:2.89M | Scene, ViewLayer | Updating Lights
Fra:1 Mem:25.69M (Peak 30.51M) | Time:00:00.25 | Mem:2.89M, Peak:2.89M | Scene, ViewLayer | Updating Lights | Computing tree
Fra:1 Mem:25.69M (Peak 30.51M) | Time:00:00.25 | Mem:2.90M, Peak:2.90M | Scene, ViewLayer | Updating Integrator
Fra:1 Mem:25.69M (Peak 30.51M) | Time:00:00.25 | Mem:2.90M, Peak:2.90M | Scene, ViewLayer | Updating Film
Fra:1 Mem:25.77M (Peak 30.51M) | Time:00:00.25 | Mem:2.80M, Peak:2.90M | Scene, ViewLayer | Updating Lookup Tables
Fra:1 Mem:25.69M (Peak 30.51M) | Time:00:00.25 | Mem:2.90M, Peak:2.90M | Scene, ViewLayer | Updating Baking
Fra:1 Mem:25.69M (Peak 30.51M) | Time:00:00.25 | Mem:2.90M, Peak:2.90M | Scene, ViewLayer | Updating Device | Writing constant memory
Fra:1 Mem:25.69M (Peak 30.51M) | Time:00:00.28 | Mem:2.90M, Peak:2.90M | Scene, ViewLayer | Loading denoising kernels (may take a few minutes the first time)
Fra:1 Mem:25.69M (Peak 57.69M) | Time:00:00.28 | Mem:2818.91M, Peak:2818.91M | Scene, ViewLayer | Sample 0/12 (Using optimized kernels)
Fra:1 Mem:25.68M (Peak 61.20M) | Time:00:00.44 | Remaining:00:01.75 | Mem:2854.45M, Peak:2854.45M | Scene, ViewLayer | Sample 1/12 (Using optimized kernels)
Fra:1 Mem:40.64M (Peak 63.07M) | Time:00:05.12 | Mem:2854.45M, Peak:2854.45M | Scene, ViewLayer | Sample 12/12 (Using optimized kernels)
Fra:1 Mem:40.64M (Peak 63.07M) | Time:00:05.12 | Mem:2854.45M, Peak:2854.45M | Scene, ViewLayer | Finished
Saved: '/Users/chikumatsuboi/Code/animal-racers-western/assets/source/western/qa/wolf-fight-side.png'
Time: 00:05.29 (Saving: 00:00.10)

RENDERED wolf

Blender quit
