Blender 4.5.9 LTS (hash 8bf95cbd38d1 built 2026-04-21 01:30:46)
Read blend: "/Users/chikumatsuboi/Code/animal-racers-western/assets/source/western/revision2/tail-repair/candidate/lion.blend"
Read blend: "/Users/chikumatsuboi/Code/animal-racers-western/assets/source/western/revision2/tail-repair/inputs/lion.blend"
Saved: '/Users/chikumatsuboi/Code/animal-racers-western/assets/source/western/revision2/tail-repair/qa/lion/race/frames/run/inputs/0000.png'
Time: 00:00.11 (Saving: 00:00.01)

Saved: '/Users/chikumatsuboi/Code/animal-racers-western/assets/source/western/revision2/tail-repair/qa/lion/race/frames/run/inputs/0001.png'
Time: 00:00.04 (Saving: 00:00.00)

Saved: '/Users/chikumatsuboi/Code/animal-racers-western/assets/source/western/revision2/tail-repair/qa/lion/race/frames/run/inputs/0002.png'
Time: 00:00.02 (Saving: 00:00.00)

Saved: '/Users/chikumatsuboi/Code/animal-racers-western/assets/source/western/revision2/tail-repair/qa/lion/race/frames/run/inputs/0003.png'
Time: 00:00.02 (Saving: 00:00.00)

Saved: '/Users/chikumatsuboi/Code/animal-racers-western/assets/source/western/revision2/tail-repair/qa/lion/race/frames/run/inputs/0004.png'
Time: 00:00.02 (Saving: 00:00.00)

Saved: '/Users/chikumatsuboi/Code/animal-racers-western/assets/source/western/revision2/tail-repair/qa/lion/race/frames/run/inputs/0005.png'
Time: 00:00.04 (Saving: 00:00.02)

Saved: '/Users/chikumatsuboi/Code/animal-racers-western/assets/source/western/revision2/tail-repair/qa/lion/race/frames/run/inputs/0006.png'
Time: 00:00.02 (Saving: 00:00.00)

Saved: '/Users/chikumatsuboi/Code/animal-racers-western/assets/source/western/revision2/tail-repair/qa/lion/race/frames/run/inputs/0007.png'
Time: 00:00.02 (Saving: 00:00.00)

Saved: '/Users/chikumatsuboi/Code/animal-racers-western/assets/source/western/revision2/tail-repair/qa/lion/race/frames/run/inputs/0008.png'
Time: 00:00.03 (Saving: 00:00.00)

TAIL_CYCLE_RENDERED lion race run inputs
Read blend: "/Users/chikumatsuboi/Code/animal-racers-western/assets/source/western/revision2/tail-repair/candidate/lion.blend"
Saved: '/Users/chikumatsuboi/Code/animal-racers-western/assets/source/western/revision2/tail-repair/qa/lion/race/frames/run/candidate/0000.png'
Time: 00:00.03 (Saving: 00:00.00)

Saved: '/Users/chikumatsuboi/Code/animal-racers-western/assets/source/western/revision2/tail-repair/qa/lion/race/frames/run/candidate/0001.png'
Time: 00:00.03 (Saving: 00:00.00)

Saved: '/Users/chikumatsuboi/Code/animal-racers-western/assets/source/western/revision2/tail-repair/qa/lion/race/frames/run/candidate/0002.png'
Time: 00:00.03 (Saving: 00:00.00)

Saved: '/Users/chikumatsuboi/Code/animal-racers-western/assets/source/western/revision2/tail-repair/qa/lion/race/frames/run/candidate/0003.png'
Time: 00:00.03 (Saving: 00:00.00)

Saved: '/Users/chikumatsuboi/Code/animal-racers-western/assets/source/western/revision2/tail-repair/qa/lion/race/frames/run/candidate/0004.png'
Time: 00:00.05 (Saving: 00:00.00)

Saved: '/Users/chikumatsuboi/Code/animal-racers-western/assets/source/western/revision2/tail-repair/qa/lion/race/frames/run/candidate/0005.png'
Time: 00:00.04 (Saving: 00:00.00)

Saved: '/Users/chikumatsuboi/Code/animal-racers-western/assets/source/western/revision2/tail-repair/qa/lion/race/frames/run/candidate/0006.png'
Time: 00:00.03 (Saving: 00:00.00)

Saved: '/Users/chikumatsuboi/Code/animal-racers-western/assets/source/western/revision2/tail-repair/qa/lion/race/frames/run/candidate/0007.png'
Time: 00:00.02 (Saving: 00:00.00)

Saved: '/Users/chikumatsuboi/Code/animal-racers-western/assets/source/western/revision2/tail-repair/qa/lion/race/frames/run/candidate/0008.png'
Time: 00:00.03 (Saving: 00:00.00)

TAIL_CYCLE_RENDERED lion race run candidate
Read blend: "/Users/chikumatsuboi/Code/animal-racers-western/assets/source/western/revision2/tail-repair/candidate/lion.blend"
Read blend: "/Users/chikumatsuboi/Code/animal-racers-western/assets/source/western/revision2/tail-repair/inputs/lion.blend"
Saved: '/Users/chikumatsuboi/Code/animal-racers-western/assets/source/western/revision2/tail-repair/qa/lion/race/frames/jump/inputs/0000.png'
Time: 00:00.03 (Saving: 00:00.00)

Saved: '/Users/chikumatsuboi/Code/animal-racers-western/assets/source/western/revision2/tail-repair/qa/lion/race/frames/jump/inputs/0001.png'
Time: 00:00.03 (Saving: 00:00.00)

Saved: '/Users/chikumatsuboi/Code/animal-racers-western/assets/source/western/revision2/tail-repair/qa/lion/race/frames/jump/inputs/0002.png'
Time: 00:00.04 (Saving: 00:00.00)

Saved: '/Users/chikumatsuboi/Code/animal-racers-western/assets/source/western/revision2/tail-repair/qa/lion/race/frames/jump/inputs/0003.png'
Time: 00:00.03 (Saving: 00:00.00)

Saved: '/Users/chikumatsuboi/Code/animal-racers-western/assets/source/western/revision2/tail-repair/qa/lion/race/frames/jump/inputs/0004.png'
Time: 00:00.04 (Saving: 00:00.00)

Saved: '/Users/chikumatsuboi/Code/animal-racers-western/assets/source/western/revision2/tail-repair/qa/lion/race/frames/jump/inputs/0005.png'
Time: 00:00.04 (Saving: 00:00.00)

Saved: '/Users/chikumatsuboi/Code/animal-racers-western/assets/source/western/revision2/tail-repair/qa/lion/race/frames/jump/inputs/0006.png'
Time: 00:00.03 (Saving: 00:00.00)

Saved: '/Users/chikumatsuboi/Code/animal-racers-western/assets/source/western/revision2/tail-repair/qa/lion/race/frames/jump/inputs/0007.png'
Time: 00:00.03 (Saving: 00:00.00)

Saved: '/Users/chikumatsuboi/Code/animal-racers-western/assets/source/western/revision2/tail-repair/qa/lion/race/frames/jump/inputs/0008.png'
Time: 00:00.03 (Saving: 00:00.00)

Saved: '/Users/chikumatsuboi/Code/animal-racers-western/assets/source/western/revision2/tail-repair/qa/lion/race/frames/jump/inputs/0009.png'
Time: 00:00.03 (Saving: 00:00.00)

Saved: '/Users/chikumatsuboi/Code/animal-racers-western/assets/source/western/revision2/tail-repair/qa/lion/race/frames/jump/inputs/0010.png'
Time: 00:00.03 (Saving: 00:00.00)

Saved: '/Users/chikumatsuboi/Code/animal-racers-western/assets/source/western/revision2/tail-repair/qa/lion/race/frames/jump/inputs/0011.png'
Time: 00:00.03 (Saving: 00:00.00)

Saved: '/Users/chikumatsuboi/Code/animal-racers-western/assets/source/western/revision2/tail-repair/qa/lion/race/frames/jump/inputs/0012.png'
Time: 00:00.03 (Saving: 00:00.00)

TAIL_CYCLE_RENDERED lion race jump inputs
Read blend: "/Users/chikumatsuboi/Code/animal-racers-western/assets/source/western/revision2/tail-repair/candidate/lion.blend"
Saved: '/Users/chikumatsuboi/Code/animal-racers-western/assets/source/western/revision2/tail-repair/qa/lion/race/frames/jump/candidate/0000.png'
Time: 00:00.04 (Saving: 00:00.00)

Saved: '/Users/chikumatsuboi/Code/animal-racers-western/assets/source/western/revision2/tail-repair/qa/lion/race/frames/jump/candidate/0001.png'
Time: 00:00.02 (Saving: 00:00.00)

Saved: '/Users/chikumatsuboi/Code/animal-racers-western/assets/source/western/revision2/tail-repair/qa/lion/race/frames/jump/candidate/0002.png'
Time: 00:00.02 (Saving: 00:00.00)

Saved: '/Users/chikumatsuboi/Code/animal-racers-western/assets/source/western/revision2/tail-repair/qa/lion/race/frames/jump/candidate/0003.png'
Time: 00:00.02 (Saving: 00:00.00)

Saved: '/Users/chikumatsuboi/Code/animal-racers-western/assets/source/western/revision2/tail-repair/qa/lion/race/frames/jump/candidate/0004.png'
Time: 00:00.02 (Saving: 00:00.00)

Saved: '/Users/chikumatsuboi/Code/animal-racers-western/assets/source/western/revision2/tail-repair/qa/lion/race/frames/jump/candidate/0005.png'
Time: 00:00.02 (Saving: 00:00.00)

Saved: '/Users/chikumatsuboi/Code/animal-racers-western/assets/source/western/revision2/tail-repair/qa/lion/race/frames/jump/candidate/0006.png'
Time: 00:00.03 (Saving: 00:00.00)

Saved: '/Users/chikumatsuboi/Code/animal-racers-western/assets/source/western/revision2/tail-repair/qa/lion/race/frames/jump/candidate/0007.png'
Time: 00:00.03 (Saving: 00:00.00)

Saved: '/Users/chikumatsuboi/Code/animal-racers-western/assets/source/western/revision2/tail-repair/qa/lion/race/frames/jump/candidate/0008.png'
Time: 00:00.03 (Saving: 00:00.00)

Saved: '/Users/chikumatsuboi/Code/animal-racers-western/assets/source/western/revision2/tail-repair/qa/lion/race/frames/jump/candidate/0009.png'
Time: 00:00.03 (Saving: 00:00.00)

Saved: '/Users/chikumatsuboi/Code/animal-racers-western/assets/source/western/revision2/tail-repair/qa/lion/race/frames/jump/candidate/0010.png'
Time: 00:00.03 (Saving: 00:00.00)

Saved: '/Users/chikumatsuboi/Code/animal-racers-western/assets/source/western/revision2/tail-repair/qa/lion/race/frames/jump/candidate/0011.png'
Time: 00:00.03 (Saving: 00:00.00)

Saved: '/Users/chikumatsuboi/Code/animal-racers-western/assets/source/western/revision2/tail-repair/qa/lion/race/frames/jump/candidate/0012.png'
Time: 00:00.03 (Saving: 00:00.00)

TAIL_CYCLE_RENDERED lion race jump candidate
Read blend: "/Users/chikumatsuboi/Code/animal-racers-western/assets/source/western/revision2/tail-repair/candidate/lion.blend"
Read blend: "/Users/chikumatsuboi/Code/animal-racers-western/assets/source/western/revision2/tail-repair/inputs/lion.blend"
Saved: '/Users/chikumatsuboi/Code/animal-racers-western/assets/source/western/revision2/tail-repair/qa/lion/race/frames/stumble/inputs/0000.png'
Time: 00:00.04 (Saving: 00:00.00)

Saved: '/Users/chikumatsuboi/Code/animal-racers-western/assets/source/western/revision2/tail-repair/qa/lion/race/frames/stumble/inputs/0001.png'
Time: 00:00.03 (Saving: 00:00.00)

Saved: '/Users/chikumatsuboi/Code/animal-racers-western/assets/source/western/revision2/tail-repair/qa/lion/race/frames/stumble/inputs/0002.png'
Time: 00:00.03 (Saving: 00:00.00)

Saved: '/Users/chikumatsuboi/Code/animal-racers-western/assets/source/western/revision2/tail-repair/qa/lion/race/frames/stumble/inputs/0003.png'
Time: 00:00.04 (Saving: 00:00.00)

Saved: '/Users/chikumatsuboi/Code/animal-racers-western/assets/source/western/revision2/tail-repair/qa/lion/race/frames/stumble/inputs/0004.png'
Time: 00:00.03 (Saving: 00:00.00)

Saved: '/Users/chikumatsuboi/Code/animal-racers-western/assets/source/western/revision2/tail-repair/qa/lion/race/frames/stumble/inputs/0005.png'
Time: 00:00.03 (Saving: 00:00.00)

Saved: '/Users/chikumatsuboi/Code/animal-racers-western/assets/source/western/revision2/tail-repair/qa/lion/race/frames/stumble/inputs/0006.png'
Time: 00:00.03 (Saving: 00:00.00)

Saved: '/Users/chikumatsuboi/Code/animal-racers-western/assets/source/western/revision2/tail-repair/qa/lion/race/frames/stumble/inputs/0007.png'
Time: 00:00.03 (Saving: 00:00.00)

Saved: '/Users/chikumatsuboi/Code/animal-racers-western/assets/source/western/revision2/tail-repair/qa/lion/race/frames/stumble/inputs/0008.png'
Time: 00:00.03 (Saving: 00:00.00)

Saved: '/Users/chikumatsuboi/Code/animal-racers-western/assets/source/western/revision2/tail-repair/qa/lion/race/frames/stumble/inputs/0009.png'
Time: 00:00.03 (Saving: 00:00.00)

Saved: '/Users/chikumatsuboi/Code/animal-racers-western/assets/source/western/revision2/tail-repair/qa/lion/race/frames/stumble/inputs/0010.png'
Time: 00:00.03 (Saving: 00:00.00)

TAIL_CYCLE_RENDERED lion race stumble inputs
Read blend: "/Users/chikumatsuboi/Code/animal-racers-western/assets/source/western/revision2/tail-repair/candidate/lion.blend"
Saved: '/Users/chikumatsuboi/Code/animal-racers-western/assets/source/western/revision2/tail-repair/qa/lion/race/frames/stumble/candidate/0000.png'
Time: 00:00.03 (Saving: 00:00.00)

Saved: '/Users/chikumatsuboi/Code/animal-racers-western/assets/source/western/revision2/tail-repair/qa/lion/race/frames/stumble/candidate/0001.png'
Time: 00:00.05 (Saving: 00:00.01)

Saved: '/Users/chikumatsuboi/Code/animal-racers-western/assets/source/western/revision2/tail-repair/qa/lion/race/frames/stumble/candidate/0002.png'
Time: 00:00.09 (Saving: 00:00.01)

Saved: '/Users/chikumatsuboi/Code/animal-racers-western/assets/source/western/revision2/tail-repair/qa/lion/race/frames/stumble/candidate/0003.png'
Time: 00:00.03 (Saving: 00:00.00)

Saved: '/Users/chikumatsuboi/Code/animal-racers-western/assets/source/western/revision2/tail-repair/qa/lion/race/frames/stumble/candidate/0004.png'
Time: 00:00.03 (Saving: 00:00.00)

Saved: '/Users/chikumatsuboi/Code/animal-racers-western/assets/source/western/revision2/tail-repair/qa/lion/race/frames/stumble/candidate/0005.png'
Time: 00:00.03 (Saving: 00:00.00)

Saved: '/Users/chikumatsuboi/Code/animal-racers-western/assets/source/western/revision2/tail-repair/qa/lion/race/frames/stumble/candidate/0006.png'
Time: 00:00.03 (Saving: 00:00.00)

Saved: '/Users/chikumatsuboi/Code/animal-racers-western/assets/source/western/revision2/tail-repair/qa/lion/race/frames/stumble/candidate/0007.png'
Time: 00:00.03 (Saving: 00:00.00)

Saved: '/Users/chikumatsuboi/Code/animal-racers-western/assets/source/western/revision2/tail-repair/qa/lion/race/frames/stumble/candidate/0008.png'
Time: 00:00.03 (Saving: 00:00.00)

Saved: '/Users/chikumatsuboi/Code/animal-racers-western/assets/source/western/revision2/tail-repair/qa/lion/race/frames/stumble/candidate/0009.png'
Time: 00:00.04 (Saving: 00:00.00)

Saved: '/Users/chikumatsuboi/Code/animal-racers-western/assets/source/western/revision2/tail-repair/qa/lion/race/frames/stumble/candidate/0010.png'
Time: 00:00.03 (Saving: 00:00.00)

TAIL_CYCLE_RENDERED lion race stumble candidate
Read blend: "/Users/chikumatsuboi/Code/animal-racers-western/assets/source/western/revision2/tail-repair/candidate/lion-upright.blend"
Read blend: "/Users/chikumatsuboi/Code/animal-racers-western/assets/source/western/revision2/tail-repair/inputs/lion-upright.blend"
Saved: '/Users/chikumatsuboi/Code/animal-racers-western/assets/source/western/revision2/tail-repair/qa/lion/upright/frames/attack/inputs/0000.png'
Time: 00:00.04 (Saving: 00:00.00)

Saved: '/Users/chikumatsuboi/Code/animal-racers-western/assets/source/western/revision2/tail-repair/qa/lion/upright/frames/attack/inputs/0001.png'
Time: 00:00.04 (Saving: 00:00.00)

Saved: '/Users/chikumatsuboi/Code/animal-racers-western/assets/source/western/revision2/tail-repair/qa/lion/upright/frames/attack/inputs/0002.png'
Time: 00:00.04 (Saving: 00:00.00)

Saved: '/Users/chikumatsuboi/Code/animal-racers-western/assets/source/western/revision2/tail-repair/qa/lion/upright/frames/attack/inputs/0003.png'
Time: 00:00.04 (Saving: 00:00.00)

Saved: '/Users/chikumatsuboi/Code/animal-racers-western/assets/source/western/revision2/tail-repair/qa/lion/upright/frames/attack/inputs/0004.png'
Time: 00:00.04 (Saving: 00:00.00)

Saved: '/Users/chikumatsuboi/Code/animal-racers-western/assets/source/western/revision2/tail-repair/qa/lion/upright/frames/attack/inputs/0005.png'
Time: 00:00.04 (Saving: 00:00.00)

Saved: '/Users/chikumatsuboi/Code/animal-racers-western/assets/source/western/revision2/tail-repair/qa/lion/upright/frames/attack/inputs/0006.png'
Time: 00:00.02 (Saving: 00:00.00)

Saved: '/Users/chikumatsuboi/Code/animal-racers-western/assets/source/western/revision2/tail-repair/qa/lion/upright/frames/attack/inputs/0007.png'
Time: 00:00.02 (Saving: 00:00.00)

Saved: '/Users/chikumatsuboi/Code/animal-racers-western/assets/source/western/revision2/tail-repair/qa/lion/upright/frames/attack/inputs/0008.png'
Time: 00:00.02 (Saving: 00:00.00)

Saved: '/Users/chikumatsuboi/Code/animal-racers-western/assets/source/western/revision2/tail-repair/qa/lion/upright/frames/attack/inputs/0009.png'
Time: 00:00.03 (Saving: 00:00.00)

Saved: '/Users/chikumatsuboi/Code/animal-racers-western/assets/source/western/revision2/tail-repair/qa/lion/upright/frames/attack/inputs/0010.png'
Time: 00:00.03 (Saving: 00:00.00)

Saved: '/Users/chikumatsuboi/Code/animal-racers-western/assets/source/western/revision2/tail-repair/qa/lion/upright/frames/attack/inputs/0011.png'
Time: 00:00.03 (Saving: 00:00.00)

Saved: '/Users/chikumatsuboi/Code/animal-racers-western/assets/source/western/revision2/tail-repair/qa/lion/upright/frames/attack/inputs/0012.png'
Time: 00:00.03 (Saving: 00:00.00)

Saved: '/Users/chikumatsuboi/Code/animal-racers-western/assets/source/western/revision2/tail-repair/qa/lion/upright/frames/attack/inputs/0013.png'
Time: 00:00.03 (Saving: 00:00.00)

Saved: '/Users/chikumatsuboi/Code/animal-racers-western/assets/source/western/revision2/tail-repair/qa/lion/upright/frames/attack/inputs/0014.png'
Time: 00:00.04 (Saving: 00:00.00)

Saved: '/Users/chikumatsuboi/Code/animal-racers-western/assets/source/western/revision2/tail-repair/qa/lion/upright/frames/attack/inputs/0015.png'
Time: 00:00.03 (Saving: 00:00.00)

Saved: '/Users/chikumatsuboi/Code/animal-racers-western/assets/source/western/revision2/tail-repair/qa/lion/upright/frames/attack/inputs/0016.png'
Time: 00:00.03 (Saving: 00:00.00)

Saved: '/Users/chikumatsuboi/Code/animal-racers-western/assets/source/western/revision2/tail-repair/qa/lion/upright/frames/attack/inputs/0017.png'
Time: 00:00.03 (Saving: 00:00.00)

Saved: '/Users/chikumatsuboi/Code/animal-racers-western/assets/source/western/revision2/tail-repair/qa/lion/upright/frames/attack/inputs/0018.png'
Time: 00:00.02 (Saving: 00:00.00)

Saved: '/Users/chikumatsuboi/Code/animal-racers-western/assets/source/western/revision2/tail-repair/qa/lion/upright/frames/attack/inputs/0019.png'
Time: 00:00.03 (Saving: 00:00.00)

Saved: '/Users/chikumatsuboi/Code/animal-racers-western/assets/source/western/revision2/tail-repair/qa/lion/upright/frames/attack/inputs/0020.png'
Time: 00:00.03 (Saving: 00:00.00)

Saved: '/Users/chikumatsuboi/Code/animal-racers-western/assets/source/western/revision2/tail-repair/qa/lion/upright/frames/attack/inputs/0021.png'
Time: 00:00.03 (Saving: 00:00.00)

Saved: '/Users/chikumatsuboi/Code/animal-racers-western/assets/source/western/revision2/tail-repair/qa/lion/upright/frames/attack/inputs/0022.png'
Time: 00:00.03 (Saving: 00:00.00)

Saved: '/Users/chikumatsuboi/Code/animal-racers-western/assets/source/western/revision2/tail-repair/qa/lion/upright/frames/attack/inputs/0023.png'
Time: 00:00.04 (Saving: 00:00.00)

Saved: '/Users/chikumatsuboi/Code/animal-racers-western/assets/source/western/revision2/tail-repair/qa/lion/upright/frames/attack/inputs/0024.png'
Time: 00:00.03 (Saving: 00:00.00)

Saved: '/Users/chikumatsuboi/Code/animal-racers-western/assets/source/western/revision2/tail-repair/qa/lion/upright/frames/attack/inputs/0025.png'
Time: 00:00.04 (Saving: 00:00.00)

TAIL_CYCLE_RENDERED lion upright attack inputs
Read blend: "/Users/chikumatsuboi/Code/animal-racers-western/assets/source/western/revision2/tail-repair/candidate/lion-upright.blend"
Saved: '/Users/chikumatsuboi/Code/animal-racers-western/assets/source/western/revision2/tail-repair/qa/lion/upright/frames/attack/candidate/0000.png'
Time: 00:00.04 (Saving: 00:00.00)

Saved: '/Users/chikumatsuboi/Code/animal-racers-western/assets/source/western/revision2/tail-repair/qa/lion/upright/frames/attack/candidate/0001.png'
Time: 00:00.02 (Saving: 00:00.00)

Saved: '/Users/chikumatsuboi/Code/animal-racers-western/assets/source/western/revision2/tail-repair/qa/lion/upright/frames/attack/candidate/0002.png'
Time: 00:00.03 (Saving: 00:00.00)

Saved: '/Users/chikumatsuboi/Code/animal-racers-western/assets/source/western/revision2/tail-repair/qa/lion/upright/frames/attack/candidate/0003.png'
Time: 00:00.03 (Saving: 00:00.00)

Saved: '/Users/chikumatsuboi/Code/animal-racers-western/assets/source/western/revision2/tail-repair/qa/lion/upright/frames/attack/candidate/0004.png'
Time: 00:00.03 (Saving: 00:00.00)

Saved: '/Users/chikumatsuboi/Code/animal-racers-western/assets/source/western/revision2/tail-repair/qa/lion/upright/frames/attack/candidate/0005.png'
Time: 00:00.02 (Saving: 00:00.00)

Saved: '/Users/chikumatsuboi/Code/animal-racers-western/assets/source/western/revision2/tail-repair/qa/lion/upright/frames/attack/candidate/0006.png'
Time: 00:00.03 (Saving: 00:00.00)

Saved: '/Users/chikumatsuboi/Code/animal-racers-western/assets/source/western/revision2/tail-repair/qa/lion/upright/frames/attack/candidate/0007.png'
Time: 00:00.03 (Saving: 00:00.00)

Saved: '/Users/chikumatsuboi/Code/animal-racers-western/assets/source/western/revision2/tail-repair/qa/lion/upright/frames/attack/candidate/0008.png'
Time: 00:00.03 (Saving: 00:00.00)

Saved: '/Users/chikumatsuboi/Code/animal-racers-western/assets/source/western/revision2/tail-repair/qa/lion/upright/frames/attack/candidate/0009.png'
Time: 00:00.03 (Saving: 00:00.00)

Saved: '/Users/chikumatsuboi/Code/animal-racers-western/assets/source/western/revision2/tail-repair/qa/lion/upright/frames/attack/candidate/0010.png'
Time: 00:00.03 (Saving: 00:00.00)

Saved: '/Users/chikumatsuboi/Code/animal-racers-western/assets/source/western/revision2/tail-repair/qa/lion/upright/frames/attack/candidate/0011.png'
Time: 00:00.03 (Saving: 00:00.00)

Saved: '/Users/chikumatsuboi/Code/animal-racers-western/assets/source/western/revision2/tail-repair/qa/lion/upright/frames/attack/candidate/0012.png'
Time: 00:00.04 (Saving: 00:00.00)

Saved: '/Users/chikumatsuboi/Code/animal-racers-western/assets/source/western/revision2/tail-repair/qa/lion/upright/frames/attack/candidate/0013.png'
Time: 00:00.03 (Saving: 00:00.00)

Saved: '/Users/chikumatsuboi/Code/animal-racers-western/assets/source/western/revision2/tail-repair/qa/lion/upright/frames/attack/candidate/0014.png'
Time: 00:00.04 (Saving: 00:00.00)

Saved: '/Users/chikumatsuboi/Code/animal-racers-western/assets/source/western/revision2/tail-repair/qa/lion/upright/frames/attack/candidate/0015.png'
Time: 00:00.03 (Saving: 00:00.00)

Saved: '/Users/chikumatsuboi/Code/animal-racers-western/assets/source/western/revision2/tail-repair/qa/lion/upright/frames/attack/candidate/0016.png'
Time: 00:00.03 (Saving: 00:00.00)

Saved: '/Users/chikumatsuboi/Code/animal-racers-western/assets/source/western/revision2/tail-repair/qa/lion/upright/frames/attack/candidate/0017.png'
Time: 00:00.03 (Saving: 00:00.00)

Saved: '/Users/chikumatsuboi/Code/animal-racers-western/assets/source/western/revision2/tail-repair/qa/lion/upright/frames/attack/candidate/0018.png'
Time: 00:00.03 (Saving: 00:00.00)

Saved: '/Users/chikumatsuboi/Code/animal-racers-western/assets/source/western/revision2/tail-repair/qa/lion/upright/frames/attack/candidate/0019.png'
Time: 00:00.03 (Saving: 00:00.00)

Saved: '/Users/chikumatsuboi/Code/animal-racers-western/assets/source/western/revision2/tail-repair/qa/lion/upright/frames/attack/candidate/0020.png'
Time: 00:00.03 (Saving: 00:00.00)

Saved: '/Users/chikumatsuboi/Code/animal-racers-western/assets/source/western/revision2/tail-repair/qa/lion/upright/frames/attack/candidate/0021.png'
Time: 00:00.03 (Saving: 00:00.00)

Saved: '/Users/chikumatsuboi/Code/animal-racers-western/assets/source/western/revision2/tail-repair/qa/lion/upright/frames/attack/candidate/0022.png'
Time: 00:00.03 (Saving: 00:00.00)

Saved: '/Users/chikumatsuboi/Code/animal-racers-western/assets/source/western/revision2/tail-repair/qa/lion/upright/frames/attack/candidate/0023.png'
Time: 00:00.03 (Saving: 00:00.00)

Saved: '/Users/chikumatsuboi/Code/animal-racers-western/assets/source/western/revision2/tail-repair/qa/lion/upright/frames/attack/candidate/0024.png'
Time: 00:00.03 (Saving: 00:00.00)

Saved: '/Users/chikumatsuboi/Code/animal-racers-western/assets/source/western/revision2/tail-repair/qa/lion/upright/frames/attack/candidate/0025.png'
Time: 00:00.03 (Saving: 00:00.00)

TAIL_CYCLE_RENDERED lion upright attack candidate
Read blend: "/Users/chikumatsuboi/Code/animal-racers-western/assets/source/western/revision2/tail-repair/candidate/lion-upright.blend"
Read blend: "/Users/chikumatsuboi/Code/animal-racers-western/assets/source/western/revision2/tail-repair/inputs/lion-upright.blend"
Saved: '/Users/chikumatsuboi/Code/animal-racers-western/assets/source/western/revision2/tail-repair/qa/lion/upright/frames/counter/inputs/0000.png'
Time: 00:00.03 (Saving: 00:00.00)

Saved: '/Users/chikumatsuboi/Code/animal-racers-western/assets/source/western/revision2/tail-repair/qa/lion/upright/frames/counter/inputs/0001.png'
Time: 00:00.04 (Saving: 00:00.00)

Saved: '/Users/chikumatsuboi/Code/animal-racers-western/assets/source/western/revision2/tail-repair/qa/lion/upright/frames/counter/inputs/0002.png'
Time: 00:00.03 (Saving: 00:00.00)

Saved: '/Users/chikumatsuboi/Code/animal-racers-western/assets/source/western/revision2/tail-repair/qa/lion/upright/frames/counter/inputs/0003.png'
Time: 00:00.03 (Saving: 00:00.00)

Saved: '/Users/chikumatsuboi/Code/animal-racers-western/assets/source/western/revision2/tail-repair/qa/lion/upright/frames/counter/inputs/0004.png'
Time: 00:00.03 (Saving: 00:00.00)

Saved: '/Users/chikumatsuboi/Code/animal-racers-western/assets/source/western/revision2/tail-repair/qa/lion/upright/frames/counter/inputs/0005.png'
Time: 00:00.03 (Saving: 00:00.00)

Saved: '/Users/chikumatsuboi/Code/animal-racers-western/assets/source/western/revision2/tail-repair/qa/lion/upright/frames/counter/inputs/0006.png'
Time: 00:00.03 (Saving: 00:00.00)

Saved: '/Users/chikumatsuboi/Code/animal-racers-western/assets/source/western/revision2/tail-repair/qa/lion/upright/frames/counter/inputs/0007.png'
Time: 00:00.03 (Saving: 00:00.00)

Saved: '/Users/chikumatsuboi/Code/animal-racers-western/assets/source/western/revision2/tail-repair/qa/lion/upright/frames/counter/inputs/0008.png'
Time: 00:00.03 (Saving: 00:00.00)

Saved: '/Users/chikumatsuboi/Code/animal-racers-western/assets/source/western/revision2/tail-repair/qa/lion/upright/frames/counter/inputs/0009.png'
Time: 00:00.03 (Saving: 00:00.00)

Saved: '/Users/chikumatsuboi/Code/animal-racers-western/assets/source/western/revision2/tail-repair/qa/lion/upright/frames/counter/inputs/0010.png'
Time: 00:00.04 (Saving: 00:00.00)

Saved: '/Users/chikumatsuboi/Code/animal-racers-western/assets/source/western/revision2/tail-repair/qa/lion/upright/frames/counter/inputs/0011.png'
Time: 00:00.04 (Saving: 00:00.00)

Saved: '/Users/chikumatsuboi/Code/animal-racers-western/assets/source/western/revision2/tail-repair/qa/lion/upright/frames/counter/inputs/0012.png'
Time: 00:00.04 (Saving: 00:00.00)

Saved: '/Users/chikumatsuboi/Code/animal-racers-western/assets/source/western/revision2/tail-repair/qa/lion/upright/frames/counter/inputs/0013.png'
Time: 00:00.04 (Saving: 00:00.00)

Saved: '/Users/chikumatsuboi/Code/animal-racers-western/assets/source/western/revision2/tail-repair/qa/lion/upright/frames/counter/inputs/0014.png'
Time: 00:00.04 (Saving: 00:00.00)

Saved: '/Users/chikumatsuboi/Code/animal-racers-western/assets/source/western/revision2/tail-repair/qa/lion/upright/frames/counter/inputs/0015.png'
Time: 00:00.02 (Saving: 00:00.00)

Saved: '/Users/chikumatsuboi/Code/animal-racers-western/assets/source/western/revision2/tail-repair/qa/lion/upright/frames/counter/inputs/0016.png'
Time: 00:00.02 (Saving: 00:00.00)

Saved: '/Users/chikumatsuboi/Code/animal-racers-western/assets/source/western/revision2/tail-repair/qa/lion/upright/frames/counter/inputs/0017.png'
Time: 00:00.02 (Saving: 00:00.00)

Saved: '/Users/chikumatsuboi/Code/animal-racers-western/assets/source/western/revision2/tail-repair/qa/lion/upright/frames/counter/inputs/0018.png'
Time: 00:00.03 (Saving: 00:00.00)

TAIL_CYCLE_RENDERED lion upright counter inputs
Read blend: "/Users/chikumatsuboi/Code/animal-racers-western/assets/source/western/revision2/tail-repair/candidate/lion-upright.blend"
Saved: '/Users/chikumatsuboi/Code/animal-racers-western/assets/source/western/revision2/tail-repair/qa/lion/upright/frames/counter/candidate/0000.png'
Time: 00:00.03 (Saving: 00:00.00)

Saved: '/Users/chikumatsuboi/Code/animal-racers-western/assets/source/western/revision2/tail-repair/qa/lion/upright/frames/counter/candidate/0001.png'
Time: 00:00.03 (Saving: 00:00.00)

Saved: '/Users/chikumatsuboi/Code/animal-racers-western/assets/source/western/revision2/tail-repair/qa/lion/upright/frames/counter/candidate/0002.png'
Time: 00:00.03 (Saving: 00:00.00)

Saved: '/Users/chikumatsuboi/Code/animal-racers-western/assets/source/western/revision2/tail-repair/qa/lion/upright/frames/counter/candidate/0003.png'
Time: 00:00.03 (Saving: 00:00.00)

Saved: '/Users/chikumatsuboi/Code/animal-racers-western/assets/source/western/revision2/tail-repair/qa/lion/upright/frames/counter/candidate/0004.png'
Time: 00:00.04 (Saving: 00:00.00)

Saved: '/Users/chikumatsuboi/Code/animal-racers-western/assets/source/western/revision2/tail-repair/qa/lion/upright/frames/counter/candidate/0005.png'
Time: 00:00.03 (Saving: 00:00.00)

Saved: '/Users/chikumatsuboi/Code/animal-racers-western/assets/source/western/revision2/tail-repair/qa/lion/upright/frames/counter/candidate/0006.png'
Time: 00:00.03 (Saving: 00:00.00)

Saved: '/Users/chikumatsuboi/Code/animal-racers-western/assets/source/western/revision2/tail-repair/qa/lion/upright/frames/counter/candidate/0007.png'
Time: 00:00.03 (Saving: 00:00.00)

Saved: '/Users/chikumatsuboi/Code/animal-racers-western/assets/source/western/revision2/tail-repair/qa/lion/upright/frames/counter/candidate/0008.png'
Time: 00:00.03 (Saving: 00:00.00)

Saved: '/Users/chikumatsuboi/Code/animal-racers-western/assets/source/western/revision2/tail-repair/qa/lion/upright/frames/counter/candidate/0009.png'
Time: 00:00.04 (Saving: 00:00.00)

Saved: '/Users/chikumatsuboi/Code/animal-racers-western/assets/source/western/revision2/tail-repair/qa/lion/upright/frames/counter/candidate/0010.png'
Time: 00:00.04 (Saving: 00:00.00)

Saved: '/Users/chikumatsuboi/Code/animal-racers-western/assets/source/western/revision2/tail-repair/qa/lion/upright/frames/counter/candidate/0011.png'
Time: 00:00.03 (Saving: 00:00.00)

Saved: '/Users/chikumatsuboi/Code/animal-racers-western/assets/source/western/revision2/tail-repair/qa/lion/upright/frames/counter/candidate/0012.png'
Time: 00:00.04 (Saving: 00:00.00)

Saved: '/Users/chikumatsuboi/Code/animal-racers-western/assets/source/western/revision2/tail-repair/qa/lion/upright/frames/counter/candidate/0013.png'
Time: 00:00.04 (Saving: 00:00.00)

Saved: '/Users/chikumatsuboi/Code/animal-racers-western/assets/source/western/revision2/tail-repair/qa/lion/upright/frames/counter/candidate/0014.png'
Time: 00:00.03 (Saving: 00:00.00)

Saved: '/Users/chikumatsuboi/Code/animal-racers-western/assets/source/western/revision2/tail-repair/qa/lion/upright/frames/counter/candidate/0015.png'
Time: 00:00.03 (Saving: 00:00.00)

Saved: '/Users/chikumatsuboi/Code/animal-racers-western/assets/source/western/revision2/tail-repair/qa/lion/upright/frames/counter/candidate/0016.png'
Time: 00:00.03 (Saving: 00:00.00)

Saved: '/Users/chikumatsuboi/Code/animal-racers-western/assets/source/western/revision2/tail-repair/qa/lion/upright/frames/counter/candidate/0017.png'
Time: 00:00.03 (Saving: 00:00.00)

Saved: '/Users/chikumatsuboi/Code/animal-racers-western/assets/source/western/revision2/tail-repair/qa/lion/upright/frames/counter/candidate/0018.png'
Time: 00:00.03 (Saving: 00:00.00)

TAIL_CYCLE_RENDERED lion upright counter candidate
Read blend: "/Users/chikumatsuboi/Code/animal-racers-western/assets/source/western/revision2/tail-repair/candidate/lion-upright.blend"
Read blend: "/Users/chikumatsuboi/Code/animal-racers-western/assets/source/western/revision2/tail-repair/inputs/lion-upright.blend"
Saved: '/Users/chikumatsuboi/Code/animal-racers-western/assets/source/western/revision2/tail-repair/qa/lion/upright/frames/hit/inputs/0000.png'
Time: 00:00.03 (Saving: 00:00.00)

Saved: '/Users/chikumatsuboi/Code/animal-racers-western/assets/source/western/revision2/tail-repair/qa/lion/upright/frames/hit/inputs/0001.png'
Time: 00:00.03 (Saving: 00:00.00)

Saved: '/Users/chikumatsuboi/Code/animal-racers-western/assets/source/western/revision2/tail-repair/qa/lion/upright/frames/hit/inputs/0002.png'
Time: 00:00.03 (Saving: 00:00.00)

Saved: '/Users/chikumatsuboi/Code/animal-racers-western/assets/source/western/revision2/tail-repair/qa/lion/upright/frames/hit/inputs/0003.png'
Time: 00:00.03 (Saving: 00:00.00)

Saved: '/Users/chikumatsuboi/Code/animal-racers-western/assets/source/western/revision2/tail-repair/qa/lion/upright/frames/hit/inputs/0004.png'
Time: 00:00.03 (Saving: 00:00.00)

Saved: '/Users/chikumatsuboi/Code/animal-racers-western/assets/source/western/revision2/tail-repair/qa/lion/upright/frames/hit/inputs/0005.png'
Time: 00:00.03 (Saving: 00:00.00)

Saved: '/Users/chikumatsuboi/Code/animal-racers-western/assets/source/western/revision2/tail-repair/qa/lion/upright/frames/hit/inputs/0006.png'
Time: 00:00.03 (Saving: 00:00.00)

TAIL_CYCLE_RENDERED lion upright hit inputs
Read blend: "/Users/chikumatsuboi/Code/animal-racers-western/assets/source/western/revision2/tail-repair/candidate/lion-upright.blend"
Saved: '/Users/chikumatsuboi/Code/animal-racers-western/assets/source/western/revision2/tail-repair/qa/lion/upright/frames/hit/candidate/0000.png'
Time: 00:00.03 (Saving: 00:00.00)

Saved: '/Users/chikumatsuboi/Code/animal-racers-western/assets/source/western/revision2/tail-repair/qa/lion/upright/frames/hit/candidate/0001.png'
Time: 00:00.03 (Saving: 00:00.00)

Saved: '/Users/chikumatsuboi/Code/animal-racers-western/assets/source/western/revision2/tail-repair/qa/lion/upright/frames/hit/candidate/0002.png'
Time: 00:00.04 (Saving: 00:00.00)

Saved: '/Users/chikumatsuboi/Code/animal-racers-western/assets/source/western/revision2/tail-repair/qa/lion/upright/frames/hit/candidate/0003.png'
Time: 00:00.03 (Saving: 00:00.00)

Saved: '/Users/chikumatsuboi/Code/animal-racers-western/assets/source/western/revision2/tail-repair/qa/lion/upright/frames/hit/candidate/0004.png'
Time: 00:00.03 (Saving: 00:00.00)

Saved: '/Users/chikumatsuboi/Code/animal-racers-western/assets/source/western/revision2/tail-repair/qa/lion/upright/frames/hit/candidate/0005.png'
Time: 00:00.03 (Saving: 00:00.00)

Saved: '/Users/chikumatsuboi/Code/animal-racers-western/assets/source/western/revision2/tail-repair/qa/lion/upright/frames/hit/candidate/0006.png'
Time: 00:00.03 (Saving: 00:00.00)

TAIL_CYCLE_RENDERED lion upright hit candidate
Read blend: "/Users/chikumatsuboi/Code/animal-racers-western/assets/source/western/revision2/tail-repair/candidate/lion-upright.blend"
Read blend: "/Users/chikumatsuboi/Code/animal-racers-western/assets/source/western/revision2/tail-repair/inputs/lion-upright.blend"
Saved: '/Users/chikumatsuboi/Code/animal-racers-western/assets/source/western/revision2/tail-repair/qa/lion/upright/frames/evade/inputs/0000.png'
Time: 00:00.04 (Saving: 00:00.00)

Saved: '/Users/chikumatsuboi/Code/animal-racers-western/assets/source/western/revision2/tail-repair/qa/lion/upright/frames/evade/inputs/0001.png'
Time: 00:00.03 (Saving: 00:00.00)

Saved: '/Users/chikumatsuboi/Code/animal-racers-western/assets/source/western/revision2/tail-repair/qa/lion/upright/frames/evade/inputs/0002.png'
Time: 00:00.03 (Saving: 00:00.00)

Saved: '/Users/chikumatsuboi/Code/animal-racers-western/assets/source/western/revision2/tail-repair/qa/lion/upright/frames/evade/inputs/0003.png'
Time: 00:00.03 (Saving: 00:00.00)

Saved: '/Users/chikumatsuboi/Code/animal-racers-western/assets/source/western/revision2/tail-repair/qa/lion/upright/frames/evade/inputs/0004.png'
Time: 00:00.03 (Saving: 00:00.00)

Saved: '/Users/chikumatsuboi/Code/animal-racers-western/assets/source/western/revision2/tail-repair/qa/lion/upright/frames/evade/inputs/0005.png'
Time: 00:00.03 (Saving: 00:00.00)

Saved: '/Users/chikumatsuboi/Code/animal-racers-western/assets/source/western/revision2/tail-repair/qa/lion/upright/frames/evade/inputs/0006.png'
Time: 00:00.03 (Saving: 00:00.00)

TAIL_CYCLE_RENDERED lion upright evade inputs
Read blend: "/Users/chikumatsuboi/Code/animal-racers-western/assets/source/western/revision2/tail-repair/candidate/lion-upright.blend"
Saved: '/Users/chikumatsuboi/Code/animal-racers-western/assets/source/western/revision2/tail-repair/qa/lion/upright/frames/evade/candidate/0000.png'
Time: 00:00.04 (Saving: 00:00.00)

Saved: '/Users/chikumatsuboi/Code/animal-racers-western/assets/source/western/revision2/tail-repair/qa/lion/upright/frames/evade/candidate/0001.png'
Time: 00:00.05 (Saving: 00:00.00)

Saved: '/Users/chikumatsuboi/Code/animal-racers-western/assets/source/western/revision2/tail-repair/qa/lion/upright/frames/evade/candidate/0002.png'
Time: 00:00.03 (Saving: 00:00.00)

Saved: '/Users/chikumatsuboi/Code/animal-racers-western/assets/source/western/revision2/tail-repair/qa/lion/upright/frames/evade/candidate/0003.png'
Time: 00:00.02 (Saving: 00:00.00)

Saved: '/Users/chikumatsuboi/Code/animal-racers-western/assets/source/western/revision2/tail-repair/qa/lion/upright/frames/evade/candidate/0004.png'
Time: 00:00.03 (Saving: 00:00.00)

Saved: '/Users/chikumatsuboi/Code/animal-racers-western/assets/source/western/revision2/tail-repair/qa/lion/upright/frames/evade/candidate/0005.png'
Time: 00:00.04 (Saving: 00:00.00)

Saved: '/Users/chikumatsuboi/Code/animal-racers-western/assets/source/western/revision2/tail-repair/qa/lion/upright/frames/evade/candidate/0006.png'
Time: 00:00.03 (Saving: 00:00.00)

TAIL_CYCLE_RENDERED lion upright evade candidate
Read blend: "/Users/chikumatsuboi/Code/animal-racers-western/assets/source/western/revision2/tail-repair/candidate/lion-upright.blend"
Read blend: "/Users/chikumatsuboi/Code/animal-racers-western/assets/source/western/revision2/tail-repair/inputs/lion-upright.blend"
Saved: '/Users/chikumatsuboi/Code/animal-racers-western/assets/source/western/revision2/tail-repair/qa/lion/upright/frames/celebrate/inputs/0000.png'
Time: 00:00.05 (Saving: 00:00.00)

Saved: '/Users/chikumatsuboi/Code/animal-racers-western/assets/source/western/revision2/tail-repair/qa/lion/upright/frames/celebrate/inputs/0001.png'
Time: 00:00.03 (Saving: 00:00.00)

Saved: '/Users/chikumatsuboi/Code/animal-racers-western/assets/source/western/revision2/tail-repair/qa/lion/upright/frames/celebrate/inputs/0002.png'
Time: 00:00.04 (Saving: 00:00.00)

Saved: '/Users/chikumatsuboi/Code/animal-racers-western/assets/source/western/revision2/tail-repair/qa/lion/upright/frames/celebrate/inputs/0003.png'
Time: 00:00.03 (Saving: 00:00.00)

Saved: '/Users/chikumatsuboi/Code/animal-racers-western/assets/source/western/revision2/tail-repair/qa/lion/upright/frames/celebrate/inputs/0004.png'
Time: 00:00.03 (Saving: 00:00.00)

Saved: '/Users/chikumatsuboi/Code/animal-racers-western/assets/source/western/revision2/tail-repair/qa/lion/upright/frames/celebrate/inputs/0005.png'
Time: 00:00.03 (Saving: 00:00.00)

Saved: '/Users/chikumatsuboi/Code/animal-racers-western/assets/source/western/revision2/tail-repair/qa/lion/upright/frames/celebrate/inputs/0006.png'
Time: 00:00.04 (Saving: 00:00.01)

Saved: '/Users/chikumatsuboi/Code/animal-racers-western/assets/source/western/revision2/tail-repair/qa/lion/upright/frames/celebrate/inputs/0007.png'
Time: 00:00.04 (Saving: 00:00.00)

Saved: '/Users/chikumatsuboi/Code/animal-racers-western/assets/source/western/revision2/tail-repair/qa/lion/upright/frames/celebrate/inputs/0008.png'
Time: 00:00.05 (Saving: 00:00.00)

Saved: '/Users/chikumatsuboi/Code/animal-racers-western/assets/source/western/revision2/tail-repair/qa/lion/upright/frames/celebrate/inputs/0009.png'
Time: 00:00.03 (Saving: 00:00.00)

Saved: '/Users/chikumatsuboi/Code/animal-racers-western/assets/source/western/revision2/tail-repair/qa/lion/upright/frames/celebrate/inputs/0010.png'
Time: 00:00.03 (Saving: 00:00.00)

Saved: '/Users/chikumatsuboi/Code/animal-racers-western/assets/source/western/revision2/tail-repair/qa/lion/upright/frames/celebrate/inputs/0011.png'
Time: 00:00.03 (Saving: 00:00.00)

Saved: '/Users/chikumatsuboi/Code/animal-racers-western/assets/source/western/revision2/tail-repair/qa/lion/upright/frames/celebrate/inputs/0012.png'
Time: 00:00.03 (Saving: 00:00.00)

Saved: '/Users/chikumatsuboi/Code/animal-racers-western/assets/source/western/revision2/tail-repair/qa/lion/upright/frames/celebrate/inputs/0013.png'
Time: 00:00.03 (Saving: 00:00.00)

Saved: '/Users/chikumatsuboi/Code/animal-racers-western/assets/source/western/revision2/tail-repair/qa/lion/upright/frames/celebrate/inputs/0014.png'
Time: 00:00.04 (Saving: 00:00.00)

Saved: '/Users/chikumatsuboi/Code/animal-racers-western/assets/source/western/revision2/tail-repair/qa/lion/upright/frames/celebrate/inputs/0015.png'
Time: 00:00.04 (Saving: 00:00.00)

Saved: '/Users/chikumatsuboi/Code/animal-racers-western/assets/source/western/revision2/tail-repair/qa/lion/upright/frames/celebrate/inputs/0016.png'
Time: 00:00.04 (Saving: 00:00.00)

Saved: '/Users/chikumatsuboi/Code/animal-racers-western/assets/source/western/revision2/tail-repair/qa/lion/upright/frames/celebrate/inputs/0017.png'
Time: 00:00.04 (Saving: 00:00.00)

Saved: '/Users/chikumatsuboi/Code/animal-racers-western/assets/source/western/revision2/tail-repair/qa/lion/upright/frames/celebrate/inputs/0018.png'
Time: 00:00.04 (Saving: 00:00.00)

Saved: '/Users/chikumatsuboi/Code/animal-racers-western/assets/source/western/revision2/tail-repair/qa/lion/upright/frames/celebrate/inputs/0019.png'
Time: 00:00.04 (Saving: 00:00.00)

Saved: '/Users/chikumatsuboi/Code/animal-racers-western/assets/source/western/revision2/tail-repair/qa/lion/upright/frames/celebrate/inputs/0020.png'
Time: 00:00.04 (Saving: 00:00.00)

Saved: '/Users/chikumatsuboi/Code/animal-racers-western/assets/source/western/revision2/tail-repair/qa/lion/upright/frames/celebrate/inputs/0021.png'
Time: 00:00.03 (Saving: 00:00.00)

Saved: '/Users/chikumatsuboi/Code/animal-racers-western/assets/source/western/revision2/tail-repair/qa/lion/upright/frames/celebrate/inputs/0022.png'
Time: 00:00.03 (Saving: 00:00.00)

Saved: '/Users/chikumatsuboi/Code/animal-racers-western/assets/source/western/revision2/tail-repair/qa/lion/upright/frames/celebrate/inputs/0023.png'
Time: 00:00.03 (Saving: 00:00.00)

Saved: '/Users/chikumatsuboi/Code/animal-racers-western/assets/source/western/revision2/tail-repair/qa/lion/upright/frames/celebrate/inputs/0024.png'
Time: 00:00.03 (Saving: 00:00.00)

Saved: '/Users/chikumatsuboi/Code/animal-racers-western/assets/source/western/revision2/tail-repair/qa/lion/upright/frames/celebrate/inputs/0025.png'
Time: 00:00.03 (Saving: 00:00.00)

Saved: '/Users/chikumatsuboi/Code/animal-racers-western/assets/source/western/revision2/tail-repair/qa/lion/upright/frames/celebrate/inputs/0026.png'
Time: 00:00.03 (Saving: 00:00.00)

Saved: '/Users/chikumatsuboi/Code/animal-racers-western/assets/source/western/revision2/tail-repair/qa/lion/upright/frames/celebrate/inputs/0027.png'
Time: 00:00.04 (Saving: 00:00.00)

Saved: '/Users/chikumatsuboi/Code/animal-racers-western/assets/source/western/revision2/tail-repair/qa/lion/upright/frames/celebrate/inputs/0028.png'
Time: 00:00.03 (Saving: 00:00.00)

Saved: '/Users/chikumatsuboi/Code/animal-racers-western/assets/source/western/revision2/tail-repair/qa/lion/upright/frames/celebrate/inputs/0029.png'
Time: 00:00.03 (Saving: 00:00.00)

Saved: '/Users/chikumatsuboi/Code/animal-racers-western/assets/source/western/revision2/tail-repair/qa/lion/upright/frames/celebrate/inputs/0030.png'
Time: 00:00.03 (Saving: 00:00.00)

TAIL_CYCLE_RENDERED lion upright celebrate inputs
Read blend: "/Users/chikumatsuboi/Code/animal-racers-western/assets/source/western/revision2/tail-repair/candidate/lion-upright.blend"
Saved: '/Users/chikumatsuboi/Code/animal-racers-western/assets/source/western/revision2/tail-repair/qa/lion/upright/frames/celebrate/candidate/0000.png'
Time: 00:00.03 (Saving: 00:00.00)

Saved: '/Users/chikumatsuboi/Code/animal-racers-western/assets/source/western/revision2/tail-repair/qa/lion/upright/frames/celebrate/candidate/0001.png'
Time: 00:00.04 (Saving: 00:00.00)

Saved: '/Users/chikumatsuboi/Code/animal-racers-western/assets/source/western/revision2/tail-repair/qa/lion/upright/frames/celebrate/candidate/0002.png'
Time: 00:00.03 (Saving: 00:00.00)

Saved: '/Users/chikumatsuboi/Code/animal-racers-western/assets/source/western/revision2/tail-repair/qa/lion/upright/frames/celebrate/candidate/0003.png'
Time: 00:00.03 (Saving: 00:00.00)

Saved: '/Users/chikumatsuboi/Code/animal-racers-western/assets/source/western/revision2/tail-repair/qa/lion/upright/frames/celebrate/candidate/0004.png'
Time: 00:00.03 (Saving: 00:00.00)

Saved: '/Users/chikumatsuboi/Code/animal-racers-western/assets/source/western/revision2/tail-repair/qa/lion/upright/frames/celebrate/candidate/0005.png'
Time: 00:00.03 (Saving: 00:00.00)

Saved: '/Users/chikumatsuboi/Code/animal-racers-western/assets/source/western/revision2/tail-repair/qa/lion/upright/frames/celebrate/candidate/0006.png'
Time: 00:00.03 (Saving: 00:00.00)

Saved: '/Users/chikumatsuboi/Code/animal-racers-western/assets/source/western/revision2/tail-repair/qa/lion/upright/frames/celebrate/candidate/0007.png'
Time: 00:00.03 (Saving: 00:00.00)

Saved: '/Users/chikumatsuboi/Code/animal-racers-western/assets/source/western/revision2/tail-repair/qa/lion/upright/frames/celebrate/candidate/0008.png'
Time: 00:00.04 (Saving: 00:00.00)

Saved: '/Users/chikumatsuboi/Code/animal-racers-western/assets/source/western/revision2/tail-repair/qa/lion/upright/frames/celebrate/candidate/0009.png'
Time: 00:00.04 (Saving: 00:00.00)

Saved: '/Users/chikumatsuboi/Code/animal-racers-western/assets/source/western/revision2/tail-repair/qa/lion/upright/frames/celebrate/candidate/0010.png'
Time: 00:00.03 (Saving: 00:00.00)

Saved: '/Users/chikumatsuboi/Code/animal-racers-western/assets/source/western/revision2/tail-repair/qa/lion/upright/frames/celebrate/candidate/0011.png'
Time: 00:00.05 (Saving: 00:00.01)

Saved: '/Users/chikumatsuboi/Code/animal-racers-western/assets/source/western/revision2/tail-repair/qa/lion/upright/frames/celebrate/candidate/0012.png'
Time: 00:00.04 (Saving: 00:00.00)

Saved: '/Users/chikumatsuboi/Code/animal-racers-western/assets/source/western/revision2/tail-repair/qa/lion/upright/frames/celebrate/candidate/0013.png'
Time: 00:00.04 (Saving: 00:00.00)

Saved: '/Users/chikumatsuboi/Code/animal-racers-western/assets/source/western/revision2/tail-repair/qa/lion/upright/frames/celebrate/candidate/0014.png'
Time: 00:00.03 (Saving: 00:00.00)

Saved: '/Users/chikumatsuboi/Code/animal-racers-western/assets/source/western/revision2/tail-repair/qa/lion/upright/frames/celebrate/candidate/0015.png'
Time: 00:00.04 (Saving: 00:00.00)

Saved: '/Users/chikumatsuboi/Code/animal-racers-western/assets/source/western/revision2/tail-repair/qa/lion/upright/frames/celebrate/candidate/0016.png'
Time: 00:00.03 (Saving: 00:00.00)

Saved: '/Users/chikumatsuboi/Code/animal-racers-western/assets/source/western/revision2/tail-repair/qa/lion/upright/frames/celebrate/candidate/0017.png'
Time: 00:00.04 (Saving: 00:00.00)

Saved: '/Users/chikumatsuboi/Code/animal-racers-western/assets/source/western/revision2/tail-repair/qa/lion/upright/frames/celebrate/candidate/0018.png'
Time: 00:00.04 (Saving: 00:00.00)

Saved: '/Users/chikumatsuboi/Code/animal-racers-western/assets/source/western/revision2/tail-repair/qa/lion/upright/frames/celebrate/candidate/0019.png'
Time: 00:00.04 (Saving: 00:00.01)

Saved: '/Users/chikumatsuboi/Code/animal-racers-western/assets/source/western/revision2/tail-repair/qa/lion/upright/frames/celebrate/candidate/0020.png'
Time: 00:00.06 (Saving: 00:00.02)

Saved: '/Users/chikumatsuboi/Code/animal-racers-western/assets/source/western/revision2/tail-repair/qa/lion/upright/frames/celebrate/candidate/0021.png'
Time: 00:00.04 (Saving: 00:00.01)

Saved: '/Users/chikumatsuboi/Code/animal-racers-western/assets/source/western/revision2/tail-repair/qa/lion/upright/frames/celebrate/candidate/0022.png'
Time: 00:00.03 (Saving: 00:00.00)

Saved: '/Users/chikumatsuboi/Code/animal-racers-western/assets/source/western/revision2/tail-repair/qa/lion/upright/frames/celebrate/candidate/0023.png'
Time: 00:00.03 (Saving: 00:00.00)

Saved: '/Users/chikumatsuboi/Code/animal-racers-western/assets/source/western/revision2/tail-repair/qa/lion/upright/frames/celebrate/candidate/0024.png'
Time: 00:00.03 (Saving: 00:00.00)

Saved: '/Users/chikumatsuboi/Code/animal-racers-western/assets/source/western/revision2/tail-repair/qa/lion/upright/frames/celebrate/candidate/0025.png'
Time: 00:00.04 (Saving: 00:00.00)

Saved: '/Users/chikumatsuboi/Code/animal-racers-western/assets/source/western/revision2/tail-repair/qa/lion/upright/frames/celebrate/candidate/0026.png'
Time: 00:00.04 (Saving: 00:00.00)

Saved: '/Users/chikumatsuboi/Code/animal-racers-western/assets/source/western/revision2/tail-repair/qa/lion/upright/frames/celebrate/candidate/0027.png'
Time: 00:00.04 (Saving: 00:00.00)

Saved: '/Users/chikumatsuboi/Code/animal-racers-western/assets/source/western/revision2/tail-repair/qa/lion/upright/frames/celebrate/candidate/0028.png'
Time: 00:00.04 (Saving: 00:00.00)

Saved: '/Users/chikumatsuboi/Code/animal-racers-western/assets/source/western/revision2/tail-repair/qa/lion/upright/frames/celebrate/candidate/0029.png'
Time: 00:00.04 (Saving: 00:00.00)

Saved: '/Users/chikumatsuboi/Code/animal-racers-western/assets/source/western/revision2/tail-repair/qa/lion/upright/frames/celebrate/candidate/0030.png'
Time: 00:00.04 (Saving: 00:00.00)

TAIL_CYCLE_RENDERED lion upright celebrate candidate
Read blend: "/Users/chikumatsuboi/Code/animal-racers-western/assets/source/western/revision2/tail-repair/candidate/lion-upright.blend"
Read blend: "/Users/chikumatsuboi/Code/animal-racers-western/assets/source/western/revision2/tail-repair/inputs/lion-upright.blend"
Saved: '/Users/chikumatsuboi/Code/animal-racers-western/assets/source/western/revision2/tail-repair/qa/lion/upright/frames/defeat/inputs/0000.png'
Time: 00:00.04 (Saving: 00:00.01)

Saved: '/Users/chikumatsuboi/Code/animal-racers-western/assets/source/western/revision2/tail-repair/qa/lion/upright/frames/defeat/inputs/0001.png'
Time: 00:00.04 (Saving: 00:00.01)

Saved: '/Users/chikumatsuboi/Code/animal-racers-western/assets/source/western/revision2/tail-repair/qa/lion/upright/frames/defeat/inputs/0002.png'
Time: 00:00.04 (Saving: 00:00.00)

Saved: '/Users/chikumatsuboi/Code/animal-racers-western/assets/source/western/revision2/tail-repair/qa/lion/upright/frames/defeat/inputs/0003.png'
Time: 00:00.04 (Saving: 00:00.01)

Saved: '/Users/chikumatsuboi/Code/animal-racers-western/assets/source/western/revision2/tail-repair/qa/lion/upright/frames/defeat/inputs/0004.png'
Time: 00:00.03 (Saving: 00:00.01)

Saved: '/Users/chikumatsuboi/Code/animal-racers-western/assets/source/western/revision2/tail-repair/qa/lion/upright/frames/defeat/inputs/0005.png'
Time: 00:00.03 (Saving: 00:00.01)

Saved: '/Users/chikumatsuboi/Code/animal-racers-western/assets/source/western/revision2/tail-repair/qa/lion/upright/frames/defeat/inputs/0006.png'
Time: 00:00.04 (Saving: 00:00.00)

Saved: '/Users/chikumatsuboi/Code/animal-racers-western/assets/source/western/revision2/tail-repair/qa/lion/upright/frames/defeat/inputs/0007.png'
Time: 00:00.04 (Saving: 00:00.01)

Saved: '/Users/chikumatsuboi/Code/animal-racers-western/assets/source/western/revision2/tail-repair/qa/lion/upright/frames/defeat/inputs/0008.png'
Time: 00:00.04 (Saving: 00:00.01)

Saved: '/Users/chikumatsuboi/Code/animal-racers-western/assets/source/western/revision2/tail-repair/qa/lion/upright/frames/defeat/inputs/0009.png'
Time: 00:00.04 (Saving: 00:00.01)

Saved: '/Users/chikumatsuboi/Code/animal-racers-western/assets/source/western/revision2/tail-repair/qa/lion/upright/frames/defeat/inputs/0010.png'
Time: 00:00.04 (Saving: 00:00.00)

Saved: '/Users/chikumatsuboi/Code/animal-racers-western/assets/source/western/revision2/tail-repair/qa/lion/upright/frames/defeat/inputs/0011.png'
Time: 00:00.03 (Saving: 00:00.00)

Saved: '/Users/chikumatsuboi/Code/animal-racers-western/assets/source/western/revision2/tail-repair/qa/lion/upright/frames/defeat/inputs/0012.png'
Time: 00:00.03 (Saving: 00:00.01)

Saved: '/Users/chikumatsuboi/Code/animal-racers-western/assets/source/western/revision2/tail-repair/qa/lion/upright/frames/defeat/inputs/0013.png'
Time: 00:00.04 (Saving: 00:00.00)

Saved: '/Users/chikumatsuboi/Code/animal-racers-western/assets/source/western/revision2/tail-repair/qa/lion/upright/frames/defeat/inputs/0014.png'
Time: 00:00.04 (Saving: 00:00.01)

Saved: '/Users/chikumatsuboi/Code/animal-racers-western/assets/source/western/revision2/tail-repair/qa/lion/upright/frames/defeat/inputs/0015.png'
Time: 00:00.05 (Saving: 00:00.01)

Saved: '/Users/chikumatsuboi/Code/animal-racers-western/assets/source/western/revision2/tail-repair/qa/lion/upright/frames/defeat/inputs/0016.png'
Time: 00:00.04 (Saving: 00:00.01)

Saved: '/Users/chikumatsuboi/Code/animal-racers-western/assets/source/western/revision2/tail-repair/qa/lion/upright/frames/defeat/inputs/0017.png'
Time: 00:00.04 (Saving: 00:00.01)

Saved: '/Users/chikumatsuboi/Code/animal-racers-western/assets/source/western/revision2/tail-repair/qa/lion/upright/frames/defeat/inputs/0018.png'
Time: 00:00.04 (Saving: 00:00.01)

Saved: '/Users/chikumatsuboi/Code/animal-racers-western/assets/source/western/revision2/tail-repair/qa/lion/upright/frames/defeat/inputs/0019.png'
Time: 00:00.03 (Saving: 00:00.01)

Saved: '/Users/chikumatsuboi/Code/animal-racers-western/assets/source/western/revision2/tail-repair/qa/lion/upright/frames/defeat/inputs/0020.png'
Time: 00:00.04 (Saving: 00:00.01)

TAIL_CYCLE_RENDERED lion upright defeat inputs
Read blend: "/Users/chikumatsuboi/Code/animal-racers-western/assets/source/western/revision2/tail-repair/candidate/lion-upright.blend"
Saved: '/Users/chikumatsuboi/Code/animal-racers-western/assets/source/western/revision2/tail-repair/qa/lion/upright/frames/defeat/candidate/0000.png'
Time: 00:00.04 (Saving: 00:00.00)

Saved: '/Users/chikumatsuboi/Code/animal-racers-western/assets/source/western/revision2/tail-repair/qa/lion/upright/frames/defeat/candidate/0001.png'
Time: 00:00.04 (Saving: 00:00.01)

Saved: '/Users/chikumatsuboi/Code/animal-racers-western/assets/source/western/revision2/tail-repair/qa/lion/upright/frames/defeat/candidate/0002.png'
Time: 00:00.03 (Saving: 00:00.01)

Saved: '/Users/chikumatsuboi/Code/animal-racers-western/assets/source/western/revision2/tail-repair/qa/lion/upright/frames/defeat/candidate/0003.png'
Time: 00:00.03 (Saving: 00:00.01)

Saved: '/Users/chikumatsuboi/Code/animal-racers-western/assets/source/western/revision2/tail-repair/qa/lion/upright/frames/defeat/candidate/0004.png'
Time: 00:00.04 (Saving: 00:00.01)

Saved: '/Users/chikumatsuboi/Code/animal-racers-western/assets/source/western/revision2/tail-repair/qa/lion/upright/frames/defeat/candidate/0005.png'
Time: 00:00.04 (Saving: 00:00.01)

Saved: '/Users/chikumatsuboi/Code/animal-racers-western/assets/source/western/revision2/tail-repair/qa/lion/upright/frames/defeat/candidate/0006.png'
Time: 00:00.04 (Saving: 00:00.01)

Saved: '/Users/chikumatsuboi/Code/animal-racers-western/assets/source/western/revision2/tail-repair/qa/lion/upright/frames/defeat/candidate/0007.png'
Time: 00:00.04 (Saving: 00:00.00)

Saved: '/Users/chikumatsuboi/Code/animal-racers-western/assets/source/western/revision2/tail-repair/qa/lion/upright/frames/defeat/candidate/0008.png'
Time: 00:00.04 (Saving: 00:00.01)

Saved: '/Users/chikumatsuboi/Code/animal-racers-western/assets/source/western/revision2/tail-repair/qa/lion/upright/frames/defeat/candidate/0009.png'
Time: 00:00.04 (Saving: 00:00.00)

Saved: '/Users/chikumatsuboi/Code/animal-racers-western/assets/source/western/revision2/tail-repair/qa/lion/upright/frames/defeat/candidate/0010.png'
Time: 00:00.03 (Saving: 00:00.00)

Saved: '/Users/chikumatsuboi/Code/animal-racers-western/assets/source/western/revision2/tail-repair/qa/lion/upright/frames/defeat/candidate/0011.png'
Time: 00:00.03 (Saving: 00:00.00)

Saved: '/Users/chikumatsuboi/Code/animal-racers-western/assets/source/western/revision2/tail-repair/qa/lion/upright/frames/defeat/candidate/0012.png'
Time: 00:00.03 (Saving: 00:00.00)

Saved: '/Users/chikumatsuboi/Code/animal-racers-western/assets/source/western/revision2/tail-repair/qa/lion/upright/frames/defeat/candidate/0013.png'
Time: 00:00.03 (Saving: 00:00.00)

Saved: '/Users/chikumatsuboi/Code/animal-racers-western/assets/source/western/revision2/tail-repair/qa/lion/upright/frames/defeat/candidate/0014.png'
Time: 00:00.04 (Saving: 00:00.00)

Saved: '/Users/chikumatsuboi/Code/animal-racers-western/assets/source/western/revision2/tail-repair/qa/lion/upright/frames/defeat/candidate/0015.png'
Time: 00:00.04 (Saving: 00:00.00)

Saved: '/Users/chikumatsuboi/Code/animal-racers-western/assets/source/western/revision2/tail-repair/qa/lion/upright/frames/defeat/candidate/0016.png'
Time: 00:00.04 (Saving: 00:00.00)

Saved: '/Users/chikumatsuboi/Code/animal-racers-western/assets/source/western/revision2/tail-repair/qa/lion/upright/frames/defeat/candidate/0017.png'
Time: 00:00.04 (Saving: 00:00.00)

Saved: '/Users/chikumatsuboi/Code/animal-racers-western/assets/source/western/revision2/tail-repair/qa/lion/upright/frames/defeat/candidate/0018.png'
Time: 00:00.04 (Saving: 00:00.00)

Saved: '/Users/chikumatsuboi/Code/animal-racers-western/assets/source/western/revision2/tail-repair/qa/lion/upright/frames/defeat/candidate/0019.png'
Time: 00:00.04 (Saving: 00:00.00)

Saved: '/Users/chikumatsuboi/Code/animal-racers-western/assets/source/western/revision2/tail-repair/qa/lion/upright/frames/defeat/candidate/0020.png'
Time: 00:00.05 (Saving: 00:00.00)

TAIL_CYCLE_RENDERED lion upright defeat candidate
Read blend: "/Users/chikumatsuboi/Code/animal-racers-western/assets/source/western/revision2/tail-repair/candidate/wolf.blend"
Read blend: "/Users/chikumatsuboi/Code/animal-racers-western/assets/source/western/revision2/tail-repair/inputs/wolf.blend"
Saved: '/Users/chikumatsuboi/Code/animal-racers-western/assets/source/western/revision2/tail-repair/qa/wolf/race/frames/run/inputs/0000.png'
Time: 00:00.03 (Saving: 00:00.00)

Saved: '/Users/chikumatsuboi/Code/animal-racers-western/assets/source/western/revision2/tail-repair/qa/wolf/race/frames/run/inputs/0001.png'
Time: 00:00.03 (Saving: 00:00.00)

Saved: '/Users/chikumatsuboi/Code/animal-racers-western/assets/source/western/revision2/tail-repair/qa/wolf/race/frames/run/inputs/0002.png'
Time: 00:00.03 (Saving: 00:00.00)

Saved: '/Users/chikumatsuboi/Code/animal-racers-western/assets/source/western/revision2/tail-repair/qa/wolf/race/frames/run/inputs/0003.png'
Time: 00:00.02 (Saving: 00:00.00)

Saved: '/Users/chikumatsuboi/Code/animal-racers-western/assets/source/western/revision2/tail-repair/qa/wolf/race/frames/run/inputs/0004.png'
Time: 00:00.03 (Saving: 00:00.00)

Saved: '/Users/chikumatsuboi/Code/animal-racers-western/assets/source/western/revision2/tail-repair/qa/wolf/race/frames/run/inputs/0005.png'
Time: 00:00.03 (Saving: 00:00.00)

Saved: '/Users/chikumatsuboi/Code/animal-racers-western/assets/source/western/revision2/tail-repair/qa/wolf/race/frames/run/inputs/0006.png'
Time: 00:00.03 (Saving: 00:00.00)

Saved: '/Users/chikumatsuboi/Code/animal-racers-western/assets/source/western/revision2/tail-repair/qa/wolf/race/frames/run/inputs/0007.png'
Time: 00:00.04 (Saving: 00:00.00)

Saved: '/Users/chikumatsuboi/Code/animal-racers-western/assets/source/western/revision2/tail-repair/qa/wolf/race/frames/run/inputs/0008.png'
Time: 00:00.03 (Saving: 00:00.00)

TAIL_CYCLE_RENDERED wolf race run inputs
Read blend: "/Users/chikumatsuboi/Code/animal-racers-western/assets/source/western/revision2/tail-repair/candidate/wolf.blend"
Saved: '/Users/chikumatsuboi/Code/animal-racers-western/assets/source/western/revision2/tail-repair/qa/wolf/race/frames/run/candidate/0000.png'
Time: 00:00.04 (Saving: 00:00.00)

Saved: '/Users/chikumatsuboi/Code/animal-racers-western/assets/source/western/revision2/tail-repair/qa/wolf/race/frames/run/candidate/0001.png'
Time: 00:00.02 (Saving: 00:00.00)

Saved: '/Users/chikumatsuboi/Code/animal-racers-western/assets/source/western/revision2/tail-repair/qa/wolf/race/frames/run/candidate/0002.png'
Time: 00:00.03 (Saving: 00:00.00)

Saved: '/Users/chikumatsuboi/Code/animal-racers-western/assets/source/western/revision2/tail-repair/qa/wolf/race/frames/run/candidate/0003.png'
Time: 00:00.02 (Saving: 00:00.00)

Saved: '/Users/chikumatsuboi/Code/animal-racers-western/assets/source/western/revision2/tail-repair/qa/wolf/race/frames/run/candidate/0004.png'
Time: 00:00.03 (Saving: 00:00.00)

Saved: '/Users/chikumatsuboi/Code/animal-racers-western/assets/source/western/revision2/tail-repair/qa/wolf/race/frames/run/candidate/0005.png'
Time: 00:00.03 (Saving: 00:00.00)

Saved: '/Users/chikumatsuboi/Code/animal-racers-western/assets/source/western/revision2/tail-repair/qa/wolf/race/frames/run/candidate/0006.png'
Time: 00:00.03 (Saving: 00:00.00)

Saved: '/Users/chikumatsuboi/Code/animal-racers-western/assets/source/western/revision2/tail-repair/qa/wolf/race/frames/run/candidate/0007.png'
Time: 00:00.04 (Saving: 00:00.00)

Saved: '/Users/chikumatsuboi/Code/animal-racers-western/assets/source/western/revision2/tail-repair/qa/wolf/race/frames/run/candidate/0008.png'
Time: 00:00.03 (Saving: 00:00.00)

TAIL_CYCLE_RENDERED wolf race run candidate
Read blend: "/Users/chikumatsuboi/Code/animal-racers-western/assets/source/western/revision2/tail-repair/candidate/wolf.blend"
Read blend: "/Users/chikumatsuboi/Code/animal-racers-western/assets/source/western/revision2/tail-repair/inputs/wolf.blend"
Saved: '/Users/chikumatsuboi/Code/animal-racers-western/assets/source/western/revision2/tail-repair/qa/wolf/race/frames/jump/inputs/0000.png'
Time: 00:00.04 (Saving: 00:00.00)

Saved: '/Users/chikumatsuboi/Code/animal-racers-western/assets/source/western/revision2/tail-repair/qa/wolf/race/frames/jump/inputs/0001.png'
Time: 00:00.04 (Saving: 00:00.00)

Saved: '/Users/chikumatsuboi/Code/animal-racers-western/assets/source/western/revision2/tail-repair/qa/wolf/race/frames/jump/inputs/0002.png'
Time: 00:00.04 (Saving: 00:00.00)

Saved: '/Users/chikumatsuboi/Code/animal-racers-western/assets/source/western/revision2/tail-repair/qa/wolf/race/frames/jump/inputs/0003.png'
Time: 00:00.04 (Saving: 00:00.00)

Saved: '/Users/chikumatsuboi/Code/animal-racers-western/assets/source/western/revision2/tail-repair/qa/wolf/race/frames/jump/inputs/0004.png'
Time: 00:00.04 (Saving: 00:00.00)

Saved: '/Users/chikumatsuboi/Code/animal-racers-western/assets/source/western/revision2/tail-repair/qa/wolf/race/frames/jump/inputs/0005.png'
Time: 00:00.04 (Saving: 00:00.00)

Saved: '/Users/chikumatsuboi/Code/animal-racers-western/assets/source/western/revision2/tail-repair/qa/wolf/race/frames/jump/inputs/0006.png'
Time: 00:00.04 (Saving: 00:00.00)

Saved: '/Users/chikumatsuboi/Code/animal-racers-western/assets/source/western/revision2/tail-repair/qa/wolf/race/frames/jump/inputs/0007.png'
Time: 00:00.04 (Saving: 00:00.00)

Saved: '/Users/chikumatsuboi/Code/animal-racers-western/assets/source/western/revision2/tail-repair/qa/wolf/race/frames/jump/inputs/0008.png'
Time: 00:00.04 (Saving: 00:00.00)

Saved: '/Users/chikumatsuboi/Code/animal-racers-western/assets/source/western/revision2/tail-repair/qa/wolf/race/frames/jump/inputs/0009.png'
Time: 00:00.04 (Saving: 00:00.00)

Saved: '/Users/chikumatsuboi/Code/animal-racers-western/assets/source/western/revision2/tail-repair/qa/wolf/race/frames/jump/inputs/0010.png'
Time: 00:00.04 (Saving: 00:00.00)

Saved: '/Users/chikumatsuboi/Code/animal-racers-western/assets/source/western/revision2/tail-repair/qa/wolf/race/frames/jump/inputs/0011.png'
Time: 00:00.04 (Saving: 00:00.00)

Saved: '/Users/chikumatsuboi/Code/animal-racers-western/assets/source/western/revision2/tail-repair/qa/wolf/race/frames/jump/inputs/0012.png'
Time: 00:00.03 (Saving: 00:00.00)

TAIL_CYCLE_RENDERED wolf race jump inputs
Read blend: "/Users/chikumatsuboi/Code/animal-racers-western/assets/source/western/revision2/tail-repair/candidate/wolf.blend"
Saved: '/Users/chikumatsuboi/Code/animal-racers-western/assets/source/western/revision2/tail-repair/qa/wolf/race/frames/jump/candidate/0000.png'
Time: 00:00.04 (Saving: 00:00.00)

Saved: '/Users/chikumatsuboi/Code/animal-racers-western/assets/source/western/revision2/tail-repair/qa/wolf/race/frames/jump/candidate/0001.png'
Time: 00:00.04 (Saving: 00:00.00)

Saved: '/Users/chikumatsuboi/Code/animal-racers-western/assets/source/western/revision2/tail-repair/qa/wolf/race/frames/jump/candidate/0002.png'
Time: 00:00.04 (Saving: 00:00.00)

Saved: '/Users/chikumatsuboi/Code/animal-racers-western/assets/source/western/revision2/tail-repair/qa/wolf/race/frames/jump/candidate/0003.png'
Time: 00:00.04 (Saving: 00:00.00)

Saved: '/Users/chikumatsuboi/Code/animal-racers-western/assets/source/western/revision2/tail-repair/qa/wolf/race/frames/jump/candidate/0004.png'
Time: 00:00.04 (Saving: 00:00.00)

Saved: '/Users/chikumatsuboi/Code/animal-racers-western/assets/source/western/revision2/tail-repair/qa/wolf/race/frames/jump/candidate/0005.png'
Time: 00:00.04 (Saving: 00:00.00)

Saved: '/Users/chikumatsuboi/Code/animal-racers-western/assets/source/western/revision2/tail-repair/qa/wolf/race/frames/jump/candidate/0006.png'
Time: 00:00.04 (Saving: 00:00.00)

Saved: '/Users/chikumatsuboi/Code/animal-racers-western/assets/source/western/revision2/tail-repair/qa/wolf/race/frames/jump/candidate/0007.png'
Time: 00:00.04 (Saving: 00:00.00)

Saved: '/Users/chikumatsuboi/Code/animal-racers-western/assets/source/western/revision2/tail-repair/qa/wolf/race/frames/jump/candidate/0008.png'
Time: 00:00.03 (Saving: 00:00.00)

Saved: '/Users/chikumatsuboi/Code/animal-racers-western/assets/source/western/revision2/tail-repair/qa/wolf/race/frames/jump/candidate/0009.png'
Time: 00:00.03 (Saving: 00:00.00)

Saved: '/Users/chikumatsuboi/Code/animal-racers-western/assets/source/western/revision2/tail-repair/qa/wolf/race/frames/jump/candidate/0010.png'
Time: 00:00.03 (Saving: 00:00.01)

Saved: '/Users/chikumatsuboi/Code/animal-racers-western/assets/source/western/revision2/tail-repair/qa/wolf/race/frames/jump/candidate/0011.png'
Time: 00:00.03 (Saving: 00:00.00)

Saved: '/Users/chikumatsuboi/Code/animal-racers-western/assets/source/western/revision2/tail-repair/qa/wolf/race/frames/jump/candidate/0012.png'
Time: 00:00.03 (Saving: 00:00.00)

TAIL_CYCLE_RENDERED wolf race jump candidate
Read blend: "/Users/chikumatsuboi/Code/animal-racers-western/assets/source/western/revision2/tail-repair/candidate/wolf.blend"
Read blend: "/Users/chikumatsuboi/Code/animal-racers-western/assets/source/western/revision2/tail-repair/inputs/wolf.blend"
Saved: '/Users/chikumatsuboi/Code/animal-racers-western/assets/source/western/revision2/tail-repair/qa/wolf/race/frames/stumble/inputs/0000.png'
Time: 00:00.03 (Saving: 00:00.00)

Saved: '/Users/chikumatsuboi/Code/animal-racers-western/assets/source/western/revision2/tail-repair/qa/wolf/race/frames/stumble/inputs/0001.png'
Time: 00:00.03 (Saving: 00:00.00)

Saved: '/Users/chikumatsuboi/Code/animal-racers-western/assets/source/western/revision2/tail-repair/qa/wolf/race/frames/stumble/inputs/0002.png'
Time: 00:00.02 (Saving: 00:00.00)

Saved: '/Users/chikumatsuboi/Code/animal-racers-western/assets/source/western/revision2/tail-repair/qa/wolf/race/frames/stumble/inputs/0003.png'
Time: 00:00.02 (Saving: 00:00.00)

Saved: '/Users/chikumatsuboi/Code/animal-racers-western/assets/source/western/revision2/tail-repair/qa/wolf/race/frames/stumble/inputs/0004.png'
Time: 00:00.02 (Saving: 00:00.00)

Saved: '/Users/chikumatsuboi/Code/animal-racers-western/assets/source/western/revision2/tail-repair/qa/wolf/race/frames/stumble/inputs/0005.png'
Time: 00:00.03 (Saving: 00:00.00)

Saved: '/Users/chikumatsuboi/Code/animal-racers-western/assets/source/western/revision2/tail-repair/qa/wolf/race/frames/stumble/inputs/0006.png'
Time: 00:00.03 (Saving: 00:00.00)

Saved: '/Users/chikumatsuboi/Code/animal-racers-western/assets/source/western/revision2/tail-repair/qa/wolf/race/frames/stumble/inputs/0007.png'
Time: 00:00.03 (Saving: 00:00.00)

Saved: '/Users/chikumatsuboi/Code/animal-racers-western/assets/source/western/revision2/tail-repair/qa/wolf/race/frames/stumble/inputs/0008.png'
Time: 00:00.03 (Saving: 00:00.00)

Saved: '/Users/chikumatsuboi/Code/animal-racers-western/assets/source/western/revision2/tail-repair/qa/wolf/race/frames/stumble/inputs/0009.png'
Time: 00:00.03 (Saving: 00:00.00)

Saved: '/Users/chikumatsuboi/Code/animal-racers-western/assets/source/western/revision2/tail-repair/qa/wolf/race/frames/stumble/inputs/0010.png'
Time: 00:00.03 (Saving: 00:00.00)

TAIL_CYCLE_RENDERED wolf race stumble inputs
Read blend: "/Users/chikumatsuboi/Code/animal-racers-western/assets/source/western/revision2/tail-repair/candidate/wolf.blend"
Saved: '/Users/chikumatsuboi/Code/animal-racers-western/assets/source/western/revision2/tail-repair/qa/wolf/race/frames/stumble/candidate/0000.png'
Time: 00:00.03 (Saving: 00:00.00)

Saved: '/Users/chikumatsuboi/Code/animal-racers-western/assets/source/western/revision2/tail-repair/qa/wolf/race/frames/stumble/candidate/0001.png'
Time: 00:00.03 (Saving: 00:00.00)

Saved: '/Users/chikumatsuboi/Code/animal-racers-western/assets/source/western/revision2/tail-repair/qa/wolf/race/frames/stumble/candidate/0002.png'
Time: 00:00.03 (Saving: 00:00.00)

Saved: '/Users/chikumatsuboi/Code/animal-racers-western/assets/source/western/revision2/tail-repair/qa/wolf/race/frames/stumble/candidate/0003.png'
Time: 00:00.03 (Saving: 00:00.01)

Saved: '/Users/chikumatsuboi/Code/animal-racers-western/assets/source/western/revision2/tail-repair/qa/wolf/race/frames/stumble/candidate/0004.png'
Time: 00:00.04 (Saving: 00:00.00)

Saved: '/Users/chikumatsuboi/Code/animal-racers-western/assets/source/western/revision2/tail-repair/qa/wolf/race/frames/stumble/candidate/0005.png'
Time: 00:00.04 (Saving: 00:00.00)

Saved: '/Users/chikumatsuboi/Code/animal-racers-western/assets/source/western/revision2/tail-repair/qa/wolf/race/frames/stumble/candidate/0006.png'
Time: 00:00.04 (Saving: 00:00.00)

Saved: '/Users/chikumatsuboi/Code/animal-racers-western/assets/source/western/revision2/tail-repair/qa/wolf/race/frames/stumble/candidate/0007.png'
Time: 00:00.03 (Saving: 00:00.00)

Saved: '/Users/chikumatsuboi/Code/animal-racers-western/assets/source/western/revision2/tail-repair/qa/wolf/race/frames/stumble/candidate/0008.png'
Time: 00:00.02 (Saving: 00:00.00)

Saved: '/Users/chikumatsuboi/Code/animal-racers-western/assets/source/western/revision2/tail-repair/qa/wolf/race/frames/stumble/candidate/0009.png'
Time: 00:00.02 (Saving: 00:00.00)

Saved: '/Users/chikumatsuboi/Code/animal-racers-western/assets/source/western/revision2/tail-repair/qa/wolf/race/frames/stumble/candidate/0010.png'
Time: 00:00.02 (Saving: 00:00.00)

TAIL_CYCLE_RENDERED wolf race stumble candidate
Read blend: "/Users/chikumatsuboi/Code/animal-racers-western/assets/source/western/revision2/tail-repair/candidate/wolf-upright.blend"
Read blend: "/Users/chikumatsuboi/Code/animal-racers-western/assets/source/western/revision2/tail-repair/inputs/wolf-upright.blend"
Saved: '/Users/chikumatsuboi/Code/animal-racers-western/assets/source/western/revision2/tail-repair/qa/wolf/upright/frames/attack/inputs/0000.png'
Time: 00:00.04 (Saving: 00:00.00)

Saved: '/Users/chikumatsuboi/Code/animal-racers-western/assets/source/western/revision2/tail-repair/qa/wolf/upright/frames/attack/inputs/0001.png'
Time: 00:00.04 (Saving: 00:00.00)

Saved: '/Users/chikumatsuboi/Code/animal-racers-western/assets/source/western/revision2/tail-repair/qa/wolf/upright/frames/attack/inputs/0002.png'
Time: 00:00.04 (Saving: 00:00.00)

Saved: '/Users/chikumatsuboi/Code/animal-racers-western/assets/source/western/revision2/tail-repair/qa/wolf/upright/frames/attack/inputs/0003.png'
Time: 00:00.03 (Saving: 00:00.00)

Saved: '/Users/chikumatsuboi/Code/animal-racers-western/assets/source/western/revision2/tail-repair/qa/wolf/upright/frames/attack/inputs/0004.png'
Time: 00:00.03 (Saving: 00:00.00)

Saved: '/Users/chikumatsuboi/Code/animal-racers-western/assets/source/western/revision2/tail-repair/qa/wolf/upright/frames/attack/inputs/0005.png'
Time: 00:00.03 (Saving: 00:00.00)

Saved: '/Users/chikumatsuboi/Code/animal-racers-western/assets/source/western/revision2/tail-repair/qa/wolf/upright/frames/attack/inputs/0006.png'
Time: 00:00.03 (Saving: 00:00.00)

Saved: '/Users/chikumatsuboi/Code/animal-racers-western/assets/source/western/revision2/tail-repair/qa/wolf/upright/frames/attack/inputs/0007.png'
Time: 00:00.03 (Saving: 00:00.00)

Saved: '/Users/chikumatsuboi/Code/animal-racers-western/assets/source/western/revision2/tail-repair/qa/wolf/upright/frames/attack/inputs/0008.png'
Time: 00:00.03 (Saving: 00:00.00)

Saved: '/Users/chikumatsuboi/Code/animal-racers-western/assets/source/western/revision2/tail-repair/qa/wolf/upright/frames/attack/inputs/0009.png'
Time: 00:00.03 (Saving: 00:00.00)

Saved: '/Users/chikumatsuboi/Code/animal-racers-western/assets/source/western/revision2/tail-repair/qa/wolf/upright/frames/attack/inputs/0010.png'
Time: 00:00.03 (Saving: 00:00.00)

Saved: '/Users/chikumatsuboi/Code/animal-racers-western/assets/source/western/revision2/tail-repair/qa/wolf/upright/frames/attack/inputs/0011.png'
Time: 00:00.03 (Saving: 00:00.00)

Saved: '/Users/chikumatsuboi/Code/animal-racers-western/assets/source/western/revision2/tail-repair/qa/wolf/upright/frames/attack/inputs/0012.png'
Time: 00:00.03 (Saving: 00:00.00)

Saved: '/Users/chikumatsuboi/Code/animal-racers-western/assets/source/western/revision2/tail-repair/qa/wolf/upright/frames/attack/inputs/0013.png'
Time: 00:00.03 (Saving: 00:00.01)

Saved: '/Users/chikumatsuboi/Code/animal-racers-western/assets/source/western/revision2/tail-repair/qa/wolf/upright/frames/attack/inputs/0014.png'
Time: 00:00.03 (Saving: 00:00.00)

Saved: '/Users/chikumatsuboi/Code/animal-racers-western/assets/source/western/revision2/tail-repair/qa/wolf/upright/frames/attack/inputs/0015.png'
Time: 00:00.03 (Saving: 00:00.00)

Saved: '/Users/chikumatsuboi/Code/animal-racers-western/assets/source/western/revision2/tail-repair/qa/wolf/upright/frames/attack/inputs/0016.png'
Time: 00:00.03 (Saving: 00:00.00)

Saved: '/Users/chikumatsuboi/Code/animal-racers-western/assets/source/western/revision2/tail-repair/qa/wolf/upright/frames/attack/inputs/0017.png'
Time: 00:00.03 (Saving: 00:00.00)

Saved: '/Users/chikumatsuboi/Code/animal-racers-western/assets/source/western/revision2/tail-repair/qa/wolf/upright/frames/attack/inputs/0018.png'
Time: 00:00.04 (Saving: 00:00.00)

Saved: '/Users/chikumatsuboi/Code/animal-racers-western/assets/source/western/revision2/tail-repair/qa/wolf/upright/frames/attack/inputs/0019.png'
Time: 00:00.03 (Saving: 00:00.00)

Saved: '/Users/chikumatsuboi/Code/animal-racers-western/assets/source/western/revision2/tail-repair/qa/wolf/upright/frames/attack/inputs/0020.png'
Time: 00:00.03 (Saving: 00:00.00)

Saved: '/Users/chikumatsuboi/Code/animal-racers-western/assets/source/western/revision2/tail-repair/qa/wolf/upright/frames/attack/inputs/0021.png'
Time: 00:00.04 (Saving: 00:00.00)

Saved: '/Users/chikumatsuboi/Code/animal-racers-western/assets/source/western/revision2/tail-repair/qa/wolf/upright/frames/attack/inputs/0022.png'
Time: 00:00.03 (Saving: 00:00.00)

Saved: '/Users/chikumatsuboi/Code/animal-racers-western/assets/source/western/revision2/tail-repair/qa/wolf/upright/frames/attack/inputs/0023.png'
Time: 00:00.03 (Saving: 00:00.00)

TAIL_CYCLE_RENDERED wolf upright attack inputs
Read blend: "/Users/chikumatsuboi/Code/animal-racers-western/assets/source/western/revision2/tail-repair/candidate/wolf-upright.blend"
Saved: '/Users/chikumatsuboi/Code/animal-racers-western/assets/source/western/revision2/tail-repair/qa/wolf/upright/frames/attack/candidate/0000.png'
Time: 00:00.03 (Saving: 00:00.00)

Saved: '/Users/chikumatsuboi/Code/animal-racers-western/assets/source/western/revision2/tail-repair/qa/wolf/upright/frames/attack/candidate/0001.png'
Time: 00:00.03 (Saving: 00:00.00)

Saved: '/Users/chikumatsuboi/Code/animal-racers-western/assets/source/western/revision2/tail-repair/qa/wolf/upright/frames/attack/candidate/0002.png'
Time: 00:00.04 (Saving: 00:00.00)

Saved: '/Users/chikumatsuboi/Code/animal-racers-western/assets/source/western/revision2/tail-repair/qa/wolf/upright/frames/attack/candidate/0003.png'
Time: 00:00.03 (Saving: 00:00.00)

Saved: '/Users/chikumatsuboi/Code/animal-racers-western/assets/source/western/revision2/tail-repair/qa/wolf/upright/frames/attack/candidate/0004.png'
Time: 00:00.03 (Saving: 00:00.00)

Saved: '/Users/chikumatsuboi/Code/animal-racers-western/assets/source/western/revision2/tail-repair/qa/wolf/upright/frames/attack/candidate/0005.png'
Time: 00:00.03 (Saving: 00:00.00)

Saved: '/Users/chikumatsuboi/Code/animal-racers-western/assets/source/western/revision2/tail-repair/qa/wolf/upright/frames/attack/candidate/0006.png'
Time: 00:00.03 (Saving: 00:00.00)

Saved: '/Users/chikumatsuboi/Code/animal-racers-western/assets/source/western/revision2/tail-repair/qa/wolf/upright/frames/attack/candidate/0007.png'
Time: 00:00.03 (Saving: 00:00.00)

Saved: '/Users/chikumatsuboi/Code/animal-racers-western/assets/source/western/revision2/tail-repair/qa/wolf/upright/frames/attack/candidate/0008.png'
Time: 00:00.03 (Saving: 00:00.00)

Saved: '/Users/chikumatsuboi/Code/animal-racers-western/assets/source/western/revision2/tail-repair/qa/wolf/upright/frames/attack/candidate/0009.png'
Time: 00:00.03 (Saving: 00:00.00)

Saved: '/Users/chikumatsuboi/Code/animal-racers-western/assets/source/western/revision2/tail-repair/qa/wolf/upright/frames/attack/candidate/0010.png'
Time: 00:00.04 (Saving: 00:00.00)

Saved: '/Users/chikumatsuboi/Code/animal-racers-western/assets/source/western/revision2/tail-repair/qa/wolf/upright/frames/attack/candidate/0011.png'
Time: 00:00.02 (Saving: 00:00.00)

Saved: '/Users/chikumatsuboi/Code/animal-racers-western/assets/source/western/revision2/tail-repair/qa/wolf/upright/frames/attack/candidate/0012.png'
Time: 00:00.03 (Saving: 00:00.00)

Saved: '/Users/chikumatsuboi/Code/animal-racers-western/assets/source/western/revision2/tail-repair/qa/wolf/upright/frames/attack/candidate/0013.png'
Time: 00:00.03 (Saving: 00:00.00)

Saved: '/Users/chikumatsuboi/Code/animal-racers-western/assets/source/western/revision2/tail-repair/qa/wolf/upright/frames/attack/candidate/0014.png'
Time: 00:00.03 (Saving: 00:00.00)

Saved: '/Users/chikumatsuboi/Code/animal-racers-western/assets/source/western/revision2/tail-repair/qa/wolf/upright/frames/attack/candidate/0015.png'
Time: 00:00.03 (Saving: 00:00.00)

Saved: '/Users/chikumatsuboi/Code/animal-racers-western/assets/source/western/revision2/tail-repair/qa/wolf/upright/frames/attack/candidate/0016.png'
Time: 00:00.03 (Saving: 00:00.00)

Saved: '/Users/chikumatsuboi/Code/animal-racers-western/assets/source/western/revision2/tail-repair/qa/wolf/upright/frames/attack/candidate/0017.png'
Time: 00:00.03 (Saving: 00:00.00)

Saved: '/Users/chikumatsuboi/Code/animal-racers-western/assets/source/western/revision2/tail-repair/qa/wolf/upright/frames/attack/candidate/0018.png'
Time: 00:00.03 (Saving: 00:00.00)

Saved: '/Users/chikumatsuboi/Code/animal-racers-western/assets/source/western/revision2/tail-repair/qa/wolf/upright/frames/attack/candidate/0019.png'
Time: 00:00.03 (Saving: 00:00.00)

Saved: '/Users/chikumatsuboi/Code/animal-racers-western/assets/source/western/revision2/tail-repair/qa/wolf/upright/frames/attack/candidate/0020.png'
Time: 00:00.03 (Saving: 00:00.00)

Saved: '/Users/chikumatsuboi/Code/animal-racers-western/assets/source/western/revision2/tail-repair/qa/wolf/upright/frames/attack/candidate/0021.png'
Time: 00:00.03 (Saving: 00:00.00)

Saved: '/Users/chikumatsuboi/Code/animal-racers-western/assets/source/western/revision2/tail-repair/qa/wolf/upright/frames/attack/candidate/0022.png'
Time: 00:00.03 (Saving: 00:00.00)

Saved: '/Users/chikumatsuboi/Code/animal-racers-western/assets/source/western/revision2/tail-repair/qa/wolf/upright/frames/attack/candidate/0023.png'
Time: 00:00.03 (Saving: 00:00.00)

TAIL_CYCLE_RENDERED wolf upright attack candidate
Read blend: "/Users/chikumatsuboi/Code/animal-racers-western/assets/source/western/revision2/tail-repair/candidate/wolf-upright.blend"
Read blend: "/Users/chikumatsuboi/Code/animal-racers-western/assets/source/western/revision2/tail-repair/inputs/wolf-upright.blend"
Saved: '/Users/chikumatsuboi/Code/animal-racers-western/assets/source/western/revision2/tail-repair/qa/wolf/upright/frames/counter/inputs/0000.png'
Time: 00:00.04 (Saving: 00:00.00)

Saved: '/Users/chikumatsuboi/Code/animal-racers-western/assets/source/western/revision2/tail-repair/qa/wolf/upright/frames/counter/inputs/0001.png'
Time: 00:00.03 (Saving: 00:00.00)

Saved: '/Users/chikumatsuboi/Code/animal-racers-western/assets/source/western/revision2/tail-repair/qa/wolf/upright/frames/counter/inputs/0002.png'
Time: 00:00.02 (Saving: 00:00.00)

Saved: '/Users/chikumatsuboi/Code/animal-racers-western/assets/source/western/revision2/tail-repair/qa/wolf/upright/frames/counter/inputs/0003.png'
Time: 00:00.03 (Saving: 00:00.00)

Saved: '/Users/chikumatsuboi/Code/animal-racers-western/assets/source/western/revision2/tail-repair/qa/wolf/upright/frames/counter/inputs/0004.png'
Time: 00:00.02 (Saving: 00:00.00)

Saved: '/Users/chikumatsuboi/Code/animal-racers-western/assets/source/western/revision2/tail-repair/qa/wolf/upright/frames/counter/inputs/0005.png'
Time: 00:00.03 (Saving: 00:00.00)

Saved: '/Users/chikumatsuboi/Code/animal-racers-western/assets/source/western/revision2/tail-repair/qa/wolf/upright/frames/counter/inputs/0006.png'
Time: 00:00.03 (Saving: 00:00.00)

Saved: '/Users/chikumatsuboi/Code/animal-racers-western/assets/source/western/revision2/tail-repair/qa/wolf/upright/frames/counter/inputs/0007.png'
Time: 00:00.03 (Saving: 00:00.00)

Saved: '/Users/chikumatsuboi/Code/animal-racers-western/assets/source/western/revision2/tail-repair/qa/wolf/upright/frames/counter/inputs/0008.png'
Time: 00:00.03 (Saving: 00:00.00)

Saved: '/Users/chikumatsuboi/Code/animal-racers-western/assets/source/western/revision2/tail-repair/qa/wolf/upright/frames/counter/inputs/0009.png'
Time: 00:00.03 (Saving: 00:00.00)

Saved: '/Users/chikumatsuboi/Code/animal-racers-western/assets/source/western/revision2/tail-repair/qa/wolf/upright/frames/counter/inputs/0010.png'
Time: 00:00.03 (Saving: 00:00.00)

Saved: '/Users/chikumatsuboi/Code/animal-racers-western/assets/source/western/revision2/tail-repair/qa/wolf/upright/frames/counter/inputs/0011.png'
Time: 00:00.02 (Saving: 00:00.00)

Saved: '/Users/chikumatsuboi/Code/animal-racers-western/assets/source/western/revision2/tail-repair/qa/wolf/upright/frames/counter/inputs/0012.png'
Time: 00:00.03 (Saving: 00:00.00)

Saved: '/Users/chikumatsuboi/Code/animal-racers-western/assets/source/western/revision2/tail-repair/qa/wolf/upright/frames/counter/inputs/0013.png'
Time: 00:00.03 (Saving: 00:00.00)

Saved: '/Users/chikumatsuboi/Code/animal-racers-western/assets/source/western/revision2/tail-repair/qa/wolf/upright/frames/counter/inputs/0014.png'
Time: 00:00.03 (Saving: 00:00.00)

Saved: '/Users/chikumatsuboi/Code/animal-racers-western/assets/source/western/revision2/tail-repair/qa/wolf/upright/frames/counter/inputs/0015.png'
Time: 00:00.03 (Saving: 00:00.01)

Saved: '/Users/chikumatsuboi/Code/animal-racers-western/assets/source/western/revision2/tail-repair/qa/wolf/upright/frames/counter/inputs/0016.png'
Time: 00:00.03 (Saving: 00:00.00)

Saved: '/Users/chikumatsuboi/Code/animal-racers-western/assets/source/western/revision2/tail-repair/qa/wolf/upright/frames/counter/inputs/0017.png'
Time: 00:00.04 (Saving: 00:00.00)

Saved: '/Users/chikumatsuboi/Code/animal-racers-western/assets/source/western/revision2/tail-repair/qa/wolf/upright/frames/counter/inputs/0018.png'
Time: 00:00.04 (Saving: 00:00.00)

TAIL_CYCLE_RENDERED wolf upright counter inputs
Read blend: "/Users/chikumatsuboi/Code/animal-racers-western/assets/source/western/revision2/tail-repair/candidate/wolf-upright.blend"
Saved: '/Users/chikumatsuboi/Code/animal-racers-western/assets/source/western/revision2/tail-repair/qa/wolf/upright/frames/counter/candidate/0000.png'
Time: 00:00.04 (Saving: 00:00.00)

Saved: '/Users/chikumatsuboi/Code/animal-racers-western/assets/source/western/revision2/tail-repair/qa/wolf/upright/frames/counter/candidate/0001.png'
Time: 00:00.02 (Saving: 00:00.00)

Saved: '/Users/chikumatsuboi/Code/animal-racers-western/assets/source/western/revision2/tail-repair/qa/wolf/upright/frames/counter/candidate/0002.png'
Time: 00:00.03 (Saving: 00:00.01)

Saved: '/Users/chikumatsuboi/Code/animal-racers-western/assets/source/western/revision2/tail-repair/qa/wolf/upright/frames/counter/candidate/0003.png'
Time: 00:00.02 (Saving: 00:00.00)

Saved: '/Users/chikumatsuboi/Code/animal-racers-western/assets/source/western/revision2/tail-repair/qa/wolf/upright/frames/counter/candidate/0004.png'
Time: 00:00.03 (Saving: 00:00.00)

Saved: '/Users/chikumatsuboi/Code/animal-racers-western/assets/source/western/revision2/tail-repair/qa/wolf/upright/frames/counter/candidate/0005.png'
Time: 00:00.03 (Saving: 00:00.00)

Saved: '/Users/chikumatsuboi/Code/animal-racers-western/assets/source/western/revision2/tail-repair/qa/wolf/upright/frames/counter/candidate/0006.png'
Time: 00:00.03 (Saving: 00:00.00)

Saved: '/Users/chikumatsuboi/Code/animal-racers-western/assets/source/western/revision2/tail-repair/qa/wolf/upright/frames/counter/candidate/0007.png'
Time: 00:00.03 (Saving: 00:00.00)

Saved: '/Users/chikumatsuboi/Code/animal-racers-western/assets/source/western/revision2/tail-repair/qa/wolf/upright/frames/counter/candidate/0008.png'
Time: 00:00.04 (Saving: 00:00.00)

Saved: '/Users/chikumatsuboi/Code/animal-racers-western/assets/source/western/revision2/tail-repair/qa/wolf/upright/frames/counter/candidate/0009.png'
Time: 00:00.03 (Saving: 00:00.00)

Saved: '/Users/chikumatsuboi/Code/animal-racers-western/assets/source/western/revision2/tail-repair/qa/wolf/upright/frames/counter/candidate/0010.png'
Time: 00:00.03 (Saving: 00:00.00)

Saved: '/Users/chikumatsuboi/Code/animal-racers-western/assets/source/western/revision2/tail-repair/qa/wolf/upright/frames/counter/candidate/0011.png'
Time: 00:00.03 (Saving: 00:00.00)

Saved: '/Users/chikumatsuboi/Code/animal-racers-western/assets/source/western/revision2/tail-repair/qa/wolf/upright/frames/counter/candidate/0012.png'
Time: 00:00.02 (Saving: 00:00.00)

Saved: '/Users/chikumatsuboi/Code/animal-racers-western/assets/source/western/revision2/tail-repair/qa/wolf/upright/frames/counter/candidate/0013.png'
Time: 00:00.02 (Saving: 00:00.00)

Saved: '/Users/chikumatsuboi/Code/animal-racers-western/assets/source/western/revision2/tail-repair/qa/wolf/upright/frames/counter/candidate/0014.png'
Time: 00:00.03 (Saving: 00:00.00)

Saved: '/Users/chikumatsuboi/Code/animal-racers-western/assets/source/western/revision2/tail-repair/qa/wolf/upright/frames/counter/candidate/0015.png'
Time: 00:00.03 (Saving: 00:00.00)

Saved: '/Users/chikumatsuboi/Code/animal-racers-western/assets/source/western/revision2/tail-repair/qa/wolf/upright/frames/counter/candidate/0016.png'
Time: 00:00.03 (Saving: 00:00.00)

Saved: '/Users/chikumatsuboi/Code/animal-racers-western/assets/source/western/revision2/tail-repair/qa/wolf/upright/frames/counter/candidate/0017.png'
Time: 00:00.03 (Saving: 00:00.00)

Saved: '/Users/chikumatsuboi/Code/animal-racers-western/assets/source/western/revision2/tail-repair/qa/wolf/upright/frames/counter/candidate/0018.png'
Time: 00:00.03 (Saving: 00:00.00)

TAIL_CYCLE_RENDERED wolf upright counter candidate
Read blend: "/Users/chikumatsuboi/Code/animal-racers-western/assets/source/western/revision2/tail-repair/candidate/wolf-upright.blend"
Read blend: "/Users/chikumatsuboi/Code/animal-racers-western/assets/source/western/revision2/tail-repair/inputs/wolf-upright.blend"
Saved: '/Users/chikumatsuboi/Code/animal-racers-western/assets/source/western/revision2/tail-repair/qa/wolf/upright/frames/hit/inputs/0000.png'
Time: 00:00.04 (Saving: 00:00.00)

Saved: '/Users/chikumatsuboi/Code/animal-racers-western/assets/source/western/revision2/tail-repair/qa/wolf/upright/frames/hit/inputs/0001.png'
Time: 00:00.04 (Saving: 00:00.00)

Saved: '/Users/chikumatsuboi/Code/animal-racers-western/assets/source/western/revision2/tail-repair/qa/wolf/upright/frames/hit/inputs/0002.png'
Time: 00:00.03 (Saving: 00:00.00)

Saved: '/Users/chikumatsuboi/Code/animal-racers-western/assets/source/western/revision2/tail-repair/qa/wolf/upright/frames/hit/inputs/0003.png'
Time: 00:00.02 (Saving: 00:00.00)

Saved: '/Users/chikumatsuboi/Code/animal-racers-western/assets/source/western/revision2/tail-repair/qa/wolf/upright/frames/hit/inputs/0004.png'
Time: 00:00.03 (Saving: 00:00.00)

Saved: '/Users/chikumatsuboi/Code/animal-racers-western/assets/source/western/revision2/tail-repair/qa/wolf/upright/frames/hit/inputs/0005.png'
Time: 00:00.02 (Saving: 00:00.00)

Saved: '/Users/chikumatsuboi/Code/animal-racers-western/assets/source/western/revision2/tail-repair/qa/wolf/upright/frames/hit/inputs/0006.png'
Time: 00:00.03 (Saving: 00:00.00)

TAIL_CYCLE_RENDERED wolf upright hit inputs
Read blend: "/Users/chikumatsuboi/Code/animal-racers-western/assets/source/western/revision2/tail-repair/candidate/wolf-upright.blend"
Saved: '/Users/chikumatsuboi/Code/animal-racers-western/assets/source/western/revision2/tail-repair/qa/wolf/upright/frames/hit/candidate/0000.png'
Time: 00:00.03 (Saving: 00:00.00)

Saved: '/Users/chikumatsuboi/Code/animal-racers-western/assets/source/western/revision2/tail-repair/qa/wolf/upright/frames/hit/candidate/0001.png'
Time: 00:00.03 (Saving: 00:00.00)

Saved: '/Users/chikumatsuboi/Code/animal-racers-western/assets/source/western/revision2/tail-repair/qa/wolf/upright/frames/hit/candidate/0002.png'
Time: 00:00.03 (Saving: 00:00.00)

Saved: '/Users/chikumatsuboi/Code/animal-racers-western/assets/source/western/revision2/tail-repair/qa/wolf/upright/frames/hit/candidate/0003.png'
Time: 00:00.02 (Saving: 00:00.00)

Saved: '/Users/chikumatsuboi/Code/animal-racers-western/assets/source/western/revision2/tail-repair/qa/wolf/upright/frames/hit/candidate/0004.png'
Time: 00:00.02 (Saving: 00:00.00)

Saved: '/Users/chikumatsuboi/Code/animal-racers-western/assets/source/western/revision2/tail-repair/qa/wolf/upright/frames/hit/candidate/0005.png'
Time: 00:00.02 (Saving: 00:00.00)

Saved: '/Users/chikumatsuboi/Code/animal-racers-western/assets/source/western/revision2/tail-repair/qa/wolf/upright/frames/hit/candidate/0006.png'
Time: 00:00.02 (Saving: 00:00.00)

TAIL_CYCLE_RENDERED wolf upright hit candidate
Read blend: "/Users/chikumatsuboi/Code/animal-racers-western/assets/source/western/revision2/tail-repair/candidate/wolf-upright.blend"
Read blend: "/Users/chikumatsuboi/Code/animal-racers-western/assets/source/western/revision2/tail-repair/inputs/wolf-upright.blend"
Saved: '/Users/chikumatsuboi/Code/animal-racers-western/assets/source/western/revision2/tail-repair/qa/wolf/upright/frames/evade/inputs/0000.png'
Time: 00:00.04 (Saving: 00:00.00)

Saved: '/Users/chikumatsuboi/Code/animal-racers-western/assets/source/western/revision2/tail-repair/qa/wolf/upright/frames/evade/inputs/0001.png'
Time: 00:00.02 (Saving: 00:00.00)

Saved: '/Users/chikumatsuboi/Code/animal-racers-western/assets/source/western/revision2/tail-repair/qa/wolf/upright/frames/evade/inputs/0002.png'
Time: 00:00.02 (Saving: 00:00.00)

Saved: '/Users/chikumatsuboi/Code/animal-racers-western/assets/source/western/revision2/tail-repair/qa/wolf/upright/frames/evade/inputs/0003.png'
Time: 00:00.03 (Saving: 00:00.00)

Saved: '/Users/chikumatsuboi/Code/animal-racers-western/assets/source/western/revision2/tail-repair/qa/wolf/upright/frames/evade/inputs/0004.png'
Time: 00:00.02 (Saving: 00:00.00)

Saved: '/Users/chikumatsuboi/Code/animal-racers-western/assets/source/western/revision2/tail-repair/qa/wolf/upright/frames/evade/inputs/0005.png'
Time: 00:00.03 (Saving: 00:00.00)

Saved: '/Users/chikumatsuboi/Code/animal-racers-western/assets/source/western/revision2/tail-repair/qa/wolf/upright/frames/evade/inputs/0006.png'
Time: 00:00.03 (Saving: 00:00.00)

TAIL_CYCLE_RENDERED wolf upright evade inputs
Read blend: "/Users/chikumatsuboi/Code/animal-racers-western/assets/source/western/revision2/tail-repair/candidate/wolf-upright.blend"
Saved: '/Users/chikumatsuboi/Code/animal-racers-western/assets/source/western/revision2/tail-repair/qa/wolf/upright/frames/evade/candidate/0000.png'
Time: 00:00.04 (Saving: 00:00.00)

Saved: '/Users/chikumatsuboi/Code/animal-racers-western/assets/source/western/revision2/tail-repair/qa/wolf/upright/frames/evade/candidate/0001.png'
Time: 00:00.03 (Saving: 00:00.00)

Saved: '/Users/chikumatsuboi/Code/animal-racers-western/assets/source/western/revision2/tail-repair/qa/wolf/upright/frames/evade/candidate/0002.png'
Time: 00:00.03 (Saving: 00:00.00)

Saved: '/Users/chikumatsuboi/Code/animal-racers-western/assets/source/western/revision2/tail-repair/qa/wolf/upright/frames/evade/candidate/0003.png'
Time: 00:00.03 (Saving: 00:00.00)

Saved: '/Users/chikumatsuboi/Code/animal-racers-western/assets/source/western/revision2/tail-repair/qa/wolf/upright/frames/evade/candidate/0004.png'
Time: 00:00.03 (Saving: 00:00.00)

Saved: '/Users/chikumatsuboi/Code/animal-racers-western/assets/source/western/revision2/tail-repair/qa/wolf/upright/frames/evade/candidate/0005.png'
Time: 00:00.03 (Saving: 00:00.00)

Saved: '/Users/chikumatsuboi/Code/animal-racers-western/assets/source/western/revision2/tail-repair/qa/wolf/upright/frames/evade/candidate/0006.png'
Time: 00:00.03 (Saving: 00:00.00)

TAIL_CYCLE_RENDERED wolf upright evade candidate
Read blend: "/Users/chikumatsuboi/Code/animal-racers-western/assets/source/western/revision2/tail-repair/candidate/wolf-upright.blend"
Read blend: "/Users/chikumatsuboi/Code/animal-racers-western/assets/source/western/revision2/tail-repair/inputs/wolf-upright.blend"
Saved: '/Users/chikumatsuboi/Code/animal-racers-western/assets/source/western/revision2/tail-repair/qa/wolf/upright/frames/celebrate/inputs/0000.png'
Time: 00:00.04 (Saving: 00:00.00)

Saved: '/Users/chikumatsuboi/Code/animal-racers-western/assets/source/western/revision2/tail-repair/qa/wolf/upright/frames/celebrate/inputs/0001.png'
Time: 00:00.04 (Saving: 00:00.00)

Saved: '/Users/chikumatsuboi/Code/animal-racers-western/assets/source/western/revision2/tail-repair/qa/wolf/upright/frames/celebrate/inputs/0002.png'
Time: 00:00.03 (Saving: 00:00.00)

Saved: '/Users/chikumatsuboi/Code/animal-racers-western/assets/source/western/revision2/tail-repair/qa/wolf/upright/frames/celebrate/inputs/0003.png'
Time: 00:00.02 (Saving: 00:00.00)

Saved: '/Users/chikumatsuboi/Code/animal-racers-western/assets/source/western/revision2/tail-repair/qa/wolf/upright/frames/celebrate/inputs/0004.png'
Time: 00:00.02 (Saving: 00:00.00)

Saved: '/Users/chikumatsuboi/Code/animal-racers-western/assets/source/western/revision2/tail-repair/qa/wolf/upright/frames/celebrate/inputs/0005.png'
Time: 00:00.03 (Saving: 00:00.00)

Saved: '/Users/chikumatsuboi/Code/animal-racers-western/assets/source/western/revision2/tail-repair/qa/wolf/upright/frames/celebrate/inputs/0006.png'
Time: 00:00.03 (Saving: 00:00.00)

Saved: '/Users/chikumatsuboi/Code/animal-racers-western/assets/source/western/revision2/tail-repair/qa/wolf/upright/frames/celebrate/inputs/0007.png'
Time: 00:00.03 (Saving: 00:00.00)

Saved: '/Users/chikumatsuboi/Code/animal-racers-western/assets/source/western/revision2/tail-repair/qa/wolf/upright/frames/celebrate/inputs/0008.png'
Time: 00:00.03 (Saving: 00:00.00)

Saved: '/Users/chikumatsuboi/Code/animal-racers-western/assets/source/western/revision2/tail-repair/qa/wolf/upright/frames/celebrate/inputs/0009.png'
Time: 00:00.03 (Saving: 00:00.00)

Saved: '/Users/chikumatsuboi/Code/animal-racers-western/assets/source/western/revision2/tail-repair/qa/wolf/upright/frames/celebrate/inputs/0010.png'
Time: 00:00.04 (Saving: 00:00.00)

Saved: '/Users/chikumatsuboi/Code/animal-racers-western/assets/source/western/revision2/tail-repair/qa/wolf/upright/frames/celebrate/inputs/0011.png'
Time: 00:00.04 (Saving: 00:00.00)

Saved: '/Users/chikumatsuboi/Code/animal-racers-western/assets/source/western/revision2/tail-repair/qa/wolf/upright/frames/celebrate/inputs/0012.png'
Time: 00:00.02 (Saving: 00:00.00)

Saved: '/Users/chikumatsuboi/Code/animal-racers-western/assets/source/western/revision2/tail-repair/qa/wolf/upright/frames/celebrate/inputs/0013.png'
Time: 00:00.02 (Saving: 00:00.00)

Saved: '/Users/chikumatsuboi/Code/animal-racers-western/assets/source/western/revision2/tail-repair/qa/wolf/upright/frames/celebrate/inputs/0014.png'
Time: 00:00.03 (Saving: 00:00.00)

Saved: '/Users/chikumatsuboi/Code/animal-racers-western/assets/source/western/revision2/tail-repair/qa/wolf/upright/frames/celebrate/inputs/0015.png'
Time: 00:00.03 (Saving: 00:00.00)

Saved: '/Users/chikumatsuboi/Code/animal-racers-western/assets/source/western/revision2/tail-repair/qa/wolf/upright/frames/celebrate/inputs/0016.png'
Time: 00:00.03 (Saving: 00:00.00)

Saved: '/Users/chikumatsuboi/Code/animal-racers-western/assets/source/western/revision2/tail-repair/qa/wolf/upright/frames/celebrate/inputs/0017.png'
Time: 00:00.03 (Saving: 00:00.00)

Saved: '/Users/chikumatsuboi/Code/animal-racers-western/assets/source/western/revision2/tail-repair/qa/wolf/upright/frames/celebrate/inputs/0018.png'
Time: 00:00.03 (Saving: 00:00.00)

Saved: '/Users/chikumatsuboi/Code/animal-racers-western/assets/source/western/revision2/tail-repair/qa/wolf/upright/frames/celebrate/inputs/0019.png'
Time: 00:00.03 (Saving: 00:00.00)

Saved: '/Users/chikumatsuboi/Code/animal-racers-western/assets/source/western/revision2/tail-repair/qa/wolf/upright/frames/celebrate/inputs/0020.png'
Time: 00:00.03 (Saving: 00:00.00)

Saved: '/Users/chikumatsuboi/Code/animal-racers-western/assets/source/western/revision2/tail-repair/qa/wolf/upright/frames/celebrate/inputs/0021.png'
Time: 00:00.02 (Saving: 00:00.00)

Saved: '/Users/chikumatsuboi/Code/animal-racers-western/assets/source/western/revision2/tail-repair/qa/wolf/upright/frames/celebrate/inputs/0022.png'
Time: 00:00.02 (Saving: 00:00.00)

Saved: '/Users/chikumatsuboi/Code/animal-racers-western/assets/source/western/revision2/tail-repair/qa/wolf/upright/frames/celebrate/inputs/0023.png'
Time: 00:00.02 (Saving: 00:00.00)

Saved: '/Users/chikumatsuboi/Code/animal-racers-western/assets/source/western/revision2/tail-repair/qa/wolf/upright/frames/celebrate/inputs/0024.png'
Time: 00:00.02 (Saving: 00:00.00)

Saved: '/Users/chikumatsuboi/Code/animal-racers-western/assets/source/western/revision2/tail-repair/qa/wolf/upright/frames/celebrate/inputs/0025.png'
Time: 00:00.03 (Saving: 00:00.00)

Saved: '/Users/chikumatsuboi/Code/animal-racers-western/assets/source/western/revision2/tail-repair/qa/wolf/upright/frames/celebrate/inputs/0026.png'
Time: 00:00.03 (Saving: 00:00.00)

Saved: '/Users/chikumatsuboi/Code/animal-racers-western/assets/source/western/revision2/tail-repair/qa/wolf/upright/frames/celebrate/inputs/0027.png'
Time: 00:00.03 (Saving: 00:00.00)

Saved: '/Users/chikumatsuboi/Code/animal-racers-western/assets/source/western/revision2/tail-repair/qa/wolf/upright/frames/celebrate/inputs/0028.png'
Time: 00:00.03 (Saving: 00:00.00)

Saved: '/Users/chikumatsuboi/Code/animal-racers-western/assets/source/western/revision2/tail-repair/qa/wolf/upright/frames/celebrate/inputs/0029.png'
Time: 00:00.03 (Saving: 00:00.00)

Saved: '/Users/chikumatsuboi/Code/animal-racers-western/assets/source/western/revision2/tail-repair/qa/wolf/upright/frames/celebrate/inputs/0030.png'
Time: 00:00.02 (Saving: 00:00.00)

TAIL_CYCLE_RENDERED wolf upright celebrate inputs
Read blend: "/Users/chikumatsuboi/Code/animal-racers-western/assets/source/western/revision2/tail-repair/candidate/wolf-upright.blend"
Saved: '/Users/chikumatsuboi/Code/animal-racers-western/assets/source/western/revision2/tail-repair/qa/wolf/upright/frames/celebrate/candidate/0000.png'
Time: 00:00.02 (Saving: 00:00.00)

Saved: '/Users/chikumatsuboi/Code/animal-racers-western/assets/source/western/revision2/tail-repair/qa/wolf/upright/frames/celebrate/candidate/0001.png'
Time: 00:00.02 (Saving: 00:00.00)

Saved: '/Users/chikumatsuboi/Code/animal-racers-western/assets/source/western/revision2/tail-repair/qa/wolf/upright/frames/celebrate/candidate/0002.png'
Time: 00:00.02 (Saving: 00:00.00)

Saved: '/Users/chikumatsuboi/Code/animal-racers-western/assets/source/western/revision2/tail-repair/qa/wolf/upright/frames/celebrate/candidate/0003.png'
Time: 00:00.03 (Saving: 00:00.00)

Saved: '/Users/chikumatsuboi/Code/animal-racers-western/assets/source/western/revision2/tail-repair/qa/wolf/upright/frames/celebrate/candidate/0004.png'
Time: 00:00.03 (Saving: 00:00.00)

Saved: '/Users/chikumatsuboi/Code/animal-racers-western/assets/source/western/revision2/tail-repair/qa/wolf/upright/frames/celebrate/candidate/0005.png'
Time: 00:00.03 (Saving: 00:00.00)

Saved: '/Users/chikumatsuboi/Code/animal-racers-western/assets/source/western/revision2/tail-repair/qa/wolf/upright/frames/celebrate/candidate/0006.png'
Time: 00:00.03 (Saving: 00:00.00)

Saved: '/Users/chikumatsuboi/Code/animal-racers-western/assets/source/western/revision2/tail-repair/qa/wolf/upright/frames/celebrate/candidate/0007.png'
Time: 00:00.03 (Saving: 00:00.00)

Saved: '/Users/chikumatsuboi/Code/animal-racers-western/assets/source/western/revision2/tail-repair/qa/wolf/upright/frames/celebrate/candidate/0008.png'
Time: 00:00.02 (Saving: 00:00.00)

Saved: '/Users/chikumatsuboi/Code/animal-racers-western/assets/source/western/revision2/tail-repair/qa/wolf/upright/frames/celebrate/candidate/0009.png'
Time: 00:00.02 (Saving: 00:00.00)

Saved: '/Users/chikumatsuboi/Code/animal-racers-western/assets/source/western/revision2/tail-repair/qa/wolf/upright/frames/celebrate/candidate/0010.png'
Time: 00:00.02 (Saving: 00:00.00)

Saved: '/Users/chikumatsuboi/Code/animal-racers-western/assets/source/western/revision2/tail-repair/qa/wolf/upright/frames/celebrate/candidate/0011.png'
Time: 00:00.02 (Saving: 00:00.00)

Saved: '/Users/chikumatsuboi/Code/animal-racers-western/assets/source/western/revision2/tail-repair/qa/wolf/upright/frames/celebrate/candidate/0012.png'
Time: 00:00.02 (Saving: 00:00.00)

Saved: '/Users/chikumatsuboi/Code/animal-racers-western/assets/source/western/revision2/tail-repair/qa/wolf/upright/frames/celebrate/candidate/0013.png'
Time: 00:00.03 (Saving: 00:00.00)

Saved: '/Users/chikumatsuboi/Code/animal-racers-western/assets/source/western/revision2/tail-repair/qa/wolf/upright/frames/celebrate/candidate/0014.png'
Time: 00:00.03 (Saving: 00:00.00)

Saved: '/Users/chikumatsuboi/Code/animal-racers-western/assets/source/western/revision2/tail-repair/qa/wolf/upright/frames/celebrate/candidate/0015.png'
Time: 00:00.03 (Saving: 00:00.00)

Saved: '/Users/chikumatsuboi/Code/animal-racers-western/assets/source/western/revision2/tail-repair/qa/wolf/upright/frames/celebrate/candidate/0016.png'
Time: 00:00.03 (Saving: 00:00.00)

Saved: '/Users/chikumatsuboi/Code/animal-racers-western/assets/source/western/revision2/tail-repair/qa/wolf/upright/frames/celebrate/candidate/0017.png'
Time: 00:00.03 (Saving: 00:00.00)

Saved: '/Users/chikumatsuboi/Code/animal-racers-western/assets/source/western/revision2/tail-repair/qa/wolf/upright/frames/celebrate/candidate/0018.png'
Time: 00:00.03 (Saving: 00:00.00)

Saved: '/Users/chikumatsuboi/Code/animal-racers-western/assets/source/western/revision2/tail-repair/qa/wolf/upright/frames/celebrate/candidate/0019.png'
Time: 00:00.03 (Saving: 00:00.00)

Saved: '/Users/chikumatsuboi/Code/animal-racers-western/assets/source/western/revision2/tail-repair/qa/wolf/upright/frames/celebrate/candidate/0020.png'
Time: 00:00.02 (Saving: 00:00.00)

Saved: '/Users/chikumatsuboi/Code/animal-racers-western/assets/source/western/revision2/tail-repair/qa/wolf/upright/frames/celebrate/candidate/0021.png'
Time: 00:00.02 (Saving: 00:00.00)

Saved: '/Users/chikumatsuboi/Code/animal-racers-western/assets/source/western/revision2/tail-repair/qa/wolf/upright/frames/celebrate/candidate/0022.png'
Time: 00:00.03 (Saving: 00:00.00)

Saved: '/Users/chikumatsuboi/Code/animal-racers-western/assets/source/western/revision2/tail-repair/qa/wolf/upright/frames/celebrate/candidate/0023.png'
Time: 00:00.03 (Saving: 00:00.00)

Saved: '/Users/chikumatsuboi/Code/animal-racers-western/assets/source/western/revision2/tail-repair/qa/wolf/upright/frames/celebrate/candidate/0024.png'
Time: 00:00.03 (Saving: 00:00.00)

Saved: '/Users/chikumatsuboi/Code/animal-racers-western/assets/source/western/revision2/tail-repair/qa/wolf/upright/frames/celebrate/candidate/0025.png'
Time: 00:00.03 (Saving: 00:00.00)

Saved: '/Users/chikumatsuboi/Code/animal-racers-western/assets/source/western/revision2/tail-repair/qa/wolf/upright/frames/celebrate/candidate/0026.png'
Time: 00:00.03 (Saving: 00:00.00)

Saved: '/Users/chikumatsuboi/Code/animal-racers-western/assets/source/western/revision2/tail-repair/qa/wolf/upright/frames/celebrate/candidate/0027.png'
Time: 00:00.03 (Saving: 00:00.00)

Saved: '/Users/chikumatsuboi/Code/animal-racers-western/assets/source/western/revision2/tail-repair/qa/wolf/upright/frames/celebrate/candidate/0028.png'
Time: 00:00.03 (Saving: 00:00.00)

Saved: '/Users/chikumatsuboi/Code/animal-racers-western/assets/source/western/revision2/tail-repair/qa/wolf/upright/frames/celebrate/candidate/0029.png'
Time: 00:00.03 (Saving: 00:00.00)

Saved: '/Users/chikumatsuboi/Code/animal-racers-western/assets/source/western/revision2/tail-repair/qa/wolf/upright/frames/celebrate/candidate/0030.png'
Time: 00:00.02 (Saving: 00:00.00)

TAIL_CYCLE_RENDERED wolf upright celebrate candidate
Read blend: "/Users/chikumatsuboi/Code/animal-racers-western/assets/source/western/revision2/tail-repair/candidate/wolf-upright.blend"
Read blend: "/Users/chikumatsuboi/Code/animal-racers-western/assets/source/western/revision2/tail-repair/inputs/wolf-upright.blend"
Saved: '/Users/chikumatsuboi/Code/animal-racers-western/assets/source/western/revision2/tail-repair/qa/wolf/upright/frames/defeat/inputs/0000.png'
Time: 00:00.02 (Saving: 00:00.00)

Saved: '/Users/chikumatsuboi/Code/animal-racers-western/assets/source/western/revision2/tail-repair/qa/wolf/upright/frames/defeat/inputs/0001.png'
Time: 00:00.03 (Saving: 00:00.00)

Saved: '/Users/chikumatsuboi/Code/animal-racers-western/assets/source/western/revision2/tail-repair/qa/wolf/upright/frames/defeat/inputs/0002.png'
Time: 00:00.03 (Saving: 00:00.00)

Saved: '/Users/chikumatsuboi/Code/animal-racers-western/assets/source/western/revision2/tail-repair/qa/wolf/upright/frames/defeat/inputs/0003.png'
Time: 00:00.03 (Saving: 00:00.00)

Saved: '/Users/chikumatsuboi/Code/animal-racers-western/assets/source/western/revision2/tail-repair/qa/wolf/upright/frames/defeat/inputs/0004.png'
Time: 00:00.03 (Saving: 00:00.00)

Saved: '/Users/chikumatsuboi/Code/animal-racers-western/assets/source/western/revision2/tail-repair/qa/wolf/upright/frames/defeat/inputs/0005.png'
Time: 00:00.03 (Saving: 00:00.00)

Saved: '/Users/chikumatsuboi/Code/animal-racers-western/assets/source/western/revision2/tail-repair/qa/wolf/upright/frames/defeat/inputs/0006.png'
Time: 00:00.02 (Saving: 00:00.00)

Saved: '/Users/chikumatsuboi/Code/animal-racers-western/assets/source/western/revision2/tail-repair/qa/wolf/upright/frames/defeat/inputs/0007.png'
Time: 00:00.02 (Saving: 00:00.00)

Saved: '/Users/chikumatsuboi/Code/animal-racers-western/assets/source/western/revision2/tail-repair/qa/wolf/upright/frames/defeat/inputs/0008.png'
Time: 00:00.02 (Saving: 00:00.00)

Saved: '/Users/chikumatsuboi/Code/animal-racers-western/assets/source/western/revision2/tail-repair/qa/wolf/upright/frames/defeat/inputs/0009.png'
Time: 00:00.02 (Saving: 00:00.00)

Saved: '/Users/chikumatsuboi/Code/animal-racers-western/assets/source/western/revision2/tail-repair/qa/wolf/upright/frames/defeat/inputs/0010.png'
Time: 00:00.02 (Saving: 00:00.00)

Saved: '/Users/chikumatsuboi/Code/animal-racers-western/assets/source/western/revision2/tail-repair/qa/wolf/upright/frames/defeat/inputs/0011.png'
Time: 00:00.03 (Saving: 00:00.00)

Saved: '/Users/chikumatsuboi/Code/animal-racers-western/assets/source/western/revision2/tail-repair/qa/wolf/upright/frames/defeat/inputs/0012.png'
Time: 00:00.03 (Saving: 00:00.00)

Saved: '/Users/chikumatsuboi/Code/animal-racers-western/assets/source/western/revision2/tail-repair/qa/wolf/upright/frames/defeat/inputs/0013.png'
Time: 00:00.03 (Saving: 00:00.00)

Saved: '/Users/chikumatsuboi/Code/animal-racers-western/assets/source/western/revision2/tail-repair/qa/wolf/upright/frames/defeat/inputs/0014.png'
Time: 00:00.03 (Saving: 00:00.00)

Saved: '/Users/chikumatsuboi/Code/animal-racers-western/assets/source/western/revision2/tail-repair/qa/wolf/upright/frames/defeat/inputs/0015.png'
Time: 00:00.03 (Saving: 00:00.00)

Saved: '/Users/chikumatsuboi/Code/animal-racers-western/assets/source/western/revision2/tail-repair/qa/wolf/upright/frames/defeat/inputs/0016.png'
Time: 00:00.02 (Saving: 00:00.00)

Saved: '/Users/chikumatsuboi/Code/animal-racers-western/assets/source/western/revision2/tail-repair/qa/wolf/upright/frames/defeat/inputs/0017.png'
Time: 00:00.02 (Saving: 00:00.00)

Saved: '/Users/chikumatsuboi/Code/animal-racers-western/assets/source/western/revision2/tail-repair/qa/wolf/upright/frames/defeat/inputs/0018.png'
Time: 00:00.02 (Saving: 00:00.00)

Saved: '/Users/chikumatsuboi/Code/animal-racers-western/assets/source/western/revision2/tail-repair/qa/wolf/upright/frames/defeat/inputs/0019.png'
Time: 00:00.03 (Saving: 00:00.00)

Saved: '/Users/chikumatsuboi/Code/animal-racers-western/assets/source/western/revision2/tail-repair/qa/wolf/upright/frames/defeat/inputs/0020.png'
Time: 00:00.03 (Saving: 00:00.00)

TAIL_CYCLE_RENDERED wolf upright defeat inputs
Read blend: "/Users/chikumatsuboi/Code/animal-racers-western/assets/source/western/revision2/tail-repair/candidate/wolf-upright.blend"
Saved: '/Users/chikumatsuboi/Code/animal-racers-western/assets/source/western/revision2/tail-repair/qa/wolf/upright/frames/defeat/candidate/0000.png'
Time: 00:00.03 (Saving: 00:00.00)

Saved: '/Users/chikumatsuboi/Code/animal-racers-western/assets/source/western/revision2/tail-repair/qa/wolf/upright/frames/defeat/candidate/0001.png'
Time: 00:00.04 (Saving: 00:00.00)

Saved: '/Users/chikumatsuboi/Code/animal-racers-western/assets/source/western/revision2/tail-repair/qa/wolf/upright/frames/defeat/candidate/0002.png'
Time: 00:00.02 (Saving: 00:00.00)

Saved: '/Users/chikumatsuboi/Code/animal-racers-western/assets/source/western/revision2/tail-repair/qa/wolf/upright/frames/defeat/candidate/0003.png'
Time: 00:00.02 (Saving: 00:00.00)

Saved: '/Users/chikumatsuboi/Code/animal-racers-western/assets/source/western/revision2/tail-repair/qa/wolf/upright/frames/defeat/candidate/0004.png'
Time: 00:00.02 (Saving: 00:00.00)

Saved: '/Users/chikumatsuboi/Code/animal-racers-western/assets/source/western/revision2/tail-repair/qa/wolf/upright/frames/defeat/candidate/0005.png'
Time: 00:00.02 (Saving: 00:00.00)

Saved: '/Users/chikumatsuboi/Code/animal-racers-western/assets/source/western/revision2/tail-repair/qa/wolf/upright/frames/defeat/candidate/0006.png'
Time: 00:00.02 (Saving: 00:00.00)

Saved: '/Users/chikumatsuboi/Code/animal-racers-western/assets/source/western/revision2/tail-repair/qa/wolf/upright/frames/defeat/candidate/0007.png'
Time: 00:00.02 (Saving: 00:00.00)

Saved: '/Users/chikumatsuboi/Code/animal-racers-western/assets/source/western/revision2/tail-repair/qa/wolf/upright/frames/defeat/candidate/0008.png'
Time: 00:00.02 (Saving: 00:00.00)

Saved: '/Users/chikumatsuboi/Code/animal-racers-western/assets/source/western/revision2/tail-repair/qa/wolf/upright/frames/defeat/candidate/0009.png'
Time: 00:00.03 (Saving: 00:00.00)

Saved: '/Users/chikumatsuboi/Code/animal-racers-western/assets/source/western/revision2/tail-repair/qa/wolf/upright/frames/defeat/candidate/0010.png'
Time: 00:00.03 (Saving: 00:00.00)

Saved: '/Users/chikumatsuboi/Code/animal-racers-western/assets/source/western/revision2/tail-repair/qa/wolf/upright/frames/defeat/candidate/0011.png'
Time: 00:00.03 (Saving: 00:00.00)

Saved: '/Users/chikumatsuboi/Code/animal-racers-western/assets/source/western/revision2/tail-repair/qa/wolf/upright/frames/defeat/candidate/0012.png'
Time: 00:00.02 (Saving: 00:00.00)

Saved: '/Users/chikumatsuboi/Code/animal-racers-western/assets/source/western/revision2/tail-repair/qa/wolf/upright/frames/defeat/candidate/0013.png'
Time: 00:00.02 (Saving: 00:00.00)

Saved: '/Users/chikumatsuboi/Code/animal-racers-western/assets/source/western/revision2/tail-repair/qa/wolf/upright/frames/defeat/candidate/0014.png'
Time: 00:00.02 (Saving: 00:00.00)

Saved: '/Users/chikumatsuboi/Code/animal-racers-western/assets/source/western/revision2/tail-repair/qa/wolf/upright/frames/defeat/candidate/0015.png'
Time: 00:00.02 (Saving: 00:00.00)

Saved: '/Users/chikumatsuboi/Code/animal-racers-western/assets/source/western/revision2/tail-repair/qa/wolf/upright/frames/defeat/candidate/0016.png'
Time: 00:00.02 (Saving: 00:00.00)

Saved: '/Users/chikumatsuboi/Code/animal-racers-western/assets/source/western/revision2/tail-repair/qa/wolf/upright/frames/defeat/candidate/0017.png'
Time: 00:00.02 (Saving: 00:00.00)

Saved: '/Users/chikumatsuboi/Code/animal-racers-western/assets/source/western/revision2/tail-repair/qa/wolf/upright/frames/defeat/candidate/0018.png'
Time: 00:00.02 (Saving: 00:00.00)

Saved: '/Users/chikumatsuboi/Code/animal-racers-western/assets/source/western/revision2/tail-repair/qa/wolf/upright/frames/defeat/candidate/0019.png'
Time: 00:00.03 (Saving: 00:00.00)

Saved: '/Users/chikumatsuboi/Code/animal-racers-western/assets/source/western/revision2/tail-repair/qa/wolf/upright/frames/defeat/candidate/0020.png'
Time: 00:00.03 (Saving: 00:00.00)

TAIL_CYCLE_RENDERED wolf upright defeat candidate
Read blend: "/Users/chikumatsuboi/Code/animal-racers-western/assets/source/western/revision2/tail-repair/candidate/unicorn.blend"
Read blend: "/Users/chikumatsuboi/Code/animal-racers-western/assets/source/western/revision2/tail-repair/inputs/unicorn.blend"
Saved: '/Users/chikumatsuboi/Code/animal-racers-western/assets/source/western/revision2/tail-repair/qa/unicorn/race/frames/run/inputs/0000.png'
Time: 00:00.03 (Saving: 00:00.00)

Saved: '/Users/chikumatsuboi/Code/animal-racers-western/assets/source/western/revision2/tail-repair/qa/unicorn/race/frames/run/inputs/0001.png'
Time: 00:00.02 (Saving: 00:00.00)

Saved: '/Users/chikumatsuboi/Code/animal-racers-western/assets/source/western/revision2/tail-repair/qa/unicorn/race/frames/run/inputs/0002.png'
Time: 00:00.02 (Saving: 00:00.00)

Saved: '/Users/chikumatsuboi/Code/animal-racers-western/assets/source/western/revision2/tail-repair/qa/unicorn/race/frames/run/inputs/0003.png'
Time: 00:00.02 (Saving: 00:00.00)

Saved: '/Users/chikumatsuboi/Code/animal-racers-western/assets/source/western/revision2/tail-repair/qa/unicorn/race/frames/run/inputs/0004.png'
Time: 00:00.02 (Saving: 00:00.00)

Saved: '/Users/chikumatsuboi/Code/animal-racers-western/assets/source/western/revision2/tail-repair/qa/unicorn/race/frames/run/inputs/0005.png'
Time: 00:00.02 (Saving: 00:00.00)

Saved: '/Users/chikumatsuboi/Code/animal-racers-western/assets/source/western/revision2/tail-repair/qa/unicorn/race/frames/run/inputs/0006.png'
Time: 00:00.03 (Saving: 00:00.00)

Saved: '/Users/chikumatsuboi/Code/animal-racers-western/assets/source/western/revision2/tail-repair/qa/unicorn/race/frames/run/inputs/0007.png'
Time: 00:00.02 (Saving: 00:00.00)

Saved: '/Users/chikumatsuboi/Code/animal-racers-western/assets/source/western/revision2/tail-repair/qa/unicorn/race/frames/run/inputs/0008.png'
Time: 00:00.03 (Saving: 00:00.00)

TAIL_CYCLE_RENDERED unicorn race run inputs
Read blend: "/Users/chikumatsuboi/Code/animal-racers-western/assets/source/western/revision2/tail-repair/candidate/unicorn.blend"
Saved: '/Users/chikumatsuboi/Code/animal-racers-western/assets/source/western/revision2/tail-repair/qa/unicorn/race/frames/run/candidate/0000.png'
Time: 00:00.03 (Saving: 00:00.00)

Saved: '/Users/chikumatsuboi/Code/animal-racers-western/assets/source/western/revision2/tail-repair/qa/unicorn/race/frames/run/candidate/0001.png'
Time: 00:00.02 (Saving: 00:00.00)

Saved: '/Users/chikumatsuboi/Code/animal-racers-western/assets/source/western/revision2/tail-repair/qa/unicorn/race/frames/run/candidate/0002.png'
Time: 00:00.02 (Saving: 00:00.00)

Saved: '/Users/chikumatsuboi/Code/animal-racers-western/assets/source/western/revision2/tail-repair/qa/unicorn/race/frames/run/candidate/0003.png'
Time: 00:00.02 (Saving: 00:00.00)

Saved: '/Users/chikumatsuboi/Code/animal-racers-western/assets/source/western/revision2/tail-repair/qa/unicorn/race/frames/run/candidate/0004.png'
Time: 00:00.02 (Saving: 00:00.00)

Saved: '/Users/chikumatsuboi/Code/animal-racers-western/assets/source/western/revision2/tail-repair/qa/unicorn/race/frames/run/candidate/0005.png'
Time: 00:00.02 (Saving: 00:00.00)

Saved: '/Users/chikumatsuboi/Code/animal-racers-western/assets/source/western/revision2/tail-repair/qa/unicorn/race/frames/run/candidate/0006.png'
Time: 00:00.02 (Saving: 00:00.00)

Saved: '/Users/chikumatsuboi/Code/animal-racers-western/assets/source/western/revision2/tail-repair/qa/unicorn/race/frames/run/candidate/0007.png'
Time: 00:00.02 (Saving: 00:00.00)

Saved: '/Users/chikumatsuboi/Code/animal-racers-western/assets/source/western/revision2/tail-repair/qa/unicorn/race/frames/run/candidate/0008.png'
Time: 00:00.03 (Saving: 00:00.01)

TAIL_CYCLE_RENDERED unicorn race run candidate
Read blend: "/Users/chikumatsuboi/Code/animal-racers-western/assets/source/western/revision2/tail-repair/candidate/unicorn.blend"
Read blend: "/Users/chikumatsuboi/Code/animal-racers-western/assets/source/western/revision2/tail-repair/inputs/unicorn.blend"
Saved: '/Users/chikumatsuboi/Code/animal-racers-western/assets/source/western/revision2/tail-repair/qa/unicorn/race/frames/jump/inputs/0000.png'
Time: 00:00.03 (Saving: 00:00.00)

Saved: '/Users/chikumatsuboi/Code/animal-racers-western/assets/source/western/revision2/tail-repair/qa/unicorn/race/frames/jump/inputs/0001.png'
Time: 00:00.03 (Saving: 00:00.01)

Saved: '/Users/chikumatsuboi/Code/animal-racers-western/assets/source/western/revision2/tail-repair/qa/unicorn/race/frames/jump/inputs/0002.png'
Time: 00:00.02 (Saving: 00:00.00)

Saved: '/Users/chikumatsuboi/Code/animal-racers-western/assets/source/western/revision2/tail-repair/qa/unicorn/race/frames/jump/inputs/0003.png'
Time: 00:00.02 (Saving: 00:00.00)

Saved: '/Users/chikumatsuboi/Code/animal-racers-western/assets/source/western/revision2/tail-repair/qa/unicorn/race/frames/jump/inputs/0004.png'
Time: 00:00.02 (Saving: 00:00.00)

Saved: '/Users/chikumatsuboi/Code/animal-racers-western/assets/source/western/revision2/tail-repair/qa/unicorn/race/frames/jump/inputs/0005.png'
Time: 00:00.02 (Saving: 00:00.00)

Saved: '/Users/chikumatsuboi/Code/animal-racers-western/assets/source/western/revision2/tail-repair/qa/unicorn/race/frames/jump/inputs/0006.png'
Time: 00:00.02 (Saving: 00:00.00)

Saved: '/Users/chikumatsuboi/Code/animal-racers-western/assets/source/western/revision2/tail-repair/qa/unicorn/race/frames/jump/inputs/0007.png'
Time: 00:00.02 (Saving: 00:00.00)

Saved: '/Users/chikumatsuboi/Code/animal-racers-western/assets/source/western/revision2/tail-repair/qa/unicorn/race/frames/jump/inputs/0008.png'
Time: 00:00.03 (Saving: 00:00.01)

Saved: '/Users/chikumatsuboi/Code/animal-racers-western/assets/source/western/revision2/tail-repair/qa/unicorn/race/frames/jump/inputs/0009.png'
Time: 00:00.03 (Saving: 00:00.00)

Saved: '/Users/chikumatsuboi/Code/animal-racers-western/assets/source/western/revision2/tail-repair/qa/unicorn/race/frames/jump/inputs/0010.png'
Time: 00:00.03 (Saving: 00:00.00)

Saved: '/Users/chikumatsuboi/Code/animal-racers-western/assets/source/western/revision2/tail-repair/qa/unicorn/race/frames/jump/inputs/0011.png'
Time: 00:00.02 (Saving: 00:00.00)

Saved: '/Users/chikumatsuboi/Code/animal-racers-western/assets/source/western/revision2/tail-repair/qa/unicorn/race/frames/jump/inputs/0012.png'
Time: 00:00.02 (Saving: 00:00.00)

TAIL_CYCLE_RENDERED unicorn race jump inputs
Read blend: "/Users/chikumatsuboi/Code/animal-racers-western/assets/source/western/revision2/tail-repair/candidate/unicorn.blend"
Saved: '/Users/chikumatsuboi/Code/animal-racers-western/assets/source/western/revision2/tail-repair/qa/unicorn/race/frames/jump/candidate/0000.png'
Time: 00:00.02 (Saving: 00:00.01)

Saved: '/Users/chikumatsuboi/Code/animal-racers-western/assets/source/western/revision2/tail-repair/qa/unicorn/race/frames/jump/candidate/0001.png'
Time: 00:00.02 (Saving: 00:00.00)

Saved: '/Users/chikumatsuboi/Code/animal-racers-western/assets/source/western/revision2/tail-repair/qa/unicorn/race/frames/jump/candidate/0002.png'
Time: 00:00.03 (Saving: 00:00.00)

Saved: '/Users/chikumatsuboi/Code/animal-racers-western/assets/source/western/revision2/tail-repair/qa/unicorn/race/frames/jump/candidate/0003.png'
Time: 00:00.03 (Saving: 00:00.00)

Saved: '/Users/chikumatsuboi/Code/animal-racers-western/assets/source/western/revision2/tail-repair/qa/unicorn/race/frames/jump/candidate/0004.png'
Time: 00:00.03 (Saving: 00:00.01)

Saved: '/Users/chikumatsuboi/Code/animal-racers-western/assets/source/western/revision2/tail-repair/qa/unicorn/race/frames/jump/candidate/0005.png'
Time: 00:00.03 (Saving: 00:00.00)

Saved: '/Users/chikumatsuboi/Code/animal-racers-western/assets/source/western/revision2/tail-repair/qa/unicorn/race/frames/jump/candidate/0006.png'
Time: 00:00.02 (Saving: 00:00.00)

Saved: '/Users/chikumatsuboi/Code/animal-racers-western/assets/source/western/revision2/tail-repair/qa/unicorn/race/frames/jump/candidate/0007.png'
Time: 00:00.02 (Saving: 00:00.00)

Saved: '/Users/chikumatsuboi/Code/animal-racers-western/assets/source/western/revision2/tail-repair/qa/unicorn/race/frames/jump/candidate/0008.png'
Time: 00:00.02 (Saving: 00:00.00)

Saved: '/Users/chikumatsuboi/Code/animal-racers-western/assets/source/western/revision2/tail-repair/qa/unicorn/race/frames/jump/candidate/0009.png'
Time: 00:00.02 (Saving: 00:00.00)

Saved: '/Users/chikumatsuboi/Code/animal-racers-western/assets/source/western/revision2/tail-repair/qa/unicorn/race/frames/jump/candidate/0010.png'
Time: 00:00.02 (Saving: 00:00.00)

Saved: '/Users/chikumatsuboi/Code/animal-racers-western/assets/source/western/revision2/tail-repair/qa/unicorn/race/frames/jump/candidate/0011.png'
Time: 00:00.02 (Saving: 00:00.00)

Saved: '/Users/chikumatsuboi/Code/animal-racers-western/assets/source/western/revision2/tail-repair/qa/unicorn/race/frames/jump/candidate/0012.png'
Time: 00:00.03 (Saving: 00:00.00)

TAIL_CYCLE_RENDERED unicorn race jump candidate
Read blend: "/Users/chikumatsuboi/Code/animal-racers-western/assets/source/western/revision2/tail-repair/candidate/unicorn.blend"
Read blend: "/Users/chikumatsuboi/Code/animal-racers-western/assets/source/western/revision2/tail-repair/inputs/unicorn.blend"
Saved: '/Users/chikumatsuboi/Code/animal-racers-western/assets/source/western/revision2/tail-repair/qa/unicorn/race/frames/stumble/inputs/0000.png'
Time: 00:00.03 (Saving: 00:00.00)

Saved: '/Users/chikumatsuboi/Code/animal-racers-western/assets/source/western/revision2/tail-repair/qa/unicorn/race/frames/stumble/inputs/0001.png'
Time: 00:00.03 (Saving: 00:00.00)

Saved: '/Users/chikumatsuboi/Code/animal-racers-western/assets/source/western/revision2/tail-repair/qa/unicorn/race/frames/stumble/inputs/0002.png'
Time: 00:00.02 (Saving: 00:00.00)

Saved: '/Users/chikumatsuboi/Code/animal-racers-western/assets/source/western/revision2/tail-repair/qa/unicorn/race/frames/stumble/inputs/0003.png'
Time: 00:00.02 (Saving: 00:00.00)

Saved: '/Users/chikumatsuboi/Code/animal-racers-western/assets/source/western/revision2/tail-repair/qa/unicorn/race/frames/stumble/inputs/0004.png'
Time: 00:00.02 (Saving: 00:00.00)

Saved: '/Users/chikumatsuboi/Code/animal-racers-western/assets/source/western/revision2/tail-repair/qa/unicorn/race/frames/stumble/inputs/0005.png'
Time: 00:00.02 (Saving: 00:00.00)

Saved: '/Users/chikumatsuboi/Code/animal-racers-western/assets/source/western/revision2/tail-repair/qa/unicorn/race/frames/stumble/inputs/0006.png'
Time: 00:00.02 (Saving: 00:00.00)

Saved: '/Users/chikumatsuboi/Code/animal-racers-western/assets/source/western/revision2/tail-repair/qa/unicorn/race/frames/stumble/inputs/0007.png'
Time: 00:00.02 (Saving: 00:00.01)

Saved: '/Users/chikumatsuboi/Code/animal-racers-western/assets/source/western/revision2/tail-repair/qa/unicorn/race/frames/stumble/inputs/0008.png'
Time: 00:00.02 (Saving: 00:00.00)

Saved: '/Users/chikumatsuboi/Code/animal-racers-western/assets/source/western/revision2/tail-repair/qa/unicorn/race/frames/stumble/inputs/0009.png'
Time: 00:00.02 (Saving: 00:00.00)

Saved: '/Users/chikumatsuboi/Code/animal-racers-western/assets/source/western/revision2/tail-repair/qa/unicorn/race/frames/stumble/inputs/0010.png'
Time: 00:00.03 (Saving: 00:00.00)

TAIL_CYCLE_RENDERED unicorn race stumble inputs
Read blend: "/Users/chikumatsuboi/Code/animal-racers-western/assets/source/western/revision2/tail-repair/candidate/unicorn.blend"
Saved: '/Users/chikumatsuboi/Code/animal-racers-western/assets/source/western/revision2/tail-repair/qa/unicorn/race/frames/stumble/candidate/0000.png'
Time: 00:00.03 (Saving: 00:00.00)

Saved: '/Users/chikumatsuboi/Code/animal-racers-western/assets/source/western/revision2/tail-repair/qa/unicorn/race/frames/stumble/candidate/0001.png'
Time: 00:00.03 (Saving: 00:00.00)

Saved: '/Users/chikumatsuboi/Code/animal-racers-western/assets/source/western/revision2/tail-repair/qa/unicorn/race/frames/stumble/candidate/0002.png'
Time: 00:00.02 (Saving: 00:00.00)

Saved: '/Users/chikumatsuboi/Code/animal-racers-western/assets/source/western/revision2/tail-repair/qa/unicorn/race/frames/stumble/candidate/0003.png'
Time: 00:00.02 (Saving: 00:00.00)

Saved: '/Users/chikumatsuboi/Code/animal-racers-western/assets/source/western/revision2/tail-repair/qa/unicorn/race/frames/stumble/candidate/0004.png'
Time: 00:00.02 (Saving: 00:00.00)

Saved: '/Users/chikumatsuboi/Code/animal-racers-western/assets/source/western/revision2/tail-repair/qa/unicorn/race/frames/stumble/candidate/0005.png'
Time: 00:00.02 (Saving: 00:00.00)

Saved: '/Users/chikumatsuboi/Code/animal-racers-western/assets/source/western/revision2/tail-repair/qa/unicorn/race/frames/stumble/candidate/0006.png'
Time: 00:00.02 (Saving: 00:00.00)

Saved: '/Users/chikumatsuboi/Code/animal-racers-western/assets/source/western/revision2/tail-repair/qa/unicorn/race/frames/stumble/candidate/0007.png'
Time: 00:00.02 (Saving: 00:00.00)

Saved: '/Users/chikumatsuboi/Code/animal-racers-western/assets/source/western/revision2/tail-repair/qa/unicorn/race/frames/stumble/candidate/0008.png'
Time: 00:00.03 (Saving: 00:00.00)

Saved: '/Users/chikumatsuboi/Code/animal-racers-western/assets/source/western/revision2/tail-repair/qa/unicorn/race/frames/stumble/candidate/0009.png'
Time: 00:00.03 (Saving: 00:00.00)

Saved: '/Users/chikumatsuboi/Code/animal-racers-western/assets/source/western/revision2/tail-repair/qa/unicorn/race/frames/stumble/candidate/0010.png'
Time: 00:00.03 (Saving: 00:00.01)

TAIL_CYCLE_RENDERED unicorn race stumble candidate
Read blend: "/Users/chikumatsuboi/Code/animal-racers-western/assets/source/western/revision2/tail-repair/candidate/unicorn-upright.blend"
Read blend: "/Users/chikumatsuboi/Code/animal-racers-western/assets/source/western/revision2/tail-repair/inputs/unicorn-upright.blend"
Saved: '/Users/chikumatsuboi/Code/animal-racers-western/assets/source/western/revision2/tail-repair/qa/unicorn/upright/frames/attack/inputs/0000.png'
Time: 00:00.03 (Saving: 00:00.01)

Saved: '/Users/chikumatsuboi/Code/animal-racers-western/assets/source/western/revision2/tail-repair/qa/unicorn/upright/frames/attack/inputs/0001.png'
Time: 00:00.02 (Saving: 00:00.00)

Saved: '/Users/chikumatsuboi/Code/animal-racers-western/assets/source/western/revision2/tail-repair/qa/unicorn/upright/frames/attack/inputs/0002.png'
Time: 00:00.02 (Saving: 00:00.00)

Saved: '/Users/chikumatsuboi/Code/animal-racers-western/assets/source/western/revision2/tail-repair/qa/unicorn/upright/frames/attack/inputs/0003.png'
Time: 00:00.02 (Saving: 00:00.00)

Saved: '/Users/chikumatsuboi/Code/animal-racers-western/assets/source/western/revision2/tail-repair/qa/unicorn/upright/frames/attack/inputs/0004.png'
Time: 00:00.02 (Saving: 00:00.00)

Saved: '/Users/chikumatsuboi/Code/animal-racers-western/assets/source/western/revision2/tail-repair/qa/unicorn/upright/frames/attack/inputs/0005.png'
Time: 00:00.02 (Saving: 00:00.00)

Saved: '/Users/chikumatsuboi/Code/animal-racers-western/assets/source/western/revision2/tail-repair/qa/unicorn/upright/frames/attack/inputs/0006.png'
Time: 00:00.02 (Saving: 00:00.00)

Saved: '/Users/chikumatsuboi/Code/animal-racers-western/assets/source/western/revision2/tail-repair/qa/unicorn/upright/frames/attack/inputs/0007.png'
Time: 00:00.02 (Saving: 00:00.00)

Saved: '/Users/chikumatsuboi/Code/animal-racers-western/assets/source/western/revision2/tail-repair/qa/unicorn/upright/frames/attack/inputs/0008.png'
Time: 00:00.03 (Saving: 00:00.00)

Saved: '/Users/chikumatsuboi/Code/animal-racers-western/assets/source/western/revision2/tail-repair/qa/unicorn/upright/frames/attack/inputs/0009.png'
Time: 00:00.03 (Saving: 00:00.00)

Saved: '/Users/chikumatsuboi/Code/animal-racers-western/assets/source/western/revision2/tail-repair/qa/unicorn/upright/frames/attack/inputs/0010.png'
Time: 00:00.03 (Saving: 00:00.01)

Saved: '/Users/chikumatsuboi/Code/animal-racers-western/assets/source/western/revision2/tail-repair/qa/unicorn/upright/frames/attack/inputs/0011.png'
Time: 00:00.02 (Saving: 00:00.01)

Saved: '/Users/chikumatsuboi/Code/animal-racers-western/assets/source/western/revision2/tail-repair/qa/unicorn/upright/frames/attack/inputs/0012.png'
Time: 00:00.02 (Saving: 00:00.00)

Saved: '/Users/chikumatsuboi/Code/animal-racers-western/assets/source/western/revision2/tail-repair/qa/unicorn/upright/frames/attack/inputs/0013.png'
Time: 00:00.02 (Saving: 00:00.00)

Saved: '/Users/chikumatsuboi/Code/animal-racers-western/assets/source/western/revision2/tail-repair/qa/unicorn/upright/frames/attack/inputs/0014.png'
Time: 00:00.02 (Saving: 00:00.00)

Saved: '/Users/chikumatsuboi/Code/animal-racers-western/assets/source/western/revision2/tail-repair/qa/unicorn/upright/frames/attack/inputs/0015.png'
Time: 00:00.02 (Saving: 00:00.00)

Saved: '/Users/chikumatsuboi/Code/animal-racers-western/assets/source/western/revision2/tail-repair/qa/unicorn/upright/frames/attack/inputs/0016.png'
Time: 00:00.03 (Saving: 00:00.00)

Saved: '/Users/chikumatsuboi/Code/animal-racers-western/assets/source/western/revision2/tail-repair/qa/unicorn/upright/frames/attack/inputs/0017.png'
Time: 00:00.03 (Saving: 00:00.00)

Saved: '/Users/chikumatsuboi/Code/animal-racers-western/assets/source/western/revision2/tail-repair/qa/unicorn/upright/frames/attack/inputs/0018.png'
Time: 00:00.03 (Saving: 00:00.01)

Saved: '/Users/chikumatsuboi/Code/animal-racers-western/assets/source/western/revision2/tail-repair/qa/unicorn/upright/frames/attack/inputs/0019.png'
Time: 00:00.03 (Saving: 00:00.00)

Saved: '/Users/chikumatsuboi/Code/animal-racers-western/assets/source/western/revision2/tail-repair/qa/unicorn/upright/frames/attack/inputs/0020.png'
Time: 00:00.02 (Saving: 00:00.00)

Saved: '/Users/chikumatsuboi/Code/animal-racers-western/assets/source/western/revision2/tail-repair/qa/unicorn/upright/frames/attack/inputs/0021.png'
Time: 00:00.02 (Saving: 00:00.01)

Saved: '/Users/chikumatsuboi/Code/animal-racers-western/assets/source/western/revision2/tail-repair/qa/unicorn/upright/frames/attack/inputs/0022.png'
Time: 00:00.02 (Saving: 00:00.00)

Saved: '/Users/chikumatsuboi/Code/animal-racers-western/assets/source/western/revision2/tail-repair/qa/unicorn/upright/frames/attack/inputs/0023.png'
Time: 00:00.03 (Saving: 00:00.01)

TAIL_CYCLE_RENDERED unicorn upright attack inputs
Read blend: "/Users/chikumatsuboi/Code/animal-racers-western/assets/source/western/revision2/tail-repair/candidate/unicorn-upright.blend"
Saved: '/Users/chikumatsuboi/Code/animal-racers-western/assets/source/western/revision2/tail-repair/qa/unicorn/upright/frames/attack/candidate/0000.png'
Time: 00:00.03 (Saving: 00:00.00)

Saved: '/Users/chikumatsuboi/Code/animal-racers-western/assets/source/western/revision2/tail-repair/qa/unicorn/upright/frames/attack/candidate/0001.png'
Time: 00:00.03 (Saving: 00:00.00)

Saved: '/Users/chikumatsuboi/Code/animal-racers-western/assets/source/western/revision2/tail-repair/qa/unicorn/upright/frames/attack/candidate/0002.png'
Time: 00:00.03 (Saving: 00:00.00)

Saved: '/Users/chikumatsuboi/Code/animal-racers-western/assets/source/western/revision2/tail-repair/qa/unicorn/upright/frames/attack/candidate/0003.png'
Time: 00:00.04 (Saving: 00:00.00)

Saved: '/Users/chikumatsuboi/Code/animal-racers-western/assets/source/western/revision2/tail-repair/qa/unicorn/upright/frames/attack/candidate/0004.png'
Time: 00:00.03 (Saving: 00:00.00)

Saved: '/Users/chikumatsuboi/Code/animal-racers-western/assets/source/western/revision2/tail-repair/qa/unicorn/upright/frames/attack/candidate/0005.png'
Time: 00:00.02 (Saving: 00:00.00)

Saved: '/Users/chikumatsuboi/Code/animal-racers-western/assets/source/western/revision2/tail-repair/qa/unicorn/upright/frames/attack/candidate/0006.png'
Time: 00:00.02 (Saving: 00:00.00)

Saved: '/Users/chikumatsuboi/Code/animal-racers-western/assets/source/western/revision2/tail-repair/qa/unicorn/upright/frames/attack/candidate/0007.png'
Time: 00:00.02 (Saving: 00:00.00)

Saved: '/Users/chikumatsuboi/Code/animal-racers-western/assets/source/western/revision2/tail-repair/qa/unicorn/upright/frames/attack/candidate/0008.png'
Time: 00:00.02 (Saving: 00:00.00)

Saved: '/Users/chikumatsuboi/Code/animal-racers-western/assets/source/western/revision2/tail-repair/qa/unicorn/upright/frames/attack/candidate/0009.png'
Time: 00:00.03 (Saving: 00:00.00)

Saved: '/Users/chikumatsuboi/Code/animal-racers-western/assets/source/western/revision2/tail-repair/qa/unicorn/upright/frames/attack/candidate/0010.png'
Time: 00:00.02 (Saving: 00:00.00)

Saved: '/Users/chikumatsuboi/Code/animal-racers-western/assets/source/western/revision2/tail-repair/qa/unicorn/upright/frames/attack/candidate/0011.png'
Time: 00:00.03 (Saving: 00:00.00)

Saved: '/Users/chikumatsuboi/Code/animal-racers-western/assets/source/western/revision2/tail-repair/qa/unicorn/upright/frames/attack/candidate/0012.png'
Time: 00:00.03 (Saving: 00:00.00)

Saved: '/Users/chikumatsuboi/Code/animal-racers-western/assets/source/western/revision2/tail-repair/qa/unicorn/upright/frames/attack/candidate/0013.png'
Time: 00:00.03 (Saving: 00:00.00)

Saved: '/Users/chikumatsuboi/Code/animal-racers-western/assets/source/western/revision2/tail-repair/qa/unicorn/upright/frames/attack/candidate/0014.png'
Time: 00:00.02 (Saving: 00:00.00)

Saved: '/Users/chikumatsuboi/Code/animal-racers-western/assets/source/western/revision2/tail-repair/qa/unicorn/upright/frames/attack/candidate/0015.png'
Time: 00:00.02 (Saving: 00:00.00)

Saved: '/Users/chikumatsuboi/Code/animal-racers-western/assets/source/western/revision2/tail-repair/qa/unicorn/upright/frames/attack/candidate/0016.png'
Time: 00:00.02 (Saving: 00:00.00)

Saved: '/Users/chikumatsuboi/Code/animal-racers-western/assets/source/western/revision2/tail-repair/qa/unicorn/upright/frames/attack/candidate/0017.png'
Time: 00:00.03 (Saving: 00:00.01)

Saved: '/Users/chikumatsuboi/Code/animal-racers-western/assets/source/western/revision2/tail-repair/qa/unicorn/upright/frames/attack/candidate/0018.png'
Time: 00:00.03 (Saving: 00:00.00)

Saved: '/Users/chikumatsuboi/Code/animal-racers-western/assets/source/western/revision2/tail-repair/qa/unicorn/upright/frames/attack/candidate/0019.png'
Time: 00:00.03 (Saving: 00:00.00)

Saved: '/Users/chikumatsuboi/Code/animal-racers-western/assets/source/western/revision2/tail-repair/qa/unicorn/upright/frames/attack/candidate/0020.png'
Time: 00:00.03 (Saving: 00:00.00)

Saved: '/Users/chikumatsuboi/Code/animal-racers-western/assets/source/western/revision2/tail-repair/qa/unicorn/upright/frames/attack/candidate/0021.png'
Time: 00:00.03 (Saving: 00:00.00)

Saved: '/Users/chikumatsuboi/Code/animal-racers-western/assets/source/western/revision2/tail-repair/qa/unicorn/upright/frames/attack/candidate/0022.png'
Time: 00:00.03 (Saving: 00:00.00)

Saved: '/Users/chikumatsuboi/Code/animal-racers-western/assets/source/western/revision2/tail-repair/qa/unicorn/upright/frames/attack/candidate/0023.png'
Time: 00:00.03 (Saving: 00:00.00)

TAIL_CYCLE_RENDERED unicorn upright attack candidate
Read blend: "/Users/chikumatsuboi/Code/animal-racers-western/assets/source/western/revision2/tail-repair/candidate/unicorn-upright.blend"
Read blend: "/Users/chikumatsuboi/Code/animal-racers-western/assets/source/western/revision2/tail-repair/inputs/unicorn-upright.blend"
Saved: '/Users/chikumatsuboi/Code/animal-racers-western/assets/source/western/revision2/tail-repair/qa/unicorn/upright/frames/counter/inputs/0000.png'
Time: 00:00.03 (Saving: 00:00.01)

Saved: '/Users/chikumatsuboi/Code/animal-racers-western/assets/source/western/revision2/tail-repair/qa/unicorn/upright/frames/counter/inputs/0001.png'
Time: 00:00.03 (Saving: 00:00.01)

Saved: '/Users/chikumatsuboi/Code/animal-racers-western/assets/source/western/revision2/tail-repair/qa/unicorn/upright/frames/counter/inputs/0002.png'
Time: 00:00.03 (Saving: 00:00.01)

Saved: '/Users/chikumatsuboi/Code/animal-racers-western/assets/source/western/revision2/tail-repair/qa/unicorn/upright/frames/counter/inputs/0003.png'
Time: 00:00.03 (Saving: 00:00.01)

Saved: '/Users/chikumatsuboi/Code/animal-racers-western/assets/source/western/revision2/tail-repair/qa/unicorn/upright/frames/counter/inputs/0004.png'
Time: 00:00.03 (Saving: 00:00.01)

Saved: '/Users/chikumatsuboi/Code/animal-racers-western/assets/source/western/revision2/tail-repair/qa/unicorn/upright/frames/counter/inputs/0005.png'
Time: 00:00.02 (Saving: 00:00.01)

Saved: '/Users/chikumatsuboi/Code/animal-racers-western/assets/source/western/revision2/tail-repair/qa/unicorn/upright/frames/counter/inputs/0006.png'
Time: 00:00.03 (Saving: 00:00.01)

Saved: '/Users/chikumatsuboi/Code/animal-racers-western/assets/source/western/revision2/tail-repair/qa/unicorn/upright/frames/counter/inputs/0007.png'
Time: 00:00.03 (Saving: 00:00.01)

Saved: '/Users/chikumatsuboi/Code/animal-racers-western/assets/source/western/revision2/tail-repair/qa/unicorn/upright/frames/counter/inputs/0008.png'
Time: 00:00.03 (Saving: 00:00.01)

Saved: '/Users/chikumatsuboi/Code/animal-racers-western/assets/source/western/revision2/tail-repair/qa/unicorn/upright/frames/counter/inputs/0009.png'
Time: 00:00.03 (Saving: 00:00.01)

Saved: '/Users/chikumatsuboi/Code/animal-racers-western/assets/source/western/revision2/tail-repair/qa/unicorn/upright/frames/counter/inputs/0010.png'
Time: 00:00.04 (Saving: 00:00.01)

Saved: '/Users/chikumatsuboi/Code/animal-racers-western/assets/source/western/revision2/tail-repair/qa/unicorn/upright/frames/counter/inputs/0011.png'
Time: 00:00.03 (Saving: 00:00.00)

Saved: '/Users/chikumatsuboi/Code/animal-racers-western/assets/source/western/revision2/tail-repair/qa/unicorn/upright/frames/counter/inputs/0012.png'
Time: 00:00.03 (Saving: 00:00.00)

Saved: '/Users/chikumatsuboi/Code/animal-racers-western/assets/source/western/revision2/tail-repair/qa/unicorn/upright/frames/counter/inputs/0013.png'
Time: 00:00.02 (Saving: 00:00.00)

Saved: '/Users/chikumatsuboi/Code/animal-racers-western/assets/source/western/revision2/tail-repair/qa/unicorn/upright/frames/counter/inputs/0014.png'
Time: 00:00.02 (Saving: 00:00.00)

Saved: '/Users/chikumatsuboi/Code/animal-racers-western/assets/source/western/revision2/tail-repair/qa/unicorn/upright/frames/counter/inputs/0015.png'
Time: 00:00.02 (Saving: 00:00.00)

Saved: '/Users/chikumatsuboi/Code/animal-racers-western/assets/source/western/revision2/tail-repair/qa/unicorn/upright/frames/counter/inputs/0016.png'
Time: 00:00.02 (Saving: 00:00.00)

Saved: '/Users/chikumatsuboi/Code/animal-racers-western/assets/source/western/revision2/tail-repair/qa/unicorn/upright/frames/counter/inputs/0017.png'
Time: 00:00.02 (Saving: 00:00.01)

Saved: '/Users/chikumatsuboi/Code/animal-racers-western/assets/source/western/revision2/tail-repair/qa/unicorn/upright/frames/counter/inputs/0018.png'
Time: 00:00.03 (Saving: 00:00.00)

TAIL_CYCLE_RENDERED unicorn upright counter inputs
Read blend: "/Users/chikumatsuboi/Code/animal-racers-western/assets/source/western/revision2/tail-repair/candidate/unicorn-upright.blend"
Saved: '/Users/chikumatsuboi/Code/animal-racers-western/assets/source/western/revision2/tail-repair/qa/unicorn/upright/frames/counter/candidate/0000.png'
Time: 00:00.03 (Saving: 00:00.00)

Saved: '/Users/chikumatsuboi/Code/animal-racers-western/assets/source/western/revision2/tail-repair/qa/unicorn/upright/frames/counter/candidate/0001.png'
Time: 00:00.02 (Saving: 00:00.00)

Saved: '/Users/chikumatsuboi/Code/animal-racers-western/assets/source/western/revision2/tail-repair/qa/unicorn/upright/frames/counter/candidate/0002.png'
Time: 00:00.02 (Saving: 00:00.00)

Saved: '/Users/chikumatsuboi/Code/animal-racers-western/assets/source/western/revision2/tail-repair/qa/unicorn/upright/frames/counter/candidate/0003.png'
Time: 00:00.02 (Saving: 00:00.00)

Saved: '/Users/chikumatsuboi/Code/animal-racers-western/assets/source/western/revision2/tail-repair/qa/unicorn/upright/frames/counter/candidate/0004.png'
Time: 00:00.02 (Saving: 00:00.00)

Saved: '/Users/chikumatsuboi/Code/animal-racers-western/assets/source/western/revision2/tail-repair/qa/unicorn/upright/frames/counter/candidate/0005.png'
Time: 00:00.02 (Saving: 00:00.00)

Saved: '/Users/chikumatsuboi/Code/animal-racers-western/assets/source/western/revision2/tail-repair/qa/unicorn/upright/frames/counter/candidate/0006.png'
Time: 00:00.03 (Saving: 00:00.00)

Saved: '/Users/chikumatsuboi/Code/animal-racers-western/assets/source/western/revision2/tail-repair/qa/unicorn/upright/frames/counter/candidate/0007.png'
Time: 00:00.03 (Saving: 00:00.00)

Saved: '/Users/chikumatsuboi/Code/animal-racers-western/assets/source/western/revision2/tail-repair/qa/unicorn/upright/frames/counter/candidate/0008.png'
Time: 00:00.03 (Saving: 00:00.00)

Saved: '/Users/chikumatsuboi/Code/animal-racers-western/assets/source/western/revision2/tail-repair/qa/unicorn/upright/frames/counter/candidate/0009.png'
Time: 00:00.03 (Saving: 00:00.01)

Saved: '/Users/chikumatsuboi/Code/animal-racers-western/assets/source/western/revision2/tail-repair/qa/unicorn/upright/frames/counter/candidate/0010.png'
Time: 00:00.03 (Saving: 00:00.00)

Saved: '/Users/chikumatsuboi/Code/animal-racers-western/assets/source/western/revision2/tail-repair/qa/unicorn/upright/frames/counter/candidate/0011.png'
Time: 00:00.03 (Saving: 00:00.00)

Saved: '/Users/chikumatsuboi/Code/animal-racers-western/assets/source/western/revision2/tail-repair/qa/unicorn/upright/frames/counter/candidate/0012.png'
Time: 00:00.04 (Saving: 00:00.00)

Saved: '/Users/chikumatsuboi/Code/animal-racers-western/assets/source/western/revision2/tail-repair/qa/unicorn/upright/frames/counter/candidate/0013.png'
Time: 00:00.03 (Saving: 00:00.01)

Saved: '/Users/chikumatsuboi/Code/animal-racers-western/assets/source/western/revision2/tail-repair/qa/unicorn/upright/frames/counter/candidate/0014.png'
Time: 00:00.02 (Saving: 00:00.00)

Saved: '/Users/chikumatsuboi/Code/animal-racers-western/assets/source/western/revision2/tail-repair/qa/unicorn/upright/frames/counter/candidate/0015.png'
Time: 00:00.02 (Saving: 00:00.00)

Saved: '/Users/chikumatsuboi/Code/animal-racers-western/assets/source/western/revision2/tail-repair/qa/unicorn/upright/frames/counter/candidate/0016.png'
Time: 00:00.02 (Saving: 00:00.00)

Saved: '/Users/chikumatsuboi/Code/animal-racers-western/assets/source/western/revision2/tail-repair/qa/unicorn/upright/frames/counter/candidate/0017.png'
Time: 00:00.03 (Saving: 00:00.01)

Saved: '/Users/chikumatsuboi/Code/animal-racers-western/assets/source/western/revision2/tail-repair/qa/unicorn/upright/frames/counter/candidate/0018.png'
Time: 00:00.03 (Saving: 00:00.01)

TAIL_CYCLE_RENDERED unicorn upright counter candidate
Read blend: "/Users/chikumatsuboi/Code/animal-racers-western/assets/source/western/revision2/tail-repair/candidate/unicorn-upright.blend"
Read blend: "/Users/chikumatsuboi/Code/animal-racers-western/assets/source/western/revision2/tail-repair/inputs/unicorn-upright.blend"
Saved: '/Users/chikumatsuboi/Code/animal-racers-western/assets/source/western/revision2/tail-repair/qa/unicorn/upright/frames/hit/inputs/0000.png'
Time: 00:00.03 (Saving: 00:00.00)

Saved: '/Users/chikumatsuboi/Code/animal-racers-western/assets/source/western/revision2/tail-repair/qa/unicorn/upright/frames/hit/inputs/0001.png'
Time: 00:00.02 (Saving: 00:00.00)

Saved: '/Users/chikumatsuboi/Code/animal-racers-western/assets/source/western/revision2/tail-repair/qa/unicorn/upright/frames/hit/inputs/0002.png'
Time: 00:00.02 (Saving: 00:00.00)

Saved: '/Users/chikumatsuboi/Code/animal-racers-western/assets/source/western/revision2/tail-repair/qa/unicorn/upright/frames/hit/inputs/0003.png'
Time: 00:00.02 (Saving: 00:00.00)

Saved: '/Users/chikumatsuboi/Code/animal-racers-western/assets/source/western/revision2/tail-repair/qa/unicorn/upright/frames/hit/inputs/0004.png'
Time: 00:00.02 (Saving: 00:00.00)

Saved: '/Users/chikumatsuboi/Code/animal-racers-western/assets/source/western/revision2/tail-repair/qa/unicorn/upright/frames/hit/inputs/0005.png'
Time: 00:00.03 (Saving: 00:00.01)

Saved: '/Users/chikumatsuboi/Code/animal-racers-western/assets/source/western/revision2/tail-repair/qa/unicorn/upright/frames/hit/inputs/0006.png'
Time: 00:00.02 (Saving: 00:00.00)

TAIL_CYCLE_RENDERED unicorn upright hit inputs
Read blend: "/Users/chikumatsuboi/Code/animal-racers-western/assets/source/western/revision2/tail-repair/candidate/unicorn-upright.blend"
Saved: '/Users/chikumatsuboi/Code/animal-racers-western/assets/source/western/revision2/tail-repair/qa/unicorn/upright/frames/hit/candidate/0000.png'
Time: 00:00.03 (Saving: 00:00.00)

Saved: '/Users/chikumatsuboi/Code/animal-racers-western/assets/source/western/revision2/tail-repair/qa/unicorn/upright/frames/hit/candidate/0001.png'
Time: 00:00.03 (Saving: 00:00.00)

Saved: '/Users/chikumatsuboi/Code/animal-racers-western/assets/source/western/revision2/tail-repair/qa/unicorn/upright/frames/hit/candidate/0002.png'
Time: 00:00.02 (Saving: 00:00.00)

Saved: '/Users/chikumatsuboi/Code/animal-racers-western/assets/source/western/revision2/tail-repair/qa/unicorn/upright/frames/hit/candidate/0003.png'
Time: 00:00.02 (Saving: 00:00.00)

Saved: '/Users/chikumatsuboi/Code/animal-racers-western/assets/source/western/revision2/tail-repair/qa/unicorn/upright/frames/hit/candidate/0004.png'
Time: 00:00.02 (Saving: 00:00.00)

Saved: '/Users/chikumatsuboi/Code/animal-racers-western/assets/source/western/revision2/tail-repair/qa/unicorn/upright/frames/hit/candidate/0005.png'
Time: 00:00.02 (Saving: 00:00.00)

Saved: '/Users/chikumatsuboi/Code/animal-racers-western/assets/source/western/revision2/tail-repair/qa/unicorn/upright/frames/hit/candidate/0006.png'
Time: 00:00.03 (Saving: 00:00.00)

TAIL_CYCLE_RENDERED unicorn upright hit candidate
Read blend: "/Users/chikumatsuboi/Code/animal-racers-western/assets/source/western/revision2/tail-repair/candidate/unicorn-upright.blend"
Read blend: "/Users/chikumatsuboi/Code/animal-racers-western/assets/source/western/revision2/tail-repair/inputs/unicorn-upright.blend"
Saved: '/Users/chikumatsuboi/Code/animal-racers-western/assets/source/western/revision2/tail-repair/qa/unicorn/upright/frames/evade/inputs/0000.png'
Time: 00:00.03 (Saving: 00:00.00)

Saved: '/Users/chikumatsuboi/Code/animal-racers-western/assets/source/western/revision2/tail-repair/qa/unicorn/upright/frames/evade/inputs/0001.png'
Time: 00:00.02 (Saving: 00:00.00)

Saved: '/Users/chikumatsuboi/Code/animal-racers-western/assets/source/western/revision2/tail-repair/qa/unicorn/upright/frames/evade/inputs/0002.png'
Time: 00:00.02 (Saving: 00:00.00)

Saved: '/Users/chikumatsuboi/Code/animal-racers-western/assets/source/western/revision2/tail-repair/qa/unicorn/upright/frames/evade/inputs/0003.png'
Time: 00:00.02 (Saving: 00:00.00)

Saved: '/Users/chikumatsuboi/Code/animal-racers-western/assets/source/western/revision2/tail-repair/qa/unicorn/upright/frames/evade/inputs/0004.png'
Time: 00:00.02 (Saving: 00:00.00)

Saved: '/Users/chikumatsuboi/Code/animal-racers-western/assets/source/western/revision2/tail-repair/qa/unicorn/upright/frames/evade/inputs/0005.png'
Time: 00:00.02 (Saving: 00:00.00)

Saved: '/Users/chikumatsuboi/Code/animal-racers-western/assets/source/western/revision2/tail-repair/qa/unicorn/upright/frames/evade/inputs/0006.png'
Time: 00:00.02 (Saving: 00:00.00)

Saved: '/Users/chikumatsuboi/Code/animal-racers-western/assets/source/western/revision2/tail-repair/qa/unicorn/upright/frames/evade/inputs/0007.png'
Time: 00:00.02 (Saving: 00:00.00)

TAIL_CYCLE_RENDERED unicorn upright evade inputs
Read blend: "/Users/chikumatsuboi/Code/animal-racers-western/assets/source/western/revision2/tail-repair/candidate/unicorn-upright.blend"
Saved: '/Users/chikumatsuboi/Code/animal-racers-western/assets/source/western/revision2/tail-repair/qa/unicorn/upright/frames/evade/candidate/0000.png'
Time: 00:00.03 (Saving: 00:00.00)

Saved: '/Users/chikumatsuboi/Code/animal-racers-western/assets/source/western/revision2/tail-repair/qa/unicorn/upright/frames/evade/candidate/0001.png'
Time: 00:00.03 (Saving: 00:00.00)

Saved: '/Users/chikumatsuboi/Code/animal-racers-western/assets/source/western/revision2/tail-repair/qa/unicorn/upright/frames/evade/candidate/0002.png'
Time: 00:00.02 (Saving: 00:00.00)

Saved: '/Users/chikumatsuboi/Code/animal-racers-western/assets/source/western/revision2/tail-repair/qa/unicorn/upright/frames/evade/candidate/0003.png'
Time: 00:00.02 (Saving: 00:00.01)

Saved: '/Users/chikumatsuboi/Code/animal-racers-western/assets/source/western/revision2/tail-repair/qa/unicorn/upright/frames/evade/candidate/0004.png'
Time: 00:00.02 (Saving: 00:00.00)

Saved: '/Users/chikumatsuboi/Code/animal-racers-western/assets/source/western/revision2/tail-repair/qa/unicorn/upright/frames/evade/candidate/0005.png'
Time: 00:00.02 (Saving: 00:00.00)

Saved: '/Users/chikumatsuboi/Code/animal-racers-western/assets/source/western/revision2/tail-repair/qa/unicorn/upright/frames/evade/candidate/0006.png'
Time: 00:00.02 (Saving: 00:00.00)

Saved: '/Users/chikumatsuboi/Code/animal-racers-western/assets/source/western/revision2/tail-repair/qa/unicorn/upright/frames/evade/candidate/0007.png'
Time: 00:00.02 (Saving: 00:00.00)

TAIL_CYCLE_RENDERED unicorn upright evade candidate
Read blend: "/Users/chikumatsuboi/Code/animal-racers-western/assets/source/western/revision2/tail-repair/candidate/unicorn-upright.blend"
Read blend: "/Users/chikumatsuboi/Code/animal-racers-western/assets/source/western/revision2/tail-repair/inputs/unicorn-upright.blend"
Saved: '/Users/chikumatsuboi/Code/animal-racers-western/assets/source/western/revision2/tail-repair/qa/unicorn/upright/frames/celebrate/inputs/0000.png'
Time: 00:00.03 (Saving: 00:00.00)

Saved: '/Users/chikumatsuboi/Code/animal-racers-western/assets/source/western/revision2/tail-repair/qa/unicorn/upright/frames/celebrate/inputs/0001.png'
Time: 00:00.02 (Saving: 00:00.00)

Saved: '/Users/chikumatsuboi/Code/animal-racers-western/assets/source/western/revision2/tail-repair/qa/unicorn/upright/frames/celebrate/inputs/0002.png'
Time: 00:00.02 (Saving: 00:00.00)

Saved: '/Users/chikumatsuboi/Code/animal-racers-western/assets/source/western/revision2/tail-repair/qa/unicorn/upright/frames/celebrate/inputs/0003.png'
Time: 00:00.02 (Saving: 00:00.00)

Saved: '/Users/chikumatsuboi/Code/animal-racers-western/assets/source/western/revision2/tail-repair/qa/unicorn/upright/frames/celebrate/inputs/0004.png'
Time: 00:00.02 (Saving: 00:00.00)

Saved: '/Users/chikumatsuboi/Code/animal-racers-western/assets/source/western/revision2/tail-repair/qa/unicorn/upright/frames/celebrate/inputs/0005.png'
Time: 00:00.02 (Saving: 00:00.00)

Saved: '/Users/chikumatsuboi/Code/animal-racers-western/assets/source/western/revision2/tail-repair/qa/unicorn/upright/frames/celebrate/inputs/0006.png'
Time: 00:00.02 (Saving: 00:00.00)

Saved: '/Users/chikumatsuboi/Code/animal-racers-western/assets/source/western/revision2/tail-repair/qa/unicorn/upright/frames/celebrate/inputs/0007.png'
Time: 00:00.03 (Saving: 00:00.00)

Saved: '/Users/chikumatsuboi/Code/animal-racers-western/assets/source/western/revision2/tail-repair/qa/unicorn/upright/frames/celebrate/inputs/0008.png'
Time: 00:00.03 (Saving: 00:00.00)

Saved: '/Users/chikumatsuboi/Code/animal-racers-western/assets/source/western/revision2/tail-repair/qa/unicorn/upright/frames/celebrate/inputs/0009.png'
Time: 00:00.03 (Saving: 00:00.00)

Saved: '/Users/chikumatsuboi/Code/animal-racers-western/assets/source/western/revision2/tail-repair/qa/unicorn/upright/frames/celebrate/inputs/0010.png'
Time: 00:00.03 (Saving: 00:00.00)

Saved: '/Users/chikumatsuboi/Code/animal-racers-western/assets/source/western/revision2/tail-repair/qa/unicorn/upright/frames/celebrate/inputs/0011.png'
Time: 00:00.03 (Saving: 00:00.00)

Saved: '/Users/chikumatsuboi/Code/animal-racers-western/assets/source/western/revision2/tail-repair/qa/unicorn/upright/frames/celebrate/inputs/0012.png'
Time: 00:00.02 (Saving: 00:00.00)

Saved: '/Users/chikumatsuboi/Code/animal-racers-western/assets/source/western/revision2/tail-repair/qa/unicorn/upright/frames/celebrate/inputs/0013.png'
Time: 00:00.02 (Saving: 00:00.00)

Saved: '/Users/chikumatsuboi/Code/animal-racers-western/assets/source/western/revision2/tail-repair/qa/unicorn/upright/frames/celebrate/inputs/0014.png'
Time: 00:00.02 (Saving: 00:00.00)

Saved: '/Users/chikumatsuboi/Code/animal-racers-western/assets/source/western/revision2/tail-repair/qa/unicorn/upright/frames/celebrate/inputs/0015.png'
Time: 00:00.02 (Saving: 00:00.00)

Saved: '/Users/chikumatsuboi/Code/animal-racers-western/assets/source/western/revision2/tail-repair/qa/unicorn/upright/frames/celebrate/inputs/0016.png'
Time: 00:00.02 (Saving: 00:00.00)

Saved: '/Users/chikumatsuboi/Code/animal-racers-western/assets/source/western/revision2/tail-repair/qa/unicorn/upright/frames/celebrate/inputs/0017.png'
Time: 00:00.04 (Saving: 00:00.01)

Saved: '/Users/chikumatsuboi/Code/animal-racers-western/assets/source/western/revision2/tail-repair/qa/unicorn/upright/frames/celebrate/inputs/0018.png'
Time: 00:00.03 (Saving: 00:00.00)

Saved: '/Users/chikumatsuboi/Code/animal-racers-western/assets/source/western/revision2/tail-repair/qa/unicorn/upright/frames/celebrate/inputs/0019.png'
Time: 00:00.03 (Saving: 00:00.00)

Saved: '/Users/chikumatsuboi/Code/animal-racers-western/assets/source/western/revision2/tail-repair/qa/unicorn/upright/frames/celebrate/inputs/0020.png'
Time: 00:00.03 (Saving: 00:00.00)

Saved: '/Users/chikumatsuboi/Code/animal-racers-western/assets/source/western/revision2/tail-repair/qa/unicorn/upright/frames/celebrate/inputs/0021.png'
Time: 00:00.04 (Saving: 00:00.00)

Saved: '/Users/chikumatsuboi/Code/animal-racers-western/assets/source/western/revision2/tail-repair/qa/unicorn/upright/frames/celebrate/inputs/0022.png'
Time: 00:00.03 (Saving: 00:00.01)

Saved: '/Users/chikumatsuboi/Code/animal-racers-western/assets/source/western/revision2/tail-repair/qa/unicorn/upright/frames/celebrate/inputs/0023.png'
Time: 00:00.02 (Saving: 00:00.00)

Saved: '/Users/chikumatsuboi/Code/animal-racers-western/assets/source/western/revision2/tail-repair/qa/unicorn/upright/frames/celebrate/inputs/0024.png'
Time: 00:00.02 (Saving: 00:00.00)

Saved: '/Users/chikumatsuboi/Code/animal-racers-western/assets/source/western/revision2/tail-repair/qa/unicorn/upright/frames/celebrate/inputs/0025.png'
Time: 00:00.02 (Saving: 00:00.00)

Saved: '/Users/chikumatsuboi/Code/animal-racers-western/assets/source/western/revision2/tail-repair/qa/unicorn/upright/frames/celebrate/inputs/0026.png'
Time: 00:00.02 (Saving: 00:00.00)

Saved: '/Users/chikumatsuboi/Code/animal-racers-western/assets/source/western/revision2/tail-repair/qa/unicorn/upright/frames/celebrate/inputs/0027.png'
Time: 00:00.02 (Saving: 00:00.00)

Saved: '/Users/chikumatsuboi/Code/animal-racers-western/assets/source/western/revision2/tail-repair/qa/unicorn/upright/frames/celebrate/inputs/0028.png'
Time: 00:00.02 (Saving: 00:00.00)

Saved: '/Users/chikumatsuboi/Code/animal-racers-western/assets/source/western/revision2/tail-repair/qa/unicorn/upright/frames/celebrate/inputs/0029.png'
Time: 00:00.02 (Saving: 00:00.00)

Saved: '/Users/chikumatsuboi/Code/animal-racers-western/assets/source/western/revision2/tail-repair/qa/unicorn/upright/frames/celebrate/inputs/0030.png'
Time: 00:00.02 (Saving: 00:00.00)

TAIL_CYCLE_RENDERED unicorn upright celebrate inputs
Read blend: "/Users/chikumatsuboi/Code/animal-racers-western/assets/source/western/revision2/tail-repair/candidate/unicorn-upright.blend"
Saved: '/Users/chikumatsuboi/Code/animal-racers-western/assets/source/western/revision2/tail-repair/qa/unicorn/upright/frames/celebrate/candidate/0000.png'
Time: 00:00.02 (Saving: 00:00.00)

Saved: '/Users/chikumatsuboi/Code/animal-racers-western/assets/source/western/revision2/tail-repair/qa/unicorn/upright/frames/celebrate/candidate/0001.png'
Time: 00:00.02 (Saving: 00:00.00)

Saved: '/Users/chikumatsuboi/Code/animal-racers-western/assets/source/western/revision2/tail-repair/qa/unicorn/upright/frames/celebrate/candidate/0002.png'
Time: 00:00.02 (Saving: 00:00.00)

Saved: '/Users/chikumatsuboi/Code/animal-racers-western/assets/source/western/revision2/tail-repair/qa/unicorn/upright/frames/celebrate/candidate/0003.png'
Time: 00:00.02 (Saving: 00:00.00)

Saved: '/Users/chikumatsuboi/Code/animal-racers-western/assets/source/western/revision2/tail-repair/qa/unicorn/upright/frames/celebrate/candidate/0004.png'
Time: 00:00.02 (Saving: 00:00.00)

Saved: '/Users/chikumatsuboi/Code/animal-racers-western/assets/source/western/revision2/tail-repair/qa/unicorn/upright/frames/celebrate/candidate/0005.png'
Time: 00:00.03 (Saving: 00:00.00)

Saved: '/Users/chikumatsuboi/Code/animal-racers-western/assets/source/western/revision2/tail-repair/qa/unicorn/upright/frames/celebrate/candidate/0006.png'
Time: 00:00.03 (Saving: 00:00.00)

Saved: '/Users/chikumatsuboi/Code/animal-racers-western/assets/source/western/revision2/tail-repair/qa/unicorn/upright/frames/celebrate/candidate/0007.png'
Time: 00:00.03 (Saving: 00:00.00)

Saved: '/Users/chikumatsuboi/Code/animal-racers-western/assets/source/western/revision2/tail-repair/qa/unicorn/upright/frames/celebrate/candidate/0008.png'
Time: 00:00.03 (Saving: 00:00.00)

Saved: '/Users/chikumatsuboi/Code/animal-racers-western/assets/source/western/revision2/tail-repair/qa/unicorn/upright/frames/celebrate/candidate/0009.png'
Time: 00:00.02 (Saving: 00:00.00)

Saved: '/Users/chikumatsuboi/Code/animal-racers-western/assets/source/western/revision2/tail-repair/qa/unicorn/upright/frames/celebrate/candidate/0010.png'
Time: 00:00.02 (Saving: 00:00.00)

Saved: '/Users/chikumatsuboi/Code/animal-racers-western/assets/source/western/revision2/tail-repair/qa/unicorn/upright/frames/celebrate/candidate/0011.png'
Time: 00:00.02 (Saving: 00:00.00)

Saved: '/Users/chikumatsuboi/Code/animal-racers-western/assets/source/western/revision2/tail-repair/qa/unicorn/upright/frames/celebrate/candidate/0012.png'
Time: 00:00.02 (Saving: 00:00.00)

Saved: '/Users/chikumatsuboi/Code/animal-racers-western/assets/source/western/revision2/tail-repair/qa/unicorn/upright/frames/celebrate/candidate/0013.png'
Time: 00:00.02 (Saving: 00:00.00)

Saved: '/Users/chikumatsuboi/Code/animal-racers-western/assets/source/western/revision2/tail-repair/qa/unicorn/upright/frames/celebrate/candidate/0014.png'
Time: 00:00.03 (Saving: 00:00.00)

Saved: '/Users/chikumatsuboi/Code/animal-racers-western/assets/source/western/revision2/tail-repair/qa/unicorn/upright/frames/celebrate/candidate/0015.png'
Time: 00:00.02 (Saving: 00:00.00)

Saved: '/Users/chikumatsuboi/Code/animal-racers-western/assets/source/western/revision2/tail-repair/qa/unicorn/upright/frames/celebrate/candidate/0016.png'
Time: 00:00.03 (Saving: 00:00.00)

Saved: '/Users/chikumatsuboi/Code/animal-racers-western/assets/source/western/revision2/tail-repair/qa/unicorn/upright/frames/celebrate/candidate/0017.png'
Time: 00:00.03 (Saving: 00:00.00)

Saved: '/Users/chikumatsuboi/Code/animal-racers-western/assets/source/western/revision2/tail-repair/qa/unicorn/upright/frames/celebrate/candidate/0018.png'
Time: 00:00.03 (Saving: 00:00.00)

Saved: '/Users/chikumatsuboi/Code/animal-racers-western/assets/source/western/revision2/tail-repair/qa/unicorn/upright/frames/celebrate/candidate/0019.png'
Time: 00:00.02 (Saving: 00:00.00)

Saved: '/Users/chikumatsuboi/Code/animal-racers-western/assets/source/western/revision2/tail-repair/qa/unicorn/upright/frames/celebrate/candidate/0020.png'
Time: 00:00.02 (Saving: 00:00.00)

Saved: '/Users/chikumatsuboi/Code/animal-racers-western/assets/source/western/revision2/tail-repair/qa/unicorn/upright/frames/celebrate/candidate/0021.png'
Time: 00:00.02 (Saving: 00:00.00)

Saved: '/Users/chikumatsuboi/Code/animal-racers-western/assets/source/western/revision2/tail-repair/qa/unicorn/upright/frames/celebrate/candidate/0022.png'
Time: 00:00.02 (Saving: 00:00.00)

Saved: '/Users/chikumatsuboi/Code/animal-racers-western/assets/source/western/revision2/tail-repair/qa/unicorn/upright/frames/celebrate/candidate/0023.png'
Time: 00:00.02 (Saving: 00:00.00)

Saved: '/Users/chikumatsuboi/Code/animal-racers-western/assets/source/western/revision2/tail-repair/qa/unicorn/upright/frames/celebrate/candidate/0024.png'
Time: 00:00.02 (Saving: 00:00.00)

Saved: '/Users/chikumatsuboi/Code/animal-racers-western/assets/source/western/revision2/tail-repair/qa/unicorn/upright/frames/celebrate/candidate/0025.png'
Time: 00:00.03 (Saving: 00:00.00)

Saved: '/Users/chikumatsuboi/Code/animal-racers-western/assets/source/western/revision2/tail-repair/qa/unicorn/upright/frames/celebrate/candidate/0026.png'
Time: 00:00.03 (Saving: 00:00.00)

Saved: '/Users/chikumatsuboi/Code/animal-racers-western/assets/source/western/revision2/tail-repair/qa/unicorn/upright/frames/celebrate/candidate/0027.png'
Time: 00:00.03 (Saving: 00:00.00)

Saved: '/Users/chikumatsuboi/Code/animal-racers-western/assets/source/western/revision2/tail-repair/qa/unicorn/upright/frames/celebrate/candidate/0028.png'
Time: 00:00.03 (Saving: 00:00.00)

Saved: '/Users/chikumatsuboi/Code/animal-racers-western/assets/source/western/revision2/tail-repair/qa/unicorn/upright/frames/celebrate/candidate/0029.png'
Time: 00:00.02 (Saving: 00:00.00)

Saved: '/Users/chikumatsuboi/Code/animal-racers-western/assets/source/western/revision2/tail-repair/qa/unicorn/upright/frames/celebrate/candidate/0030.png'
Time: 00:00.02 (Saving: 00:00.00)

TAIL_CYCLE_RENDERED unicorn upright celebrate candidate
Read blend: "/Users/chikumatsuboi/Code/animal-racers-western/assets/source/western/revision2/tail-repair/candidate/unicorn-upright.blend"
Read blend: "/Users/chikumatsuboi/Code/animal-racers-western/assets/source/western/revision2/tail-repair/inputs/unicorn-upright.blend"
Saved: '/Users/chikumatsuboi/Code/animal-racers-western/assets/source/western/revision2/tail-repair/qa/unicorn/upright/frames/defeat/inputs/0000.png'
Time: 00:00.02 (Saving: 00:00.00)

Saved: '/Users/chikumatsuboi/Code/animal-racers-western/assets/source/western/revision2/tail-repair/qa/unicorn/upright/frames/defeat/inputs/0001.png'
Time: 00:00.03 (Saving: 00:00.00)

Saved: '/Users/chikumatsuboi/Code/animal-racers-western/assets/source/western/revision2/tail-repair/qa/unicorn/upright/frames/defeat/inputs/0002.png'
Time: 00:00.03 (Saving: 00:00.00)

Saved: '/Users/chikumatsuboi/Code/animal-racers-western/assets/source/western/revision2/tail-repair/qa/unicorn/upright/frames/defeat/inputs/0003.png'
Time: 00:00.03 (Saving: 00:00.00)

Saved: '/Users/chikumatsuboi/Code/animal-racers-western/assets/source/western/revision2/tail-repair/qa/unicorn/upright/frames/defeat/inputs/0004.png'
Time: 00:00.03 (Saving: 00:00.00)

Saved: '/Users/chikumatsuboi/Code/animal-racers-western/assets/source/western/revision2/tail-repair/qa/unicorn/upright/frames/defeat/inputs/0005.png'
Time: 00:00.03 (Saving: 00:00.00)

Saved: '/Users/chikumatsuboi/Code/animal-racers-western/assets/source/western/revision2/tail-repair/qa/unicorn/upright/frames/defeat/inputs/0006.png'
Time: 00:00.02 (Saving: 00:00.00)

Saved: '/Users/chikumatsuboi/Code/animal-racers-western/assets/source/western/revision2/tail-repair/qa/unicorn/upright/frames/defeat/inputs/0007.png'
Time: 00:00.02 (Saving: 00:00.00)

Saved: '/Users/chikumatsuboi/Code/animal-racers-western/assets/source/western/revision2/tail-repair/qa/unicorn/upright/frames/defeat/inputs/0008.png'
Time: 00:00.02 (Saving: 00:00.00)

Saved: '/Users/chikumatsuboi/Code/animal-racers-western/assets/source/western/revision2/tail-repair/qa/unicorn/upright/frames/defeat/inputs/0009.png'
Time: 00:00.02 (Saving: 00:00.00)

Saved: '/Users/chikumatsuboi/Code/animal-racers-western/assets/source/western/revision2/tail-repair/qa/unicorn/upright/frames/defeat/inputs/0010.png'
Time: 00:00.02 (Saving: 00:00.00)

Saved: '/Users/chikumatsuboi/Code/animal-racers-western/assets/source/western/revision2/tail-repair/qa/unicorn/upright/frames/defeat/inputs/0011.png'
Time: 00:00.02 (Saving: 00:00.00)

Saved: '/Users/chikumatsuboi/Code/animal-racers-western/assets/source/western/revision2/tail-repair/qa/unicorn/upright/frames/defeat/inputs/0012.png'
Time: 00:00.03 (Saving: 00:00.00)

Saved: '/Users/chikumatsuboi/Code/animal-racers-western/assets/source/western/revision2/tail-repair/qa/unicorn/upright/frames/defeat/inputs/0013.png'
Time: 00:00.03 (Saving: 00:00.00)

Saved: '/Users/chikumatsuboi/Code/animal-racers-western/assets/source/western/revision2/tail-repair/qa/unicorn/upright/frames/defeat/inputs/0014.png'
Time: 00:00.03 (Saving: 00:00.00)

Saved: '/Users/chikumatsuboi/Code/animal-racers-western/assets/source/western/revision2/tail-repair/qa/unicorn/upright/frames/defeat/inputs/0015.png'
Time: 00:00.03 (Saving: 00:00.00)

Saved: '/Users/chikumatsuboi/Code/animal-racers-western/assets/source/western/revision2/tail-repair/qa/unicorn/upright/frames/defeat/inputs/0016.png'
Time: 00:00.02 (Saving: 00:00.00)

Saved: '/Users/chikumatsuboi/Code/animal-racers-western/assets/source/western/revision2/tail-repair/qa/unicorn/upright/frames/defeat/inputs/0017.png'
Time: 00:00.02 (Saving: 00:00.00)

Saved: '/Users/chikumatsuboi/Code/animal-racers-western/assets/source/western/revision2/tail-repair/qa/unicorn/upright/frames/defeat/inputs/0018.png'
Time: 00:00.02 (Saving: 00:00.00)

Saved: '/Users/chikumatsuboi/Code/animal-racers-western/assets/source/western/revision2/tail-repair/qa/unicorn/upright/frames/defeat/inputs/0019.png'
Time: 00:00.02 (Saving: 00:00.00)

Saved: '/Users/chikumatsuboi/Code/animal-racers-western/assets/source/western/revision2/tail-repair/qa/unicorn/upright/frames/defeat/inputs/0020.png'
Time: 00:00.02 (Saving: 00:00.00)

TAIL_CYCLE_RENDERED unicorn upright defeat inputs
Read blend: "/Users/chikumatsuboi/Code/animal-racers-western/assets/source/western/revision2/tail-repair/candidate/unicorn-upright.blend"
Saved: '/Users/chikumatsuboi/Code/animal-racers-western/assets/source/western/revision2/tail-repair/qa/unicorn/upright/frames/defeat/candidate/0000.png'
Time: 00:00.03 (Saving: 00:00.00)

Saved: '/Users/chikumatsuboi/Code/animal-racers-western/assets/source/western/revision2/tail-repair/qa/unicorn/upright/frames/defeat/candidate/0001.png'
Time: 00:00.03 (Saving: 00:00.00)

Saved: '/Users/chikumatsuboi/Code/animal-racers-western/assets/source/western/revision2/tail-repair/qa/unicorn/upright/frames/defeat/candidate/0002.png'
Time: 00:00.02 (Saving: 00:00.00)

Saved: '/Users/chikumatsuboi/Code/animal-racers-western/assets/source/western/revision2/tail-repair/qa/unicorn/upright/frames/defeat/candidate/0003.png'
Time: 00:00.02 (Saving: 00:00.00)

Saved: '/Users/chikumatsuboi/Code/animal-racers-western/assets/source/western/revision2/tail-repair/qa/unicorn/upright/frames/defeat/candidate/0004.png'
Time: 00:00.02 (Saving: 00:00.00)

Saved: '/Users/chikumatsuboi/Code/animal-racers-western/assets/source/western/revision2/tail-repair/qa/unicorn/upright/frames/defeat/candidate/0005.png'
Time: 00:00.02 (Saving: 00:00.00)

Saved: '/Users/chikumatsuboi/Code/animal-racers-western/assets/source/western/revision2/tail-repair/qa/unicorn/upright/frames/defeat/candidate/0006.png'
Time: 00:00.02 (Saving: 00:00.00)

Saved: '/Users/chikumatsuboi/Code/animal-racers-western/assets/source/western/revision2/tail-repair/qa/unicorn/upright/frames/defeat/candidate/0007.png'
Time: 00:00.03 (Saving: 00:00.00)

Saved: '/Users/chikumatsuboi/Code/animal-racers-western/assets/source/western/revision2/tail-repair/qa/unicorn/upright/frames/defeat/candidate/0008.png'
Time: 00:00.03 (Saving: 00:00.00)

Saved: '/Users/chikumatsuboi/Code/animal-racers-western/assets/source/western/revision2/tail-repair/qa/unicorn/upright/frames/defeat/candidate/0009.png'
Time: 00:00.03 (Saving: 00:00.00)

Saved: '/Users/chikumatsuboi/Code/animal-racers-western/assets/source/western/revision2/tail-repair/qa/unicorn/upright/frames/defeat/candidate/0010.png'
Time: 00:00.03 (Saving: 00:00.00)

Saved: '/Users/chikumatsuboi/Code/animal-racers-western/assets/source/western/revision2/tail-repair/qa/unicorn/upright/frames/defeat/candidate/0011.png'
Time: 00:00.04 (Saving: 00:00.01)

Saved: '/Users/chikumatsuboi/Code/animal-racers-western/assets/source/western/revision2/tail-repair/qa/unicorn/upright/frames/defeat/candidate/0012.png'
Time: 00:00.03 (Saving: 00:00.00)

Saved: '/Users/chikumatsuboi/Code/animal-racers-western/assets/source/western/revision2/tail-repair/qa/unicorn/upright/frames/defeat/candidate/0013.png'
Time: 00:00.03 (Saving: 00:00.00)

Saved: '/Users/chikumatsuboi/Code/animal-racers-western/assets/source/western/revision2/tail-repair/qa/unicorn/upright/frames/defeat/candidate/0014.png'
Time: 00:00.02 (Saving: 00:00.00)

Saved: '/Users/chikumatsuboi/Code/animal-racers-western/assets/source/western/revision2/tail-repair/qa/unicorn/upright/frames/defeat/candidate/0015.png'
Time: 00:00.02 (Saving: 00:00.00)

Saved: '/Users/chikumatsuboi/Code/animal-racers-western/assets/source/western/revision2/tail-repair/qa/unicorn/upright/frames/defeat/candidate/0016.png'
Time: 00:00.02 (Saving: 00:00.00)

Saved: '/Users/chikumatsuboi/Code/animal-racers-western/assets/source/western/revision2/tail-repair/qa/unicorn/upright/frames/defeat/candidate/0017.png'
Time: 00:00.02 (Saving: 00:00.00)

Saved: '/Users/chikumatsuboi/Code/animal-racers-western/assets/source/western/revision2/tail-repair/qa/unicorn/upright/frames/defeat/candidate/0018.png'
Time: 00:00.02 (Saving: 00:00.00)

Saved: '/Users/chikumatsuboi/Code/animal-racers-western/assets/source/western/revision2/tail-repair/qa/unicorn/upright/frames/defeat/candidate/0019.png'
Time: 00:00.02 (Saving: 00:00.00)

Saved: '/Users/chikumatsuboi/Code/animal-racers-western/assets/source/western/revision2/tail-repair/qa/unicorn/upright/frames/defeat/candidate/0020.png'
Time: 00:00.02 (Saving: 00:00.00)

TAIL_CYCLE_RENDERED unicorn upright defeat candidate

Blender quit
