REVISION2_SOURCE_OK lion race
REVISION2_PACKAGE_OK lion race
REVISION2_SOURCE_OK lion upright
Blender 4.5.9 LTS (hash 8bf95cbd38d1 built 2026-04-21 01:30:46)
Read blend: "/Users/chikumatsuboi/Code/animal-racers-western/assets/source/western/revision2/candidate/lion.blend"
Read blend: "/Users/chikumatsuboi/Code/animal-racers-western/assets/source/western/revision2/candidate/lion-upright.blend"
Read blend: "/Users/chikumatsuboi/Code/animal-racers-western/assets/source/western/revision2/inputs/lion-upright.blend"
Saved: '/Users/chikumatsuboi/Code/animal-racers-western/assets/source/western/revision2/qa/lion/upright/control-front.png'
Time: 00:00.17 (Saving: 00:00.03)

Saved: '/Users/chikumatsuboi/Code/animal-racers-western/assets/source/western/revision2/qa/lion/upright/control-side.png'
Time: 00:00.04 (Saving: 00:00.01)

Saved: '/Users/chikumatsuboi/Code/animal-racers-western/assets/source/western/revision2/qa/lion/upright/control-three-quarter.png'
Time: 00:00.04 (Saving: 00:00.01)

Saved: '/Users/chikumatsuboi/Code/animal-racers-western/assets/source/western/revision2/qa/lion/upright/control-face.png'
Time: 00:00.03 (Saving: 00:00.01)

REVISION2_PREVIEW lion upright control
Read blend: "/Users/chikumatsuboi/Code/animal-racers-western/assets/source/western/revision2/candidate/lion-upright.blend"
Saved: '/Users/chikumatsuboi/Code/animal-racers-western/assets/source/western/revision2/qa/lion/upright/candidate-front.png'
Time: 00:00.03 (Saving: 00:00.01)

Saved: '/Users/chikumatsuboi/Code/animal-racers-western/assets/source/western/revision2/qa/lion/upright/candidate-side.png'
Time: 00:00.03 (Saving: 00:00.01)

Saved: '/Users/chikumatsuboi/Code/animal-racers-western/assets/source/western/revision2/qa/lion/upright/candidate-three-quarter.png'
Time: 00:00.04 (Saving: 00:00.01)

Saved: '/Users/chikumatsuboi/Code/animal-racers-western/assets/source/western/revision2/qa/lion/upright/candidate-face.png'
Time: 00:00.03 (Saving: 00:00.01)

REVISION2_PREVIEW lion upright candidate
Read blend: "/Users/chikumatsuboi/Code/animal-racers-western/assets/source/western/revision2/inputs/lion-upright.blend"
Fra:1 Mem:36.08M (Peak 36.08M) | Time:00:00.01 | Mem:0.00M, Peak:0.00M | Scene, ViewLayer | Synchronizing object | Paw toe
Fra:1 Mem:36.10M (Peak 36.10M) | Time:00:00.01 | Mem:0.00M, Peak:0.00M | Scene, ViewLayer | Synchronizing object | Ivory claw
Fra:1 Mem:36.11M (Peak 36.11M) | Time:00:00.01 | Mem:0.00M, Peak:0.00M | Scene, ViewLayer | Synchronizing object | Paw toe.001
Fra:1 Mem:36.13M (Peak 36.13M) | Time:00:00.01 | Mem:0.00M, Peak:0.00M | Scene, ViewLayer | Synchronizing object | Ivory claw.001
Fra:1 Mem:36.13M (Peak 36.13M) | Time:00:00.01 | Mem:0.00M, Peak:0.00M | Scene, ViewLayer | Synchronizing object | Paw toe.002
Fra:1 Mem:36.15M (Peak 36.15M) | Time:00:00.01 | Mem:0.00M, Peak:0.00M | Scene, ViewLayer | Synchronizing object | Ivory claw.002
Fra:1 Mem:36.15M (Peak 36.15M) | Time:00:00.01 | Mem:0.00M, Peak:0.00M | Scene, ViewLayer | Synchronizing object | Paw toe.003
Fra:1 Mem:36.17M (Peak 36.17M) | Time:00:00.01 | Mem:0.00M, Peak:0.00M | Scene, ViewLayer | Synchronizing object | Ivory claw.003
Fra:1 Mem:36.18M (Peak 36.18M) | Time:00:00.01 | Mem:0.00M, Peak:0.00M | Scene, ViewLayer | Synchronizing object | Paw toe.004
Fra:1 Mem:36.20M (Peak 36.20M) | Time:00:00.01 | Mem:0.00M, Peak:0.00M | Scene, ViewLayer | Synchronizing object | Ivory claw.004
Fra:1 Mem:36.20M (Peak 36.20M) | Time:00:00.01 | Mem:0.00M, Peak:0.00M | Scene, ViewLayer | Synchronizing object | Paw toe.005
Fra:1 Mem:36.22M (Peak 36.22M) | Time:00:00.01 | Mem:0.00M, Peak:0.00M | Scene, ViewLayer | Synchronizing object | Ivory claw.005
Fra:1 Mem:36.22M (Peak 36.22M) | Time:00:00.01 | Mem:0.00M, Peak:0.00M | Scene, ViewLayer | Synchronizing object | Paw toe.006
Fra:1 Mem:36.24M (Peak 36.24M) | Time:00:00.01 | Mem:0.00M, Peak:0.00M | Scene, ViewLayer | Synchronizing object | Ivory claw.006
Fra:1 Mem:36.25M (Peak 36.25M) | Time:00:00.01 | Mem:0.00M, Peak:0.00M | Scene, ViewLayer | Synchronizing object | Paw toe.007
Fra:1 Mem:36.27M (Peak 36.27M) | Time:00:00.01 | Mem:0.00M, Peak:0.00M | Scene, ViewLayer | Synchronizing object | Ivory claw.007
Fra:1 Mem:36.27M (Peak 36.27M) | Time:00:00.01 | Mem:0.00M, Peak:0.00M | Scene, ViewLayer | Synchronizing object | Paw toe.008
Fra:1 Mem:36.29M (Peak 36.29M) | Time:00:00.01 | Mem:0.00M, Peak:0.00M | Scene, ViewLayer | Synchronizing object | Ivory claw.008
Fra:1 Mem:36.29M (Peak 36.29M) | Time:00:00.01 | Mem:0.00M, Peak:0.00M | Scene, ViewLayer | Synchronizing object | Paw toe.009
Fra:1 Mem:36.32M (Peak 36.32M) | Time:00:00.01 | Mem:0.00M, Peak:0.00M | Scene, ViewLayer | Synchronizing object | Ivory claw.009
Fra:1 Mem:36.32M (Peak 36.32M) | Time:00:00.01 | Mem:0.00M, Peak:0.00M | Scene, ViewLayer | Synchronizing object | Paw toe.010
Fra:1 Mem:36.34M (Peak 36.34M) | Time:00:00.01 | Mem:0.00M, Peak:0.00M | Scene, ViewLayer | Synchronizing object | Ivory claw.010
Fra:1 Mem:36.34M (Peak 36.34M) | Time:00:00.01 | Mem:0.00M, Peak:0.00M | Scene, ViewLayer | Synchronizing object | Paw toe.011
Fra:1 Mem:36.36M (Peak 36.36M) | Time:00:00.01 | Mem:0.00M, Peak:0.00M | Scene, ViewLayer | Synchronizing object | Ivory claw.011
Fra:1 Mem:36.36M (Peak 36.36M) | Time:00:00.01 | Mem:0.00M, Peak:0.00M | Scene, ViewLayer | Synchronizing object | Head • species sculpt
Fra:1 Mem:36.66M (Peak 36.66M) | Time:00:00.01 | Mem:0.00M, Peak:0.00M | Scene, ViewLayer | Synchronizing object | Cream muzzle pad
Fra:1 Mem:36.71M (Peak 36.71M) | Time:00:00.01 | Mem:0.00M, Peak:0.00M | Scene, ViewLayer | Synchronizing object | Cream muzzle pad.001
Fra:1 Mem:36.76M (Peak 36.76M) | Time:00:00.01 | Mem:0.00M, Peak:0.00M | Scene, ViewLayer | Synchronizing object | Heart shaped nose
Fra:1 Mem:36.76M (Peak 36.76M) | Time:00:00.01 | Mem:0.00M, Peak:0.00M | Scene, ViewLayer | Synchronizing object | Eye socket
Fra:1 Mem:36.81M (Peak 36.81M) | Time:00:00.01 | Mem:0.00M, Peak:0.00M | Scene, ViewLayer | Synchronizing object | Ivory eye
Fra:1 Mem:36.85M (Peak 36.85M) | Time:00:00.01 | Mem:0.00M, Peak:0.00M | Scene, ViewLayer | Synchronizing object | Iris
Fra:1 Mem:36.89M (Peak 36.89M) | Time:00:00.01 | Mem:0.00M, Peak:0.00M | Scene, ViewLayer | Synchronizing object | Pupil
Fra:1 Mem:36.92M (Peak 36.92M) | Time:00:00.01 | Mem:0.00M, Peak:0.00M | Scene, ViewLayer | Synchronizing object | Eye glint
Fra:1 Mem:36.93M (Peak 36.93M) | Time:00:00.01 | Mem:0.00M, Peak:0.00M | Scene, ViewLayer | Synchronizing object | Expressive brow
Fra:1 Mem:36.94M (Peak 36.94M) | Time:00:00.01 | Mem:0.00M, Peak:0.00M | Scene, ViewLayer | Synchronizing object | Smiling mouth
Fra:1 Mem:36.94M (Peak 36.94M) | Time:00:00.01 | Mem:0.00M, Peak:0.00M | Scene, ViewLayer | Synchronizing object | Whisker pore
Fra:1 Mem:36.95M (Peak 36.95M) | Time:00:00.01 | Mem:0.00M, Peak:0.00M | Scene, ViewLayer | Synchronizing object | Whisker pore.001
Fra:1 Mem:36.96M (Peak 36.96M) | Time:00:00.01 | Mem:0.00M, Peak:0.00M | Scene, ViewLayer | Synchronizing object | Whisker pore.002
Fra:1 Mem:36.96M (Peak 36.96M) | Time:00:00.01 | Mem:0.00M, Peak:0.00M | Scene, ViewLayer | Synchronizing object | Eye socket.001
Fra:1 Mem:37.01M (Peak 37.01M) | Time:00:00.01 | Mem:0.00M, Peak:0.00M | Scene, ViewLayer | Synchronizing object | Ivory eye.001
Fra:1 Mem:37.05M (Peak 37.05M) | Time:00:00.01 | Mem:0.00M, Peak:0.00M | Scene, ViewLayer | Synchronizing object | Iris.001
Fra:1 Mem:37.09M (Peak 37.09M) | Time:00:00.01 | Mem:0.00M, Peak:0.00M | Scene, ViewLayer | Synchronizing object | Pupil.001
Fra:1 Mem:37.11M (Peak 37.11M) | Time:00:00.01 | Mem:0.00M, Peak:0.00M | Scene, ViewLayer | Synchronizing object | Eye glint.001
Fra:1 Mem:37.13M (Peak 37.13M) | Time:00:00.01 | Mem:0.00M, Peak:0.00M | Scene, ViewLayer | Synchronizing object | Expressive brow.001
Fra:1 Mem:37.13M (Peak 37.13M) | Time:00:00.01 | Mem:0.00M, Peak:0.00M | Scene, ViewLayer | Synchronizing object | Smiling mouth.001
Fra:1 Mem:37.14M (Peak 37.14M) | Time:00:00.01 | Mem:0.00M, Peak:0.00M | Scene, ViewLayer | Synchronizing object | Whisker pore.003
Fra:1 Mem:37.15M (Peak 37.15M) | Time:00:00.01 | Mem:0.00M, Peak:0.00M | Scene, ViewLayer | Synchronizing object | Matched softbox.002
Fra:1 Mem:37.15M (Peak 37.15M) | Time:00:00.01 | Mem:0.00M, Peak:0.00M | Scene, ViewLayer | Synchronizing object | Whisker pore.004
Fra:1 Mem:37.15M (Peak 37.15M) | Time:00:00.01 | Mem:0.00M, Peak:0.00M | Scene, ViewLayer | Synchronizing object | Matched softbox.001
Fra:1 Mem:37.15M (Peak 37.15M) | Time:00:00.01 | Mem:0.00M, Peak:0.00M | Scene, ViewLayer | Synchronizing object | Matched softbox
Fra:1 Mem:37.15M (Peak 37.15M) | Time:00:00.01 | Mem:0.00M, Peak:0.00M | Scene, ViewLayer | Synchronizing object | Upright body • connected joint topology
Fra:1 Mem:37.26M (Peak 37.26M) | Time:00:00.01 | Mem:0.00M, Peak:0.00M | Scene, ViewLayer | Synchronizing object | Lower jaw
Fra:1 Mem:37.64M (Peak 37.64M) | Time:00:00.01 | Mem:0.00M, Peak:0.00M | Scene, ViewLayer | Synchronizing object | Mouth cavity
Fra:1 Mem:37.75M (Peak 37.75M) | Time:00:00.01 | Mem:0.00M, Peak:0.00M | Scene, ViewLayer | Synchronizing object | Lower canine
Fra:1 Mem:37.75M (Peak 37.75M) | Time:00:00.01 | Mem:0.00M, Peak:0.00M | Scene, ViewLayer | Synchronizing object | Lower canine.001
Fra:1 Mem:37.75M (Peak 37.75M) | Time:00:00.01 | Mem:0.00M, Peak:0.00M | Scene, ViewLayer | Synchronizing object | Rounded lion ear
Fra:1 Mem:37.83M (Peak 37.83M) | Time:00:00.01 | Mem:0.00M, Peak:0.00M | Scene, ViewLayer | Synchronizing object | Inner lion ear
Fra:1 Mem:37.86M (Peak 37.86M) | Time:00:00.01 | Mem:0.00M, Peak:0.00M | Scene, ViewLayer | Synchronizing object | Rounded lion ear.001
Fra:1 Mem:37.91M (Peak 37.91M) | Time:00:00.01 | Mem:0.00M, Peak:0.00M | Scene, ViewLayer | Synchronizing object | Inner lion ear.001
Fra:1 Mem:37.94M (Peak 37.94M) | Time:00:00.01 | Mem:0.00M, Peak:0.00M | Scene, ViewLayer | Synchronizing object | Closed sculpted rear mane cap
Fra:1 Mem:37.97M (Peak 37.97M) | Time:00:00.01 | Mem:0.00M, Peak:0.00M | Scene, ViewLayer | Synchronizing object | Layered rear mane lock
Fra:1 Mem:37.98M (Peak 37.98M) | Time:00:00.01 | Mem:0.00M, Peak:0.00M | Scene, ViewLayer | Synchronizing object | Layered rear mane lock.001
Fra:1 Mem:37.98M (Peak 37.98M) | Time:00:00.01 | Mem:0.00M, Peak:0.00M | Scene, ViewLayer | Synchronizing object | Layered rear mane lock.002
Fra:1 Mem:37.99M (Peak 37.99M) | Time:00:00.01 | Mem:0.00M, Peak:0.00M | Scene, ViewLayer | Synchronizing object | Layered rear mane lock.003
Fra:1 Mem:37.99M (Peak 37.99M) | Time:00:00.01 | Mem:0.00M, Peak:0.00M | Scene, ViewLayer | Synchronizing object | Layered rear mane lock.004
Fra:1 Mem:38.00M (Peak 38.00M) | Time:00:00.01 | Mem:0.00M, Peak:0.00M | Scene, ViewLayer | Synchronizing object | Layered rear mane lock.005
Fra:1 Mem:38.07M (Peak 38.07M) | Time:00:00.01 | Mem:0.00M, Peak:0.00M | Scene, ViewLayer | Synchronizing object | Layered rear mane lock.006
Fra:1 Mem:38.11M (Peak 38.11M) | Time:00:00.01 | Mem:0.00M, Peak:0.00M | Scene, ViewLayer | Synchronizing object | Layered rear mane lock.007
Fra:1 Mem:38.12M (Peak 38.12M) | Time:00:00.01 | Mem:0.00M, Peak:0.00M | Scene, ViewLayer | Synchronizing object | Layered rear mane lock.008
Fra:1 Mem:38.12M (Peak 38.12M) | Time:00:00.01 | Mem:0.00M, Peak:0.00M | Scene, ViewLayer | Synchronizing object | Layered rear mane lock.009
Fra:1 Mem:38.13M (Peak 38.13M) | Time:00:00.01 | Mem:0.00M, Peak:0.00M | Scene, ViewLayer | Synchronizing object | Layered rear mane lock.010
Fra:1 Mem:38.20M (Peak 38.20M) | Time:00:00.01 | Mem:0.00M, Peak:0.00M | Scene, ViewLayer | Synchronizing object | Layered rear mane lock.011
Fra:1 Mem:38.21M (Peak 38.21M) | Time:00:00.01 | Mem:0.00M, Peak:0.00M | Scene, ViewLayer | Synchronizing object | Layered rear mane lock.012
Fra:1 Mem:38.21M (Peak 38.21M) | Time:00:00.01 | Mem:0.00M, Peak:0.00M | Scene, ViewLayer | Synchronizing object | Layered rear mane lock.013
Fra:1 Mem:38.22M (Peak 38.22M) | Time:00:00.01 | Mem:0.00M, Peak:0.00M | Scene, ViewLayer | Synchronizing object | Layered rear mane lock.014
Fra:1 Mem:38.23M (Peak 38.23M) | Time:00:00.01 | Mem:0.00M, Peak:0.00M | Scene, ViewLayer | Synchronizing object | Layered rear mane lock.015
Fra:1 Mem:38.23M (Peak 38.23M) | Time:00:00.01 | Mem:0.00M, Peak:0.00M | Scene, ViewLayer | Synchronizing object | Layered rear mane lock.016
Fra:1 Mem:38.24M (Peak 38.24M) | Time:00:00.01 | Mem:0.00M, Peak:0.00M | Scene, ViewLayer | Synchronizing object | Layered rear mane lock.017
Fra:1 Mem:38.24M (Peak 38.24M) | Time:00:00.01 | Mem:0.00M, Peak:0.00M | Scene, ViewLayer | Synchronizing object | Layered rear mane lock.018
Fra:1 Mem:38.25M (Peak 38.25M) | Time:00:00.01 | Mem:0.00M, Peak:0.00M | Scene, ViewLayer | Synchronizing object | Layered rear mane lock.019
Fra:1 Mem:38.26M (Peak 38.26M) | Time:00:00.01 | Mem:0.00M, Peak:0.00M | Scene, ViewLayer | Synchronizing object | Layered rear mane lock.020
Fra:1 Mem:38.26M (Peak 38.26M) | Time:00:00.01 | Mem:0.00M, Peak:0.00M | Scene, ViewLayer | Synchronizing object | Layered rear mane lock.021
Fra:1 Mem:38.27M (Peak 38.27M) | Time:00:00.01 | Mem:0.00M, Peak:0.00M | Scene, ViewLayer | Synchronizing object | Layered rear mane lock.022
Fra:1 Mem:38.27M (Peak 38.27M) | Time:00:00.01 | Mem:0.00M, Peak:0.00M | Scene, ViewLayer | Synchronizing object | Sculpted mane lock
Fra:1 Mem:38.28M (Peak 38.28M) | Time:00:00.01 | Mem:0.00M, Peak:0.00M | Scene, ViewLayer | Synchronizing object | Sculpted mane lock.001
Fra:1 Mem:38.29M (Peak 38.29M) | Time:00:00.01 | Mem:0.00M, Peak:0.00M | Scene, ViewLayer | Synchronizing object | Sculpted mane lock.002
Fra:1 Mem:38.49M (Peak 38.49M) | Time:00:00.01 | Mem:0.00M, Peak:0.00M | Scene, ViewLayer | Synchronizing object | Sculpted mane lock.003
Fra:1 Mem:38.49M (Peak 38.49M) | Time:00:00.01 | Mem:0.00M, Peak:0.00M | Scene, ViewLayer | Synchronizing object | Raised elemental crest
Fra:1 Mem:38.49M (Peak 38.49M) | Time:00:00.01 | Mem:0.00M, Peak:0.00M | Scene, ViewLayer | Synchronizing object | Brass crest clasp
Fra:1 Mem:38.52M (Peak 38.52M) | Time:00:00.01 | Mem:0.00M, Peak:0.00M | Scene, ViewLayer | Synchronizing object | Neckerchief folded point
Fra:1 Mem:38.52M (Peak 38.52M) | Time:00:00.01 | Mem:0.00M, Peak:0.00M | Scene, ViewLayer | Synchronizing object | Leather neckerchief roll
Fra:1 Mem:38.52M (Peak 38.52M) | Time:00:00.01 | Mem:0.00M, Peak:0.00M | Scene, ViewLayer | Synchronizing object | Flame tail tuft.006
Fra:1 Mem:38.52M (Peak 38.52M) | Time:00:00.01 | Mem:0.00M, Peak:0.00M | Scene, ViewLayer | Synchronizing object | Flame tail tuft.005
Fra:1 Mem:38.53M (Peak 38.53M) | Time:00:00.01 | Mem:0.00M, Peak:0.00M | Scene, ViewLayer | Synchronizing object | Flame tail tuft.004
Fra:1 Mem:38.53M (Peak 38.53M) | Time:00:00.01 | Mem:0.00M, Peak:0.00M | Scene, ViewLayer | Synchronizing object | Flame tail tuft.003
Fra:1 Mem:38.54M (Peak 38.54M) | Time:00:00.01 | Mem:0.00M, Peak:0.00M | Scene, ViewLayer | Synchronizing object | Flame tail tuft.002
Fra:1 Mem:38.54M (Peak 38.54M) | Time:00:00.01 | Mem:0.00M, Peak:0.00M | Scene, ViewLayer | Synchronizing object | Flame tail tuft.001
Fra:1 Mem:38.55M (Peak 38.55M) | Time:00:00.01 | Mem:0.00M, Peak:0.00M | Scene, ViewLayer | Synchronizing object | Flame tail tuft
Fra:1 Mem:38.55M (Peak 38.55M) | Time:00:00.01 | Mem:0.00M, Peak:0.00M | Scene, ViewLayer | Synchronizing object | Articulated tail
Fra:1 Mem:38.58M (Peak 38.58M) | Time:00:00.01 | Mem:0.00M, Peak:0.00M | Scene, ViewLayer | Synchronizing object | Wrist fur.011
Fra:1 Mem:38.58M (Peak 38.58M) | Time:00:00.01 | Mem:0.00M, Peak:0.00M | Scene, ViewLayer | Synchronizing object | Sculpted mane lock.004
Fra:1 Mem:38.59M (Peak 38.59M) | Time:00:00.01 | Mem:0.00M, Peak:0.00M | Scene, ViewLayer | Synchronizing object | Wrist fur.010
Fra:1 Mem:38.59M (Peak 38.59M) | Time:00:00.01 | Mem:0.00M, Peak:0.00M | Scene, ViewLayer | Synchronizing object | Sculpted mane lock.005
Fra:1 Mem:38.60M (Peak 38.60M) | Time:00:00.01 | Mem:0.00M, Peak:0.00M | Scene, ViewLayer | Synchronizing object | Wrist fur.009
Fra:1 Mem:38.60M (Peak 38.60M) | Time:00:00.01 | Mem:0.00M, Peak:0.00M | Scene, ViewLayer | Synchronizing object | Layered shoulder fur.011
Fra:1 Mem:38.61M (Peak 38.61M) | Time:00:00.01 | Mem:0.00M, Peak:0.00M | Scene, ViewLayer | Synchronizing object | Layered shoulder fur.010
Fra:1 Mem:38.61M (Peak 38.61M) | Time:00:00.01 | Mem:0.00M, Peak:0.00M | Scene, ViewLayer | Synchronizing object | Layered shoulder fur.009
Fra:1 Mem:38.62M (Peak 38.62M) | Time:00:00.01 | Mem:0.00M, Peak:0.00M | Scene, ViewLayer | Synchronizing object | Wrist fur.008
Fra:1 Mem:38.62M (Peak 38.62M) | Time:00:00.01 | Mem:0.00M, Peak:0.00M | Scene, ViewLayer | Synchronizing object | Wrist fur.007
Fra:1 Mem:38.63M (Peak 38.63M) | Time:00:00.01 | Mem:0.00M, Peak:0.00M | Scene, ViewLayer | Synchronizing object | Wrist fur.006
Fra:1 Mem:38.63M (Peak 38.63M) | Time:00:00.01 | Mem:0.00M, Peak:0.00M | Scene, ViewLayer | Synchronizing object | Layered shoulder fur.008
Fra:1 Mem:38.63M (Peak 38.63M) | Time:00:00.01 | Mem:0.00M, Peak:0.00M | Scene, ViewLayer | Synchronizing object | Layered shoulder fur.007
Fra:1 Mem:38.64M (Peak 38.64M) | Time:00:00.01 | Mem:0.00M, Peak:0.00M | Scene, ViewLayer | Synchronizing object | Layered shoulder fur.006
Fra:1 Mem:38.64M (Peak 38.64M) | Time:00:00.01 | Mem:0.00M, Peak:0.00M | Scene, ViewLayer | Synchronizing object | Sculpted mane lock.006
Fra:1 Mem:38.65M (Peak 38.65M) | Time:00:00.01 | Mem:0.00M, Peak:0.00M | Scene, ViewLayer | Synchronizing object | Wrist fur.005
Fra:1 Mem:38.65M (Peak 38.65M) | Time:00:00.01 | Mem:0.00M, Peak:0.00M | Scene, ViewLayer | Synchronizing object | Sculpted mane lock.007
Fra:1 Mem:38.66M (Peak 38.66M) | Time:00:00.01 | Mem:0.00M, Peak:0.00M | Scene, ViewLayer | Synchronizing object | Wrist fur.004
Fra:1 Mem:38.66M (Peak 38.66M) | Time:00:00.01 | Mem:0.00M, Peak:0.00M | Scene, ViewLayer | Synchronizing object | Wrist fur.003
Fra:1 Mem:38.67M (Peak 38.67M) | Time:00:00.01 | Mem:0.00M, Peak:0.00M | Scene, ViewLayer | Synchronizing object | Sculpted mane lock.008
Fra:1 Mem:38.67M (Peak 38.67M) | Time:00:00.01 | Mem:0.00M, Peak:0.00M | Scene, ViewLayer | Synchronizing object | Layered shoulder fur.005
Fra:1 Mem:38.68M (Peak 38.68M) | Time:00:00.01 | Mem:0.00M, Peak:0.00M | Scene, ViewLayer | Synchronizing object | Layered shoulder fur.004
Fra:1 Mem:38.68M (Peak 38.68M) | Time:00:00.01 | Mem:0.00M, Peak:0.00M | Scene, ViewLayer | Synchronizing object | Layered shoulder fur.003
Fra:1 Mem:38.69M (Peak 38.69M) | Time:00:00.01 | Mem:0.00M, Peak:0.00M | Scene, ViewLayer | Synchronizing object | Wrist fur.002
Fra:1 Mem:38.69M (Peak 38.69M) | Time:00:00.01 | Mem:0.00M, Peak:0.00M | Scene, ViewLayer | Synchronizing object | Wrist fur.001
Fra:1 Mem:38.70M (Peak 38.70M) | Time:00:00.01 | Mem:0.00M, Peak:0.00M | Scene, ViewLayer | Synchronizing object | Wrist fur
Fra:1 Mem:38.70M (Peak 38.70M) | Time:00:00.01 | Mem:0.00M, Peak:0.00M | Scene, ViewLayer | Synchronizing object | Sculpted mane lock.009
Fra:1 Mem:38.70M (Peak 38.70M) | Time:00:00.01 | Mem:0.00M, Peak:0.00M | Scene, ViewLayer | Synchronizing object | Layered shoulder fur.002
Fra:1 Mem:38.71M (Peak 38.71M) | Time:00:00.01 | Mem:0.00M, Peak:0.00M | Scene, ViewLayer | Synchronizing object | Layered shoulder fur.001
Fra:1 Mem:38.71M (Peak 38.71M) | Time:00:00.01 | Mem:0.00M, Peak:0.00M | Scene, ViewLayer | Synchronizing object | Layered shoulder fur
Fra:1 Mem:38.72M (Peak 38.72M) | Time:00:00.01 | Mem:0.00M, Peak:0.00M | Scene, ViewLayer | Synchronizing object | Sculpted mane lock.050
Fra:1 Mem:38.72M (Peak 38.72M) | Time:00:00.01 | Mem:0.00M, Peak:0.00M | Scene, ViewLayer | Synchronizing object | Sculpted mane lock.049
Fra:1 Mem:38.73M (Peak 38.73M) | Time:00:00.01 | Mem:0.00M, Peak:0.00M | Scene, ViewLayer | Synchronizing object | Sculpted mane lock.048
Fra:1 Mem:38.73M (Peak 38.73M) | Time:00:00.01 | Mem:0.00M, Peak:0.00M | Scene, ViewLayer | Synchronizing object | Sculpted mane lock.047
Fra:1 Mem:38.74M (Peak 38.74M) | Time:00:00.01 | Mem:0.00M, Peak:0.00M | Scene, ViewLayer | Synchronizing object | Sculpted mane lock.046
Fra:1 Mem:38.75M (Peak 38.75M) | Time:00:00.01 | Mem:0.00M, Peak:0.00M | Scene, ViewLayer | Synchronizing object | Sculpted mane lock.045
Fra:1 Mem:38.75M (Peak 38.75M) | Time:00:00.01 | Mem:0.00M, Peak:0.00M | Scene, ViewLayer | Synchronizing object | Sculpted mane lock.044
Fra:1 Mem:38.76M (Peak 38.76M) | Time:00:00.01 | Mem:0.00M, Peak:0.00M | Scene, ViewLayer | Synchronizing object | Sculpted mane lock.043
Fra:1 Mem:38.77M (Peak 38.77M) | Time:00:00.01 | Mem:0.00M, Peak:0.00M | Scene, ViewLayer | Synchronizing object | Sculpted mane lock.010
Fra:1 Mem:38.77M (Peak 38.77M) | Time:00:00.01 | Mem:0.00M, Peak:0.00M | Scene, ViewLayer | Synchronizing object | Sculpted mane lock.042
Fra:1 Mem:38.77M (Peak 38.77M) | Time:00:00.01 | Mem:0.00M, Peak:0.00M | Scene, ViewLayer | Synchronizing object | Sculpted mane lock.041
Fra:1 Mem:38.78M (Peak 38.78M) | Time:00:00.02 | Mem:0.00M, Peak:0.00M | Scene, ViewLayer | Synchronizing object | Sculpted mane lock.040
Fra:1 Mem:38.79M (Peak 38.79M) | Time:00:00.02 | Mem:0.00M, Peak:0.00M | Scene, ViewLayer | Synchronizing object | Sculpted mane lock.011
Fra:1 Mem:38.79M (Peak 38.79M) | Time:00:00.02 | Mem:0.00M, Peak:0.00M | Scene, ViewLayer | Synchronizing object | Sculpted mane lock.039
Fra:1 Mem:38.81M (Peak 38.81M) | Time:00:00.02 | Mem:0.00M, Peak:0.00M | Scene, ViewLayer | Synchronizing object | Sculpted mane lock.038
Fra:1 Mem:38.80M (Peak 38.81M) | Time:00:00.02 | Mem:0.00M, Peak:0.00M | Scene, ViewLayer | Synchronizing object | Sculpted mane lock.037
Fra:1 Mem:38.81M (Peak 38.81M) | Time:00:00.02 | Mem:0.00M, Peak:0.00M | Scene, ViewLayer | Synchronizing object | Sculpted mane lock.012
Fra:1 Mem:38.81M (Peak 38.81M) | Time:00:00.02 | Mem:0.00M, Peak:0.00M | Scene, ViewLayer | Synchronizing object | Sculpted mane lock.036
Fra:1 Mem:38.82M (Peak 38.82M) | Time:00:00.02 | Mem:0.00M, Peak:0.00M | Scene, ViewLayer | Synchronizing object | Sculpted mane lock.035
Fra:1 Mem:38.83M (Peak 38.83M) | Time:00:00.02 | Mem:0.00M, Peak:0.00M | Scene, ViewLayer | Synchronizing object | Sculpted mane lock.034
Fra:1 Mem:38.83M (Peak 38.83M) | Time:00:00.02 | Mem:0.00M, Peak:0.00M | Scene, ViewLayer | Synchronizing object | Sculpted mane lock.013
Fra:1 Mem:38.83M (Peak 38.83M) | Time:00:00.02 | Mem:0.00M, Peak:0.00M | Scene, ViewLayer | Synchronizing object | Sculpted mane lock.033
Fra:1 Mem:38.84M (Peak 38.84M) | Time:00:00.02 | Mem:0.00M, Peak:0.00M | Scene, ViewLayer | Synchronizing object | Sculpted mane lock.014
Fra:1 Mem:38.86M (Peak 38.86M) | Time:00:00.02 | Mem:0.00M, Peak:0.00M | Scene, ViewLayer | Synchronizing object | Sculpted mane lock.032
Fra:1 Mem:38.85M (Peak 38.86M) | Time:00:00.02 | Mem:0.00M, Peak:0.00M | Scene, ViewLayer | Synchronizing object | Sculpted mane lock.015
Fra:1 Mem:38.86M (Peak 38.86M) | Time:00:00.02 | Mem:0.00M, Peak:0.00M | Scene, ViewLayer | Synchronizing object | Sculpted mane lock.031
Fra:1 Mem:38.86M (Peak 38.86M) | Time:00:00.02 | Mem:0.00M, Peak:0.00M | Scene, ViewLayer | Synchronizing object | Sculpted mane lock.016
Fra:1 Mem:38.87M (Peak 38.87M) | Time:00:00.02 | Mem:0.00M, Peak:0.00M | Scene, ViewLayer | Synchronizing object | Sculpted mane lock.030
Fra:1 Mem:38.88M (Peak 38.88M) | Time:00:00.02 | Mem:0.00M, Peak:0.00M | Scene, ViewLayer | Synchronizing object | Sculpted mane lock.017
Fra:1 Mem:38.88M (Peak 38.88M) | Time:00:00.02 | Mem:0.00M, Peak:0.00M | Scene, ViewLayer | Synchronizing object | Sculpted mane lock.029
Fra:1 Mem:38.89M (Peak 38.89M) | Time:00:00.02 | Mem:0.00M, Peak:0.00M | Scene, ViewLayer | Synchronizing object | Sculpted mane lock.028
Fra:1 Mem:38.90M (Peak 38.90M) | Time:00:00.02 | Mem:0.00M, Peak:0.00M | Scene, ViewLayer | Synchronizing object | Sculpted mane lock.027
Fra:1 Mem:38.91M (Peak 38.91M) | Time:00:00.02 | Mem:0.00M, Peak:0.00M | Scene, ViewLayer | Synchronizing object | Sculpted mane lock.026
Fra:1 Mem:38.91M (Peak 38.91M) | Time:00:00.02 | Mem:0.00M, Peak:0.00M | Scene, ViewLayer | Synchronizing object | Sculpted mane lock.018
Fra:1 Mem:38.91M (Peak 38.91M) | Time:00:00.02 | Mem:0.00M, Peak:0.00M | Scene, ViewLayer | Synchronizing object | Sculpted mane lock.025
Fra:1 Mem:38.92M (Peak 38.92M) | Time:00:00.02 | Mem:0.00M, Peak:0.00M | Scene, ViewLayer | Synchronizing object | Sculpted mane lock.024
Fra:1 Mem:38.93M (Peak 38.93M) | Time:00:00.02 | Mem:0.00M, Peak:0.00M | Scene, ViewLayer | Synchronizing object | Sculpted mane lock.023
Fra:1 Mem:38.93M (Peak 38.93M) | Time:00:00.02 | Mem:0.00M, Peak:0.00M | Scene, ViewLayer | Synchronizing object | Sculpted mane lock.019
Fra:1 Mem:38.93M (Peak 38.93M) | Time:00:00.02 | Mem:0.00M, Peak:0.00M | Scene, ViewLayer | Synchronizing object | Sculpted mane lock.022
Fra:1 Mem:38.94M (Peak 38.94M) | Time:00:00.02 | Mem:0.00M, Peak:0.00M | Scene, ViewLayer | Synchronizing object | Sculpted mane lock.021
Fra:1 Mem:38.95M (Peak 38.95M) | Time:00:00.02 | Mem:0.00M, Peak:0.00M | Scene, ViewLayer | Synchronizing object | Sculpted mane lock.020
Fra:1 Mem:38.96M (Peak 38.96M) | Time:00:00.02 | Mem:0.00M, Peak:0.00M | Scene, ViewLayer | Initializing
Fra:1 Mem:36.32M (Peak 38.96M) | Time:00:00.02 | Mem:0.00M, Peak:0.00M | Scene, ViewLayer | Updating Images | Loading Authored short-fur normal
Fra:1 Mem:30.59M (Peak 38.96M) | Time:00:00.02 | Mem:0.25M, Peak:0.25M | Scene, ViewLayer | Waiting for render to start
Fra:1 Mem:30.59M (Peak 38.96M) | Time:00:00.02 | Mem:0.25M, Peak:0.25M | Scene, ViewLayer | Updating Scene
Fra:1 Mem:30.59M (Peak 38.96M) | Time:00:00.02 | Mem:0.25M, Peak:0.25M | Scene, ViewLayer | Updating Shaders
Fra:1 Mem:30.59M (Peak 38.96M) | Time:00:00.02 | Mem:0.25M, Peak:0.25M | Scene, ViewLayer | Loading render kernels (may take a few minutes the first time)
Fra:1 Mem:30.68M (Peak 38.96M) | Time:00:00.02 | Mem:0.26M, Peak:0.26M | Scene, ViewLayer | Updating Procedurals
Fra:1 Mem:30.68M (Peak 38.96M) | Time:00:00.02 | Mem:0.26M, Peak:0.26M | Scene, ViewLayer | Updating Background
Fra:1 Mem:30.68M (Peak 38.96M) | Time:00:00.02 | Mem:0.26M, Peak:0.26M | Scene, ViewLayer | Updating Camera
Fra:1 Mem:30.68M (Peak 38.96M) | Time:00:00.02 | Mem:0.26M, Peak:0.26M | Scene, ViewLayer | Updating Meshes Flags
Fra:1 Mem:30.68M (Peak 38.96M) | Time:00:00.02 | Mem:0.26M, Peak:0.26M | Scene, ViewLayer | Updating Objects
Fra:1 Mem:30.68M (Peak 38.96M) | Time:00:00.02 | Mem:0.26M, Peak:0.26M | Scene, ViewLayer | Updating Objects | Copying Transformations to device
Fra:1 Mem:30.72M (Peak 38.96M) | Time:00:00.02 | Mem:0.30M, Peak:0.30M | Scene, ViewLayer | Updating Particle Systems
Fra:1 Mem:30.72M (Peak 38.96M) | Time:00:00.02 | Mem:0.30M, Peak:0.30M | Scene, ViewLayer | Updating Particle Systems | Copying Particles to device
Fra:1 Mem:30.73M (Peak 38.96M) | Time:00:00.02 | Mem:0.30M, Peak:0.30M | Scene, ViewLayer | Updating Meshes
Fra:1 Mem:32.10M (Peak 38.96M) | Time:00:00.03 | Mem:0.30M, Peak:0.30M | Scene, ViewLayer | Updating Objects | Applying Static Transformations
Fra:1 Mem:32.10M (Peak 38.96M) | Time:00:00.03 | Mem:0.30M, Peak:0.30M | Scene, ViewLayer | Updating Mesh | Computing attributes
Fra:1 Mem:34.05M (Peak 38.96M) | Time:00:00.03 | Mem:0.32M, Peak:0.32M | Scene, ViewLayer | Updating Mesh | Copying Attributes to device
Fra:1 Mem:34.01M (Peak 38.96M) | Time:00:00.03 | Mem:2.21M, Peak:2.21M | Scene, ViewLayer | Updating Scene BVH | Building
Fra:1 Mem:34.02M (Peak 38.96M) | Time:00:00.03 | Mem:2.21M, Peak:2.21M | Scene, ViewLayer | Updating Scene BVH | Building BVH
Fra:1 Mem:34.02M (Peak 38.96M) | Time:00:00.03 | Mem:3.09M, Peak:3.09M | Scene, ViewLayer | Updating Scene BVH | Building BVH 0%
Fra:1 Mem:34.02M (Peak 38.96M) | Time:00:00.04 | Mem:4.04M, Peak:4.92M | Scene, ViewLayer | Updating Scene BVH | Copying BVH to device
Fra:1 Mem:34.02M (Peak 38.96M) | Time:00:00.04 | Mem:4.04M, Peak:4.92M | Scene, ViewLayer | Updating Mesh | Computing normals
Fra:1 Mem:34.80M (Peak 38.96M) | Time:00:00.04 | Mem:4.04M, Peak:4.92M | Scene, ViewLayer | Updating Mesh | Copying Mesh to device
Fra:1 Mem:34.80M (Peak 38.96M) | Time:00:00.04 | Mem:4.83M, Peak:4.92M | Scene, ViewLayer | Updating Objects Flags
Fra:1 Mem:34.80M (Peak 38.96M) | Time:00:00.04 | Mem:4.83M, Peak:4.92M | Scene, ViewLayer | Updating Primitive Offsets
Fra:1 Mem:34.80M (Peak 38.96M) | Time:00:00.04 | Mem:4.83M, Peak:4.92M | Scene, ViewLayer | Updating Images
Fra:1 Mem:34.80M (Peak 38.96M) | Time:00:00.04 | Mem:4.83M, Peak:4.92M | Scene, ViewLayer | Updating Camera Volume
Fra:1 Mem:34.80M (Peak 38.96M) | Time:00:00.04 | Mem:4.83M, Peak:4.92M | Scene, ViewLayer | Updating Lookup Tables
Fra:1 Mem:34.80M (Peak 38.96M) | Time:00:00.04 | Mem:4.91M, Peak:4.92M | Scene, ViewLayer | Updating Lights
Fra:1 Mem:34.80M (Peak 38.96M) | Time:00:00.04 | Mem:4.91M, Peak:4.92M | Scene, ViewLayer | Updating Lights | Computing tree
Fra:1 Mem:34.80M (Peak 38.96M) | Time:00:00.04 | Mem:4.92M, Peak:4.92M | Scene, ViewLayer | Updating Integrator
Fra:1 Mem:34.80M (Peak 38.96M) | Time:00:00.04 | Mem:4.92M, Peak:4.92M | Scene, ViewLayer | Updating Film
Fra:1 Mem:34.81M (Peak 38.96M) | Time:00:00.04 | Mem:4.83M, Peak:4.92M | Scene, ViewLayer | Updating Lookup Tables
Fra:1 Mem:34.81M (Peak 38.96M) | Time:00:00.04 | Mem:4.92M, Peak:4.92M | Scene, ViewLayer | Updating Baking
Fra:1 Mem:34.81M (Peak 38.96M) | Time:00:00.04 | Mem:4.92M, Peak:4.92M | Scene, ViewLayer | Updating Device | Writing constant memory
Fra:1 Mem:34.81M (Peak 38.96M) | Time:00:00.04 | Mem:4.92M, Peak:4.92M | Scene, ViewLayer | Loading denoising kernels (may take a few minutes the first time)
Fra:1 Mem:34.81M (Peak 38.96M) | Time:00:00.04 | Mem:4.92M, Peak:4.92M | Scene, ViewLayer | Sample 0/20
Fra:1 Mem:53.84M (Peak 53.84M) | Time:00:00.11 | Remaining:00:01.42 | Mem:23.93M, Peak:23.93M | Scene, ViewLayer | Sample 1/20
Fra:1 Mem:61.84M (Peak 73.84M) | Time:00:02.27 | Mem:23.93M, Peak:23.93M | Scene, ViewLayer | Sample 20/20
Fra:1 Mem:61.84M (Peak 73.84M) | Time:00:02.28 | Mem:23.93M, Peak:23.93M | Scene, ViewLayer | Finished
Saved: '/Users/chikumatsuboi/Code/animal-racers-western/assets/source/western/revision2/qa/lion/upright/control-material.png'
Time: 00:02.34 (Saving: 00:00.06)

REVISION2_MATERIAL_PROOF lion upright control
Read blend: "/Users/chikumatsuboi/Code/animal-racers-western/assets/source/western/revision2/candidate/lion-upright.blend"
Fra:1 Mem:32.53M (Peak 32.53M) | Time:00:00.00 | Mem:0.00M, Peak:0.00M | Scene, ViewLayer | Synchronizing object | Paw toe
Fra:1 Mem:32.55M (Peak 32.55M) | Time:00:00.00 | Mem:0.00M, Peak:0.00M | Scene, ViewLayer | Synchronizing object | Ivory claw
Fra:1 Mem:32.56M (Peak 32.56M) | Time:00:00.00 | Mem:0.00M, Peak:0.00M | Scene, ViewLayer | Synchronizing object | Paw toe.001
Fra:1 Mem:32.58M (Peak 32.58M) | Time:00:00.00 | Mem:0.00M, Peak:0.00M | Scene, ViewLayer | Synchronizing object | Ivory claw.001
Fra:1 Mem:32.58M (Peak 32.58M) | Time:00:00.00 | Mem:0.00M, Peak:0.00M | Scene, ViewLayer | Synchronizing object | Paw toe.002
Fra:1 Mem:32.60M (Peak 32.60M) | Time:00:00.00 | Mem:0.00M, Peak:0.00M | Scene, ViewLayer | Synchronizing object | Ivory claw.002
Fra:1 Mem:32.61M (Peak 32.61M) | Time:00:00.00 | Mem:0.00M, Peak:0.00M | Scene, ViewLayer | Synchronizing object | Paw toe.003
Fra:1 Mem:32.63M (Peak 32.63M) | Time:00:00.00 | Mem:0.00M, Peak:0.00M | Scene, ViewLayer | Synchronizing object | Ivory claw.003
Fra:1 Mem:32.63M (Peak 32.63M) | Time:00:00.00 | Mem:0.00M, Peak:0.00M | Scene, ViewLayer | Synchronizing object | Paw toe.004
Fra:1 Mem:32.65M (Peak 32.65M) | Time:00:00.00 | Mem:0.00M, Peak:0.00M | Scene, ViewLayer | Synchronizing object | Ivory claw.004
Fra:1 Mem:32.65M (Peak 32.65M) | Time:00:00.00 | Mem:0.00M, Peak:0.00M | Scene, ViewLayer | Synchronizing object | Paw toe.005
Fra:1 Mem:32.68M (Peak 32.68M) | Time:00:00.00 | Mem:0.00M, Peak:0.00M | Scene, ViewLayer | Synchronizing object | Ivory claw.005
Fra:1 Mem:32.68M (Peak 32.68M) | Time:00:00.00 | Mem:0.00M, Peak:0.00M | Scene, ViewLayer | Synchronizing object | Paw toe.006
Fra:1 Mem:32.70M (Peak 32.70M) | Time:00:00.00 | Mem:0.00M, Peak:0.00M | Scene, ViewLayer | Synchronizing object | Ivory claw.006
Fra:1 Mem:32.70M (Peak 32.70M) | Time:00:00.00 | Mem:0.00M, Peak:0.00M | Scene, ViewLayer | Synchronizing object | Paw toe.007
Fra:1 Mem:32.73M (Peak 32.73M) | Time:00:00.00 | Mem:0.00M, Peak:0.00M | Scene, ViewLayer | Synchronizing object | Ivory claw.007
Fra:1 Mem:32.73M (Peak 32.73M) | Time:00:00.00 | Mem:0.00M, Peak:0.00M | Scene, ViewLayer | Synchronizing object | Paw toe.008
Fra:1 Mem:32.75M (Peak 32.75M) | Time:00:00.00 | Mem:0.00M, Peak:0.00M | Scene, ViewLayer | Synchronizing object | Ivory claw.008
Fra:1 Mem:32.75M (Peak 32.75M) | Time:00:00.00 | Mem:0.00M, Peak:0.00M | Scene, ViewLayer | Synchronizing object | Paw toe.009
Fra:1 Mem:32.77M (Peak 32.77M) | Time:00:00.00 | Mem:0.00M, Peak:0.00M | Scene, ViewLayer | Synchronizing object | Ivory claw.009
Fra:1 Mem:32.78M (Peak 32.78M) | Time:00:00.00 | Mem:0.00M, Peak:0.00M | Scene, ViewLayer | Synchronizing object | Paw toe.010
Fra:1 Mem:32.80M (Peak 32.80M) | Time:00:00.00 | Mem:0.00M, Peak:0.00M | Scene, ViewLayer | Synchronizing object | Ivory claw.010
Fra:1 Mem:32.80M (Peak 32.80M) | Time:00:00.00 | Mem:0.00M, Peak:0.00M | Scene, ViewLayer | Synchronizing object | Paw toe.011
Fra:1 Mem:32.82M (Peak 32.82M) | Time:00:00.00 | Mem:0.00M, Peak:0.00M | Scene, ViewLayer | Synchronizing object | Ivory claw.011
Fra:1 Mem:32.83M (Peak 32.83M) | Time:00:00.00 | Mem:0.00M, Peak:0.00M | Scene, ViewLayer | Synchronizing object | Articulated tail
Fra:1 Mem:32.85M (Peak 32.85M) | Time:00:00.00 | Mem:0.00M, Peak:0.00M | Scene, ViewLayer | Synchronizing object | Matched softbox.002
Fra:1 Mem:32.85M (Peak 32.85M) | Time:00:00.00 | Mem:0.00M, Peak:0.00M | Scene, ViewLayer | Synchronizing object | Matched softbox.001
Fra:1 Mem:32.85M (Peak 32.85M) | Time:00:00.00 | Mem:0.00M, Peak:0.00M | Scene, ViewLayer | Synchronizing object | Matched softbox
Fra:1 Mem:32.85M (Peak 32.85M) | Time:00:00.00 | Mem:0.00M, Peak:0.00M | Scene, ViewLayer | Synchronizing object | R2 tapered flame tail fur.006
Fra:1 Mem:32.90M (Peak 32.90M) | Time:00:00.00 | Mem:0.00M, Peak:0.00M | Scene, ViewLayer | Synchronizing object | R2 tapered flame tail fur.005
Fra:1 Mem:32.90M (Peak 32.90M) | Time:00:00.00 | Mem:0.00M, Peak:0.00M | Scene, ViewLayer | Synchronizing object | Neckerchief folded point
Fra:1 Mem:32.92M (Peak 32.92M) | Time:00:00.00 | Mem:0.00M, Peak:0.00M | Scene, ViewLayer | Synchronizing object | Brass crest clasp
Fra:1 Mem:32.93M (Peak 32.93M) | Time:00:00.00 | Mem:0.00M, Peak:0.00M | Scene, ViewLayer | Synchronizing object | R2 tapered flame tail fur.004
Fra:1 Mem:32.96M (Peak 32.96M) | Time:00:00.00 | Mem:0.00M, Peak:0.00M | Scene, ViewLayer | Synchronizing object | Raised elemental crest
Fra:1 Mem:32.96M (Peak 32.96M) | Time:00:00.00 | Mem:0.00M, Peak:0.00M | Scene, ViewLayer | Synchronizing object | R2 tapered flame tail fur.003
Fra:1 Mem:32.97M (Peak 32.97M) | Time:00:00.00 | Mem:0.00M, Peak:0.00M | Scene, ViewLayer | Synchronizing object | Upright body • connected joint topology
Fra:1 Mem:32.98M (Peak 32.98M) | Time:00:00.00 | Mem:0.00M, Peak:0.00M | Scene, ViewLayer | Synchronizing object | R2 tapered flame tail fur.002
Fra:1 Mem:33.10M (Peak 33.10M) | Time:00:00.00 | Mem:0.00M, Peak:0.00M | Scene, ViewLayer | Synchronizing object | R2 tapered flame tail fur.001
Fra:1 Mem:33.46M (Peak 33.46M) | Time:00:00.00 | Mem:0.00M, Peak:0.00M | Scene, ViewLayer | Synchronizing object | R2 tapered flame tail fur
Fra:1 Mem:33.56M (Peak 33.56M) | Time:00:00.00 | Mem:0.00M, Peak:0.00M | Scene, ViewLayer | Synchronizing object | R2 connected breast ruff
Fra:1 Mem:33.68M (Peak 33.68M) | Time:00:00.00 | Mem:0.00M, Peak:0.00M | Scene, ViewLayer | Synchronizing object | R2 continuous chest ruff flow.003
Fra:1 Mem:33.70M (Peak 33.70M) | Time:00:00.00 | Mem:0.00M, Peak:0.00M | Scene, ViewLayer | Synchronizing object | R2 continuous chest ruff flow.002
Fra:1 Mem:33.72M (Peak 33.72M) | Time:00:00.00 | Mem:0.00M, Peak:0.00M | Scene, ViewLayer | Synchronizing object | R2 dorsal swept layer.009
Fra:1 Mem:33.74M (Peak 33.74M) | Time:00:00.00 | Mem:0.00M, Peak:0.00M | Scene, ViewLayer | Synchronizing object | R2 dorsal swept layer.008
Fra:1 Mem:33.77M (Peak 33.77M) | Time:00:00.00 | Mem:0.00M, Peak:0.00M | Scene, ViewLayer | Synchronizing object | R2 dorsal swept layer.007
Fra:1 Mem:33.79M (Peak 33.79M) | Time:00:00.00 | Mem:0.00M, Peak:0.00M | Scene, ViewLayer | Synchronizing object | R2 dorsal swept layer.006
Fra:1 Mem:33.81M (Peak 33.81M) | Time:00:00.00 | Mem:0.00M, Peak:0.00M | Scene, ViewLayer | Synchronizing object | R2 dorsal swept layer.005
Fra:1 Mem:33.83M (Peak 33.83M) | Time:00:00.00 | Mem:0.00M, Peak:0.00M | Scene, ViewLayer | Synchronizing object | R2 flowing cheek and nape primary.015
Fra:1 Mem:33.85M (Peak 33.85M) | Time:00:00.00 | Mem:0.00M, Peak:0.00M | Scene, ViewLayer | Synchronizing object | R2 flowing cheek and nape primary.014
Fra:1 Mem:33.94M (Peak 33.94M) | Time:00:00.00 | Mem:0.00M, Peak:0.00M | Scene, ViewLayer | Synchronizing object | R2 secondary fur blade.005
Fra:1 Mem:33.99M (Peak 33.99M) | Time:00:00.00 | Mem:0.00M, Peak:0.00M | Scene, ViewLayer | Synchronizing object | R2 flowing cheek and nape primary.013
Fra:1 Mem:34.28M (Peak 34.28M) | Time:00:00.00 | Mem:0.00M, Peak:0.00M | Scene, ViewLayer | Synchronizing object | R2 flowing cheek and nape primary.012
Fra:1 Mem:34.50M (Peak 34.50M) | Time:00:00.00 | Mem:0.00M, Peak:0.00M | Scene, ViewLayer | Synchronizing object | R2 flowing cheek and nape primary.011
Fra:1 Mem:34.32M (Peak 34.50M) | Time:00:00.00 | Mem:0.00M, Peak:0.00M | Scene, ViewLayer | Synchronizing object | R2 connected orbital skull and species muzzle
Fra:1 Mem:34.37M (Peak 34.50M) | Time:00:00.00 | Mem:0.00M, Peak:0.00M | Scene, ViewLayer | Synchronizing object | R2 secondary fur blade.004
Fra:1 Mem:34.56M (Peak 34.56M) | Time:00:00.00 | Mem:0.00M, Peak:0.00M | Scene, ViewLayer | Synchronizing object | R2 flowing cheek and nape primary.010
Fra:1 Mem:34.58M (Peak 34.58M) | Time:00:00.00 | Mem:0.00M, Peak:0.00M | Scene, ViewLayer | Synchronizing object | R2 flowing cheek and nape primary.009
Fra:1 Mem:34.62M (Peak 34.62M) | Time:00:00.00 | Mem:0.00M, Peak:0.00M | Scene, ViewLayer | Synchronizing object | R2 secondary fur blade.003
Fra:1 Mem:34.64M (Peak 34.64M) | Time:00:00.00 | Mem:0.00M, Peak:0.00M | Scene, ViewLayer | Synchronizing object | R2 flowing cheek and nape primary.008
Fra:1 Mem:34.66M (Peak 34.66M) | Time:00:00.00 | Mem:0.00M, Peak:0.00M | Scene, ViewLayer | Synchronizing object | R2 continuous chest ruff flow.001
Fra:1 Mem:34.69M (Peak 34.69M) | Time:00:00.00 | Mem:0.00M, Peak:0.00M | Scene, ViewLayer | Synchronizing object | R2 continuous chest ruff flow
Fra:1 Mem:34.75M (Peak 34.75M) | Time:00:00.00 | Mem:0.00M, Peak:0.00M | Scene, ViewLayer | Synchronizing object | R2 dorsal swept layer.004
Fra:1 Mem:34.96M (Peak 34.96M) | Time:00:00.00 | Mem:0.00M, Peak:0.00M | Scene, ViewLayer | Synchronizing object | R2 dorsal swept layer.003
Fra:1 Mem:34.89M (Peak 34.96M) | Time:00:00.00 | Mem:0.00M, Peak:0.00M | Scene, ViewLayer | Synchronizing object | R2 inset almond sclera
Fra:1 Mem:34.91M (Peak 34.96M) | Time:00:00.00 | Mem:0.00M, Peak:0.00M | Scene, ViewLayer | Synchronizing object | R2 dorsal swept layer.002
Fra:1 Mem:34.94M (Peak 34.96M) | Time:00:00.00 | Mem:0.00M, Peak:0.00M | Scene, ViewLayer | Synchronizing object | R2 iris
Fra:1 Mem:34.95M (Peak 34.96M) | Time:00:00.00 | Mem:0.00M, Peak:0.00M | Scene, ViewLayer | Synchronizing object | R2 dorsal swept layer.001
Fra:1 Mem:34.96M (Peak 34.96M) | Time:00:00.00 | Mem:0.00M, Peak:0.00M | Scene, ViewLayer | Synchronizing object | R2 pupil
Fra:1 Mem:34.97M (Peak 34.97M) | Time:00:00.00 | Mem:0.00M, Peak:0.00M | Scene, ViewLayer | Synchronizing object | R2 dorsal swept layer
Fra:1 Mem:34.99M (Peak 34.99M) | Time:00:00.00 | Mem:0.00M, Peak:0.00M | Scene, ViewLayer | Synchronizing object | R2 catchlight
Fra:1 Mem:35.00M (Peak 35.00M) | Time:00:00.00 | Mem:0.00M, Peak:0.00M | Scene, ViewLayer | Synchronizing object | R2 flowing cheek and nape primary.007
Fra:1 Mem:35.00M (Peak 35.00M) | Time:00:00.00 | Mem:0.00M, Peak:0.00M | Scene, ViewLayer | Synchronizing object | R2 shaded upper eyelid margin
Fra:1 Mem:35.03M (Peak 35.03M) | Time:00:00.00 | Mem:0.00M, Peak:0.00M | Scene, ViewLayer | Synchronizing object | R2 integrated brow ridge
Fra:1 Mem:35.04M (Peak 35.04M) | Time:00:00.00 | Mem:0.00M, Peak:0.00M | Scene, ViewLayer | Synchronizing object | R2 flowing cheek and nape primary.006
Fra:1 Mem:35.05M (Peak 35.05M) | Time:00:00.00 | Mem:0.00M, Peak:0.00M | Scene, ViewLayer | Synchronizing object | R2 inset almond sclera.001
Fra:1 Mem:35.09M (Peak 35.09M) | Time:00:00.00 | Mem:0.00M, Peak:0.00M | Scene, ViewLayer | Synchronizing object | R2 secondary fur blade.002
Fra:1 Mem:35.10M (Peak 35.10M) | Time:00:00.00 | Mem:0.00M, Peak:0.00M | Scene, ViewLayer | Synchronizing object | R2 iris.001
Fra:1 Mem:35.11M (Peak 35.11M) | Time:00:00.00 | Mem:0.00M, Peak:0.00M | Scene, ViewLayer | Synchronizing object | R2 flowing cheek and nape primary.005
Fra:1 Mem:35.11M (Peak 35.11M) | Time:00:00.00 | Mem:0.00M, Peak:0.00M | Scene, ViewLayer | Synchronizing object | R2 pupil.001
Fra:1 Mem:35.14M (Peak 35.14M) | Time:00:00.00 | Mem:0.00M, Peak:0.00M | Scene, ViewLayer | Synchronizing object | R2 catchlight.001
Fra:1 Mem:35.14M (Peak 35.14M) | Time:00:00.00 | Mem:0.00M, Peak:0.00M | Scene, ViewLayer | Synchronizing object | R2 flowing cheek and nape primary.004
Fra:1 Mem:35.15M (Peak 35.15M) | Time:00:00.00 | Mem:0.00M, Peak:0.00M | Scene, ViewLayer | Synchronizing object | R2 shaded upper eyelid margin.001
Fra:1 Mem:35.17M (Peak 35.17M) | Time:00:00.00 | Mem:0.00M, Peak:0.00M | Scene, ViewLayer | Synchronizing object | R2 flowing cheek and nape primary.003
Fra:1 Mem:35.17M (Peak 35.17M) | Time:00:00.00 | Mem:0.00M, Peak:0.00M | Scene, ViewLayer | Synchronizing object | R2 integrated brow ridge.001
Fra:1 Mem:35.21M (Peak 35.21M) | Time:00:00.00 | Mem:0.00M, Peak:0.00M | Scene, ViewLayer | Synchronizing object | R2 secondary fur blade.001
Fra:1 Mem:35.21M (Peak 35.21M) | Time:00:00.00 | Mem:0.00M, Peak:0.00M | Scene, ViewLayer | Synchronizing object | R2 broad wet nose
Fra:1 Mem:35.23M (Peak 35.23M) | Time:00:00.00 | Mem:0.00M, Peak:0.00M | Scene, ViewLayer | Synchronizing object | R2 whisker follicle
Fra:1 Mem:35.23M (Peak 35.23M) | Time:00:00.00 | Mem:0.00M, Peak:0.00M | Scene, ViewLayer | Synchronizing object | R2 flowing cheek and nape primary.002
Fra:1 Mem:35.24M (Peak 35.24M) | Time:00:00.00 | Mem:0.00M, Peak:0.00M | Scene, ViewLayer | Synchronizing object | R2 whisker follicle.001
Fra:1 Mem:35.26M (Peak 35.26M) | Time:00:00.00 | Mem:0.00M, Peak:0.00M | Scene, ViewLayer | Synchronizing object | R2 flowing cheek and nape primary.001
Fra:1 Mem:35.27M (Peak 35.27M) | Time:00:00.00 | Mem:0.00M, Peak:0.00M | Scene, ViewLayer | Synchronizing object | R2 whisker follicle.002
Fra:1 Mem:35.28M (Peak 35.28M) | Time:00:00.00 | Mem:0.00M, Peak:0.00M | Scene, ViewLayer | Synchronizing object | R2 secondary fur blade
Fra:1 Mem:35.28M (Peak 35.28M) | Time:00:00.00 | Mem:0.00M, Peak:0.00M | Scene, ViewLayer | Synchronizing object | R2 whisker follicle.003
Fra:1 Mem:35.30M (Peak 35.30M) | Time:00:00.00 | Mem:0.00M, Peak:0.00M | Scene, ViewLayer | Synchronizing object | R2 whisker follicle.004
Fra:1 Mem:35.30M (Peak 35.30M) | Time:00:00.00 | Mem:0.00M, Peak:0.00M | Scene, ViewLayer | Synchronizing object | R2 flowing cheek and nape primary
Fra:1 Mem:35.32M (Peak 35.32M) | Time:00:00.00 | Mem:0.00M, Peak:0.00M | Scene, ViewLayer | Synchronizing object | R2 whisker follicle.005
Fra:1 Mem:35.33M (Peak 35.33M) | Time:00:00.00 | Mem:0.00M, Peak:0.00M | Scene, ViewLayer | Synchronizing object | R2 swept crown primary.004
Fra:1 Mem:35.33M (Peak 35.33M) | Time:00:00.00 | Mem:0.00M, Peak:0.00M | Scene, ViewLayer | Synchronizing object | R2 whisker follicle.006
Fra:1 Mem:35.35M (Peak 35.35M) | Time:00:00.00 | Mem:0.00M, Peak:0.00M | Scene, ViewLayer | Synchronizing object | R2 whisker follicle.007
Fra:1 Mem:35.35M (Peak 35.35M) | Time:00:00.00 | Mem:0.00M, Peak:0.00M | Scene, ViewLayer | Synchronizing object | R2 swept crown primary.003
Fra:1 Mem:35.35M (Peak 35.35M) | Time:00:00.00 | Mem:0.00M, Peak:0.00M | Scene, ViewLayer | Synchronizing object | R2 whisker follicle.008
Fra:1 Mem:35.37M (Peak 35.37M) | Time:00:00.00 | Mem:0.00M, Peak:0.00M | Scene, ViewLayer | Synchronizing object | R2 whisker follicle.009
Fra:1 Mem:35.38M (Peak 35.38M) | Time:00:00.00 | Mem:0.00M, Peak:0.00M | Scene, ViewLayer | Synchronizing object | R2 swept crown primary.002
Fra:1 Mem:35.38M (Peak 35.38M) | Time:00:00.00 | Mem:0.00M, Peak:0.00M | Scene, ViewLayer | Synchronizing object | R2 whisker follicle.010
Fra:1 Mem:35.40M (Peak 35.40M) | Time:00:00.00 | Mem:0.00M, Peak:0.00M | Scene, ViewLayer | Synchronizing object | R2 whisker follicle.011
Fra:1 Mem:35.41M (Peak 35.41M) | Time:00:00.00 | Mem:0.00M, Peak:0.00M | Scene, ViewLayer | Synchronizing object | R2 swept crown primary.001
Fra:1 Mem:35.42M (Peak 35.42M) | Time:00:00.00 | Mem:0.00M, Peak:0.00M | Scene, ViewLayer | Synchronizing object | R2 whisker follicle.012
Fra:1 Mem:35.43M (Peak 35.43M) | Time:00:00.00 | Mem:0.00M, Peak:0.00M | Scene, ViewLayer | Synchronizing object | R2 swept crown primary
Fra:1 Mem:35.45M (Peak 35.45M) | Time:00:00.00 | Mem:0.00M, Peak:0.00M | Scene, ViewLayer | Synchronizing object | R2 whisker follicle.013
Fra:1 Mem:35.46M (Peak 35.46M) | Time:00:00.00 | Mem:0.00M, Peak:0.00M | Scene, ViewLayer | Synchronizing object | R2 connected occipital mane volume
Fra:1 Mem:35.47M (Peak 35.47M) | Time:00:00.00 | Mem:0.00M, Peak:0.00M | Scene, ViewLayer | Synchronizing object | R2 whisker follicle.014
Fra:1 Mem:35.50M (Peak 35.50M) | Time:00:00.00 | Mem:0.00M, Peak:0.00M | Scene, ViewLayer | Synchronizing object | R2 whisker follicle.015
Fra:1 Mem:35.50M (Peak 35.50M) | Time:00:00.00 | Mem:0.00M, Peak:0.00M | Scene, ViewLayer | Synchronizing object | R2 whisker follicle.016
Fra:1 Mem:35.51M (Peak 35.51M) | Time:00:00.00 | Mem:0.00M, Peak:0.00M | Scene, ViewLayer | Synchronizing object | R2 whisker follicle.017
Fra:1 Mem:35.53M (Peak 35.53M) | Time:00:00.00 | Mem:0.00M, Peak:0.00M | Scene, ViewLayer | Synchronizing object | R2 cupped species ear.001
Fra:1 Mem:35.54M (Peak 35.54M) | Time:00:00.00 | Mem:0.00M, Peak:0.00M | Scene, ViewLayer | Synchronizing object | R2 anatomical mandible
Fra:1 Mem:35.55M (Peak 35.55M) | Time:00:00.00 | Mem:0.00M, Peak:0.00M | Scene, ViewLayer | Synchronizing object | R2 cupped species ear
Fra:1 Mem:35.57M (Peak 35.57M) | Time:00:00.00 | Mem:0.00M, Peak:0.00M | Scene, ViewLayer | Synchronizing object | R2 articulated oral lining
Fra:1 Mem:35.60M (Peak 35.60M) | Time:00:00.00 | Mem:0.00M, Peak:0.00M | Scene, ViewLayer | Initializing
Fra:1 Mem:33.40M (Peak 35.60M) | Time:00:00.00 | Mem:0.00M, Peak:0.00M | Scene, ViewLayer | Updating Images | Loading Authored short-fur normal
Fra:1 Mem:29.15M (Peak 35.60M) | Time:00:00.00 | Mem:0.25M, Peak:0.25M | Scene, ViewLayer | Waiting for render to start
Fra:1 Mem:29.15M (Peak 35.60M) | Time:00:00.00 | Mem:0.25M, Peak:0.25M | Scene, ViewLayer | Updating Scene
Fra:1 Mem:29.15M (Peak 35.60M) | Time:00:00.00 | Mem:0.25M, Peak:0.25M | Scene, ViewLayer | Updating Shaders
Fra:1 Mem:29.15M (Peak 35.60M) | Time:00:00.00 | Mem:0.25M, Peak:0.25M | Scene, ViewLayer | Loading render kernels (may take a few minutes the first time)
Fra:1 Mem:29.23M (Peak 35.60M) | Time:00:00.00 | Mem:0.26M, Peak:0.26M | Scene, ViewLayer | Updating Procedurals
Fra:1 Mem:29.23M (Peak 35.60M) | Time:00:00.00 | Mem:0.26M, Peak:0.26M | Scene, ViewLayer | Updating Background
Fra:1 Mem:29.23M (Peak 35.60M) | Time:00:00.00 | Mem:0.26M, Peak:0.26M | Scene, ViewLayer | Updating Camera
Fra:1 Mem:29.23M (Peak 35.60M) | Time:00:00.00 | Mem:0.26M, Peak:0.26M | Scene, ViewLayer | Updating Meshes Flags
Fra:1 Mem:29.23M (Peak 35.60M) | Time:00:00.00 | Mem:0.26M, Peak:0.26M | Scene, ViewLayer | Updating Objects
Fra:1 Mem:29.23M (Peak 35.60M) | Time:00:00.00 | Mem:0.26M, Peak:0.26M | Scene, ViewLayer | Updating Objects | Copying Transformations to device
Fra:1 Mem:29.26M (Peak 35.60M) | Time:00:00.00 | Mem:0.28M, Peak:0.28M | Scene, ViewLayer | Updating Particle Systems
Fra:1 Mem:29.26M (Peak 35.60M) | Time:00:00.00 | Mem:0.28M, Peak:0.28M | Scene, ViewLayer | Updating Particle Systems | Copying Particles to device
Fra:1 Mem:29.26M (Peak 35.60M) | Time:00:00.00 | Mem:0.28M, Peak:0.28M | Scene, ViewLayer | Updating Meshes
Fra:1 Mem:30.81M (Peak 35.60M) | Time:00:00.01 | Mem:0.28M, Peak:0.28M | Scene, ViewLayer | Updating Objects | Applying Static Transformations
Fra:1 Mem:30.81M (Peak 35.60M) | Time:00:00.01 | Mem:0.28M, Peak:0.28M | Scene, ViewLayer | Updating Mesh | Computing attributes
Fra:1 Mem:33.10M (Peak 35.60M) | Time:00:00.01 | Mem:0.30M, Peak:0.30M | Scene, ViewLayer | Updating Mesh | Copying Attributes to device
Fra:1 Mem:33.06M (Peak 35.60M) | Time:00:00.01 | Mem:2.53M, Peak:2.53M | Scene, ViewLayer | Updating Scene BVH | Building
Fra:1 Mem:33.06M (Peak 35.60M) | Time:00:00.01 | Mem:2.53M, Peak:2.53M | Scene, ViewLayer | Updating Scene BVH | Building BVH
Fra:1 Mem:33.06M (Peak 35.60M) | Time:00:00.01 | Mem:3.42M, Peak:3.42M | Scene, ViewLayer | Updating Scene BVH | Building BVH 0%
Fra:1 Mem:33.06M (Peak 35.60M) | Time:00:00.01 | Mem:4.38M, Peak:5.26M | Scene, ViewLayer | Updating Scene BVH | Copying BVH to device
Fra:1 Mem:33.06M (Peak 35.60M) | Time:00:00.01 | Mem:4.38M, Peak:5.26M | Scene, ViewLayer | Updating Mesh | Computing normals
Fra:1 Mem:33.85M (Peak 35.60M) | Time:00:00.01 | Mem:4.38M, Peak:5.26M | Scene, ViewLayer | Updating Mesh | Copying Mesh to device
Fra:1 Mem:33.85M (Peak 35.60M) | Time:00:00.01 | Mem:5.16M, Peak:5.26M | Scene, ViewLayer | Updating Objects Flags
Fra:1 Mem:33.85M (Peak 35.60M) | Time:00:00.01 | Mem:5.16M, Peak:5.26M | Scene, ViewLayer | Updating Primitive Offsets
Fra:1 Mem:33.85M (Peak 35.60M) | Time:00:00.01 | Mem:5.17M, Peak:5.26M | Scene, ViewLayer | Updating Images
Fra:1 Mem:33.85M (Peak 35.60M) | Time:00:00.01 | Mem:5.17M, Peak:5.26M | Scene, ViewLayer | Updating Camera Volume
Fra:1 Mem:33.85M (Peak 35.60M) | Time:00:00.01 | Mem:5.17M, Peak:5.26M | Scene, ViewLayer | Updating Lookup Tables
Fra:1 Mem:33.85M (Peak 35.60M) | Time:00:00.01 | Mem:5.25M, Peak:5.26M | Scene, ViewLayer | Updating Lights
Fra:1 Mem:33.85M (Peak 35.60M) | Time:00:00.01 | Mem:5.25M, Peak:5.26M | Scene, ViewLayer | Updating Lights | Computing tree
Fra:1 Mem:33.85M (Peak 35.60M) | Time:00:00.01 | Mem:5.25M, Peak:5.26M | Scene, ViewLayer | Updating Integrator
Fra:1 Mem:33.85M (Peak 35.60M) | Time:00:00.01 | Mem:5.25M, Peak:5.26M | Scene, ViewLayer | Updating Film
Fra:1 Mem:33.86M (Peak 35.60M) | Time:00:00.01 | Mem:5.17M, Peak:5.26M | Scene, ViewLayer | Updating Lookup Tables
Fra:1 Mem:33.86M (Peak 35.60M) | Time:00:00.01 | Mem:5.25M, Peak:5.26M | Scene, ViewLayer | Updating Baking
Fra:1 Mem:33.86M (Peak 35.60M) | Time:00:00.01 | Mem:5.25M, Peak:5.26M | Scene, ViewLayer | Updating Device | Writing constant memory
Fra:1 Mem:33.86M (Peak 35.60M) | Time:00:00.01 | Mem:5.25M, Peak:5.26M | Scene, ViewLayer | Loading denoising kernels (may take a few minutes the first time)
Fra:1 Mem:33.86M (Peak 35.60M) | Time:00:00.01 | Mem:5.25M, Peak:5.26M | Scene, ViewLayer | Sample 0/20
Fra:1 Mem:52.88M (Peak 52.88M) | Time:00:00.07 | Remaining:00:01.11 | Mem:24.26M, Peak:24.26M | Scene, ViewLayer | Sample 1/20
Fra:1 Mem:60.89M (Peak 72.89M) | Time:00:02.02 | Mem:24.26M, Peak:24.26M | Scene, ViewLayer | Sample 20/20
Fra:1 Mem:60.89M (Peak 72.89M) | Time:00:02.02 | Mem:24.26M, Peak:24.26M | Scene, ViewLayer | Finished
Saved: '/Users/chikumatsuboi/Code/animal-racers-western/assets/source/western/revision2/qa/lion/upright/candidate-material.png'
Time: 00:02.04 (Saving: 00:00.01)

REVISION2_MATERIAL_PROOF lion upright candidate
Read blend: "/Users/chikumatsuboi/Code/animal-racers-western/assets/source/western/revision2/inputs/lion-upright.blend"
Saved: '/Users/chikumatsuboi/Code/animal-racers-western/assets/source/western/revision2/qa/lion/upright/motion/control/attack/0000.png'
Time: 00:00.06 (Saving: 00:00.00)

Saved: '/Users/chikumatsuboi/Code/animal-racers-western/assets/source/western/revision2/qa/lion/upright/motion/control/attack/0001.png'
Time: 00:00.03 (Saving: 00:00.00)

Saved: '/Users/chikumatsuboi/Code/animal-racers-western/assets/source/western/revision2/qa/lion/upright/motion/control/attack/0002.png'
Time: 00:00.03 (Saving: 00:00.00)

Saved: '/Users/chikumatsuboi/Code/animal-racers-western/assets/source/western/revision2/qa/lion/upright/motion/control/attack/0003.png'
Time: 00:00.03 (Saving: 00:00.00)

Saved: '/Users/chikumatsuboi/Code/animal-racers-western/assets/source/western/revision2/qa/lion/upright/motion/control/attack/0004.png'
Time: 00:00.03 (Saving: 00:00.00)

Saved: '/Users/chikumatsuboi/Code/animal-racers-western/assets/source/western/revision2/qa/lion/upright/motion/control/attack/0005.png'
Time: 00:00.03 (Saving: 00:00.00)

Saved: '/Users/chikumatsuboi/Code/animal-racers-western/assets/source/western/revision2/qa/lion/upright/motion/control/attack/0006.png'
Time: 00:00.03 (Saving: 00:00.00)

Saved: '/Users/chikumatsuboi/Code/animal-racers-western/assets/source/western/revision2/qa/lion/upright/motion/control/attack/0007.png'
Time: 00:00.04 (Saving: 00:00.00)

Saved: '/Users/chikumatsuboi/Code/animal-racers-western/assets/source/western/revision2/qa/lion/upright/motion/control/attack/0008.png'
Time: 00:00.03 (Saving: 00:00.00)

Saved: '/Users/chikumatsuboi/Code/animal-racers-western/assets/source/western/revision2/qa/lion/upright/motion/control/attack/0009.png'
Time: 00:00.03 (Saving: 00:00.00)

Saved: '/Users/chikumatsuboi/Code/animal-racers-western/assets/source/western/revision2/qa/lion/upright/motion/control/attack/0010.png'
Time: 00:00.04 (Saving: 00:00.00)

Saved: '/Users/chikumatsuboi/Code/animal-racers-western/assets/source/western/revision2/qa/lion/upright/motion/control/attack/0011.png'
Time: 00:00.03 (Saving: 00:00.00)

Saved: '/Users/chikumatsuboi/Code/animal-racers-western/assets/source/western/revision2/qa/lion/upright/motion/control/attack/0012.png'
Time: 00:00.03 (Saving: 00:00.00)

Saved: '/Users/chikumatsuboi/Code/animal-racers-western/assets/source/western/revision2/qa/lion/upright/motion/control/attack/0013.png'
Time: 00:00.04 (Saving: 00:00.00)

Saved: '/Users/chikumatsuboi/Code/animal-racers-western/assets/source/western/revision2/qa/lion/upright/motion/control/attack/0014.png'
Time: 00:00.03 (Saving: 00:00.00)

Saved: '/Users/chikumatsuboi/Code/animal-racers-western/assets/source/western/revision2/qa/lion/upright/motion/control/attack/0015.png'
Time: 00:00.03 (Saving: 00:00.00)

Saved: '/Users/chikumatsuboi/Code/animal-racers-western/assets/source/western/revision2/qa/lion/upright/motion/control/attack/0016.png'
Time: 00:00.03 (Saving: 00:00.00)

Saved: '/Users/chikumatsuboi/Code/animal-racers-western/assets/source/western/revision2/qa/lion/upright/motion/control/attack/0017.png'
Time: 00:00.04 (Saving: 00:00.00)

Saved: '/Users/chikumatsuboi/Code/animal-racers-western/assets/source/western/revision2/qa/lion/upright/motion/control/attack/0018.png'
Time: 00:00.03 (Saving: 00:00.00)

Saved: '/Users/chikumatsuboi/Code/animal-racers-western/assets/source/western/revision2/qa/lion/upright/motion/control/attack/0019.png'
Time: 00:00.03 (Saving: 00:00.00)

Saved: '/Users/chikumatsuboi/Code/animal-racers-western/assets/source/western/revision2/qa/lion/upright/motion/control/attack/0020.png'
Time: 00:00.03 (Saving: 00:00.00)

Saved: '/Users/chikumatsuboi/Code/animal-racers-western/assets/source/western/revision2/qa/lion/upright/motion/control/attack/0021.png'
Time: 00:00.03 (Saving: 00:00.00)

Saved: '/Users/chikumatsuboi/Code/animal-racers-western/assets/source/western/revision2/qa/lion/upright/motion/control/attack/0022.png'
Time: 00:00.03 (Saving: 00:00.00)

Saved: '/Users/chikumatsuboi/Code/animal-racers-western/assets/source/western/revision2/qa/lion/upright/motion/control/attack/0023.png'
Time: 00:00.03 (Saving: 00:00.00)

Saved: '/Users/chikumatsuboi/Code/animal-racers-western/assets/source/western/revision2/qa/lion/upright/motion/control/attack/0024.png'
Time: 00:00.03 (Saving: 00:00.00)

Saved: '/Users/chikumatsuboi/Code/animal-racers-western/assets/source/western/revision2/qa/lion/upright/motion/control/attack/0025.png'
Time: 00:00.03 (Saving: 00:00.00)

Read blend: "/Users/chikumatsuboi/Code/animal-racers-western/assets/source/western/revision2/candidate/lion-upright.blend"
Saved: '/Users/chikumatsuboi/Code/animal-racers-western/assets/source/western/revision2/qa/lion/upright/motion/candidate/attack/0000.png'
Time: 00:00.03 (Saving: 00:00.00)

Saved: '/Users/chikumatsuboi/Code/animal-racers-western/assets/source/western/revision2/qa/lion/upright/motion/candidate/attack/0001.png'
Time: 00:00.03 (Saving: 00:00.00)

Saved: '/Users/chikumatsuboi/Code/animal-racers-western/assets/source/western/revision2/qa/lion/upright/motion/candidate/attack/0002.png'
Time: 00:00.03 (Saving: 00:00.00)

Saved: '/Users/chikumatsuboi/Code/animal-racers-western/assets/source/western/revision2/qa/lion/upright/motion/candidate/attack/0003.png'
Time: 00:00.03 (Saving: 00:00.00)

Saved: '/Users/chikumatsuboi/Code/animal-racers-western/assets/source/western/revision2/qa/lion/upright/motion/candidate/attack/0004.png'
Time: 00:00.03 (Saving: 00:00.00)

Saved: '/Users/chikumatsuboi/Code/animal-racers-western/assets/source/western/revision2/qa/lion/upright/motion/candidate/attack/0005.png'
Time: 00:00.03 (Saving: 00:00.00)

Saved: '/Users/chikumatsuboi/Code/animal-racers-western/assets/source/western/revision2/qa/lion/upright/motion/candidate/attack/0006.png'
Time: 00:00.03 (Saving: 00:00.00)

Saved: '/Users/chikumatsuboi/Code/animal-racers-western/assets/source/western/revision2/qa/lion/upright/motion/candidate/attack/0007.png'
Time: 00:00.03 (Saving: 00:00.00)

Saved: '/Users/chikumatsuboi/Code/animal-racers-western/assets/source/western/revision2/qa/lion/upright/motion/candidate/attack/0008.png'
Time: 00:00.03 (Saving: 00:00.00)

Saved: '/Users/chikumatsuboi/Code/animal-racers-western/assets/source/western/revision2/qa/lion/upright/motion/candidate/attack/0009.png'
Time: 00:00.03 (Saving: 00:00.00)

Saved: '/Users/chikumatsuboi/Code/animal-racers-western/assets/source/western/revision2/qa/lion/upright/motion/candidate/attack/0010.png'
Time: 00:00.03 (Saving: 00:00.00)

Saved: '/Users/chikumatsuboi/Code/animal-racers-western/assets/source/western/revision2/qa/lion/upright/motion/candidate/attack/0011.png'
Time: 00:00.03 (Saving: 00:00.00)

Saved: '/Users/chikumatsuboi/Code/animal-racers-western/assets/source/western/revision2/qa/lion/upright/motion/candidate/attack/0012.png'
Time: 00:00.03 (Saving: 00:00.00)

Saved: '/Users/chikumatsuboi/Code/animal-racers-western/assets/source/western/revision2/qa/lion/upright/motion/candidate/attack/0013.png'
Time: 00:00.03 (Saving: 00:00.00)

Saved: '/Users/chikumatsuboi/Code/animal-racers-western/assets/source/western/revision2/qa/lion/upright/motion/candidate/attack/0014.png'
Time: 00:00.03 (Saving: 00:00.00)

Saved: '/Users/chikumatsuboi/Code/animal-racers-western/assets/source/western/revision2/qa/lion/upright/motion/candidate/attack/0015.png'
Time: 00:00.03 (Saving: 00:00.00)

Saved: '/Users/chikumatsuboi/Code/animal-racers-western/assets/source/western/revision2/qa/lion/upright/motion/candidate/attack/0016.png'
Time: 00:00.03 (Saving: 00:00.00)

Saved: '/Users/chikumatsuboi/Code/animal-racers-western/assets/source/western/revision2/qa/lion/upright/motion/candidate/attack/0017.png'
Time: 00:00.03 (Saving: 00:00.00)

Saved: '/Users/chikumatsuboi/Code/animal-racers-western/assets/source/western/revision2/qa/lion/upright/motion/candidate/attack/0018.png'
Time: 00:00.03 (Saving: 00:00.00)

Saved: '/Users/chikumatsuboi/Code/animal-racers-western/assets/source/western/revision2/qa/lion/upright/motion/candidate/attack/0019.png'
Time: 00:00.03 (Saving: 00:00.00)

Saved: '/Users/chikumatsuboi/Code/animal-racers-western/assets/source/western/revision2/qa/lion/upright/motion/candidate/attack/0020.png'
Time: 00:00.03 (Saving: 00:00.00)

Saved: '/Users/chikumatsuboi/Code/animal-racers-western/assets/source/western/revision2/qa/lion/upright/motion/candidate/attack/0021.png'
Time: 00:00.03 (Saving: 00:00.00)

Saved: '/Users/chikumatsuboi/Code/animal-racers-western/assets/source/western/revision2/qa/lion/upright/motion/candidate/attack/0022.png'
Time: 00:00.03 (Saving: 00:00.00)

Saved: '/Users/chikumatsuboi/Code/animal-racers-western/assets/source/western/revision2/qa/lion/upright/motion/candidate/attack/0023.png'
Time: 00:00.03 (Saving: 00:00.00)

Saved: '/Users/chikumatsuboi/Code/animal-racers-western/assets/source/western/revision2/qa/lion/upright/motion/candidate/attack/0024.png'
Time: 00:00.03 (Saving: 00:00.00)

Saved: '/Users/chikumatsuboi/Code/animal-racers-western/assets/source/western/revision2/qa/lion/upright/motion/candidate/attack/0025.png'
Time: 00:00.03 (Saving: 00:00.00)

REVISION2_MOTION lion upright attack 26
Read blend: "/Users/chikumatsuboi/Code/animal-racers-western/assets/source/western/revision2/inputs/lion-upright.blend"
Saved: '/Users/chikumatsuboi/Code/animal-racers-western/assets/source/western/revision2/qa/lion/upright/motion/control/celebrate/0000.png'
Time: 00:00.04 (Saving: 00:00.00)

Saved: '/Users/chikumatsuboi/Code/animal-racers-western/assets/source/western/revision2/qa/lion/upright/motion/control/celebrate/0001.png'
Time: 00:00.03 (Saving: 00:00.00)

Saved: '/Users/chikumatsuboi/Code/animal-racers-western/assets/source/western/revision2/qa/lion/upright/motion/control/celebrate/0002.png'
Time: 00:00.03 (Saving: 00:00.00)

Saved: '/Users/chikumatsuboi/Code/animal-racers-western/assets/source/western/revision2/qa/lion/upright/motion/control/celebrate/0003.png'
Time: 00:00.04 (Saving: 00:00.00)

Saved: '/Users/chikumatsuboi/Code/animal-racers-western/assets/source/western/revision2/qa/lion/upright/motion/control/celebrate/0004.png'
Time: 00:00.03 (Saving: 00:00.00)

Saved: '/Users/chikumatsuboi/Code/animal-racers-western/assets/source/western/revision2/qa/lion/upright/motion/control/celebrate/0005.png'
Time: 00:00.03 (Saving: 00:00.00)

Saved: '/Users/chikumatsuboi/Code/animal-racers-western/assets/source/western/revision2/qa/lion/upright/motion/control/celebrate/0006.png'
Time: 00:00.03 (Saving: 00:00.00)

Saved: '/Users/chikumatsuboi/Code/animal-racers-western/assets/source/western/revision2/qa/lion/upright/motion/control/celebrate/0007.png'
Time: 00:00.03 (Saving: 00:00.00)

Saved: '/Users/chikumatsuboi/Code/animal-racers-western/assets/source/western/revision2/qa/lion/upright/motion/control/celebrate/0008.png'
Time: 00:00.03 (Saving: 00:00.00)

Saved: '/Users/chikumatsuboi/Code/animal-racers-western/assets/source/western/revision2/qa/lion/upright/motion/control/celebrate/0009.png'
Time: 00:00.03 (Saving: 00:00.00)

Saved: '/Users/chikumatsuboi/Code/animal-racers-western/assets/source/western/revision2/qa/lion/upright/motion/control/celebrate/0010.png'
Time: 00:00.03 (Saving: 00:00.00)

Saved: '/Users/chikumatsuboi/Code/animal-racers-western/assets/source/western/revision2/qa/lion/upright/motion/control/celebrate/0011.png'
Time: 00:00.03 (Saving: 00:00.00)

Saved: '/Users/chikumatsuboi/Code/animal-racers-western/assets/source/western/revision2/qa/lion/upright/motion/control/celebrate/0012.png'
Time: 00:00.03 (Saving: 00:00.00)

Saved: '/Users/chikumatsuboi/Code/animal-racers-western/assets/source/western/revision2/qa/lion/upright/motion/control/celebrate/0013.png'
Time: 00:00.03 (Saving: 00:00.00)

Saved: '/Users/chikumatsuboi/Code/animal-racers-western/assets/source/western/revision2/qa/lion/upright/motion/control/celebrate/0014.png'
Time: 00:00.03 (Saving: 00:00.00)

Saved: '/Users/chikumatsuboi/Code/animal-racers-western/assets/source/western/revision2/qa/lion/upright/motion/control/celebrate/0015.png'
Time: 00:00.03 (Saving: 00:00.00)

Saved: '/Users/chikumatsuboi/Code/animal-racers-western/assets/source/western/revision2/qa/lion/upright/motion/control/celebrate/0016.png'
Time: 00:00.03 (Saving: 00:00.00)

Saved: '/Users/chikumatsuboi/Code/animal-racers-western/assets/source/western/revision2/qa/lion/upright/motion/control/celebrate/0017.png'
Time: 00:00.03 (Saving: 00:00.00)

Saved: '/Users/chikumatsuboi/Code/animal-racers-western/assets/source/western/revision2/qa/lion/upright/motion/control/celebrate/0018.png'
Time: 00:00.03 (Saving: 00:00.00)

Saved: '/Users/chikumatsuboi/Code/animal-racers-western/assets/source/western/revision2/qa/lion/upright/motion/control/celebrate/0019.png'
Time: 00:00.03 (Saving: 00:00.00)

Saved: '/Users/chikumatsuboi/Code/animal-racers-western/assets/source/western/revision2/qa/lion/upright/motion/control/celebrate/0020.png'
Time: 00:00.03 (Saving: 00:00.00)

Saved: '/Users/chikumatsuboi/Code/animal-racers-western/assets/source/western/revision2/qa/lion/upright/motion/control/celebrate/0021.png'
Time: 00:00.03 (Saving: 00:00.00)

Saved: '/Users/chikumatsuboi/Code/animal-racers-western/assets/source/western/revision2/qa/lion/upright/motion/control/celebrate/0022.png'
Time: 00:00.03 (Saving: 00:00.00)

Saved: '/Users/chikumatsuboi/Code/animal-racers-western/assets/source/western/revision2/qa/lion/upright/motion/control/celebrate/0023.png'
Time: 00:00.03 (Saving: 00:00.00)

Saved: '/Users/chikumatsuboi/Code/animal-racers-western/assets/source/western/revision2/qa/lion/upright/motion/control/celebrate/0024.png'
Time: 00:00.03 (Saving: 00:00.00)

Saved: '/Users/chikumatsuboi/Code/animal-racers-western/assets/source/western/revision2/qa/lion/upright/motion/control/celebrate/0025.png'
Time: 00:00.03 (Saving: 00:00.00)

Saved: '/Users/chikumatsuboi/Code/animal-racers-western/assets/source/western/revision2/qa/lion/upright/motion/control/celebrate/0026.png'
Time: 00:00.03 (Saving: 00:00.00)

Saved: '/Users/chikumatsuboi/Code/animal-racers-western/assets/source/western/revision2/qa/lion/upright/motion/control/celebrate/0027.png'
Time: 00:00.03 (Saving: 00:00.00)

Saved: '/Users/chikumatsuboi/Code/animal-racers-western/assets/source/western/revision2/qa/lion/upright/motion/control/celebrate/0028.png'
Time: 00:00.03 (Saving: 00:00.00)

Saved: '/Users/chikumatsuboi/Code/animal-racers-western/assets/source/western/revision2/qa/lion/upright/motion/control/celebrate/0029.png'
Time: 00:00.03 (Saving: 00:00.00)

Saved: '/Users/chikumatsuboi/Code/animal-racers-western/assets/source/western/revision2/qa/lion/upright/motion/control/celebrate/0030.png'
Time: 00:00.04 (Saving: 00:00.01)

Read blend: "/Users/chikumatsuboi/Code/animal-racers-western/assets/source/western/revision2/candidate/lion-upright.blend"
Saved: '/Users/chikumatsuboi/Code/animal-racers-western/assets/source/western/revision2/qa/lion/upright/motion/candidate/celebrate/0000.png'
Time: 00:00.03 (Saving: 00:00.00)

Saved: '/Users/chikumatsuboi/Code/animal-racers-western/assets/source/western/revision2/qa/lion/upright/motion/candidate/celebrate/0001.png'
Time: 00:00.03 (Saving: 00:00.00)

Saved: '/Users/chikumatsuboi/Code/animal-racers-western/assets/source/western/revision2/qa/lion/upright/motion/candidate/celebrate/0002.png'
Time: 00:00.03 (Saving: 00:00.00)

Saved: '/Users/chikumatsuboi/Code/animal-racers-western/assets/source/western/revision2/qa/lion/upright/motion/candidate/celebrate/0003.png'
Time: 00:00.03 (Saving: 00:00.00)

Saved: '/Users/chikumatsuboi/Code/animal-racers-western/assets/source/western/revision2/qa/lion/upright/motion/candidate/celebrate/0004.png'
Time: 00:00.03 (Saving: 00:00.00)

Saved: '/Users/chikumatsuboi/Code/animal-racers-western/assets/source/western/revision2/qa/lion/upright/motion/candidate/celebrate/0005.png'
Time: 00:00.03 (Saving: 00:00.00)

Saved: '/Users/chikumatsuboi/Code/animal-racers-western/assets/source/western/revision2/qa/lion/upright/motion/candidate/celebrate/0006.png'
Time: 00:00.03 (Saving: 00:00.00)

Saved: '/Users/chikumatsuboi/Code/animal-racers-western/assets/source/western/revision2/qa/lion/upright/motion/candidate/celebrate/0007.png'
Time: 00:00.03 (Saving: 00:00.00)

Saved: '/Users/chikumatsuboi/Code/animal-racers-western/assets/source/western/revision2/qa/lion/upright/motion/candidate/celebrate/0008.png'
Time: 00:00.03 (Saving: 00:00.00)

Saved: '/Users/chikumatsuboi/Code/animal-racers-western/assets/source/western/revision2/qa/lion/upright/motion/candidate/celebrate/0009.png'
Time: 00:00.03 (Saving: 00:00.00)

Saved: '/Users/chikumatsuboi/Code/animal-racers-western/assets/source/western/revision2/qa/lion/upright/motion/candidate/celebrate/0010.png'
Time: 00:00.03 (Saving: 00:00.00)

Saved: '/Users/chikumatsuboi/Code/animal-racers-western/assets/source/western/revision2/qa/lion/upright/motion/candidate/celebrate/0011.png'
Time: 00:00.03 (Saving: 00:00.00)

Saved: '/Users/chikumatsuboi/Code/animal-racers-western/assets/source/western/revision2/qa/lion/upright/motion/candidate/celebrate/0012.png'
Time: 00:00.03 (Saving: 00:00.00)

Saved: '/Users/chikumatsuboi/Code/animal-racers-western/assets/source/western/revision2/qa/lion/upright/motion/candidate/celebrate/0013.png'
Time: 00:00.03 (Saving: 00:00.00)

Saved: '/Users/chikumatsuboi/Code/animal-racers-western/assets/source/western/revision2/qa/lion/upright/motion/candidate/celebrate/0014.png'
Time: 00:00.03 (Saving: 00:00.00)

Saved: '/Users/chikumatsuboi/Code/animal-racers-western/assets/source/western/revision2/qa/lion/upright/motion/candidate/celebrate/0015.png'
Time: 00:00.03 (Saving: 00:00.00)

Saved: '/Users/chikumatsuboi/Code/animal-racers-western/assets/source/western/revision2/qa/lion/upright/motion/candidate/celebrate/0016.png'
Time: 00:00.03 (Saving: 00:00.00)

Saved: '/Users/chikumatsuboi/Code/animal-racers-western/assets/source/western/revision2/qa/lion/upright/motion/candidate/celebrate/0017.png'
Time: 00:00.03 (Saving: 00:00.00)

Saved: '/Users/chikumatsuboi/Code/animal-racers-western/assets/source/western/revision2/qa/lion/upright/motion/candidate/celebrate/0018.png'
Time: 00:00.03 (Saving: 00:00.00)

Saved: '/Users/chikumatsuboi/Code/animal-racers-western/assets/source/western/revision2/qa/lion/upright/motion/candidate/celebrate/0019.png'
Time: 00:00.03 (Saving: 00:00.00)

Saved: '/Users/chikumatsuboi/Code/animal-racers-western/assets/source/western/revision2/qa/lion/upright/motion/candidate/celebrate/0020.png'
Time: 00:00.04 (Saving: 00:00.00)

Saved: '/Users/chikumatsuboi/Code/animal-racers-western/assets/source/western/revision2/qa/lion/upright/motion/candidate/celebrate/0021.png'
Time: 00:00.03 (Saving: 00:00.00)

Saved: '/Users/chikumatsuboi/Code/animal-racers-western/assets/source/western/revision2/qa/lion/upright/motion/candidate/celebrate/0022.png'
Time: 00:00.03 (Saving: 00:00.00)

Saved: '/Users/chikumatsuboi/Code/animal-racers-western/assets/source/western/revision2/qa/lion/upright/motion/candidate/celebrate/0023.png'
Time: 00:00.03 (Saving: 00:00.00)

Saved: '/Users/chikumatsuboi/Code/animal-racers-western/assets/source/western/revision2/qa/lion/upright/motion/candidate/celebrate/0024.png'
Time: 00:00.03 (Saving: 00:00.00)

Saved: '/Users/chikumatsuboi/Code/animal-racers-western/assets/source/western/revision2/qa/lion/upright/motion/candidate/celebrate/0025.png'
Time: 00:00.03 (Saving: 00:00.00)

Saved: '/Users/chikumatsuboi/Code/animal-racers-western/assets/source/western/revision2/qa/lion/upright/motion/candidate/celebrate/0026.png'
Time: 00:00.03 (Saving: 00:00.00)

Saved: '/Users/chikumatsuboi/Code/animal-racers-western/assets/source/western/revision2/qa/lion/upright/motion/candidate/celebrate/0027.png'
Time: 00:00.03 (Saving: 00:00.00)

Saved: '/Users/chikumatsuboi/Code/animal-racers-western/assets/source/western/revision2/qa/lion/upright/motion/candidate/celebrate/0028.png'
Time: 00:00.03 (Saving: 00:00.00)

Saved: '/Users/chikumatsuboi/Code/animal-racers-western/assets/source/western/revision2/qa/lion/upright/motion/candidate/celebrate/0029.png'
Time: 00:00.03 (Saving: 00:00.00)

Saved: '/Users/chikumatsuboi/Code/animal-racers-western/assets/source/western/revision2/qa/lion/upright/motion/candidate/celebrate/0030.png'
Time: 00:00.03 (Saving: 00:00.00)

REVISION2_MOTION lion upright celebrate 31
Read blend: "/Users/chikumatsuboi/Code/animal-racers-western/assets/source/western/revision2/inputs/lion-upright.blend"
Saved: '/Users/chikumatsuboi/Code/animal-racers-western/assets/source/western/revision2/qa/lion/upright/motion/control/defeat/0000.png'
Time: 00:00.04 (Saving: 00:00.00)

Saved: '/Users/chikumatsuboi/Code/animal-racers-western/assets/source/western/revision2/qa/lion/upright/motion/control/defeat/0001.png'
Time: 00:00.04 (Saving: 00:00.00)

Saved: '/Users/chikumatsuboi/Code/animal-racers-western/assets/source/western/revision2/qa/lion/upright/motion/control/defeat/0002.png'
Time: 00:00.04 (Saving: 00:00.00)

Saved: '/Users/chikumatsuboi/Code/animal-racers-western/assets/source/western/revision2/qa/lion/upright/motion/control/defeat/0003.png'
Time: 00:00.03 (Saving: 00:00.00)

Saved: '/Users/chikumatsuboi/Code/animal-racers-western/assets/source/western/revision2/qa/lion/upright/motion/control/defeat/0004.png'
Time: 00:00.03 (Saving: 00:00.00)

Saved: '/Users/chikumatsuboi/Code/animal-racers-western/assets/source/western/revision2/qa/lion/upright/motion/control/defeat/0005.png'
Time: 00:00.03 (Saving: 00:00.00)

Saved: '/Users/chikumatsuboi/Code/animal-racers-western/assets/source/western/revision2/qa/lion/upright/motion/control/defeat/0006.png'
Time: 00:00.03 (Saving: 00:00.00)

Saved: '/Users/chikumatsuboi/Code/animal-racers-western/assets/source/western/revision2/qa/lion/upright/motion/control/defeat/0007.png'
Time: 00:00.03 (Saving: 00:00.00)

Saved: '/Users/chikumatsuboi/Code/animal-racers-western/assets/source/western/revision2/qa/lion/upright/motion/control/defeat/0008.png'
Time: 00:00.03 (Saving: 00:00.00)

Saved: '/Users/chikumatsuboi/Code/animal-racers-western/assets/source/western/revision2/qa/lion/upright/motion/control/defeat/0009.png'
Time: 00:00.03 (Saving: 00:00.00)

Saved: '/Users/chikumatsuboi/Code/animal-racers-western/assets/source/western/revision2/qa/lion/upright/motion/control/defeat/0010.png'
Time: 00:00.03 (Saving: 00:00.00)

Saved: '/Users/chikumatsuboi/Code/animal-racers-western/assets/source/western/revision2/qa/lion/upright/motion/control/defeat/0011.png'
Time: 00:00.03 (Saving: 00:00.00)

Saved: '/Users/chikumatsuboi/Code/animal-racers-western/assets/source/western/revision2/qa/lion/upright/motion/control/defeat/0012.png'
Time: 00:00.03 (Saving: 00:00.00)

Saved: '/Users/chikumatsuboi/Code/animal-racers-western/assets/source/western/revision2/qa/lion/upright/motion/control/defeat/0013.png'
Time: 00:00.03 (Saving: 00:00.00)

Saved: '/Users/chikumatsuboi/Code/animal-racers-western/assets/source/western/revision2/qa/lion/upright/motion/control/defeat/0014.png'
Time: 00:00.03 (Saving: 00:00.00)

Saved: '/Users/chikumatsuboi/Code/animal-racers-western/assets/source/western/revision2/qa/lion/upright/motion/control/defeat/0015.png'
Time: 00:00.03 (Saving: 00:00.00)

Saved: '/Users/chikumatsuboi/Code/animal-racers-western/assets/source/western/revision2/qa/lion/upright/motion/control/defeat/0016.png'
Time: 00:00.03 (Saving: 00:00.00)

Saved: '/Users/chikumatsuboi/Code/animal-racers-western/assets/source/western/revision2/qa/lion/upright/motion/control/defeat/0017.png'
Time: 00:00.03 (Saving: 00:00.00)

Saved: '/Users/chikumatsuboi/Code/animal-racers-western/assets/source/western/revision2/qa/lion/upright/motion/control/defeat/0018.png'
Time: 00:00.03 (Saving: 00:00.00)

Saved: '/Users/chikumatsuboi/Code/animal-racers-western/assets/source/western/revision2/qa/lion/upright/motion/control/defeat/0019.png'
Time: 00:00.03 (Saving: 00:00.00)

Saved: '/Users/chikumatsuboi/Code/animal-racers-western/assets/source/western/revision2/qa/lion/upright/motion/control/defeat/0020.png'
Time: 00:00.03 (Saving: 00:00.00)

Read blend: "/Users/chikumatsuboi/Code/animal-racers-western/assets/source/western/revision2/candidate/lion-upright.blend"
Saved: '/Users/chikumatsuboi/Code/animal-racers-western/assets/source/western/revision2/qa/lion/upright/motion/candidate/defeat/0000.png'
Time: 00:00.03 (Saving: 00:00.00)

Saved: '/Users/chikumatsuboi/Code/animal-racers-western/assets/source/western/revision2/qa/lion/upright/motion/candidate/defeat/0001.png'
Time: 00:00.03 (Saving: 00:00.00)

Saved: '/Users/chikumatsuboi/Code/animal-racers-western/assets/source/western/revision2/qa/lion/upright/motion/candidate/defeat/0002.png'
Time: 00:00.03 (Saving: 00:00.00)

Saved: '/Users/chikumatsuboi/Code/animal-racers-western/assets/source/western/revision2/qa/lion/upright/motion/candidate/defeat/0003.png'
Time: 00:00.03 (Saving: 00:00.00)

Saved: '/Users/chikumatsuboi/Code/animal-racers-western/assets/source/western/revision2/qa/lion/upright/motion/candidate/defeat/0004.png'
Time: 00:00.03 (Saving: 00:00.00)

Saved: '/Users/chikumatsuboi/Code/animal-racers-western/assets/source/western/revision2/qa/lion/upright/motion/candidate/defeat/0005.png'
Time: 00:00.03 (Saving: 00:00.00)

Saved: '/Users/chikumatsuboi/Code/animal-racers-western/assets/source/western/revision2/qa/lion/upright/motion/candidate/defeat/0006.png'
Time: 00:00.03 (Saving: 00:00.00)

Saved: '/Users/chikumatsuboi/Code/animal-racers-western/assets/source/western/revision2/qa/lion/upright/motion/candidate/defeat/0007.png'
Time: 00:00.03 (Saving: 00:00.00)

Saved: '/Users/chikumatsuboi/Code/animal-racers-western/assets/source/western/revision2/qa/lion/upright/motion/candidate/defeat/0008.png'
Time: 00:00.03 (Saving: 00:00.00)

Saved: '/Users/chikumatsuboi/Code/animal-racers-western/assets/source/western/revision2/qa/lion/upright/motion/candidate/defeat/0009.png'
Time: 00:00.03 (Saving: 00:00.00)

Saved: '/Users/chikumatsuboi/Code/animal-racers-western/assets/source/western/revision2/qa/lion/upright/motion/candidate/defeat/0010.png'
Time: 00:00.03 (Saving: 00:00.00)

Saved: '/Users/chikumatsuboi/Code/animal-racers-western/assets/source/western/revision2/qa/lion/upright/motion/candidate/defeat/0011.png'
Time: 00:00.03 (Saving: 00:00.00)

Saved: '/Users/chikumatsuboi/Code/animal-racers-western/assets/source/western/revision2/qa/lion/upright/motion/candidate/defeat/0012.png'
Time: 00:00.03 (Saving: 00:00.00)

Saved: '/Users/chikumatsuboi/Code/animal-racers-western/assets/source/western/revision2/qa/lion/upright/motion/candidate/defeat/0013.png'
Time: 00:00.03 (Saving: 00:00.00)

Saved: '/Users/chikumatsuboi/Code/animal-racers-western/assets/source/western/revision2/qa/lion/upright/motion/candidate/defeat/0014.png'
Time: 00:00.03 (Saving: 00:00.00)

Saved: '/Users/chikumatsuboi/Code/animal-racers-western/assets/source/western/revision2/qa/lion/upright/motion/candidate/defeat/0015.png'
Time: 00:00.03 (Saving: 00:00.00)

Saved: '/Users/chikumatsuboi/Code/animal-racers-western/assets/source/western/revision2/qa/lion/upright/motion/candidate/defeat/0016.png'
Time: 00:00.03 (Saving: 00:00.00)

Saved: '/Users/chikumatsuboi/Code/animal-racers-western/assets/source/western/revision2/qa/lion/upright/motion/candidate/defeat/0017.png'
Time: 00:00.03 (Saving: 00:00.00)

Saved: '/Users/chikumatsuboi/Code/animal-racers-western/assets/source/western/revision2/qa/lion/upright/motion/candidate/defeat/0018.png'
Time: 00:00.03 (Saving: 00:00.00)

Saved: '/Users/chikumatsuboi/Code/animal-racers-western/assets/source/western/revision2/qa/lion/upright/motion/candidate/defeat/0019.png'
Time: 00:00.03 (Saving: 00:00.00)

Saved: '/Users/chikumatsuboi/Code/animal-racers-western/assets/source/western/revision2/qa/lion/upright/motion/candidate/defeat/0020.png'
Time: 00:00.03 (Saving: 00:00.00)

REVISION2_MOTION lion upright defeat 21
Read blend: "/Users/chikumatsuboi/Code/animal-racers-western/assets/source/western/revision2/inputs/lion-upright.blend"
Saved: '/Users/chikumatsuboi/Code/animal-racers-western/assets/source/western/revision2/qa/lion/upright/motion/control/evade/0000.png'
Time: 00:00.03 (Saving: 00:00.00)

Saved: '/Users/chikumatsuboi/Code/animal-racers-western/assets/source/western/revision2/qa/lion/upright/motion/control/evade/0001.png'
Time: 00:00.03 (Saving: 00:00.00)

Saved: '/Users/chikumatsuboi/Code/animal-racers-western/assets/source/western/revision2/qa/lion/upright/motion/control/evade/0002.png'
Time: 00:00.03 (Saving: 00:00.00)

Saved: '/Users/chikumatsuboi/Code/animal-racers-western/assets/source/western/revision2/qa/lion/upright/motion/control/evade/0003.png'
Time: 00:00.03 (Saving: 00:00.00)

Saved: '/Users/chikumatsuboi/Code/animal-racers-western/assets/source/western/revision2/qa/lion/upright/motion/control/evade/0004.png'
Time: 00:00.04 (Saving: 00:00.00)

Saved: '/Users/chikumatsuboi/Code/animal-racers-western/assets/source/western/revision2/qa/lion/upright/motion/control/evade/0005.png'
Time: 00:00.04 (Saving: 00:00.00)

Saved: '/Users/chikumatsuboi/Code/animal-racers-western/assets/source/western/revision2/qa/lion/upright/motion/control/evade/0006.png'
Time: 00:00.03 (Saving: 00:00.00)

Read blend: "/Users/chikumatsuboi/Code/animal-racers-western/assets/source/western/revision2/candidate/lion-upright.blend"
Saved: '/Users/chikumatsuboi/Code/animal-racers-western/assets/source/western/revision2/qa/lion/upright/motion/candidate/evade/0000.png'
Time: 00:00.03 (Saving: 00:00.00)

Saved: '/Users/chikumatsuboi/Code/animal-racers-western/assets/source/western/revision2/qa/lion/upright/motion/candidate/evade/0001.png'
Time: 00:00.04 (Saving: 00:00.00)

Saved: '/Users/chikumatsuboi/Code/animal-racers-western/assets/source/western/revision2/qa/lion/upright/motion/candidate/evade/0002.png'
Time: 00:00.03 (Saving: 00:00.00)

Saved: '/Users/chikumatsuboi/Code/animal-racers-western/assets/source/western/revision2/qa/lion/upright/motion/candidate/evade/0003.png'
Time: 00:00.03 (Saving: 00:00.00)

Saved: '/Users/chikumatsuboi/Code/animal-racers-western/assets/source/western/revision2/qa/lion/upright/motion/candidate/evade/0004.png'
Time: 00:00.03 (Saving: 00:00.00)

Saved: '/Users/chikumatsuboi/Code/animal-racers-western/assets/source/western/revision2/qa/lion/upright/motion/candidate/evade/0005.png'
Time: 00:00.03 (Saving: 00:00.00)

Saved: '/Users/chikumatsuboi/Code/animal-racers-western/assets/source/western/revision2/qa/lion/upright/motion/candidate/evade/0006.png'
Time: 00:00.03 (Saving: 00:00.00)

REVISION2_MOTION lion upright evade 7
Read blend: "/Users/chikumatsuboi/Code/animal-racers-western/assets/source/western/revision2/inputs/lion-upright.blend"
Saved: '/Users/chikumatsuboi/Code/animal-racers-western/assets/source/western/revision2/qa/lion/upright/motion/control/fight_idle/0000.png'
Time: 00:00.03 (Saving: 00:00.00)

Saved: '/Users/chikumatsuboi/Code/animal-racers-western/assets/source/western/revision2/qa/lion/upright/motion/control/fight_idle/0001.png'
Time: 00:00.03 (Saving: 00:00.00)

Saved: '/Users/chikumatsuboi/Code/animal-racers-western/assets/source/western/revision2/qa/lion/upright/motion/control/fight_idle/0002.png'
Time: 00:00.03 (Saving: 00:00.00)

Saved: '/Users/chikumatsuboi/Code/animal-racers-western/assets/source/western/revision2/qa/lion/upright/motion/control/fight_idle/0003.png'
Time: 00:00.03 (Saving: 00:00.00)

Saved: '/Users/chikumatsuboi/Code/animal-racers-western/assets/source/western/revision2/qa/lion/upright/motion/control/fight_idle/0004.png'
Time: 00:00.03 (Saving: 00:00.00)

Saved: '/Users/chikumatsuboi/Code/animal-racers-western/assets/source/western/revision2/qa/lion/upright/motion/control/fight_idle/0005.png'
Time: 00:00.03 (Saving: 00:00.00)

Saved: '/Users/chikumatsuboi/Code/animal-racers-western/assets/source/western/revision2/qa/lion/upright/motion/control/fight_idle/0006.png'
Time: 00:00.03 (Saving: 00:00.00)

Saved: '/Users/chikumatsuboi/Code/animal-racers-western/assets/source/western/revision2/qa/lion/upright/motion/control/fight_idle/0007.png'
Time: 00:00.03 (Saving: 00:00.00)

Saved: '/Users/chikumatsuboi/Code/animal-racers-western/assets/source/western/revision2/qa/lion/upright/motion/control/fight_idle/0008.png'
Time: 00:00.03 (Saving: 00:00.00)

Saved: '/Users/chikumatsuboi/Code/animal-racers-western/assets/source/western/revision2/qa/lion/upright/motion/control/fight_idle/0009.png'
Time: 00:00.03 (Saving: 00:00.00)

Saved: '/Users/chikumatsuboi/Code/animal-racers-western/assets/source/western/revision2/qa/lion/upright/motion/control/fight_idle/0010.png'
Time: 00:00.03 (Saving: 00:00.00)

Saved: '/Users/chikumatsuboi/Code/animal-racers-western/assets/source/western/revision2/qa/lion/upright/motion/control/fight_idle/0011.png'
Time: 00:00.03 (Saving: 00:00.00)

Saved: '/Users/chikumatsuboi/Code/animal-racers-western/assets/source/western/revision2/qa/lion/upright/motion/control/fight_idle/0012.png'
Time: 00:00.03 (Saving: 00:00.00)

Saved: '/Users/chikumatsuboi/Code/animal-racers-western/assets/source/western/revision2/qa/lion/upright/motion/control/fight_idle/0013.png'
Time: 00:00.03 (Saving: 00:00.00)

Saved: '/Users/chikumatsuboi/Code/animal-racers-western/assets/source/western/revision2/qa/lion/upright/motion/control/fight_idle/0014.png'
Time: 00:00.03 (Saving: 00:00.00)

Saved: '/Users/chikumatsuboi/Code/animal-racers-western/assets/source/western/revision2/qa/lion/upright/motion/control/fight_idle/0015.png'
Time: 00:00.03 (Saving: 00:00.00)

Saved: '/Users/chikumatsuboi/Code/animal-racers-western/assets/source/western/revision2/qa/lion/upright/motion/control/fight_idle/0016.png'
Time: 00:00.03 (Saving: 00:00.00)

Saved: '/Users/chikumatsuboi/Code/animal-racers-western/assets/source/western/revision2/qa/lion/upright/motion/control/fight_idle/0017.png'
Time: 00:00.03 (Saving: 00:00.00)

Saved: '/Users/chikumatsuboi/Code/animal-racers-western/assets/source/western/revision2/qa/lion/upright/motion/control/fight_idle/0018.png'
Time: 00:00.03 (Saving: 00:00.00)

Saved: '/Users/chikumatsuboi/Code/animal-racers-western/assets/source/western/revision2/qa/lion/upright/motion/control/fight_idle/0019.png'
Time: 00:00.03 (Saving: 00:00.00)

Saved: '/Users/chikumatsuboi/Code/animal-racers-western/assets/source/western/revision2/qa/lion/upright/motion/control/fight_idle/0020.png'
Time: 00:00.03 (Saving: 00:00.00)

Saved: '/Users/chikumatsuboi/Code/animal-racers-western/assets/source/western/revision2/qa/lion/upright/motion/control/fight_idle/0021.png'
Time: 00:00.03 (Saving: 00:00.00)

Saved: '/Users/chikumatsuboi/Code/animal-racers-western/assets/source/western/revision2/qa/lion/upright/motion/control/fight_idle/0022.png'
Time: 00:00.03 (Saving: 00:00.00)

Saved: '/Users/chikumatsuboi/Code/animal-racers-western/assets/source/western/revision2/qa/lion/upright/motion/control/fight_idle/0023.png'
Time: 00:00.03 (Saving: 00:00.00)

Saved: '/Users/chikumatsuboi/Code/animal-racers-western/assets/source/western/revision2/qa/lion/upright/motion/control/fight_idle/0024.png'
Time: 00:00.03 (Saving: 00:00.00)

Saved: '/Users/chikumatsuboi/Code/animal-racers-western/assets/source/western/revision2/qa/lion/upright/motion/control/fight_idle/0025.png'
Time: 00:00.03 (Saving: 00:00.00)

Saved: '/Users/chikumatsuboi/Code/animal-racers-western/assets/source/western/revision2/qa/lion/upright/motion/control/fight_idle/0026.png'
Time: 00:00.03 (Saving: 00:00.00)

Saved: '/Users/chikumatsuboi/Code/animal-racers-western/assets/source/western/revision2/qa/lion/upright/motion/control/fight_idle/0027.png'
Time: 00:00.04 (Saving: 00:00.00)

Saved: '/Users/chikumatsuboi/Code/animal-racers-western/assets/source/western/revision2/qa/lion/upright/motion/control/fight_idle/0028.png'
Time: 00:00.03 (Saving: 00:00.00)

Saved: '/Users/chikumatsuboi/Code/animal-racers-western/assets/source/western/revision2/qa/lion/upright/motion/control/fight_idle/0029.png'
Time: 00:00.03 (Saving: 00:00.00)

Saved: '/Users/chikumatsuboi/Code/animal-racers-western/assets/source/western/revision2/qa/lion/upright/motion/control/fight_idle/0030.png'
Time: 00:00.03 (Saving: 00:00.00)

Read blend: "/Users/chikumatsuboi/Code/animal-racers-western/assets/source/western/revision2/candidate/lion-upright.blend"
Saved: '/Users/chikumatsuboi/Code/animal-racers-western/assets/source/western/revision2/qa/lion/upright/motion/candidate/fight_idle/0000.png'
Time: 00:00.03 (Saving: 00:00.00)

Saved: '/Users/chikumatsuboi/Code/animal-racers-western/assets/source/western/revision2/qa/lion/upright/motion/candidate/fight_idle/0001.png'
Time: 00:00.03 (Saving: 00:00.00)

Saved: '/Users/chikumatsuboi/Code/animal-racers-western/assets/source/western/revision2/qa/lion/upright/motion/candidate/fight_idle/0002.png'
Time: 00:00.03 (Saving: 00:00.00)

Saved: '/Users/chikumatsuboi/Code/animal-racers-western/assets/source/western/revision2/qa/lion/upright/motion/candidate/fight_idle/0003.png'
Time: 00:00.03 (Saving: 00:00.00)

Saved: '/Users/chikumatsuboi/Code/animal-racers-western/assets/source/western/revision2/qa/lion/upright/motion/candidate/fight_idle/0004.png'
Time: 00:00.03 (Saving: 00:00.00)

Saved: '/Users/chikumatsuboi/Code/animal-racers-western/assets/source/western/revision2/qa/lion/upright/motion/candidate/fight_idle/0005.png'
Time: 00:00.03 (Saving: 00:00.00)

Saved: '/Users/chikumatsuboi/Code/animal-racers-western/assets/source/western/revision2/qa/lion/upright/motion/candidate/fight_idle/0006.png'
Time: 00:00.03 (Saving: 00:00.00)

Saved: '/Users/chikumatsuboi/Code/animal-racers-western/assets/source/western/revision2/qa/lion/upright/motion/candidate/fight_idle/0007.png'
Time: 00:00.03 (Saving: 00:00.00)

Saved: '/Users/chikumatsuboi/Code/animal-racers-western/assets/source/western/revision2/qa/lion/upright/motion/candidate/fight_idle/0008.png'
Time: 00:00.03 (Saving: 00:00.00)

Saved: '/Users/chikumatsuboi/Code/animal-racers-western/assets/source/western/revision2/qa/lion/upright/motion/candidate/fight_idle/0009.png'
Time: 00:00.03 (Saving: 00:00.00)

Saved: '/Users/chikumatsuboi/Code/animal-racers-western/assets/source/western/revision2/qa/lion/upright/motion/candidate/fight_idle/0010.png'
Time: 00:00.03 (Saving: 00:00.00)

Saved: '/Users/chikumatsuboi/Code/animal-racers-western/assets/source/western/revision2/qa/lion/upright/motion/candidate/fight_idle/0011.png'
Time: 00:00.03 (Saving: 00:00.00)

Saved: '/Users/chikumatsuboi/Code/animal-racers-western/assets/source/western/revision2/qa/lion/upright/motion/candidate/fight_idle/0012.png'
Time: 00:00.03 (Saving: 00:00.00)

Saved: '/Users/chikumatsuboi/Code/animal-racers-western/assets/source/western/revision2/qa/lion/upright/motion/candidate/fight_idle/0013.png'
Time: 00:00.03 (Saving: 00:00.00)

Saved: '/Users/chikumatsuboi/Code/animal-racers-western/assets/source/western/revision2/qa/lion/upright/motion/candidate/fight_idle/0014.png'
Time: 00:00.03 (Saving: 00:00.00)

Saved: '/Users/chikumatsuboi/Code/animal-racers-western/assets/source/western/revision2/qa/lion/upright/motion/candidate/fight_idle/0015.png'
Time: 00:00.03 (Saving: 00:00.00)

Saved: '/Users/chikumatsuboi/Code/animal-racers-western/assets/source/western/revision2/qa/lion/upright/motion/candidate/fight_idle/0016.png'
Time: 00:00.03 (Saving: 00:00.00)

Saved: '/Users/chikumatsuboi/Code/animal-racers-western/assets/source/western/revision2/qa/lion/upright/motion/candidate/fight_idle/0017.png'
Time: 00:00.03 (Saving: 00:00.00)

Saved: '/Users/chikumatsuboi/Code/animal-racers-western/assets/source/western/revision2/qa/lion/upright/motion/candidate/fight_idle/0018.png'
Time: 00:00.03 (Saving: 00:00.00)

Saved: '/Users/chikumatsuboi/Code/animal-racers-western/assets/source/western/revision2/qa/lion/upright/motion/candidate/fight_idle/0019.png'
Time: 00:00.03 (Saving: 00:00.00)

Saved: '/Users/chikumatsuboi/Code/animal-racers-western/assets/source/western/revision2/qa/lion/upright/motion/candidate/fight_idle/0020.png'
Time: 00:00.03 (Saving: 00:00.00)

Saved: '/Users/chikumatsuboi/Code/animal-racers-western/assets/source/western/revision2/qa/lion/upright/motion/candidate/fight_idle/0021.png'
Time: 00:00.03 (Saving: 00:00.00)

Saved: '/Users/chikumatsuboi/Code/animal-racers-western/assets/source/western/revision2/qa/lion/upright/motion/candidate/fight_idle/0022.png'
Time: 00:00.03 (Saving: 00:00.00)

Saved: '/Users/chikumatsuboi/Code/animal-racers-western/assets/source/western/revision2/qa/lion/upright/motion/candidate/fight_idle/0023.png'
Time: 00:00.03 (Saving: 00:00.00)

Saved: '/Users/chikumatsuboi/Code/animal-racers-western/assets/source/western/revision2/qa/lion/upright/motion/candidate/fight_idle/0024.png'
Time: 00:00.03 (Saving: 00:00.00)

Saved: '/Users/chikumatsuboi/Code/animal-racers-western/assets/source/western/revision2/qa/lion/upright/motion/candidate/fight_idle/0025.png'
Time: 00:00.03 (Saving: 00:00.00)

Saved: '/Users/chikumatsuboi/Code/animal-racers-western/assets/source/western/revision2/qa/lion/upright/motion/candidate/fight_idle/0026.png'
Time: 00:00.03 (Saving: 00:00.00)

Saved: '/Users/chikumatsuboi/Code/animal-racers-western/assets/source/western/revision2/qa/lion/upright/motion/candidate/fight_idle/0027.png'
Time: 00:00.03 (Saving: 00:00.00)

Saved: '/Users/chikumatsuboi/Code/animal-racers-western/assets/source/western/revision2/qa/lion/upright/motion/candidate/fight_idle/0028.png'
Time: 00:00.03 (Saving: 00:00.00)

Saved: '/Users/chikumatsuboi/Code/animal-racers-western/assets/source/western/revision2/qa/lion/upright/motion/candidate/fight_idle/0029.png'
Time: 00:00.03 (Saving: 00:00.00)

Saved: '/Users/chikumatsuboi/Code/animal-racers-western/assets/source/western/revision2/qa/lion/upright/motion/candidate/fight_idle/0030.png'
Time: 00:00.03 (Saving: 00:00.00)

REVISION2_MOTION lion upright fight_idle 31
Read blend: "/Users/chikumatsuboi/Code/animal-racers-western/assets/source/western/revision2/inputs/lion-upright.blend"
Saved: '/Users/chikumatsuboi/Code/animal-racers-western/assets/source/western/revision2/qa/lion/upright/motion/control/fight_move/0000.png'
Time: 00:00.04 (Saving: 00:00.00)

Saved: '/Users/chikumatsuboi/Code/animal-racers-western/assets/source/western/revision2/qa/lion/upright/motion/control/fight_move/0001.png'
Time: 00:00.03 (Saving: 00:00.00)

Saved: '/Users/chikumatsuboi/Code/animal-racers-western/assets/source/western/revision2/qa/lion/upright/motion/control/fight_move/0002.png'
Time: 00:00.03 (Saving: 00:00.00)

Saved: '/Users/chikumatsuboi/Code/animal-racers-western/assets/source/western/revision2/qa/lion/upright/motion/control/fight_move/0003.png'
Time: 00:00.03 (Saving: 00:00.00)

Saved: '/Users/chikumatsuboi/Code/animal-racers-western/assets/source/western/revision2/qa/lion/upright/motion/control/fight_move/0004.png'
Time: 00:00.04 (Saving: 00:00.00)

Saved: '/Users/chikumatsuboi/Code/animal-racers-western/assets/source/western/revision2/qa/lion/upright/motion/control/fight_move/0005.png'
Time: 00:00.03 (Saving: 00:00.00)

Saved: '/Users/chikumatsuboi/Code/animal-racers-western/assets/source/western/revision2/qa/lion/upright/motion/control/fight_move/0006.png'
Time: 00:00.04 (Saving: 00:00.00)

Read blend: "/Users/chikumatsuboi/Code/animal-racers-western/assets/source/western/revision2/candidate/lion-upright.blend"
Saved: '/Users/chikumatsuboi/Code/animal-racers-western/assets/source/western/revision2/qa/lion/upright/motion/candidate/fight_move/0000.png'
Time: 00:00.03 (Saving: 00:00.00)

Saved: '/Users/chikumatsuboi/Code/animal-racers-western/assets/source/western/revision2/qa/lion/upright/motion/candidate/fight_move/0001.png'
Time: 00:00.03 (Saving: 00:00.00)

Saved: '/Users/chikumatsuboi/Code/animal-racers-western/assets/source/western/revision2/qa/lion/upright/motion/candidate/fight_move/0002.png'
Time: 00:00.03 (Saving: 00:00.00)

Saved: '/Users/chikumatsuboi/Code/animal-racers-western/assets/source/western/revision2/qa/lion/upright/motion/candidate/fight_move/0003.png'
Time: 00:00.03 (Saving: 00:00.00)

Saved: '/Users/chikumatsuboi/Code/animal-racers-western/assets/source/western/revision2/qa/lion/upright/motion/candidate/fight_move/0004.png'
Time: 00:00.03 (Saving: 00:00.00)

Saved: '/Users/chikumatsuboi/Code/animal-racers-western/assets/source/western/revision2/qa/lion/upright/motion/candidate/fight_move/0005.png'
Time: 00:00.03 (Saving: 00:00.00)

Saved: '/Users/chikumatsuboi/Code/animal-racers-western/assets/source/western/revision2/qa/lion/upright/motion/candidate/fight_move/0006.png'
Time: 00:00.03 (Saving: 00:00.00)

REVISION2_MOTION lion upright fight_move 7
Read blend: "/Users/chikumatsuboi/Code/animal-racers-western/assets/source/western/revision2/inputs/lion-upright.blend"
Saved: '/Users/chikumatsuboi/Code/animal-racers-western/assets/source/western/revision2/qa/lion/upright/motion/control/guard/0000.png'
Time: 00:00.04 (Saving: 00:00.00)

Saved: '/Users/chikumatsuboi/Code/animal-racers-western/assets/source/western/revision2/qa/lion/upright/motion/control/guard/0001.png'
Time: 00:00.04 (Saving: 00:00.00)

Saved: '/Users/chikumatsuboi/Code/animal-racers-western/assets/source/western/revision2/qa/lion/upright/motion/control/guard/0002.png'
Time: 00:00.03 (Saving: 00:00.00)

Saved: '/Users/chikumatsuboi/Code/animal-racers-western/assets/source/western/revision2/qa/lion/upright/motion/control/guard/0003.png'
Time: 00:00.03 (Saving: 00:00.00)

Saved: '/Users/chikumatsuboi/Code/animal-racers-western/assets/source/western/revision2/qa/lion/upright/motion/control/guard/0004.png'
Time: 00:00.03 (Saving: 00:00.00)

Saved: '/Users/chikumatsuboi/Code/animal-racers-western/assets/source/western/revision2/qa/lion/upright/motion/control/guard/0005.png'
Time: 00:00.03 (Saving: 00:00.00)

Saved: '/Users/chikumatsuboi/Code/animal-racers-western/assets/source/western/revision2/qa/lion/upright/motion/control/guard/0006.png'
Time: 00:00.03 (Saving: 00:00.00)

Saved: '/Users/chikumatsuboi/Code/animal-racers-western/assets/source/western/revision2/qa/lion/upright/motion/control/guard/0007.png'
Time: 00:00.03 (Saving: 00:00.00)

Saved: '/Users/chikumatsuboi/Code/animal-racers-western/assets/source/western/revision2/qa/lion/upright/motion/control/guard/0008.png'
Time: 00:00.03 (Saving: 00:00.00)

Saved: '/Users/chikumatsuboi/Code/animal-racers-western/assets/source/western/revision2/qa/lion/upright/motion/control/guard/0009.png'
Time: 00:00.03 (Saving: 00:00.00)

Read blend: "/Users/chikumatsuboi/Code/animal-racers-western/assets/source/western/revision2/candidate/lion-upright.blend"
Saved: '/Users/chikumatsuboi/Code/animal-racers-western/assets/source/western/revision2/qa/lion/upright/motion/candidate/guard/0000.png'
Time: 00:00.02 (Saving: 00:00.00)

Saved: '/Users/chikumatsuboi/Code/animal-racers-western/assets/source/western/revision2/qa/lion/upright/motion/candidate/guard/0001.png'
Time: 00:00.02 (Saving: 00:00.00)

Saved: '/Users/chikumatsuboi/Code/animal-racers-western/assets/source/western/revision2/qa/lion/upright/motion/candidate/guard/0002.png'
Time: 00:00.02 (Saving: 00:00.00)

Saved: '/Users/chikumatsuboi/Code/animal-racers-western/assets/source/western/revision2/qa/lion/upright/motion/candidate/guard/0003.png'
Time: 00:00.03 (Saving: 00:00.00)

Saved: '/Users/chikumatsuboi/Code/animal-racers-western/assets/source/western/revision2/qa/lion/upright/motion/candidate/guard/0004.png'
Time: 00:00.03 (Saving: 00:00.00)

Saved: '/Users/chikumatsuboi/Code/animal-racers-western/assets/source/western/revision2/qa/lion/upright/motion/candidate/guard/0005.png'
Time: 00:00.03 (Saving: 00:00.00)

Saved: '/Users/chikumatsuboi/Code/animal-racers-western/assets/source/western/revision2/qa/lion/upright/motion/candidate/guard/0006.png'
Time: 00:00.03 (Saving: 00:00.00)

Saved: '/Users/chikumatsuboi/Code/animal-racers-western/assets/source/western/revision2/qa/lion/upright/motion/candidate/guard/0007.png'
Time: 00:00.03 (Saving: 00:00.01)

Saved: '/Users/chikumatsuboi/Code/animal-racers-western/assets/source/western/revision2/qa/lion/upright/motion/candidate/guard/0008.png'
Time: 00:00.03 (Saving: 00:00.00)

Saved: '/Users/chikumatsuboi/Code/animal-racers-western/assets/source/western/revision2/qa/lion/upright/motion/candidate/guard/0009.png'
Time: 00:00.03 (Saving: 00:00.00)

REVISION2_MOTION lion upright guard 10
Read blend: "/Users/chikumatsuboi/Code/animal-racers-western/assets/source/western/revision2/inputs/lion-upright.blend"
Saved: '/Users/chikumatsuboi/Code/animal-racers-western/assets/source/western/revision2/qa/lion/upright/motion/control/hit/0000.png'
Time: 00:00.03 (Saving: 00:00.00)

Saved: '/Users/chikumatsuboi/Code/animal-racers-western/assets/source/western/revision2/qa/lion/upright/motion/control/hit/0001.png'
Time: 00:00.03 (Saving: 00:00.00)

Saved: '/Users/chikumatsuboi/Code/animal-racers-western/assets/source/western/revision2/qa/lion/upright/motion/control/hit/0002.png'
Time: 00:00.03 (Saving: 00:00.00)

Saved: '/Users/chikumatsuboi/Code/animal-racers-western/assets/source/western/revision2/qa/lion/upright/motion/control/hit/0003.png'
Time: 00:00.04 (Saving: 00:00.00)

Saved: '/Users/chikumatsuboi/Code/animal-racers-western/assets/source/western/revision2/qa/lion/upright/motion/control/hit/0004.png'
Time: 00:00.03 (Saving: 00:00.00)

Saved: '/Users/chikumatsuboi/Code/animal-racers-western/assets/source/western/revision2/qa/lion/upright/motion/control/hit/0005.png'
Time: 00:00.03 (Saving: 00:00.00)

Saved: '/Users/chikumatsuboi/Code/animal-racers-western/assets/source/western/revision2/qa/lion/upright/motion/control/hit/0006.png'
Time: 00:00.03 (Saving: 00:00.00)

Read blend: "/Users/chikumatsuboi/Code/animal-racers-western/assets/source/western/revision2/candidate/lion-upright.blend"
Saved: '/Users/chikumatsuboi/Code/animal-racers-western/assets/source/western/revision2/qa/lion/upright/motion/candidate/hit/0000.png'
Time: 00:00.03 (Saving: 00:00.00)

Saved: '/Users/chikumatsuboi/Code/animal-racers-western/assets/source/western/revision2/qa/lion/upright/motion/candidate/hit/0001.png'
Time: 00:00.03 (Saving: 00:00.00)

Saved: '/Users/chikumatsuboi/Code/animal-racers-western/assets/source/western/revision2/qa/lion/upright/motion/candidate/hit/0002.png'
Time: 00:00.03 (Saving: 00:00.00)

Saved: '/Users/chikumatsuboi/Code/animal-racers-western/assets/source/western/revision2/qa/lion/upright/motion/candidate/hit/0003.png'
Time: 00:00.03 (Saving: 00:00.00)

Saved: '/Users/chikumatsuboi/Code/animal-racers-western/assets/source/western/revision2/qa/lion/upright/motion/candidate/hit/0004.png'
Time: 00:00.03 (Saving: 00:00.00)

Saved: '/Users/chikumatsuboi/Code/animal-racers-western/assets/source/western/revision2/qa/lion/upright/motion/candidate/hit/0005.png'
Time: 00:00.03 (Saving: 00:00.00)

Saved: '/Users/chikumatsuboi/Code/animal-racers-western/assets/source/western/revision2/qa/lion/upright/motion/candidate/hit/0006.png'
Time: 00:00.03 (Saving: 00:00.00)

REVISION2_MOTION lion upright hit 7
Read blend: "/Users/chikumatsuboi/Code/animal-racers-western/assets/source/western/revision2/inputs/lion-upright.blend"
Saved: '/Users/chikumatsuboi/Code/animal-racers-western/assets/source/western/revision2/qa/lion/upright/motion/control/jump/0000.png'
Time: 00:00.03 (Saving: 00:00.00)

Saved: '/Users/chikumatsuboi/Code/animal-racers-western/assets/source/western/revision2/qa/lion/upright/motion/control/jump/0001.png'
Time: 00:00.03 (Saving: 00:00.00)

Saved: '/Users/chikumatsuboi/Code/animal-racers-western/assets/source/western/revision2/qa/lion/upright/motion/control/jump/0002.png'
Time: 00:00.03 (Saving: 00:00.00)

Saved: '/Users/chikumatsuboi/Code/animal-racers-western/assets/source/western/revision2/qa/lion/upright/motion/control/jump/0003.png'
Time: 00:00.03 (Saving: 00:00.00)

Saved: '/Users/chikumatsuboi/Code/animal-racers-western/assets/source/western/revision2/qa/lion/upright/motion/control/jump/0004.png'
Time: 00:00.03 (Saving: 00:00.00)

Saved: '/Users/chikumatsuboi/Code/animal-racers-western/assets/source/western/revision2/qa/lion/upright/motion/control/jump/0005.png'
Time: 00:00.03 (Saving: 00:00.00)

Saved: '/Users/chikumatsuboi/Code/animal-racers-western/assets/source/western/revision2/qa/lion/upright/motion/control/jump/0006.png'
Time: 00:00.03 (Saving: 00:00.00)

Saved: '/Users/chikumatsuboi/Code/animal-racers-western/assets/source/western/revision2/qa/lion/upright/motion/control/jump/0007.png'
Time: 00:00.03 (Saving: 00:00.00)

Saved: '/Users/chikumatsuboi/Code/animal-racers-western/assets/source/western/revision2/qa/lion/upright/motion/control/jump/0008.png'
Time: 00:00.03 (Saving: 00:00.00)

Saved: '/Users/chikumatsuboi/Code/animal-racers-western/assets/source/western/revision2/qa/lion/upright/motion/control/jump/0009.png'
Time: 00:00.03 (Saving: 00:00.00)

Saved: '/Users/chikumatsuboi/Code/animal-racers-western/assets/source/western/revision2/qa/lion/upright/motion/control/jump/0010.png'
Time: 00:00.03 (Saving: 00:00.00)

Saved: '/Users/chikumatsuboi/Code/animal-racers-western/assets/source/western/revision2/qa/lion/upright/motion/control/jump/0011.png'
Time: 00:00.03 (Saving: 00:00.00)

Saved: '/Users/chikumatsuboi/Code/animal-racers-western/assets/source/western/revision2/qa/lion/upright/motion/control/jump/0012.png'
Time: 00:00.03 (Saving: 00:00.00)

Read blend: "/Users/chikumatsuboi/Code/animal-racers-western/assets/source/western/revision2/candidate/lion-upright.blend"
Saved: '/Users/chikumatsuboi/Code/animal-racers-western/assets/source/western/revision2/qa/lion/upright/motion/candidate/jump/0000.png'
Time: 00:00.03 (Saving: 00:00.00)

Saved: '/Users/chikumatsuboi/Code/animal-racers-western/assets/source/western/revision2/qa/lion/upright/motion/candidate/jump/0001.png'
Time: 00:00.04 (Saving: 00:00.00)

Saved: '/Users/chikumatsuboi/Code/animal-racers-western/assets/source/western/revision2/qa/lion/upright/motion/candidate/jump/0002.png'
Time: 00:00.03 (Saving: 00:00.00)

Saved: '/Users/chikumatsuboi/Code/animal-racers-western/assets/source/western/revision2/qa/lion/upright/motion/candidate/jump/0003.png'
Time: 00:00.03 (Saving: 00:00.00)

Saved: '/Users/chikumatsuboi/Code/animal-racers-western/assets/source/western/revision2/qa/lion/upright/motion/candidate/jump/0004.png'
Time: 00:00.03 (Saving: 00:00.00)

Saved: '/Users/chikumatsuboi/Code/animal-racers-western/assets/source/western/revision2/qa/lion/upright/motion/candidate/jump/0005.png'
Time: 00:00.03 (Saving: 00:00.00)

Saved: '/Users/chikumatsuboi/Code/animal-racers-western/assets/source/western/revision2/qa/lion/upright/motion/candidate/jump/0006.png'
Time: 00:00.03 (Saving: 00:00.00)

Saved: '/Users/chikumatsuboi/Code/animal-racers-western/assets/source/western/revision2/qa/lion/upright/motion/candidate/jump/0007.png'
Time: 00:00.03 (Saving: 00:00.01)

Saved: '/Users/chikumatsuboi/Code/animal-racers-western/assets/source/western/revision2/qa/lion/upright/motion/candidate/jump/0008.png'
Time: 00:00.03 (Saving: 00:00.00)

Saved: '/Users/chikumatsuboi/Code/animal-racers-western/assets/source/western/revision2/qa/lion/upright/motion/candidate/jump/0009.png'
Time: 00:00.03 (Saving: 00:00.00)

Saved: '/Users/chikumatsuboi/Code/animal-racers-western/assets/source/western/revision2/qa/lion/upright/motion/candidate/jump/0010.png'
Time: 00:00.03 (Saving: 00:00.00)

Saved: '/Users/chikumatsuboi/Code/animal-racers-western/assets/source/western/revision2/qa/lion/upright/motion/candidate/jump/0011.png'
Time: 00:00.03 (Saving: 00:00.00)

Saved: '/Users/chikumatsuboi/Code/animal-racers-western/assets/source/western/revision2/qa/lion/upright/motion/candidate/jump/0012.png'
Time: 00:00.03 (Saving: 00:00.00)

REVISION2_MOTION lion upright jump 13
Read blend: "/Users/chikumatsuboi/Code/animal-racers-western/assets/source/western/revision2/inputs/lion-upright.blend"
Saved: '/Users/chikumatsuboi/Code/animal-racers-western/assets/source/western/revision2/qa/lion/upright/motion/control/land/0000.png'
Time: 00:00.04 (Saving: 00:00.00)

Saved: '/Users/chikumatsuboi/Code/animal-racers-western/assets/source/western/revision2/qa/lion/upright/motion/control/land/0001.png'
Time: 00:00.04 (Saving: 00:00.01)

Saved: '/Users/chikumatsuboi/Code/animal-racers-western/assets/source/western/revision2/qa/lion/upright/motion/control/land/0002.png'
Time: 00:00.03 (Saving: 00:00.00)

Saved: '/Users/chikumatsuboi/Code/animal-racers-western/assets/source/western/revision2/qa/lion/upright/motion/control/land/0003.png'
Time: 00:00.03 (Saving: 00:00.00)

Saved: '/Users/chikumatsuboi/Code/animal-racers-western/assets/source/western/revision2/qa/lion/upright/motion/control/land/0004.png'
Time: 00:00.03 (Saving: 00:00.00)

Saved: '/Users/chikumatsuboi/Code/animal-racers-western/assets/source/western/revision2/qa/lion/upright/motion/control/land/0005.png'
Time: 00:00.03 (Saving: 00:00.00)

Read blend: "/Users/chikumatsuboi/Code/animal-racers-western/assets/source/western/revision2/candidate/lion-upright.blend"
Saved: '/Users/chikumatsuboi/Code/animal-racers-western/assets/source/western/revision2/qa/lion/upright/motion/candidate/land/0000.png'
Time: 00:00.03 (Saving: 00:00.00)

Saved: '/Users/chikumatsuboi/Code/animal-racers-western/assets/source/western/revision2/qa/lion/upright/motion/candidate/land/0001.png'
Time: 00:00.03 (Saving: 00:00.00)

Saved: '/Users/chikumatsuboi/Code/animal-racers-western/assets/source/western/revision2/qa/lion/upright/motion/candidate/land/0002.png'
Time: 00:00.03 (Saving: 00:00.00)

Saved: '/Users/chikumatsuboi/Code/animal-racers-western/assets/source/western/revision2/qa/lion/upright/motion/candidate/land/0003.png'
Time: 00:00.03 (Saving: 00:00.00)

Saved: '/Users/chikumatsuboi/Code/animal-racers-western/assets/source/western/revision2/qa/lion/upright/motion/candidate/land/0004.png'
Time: 00:00.03 (Saving: 00:00.00)

Saved: '/Users/chikumatsuboi/Code/animal-racers-western/assets/source/western/revision2/qa/lion/upright/motion/candidate/land/0005.png'
Time: 00:00.03 (Saving: 00:00.00)

REVISION2_MOTION lion upright land 6
Read blend: "/Users/chikumatsuboi/Code/animal-racers-western/assets/source/western/revision2/inputs/lion-upright.blend"
Saved: '/Users/chikumatsuboi/Code/animal-racers-western/assets/source/western/revision2/qa/lion/upright/motion/control/special/0000.png'
Time: 00:00.04 (Saving: 00:00.00)

Saved: '/Users/chikumatsuboi/Code/animal-racers-western/assets/source/western/revision2/qa/lion/upright/motion/control/special/0001.png'
Time: 00:00.03 (Saving: 00:00.00)

Saved: '/Users/chikumatsuboi/Code/animal-racers-western/assets/source/western/revision2/qa/lion/upright/motion/control/special/0002.png'
Time: 00:00.03 (Saving: 00:00.00)

Saved: '/Users/chikumatsuboi/Code/animal-racers-western/assets/source/western/revision2/qa/lion/upright/motion/control/special/0003.png'
Time: 00:00.03 (Saving: 00:00.00)

Saved: '/Users/chikumatsuboi/Code/animal-racers-western/assets/source/western/revision2/qa/lion/upright/motion/control/special/0004.png'
Time: 00:00.03 (Saving: 00:00.00)

Saved: '/Users/chikumatsuboi/Code/animal-racers-western/assets/source/western/revision2/qa/lion/upright/motion/control/special/0005.png'
Time: 00:00.03 (Saving: 00:00.00)

Saved: '/Users/chikumatsuboi/Code/animal-racers-western/assets/source/western/revision2/qa/lion/upright/motion/control/special/0006.png'
Time: 00:00.03 (Saving: 00:00.00)

Saved: '/Users/chikumatsuboi/Code/animal-racers-western/assets/source/western/revision2/qa/lion/upright/motion/control/special/0007.png'
Time: 00:00.03 (Saving: 00:00.00)

Saved: '/Users/chikumatsuboi/Code/animal-racers-western/assets/source/western/revision2/qa/lion/upright/motion/control/special/0008.png'
Time: 00:00.03 (Saving: 00:00.00)

Saved: '/Users/chikumatsuboi/Code/animal-racers-western/assets/source/western/revision2/qa/lion/upright/motion/control/special/0009.png'
Time: 00:00.03 (Saving: 00:00.00)

Saved: '/Users/chikumatsuboi/Code/animal-racers-western/assets/source/western/revision2/qa/lion/upright/motion/control/special/0010.png'
Time: 00:00.03 (Saving: 00:00.00)

Saved: '/Users/chikumatsuboi/Code/animal-racers-western/assets/source/western/revision2/qa/lion/upright/motion/control/special/0011.png'
Time: 00:00.03 (Saving: 00:00.00)

Saved: '/Users/chikumatsuboi/Code/animal-racers-western/assets/source/western/revision2/qa/lion/upright/motion/control/special/0012.png'
Time: 00:00.03 (Saving: 00:00.00)

Saved: '/Users/chikumatsuboi/Code/animal-racers-western/assets/source/western/revision2/qa/lion/upright/motion/control/special/0013.png'
Time: 00:00.03 (Saving: 00:00.00)

Saved: '/Users/chikumatsuboi/Code/animal-racers-western/assets/source/western/revision2/qa/lion/upright/motion/control/special/0014.png'
Time: 00:00.03 (Saving: 00:00.00)

Read blend: "/Users/chikumatsuboi/Code/animal-racers-western/assets/source/western/revision2/candidate/lion-upright.blend"
Saved: '/Users/chikumatsuboi/Code/animal-racers-western/assets/source/western/revision2/qa/lion/upright/motion/candidate/special/0000.png'
Time: 00:00.03 (Saving: 00:00.00)

Saved: '/Users/chikumatsuboi/Code/animal-racers-western/assets/source/western/revision2/qa/lion/upright/motion/candidate/special/0001.png'
Time: 00:00.03 (Saving: 00:00.00)

Saved: '/Users/chikumatsuboi/Code/animal-racers-western/assets/source/western/revision2/qa/lion/upright/motion/candidate/special/0002.png'
Time: 00:00.03 (Saving: 00:00.00)

Saved: '/Users/chikumatsuboi/Code/animal-racers-western/assets/source/western/revision2/qa/lion/upright/motion/candidate/special/0003.png'
Time: 00:00.04 (Saving: 00:00.00)

Saved: '/Users/chikumatsuboi/Code/animal-racers-western/assets/source/western/revision2/qa/lion/upright/motion/candidate/special/0004.png'
Time: 00:00.03 (Saving: 00:00.00)

Saved: '/Users/chikumatsuboi/Code/animal-racers-western/assets/source/western/revision2/qa/lion/upright/motion/candidate/special/0005.png'
Time: 00:00.03 (Saving: 00:00.00)

Saved: '/Users/chikumatsuboi/Code/animal-racers-western/assets/source/western/revision2/qa/lion/upright/motion/candidate/special/0006.png'
Time: 00:00.03 (Saving: 00:00.00)

Saved: '/Users/chikumatsuboi/Code/animal-racers-western/assets/source/western/revision2/qa/lion/upright/motion/candidate/special/0007.png'
Time: 00:00.03 (Saving: 00:00.00)

Saved: '/Users/chikumatsuboi/Code/animal-racers-western/assets/source/western/revision2/qa/lion/upright/motion/candidate/special/0008.png'
Time: 00:00.03 (Saving: 00:00.00)

Saved: '/Users/chikumatsuboi/Code/animal-racers-western/assets/source/western/revision2/qa/lion/upright/motion/candidate/special/0009.png'
Time: 00:00.03 (Saving: 00:00.00)

Saved: '/Users/chikumatsuboi/Code/animal-racers-western/assets/source/western/revision2/qa/lion/upright/motion/candidate/special/0010.png'
Time: 00:00.04 (Saving: 00:00.01)

Saved: '/Users/chikumatsuboi/Code/animal-racers-western/assets/source/western/revision2/qa/lion/upright/motion/candidate/special/0011.png'
Time: 00:00.03 (Saving: 00:00.00)

Saved: '/Users/chikumatsuboi/Code/animal-racers-western/assets/source/western/revision2/qa/lion/upright/motion/candidate/special/0012.png'
Time: 00:00.03 (Saving: 00:00.00)

Saved: '/Users/chikumatsuboi/Code/animal-racers-western/assets/source/western/revision2/qa/lion/upright/motion/candidate/special/0013.png'
Time: 00:00.03 (Saving: 00:00.00)

Saved: '/Users/chikumatsuboi/Code/animal-racers-western/assets/source/western/revision2/qa/lion/upright/motion/candidate/special/0014.png'
Time: 00:00.03 (Saving: 00:00.00)

REVISION2_MOTION lion upright special 15
Read blend: "/Users/chikumatsuboi/Code/animal-racers-western/assets/source/western/revision2/inputs/lion-upright.blend"
Saved: '/Users/chikumatsuboi/Code/animal-racers-western/assets/source/western/revision2/qa/lion/upright/motion/control/transform/0000.png'
Time: 00:00.04 (Saving: 00:00.00)

Saved: '/Users/chikumatsuboi/Code/animal-racers-western/assets/source/western/revision2/qa/lion/upright/motion/control/transform/0001.png'
Time: 00:00.04 (Saving: 00:00.00)

Saved: '/Users/chikumatsuboi/Code/animal-racers-western/assets/source/western/revision2/qa/lion/upright/motion/control/transform/0002.png'
Time: 00:00.03 (Saving: 00:00.00)

Saved: '/Users/chikumatsuboi/Code/animal-racers-western/assets/source/western/revision2/qa/lion/upright/motion/control/transform/0003.png'
Time: 00:00.03 (Saving: 00:00.00)

Saved: '/Users/chikumatsuboi/Code/animal-racers-western/assets/source/western/revision2/qa/lion/upright/motion/control/transform/0004.png'
Time: 00:00.03 (Saving: 00:00.00)

Saved: '/Users/chikumatsuboi/Code/animal-racers-western/assets/source/western/revision2/qa/lion/upright/motion/control/transform/0005.png'
Time: 00:00.03 (Saving: 00:00.00)

Saved: '/Users/chikumatsuboi/Code/animal-racers-western/assets/source/western/revision2/qa/lion/upright/motion/control/transform/0006.png'
Time: 00:00.03 (Saving: 00:00.00)

Saved: '/Users/chikumatsuboi/Code/animal-racers-western/assets/source/western/revision2/qa/lion/upright/motion/control/transform/0007.png'
Time: 00:00.03 (Saving: 00:00.00)

Saved: '/Users/chikumatsuboi/Code/animal-racers-western/assets/source/western/revision2/qa/lion/upright/motion/control/transform/0008.png'
Time: 00:00.03 (Saving: 00:00.00)

Saved: '/Users/chikumatsuboi/Code/animal-racers-western/assets/source/western/revision2/qa/lion/upright/motion/control/transform/0009.png'
Time: 00:00.03 (Saving: 00:00.00)

Saved: '/Users/chikumatsuboi/Code/animal-racers-western/assets/source/western/revision2/qa/lion/upright/motion/control/transform/0010.png'
Time: 00:00.03 (Saving: 00:00.00)

Saved: '/Users/chikumatsuboi/Code/animal-racers-western/assets/source/western/revision2/qa/lion/upright/motion/control/transform/0011.png'
Time: 00:00.03 (Saving: 00:00.00)

Saved: '/Users/chikumatsuboi/Code/animal-racers-western/assets/source/western/revision2/qa/lion/upright/motion/control/transform/0012.png'
Time: 00:00.03 (Saving: 00:00.00)

Saved: '/Users/chikumatsuboi/Code/animal-racers-western/assets/source/western/revision2/qa/lion/upright/motion/control/transform/0013.png'
Time: 00:00.03 (Saving: 00:00.00)

Saved: '/Users/chikumatsuboi/Code/animal-racers-western/assets/source/western/revision2/qa/lion/upright/motion/control/transform/0014.png'
Time: 00:00.03 (Saving: 00:00.00)

Saved: '/Users/chikumatsuboi/Code/animal-racers-western/assets/source/western/revision2/qa/lion/upright/motion/control/transform/0015.png'
Time: 00:00.04 (Saving: 00:00.01)

Saved: '/Users/chikumatsuboi/Code/animal-racers-western/assets/source/western/revision2/qa/lion/upright/motion/control/transform/0016.png'
Time: 00:00.04 (Saving: 00:00.00)

Saved: '/Users/chikumatsuboi/Code/animal-racers-western/assets/source/western/revision2/qa/lion/upright/motion/control/transform/0017.png'
Time: 00:00.03 (Saving: 00:00.00)

Saved: '/Users/chikumatsuboi/Code/animal-racers-western/assets/source/western/revision2/qa/lion/upright/motion/control/transform/0018.png'
Time: 00:00.03 (Saving: 00:00.00)

Read blend: "/Users/chikumatsuboi/Code/animal-racers-western/assets/source/western/revision2/candidate/lion-upright.blend"
Saved: '/Users/chikumatsuboi/Code/animal-racers-western/assets/source/western/revision2/qa/lion/upright/motion/candidate/transform/0000.png'
Time: 00:00.03 (Saving: 00:00.00)

Saved: '/Users/chikumatsuboi/Code/animal-racers-western/assets/source/western/revision2/qa/lion/upright/motion/candidate/transform/0001.png'
Time: 00:00.03 (Saving: 00:00.00)

Saved: '/Users/chikumatsuboi/Code/animal-racers-western/assets/source/western/revision2/qa/lion/upright/motion/candidate/transform/0002.png'
Time: 00:00.03 (Saving: 00:00.00)

Saved: '/Users/chikumatsuboi/Code/animal-racers-western/assets/source/western/revision2/qa/lion/upright/motion/candidate/transform/0003.png'
Time: 00:00.03 (Saving: 00:00.00)

Saved: '/Users/chikumatsuboi/Code/animal-racers-western/assets/source/western/revision2/qa/lion/upright/motion/candidate/transform/0004.png'
Time: 00:00.03 (Saving: 00:00.00)

Saved: '/Users/chikumatsuboi/Code/animal-racers-western/assets/source/western/revision2/qa/lion/upright/motion/candidate/transform/0005.png'
Time: 00:00.03 (Saving: 00:00.00)

Saved: '/Users/chikumatsuboi/Code/animal-racers-western/assets/source/western/revision2/qa/lion/upright/motion/candidate/transform/0006.png'
Time: 00:00.03 (Saving: 00:00.00)

Saved: '/Users/chikumatsuboi/Code/animal-racers-western/assets/source/western/revision2/qa/lion/upright/motion/candidate/transform/0007.png'
Time: 00:00.03 (Saving: 00:00.00)

Saved: '/Users/chikumatsuboi/Code/animal-racers-western/assets/source/western/revision2/qa/lion/upright/motion/candidate/transform/0008.png'
Time: 00:00.03 (Saving: 00:00.00)

Saved: '/Users/chikumatsuboi/Code/animal-racers-western/assets/source/western/revision2/qa/lion/upright/motion/candidate/transform/0009.png'
Time: 00:00.03 (Saving: 00:00.00)

Saved: '/Users/chikumatsuboi/Code/animal-racers-western/assets/source/western/revision2/qa/lion/upright/motion/candidate/transform/0010.png'
Time: 00:00.03 (Saving: 00:00.00)

Saved: '/Users/chikumatsuboi/Code/animal-racers-western/assets/source/western/revision2/qa/lion/upright/motion/candidate/transform/0011.png'
Time: 00:00.03 (Saving: 00:00.00)

Saved: '/Users/chikumatsuboi/Code/animal-racers-western/assets/source/western/revision2/qa/lion/upright/motion/candidate/transform/0012.png'
Time: 00:00.03 (Saving: 00:00.00)

Saved: '/Users/chikumatsuboi/Code/animal-racers-western/assets/source/western/revision2/qa/lion/upright/motion/candidate/transform/0013.png'
Time: 00:00.03 (Saving: 00:00.00)

Saved: '/Users/chikumatsuboi/Code/animal-racers-western/assets/source/western/revision2/qa/lion/upright/motion/candidate/transform/0014.png'
Time: 00:00.03 (Saving: 00:00.00)

Saved: '/Users/chikumatsuboi/Code/animal-racers-western/assets/source/western/revision2/qa/lion/upright/motion/candidate/transform/0015.png'
Time: 00:00.03 (Saving: 00:00.00)

Saved: '/Users/chikumatsuboi/Code/animal-racers-western/assets/source/western/revision2/qa/lion/upright/motion/candidate/transform/0016.png'
Time: 00:00.03 (Saving: 00:00.00)

Saved: '/Users/chikumatsuboi/Code/animal-racers-western/assets/source/western/revision2/qa/lion/upright/motion/candidate/transform/0017.png'
Time: 00:00.03 (Saving: 00:00.00)

Saved: '/Users/chikumatsuboi/Code/animal-racers-western/assets/source/western/revision2/qa/lion/upright/motion/candidate/transform/0018.png'
Time: 00:00.03 (Saving: 00:00.00)

REVISION2_MOTION lion upright transform 19
REVISION2_PACKAGE_OK lion upright
REVISION2_SOURCE_OK wolf race
Read blend: "/Users/chikumatsuboi/Code/animal-racers-western/assets/source/western/revision2/candidate/wolf.blend"
Read blend: "/Users/chikumatsuboi/Code/animal-racers-western/assets/source/western/revision2/inputs/wolf.blend"
Saved: '/Users/chikumatsuboi/Code/animal-racers-western/assets/source/western/revision2/qa/wolf/race/control-front.png'
Time: 00:00.05 (Saving: 00:00.01)

Saved: '/Users/chikumatsuboi/Code/animal-racers-western/assets/source/western/revision2/qa/wolf/race/control-side.png'
Time: 00:00.04 (Saving: 00:00.01)

Saved: '/Users/chikumatsuboi/Code/animal-racers-western/assets/source/western/revision2/qa/wolf/race/control-three-quarter.png'
Time: 00:00.03 (Saving: 00:00.01)

Saved: '/Users/chikumatsuboi/Code/animal-racers-western/assets/source/western/revision2/qa/wolf/race/control-face.png'
Time: 00:00.03 (Saving: 00:00.01)

REVISION2_PREVIEW wolf race control
Read blend: "/Users/chikumatsuboi/Code/animal-racers-western/assets/source/western/revision2/candidate/wolf.blend"
Saved: '/Users/chikumatsuboi/Code/animal-racers-western/assets/source/western/revision2/qa/wolf/race/candidate-front.png'
Time: 00:00.03 (Saving: 00:00.01)

Saved: '/Users/chikumatsuboi/Code/animal-racers-western/assets/source/western/revision2/qa/wolf/race/candidate-side.png'
Time: 00:00.03 (Saving: 00:00.01)

Saved: '/Users/chikumatsuboi/Code/animal-racers-western/assets/source/western/revision2/qa/wolf/race/candidate-three-quarter.png'
Time: 00:00.03 (Saving: 00:00.01)

Saved: '/Users/chikumatsuboi/Code/animal-racers-western/assets/source/western/revision2/qa/wolf/race/candidate-face.png'
Time: 00:00.03 (Saving: 00:00.01)

REVISION2_PREVIEW wolf race candidate
Read blend: "/Users/chikumatsuboi/Code/animal-racers-western/assets/source/western/revision2/inputs/wolf.blend"
Fra:1 Mem:31.40M (Peak 31.40M) | Time:00:00.00 | Mem:0.00M, Peak:0.00M | Scene, ViewLayer | Synchronizing object | Matched softbox.002
Fra:1 Mem:31.40M (Peak 31.40M) | Time:00:00.00 | Mem:0.00M, Peak:0.00M | Scene, ViewLayer | Synchronizing object | Matched softbox.001
Fra:1 Mem:31.40M (Peak 31.40M) | Time:00:00.00 | Mem:0.00M, Peak:0.00M | Scene, ViewLayer | Synchronizing object | Matched softbox
Fra:1 Mem:31.40M (Peak 31.40M) | Time:00:00.00 | Mem:0.00M, Peak:0.00M | Scene, ViewLayer | Synchronizing object | Raised elemental crest
Fra:1 Mem:31.40M (Peak 31.40M) | Time:00:00.00 | Mem:0.00M, Peak:0.00M | Scene, ViewLayer | Synchronizing object | Brass crest clasp
Fra:1 Mem:31.42M (Peak 31.42M) | Time:00:00.00 | Mem:0.00M, Peak:0.00M | Scene, ViewLayer | Synchronizing object | Neckerchief folded point
Fra:1 Mem:31.42M (Peak 31.42M) | Time:00:00.00 | Mem:0.00M, Peak:0.00M | Scene, ViewLayer | Synchronizing object | Leather neckerchief roll
Fra:1 Mem:31.43M (Peak 31.43M) | Time:00:00.00 | Mem:0.00M, Peak:0.00M | Scene, ViewLayer | Synchronizing object | Articulated tail
Fra:1 Mem:31.46M (Peak 31.46M) | Time:00:00.00 | Mem:0.00M, Peak:0.00M | Scene, ViewLayer | Synchronizing object | Wrist fur.011
Fra:1 Mem:31.46M (Peak 31.46M) | Time:00:00.00 | Mem:0.00M, Peak:0.00M | Scene, ViewLayer | Synchronizing object | Wrist fur.010
Fra:1 Mem:31.46M (Peak 31.46M) | Time:00:00.00 | Mem:0.00M, Peak:0.00M | Scene, ViewLayer | Synchronizing object | Wrist fur.009
Fra:1 Mem:31.47M (Peak 31.47M) | Time:00:00.00 | Mem:0.00M, Peak:0.00M | Scene, ViewLayer | Synchronizing object | Layered shoulder fur.011
Fra:1 Mem:31.47M (Peak 31.47M) | Time:00:00.00 | Mem:0.00M, Peak:0.00M | Scene, ViewLayer | Synchronizing object | Layered shoulder fur.010
Fra:1 Mem:31.48M (Peak 31.48M) | Time:00:00.00 | Mem:0.00M, Peak:0.00M | Scene, ViewLayer | Synchronizing object | Layered shoulder fur.009
Fra:1 Mem:31.48M (Peak 31.48M) | Time:00:00.00 | Mem:0.00M, Peak:0.00M | Scene, ViewLayer | Synchronizing object | Wrist fur.008
Fra:1 Mem:31.49M (Peak 31.49M) | Time:00:00.00 | Mem:0.00M, Peak:0.00M | Scene, ViewLayer | Synchronizing object | Wrist fur.007
Fra:1 Mem:31.49M (Peak 31.49M) | Time:00:00.00 | Mem:0.00M, Peak:0.00M | Scene, ViewLayer | Synchronizing object | Wrist fur.006
Fra:1 Mem:31.50M (Peak 31.50M) | Time:00:00.00 | Mem:0.00M, Peak:0.00M | Scene, ViewLayer | Synchronizing object | Layered shoulder fur.008
Fra:1 Mem:31.50M (Peak 31.50M) | Time:00:00.00 | Mem:0.00M, Peak:0.00M | Scene, ViewLayer | Synchronizing object | Layered shoulder fur.007
Fra:1 Mem:31.50M (Peak 31.50M) | Time:00:00.00 | Mem:0.00M, Peak:0.00M | Scene, ViewLayer | Synchronizing object | Layered shoulder fur.006
Fra:1 Mem:31.51M (Peak 31.51M) | Time:00:00.00 | Mem:0.00M, Peak:0.00M | Scene, ViewLayer | Synchronizing object | Wrist fur.005
Fra:1 Mem:31.51M (Peak 31.51M) | Time:00:00.00 | Mem:0.00M, Peak:0.00M | Scene, ViewLayer | Synchronizing object | Wrist fur.004
Fra:1 Mem:31.52M (Peak 31.52M) | Time:00:00.00 | Mem:0.00M, Peak:0.00M | Scene, ViewLayer | Synchronizing object | Wrist fur.003
Fra:1 Mem:31.52M (Peak 31.52M) | Time:00:00.00 | Mem:0.00M, Peak:0.00M | Scene, ViewLayer | Synchronizing object | Layered shoulder fur.005
Fra:1 Mem:31.53M (Peak 31.53M) | Time:00:00.00 | Mem:0.00M, Peak:0.00M | Scene, ViewLayer | Synchronizing object | Layered shoulder fur.004
Fra:1 Mem:31.53M (Peak 31.53M) | Time:00:00.00 | Mem:0.00M, Peak:0.00M | Scene, ViewLayer | Synchronizing object | Layered shoulder fur.003
Fra:1 Mem:31.53M (Peak 31.53M) | Time:00:00.00 | Mem:0.00M, Peak:0.00M | Scene, ViewLayer | Synchronizing object | Wrist fur.002
Fra:1 Mem:31.54M (Peak 31.54M) | Time:00:00.00 | Mem:0.00M, Peak:0.00M | Scene, ViewLayer | Synchronizing object | Wrist fur.001
Fra:1 Mem:31.54M (Peak 31.54M) | Time:00:00.00 | Mem:0.00M, Peak:0.00M | Scene, ViewLayer | Synchronizing object | Wrist fur
Fra:1 Mem:31.55M (Peak 31.55M) | Time:00:00.00 | Mem:0.00M, Peak:0.00M | Scene, ViewLayer | Synchronizing object | Layered shoulder fur.002
Fra:1 Mem:31.55M (Peak 31.55M) | Time:00:00.00 | Mem:0.00M, Peak:0.00M | Scene, ViewLayer | Synchronizing object | Layered shoulder fur.001
Fra:1 Mem:31.56M (Peak 31.56M) | Time:00:00.00 | Mem:0.00M, Peak:0.00M | Scene, ViewLayer | Synchronizing object | Layered shoulder fur
Fra:1 Mem:31.56M (Peak 31.56M) | Time:00:00.00 | Mem:0.00M, Peak:0.00M | Scene, ViewLayer | Synchronizing object | Ice swept crest.005
Fra:1 Mem:31.57M (Peak 31.57M) | Time:00:00.00 | Mem:0.00M, Peak:0.00M | Scene, ViewLayer | Synchronizing object | Ice swept crest.004
Fra:1 Mem:31.57M (Peak 31.57M) | Time:00:00.00 | Mem:0.00M, Peak:0.00M | Scene, ViewLayer | Synchronizing object | Ice swept crest.003
Fra:1 Mem:31.57M (Peak 31.57M) | Time:00:00.00 | Mem:0.00M, Peak:0.00M | Scene, ViewLayer | Synchronizing object | Ice swept crest.002
Fra:1 Mem:31.58M (Peak 31.58M) | Time:00:00.00 | Mem:0.00M, Peak:0.00M | Scene, ViewLayer | Synchronizing object | Ice swept crest.001
Fra:1 Mem:31.58M (Peak 31.58M) | Time:00:00.00 | Mem:0.00M, Peak:0.00M | Scene, ViewLayer | Synchronizing object | Ice swept crest
Fra:1 Mem:31.59M (Peak 31.59M) | Time:00:00.00 | Mem:0.00M, Peak:0.00M | Scene, ViewLayer | Synchronizing object | Swept cheek ruff.007
Fra:1 Mem:31.59M (Peak 31.59M) | Time:00:00.00 | Mem:0.00M, Peak:0.00M | Scene, ViewLayer | Synchronizing object | Swept cheek ruff.006
Fra:1 Mem:31.59M (Peak 31.59M) | Time:00:00.00 | Mem:0.00M, Peak:0.00M | Scene, ViewLayer | Synchronizing object | Swept cheek ruff.005
Fra:1 Mem:31.60M (Peak 31.60M) | Time:00:00.00 | Mem:0.00M, Peak:0.00M | Scene, ViewLayer | Synchronizing object | Swept cheek ruff.004
Fra:1 Mem:31.60M (Peak 31.60M) | Time:00:00.00 | Mem:0.00M, Peak:0.00M | Scene, ViewLayer | Synchronizing object | Swept cheek ruff.003
Fra:1 Mem:31.61M (Peak 31.61M) | Time:00:00.00 | Mem:0.00M, Peak:0.00M | Scene, ViewLayer | Synchronizing object | Swept cheek ruff.002
Fra:1 Mem:31.61M (Peak 31.61M) | Time:00:00.00 | Mem:0.00M, Peak:0.00M | Scene, ViewLayer | Synchronizing object | Swept cheek ruff.001
Fra:1 Mem:31.62M (Peak 31.62M) | Time:00:00.00 | Mem:0.00M, Peak:0.00M | Scene, ViewLayer | Synchronizing object | Swept cheek ruff
Fra:1 Mem:31.62M (Peak 31.62M) | Time:00:00.00 | Mem:0.00M, Peak:0.00M | Scene, ViewLayer | Synchronizing object | Inner ear.001
Fra:1 Mem:31.62M (Peak 31.62M) | Time:00:00.00 | Mem:0.00M, Peak:0.00M | Scene, ViewLayer | Synchronizing object | Pointed species ear.001
Fra:1 Mem:31.62M (Peak 31.62M) | Time:00:00.00 | Mem:0.00M, Peak:0.00M | Scene, ViewLayer | Synchronizing object | Inner ear
Fra:1 Mem:31.62M (Peak 31.62M) | Time:00:00.00 | Mem:0.00M, Peak:0.00M | Scene, ViewLayer | Synchronizing object | Pointed species ear
Fra:1 Mem:31.62M (Peak 31.62M) | Time:00:00.00 | Mem:0.00M, Peak:0.00M | Scene, ViewLayer | Synchronizing object | Lower canine.001
Fra:1 Mem:31.63M (Peak 31.63M) | Time:00:00.00 | Mem:0.00M, Peak:0.00M | Scene, ViewLayer | Synchronizing object | Lower canine
Fra:1 Mem:31.63M (Peak 31.63M) | Time:00:00.00 | Mem:0.00M, Peak:0.00M | Scene, ViewLayer | Synchronizing object | Howl tongue
Fra:1 Mem:31.65M (Peak 31.65M) | Time:00:00.00 | Mem:0.00M, Peak:0.00M | Scene, ViewLayer | Synchronizing object | Connected outer cheek.001
Fra:1 Mem:31.65M (Peak 31.65M) | Time:00:00.00 | Mem:0.00M, Peak:0.00M | Scene, ViewLayer | Synchronizing object | Connected outer cheek
Fra:1 Mem:31.65M (Peak 31.65M) | Time:00:00.00 | Mem:0.00M, Peak:0.00M | Scene, ViewLayer | Synchronizing object | Mandible floor
Fra:1 Mem:31.66M (Peak 31.66M) | Time:00:00.00 | Mem:0.00M, Peak:0.00M | Scene, ViewLayer | Synchronizing object | Upper palate
Fra:1 Mem:31.66M (Peak 31.66M) | Time:00:00.00 | Mem:0.00M, Peak:0.00M | Scene, ViewLayer | Synchronizing object | Connected inner mouth sleeve
Fra:1 Mem:31.67M (Peak 31.67M) | Time:00:00.00 | Mem:0.00M, Peak:0.00M | Scene, ViewLayer | Synchronizing object | Lower jaw
Fra:1 Mem:31.71M (Peak 31.71M) | Time:00:00.00 | Mem:0.00M, Peak:0.00M | Scene, ViewLayer | Synchronizing object | Whisker pore.005
Fra:1 Mem:31.71M (Peak 31.71M) | Time:00:00.00 | Mem:0.00M, Peak:0.00M | Scene, ViewLayer | Synchronizing object | Whisker pore.004
Fra:1 Mem:31.72M (Peak 31.72M) | Time:00:00.00 | Mem:0.00M, Peak:0.00M | Scene, ViewLayer | Synchronizing object | Whisker pore.003
Fra:1 Mem:31.73M (Peak 31.73M) | Time:00:00.00 | Mem:0.00M, Peak:0.00M | Scene, ViewLayer | Synchronizing object | Smiling mouth.001
Fra:1 Mem:31.73M (Peak 31.73M) | Time:00:00.00 | Mem:0.00M, Peak:0.00M | Scene, ViewLayer | Synchronizing object | Expressive brow.001
Fra:1 Mem:31.73M (Peak 31.73M) | Time:00:00.00 | Mem:0.00M, Peak:0.00M | Scene, ViewLayer | Synchronizing object | Eye glint.001
Fra:1 Mem:31.75M (Peak 31.75M) | Time:00:00.00 | Mem:0.00M, Peak:0.00M | Scene, ViewLayer | Synchronizing object | Pupil.001
Fra:1 Mem:31.77M (Peak 31.77M) | Time:00:00.00 | Mem:0.00M, Peak:0.00M | Scene, ViewLayer | Synchronizing object | Iris.001
Fra:1 Mem:31.81M (Peak 31.81M) | Time:00:00.00 | Mem:0.00M, Peak:0.00M | Scene, ViewLayer | Synchronizing object | Ivory eye.001
Fra:1 Mem:31.85M (Peak 31.85M) | Time:00:00.00 | Mem:0.00M, Peak:0.00M | Scene, ViewLayer | Synchronizing object | Eye socket.001
Fra:1 Mem:31.90M (Peak 31.90M) | Time:00:00.00 | Mem:0.00M, Peak:0.00M | Scene, ViewLayer | Synchronizing object | Whisker pore.002
Fra:1 Mem:31.90M (Peak 31.90M) | Time:00:00.00 | Mem:0.00M, Peak:0.00M | Scene, ViewLayer | Synchronizing object | Whisker pore.001
Fra:1 Mem:31.91M (Peak 31.91M) | Time:00:00.00 | Mem:0.00M, Peak:0.00M | Scene, ViewLayer | Synchronizing object | Whisker pore
Fra:1 Mem:31.92M (Peak 31.92M) | Time:00:00.00 | Mem:0.00M, Peak:0.00M | Scene, ViewLayer | Synchronizing object | Smiling mouth
Fra:1 Mem:31.92M (Peak 31.92M) | Time:00:00.00 | Mem:0.00M, Peak:0.00M | Scene, ViewLayer | Synchronizing object | Expressive brow
Fra:1 Mem:31.93M (Peak 31.93M) | Time:00:00.00 | Mem:0.00M, Peak:0.00M | Scene, ViewLayer | Synchronizing object | Eye glint
Fra:1 Mem:31.94M (Peak 31.94M) | Time:00:00.00 | Mem:0.00M, Peak:0.00M | Scene, ViewLayer | Synchronizing object | Pupil
Fra:1 Mem:31.97M (Peak 31.97M) | Time:00:00.00 | Mem:0.00M, Peak:0.00M | Scene, ViewLayer | Synchronizing object | Iris
Fra:1 Mem:32.00M (Peak 32.00M) | Time:00:00.00 | Mem:0.00M, Peak:0.00M | Scene, ViewLayer | Synchronizing object | Ivory eye
Fra:1 Mem:32.04M (Peak 32.04M) | Time:00:00.00 | Mem:0.00M, Peak:0.00M | Scene, ViewLayer | Synchronizing object | Eye socket
Fra:1 Mem:32.09M (Peak 32.09M) | Time:00:00.00 | Mem:0.00M, Peak:0.00M | Scene, ViewLayer | Synchronizing object | Heart shaped nose
Fra:1 Mem:32.09M (Peak 32.09M) | Time:00:00.00 | Mem:0.00M, Peak:0.00M | Scene, ViewLayer | Synchronizing object | Frost muzzle
Fra:1 Mem:32.14M (Peak 32.14M) | Time:00:00.00 | Mem:0.00M, Peak:0.00M | Scene, ViewLayer | Synchronizing object | Head • species sculpt
Fra:1 Mem:32.42M (Peak 32.42M) | Time:00:00.00 | Mem:0.00M, Peak:0.00M | Scene, ViewLayer | Synchronizing object | Ivory claw.011
Fra:1 Mem:32.42M (Peak 32.42M) | Time:00:00.00 | Mem:0.00M, Peak:0.00M | Scene, ViewLayer | Synchronizing object | Paw toe.011
Fra:1 Mem:32.44M (Peak 32.44M) | Time:00:00.00 | Mem:0.00M, Peak:0.00M | Scene, ViewLayer | Synchronizing object | Ivory claw.010
Fra:1 Mem:32.44M (Peak 32.44M) | Time:00:00.00 | Mem:0.00M, Peak:0.00M | Scene, ViewLayer | Synchronizing object | Paw toe.010
Fra:1 Mem:32.46M (Peak 32.46M) | Time:00:00.00 | Mem:0.00M, Peak:0.00M | Scene, ViewLayer | Synchronizing object | Ivory claw.009
Fra:1 Mem:32.46M (Peak 32.46M) | Time:00:00.00 | Mem:0.00M, Peak:0.00M | Scene, ViewLayer | Synchronizing object | Paw toe.009
Fra:1 Mem:32.48M (Peak 32.48M) | Time:00:00.00 | Mem:0.00M, Peak:0.00M | Scene, ViewLayer | Synchronizing object | Ivory claw.008
Fra:1 Mem:32.49M (Peak 32.49M) | Time:00:00.00 | Mem:0.00M, Peak:0.00M | Scene, ViewLayer | Synchronizing object | Paw toe.008
Fra:1 Mem:32.51M (Peak 32.51M) | Time:00:00.00 | Mem:0.00M, Peak:0.00M | Scene, ViewLayer | Synchronizing object | Ivory claw.007
Fra:1 Mem:32.51M (Peak 32.51M) | Time:00:00.00 | Mem:0.00M, Peak:0.00M | Scene, ViewLayer | Synchronizing object | Paw toe.007
Fra:1 Mem:32.53M (Peak 32.53M) | Time:00:00.00 | Mem:0.00M, Peak:0.00M | Scene, ViewLayer | Synchronizing object | Ivory claw.006
Fra:1 Mem:32.53M (Peak 32.53M) | Time:00:00.00 | Mem:0.00M, Peak:0.00M | Scene, ViewLayer | Synchronizing object | Paw toe.006
Fra:1 Mem:32.55M (Peak 32.55M) | Time:00:00.00 | Mem:0.00M, Peak:0.00M | Scene, ViewLayer | Synchronizing object | Ivory claw.005
Fra:1 Mem:32.55M (Peak 32.55M) | Time:00:00.00 | Mem:0.00M, Peak:0.00M | Scene, ViewLayer | Synchronizing object | Paw toe.005
Fra:1 Mem:32.57M (Peak 32.57M) | Time:00:00.00 | Mem:0.00M, Peak:0.00M | Scene, ViewLayer | Synchronizing object | Ivory claw.004
Fra:1 Mem:32.57M (Peak 32.57M) | Time:00:00.00 | Mem:0.00M, Peak:0.00M | Scene, ViewLayer | Synchronizing object | Paw toe.004
Fra:1 Mem:32.59M (Peak 32.59M) | Time:00:00.00 | Mem:0.00M, Peak:0.00M | Scene, ViewLayer | Synchronizing object | Ivory claw.003
Fra:1 Mem:32.60M (Peak 32.60M) | Time:00:00.00 | Mem:0.00M, Peak:0.00M | Scene, ViewLayer | Synchronizing object | Paw toe.003
Fra:1 Mem:32.62M (Peak 32.62M) | Time:00:00.00 | Mem:0.00M, Peak:0.00M | Scene, ViewLayer | Synchronizing object | Ivory claw.002
Fra:1 Mem:32.62M (Peak 32.62M) | Time:00:00.00 | Mem:0.00M, Peak:0.00M | Scene, ViewLayer | Synchronizing object | Paw toe.002
Fra:1 Mem:32.64M (Peak 32.64M) | Time:00:00.00 | Mem:0.00M, Peak:0.00M | Scene, ViewLayer | Synchronizing object | Ivory claw.001
Fra:1 Mem:32.64M (Peak 32.64M) | Time:00:00.00 | Mem:0.00M, Peak:0.00M | Scene, ViewLayer | Synchronizing object | Paw toe.001
Fra:1 Mem:32.66M (Peak 32.66M) | Time:00:00.00 | Mem:0.00M, Peak:0.00M | Scene, ViewLayer | Synchronizing object | Ivory claw
Fra:1 Mem:32.66M (Peak 32.66M) | Time:00:00.00 | Mem:0.00M, Peak:0.00M | Scene, ViewLayer | Synchronizing object | Paw toe
Fra:1 Mem:32.68M (Peak 32.68M) | Time:00:00.00 | Mem:0.00M, Peak:0.00M | Scene, ViewLayer | Synchronizing object | Body • continuous sculpted skin
Fra:1 Mem:33.14M (Peak 33.14M) | Time:00:00.00 | Mem:0.00M, Peak:0.00M | Scene, ViewLayer | Initializing
Fra:1 Mem:31.48M (Peak 33.14M) | Time:00:00.00 | Mem:0.00M, Peak:0.00M | Scene, ViewLayer | Updating Images | Loading Authored short-fur normal
Fra:1 Mem:27.34M (Peak 33.14M) | Time:00:00.00 | Mem:0.25M, Peak:0.25M | Scene, ViewLayer | Waiting for render to start
Fra:1 Mem:27.34M (Peak 33.14M) | Time:00:00.01 | Mem:0.25M, Peak:0.25M | Scene, ViewLayer | Updating Scene
Fra:1 Mem:27.34M (Peak 33.14M) | Time:00:00.01 | Mem:0.25M, Peak:0.25M | Scene, ViewLayer | Updating Shaders
Fra:1 Mem:27.34M (Peak 33.14M) | Time:00:00.01 | Mem:0.25M, Peak:0.25M | Scene, ViewLayer | Loading render kernels (may take a few minutes the first time)
Fra:1 Mem:27.43M (Peak 33.14M) | Time:00:00.01 | Mem:0.26M, Peak:0.26M | Scene, ViewLayer | Updating Procedurals
Fra:1 Mem:27.43M (Peak 33.14M) | Time:00:00.01 | Mem:0.26M, Peak:0.26M | Scene, ViewLayer | Updating Background
Fra:1 Mem:27.43M (Peak 33.14M) | Time:00:00.01 | Mem:0.26M, Peak:0.26M | Scene, ViewLayer | Updating Camera
Fra:1 Mem:27.43M (Peak 33.14M) | Time:00:00.01 | Mem:0.26M, Peak:0.26M | Scene, ViewLayer | Updating Meshes Flags
Fra:1 Mem:27.43M (Peak 33.14M) | Time:00:00.01 | Mem:0.26M, Peak:0.26M | Scene, ViewLayer | Updating Objects
Fra:1 Mem:27.43M (Peak 33.14M) | Time:00:00.01 | Mem:0.26M, Peak:0.26M | Scene, ViewLayer | Updating Objects | Copying Transformations to device
Fra:1 Mem:27.46M (Peak 33.14M) | Time:00:00.01 | Mem:0.28M, Peak:0.28M | Scene, ViewLayer | Updating Particle Systems
Fra:1 Mem:27.46M (Peak 33.14M) | Time:00:00.01 | Mem:0.28M, Peak:0.28M | Scene, ViewLayer | Updating Particle Systems | Copying Particles to device
Fra:1 Mem:27.46M (Peak 33.14M) | Time:00:00.01 | Mem:0.28M, Peak:0.28M | Scene, ViewLayer | Updating Meshes
Fra:1 Mem:28.23M (Peak 33.14M) | Time:00:00.01 | Mem:0.28M, Peak:0.28M | Scene, ViewLayer | Updating Objects | Applying Static Transformations
Fra:1 Mem:28.23M (Peak 33.14M) | Time:00:00.01 | Mem:0.28M, Peak:0.28M | Scene, ViewLayer | Updating Mesh | Computing attributes
Fra:1 Mem:29.32M (Peak 33.14M) | Time:00:00.01 | Mem:0.30M, Peak:0.30M | Scene, ViewLayer | Updating Mesh | Copying Attributes to device
Fra:1 Mem:29.30M (Peak 33.14M) | Time:00:00.01 | Mem:1.36M, Peak:1.36M | Scene, ViewLayer | Updating Scene BVH | Building
Fra:1 Mem:29.30M (Peak 33.14M) | Time:00:00.01 | Mem:1.36M, Peak:1.36M | Scene, ViewLayer | Updating Scene BVH | Building BVH
Fra:1 Mem:29.30M (Peak 33.14M) | Time:00:00.01 | Mem:1.90M, Peak:1.90M | Scene, ViewLayer | Updating Scene BVH | Building BVH 0%
Fra:1 Mem:29.30M (Peak 33.14M) | Time:00:00.01 | Mem:2.55M, Peak:3.10M | Scene, ViewLayer | Updating Scene BVH | Copying BVH to device
Fra:1 Mem:29.30M (Peak 33.14M) | Time:00:00.01 | Mem:2.55M, Peak:3.10M | Scene, ViewLayer | Updating Mesh | Computing normals
Fra:1 Mem:29.79M (Peak 33.14M) | Time:00:00.01 | Mem:2.55M, Peak:3.10M | Scene, ViewLayer | Updating Mesh | Copying Mesh to device
Fra:1 Mem:29.79M (Peak 33.14M) | Time:00:00.01 | Mem:3.04M, Peak:3.10M | Scene, ViewLayer | Updating Objects Flags
Fra:1 Mem:29.79M (Peak 33.14M) | Time:00:00.01 | Mem:3.05M, Peak:3.10M | Scene, ViewLayer | Updating Primitive Offsets
Fra:1 Mem:29.80M (Peak 33.14M) | Time:00:00.01 | Mem:3.05M, Peak:3.10M | Scene, ViewLayer | Updating Images
Fra:1 Mem:29.80M (Peak 33.14M) | Time:00:00.01 | Mem:3.05M, Peak:3.10M | Scene, ViewLayer | Updating Camera Volume
Fra:1 Mem:29.80M (Peak 33.14M) | Time:00:00.01 | Mem:3.05M, Peak:3.10M | Scene, ViewLayer | Updating Lookup Tables
Fra:1 Mem:29.80M (Peak 33.14M) | Time:00:00.01 | Mem:3.13M, Peak:3.13M | Scene, ViewLayer | Updating Lights
Fra:1 Mem:29.80M (Peak 33.14M) | Time:00:00.01 | Mem:3.13M, Peak:3.13M | Scene, ViewLayer | Updating Lights | Computing tree
Fra:1 Mem:29.80M (Peak 33.14M) | Time:00:00.01 | Mem:3.13M, Peak:3.13M | Scene, ViewLayer | Updating Integrator
Fra:1 Mem:29.80M (Peak 33.14M) | Time:00:00.01 | Mem:3.13M, Peak:3.13M | Scene, ViewLayer | Updating Film
Fra:1 Mem:29.80M (Peak 33.14M) | Time:00:00.01 | Mem:3.05M, Peak:3.13M | Scene, ViewLayer | Updating Lookup Tables
Fra:1 Mem:29.80M (Peak 33.14M) | Time:00:00.01 | Mem:3.13M, Peak:3.13M | Scene, ViewLayer | Updating Baking
Fra:1 Mem:29.80M (Peak 33.14M) | Time:00:00.01 | Mem:3.13M, Peak:3.13M | Scene, ViewLayer | Updating Device | Writing constant memory
Fra:1 Mem:29.81M (Peak 33.14M) | Time:00:00.01 | Mem:3.13M, Peak:3.13M | Scene, ViewLayer | Loading denoising kernels (may take a few minutes the first time)
Fra:1 Mem:29.81M (Peak 33.14M) | Time:00:00.01 | Mem:3.13M, Peak:3.13M | Scene, ViewLayer | Sample 0/20
Fra:1 Mem:48.83M (Peak 48.83M) | Time:00:00.09 | Remaining:00:01.43 | Mem:22.14M, Peak:22.14M | Scene, ViewLayer | Sample 1/20
Fra:1 Mem:56.83M (Peak 68.83M) | Time:00:01.92 | Mem:22.14M, Peak:22.14M | Scene, ViewLayer | Sample 20/20
Fra:1 Mem:56.83M (Peak 68.83M) | Time:00:01.92 | Mem:22.14M, Peak:22.14M | Scene, ViewLayer | Finished
Saved: '/Users/chikumatsuboi/Code/animal-racers-western/assets/source/western/revision2/qa/wolf/race/control-material.png'
Time: 00:01.94 (Saving: 00:00.01)

REVISION2_MATERIAL_PROOF wolf race control
Read blend: "/Users/chikumatsuboi/Code/animal-racers-western/assets/source/western/revision2/candidate/wolf.blend"
Fra:1 Mem:29.95M (Peak 29.95M) | Time:00:00.00 | Mem:0.00M, Peak:0.00M | Scene, ViewLayer | Synchronizing object | Body • continuous sculpted skin
Fra:1 Mem:30.43M (Peak 30.43M) | Time:00:00.00 | Mem:0.00M, Peak:0.00M | Scene, ViewLayer | Synchronizing object | Paw toe
Fra:1 Mem:30.46M (Peak 30.46M) | Time:00:00.00 | Mem:0.00M, Peak:0.00M | Scene, ViewLayer | Synchronizing object | Ivory claw
Fra:1 Mem:30.46M (Peak 30.46M) | Time:00:00.00 | Mem:0.00M, Peak:0.00M | Scene, ViewLayer | Synchronizing object | Matched softbox.002
Fra:1 Mem:30.46M (Peak 30.46M) | Time:00:00.00 | Mem:0.00M, Peak:0.00M | Scene, ViewLayer | Synchronizing object | Matched softbox.001
Fra:1 Mem:30.46M (Peak 30.46M) | Time:00:00.00 | Mem:0.00M, Peak:0.00M | Scene, ViewLayer | Synchronizing object | Matched softbox
Fra:1 Mem:30.46M (Peak 30.46M) | Time:00:00.00 | Mem:0.00M, Peak:0.00M | Scene, ViewLayer | Synchronizing object | R2 flowing brush tail fur.009
Fra:1 Mem:30.50M (Peak 30.50M) | Time:00:00.00 | Mem:0.00M, Peak:0.00M | Scene, ViewLayer | Synchronizing object | Ivory claw.001
Fra:1 Mem:30.50M (Peak 30.50M) | Time:00:00.00 | Mem:0.00M, Peak:0.00M | Scene, ViewLayer | Synchronizing object | R2 flowing brush tail fur.008
Fra:1 Mem:30.51M (Peak 30.51M) | Time:00:00.00 | Mem:0.00M, Peak:0.00M | Scene, ViewLayer | Synchronizing object | Paw toe.002
Fra:1 Mem:30.52M (Peak 30.52M) | Time:00:00.00 | Mem:0.00M, Peak:0.00M | Scene, ViewLayer | Synchronizing object | R2 flowing brush tail fur.007
Fra:1 Mem:30.54M (Peak 30.54M) | Time:00:00.00 | Mem:0.00M, Peak:0.00M | Scene, ViewLayer | Synchronizing object | Ivory claw.002
Fra:1 Mem:30.55M (Peak 30.55M) | Time:00:00.00 | Mem:0.00M, Peak:0.00M | Scene, ViewLayer | Synchronizing object | R2 flowing brush tail fur.006
Fra:1 Mem:30.55M (Peak 30.55M) | Time:00:00.00 | Mem:0.00M, Peak:0.00M | Scene, ViewLayer | Synchronizing object | Paw toe.003
Fra:1 Mem:30.58M (Peak 30.58M) | Time:00:00.00 | Mem:0.00M, Peak:0.00M | Scene, ViewLayer | Synchronizing object | R2 flowing brush tail fur.005
Fra:1 Mem:30.59M (Peak 30.59M) | Time:00:00.00 | Mem:0.00M, Peak:0.00M | Scene, ViewLayer | Synchronizing object | Ivory claw.003
Fra:1 Mem:30.61M (Peak 30.61M) | Time:00:00.00 | Mem:0.00M, Peak:0.00M | Scene, ViewLayer | Synchronizing object | R2 flowing brush tail fur.004
Fra:1 Mem:30.62M (Peak 30.62M) | Time:00:00.00 | Mem:0.00M, Peak:0.00M | Scene, ViewLayer | Synchronizing object | Paw toe.004
Fra:1 Mem:30.63M (Peak 30.63M) | Time:00:00.00 | Mem:0.00M, Peak:0.00M | Scene, ViewLayer | Synchronizing object | R2 flowing brush tail fur.003
Fra:1 Mem:30.65M (Peak 30.65M) | Time:00:00.00 | Mem:0.00M, Peak:0.00M | Scene, ViewLayer | Synchronizing object | Ivory claw.004
Fra:1 Mem:30.66M (Peak 30.66M) | Time:00:00.00 | Mem:0.00M, Peak:0.00M | Scene, ViewLayer | Synchronizing object | R2 flowing brush tail fur.002
Fra:1 Mem:30.67M (Peak 30.67M) | Time:00:00.00 | Mem:0.00M, Peak:0.00M | Scene, ViewLayer | Synchronizing object | Paw toe.005
Fra:1 Mem:30.69M (Peak 30.69M) | Time:00:00.00 | Mem:0.00M, Peak:0.00M | Scene, ViewLayer | Synchronizing object | R2 flowing brush tail fur.001
Fra:1 Mem:30.71M (Peak 30.71M) | Time:00:00.00 | Mem:0.00M, Peak:0.00M | Scene, ViewLayer | Synchronizing object | Ivory claw.005
Fra:1 Mem:30.72M (Peak 30.72M) | Time:00:00.00 | Mem:0.00M, Peak:0.00M | Scene, ViewLayer | Synchronizing object | R2 flowing brush tail fur
Fra:1 Mem:30.72M (Peak 30.72M) | Time:00:00.00 | Mem:0.00M, Peak:0.00M | Scene, ViewLayer | Synchronizing object | Paw toe.006
Fra:1 Mem:30.75M (Peak 30.75M) | Time:00:00.00 | Mem:0.00M, Peak:0.00M | Scene, ViewLayer | Synchronizing object | R2 short wolf nape flow.005
Fra:1 Mem:30.76M (Peak 30.76M) | Time:00:00.00 | Mem:0.00M, Peak:0.00M | Scene, ViewLayer | Synchronizing object | Ivory claw.006
Fra:1 Mem:30.78M (Peak 30.78M) | Time:00:00.00 | Mem:0.00M, Peak:0.00M | Scene, ViewLayer | Synchronizing object | R2 short wolf nape flow.004
Fra:1 Mem:30.79M (Peak 30.79M) | Time:00:00.00 | Mem:0.00M, Peak:0.00M | Scene, ViewLayer | Synchronizing object | Paw toe.007
Fra:1 Mem:30.80M (Peak 30.80M) | Time:00:00.00 | Mem:0.00M, Peak:0.00M | Scene, ViewLayer | Synchronizing object | R2 short wolf nape flow.003
Fra:1 Mem:30.82M (Peak 30.82M) | Time:00:00.00 | Mem:0.00M, Peak:0.00M | Scene, ViewLayer | Synchronizing object | Ivory claw.007
Fra:1 Mem:30.85M (Peak 30.85M) | Time:00:00.00 | Mem:0.00M, Peak:0.00M | Scene, ViewLayer | Synchronizing object | R2 short irregular cheek tuft.005
Fra:1 Mem:30.83M (Peak 30.85M) | Time:00:00.00 | Mem:0.00M, Peak:0.00M | Scene, ViewLayer | Synchronizing object | Paw toe.008
Fra:1 Mem:30.86M (Peak 30.86M) | Time:00:00.00 | Mem:0.00M, Peak:0.00M | Scene, ViewLayer | Synchronizing object | R2 short irregular cheek tuft.004
Fra:1 Mem:30.87M (Peak 30.87M) | Time:00:00.00 | Mem:0.00M, Peak:0.00M | Scene, ViewLayer | Synchronizing object | Ivory claw.008
Fra:1 Mem:30.89M (Peak 30.89M) | Time:00:00.00 | Mem:0.00M, Peak:0.00M | Scene, ViewLayer | Synchronizing object | R2 short irregular cheek tuft.003
Fra:1 Mem:30.89M (Peak 30.89M) | Time:00:00.00 | Mem:0.00M, Peak:0.00M | Scene, ViewLayer | Synchronizing object | Paw toe.009
Fra:1 Mem:30.92M (Peak 30.92M) | Time:00:00.00 | Mem:0.00M, Peak:0.00M | Scene, ViewLayer | Synchronizing object | R2 connected canine cheek coat.001
Fra:1 Mem:30.94M (Peak 30.94M) | Time:00:00.00 | Mem:0.00M, Peak:0.00M | Scene, ViewLayer | Synchronizing object | Ivory claw.009
Fra:1 Mem:30.96M (Peak 30.96M) | Time:00:00.00 | Mem:0.00M, Peak:0.00M | Scene, ViewLayer | Synchronizing object | Paw toe.010
Fra:1 Mem:30.99M (Peak 30.99M) | Time:00:00.00 | Mem:0.00M, Peak:0.00M | Scene, ViewLayer | Synchronizing object | R2 short wolf nape flow.002
Fra:1 Mem:31.01M (Peak 31.01M) | Time:00:00.00 | Mem:0.00M, Peak:0.00M | Scene, ViewLayer | Synchronizing object | Ivory claw.010
Fra:1 Mem:31.02M (Peak 31.02M) | Time:00:00.00 | Mem:0.00M, Peak:0.00M | Scene, ViewLayer | Synchronizing object | R2 short wolf nape flow.001
Fra:1 Mem:31.03M (Peak 31.03M) | Time:00:00.00 | Mem:0.00M, Peak:0.00M | Scene, ViewLayer | Synchronizing object | Paw toe.011
Fra:1 Mem:31.04M (Peak 31.04M) | Time:00:00.00 | Mem:0.00M, Peak:0.00M | Scene, ViewLayer | Synchronizing object | R2 short wolf nape flow
Fra:1 Mem:31.07M (Peak 31.07M) | Time:00:00.00 | Mem:0.00M, Peak:0.00M | Scene, ViewLayer | Synchronizing object | Ivory claw.011
Fra:1 Mem:31.08M (Peak 31.08M) | Time:00:00.00 | Mem:0.00M, Peak:0.00M | Scene, ViewLayer | Synchronizing object | R2 short irregular cheek tuft.002
Fra:1 Mem:31.09M (Peak 31.09M) | Time:00:00.00 | Mem:0.00M, Peak:0.00M | Scene, ViewLayer | Synchronizing object | Articulated tail
Fra:1 Mem:31.11M (Peak 31.11M) | Time:00:00.00 | Mem:0.00M, Peak:0.00M | Scene, ViewLayer | Synchronizing object | R2 short irregular cheek tuft.001
Fra:1 Mem:31.13M (Peak 31.13M) | Time:00:00.00 | Mem:0.00M, Peak:0.00M | Scene, ViewLayer | Synchronizing object | Leather neckerchief roll
Fra:1 Mem:31.16M (Peak 31.16M) | Time:00:00.00 | Mem:0.00M, Peak:0.00M | Scene, ViewLayer | Synchronizing object | R2 short irregular cheek tuft
Fra:1 Mem:31.18M (Peak 31.18M) | Time:00:00.00 | Mem:0.00M, Peak:0.00M | Scene, ViewLayer | Synchronizing object | Neckerchief folded point
Fra:1 Mem:31.18M (Peak 31.18M) | Time:00:00.00 | Mem:0.00M, Peak:0.00M | Scene, ViewLayer | Synchronizing object | R2 connected canine cheek coat
Fra:1 Mem:31.21M (Peak 31.21M) | Time:00:00.00 | Mem:0.00M, Peak:0.00M | Scene, ViewLayer | Synchronizing object | Brass crest clasp
Fra:1 Mem:31.26M (Peak 31.26M) | Time:00:00.00 | Mem:0.00M, Peak:0.00M | Scene, ViewLayer | Synchronizing object | R2 cupped species ear.001
Fra:1 Mem:31.26M (Peak 31.26M) | Time:00:00.00 | Mem:0.00M, Peak:0.00M | Scene, ViewLayer | Synchronizing object | Raised elemental crest
Fra:1 Mem:31.28M (Peak 31.28M) | Time:00:00.00 | Mem:0.00M, Peak:0.00M | Scene, ViewLayer | Synchronizing object | R2 cupped species ear
Fra:1 Mem:31.28M (Peak 31.28M) | Time:00:00.00 | Mem:0.00M, Peak:0.00M | Scene, ViewLayer | Synchronizing object | R2 connected orbital skull and species muzzle
Fra:1 Mem:31.30M (Peak 31.30M) | Time:00:00.00 | Mem:0.00M, Peak:0.00M | Scene, ViewLayer | Synchronizing object | R2 articulated oral lining
Fra:1 Mem:31.31M (Peak 31.31M) | Time:00:00.00 | Mem:0.00M, Peak:0.00M | Scene, ViewLayer | Synchronizing object | R2 anatomical mandible
Fra:1 Mem:31.37M (Peak 31.37M) | Time:00:00.00 | Mem:0.00M, Peak:0.00M | Scene, ViewLayer | Synchronizing object | R2 whisker follicle.017
Fra:1 Mem:31.37M (Peak 31.37M) | Time:00:00.00 | Mem:0.00M, Peak:0.00M | Scene, ViewLayer | Synchronizing object | R2 whisker follicle.016
Fra:1 Mem:31.37M (Peak 31.37M) | Time:00:00.00 | Mem:0.00M, Peak:0.00M | Scene, ViewLayer | Synchronizing object | R2 whisker follicle.015
Fra:1 Mem:31.37M (Peak 31.37M) | Time:00:00.00 | Mem:0.00M, Peak:0.00M | Scene, ViewLayer | Synchronizing object | R2 whisker follicle.014
Fra:1 Mem:31.37M (Peak 31.37M) | Time:00:00.00 | Mem:0.00M, Peak:0.00M | Scene, ViewLayer | Synchronizing object | R2 whisker follicle.013
Fra:1 Mem:31.37M (Peak 31.37M) | Time:00:00.00 | Mem:0.00M, Peak:0.00M | Scene, ViewLayer | Synchronizing object | R2 whisker follicle.012
Fra:1 Mem:31.38M (Peak 31.38M) | Time:00:00.00 | Mem:0.00M, Peak:0.00M | Scene, ViewLayer | Synchronizing object | R2 whisker follicle.011
Fra:1 Mem:31.38M (Peak 31.38M) | Time:00:00.00 | Mem:0.00M, Peak:0.00M | Scene, ViewLayer | Synchronizing object | R2 whisker follicle.010
Fra:1 Mem:31.38M (Peak 31.38M) | Time:00:00.00 | Mem:0.00M, Peak:0.00M | Scene, ViewLayer | Synchronizing object | R2 whisker follicle.009
Fra:1 Mem:31.38M (Peak 31.38M) | Time:00:00.00 | Mem:0.00M, Peak:0.00M | Scene, ViewLayer | Synchronizing object | R2 whisker follicle.008
Fra:1 Mem:31.52M (Peak 31.52M) | Time:00:00.00 | Mem:0.00M, Peak:0.00M | Scene, ViewLayer | Synchronizing object | R2 whisker follicle.007
Fra:1 Mem:31.56M (Peak 31.56M) | Time:00:00.00 | Mem:0.00M, Peak:0.00M | Scene, ViewLayer | Synchronizing object | R2 whisker follicle.006
Fra:1 Mem:31.56M (Peak 31.56M) | Time:00:00.00 | Mem:0.00M, Peak:0.00M | Scene, ViewLayer | Synchronizing object | R2 whisker follicle.005
Fra:1 Mem:31.57M (Peak 31.57M) | Time:00:00.00 | Mem:0.00M, Peak:0.00M | Scene, ViewLayer | Synchronizing object | R2 whisker follicle.004
Fra:1 Mem:31.57M (Peak 31.57M) | Time:00:00.00 | Mem:0.00M, Peak:0.00M | Scene, ViewLayer | Synchronizing object | R2 whisker follicle.003
Fra:1 Mem:31.57M (Peak 31.57M) | Time:00:00.00 | Mem:0.00M, Peak:0.00M | Scene, ViewLayer | Synchronizing object | R2 whisker follicle.002
Fra:1 Mem:31.57M (Peak 31.57M) | Time:00:00.00 | Mem:0.00M, Peak:0.00M | Scene, ViewLayer | Synchronizing object | R2 whisker follicle.001
Fra:1 Mem:31.57M (Peak 31.57M) | Time:00:00.00 | Mem:0.00M, Peak:0.00M | Scene, ViewLayer | Synchronizing object | R2 whisker follicle
Fra:1 Mem:31.58M (Peak 31.58M) | Time:00:00.00 | Mem:0.00M, Peak:0.00M | Scene, ViewLayer | Synchronizing object | R2 broad wet nose
Fra:1 Mem:31.58M (Peak 31.58M) | Time:00:00.00 | Mem:0.00M, Peak:0.00M | Scene, ViewLayer | Synchronizing object | R2 integrated brow ridge.001
Fra:1 Mem:31.67M (Peak 31.67M) | Time:00:00.00 | Mem:0.00M, Peak:0.00M | Scene, ViewLayer | Synchronizing object | R2 shaded upper eyelid margin.001
Fra:1 Mem:31.75M (Peak 31.75M) | Time:00:00.00 | Mem:0.00M, Peak:0.00M | Scene, ViewLayer | Synchronizing object | R2 catchlight.001
Fra:1 Mem:31.75M (Peak 31.75M) | Time:00:00.00 | Mem:0.00M, Peak:0.00M | Scene, ViewLayer | Synchronizing object | R2 inset almond sclera
Fra:1 Mem:31.75M (Peak 31.75M) | Time:00:00.00 | Mem:0.00M, Peak:0.00M | Scene, ViewLayer | Synchronizing object | R2 pupil.001
Fra:1 Mem:31.77M (Peak 31.77M) | Time:00:00.00 | Mem:0.00M, Peak:0.00M | Scene, ViewLayer | Synchronizing object | R2 iris.001
Fra:1 Mem:31.78M (Peak 31.78M) | Time:00:00.00 | Mem:0.00M, Peak:0.00M | Scene, ViewLayer | Synchronizing object | R2 inset almond sclera.001
Fra:1 Mem:31.79M (Peak 31.79M) | Time:00:00.00 | Mem:0.00M, Peak:0.00M | Scene, ViewLayer | Synchronizing object | R2 iris
Fra:1 Mem:31.80M (Peak 31.80M) | Time:00:00.00 | Mem:0.00M, Peak:0.00M | Scene, ViewLayer | Synchronizing object | R2 integrated brow ridge
Fra:1 Mem:31.81M (Peak 31.81M) | Time:00:00.00 | Mem:0.00M, Peak:0.00M | Scene, ViewLayer | Synchronizing object | R2 pupil
Fra:1 Mem:31.82M (Peak 31.82M) | Time:00:00.00 | Mem:0.00M, Peak:0.00M | Scene, ViewLayer | Synchronizing object | R2 shaded upper eyelid margin
Fra:1 Mem:31.82M (Peak 31.82M) | Time:00:00.00 | Mem:0.00M, Peak:0.00M | Scene, ViewLayer | Synchronizing object | R2 catchlight
Fra:1 Mem:31.83M (Peak 31.83M) | Time:00:00.00 | Mem:0.00M, Peak:0.00M | Scene, ViewLayer | Initializing
Fra:1 Mem:30.31M (Peak 31.83M) | Time:00:00.00 | Mem:0.00M, Peak:0.00M | Scene, ViewLayer | Updating Images | Loading Authored short-fur normal
Fra:1 Mem:26.71M (Peak 31.83M) | Time:00:00.00 | Mem:0.25M, Peak:0.25M | Scene, ViewLayer | Waiting for render to start
Fra:1 Mem:26.71M (Peak 31.83M) | Time:00:00.00 | Mem:0.25M, Peak:0.25M | Scene, ViewLayer | Updating Scene
Fra:1 Mem:26.71M (Peak 31.83M) | Time:00:00.00 | Mem:0.25M, Peak:0.25M | Scene, ViewLayer | Updating Shaders
Fra:1 Mem:26.71M (Peak 31.83M) | Time:00:00.00 | Mem:0.25M, Peak:0.25M | Scene, ViewLayer | Loading render kernels (may take a few minutes the first time)
Fra:1 Mem:26.80M (Peak 31.83M) | Time:00:00.00 | Mem:0.26M, Peak:0.26M | Scene, ViewLayer | Updating Procedurals
Fra:1 Mem:26.80M (Peak 31.83M) | Time:00:00.00 | Mem:0.26M, Peak:0.26M | Scene, ViewLayer | Updating Background
Fra:1 Mem:26.80M (Peak 31.83M) | Time:00:00.00 | Mem:0.26M, Peak:0.26M | Scene, ViewLayer | Updating Camera
Fra:1 Mem:26.80M (Peak 31.83M) | Time:00:00.00 | Mem:0.26M, Peak:0.26M | Scene, ViewLayer | Updating Meshes Flags
Fra:1 Mem:26.80M (Peak 31.83M) | Time:00:00.00 | Mem:0.26M, Peak:0.26M | Scene, ViewLayer | Updating Objects
Fra:1 Mem:26.80M (Peak 31.83M) | Time:00:00.00 | Mem:0.26M, Peak:0.26M | Scene, ViewLayer | Updating Objects | Copying Transformations to device
Fra:1 Mem:26.82M (Peak 31.83M) | Time:00:00.00 | Mem:0.28M, Peak:0.28M | Scene, ViewLayer | Updating Particle Systems
Fra:1 Mem:26.82M (Peak 31.83M) | Time:00:00.00 | Mem:0.28M, Peak:0.28M | Scene, ViewLayer | Updating Particle Systems | Copying Particles to device
Fra:1 Mem:26.82M (Peak 31.83M) | Time:00:00.00 | Mem:0.28M, Peak:0.28M | Scene, ViewLayer | Updating Meshes
Fra:1 Mem:27.73M (Peak 31.83M) | Time:00:00.01 | Mem:0.28M, Peak:0.28M | Scene, ViewLayer | Updating Objects | Applying Static Transformations
Fra:1 Mem:27.73M (Peak 31.83M) | Time:00:00.01 | Mem:0.28M, Peak:0.28M | Scene, ViewLayer | Updating Mesh | Computing attributes
Fra:1 Mem:29.07M (Peak 31.83M) | Time:00:00.01 | Mem:0.29M, Peak:0.29M | Scene, ViewLayer | Updating Mesh | Copying Attributes to device
Fra:1 Mem:29.05M (Peak 31.83M) | Time:00:00.01 | Mem:1.60M, Peak:1.60M | Scene, ViewLayer | Updating Scene BVH | Building
Fra:1 Mem:29.05M (Peak 31.83M) | Time:00:00.01 | Mem:1.60M, Peak:1.60M | Scene, ViewLayer | Updating Scene BVH | Building BVH
Fra:1 Mem:29.05M (Peak 31.83M) | Time:00:00.01 | Mem:2.13M, Peak:2.13M | Scene, ViewLayer | Updating Scene BVH | Building BVH 0%
Fra:1 Mem:29.05M (Peak 31.83M) | Time:00:00.01 | Mem:2.72M, Peak:3.25M | Scene, ViewLayer | Updating Scene BVH | Copying BVH to device
Fra:1 Mem:29.05M (Peak 31.83M) | Time:00:00.01 | Mem:2.72M, Peak:3.25M | Scene, ViewLayer | Updating Mesh | Computing normals
Fra:1 Mem:29.53M (Peak 31.83M) | Time:00:00.01 | Mem:2.72M, Peak:3.25M | Scene, ViewLayer | Updating Mesh | Copying Mesh to device
Fra:1 Mem:29.53M (Peak 31.83M) | Time:00:00.01 | Mem:3.20M, Peak:3.25M | Scene, ViewLayer | Updating Objects Flags
Fra:1 Mem:29.53M (Peak 31.83M) | Time:00:00.01 | Mem:3.20M, Peak:3.25M | Scene, ViewLayer | Updating Primitive Offsets
Fra:1 Mem:29.53M (Peak 31.83M) | Time:00:00.01 | Mem:3.20M, Peak:3.25M | Scene, ViewLayer | Updating Images
Fra:1 Mem:29.53M (Peak 31.83M) | Time:00:00.01 | Mem:3.20M, Peak:3.25M | Scene, ViewLayer | Updating Camera Volume
Fra:1 Mem:29.53M (Peak 31.83M) | Time:00:00.01 | Mem:3.20M, Peak:3.25M | Scene, ViewLayer | Updating Lookup Tables
Fra:1 Mem:29.53M (Peak 31.83M) | Time:00:00.01 | Mem:3.28M, Peak:3.28M | Scene, ViewLayer | Updating Lights
Fra:1 Mem:29.53M (Peak 31.83M) | Time:00:00.01 | Mem:3.28M, Peak:3.28M | Scene, ViewLayer | Updating Lights | Computing tree
Fra:1 Mem:29.54M (Peak 31.83M) | Time:00:00.01 | Mem:3.29M, Peak:3.29M | Scene, ViewLayer | Updating Integrator
Fra:1 Mem:29.54M (Peak 31.83M) | Time:00:00.01 | Mem:3.29M, Peak:3.29M | Scene, ViewLayer | Updating Film
Fra:1 Mem:29.54M (Peak 31.83M) | Time:00:00.01 | Mem:3.20M, Peak:3.29M | Scene, ViewLayer | Updating Lookup Tables
Fra:1 Mem:29.54M (Peak 31.83M) | Time:00:00.01 | Mem:3.29M, Peak:3.29M | Scene, ViewLayer | Updating Baking
Fra:1 Mem:29.54M (Peak 31.83M) | Time:00:00.01 | Mem:3.29M, Peak:3.29M | Scene, ViewLayer | Updating Device | Writing constant memory
Fra:1 Mem:29.54M (Peak 31.83M) | Time:00:00.01 | Mem:3.29M, Peak:3.29M | Scene, ViewLayer | Loading denoising kernels (may take a few minutes the first time)
Fra:1 Mem:29.54M (Peak 31.83M) | Time:00:00.01 | Mem:3.29M, Peak:3.29M | Scene, ViewLayer | Sample 0/20
Fra:1 Mem:48.57M (Peak 48.57M) | Time:00:00.06 | Remaining:00:00.88 | Mem:22.30M, Peak:22.30M | Scene, ViewLayer | Sample 1/20
Fra:1 Mem:56.57M (Peak 68.57M) | Time:00:01.85 | Mem:22.30M, Peak:22.30M | Scene, ViewLayer | Sample 20/20
Fra:1 Mem:56.57M (Peak 68.57M) | Time:00:01.85 | Mem:22.30M, Peak:22.30M | Scene, ViewLayer | Finished
Saved: '/Users/chikumatsuboi/Code/animal-racers-western/assets/source/western/revision2/qa/wolf/race/candidate-material.png'
Time: 00:01.87 (Saving: 00:00.01)

REVISION2_MATERIAL_PROOF wolf race candidate
Read blend: "/Users/chikumatsuboi/Code/animal-racers-western/assets/source/western/revision2/inputs/wolf.blend"
Saved: '/Users/chikumatsuboi/Code/animal-racers-western/assets/source/western/revision2/qa/wolf/race/motion/control/attack/0000.png'
Time: 00:00.05 (Saving: 00:00.00)

Saved: '/Users/chikumatsuboi/Code/animal-racers-western/assets/source/western/revision2/qa/wolf/race/motion/control/attack/0001.png'
Time: 00:00.02 (Saving: 00:00.00)

Saved: '/Users/chikumatsuboi/Code/animal-racers-western/assets/source/western/revision2/qa/wolf/race/motion/control/attack/0002.png'
Time: 00:00.02 (Saving: 00:00.00)

Saved: '/Users/chikumatsuboi/Code/animal-racers-western/assets/source/western/revision2/qa/wolf/race/motion/control/attack/0003.png'
Time: 00:00.02 (Saving: 00:00.00)

Saved: '/Users/chikumatsuboi/Code/animal-racers-western/assets/source/western/revision2/qa/wolf/race/motion/control/attack/0004.png'
Time: 00:00.03 (Saving: 00:00.00)

Saved: '/Users/chikumatsuboi/Code/animal-racers-western/assets/source/western/revision2/qa/wolf/race/motion/control/attack/0005.png'
Time: 00:00.03 (Saving: 00:00.00)

Saved: '/Users/chikumatsuboi/Code/animal-racers-western/assets/source/western/revision2/qa/wolf/race/motion/control/attack/0006.png'
Time: 00:00.03 (Saving: 00:00.00)

Saved: '/Users/chikumatsuboi/Code/animal-racers-western/assets/source/western/revision2/qa/wolf/race/motion/control/attack/0007.png'
Time: 00:00.03 (Saving: 00:00.00)

Saved: '/Users/chikumatsuboi/Code/animal-racers-western/assets/source/western/revision2/qa/wolf/race/motion/control/attack/0008.png'
Time: 00:00.03 (Saving: 00:00.00)

Saved: '/Users/chikumatsuboi/Code/animal-racers-western/assets/source/western/revision2/qa/wolf/race/motion/control/attack/0009.png'
Time: 00:00.03 (Saving: 00:00.00)

Saved: '/Users/chikumatsuboi/Code/animal-racers-western/assets/source/western/revision2/qa/wolf/race/motion/control/attack/0010.png'
Time: 00:00.03 (Saving: 00:00.00)

Saved: '/Users/chikumatsuboi/Code/animal-racers-western/assets/source/western/revision2/qa/wolf/race/motion/control/attack/0011.png'
Time: 00:00.03 (Saving: 00:00.00)

Saved: '/Users/chikumatsuboi/Code/animal-racers-western/assets/source/western/revision2/qa/wolf/race/motion/control/attack/0012.png'
Time: 00:00.03 (Saving: 00:00.00)

Saved: '/Users/chikumatsuboi/Code/animal-racers-western/assets/source/western/revision2/qa/wolf/race/motion/control/attack/0013.png'
Time: 00:00.04 (Saving: 00:00.00)

Saved: '/Users/chikumatsuboi/Code/animal-racers-western/assets/source/western/revision2/qa/wolf/race/motion/control/attack/0014.png'
Time: 00:00.03 (Saving: 00:00.00)

Saved: '/Users/chikumatsuboi/Code/animal-racers-western/assets/source/western/revision2/qa/wolf/race/motion/control/attack/0015.png'
Time: 00:00.03 (Saving: 00:00.00)

Saved: '/Users/chikumatsuboi/Code/animal-racers-western/assets/source/western/revision2/qa/wolf/race/motion/control/attack/0016.png'
Time: 00:00.03 (Saving: 00:00.00)

Saved: '/Users/chikumatsuboi/Code/animal-racers-western/assets/source/western/revision2/qa/wolf/race/motion/control/attack/0017.png'
Time: 00:00.03 (Saving: 00:00.00)

Saved: '/Users/chikumatsuboi/Code/animal-racers-western/assets/source/western/revision2/qa/wolf/race/motion/control/attack/0018.png'
Time: 00:00.02 (Saving: 00:00.00)

Saved: '/Users/chikumatsuboi/Code/animal-racers-western/assets/source/western/revision2/qa/wolf/race/motion/control/attack/0019.png'
Time: 00:00.02 (Saving: 00:00.00)

Saved: '/Users/chikumatsuboi/Code/animal-racers-western/assets/source/western/revision2/qa/wolf/race/motion/control/attack/0020.png'
Time: 00:00.02 (Saving: 00:00.00)

Saved: '/Users/chikumatsuboi/Code/animal-racers-western/assets/source/western/revision2/qa/wolf/race/motion/control/attack/0021.png'
Time: 00:00.02 (Saving: 00:00.00)

Saved: '/Users/chikumatsuboi/Code/animal-racers-western/assets/source/western/revision2/qa/wolf/race/motion/control/attack/0022.png'
Time: 00:00.02 (Saving: 00:00.00)

Saved: '/Users/chikumatsuboi/Code/animal-racers-western/assets/source/western/revision2/qa/wolf/race/motion/control/attack/0023.png'
Time: 00:00.02 (Saving: 00:00.00)

Read blend: "/Users/chikumatsuboi/Code/animal-racers-western/assets/source/western/revision2/candidate/wolf.blend"
Saved: '/Users/chikumatsuboi/Code/animal-racers-western/assets/source/western/revision2/qa/wolf/race/motion/candidate/attack/0000.png'
Time: 00:00.02 (Saving: 00:00.00)

Saved: '/Users/chikumatsuboi/Code/animal-racers-western/assets/source/western/revision2/qa/wolf/race/motion/candidate/attack/0001.png'
Time: 00:00.02 (Saving: 00:00.00)

Saved: '/Users/chikumatsuboi/Code/animal-racers-western/assets/source/western/revision2/qa/wolf/race/motion/candidate/attack/0002.png'
Time: 00:00.03 (Saving: 00:00.00)

Saved: '/Users/chikumatsuboi/Code/animal-racers-western/assets/source/western/revision2/qa/wolf/race/motion/candidate/attack/0003.png'
Time: 00:00.03 (Saving: 00:00.00)

Saved: '/Users/chikumatsuboi/Code/animal-racers-western/assets/source/western/revision2/qa/wolf/race/motion/candidate/attack/0004.png'
Time: 00:00.03 (Saving: 00:00.00)

Saved: '/Users/chikumatsuboi/Code/animal-racers-western/assets/source/western/revision2/qa/wolf/race/motion/candidate/attack/0005.png'
Time: 00:00.03 (Saving: 00:00.00)

Saved: '/Users/chikumatsuboi/Code/animal-racers-western/assets/source/western/revision2/qa/wolf/race/motion/candidate/attack/0006.png'
Time: 00:00.02 (Saving: 00:00.00)

Saved: '/Users/chikumatsuboi/Code/animal-racers-western/assets/source/western/revision2/qa/wolf/race/motion/candidate/attack/0007.png'
Time: 00:00.02 (Saving: 00:00.00)

Saved: '/Users/chikumatsuboi/Code/animal-racers-western/assets/source/western/revision2/qa/wolf/race/motion/candidate/attack/0008.png'
Time: 00:00.02 (Saving: 00:00.00)

Saved: '/Users/chikumatsuboi/Code/animal-racers-western/assets/source/western/revision2/qa/wolf/race/motion/candidate/attack/0009.png'
Time: 00:00.03 (Saving: 00:00.00)

Saved: '/Users/chikumatsuboi/Code/animal-racers-western/assets/source/western/revision2/qa/wolf/race/motion/candidate/attack/0010.png'
Time: 00:00.03 (Saving: 00:00.00)

Saved: '/Users/chikumatsuboi/Code/animal-racers-western/assets/source/western/revision2/qa/wolf/race/motion/candidate/attack/0011.png'
Time: 00:00.03 (Saving: 00:00.00)

Saved: '/Users/chikumatsuboi/Code/animal-racers-western/assets/source/western/revision2/qa/wolf/race/motion/candidate/attack/0012.png'
Time: 00:00.03 (Saving: 00:00.00)

Saved: '/Users/chikumatsuboi/Code/animal-racers-western/assets/source/western/revision2/qa/wolf/race/motion/candidate/attack/0013.png'
Time: 00:00.02 (Saving: 00:00.00)

Saved: '/Users/chikumatsuboi/Code/animal-racers-western/assets/source/western/revision2/qa/wolf/race/motion/candidate/attack/0014.png'
Time: 00:00.02 (Saving: 00:00.00)

Saved: '/Users/chikumatsuboi/Code/animal-racers-western/assets/source/western/revision2/qa/wolf/race/motion/candidate/attack/0015.png'
Time: 00:00.02 (Saving: 00:00.00)

Saved: '/Users/chikumatsuboi/Code/animal-racers-western/assets/source/western/revision2/qa/wolf/race/motion/candidate/attack/0016.png'
Time: 00:00.02 (Saving: 00:00.00)

Saved: '/Users/chikumatsuboi/Code/animal-racers-western/assets/source/western/revision2/qa/wolf/race/motion/candidate/attack/0017.png'
Time: 00:00.02 (Saving: 00:00.00)

Saved: '/Users/chikumatsuboi/Code/animal-racers-western/assets/source/western/revision2/qa/wolf/race/motion/candidate/attack/0018.png'
Time: 00:00.03 (Saving: 00:00.00)

Saved: '/Users/chikumatsuboi/Code/animal-racers-western/assets/source/western/revision2/qa/wolf/race/motion/candidate/attack/0019.png'
Time: 00:00.03 (Saving: 00:00.00)

Saved: '/Users/chikumatsuboi/Code/animal-racers-western/assets/source/western/revision2/qa/wolf/race/motion/candidate/attack/0020.png'
Time: 00:00.04 (Saving: 00:00.00)

Saved: '/Users/chikumatsuboi/Code/animal-racers-western/assets/source/western/revision2/qa/wolf/race/motion/candidate/attack/0021.png'
Time: 00:00.02 (Saving: 00:00.00)

Saved: '/Users/chikumatsuboi/Code/animal-racers-western/assets/source/western/revision2/qa/wolf/race/motion/candidate/attack/0022.png'
Time: 00:00.03 (Saving: 00:00.00)

Saved: '/Users/chikumatsuboi/Code/animal-racers-western/assets/source/western/revision2/qa/wolf/race/motion/candidate/attack/0023.png'
Time: 00:00.03 (Saving: 00:00.00)

REVISION2_MOTION wolf race attack 24
Read blend: "/Users/chikumatsuboi/Code/animal-racers-western/assets/source/western/revision2/inputs/wolf.blend"
Saved: '/Users/chikumatsuboi/Code/animal-racers-western/assets/source/western/revision2/qa/wolf/race/motion/control/celebrate/0000.png'
Time: 00:00.03 (Saving: 00:00.00)

Saved: '/Users/chikumatsuboi/Code/animal-racers-western/assets/source/western/revision2/qa/wolf/race/motion/control/celebrate/0001.png'
Time: 00:00.03 (Saving: 00:00.00)

Saved: '/Users/chikumatsuboi/Code/animal-racers-western/assets/source/western/revision2/qa/wolf/race/motion/control/celebrate/0002.png'
Time: 00:00.03 (Saving: 00:00.00)

Saved: '/Users/chikumatsuboi/Code/animal-racers-western/assets/source/western/revision2/qa/wolf/race/motion/control/celebrate/0003.png'
Time: 00:00.04 (Saving: 00:00.00)

Saved: '/Users/chikumatsuboi/Code/animal-racers-western/assets/source/western/revision2/qa/wolf/race/motion/control/celebrate/0004.png'
Time: 00:00.03 (Saving: 00:00.00)

Saved: '/Users/chikumatsuboi/Code/animal-racers-western/assets/source/western/revision2/qa/wolf/race/motion/control/celebrate/0005.png'
Time: 00:00.03 (Saving: 00:00.00)

Saved: '/Users/chikumatsuboi/Code/animal-racers-western/assets/source/western/revision2/qa/wolf/race/motion/control/celebrate/0006.png'
Time: 00:00.03 (Saving: 00:00.00)

Saved: '/Users/chikumatsuboi/Code/animal-racers-western/assets/source/western/revision2/qa/wolf/race/motion/control/celebrate/0007.png'
Time: 00:00.03 (Saving: 00:00.00)

Saved: '/Users/chikumatsuboi/Code/animal-racers-western/assets/source/western/revision2/qa/wolf/race/motion/control/celebrate/0008.png'
Time: 00:00.03 (Saving: 00:00.00)

Saved: '/Users/chikumatsuboi/Code/animal-racers-western/assets/source/western/revision2/qa/wolf/race/motion/control/celebrate/0009.png'
Time: 00:00.02 (Saving: 00:00.00)

Saved: '/Users/chikumatsuboi/Code/animal-racers-western/assets/source/western/revision2/qa/wolf/race/motion/control/celebrate/0010.png'
Time: 00:00.02 (Saving: 00:00.00)

Saved: '/Users/chikumatsuboi/Code/animal-racers-western/assets/source/western/revision2/qa/wolf/race/motion/control/celebrate/0011.png'
Time: 00:00.02 (Saving: 00:00.00)

Saved: '/Users/chikumatsuboi/Code/animal-racers-western/assets/source/western/revision2/qa/wolf/race/motion/control/celebrate/0012.png'
Time: 00:00.02 (Saving: 00:00.00)

Saved: '/Users/chikumatsuboi/Code/animal-racers-western/assets/source/western/revision2/qa/wolf/race/motion/control/celebrate/0013.png'
Time: 00:00.02 (Saving: 00:00.00)

Saved: '/Users/chikumatsuboi/Code/animal-racers-western/assets/source/western/revision2/qa/wolf/race/motion/control/celebrate/0014.png'
Time: 00:00.02 (Saving: 00:00.00)

Saved: '/Users/chikumatsuboi/Code/animal-racers-western/assets/source/western/revision2/qa/wolf/race/motion/control/celebrate/0015.png'
Time: 00:00.03 (Saving: 00:00.00)

Saved: '/Users/chikumatsuboi/Code/animal-racers-western/assets/source/western/revision2/qa/wolf/race/motion/control/celebrate/0016.png'
Time: 00:00.03 (Saving: 00:00.00)

Saved: '/Users/chikumatsuboi/Code/animal-racers-western/assets/source/western/revision2/qa/wolf/race/motion/control/celebrate/0017.png'
Time: 00:00.03 (Saving: 00:00.00)

Saved: '/Users/chikumatsuboi/Code/animal-racers-western/assets/source/western/revision2/qa/wolf/race/motion/control/celebrate/0018.png'
Time: 00:00.02 (Saving: 00:00.00)

Saved: '/Users/chikumatsuboi/Code/animal-racers-western/assets/source/western/revision2/qa/wolf/race/motion/control/celebrate/0019.png'
Time: 00:00.03 (Saving: 00:00.00)

Saved: '/Users/chikumatsuboi/Code/animal-racers-western/assets/source/western/revision2/qa/wolf/race/motion/control/celebrate/0020.png'
Time: 00:00.03 (Saving: 00:00.00)

Saved: '/Users/chikumatsuboi/Code/animal-racers-western/assets/source/western/revision2/qa/wolf/race/motion/control/celebrate/0021.png'
Time: 00:00.03 (Saving: 00:00.00)

Saved: '/Users/chikumatsuboi/Code/animal-racers-western/assets/source/western/revision2/qa/wolf/race/motion/control/celebrate/0022.png'
Time: 00:00.03 (Saving: 00:00.00)

Saved: '/Users/chikumatsuboi/Code/animal-racers-western/assets/source/western/revision2/qa/wolf/race/motion/control/celebrate/0023.png'
Time: 00:00.03 (Saving: 00:00.00)

Saved: '/Users/chikumatsuboi/Code/animal-racers-western/assets/source/western/revision2/qa/wolf/race/motion/control/celebrate/0024.png'
Time: 00:00.03 (Saving: 00:00.00)

Saved: '/Users/chikumatsuboi/Code/animal-racers-western/assets/source/western/revision2/qa/wolf/race/motion/control/celebrate/0025.png'
Time: 00:00.03 (Saving: 00:00.00)

Saved: '/Users/chikumatsuboi/Code/animal-racers-western/assets/source/western/revision2/qa/wolf/race/motion/control/celebrate/0026.png'
Time: 00:00.03 (Saving: 00:00.00)

Saved: '/Users/chikumatsuboi/Code/animal-racers-western/assets/source/western/revision2/qa/wolf/race/motion/control/celebrate/0027.png'
Time: 00:00.03 (Saving: 00:00.00)

Saved: '/Users/chikumatsuboi/Code/animal-racers-western/assets/source/western/revision2/qa/wolf/race/motion/control/celebrate/0028.png'
Time: 00:00.03 (Saving: 00:00.00)

Saved: '/Users/chikumatsuboi/Code/animal-racers-western/assets/source/western/revision2/qa/wolf/race/motion/control/celebrate/0029.png'
Time: 00:00.03 (Saving: 00:00.00)

Saved: '/Users/chikumatsuboi/Code/animal-racers-western/assets/source/western/revision2/qa/wolf/race/motion/control/celebrate/0030.png'
Time: 00:00.03 (Saving: 00:00.00)

Read blend: "/Users/chikumatsuboi/Code/animal-racers-western/assets/source/western/revision2/candidate/wolf.blend"
Saved: '/Users/chikumatsuboi/Code/animal-racers-western/assets/source/western/revision2/qa/wolf/race/motion/candidate/celebrate/0000.png'
Time: 00:00.03 (Saving: 00:00.00)

Saved: '/Users/chikumatsuboi/Code/animal-racers-western/assets/source/western/revision2/qa/wolf/race/motion/candidate/celebrate/0001.png'
Time: 00:00.03 (Saving: 00:00.00)

Saved: '/Users/chikumatsuboi/Code/animal-racers-western/assets/source/western/revision2/qa/wolf/race/motion/candidate/celebrate/0002.png'
Time: 00:00.03 (Saving: 00:00.00)

Saved: '/Users/chikumatsuboi/Code/animal-racers-western/assets/source/western/revision2/qa/wolf/race/motion/candidate/celebrate/0003.png'
Time: 00:00.02 (Saving: 00:00.00)

Saved: '/Users/chikumatsuboi/Code/animal-racers-western/assets/source/western/revision2/qa/wolf/race/motion/candidate/celebrate/0004.png'
Time: 00:00.03 (Saving: 00:00.00)

Saved: '/Users/chikumatsuboi/Code/animal-racers-western/assets/source/western/revision2/qa/wolf/race/motion/candidate/celebrate/0005.png'
Time: 00:00.02 (Saving: 00:00.00)

Saved: '/Users/chikumatsuboi/Code/animal-racers-western/assets/source/western/revision2/qa/wolf/race/motion/candidate/celebrate/0006.png'
Time: 00:00.03 (Saving: 00:00.00)

Saved: '/Users/chikumatsuboi/Code/animal-racers-western/assets/source/western/revision2/qa/wolf/race/motion/candidate/celebrate/0007.png'
Time: 00:00.03 (Saving: 00:00.00)

Saved: '/Users/chikumatsuboi/Code/animal-racers-western/assets/source/western/revision2/qa/wolf/race/motion/candidate/celebrate/0008.png'
Time: 00:00.03 (Saving: 00:00.00)

Saved: '/Users/chikumatsuboi/Code/animal-racers-western/assets/source/western/revision2/qa/wolf/race/motion/candidate/celebrate/0009.png'
Time: 00:00.03 (Saving: 00:00.00)

Saved: '/Users/chikumatsuboi/Code/animal-racers-western/assets/source/western/revision2/qa/wolf/race/motion/candidate/celebrate/0010.png'
Time: 00:00.02 (Saving: 00:00.00)

Saved: '/Users/chikumatsuboi/Code/animal-racers-western/assets/source/western/revision2/qa/wolf/race/motion/candidate/celebrate/0011.png'
Time: 00:00.03 (Saving: 00:00.00)

Saved: '/Users/chikumatsuboi/Code/animal-racers-western/assets/source/western/revision2/qa/wolf/race/motion/candidate/celebrate/0012.png'
Time: 00:00.03 (Saving: 00:00.00)

Saved: '/Users/chikumatsuboi/Code/animal-racers-western/assets/source/western/revision2/qa/wolf/race/motion/candidate/celebrate/0013.png'
Time: 00:00.03 (Saving: 00:00.00)

Saved: '/Users/chikumatsuboi/Code/animal-racers-western/assets/source/western/revision2/qa/wolf/race/motion/candidate/celebrate/0014.png'
Time: 00:00.03 (Saving: 00:00.00)

Saved: '/Users/chikumatsuboi/Code/animal-racers-western/assets/source/western/revision2/qa/wolf/race/motion/candidate/celebrate/0015.png'
Time: 00:00.03 (Saving: 00:00.00)

Saved: '/Users/chikumatsuboi/Code/animal-racers-western/assets/source/western/revision2/qa/wolf/race/motion/candidate/celebrate/0016.png'
Time: 00:00.03 (Saving: 00:00.00)

Saved: '/Users/chikumatsuboi/Code/animal-racers-western/assets/source/western/revision2/qa/wolf/race/motion/candidate/celebrate/0017.png'
Time: 00:00.03 (Saving: 00:00.00)

Saved: '/Users/chikumatsuboi/Code/animal-racers-western/assets/source/western/revision2/qa/wolf/race/motion/candidate/celebrate/0018.png'
Time: 00:00.03 (Saving: 00:00.00)

Saved: '/Users/chikumatsuboi/Code/animal-racers-western/assets/source/western/revision2/qa/wolf/race/motion/candidate/celebrate/0019.png'
Time: 00:00.03 (Saving: 00:00.00)

Saved: '/Users/chikumatsuboi/Code/animal-racers-western/assets/source/western/revision2/qa/wolf/race/motion/candidate/celebrate/0020.png'
Time: 00:00.03 (Saving: 00:00.00)

Saved: '/Users/chikumatsuboi/Code/animal-racers-western/assets/source/western/revision2/qa/wolf/race/motion/candidate/celebrate/0021.png'
Time: 00:00.02 (Saving: 00:00.00)

Saved: '/Users/chikumatsuboi/Code/animal-racers-western/assets/source/western/revision2/qa/wolf/race/motion/candidate/celebrate/0022.png'
Time: 00:00.02 (Saving: 00:00.00)

Saved: '/Users/chikumatsuboi/Code/animal-racers-western/assets/source/western/revision2/qa/wolf/race/motion/candidate/celebrate/0023.png'
Time: 00:00.02 (Saving: 00:00.00)

Saved: '/Users/chikumatsuboi/Code/animal-racers-western/assets/source/western/revision2/qa/wolf/race/motion/candidate/celebrate/0024.png'
Time: 00:00.02 (Saving: 00:00.00)

Saved: '/Users/chikumatsuboi/Code/animal-racers-western/assets/source/western/revision2/qa/wolf/race/motion/candidate/celebrate/0025.png'
Time: 00:00.02 (Saving: 00:00.00)

Saved: '/Users/chikumatsuboi/Code/animal-racers-western/assets/source/western/revision2/qa/wolf/race/motion/candidate/celebrate/0026.png'
Time: 00:00.02 (Saving: 00:00.00)

Saved: '/Users/chikumatsuboi/Code/animal-racers-western/assets/source/western/revision2/qa/wolf/race/motion/candidate/celebrate/0027.png'
Time: 00:00.02 (Saving: 00:00.00)

Saved: '/Users/chikumatsuboi/Code/animal-racers-western/assets/source/western/revision2/qa/wolf/race/motion/candidate/celebrate/0028.png'
Time: 00:00.02 (Saving: 00:00.00)

Saved: '/Users/chikumatsuboi/Code/animal-racers-western/assets/source/western/revision2/qa/wolf/race/motion/candidate/celebrate/0029.png'
Time: 00:00.02 (Saving: 00:00.00)

Saved: '/Users/chikumatsuboi/Code/animal-racers-western/assets/source/western/revision2/qa/wolf/race/motion/candidate/celebrate/0030.png'
Time: 00:00.02 (Saving: 00:00.00)

REVISION2_MOTION wolf race celebrate 31
Read blend: "/Users/chikumatsuboi/Code/animal-racers-western/assets/source/western/revision2/inputs/wolf.blend"
Saved: '/Users/chikumatsuboi/Code/animal-racers-western/assets/source/western/revision2/qa/wolf/race/motion/control/defeat/0000.png'
Time: 00:00.02 (Saving: 00:00.00)

Saved: '/Users/chikumatsuboi/Code/animal-racers-western/assets/source/western/revision2/qa/wolf/race/motion/control/defeat/0001.png'
Time: 00:00.02 (Saving: 00:00.00)

Saved: '/Users/chikumatsuboi/Code/animal-racers-western/assets/source/western/revision2/qa/wolf/race/motion/control/defeat/0002.png'
Time: 00:00.03 (Saving: 00:00.00)

Saved: '/Users/chikumatsuboi/Code/animal-racers-western/assets/source/western/revision2/qa/wolf/race/motion/control/defeat/0003.png'
Time: 00:00.03 (Saving: 00:00.00)

Saved: '/Users/chikumatsuboi/Code/animal-racers-western/assets/source/western/revision2/qa/wolf/race/motion/control/defeat/0004.png'
Time: 00:00.02 (Saving: 00:00.00)

Saved: '/Users/chikumatsuboi/Code/animal-racers-western/assets/source/western/revision2/qa/wolf/race/motion/control/defeat/0005.png'
Time: 00:00.03 (Saving: 00:00.00)

Saved: '/Users/chikumatsuboi/Code/animal-racers-western/assets/source/western/revision2/qa/wolf/race/motion/control/defeat/0006.png'
Time: 00:00.03 (Saving: 00:00.00)

Saved: '/Users/chikumatsuboi/Code/animal-racers-western/assets/source/western/revision2/qa/wolf/race/motion/control/defeat/0007.png'
Time: 00:00.03 (Saving: 00:00.00)

Saved: '/Users/chikumatsuboi/Code/animal-racers-western/assets/source/western/revision2/qa/wolf/race/motion/control/defeat/0008.png'
Time: 00:00.03 (Saving: 00:00.00)

Saved: '/Users/chikumatsuboi/Code/animal-racers-western/assets/source/western/revision2/qa/wolf/race/motion/control/defeat/0009.png'
Time: 00:00.03 (Saving: 00:00.00)

Saved: '/Users/chikumatsuboi/Code/animal-racers-western/assets/source/western/revision2/qa/wolf/race/motion/control/defeat/0010.png'
Time: 00:00.03 (Saving: 00:00.00)

Saved: '/Users/chikumatsuboi/Code/animal-racers-western/assets/source/western/revision2/qa/wolf/race/motion/control/defeat/0011.png'
Time: 00:00.03 (Saving: 00:00.00)

Saved: '/Users/chikumatsuboi/Code/animal-racers-western/assets/source/western/revision2/qa/wolf/race/motion/control/defeat/0012.png'
Time: 00:00.03 (Saving: 00:00.00)

Saved: '/Users/chikumatsuboi/Code/animal-racers-western/assets/source/western/revision2/qa/wolf/race/motion/control/defeat/0013.png'
Time: 00:00.03 (Saving: 00:00.00)

Saved: '/Users/chikumatsuboi/Code/animal-racers-western/assets/source/western/revision2/qa/wolf/race/motion/control/defeat/0014.png'
Time: 00:00.03 (Saving: 00:00.00)

Saved: '/Users/chikumatsuboi/Code/animal-racers-western/assets/source/western/revision2/qa/wolf/race/motion/control/defeat/0015.png'
Time: 00:00.03 (Saving: 00:00.00)

Saved: '/Users/chikumatsuboi/Code/animal-racers-western/assets/source/western/revision2/qa/wolf/race/motion/control/defeat/0016.png'
Time: 00:00.03 (Saving: 00:00.00)

Saved: '/Users/chikumatsuboi/Code/animal-racers-western/assets/source/western/revision2/qa/wolf/race/motion/control/defeat/0017.png'
Time: 00:00.02 (Saving: 00:00.00)

Saved: '/Users/chikumatsuboi/Code/animal-racers-western/assets/source/western/revision2/qa/wolf/race/motion/control/defeat/0018.png'
Time: 00:00.03 (Saving: 00:00.00)

Saved: '/Users/chikumatsuboi/Code/animal-racers-western/assets/source/western/revision2/qa/wolf/race/motion/control/defeat/0019.png'
Time: 00:00.02 (Saving: 00:00.00)

Saved: '/Users/chikumatsuboi/Code/animal-racers-western/assets/source/western/revision2/qa/wolf/race/motion/control/defeat/0020.png'
Time: 00:00.02 (Saving: 00:00.00)

Read blend: "/Users/chikumatsuboi/Code/animal-racers-western/assets/source/western/revision2/candidate/wolf.blend"
Saved: '/Users/chikumatsuboi/Code/animal-racers-western/assets/source/western/revision2/qa/wolf/race/motion/candidate/defeat/0000.png'
Time: 00:00.02 (Saving: 00:00.00)

Saved: '/Users/chikumatsuboi/Code/animal-racers-western/assets/source/western/revision2/qa/wolf/race/motion/candidate/defeat/0001.png'
Time: 00:00.03 (Saving: 00:00.00)

Saved: '/Users/chikumatsuboi/Code/animal-racers-western/assets/source/western/revision2/qa/wolf/race/motion/candidate/defeat/0002.png'
Time: 00:00.02 (Saving: 00:00.00)

Saved: '/Users/chikumatsuboi/Code/animal-racers-western/assets/source/western/revision2/qa/wolf/race/motion/candidate/defeat/0003.png'
Time: 00:00.02 (Saving: 00:00.00)

Saved: '/Users/chikumatsuboi/Code/animal-racers-western/assets/source/western/revision2/qa/wolf/race/motion/candidate/defeat/0004.png'
Time: 00:00.02 (Saving: 00:00.00)

Saved: '/Users/chikumatsuboi/Code/animal-racers-western/assets/source/western/revision2/qa/wolf/race/motion/candidate/defeat/0005.png'
Time: 00:00.02 (Saving: 00:00.00)

Saved: '/Users/chikumatsuboi/Code/animal-racers-western/assets/source/western/revision2/qa/wolf/race/motion/candidate/defeat/0006.png'
Time: 00:00.02 (Saving: 00:00.00)

Saved: '/Users/chikumatsuboi/Code/animal-racers-western/assets/source/western/revision2/qa/wolf/race/motion/candidate/defeat/0007.png'
Time: 00:00.02 (Saving: 00:00.00)

Saved: '/Users/chikumatsuboi/Code/animal-racers-western/assets/source/western/revision2/qa/wolf/race/motion/candidate/defeat/0008.png'
Time: 00:00.02 (Saving: 00:00.00)

Saved: '/Users/chikumatsuboi/Code/animal-racers-western/assets/source/western/revision2/qa/wolf/race/motion/candidate/defeat/0009.png'
Time: 00:00.02 (Saving: 00:00.00)

Saved: '/Users/chikumatsuboi/Code/animal-racers-western/assets/source/western/revision2/qa/wolf/race/motion/candidate/defeat/0010.png'
Time: 00:00.03 (Saving: 00:00.00)

Saved: '/Users/chikumatsuboi/Code/animal-racers-western/assets/source/western/revision2/qa/wolf/race/motion/candidate/defeat/0011.png'
Time: 00:00.03 (Saving: 00:00.00)

Saved: '/Users/chikumatsuboi/Code/animal-racers-western/assets/source/western/revision2/qa/wolf/race/motion/candidate/defeat/0012.png'
Time: 00:00.03 (Saving: 00:00.00)

Saved: '/Users/chikumatsuboi/Code/animal-racers-western/assets/source/western/revision2/qa/wolf/race/motion/candidate/defeat/0013.png'
Time: 00:00.03 (Saving: 00:00.00)

Saved: '/Users/chikumatsuboi/Code/animal-racers-western/assets/source/western/revision2/qa/wolf/race/motion/candidate/defeat/0014.png'
Time: 00:00.03 (Saving: 00:00.00)

Saved: '/Users/chikumatsuboi/Code/animal-racers-western/assets/source/western/revision2/qa/wolf/race/motion/candidate/defeat/0015.png'
Time: 00:00.03 (Saving: 00:00.00)

Saved: '/Users/chikumatsuboi/Code/animal-racers-western/assets/source/western/revision2/qa/wolf/race/motion/candidate/defeat/0016.png'
Time: 00:00.03 (Saving: 00:00.00)

Saved: '/Users/chikumatsuboi/Code/animal-racers-western/assets/source/western/revision2/qa/wolf/race/motion/candidate/defeat/0017.png'
Time: 00:00.03 (Saving: 00:00.00)

Saved: '/Users/chikumatsuboi/Code/animal-racers-western/assets/source/western/revision2/qa/wolf/race/motion/candidate/defeat/0018.png'
Time: 00:00.03 (Saving: 00:00.00)

Saved: '/Users/chikumatsuboi/Code/animal-racers-western/assets/source/western/revision2/qa/wolf/race/motion/candidate/defeat/0019.png'
Time: 00:00.03 (Saving: 00:00.00)

Saved: '/Users/chikumatsuboi/Code/animal-racers-western/assets/source/western/revision2/qa/wolf/race/motion/candidate/defeat/0020.png'
Time: 00:00.02 (Saving: 00:00.00)

REVISION2_MOTION wolf race defeat 21
Read blend: "/Users/chikumatsuboi/Code/animal-racers-western/assets/source/western/revision2/inputs/wolf.blend"
Saved: '/Users/chikumatsuboi/Code/animal-racers-western/assets/source/western/revision2/qa/wolf/race/motion/control/evade/0000.png'
Time: 00:00.03 (Saving: 00:00.00)

Saved: '/Users/chikumatsuboi/Code/animal-racers-western/assets/source/western/revision2/qa/wolf/race/motion/control/evade/0001.png'
Time: 00:00.02 (Saving: 00:00.00)

Saved: '/Users/chikumatsuboi/Code/animal-racers-western/assets/source/western/revision2/qa/wolf/race/motion/control/evade/0002.png'
Time: 00:00.03 (Saving: 00:00.00)

Saved: '/Users/chikumatsuboi/Code/animal-racers-western/assets/source/western/revision2/qa/wolf/race/motion/control/evade/0003.png'
Time: 00:00.03 (Saving: 00:00.00)

Saved: '/Users/chikumatsuboi/Code/animal-racers-western/assets/source/western/revision2/qa/wolf/race/motion/control/evade/0004.png'
Time: 00:00.03 (Saving: 00:00.00)

Saved: '/Users/chikumatsuboi/Code/animal-racers-western/assets/source/western/revision2/qa/wolf/race/motion/control/evade/0005.png'
Time: 00:00.03 (Saving: 00:00.00)

Saved: '/Users/chikumatsuboi/Code/animal-racers-western/assets/source/western/revision2/qa/wolf/race/motion/control/evade/0006.png'
Time: 00:00.03 (Saving: 00:00.00)

Read blend: "/Users/chikumatsuboi/Code/animal-racers-western/assets/source/western/revision2/candidate/wolf.blend"
Saved: '/Users/chikumatsuboi/Code/animal-racers-western/assets/source/western/revision2/qa/wolf/race/motion/candidate/evade/0000.png'
Time: 00:00.03 (Saving: 00:00.00)

Saved: '/Users/chikumatsuboi/Code/animal-racers-western/assets/source/western/revision2/qa/wolf/race/motion/candidate/evade/0001.png'
Time: 00:00.02 (Saving: 00:00.00)

Saved: '/Users/chikumatsuboi/Code/animal-racers-western/assets/source/western/revision2/qa/wolf/race/motion/candidate/evade/0002.png'
Time: 00:00.02 (Saving: 00:00.00)

Saved: '/Users/chikumatsuboi/Code/animal-racers-western/assets/source/western/revision2/qa/wolf/race/motion/candidate/evade/0003.png'
Time: 00:00.03 (Saving: 00:00.00)

Saved: '/Users/chikumatsuboi/Code/animal-racers-western/assets/source/western/revision2/qa/wolf/race/motion/candidate/evade/0004.png'
Time: 00:00.03 (Saving: 00:00.00)

Saved: '/Users/chikumatsuboi/Code/animal-racers-western/assets/source/western/revision2/qa/wolf/race/motion/candidate/evade/0005.png'
Time: 00:00.03 (Saving: 00:00.00)

Saved: '/Users/chikumatsuboi/Code/animal-racers-western/assets/source/western/revision2/qa/wolf/race/motion/candidate/evade/0006.png'
Time: 00:00.03 (Saving: 00:00.00)

REVISION2_MOTION wolf race evade 7
Read blend: "/Users/chikumatsuboi/Code/animal-racers-western/assets/source/western/revision2/inputs/wolf.blend"
Saved: '/Users/chikumatsuboi/Code/animal-racers-western/assets/source/western/revision2/qa/wolf/race/motion/control/fight_idle/0000.png'
Time: 00:00.03 (Saving: 00:00.01)

Saved: '/Users/chikumatsuboi/Code/animal-racers-western/assets/source/western/revision2/qa/wolf/race/motion/control/fight_idle/0001.png'
Time: 00:00.04 (Saving: 00:00.00)

Saved: '/Users/chikumatsuboi/Code/animal-racers-western/assets/source/western/revision2/qa/wolf/race/motion/control/fight_idle/0002.png'
Time: 00:00.03 (Saving: 00:00.00)

Saved: '/Users/chikumatsuboi/Code/animal-racers-western/assets/source/western/revision2/qa/wolf/race/motion/control/fight_idle/0003.png'
Time: 00:00.03 (Saving: 00:00.00)

Saved: '/Users/chikumatsuboi/Code/animal-racers-western/assets/source/western/revision2/qa/wolf/race/motion/control/fight_idle/0004.png'
Time: 00:00.03 (Saving: 00:00.00)

Saved: '/Users/chikumatsuboi/Code/animal-racers-western/assets/source/western/revision2/qa/wolf/race/motion/control/fight_idle/0005.png'
Time: 00:00.03 (Saving: 00:00.00)

Saved: '/Users/chikumatsuboi/Code/animal-racers-western/assets/source/western/revision2/qa/wolf/race/motion/control/fight_idle/0006.png'
Time: 00:00.03 (Saving: 00:00.00)

Saved: '/Users/chikumatsuboi/Code/animal-racers-western/assets/source/western/revision2/qa/wolf/race/motion/control/fight_idle/0007.png'
Time: 00:00.02 (Saving: 00:00.00)

Saved: '/Users/chikumatsuboi/Code/animal-racers-western/assets/source/western/revision2/qa/wolf/race/motion/control/fight_idle/0008.png'
Time: 00:00.03 (Saving: 00:00.00)

Saved: '/Users/chikumatsuboi/Code/animal-racers-western/assets/source/western/revision2/qa/wolf/race/motion/control/fight_idle/0009.png'
Time: 00:00.03 (Saving: 00:00.00)

Saved: '/Users/chikumatsuboi/Code/animal-racers-western/assets/source/western/revision2/qa/wolf/race/motion/control/fight_idle/0010.png'
Time: 00:00.02 (Saving: 00:00.00)

Saved: '/Users/chikumatsuboi/Code/animal-racers-western/assets/source/western/revision2/qa/wolf/race/motion/control/fight_idle/0011.png'
Time: 00:00.03 (Saving: 00:00.00)

Saved: '/Users/chikumatsuboi/Code/animal-racers-western/assets/source/western/revision2/qa/wolf/race/motion/control/fight_idle/0012.png'
Time: 00:00.02 (Saving: 00:00.00)

Saved: '/Users/chikumatsuboi/Code/animal-racers-western/assets/source/western/revision2/qa/wolf/race/motion/control/fight_idle/0013.png'
Time: 00:00.03 (Saving: 00:00.00)

Saved: '/Users/chikumatsuboi/Code/animal-racers-western/assets/source/western/revision2/qa/wolf/race/motion/control/fight_idle/0014.png'
Time: 00:00.02 (Saving: 00:00.00)

Saved: '/Users/chikumatsuboi/Code/animal-racers-western/assets/source/western/revision2/qa/wolf/race/motion/control/fight_idle/0015.png'
Time: 00:00.02 (Saving: 00:00.00)

Saved: '/Users/chikumatsuboi/Code/animal-racers-western/assets/source/western/revision2/qa/wolf/race/motion/control/fight_idle/0016.png'
Time: 00:00.02 (Saving: 00:00.00)

Saved: '/Users/chikumatsuboi/Code/animal-racers-western/assets/source/western/revision2/qa/wolf/race/motion/control/fight_idle/0017.png'
Time: 00:00.03 (Saving: 00:00.01)

Saved: '/Users/chikumatsuboi/Code/animal-racers-western/assets/source/western/revision2/qa/wolf/race/motion/control/fight_idle/0018.png'
Time: 00:00.02 (Saving: 00:00.00)

Saved: '/Users/chikumatsuboi/Code/animal-racers-western/assets/source/western/revision2/qa/wolf/race/motion/control/fight_idle/0019.png'
Time: 00:00.02 (Saving: 00:00.00)

Saved: '/Users/chikumatsuboi/Code/animal-racers-western/assets/source/western/revision2/qa/wolf/race/motion/control/fight_idle/0020.png'
Time: 00:00.02 (Saving: 00:00.00)

Saved: '/Users/chikumatsuboi/Code/animal-racers-western/assets/source/western/revision2/qa/wolf/race/motion/control/fight_idle/0021.png'
Time: 00:00.02 (Saving: 00:00.00)

Saved: '/Users/chikumatsuboi/Code/animal-racers-western/assets/source/western/revision2/qa/wolf/race/motion/control/fight_idle/0022.png'
Time: 00:00.02 (Saving: 00:00.00)

Saved: '/Users/chikumatsuboi/Code/animal-racers-western/assets/source/western/revision2/qa/wolf/race/motion/control/fight_idle/0023.png'
Time: 00:00.02 (Saving: 00:00.00)

Saved: '/Users/chikumatsuboi/Code/animal-racers-western/assets/source/western/revision2/qa/wolf/race/motion/control/fight_idle/0024.png'
Time: 00:00.02 (Saving: 00:00.00)

Saved: '/Users/chikumatsuboi/Code/animal-racers-western/assets/source/western/revision2/qa/wolf/race/motion/control/fight_idle/0025.png'
Time: 00:00.02 (Saving: 00:00.00)

Saved: '/Users/chikumatsuboi/Code/animal-racers-western/assets/source/western/revision2/qa/wolf/race/motion/control/fight_idle/0026.png'
Time: 00:00.02 (Saving: 00:00.00)

Saved: '/Users/chikumatsuboi/Code/animal-racers-western/assets/source/western/revision2/qa/wolf/race/motion/control/fight_idle/0027.png'
Time: 00:00.02 (Saving: 00:00.00)

Saved: '/Users/chikumatsuboi/Code/animal-racers-western/assets/source/western/revision2/qa/wolf/race/motion/control/fight_idle/0028.png'
Time: 00:00.02 (Saving: 00:00.00)

Saved: '/Users/chikumatsuboi/Code/animal-racers-western/assets/source/western/revision2/qa/wolf/race/motion/control/fight_idle/0029.png'
Time: 00:00.02 (Saving: 00:00.00)

Saved: '/Users/chikumatsuboi/Code/animal-racers-western/assets/source/western/revision2/qa/wolf/race/motion/control/fight_idle/0030.png'
Time: 00:00.02 (Saving: 00:00.00)

Read blend: "/Users/chikumatsuboi/Code/animal-racers-western/assets/source/western/revision2/candidate/wolf.blend"
Saved: '/Users/chikumatsuboi/Code/animal-racers-western/assets/source/western/revision2/qa/wolf/race/motion/candidate/fight_idle/0000.png'
Time: 00:00.03 (Saving: 00:00.00)

Saved: '/Users/chikumatsuboi/Code/animal-racers-western/assets/source/western/revision2/qa/wolf/race/motion/candidate/fight_idle/0001.png'
Time: 00:00.03 (Saving: 00:00.00)

Saved: '/Users/chikumatsuboi/Code/animal-racers-western/assets/source/western/revision2/qa/wolf/race/motion/candidate/fight_idle/0002.png'
Time: 00:00.03 (Saving: 00:00.00)

Saved: '/Users/chikumatsuboi/Code/animal-racers-western/assets/source/western/revision2/qa/wolf/race/motion/candidate/fight_idle/0003.png'
Time: 00:00.03 (Saving: 00:00.00)

Saved: '/Users/chikumatsuboi/Code/animal-racers-western/assets/source/western/revision2/qa/wolf/race/motion/candidate/fight_idle/0004.png'
Time: 00:00.02 (Saving: 00:00.00)

Saved: '/Users/chikumatsuboi/Code/animal-racers-western/assets/source/western/revision2/qa/wolf/race/motion/candidate/fight_idle/0005.png'
Time: 00:00.03 (Saving: 00:00.00)

Saved: '/Users/chikumatsuboi/Code/animal-racers-western/assets/source/western/revision2/qa/wolf/race/motion/candidate/fight_idle/0006.png'
Time: 00:00.03 (Saving: 00:00.00)

Saved: '/Users/chikumatsuboi/Code/animal-racers-western/assets/source/western/revision2/qa/wolf/race/motion/candidate/fight_idle/0007.png'
Time: 00:00.02 (Saving: 00:00.00)

Saved: '/Users/chikumatsuboi/Code/animal-racers-western/assets/source/western/revision2/qa/wolf/race/motion/candidate/fight_idle/0008.png'
Time: 00:00.02 (Saving: 00:00.00)

Saved: '/Users/chikumatsuboi/Code/animal-racers-western/assets/source/western/revision2/qa/wolf/race/motion/candidate/fight_idle/0009.png'
Time: 00:00.02 (Saving: 00:00.00)

Saved: '/Users/chikumatsuboi/Code/animal-racers-western/assets/source/western/revision2/qa/wolf/race/motion/candidate/fight_idle/0010.png'
Time: 00:00.02 (Saving: 00:00.00)

Saved: '/Users/chikumatsuboi/Code/animal-racers-western/assets/source/western/revision2/qa/wolf/race/motion/candidate/fight_idle/0011.png'
Time: 00:00.02 (Saving: 00:00.00)

Saved: '/Users/chikumatsuboi/Code/animal-racers-western/assets/source/western/revision2/qa/wolf/race/motion/candidate/fight_idle/0012.png'
Time: 00:00.02 (Saving: 00:00.00)

Saved: '/Users/chikumatsuboi/Code/animal-racers-western/assets/source/western/revision2/qa/wolf/race/motion/candidate/fight_idle/0013.png'
Time: 00:00.02 (Saving: 00:00.00)

Saved: '/Users/chikumatsuboi/Code/animal-racers-western/assets/source/western/revision2/qa/wolf/race/motion/candidate/fight_idle/0014.png'
Time: 00:00.02 (Saving: 00:00.00)

Saved: '/Users/chikumatsuboi/Code/animal-racers-western/assets/source/western/revision2/qa/wolf/race/motion/candidate/fight_idle/0015.png'
Time: 00:00.02 (Saving: 00:00.00)

Saved: '/Users/chikumatsuboi/Code/animal-racers-western/assets/source/western/revision2/qa/wolf/race/motion/candidate/fight_idle/0016.png'
Time: 00:00.02 (Saving: 00:00.00)

Saved: '/Users/chikumatsuboi/Code/animal-racers-western/assets/source/western/revision2/qa/wolf/race/motion/candidate/fight_idle/0017.png'
Time: 00:00.02 (Saving: 00:00.00)

Saved: '/Users/chikumatsuboi/Code/animal-racers-western/assets/source/western/revision2/qa/wolf/race/motion/candidate/fight_idle/0018.png'
Time: 00:00.02 (Saving: 00:00.00)

Saved: '/Users/chikumatsuboi/Code/animal-racers-western/assets/source/western/revision2/qa/wolf/race/motion/candidate/fight_idle/0019.png'
Time: 00:00.02 (Saving: 00:00.00)

Saved: '/Users/chikumatsuboi/Code/animal-racers-western/assets/source/western/revision2/qa/wolf/race/motion/candidate/fight_idle/0020.png'
Time: 00:00.02 (Saving: 00:00.00)

Saved: '/Users/chikumatsuboi/Code/animal-racers-western/assets/source/western/revision2/qa/wolf/race/motion/candidate/fight_idle/0021.png'
Time: 00:00.02 (Saving: 00:00.00)

Saved: '/Users/chikumatsuboi/Code/animal-racers-western/assets/source/western/revision2/qa/wolf/race/motion/candidate/fight_idle/0022.png'
Time: 00:00.02 (Saving: 00:00.00)

Saved: '/Users/chikumatsuboi/Code/animal-racers-western/assets/source/western/revision2/qa/wolf/race/motion/candidate/fight_idle/0023.png'
Time: 00:00.02 (Saving: 00:00.00)

Saved: '/Users/chikumatsuboi/Code/animal-racers-western/assets/source/western/revision2/qa/wolf/race/motion/candidate/fight_idle/0024.png'
Time: 00:00.03 (Saving: 00:00.00)

Saved: '/Users/chikumatsuboi/Code/animal-racers-western/assets/source/western/revision2/qa/wolf/race/motion/candidate/fight_idle/0025.png'
Time: 00:00.02 (Saving: 00:00.00)

Saved: '/Users/chikumatsuboi/Code/animal-racers-western/assets/source/western/revision2/qa/wolf/race/motion/candidate/fight_idle/0026.png'
Time: 00:00.03 (Saving: 00:00.00)

Saved: '/Users/chikumatsuboi/Code/animal-racers-western/assets/source/western/revision2/qa/wolf/race/motion/candidate/fight_idle/0027.png'
Time: 00:00.02 (Saving: 00:00.00)

Saved: '/Users/chikumatsuboi/Code/animal-racers-western/assets/source/western/revision2/qa/wolf/race/motion/candidate/fight_idle/0028.png'
Time: 00:00.02 (Saving: 00:00.00)

Saved: '/Users/chikumatsuboi/Code/animal-racers-western/assets/source/western/revision2/qa/wolf/race/motion/candidate/fight_idle/0029.png'
Time: 00:00.02 (Saving: 00:00.00)

Saved: '/Users/chikumatsuboi/Code/animal-racers-western/assets/source/western/revision2/qa/wolf/race/motion/candidate/fight_idle/0030.png'
Time: 00:00.02 (Saving: 00:00.00)

REVISION2_MOTION wolf race fight_idle 31
Read blend: "/Users/chikumatsuboi/Code/animal-racers-western/assets/source/western/revision2/inputs/wolf.blend"
Saved: '/Users/chikumatsuboi/Code/animal-racers-western/assets/source/western/revision2/qa/wolf/race/motion/control/fight_move/0000.png'
Time: 00:00.03 (Saving: 00:00.00)

Saved: '/Users/chikumatsuboi/Code/animal-racers-western/assets/source/western/revision2/qa/wolf/race/motion/control/fight_move/0001.png'
Time: 00:00.03 (Saving: 00:00.00)

Saved: '/Users/chikumatsuboi/Code/animal-racers-western/assets/source/western/revision2/qa/wolf/race/motion/control/fight_move/0002.png'
Time: 00:00.03 (Saving: 00:00.00)

Saved: '/Users/chikumatsuboi/Code/animal-racers-western/assets/source/western/revision2/qa/wolf/race/motion/control/fight_move/0003.png'
Time: 00:00.02 (Saving: 00:00.00)

Saved: '/Users/chikumatsuboi/Code/animal-racers-western/assets/source/western/revision2/qa/wolf/race/motion/control/fight_move/0004.png'
Time: 00:00.03 (Saving: 00:00.00)

Saved: '/Users/chikumatsuboi/Code/animal-racers-western/assets/source/western/revision2/qa/wolf/race/motion/control/fight_move/0005.png'
Time: 00:00.03 (Saving: 00:00.00)

Saved: '/Users/chikumatsuboi/Code/animal-racers-western/assets/source/western/revision2/qa/wolf/race/motion/control/fight_move/0006.png'
Time: 00:00.03 (Saving: 00:00.00)

Read blend: "/Users/chikumatsuboi/Code/animal-racers-western/assets/source/western/revision2/candidate/wolf.blend"
Saved: '/Users/chikumatsuboi/Code/animal-racers-western/assets/source/western/revision2/qa/wolf/race/motion/candidate/fight_move/0000.png'
Time: 00:00.03 (Saving: 00:00.00)

Saved: '/Users/chikumatsuboi/Code/animal-racers-western/assets/source/western/revision2/qa/wolf/race/motion/candidate/fight_move/0001.png'
Time: 00:00.04 (Saving: 00:00.00)

Saved: '/Users/chikumatsuboi/Code/animal-racers-western/assets/source/western/revision2/qa/wolf/race/motion/candidate/fight_move/0002.png'
Time: 00:00.03 (Saving: 00:00.00)

Saved: '/Users/chikumatsuboi/Code/animal-racers-western/assets/source/western/revision2/qa/wolf/race/motion/candidate/fight_move/0003.png'
Time: 00:00.03 (Saving: 00:00.00)

Saved: '/Users/chikumatsuboi/Code/animal-racers-western/assets/source/western/revision2/qa/wolf/race/motion/candidate/fight_move/0004.png'
Time: 00:00.03 (Saving: 00:00.00)

Saved: '/Users/chikumatsuboi/Code/animal-racers-western/assets/source/western/revision2/qa/wolf/race/motion/candidate/fight_move/0005.png'
Time: 00:00.02 (Saving: 00:00.00)

Saved: '/Users/chikumatsuboi/Code/animal-racers-western/assets/source/western/revision2/qa/wolf/race/motion/candidate/fight_move/0006.png'
Time: 00:00.03 (Saving: 00:00.00)

REVISION2_MOTION wolf race fight_move 7
Read blend: "/Users/chikumatsuboi/Code/animal-racers-western/assets/source/western/revision2/inputs/wolf.blend"
Saved: '/Users/chikumatsuboi/Code/animal-racers-western/assets/source/western/revision2/qa/wolf/race/motion/control/guard/0000.png'
Time: 00:00.03 (Saving: 00:00.00)

Saved: '/Users/chikumatsuboi/Code/animal-racers-western/assets/source/western/revision2/qa/wolf/race/motion/control/guard/0001.png'
Time: 00:00.03 (Saving: 00:00.00)

Saved: '/Users/chikumatsuboi/Code/animal-racers-western/assets/source/western/revision2/qa/wolf/race/motion/control/guard/0002.png'
Time: 00:00.03 (Saving: 00:00.00)

Saved: '/Users/chikumatsuboi/Code/animal-racers-western/assets/source/western/revision2/qa/wolf/race/motion/control/guard/0003.png'
Time: 00:00.03 (Saving: 00:00.00)

Saved: '/Users/chikumatsuboi/Code/animal-racers-western/assets/source/western/revision2/qa/wolf/race/motion/control/guard/0004.png'
Time: 00:00.03 (Saving: 00:00.00)

Saved: '/Users/chikumatsuboi/Code/animal-racers-western/assets/source/western/revision2/qa/wolf/race/motion/control/guard/0005.png'
Time: 00:00.03 (Saving: 00:00.00)

Saved: '/Users/chikumatsuboi/Code/animal-racers-western/assets/source/western/revision2/qa/wolf/race/motion/control/guard/0006.png'
Time: 00:00.03 (Saving: 00:00.00)

Saved: '/Users/chikumatsuboi/Code/animal-racers-western/assets/source/western/revision2/qa/wolf/race/motion/control/guard/0007.png'
Time: 00:00.03 (Saving: 00:00.00)

Saved: '/Users/chikumatsuboi/Code/animal-racers-western/assets/source/western/revision2/qa/wolf/race/motion/control/guard/0008.png'
Time: 00:00.03 (Saving: 00:00.00)

Saved: '/Users/chikumatsuboi/Code/animal-racers-western/assets/source/western/revision2/qa/wolf/race/motion/control/guard/0009.png'
Time: 00:00.03 (Saving: 00:00.00)

Read blend: "/Users/chikumatsuboi/Code/animal-racers-western/assets/source/western/revision2/candidate/wolf.blend"
Saved: '/Users/chikumatsuboi/Code/animal-racers-western/assets/source/western/revision2/qa/wolf/race/motion/candidate/guard/0000.png'
Time: 00:00.02 (Saving: 00:00.00)

Saved: '/Users/chikumatsuboi/Code/animal-racers-western/assets/source/western/revision2/qa/wolf/race/motion/candidate/guard/0001.png'
Time: 00:00.02 (Saving: 00:00.00)

Saved: '/Users/chikumatsuboi/Code/animal-racers-western/assets/source/western/revision2/qa/wolf/race/motion/candidate/guard/0002.png'
Time: 00:00.02 (Saving: 00:00.00)

Saved: '/Users/chikumatsuboi/Code/animal-racers-western/assets/source/western/revision2/qa/wolf/race/motion/candidate/guard/0003.png'
Time: 00:00.02 (Saving: 00:00.00)

Saved: '/Users/chikumatsuboi/Code/animal-racers-western/assets/source/western/revision2/qa/wolf/race/motion/candidate/guard/0004.png'
Time: 00:00.02 (Saving: 00:00.00)

Saved: '/Users/chikumatsuboi/Code/animal-racers-western/assets/source/western/revision2/qa/wolf/race/motion/candidate/guard/0005.png'
Time: 00:00.03 (Saving: 00:00.00)

Saved: '/Users/chikumatsuboi/Code/animal-racers-western/assets/source/western/revision2/qa/wolf/race/motion/candidate/guard/0006.png'
Time: 00:00.03 (Saving: 00:00.00)

Saved: '/Users/chikumatsuboi/Code/animal-racers-western/assets/source/western/revision2/qa/wolf/race/motion/candidate/guard/0007.png'
Time: 00:00.03 (Saving: 00:00.00)

Saved: '/Users/chikumatsuboi/Code/animal-racers-western/assets/source/western/revision2/qa/wolf/race/motion/candidate/guard/0008.png'
Time: 00:00.03 (Saving: 00:00.00)

Saved: '/Users/chikumatsuboi/Code/animal-racers-western/assets/source/western/revision2/qa/wolf/race/motion/candidate/guard/0009.png'
Time: 00:00.03 (Saving: 00:00.00)

REVISION2_MOTION wolf race guard 10
Read blend: "/Users/chikumatsuboi/Code/animal-racers-western/assets/source/western/revision2/inputs/wolf.blend"
Saved: '/Users/chikumatsuboi/Code/animal-racers-western/assets/source/western/revision2/qa/wolf/race/motion/control/hit/0000.png'
Time: 00:00.03 (Saving: 00:00.00)

Saved: '/Users/chikumatsuboi/Code/animal-racers-western/assets/source/western/revision2/qa/wolf/race/motion/control/hit/0001.png'
Time: 00:00.03 (Saving: 00:00.00)

Saved: '/Users/chikumatsuboi/Code/animal-racers-western/assets/source/western/revision2/qa/wolf/race/motion/control/hit/0002.png'
Time: 00:00.03 (Saving: 00:00.00)

Saved: '/Users/chikumatsuboi/Code/animal-racers-western/assets/source/western/revision2/qa/wolf/race/motion/control/hit/0003.png'
Time: 00:00.03 (Saving: 00:00.00)

Saved: '/Users/chikumatsuboi/Code/animal-racers-western/assets/source/western/revision2/qa/wolf/race/motion/control/hit/0004.png'
Time: 00:00.03 (Saving: 00:00.00)

Saved: '/Users/chikumatsuboi/Code/animal-racers-western/assets/source/western/revision2/qa/wolf/race/motion/control/hit/0005.png'
Time: 00:00.03 (Saving: 00:00.00)

Saved: '/Users/chikumatsuboi/Code/animal-racers-western/assets/source/western/revision2/qa/wolf/race/motion/control/hit/0006.png'
Time: 00:00.03 (Saving: 00:00.00)

Read blend: "/Users/chikumatsuboi/Code/animal-racers-western/assets/source/western/revision2/candidate/wolf.blend"
Saved: '/Users/chikumatsuboi/Code/animal-racers-western/assets/source/western/revision2/qa/wolf/race/motion/candidate/hit/0000.png'
Time: 00:00.02 (Saving: 00:00.00)

Saved: '/Users/chikumatsuboi/Code/animal-racers-western/assets/source/western/revision2/qa/wolf/race/motion/candidate/hit/0001.png'
Time: 00:00.02 (Saving: 00:00.00)

Saved: '/Users/chikumatsuboi/Code/animal-racers-western/assets/source/western/revision2/qa/wolf/race/motion/candidate/hit/0002.png'
Time: 00:00.02 (Saving: 00:00.00)

Saved: '/Users/chikumatsuboi/Code/animal-racers-western/assets/source/western/revision2/qa/wolf/race/motion/candidate/hit/0003.png'
Time: 00:00.02 (Saving: 00:00.00)

Saved: '/Users/chikumatsuboi/Code/animal-racers-western/assets/source/western/revision2/qa/wolf/race/motion/candidate/hit/0004.png'
Time: 00:00.02 (Saving: 00:00.00)

Saved: '/Users/chikumatsuboi/Code/animal-racers-western/assets/source/western/revision2/qa/wolf/race/motion/candidate/hit/0005.png'
Time: 00:00.02 (Saving: 00:00.00)

Saved: '/Users/chikumatsuboi/Code/animal-racers-western/assets/source/western/revision2/qa/wolf/race/motion/candidate/hit/0006.png'
Time: 00:00.02 (Saving: 00:00.00)

REVISION2_MOTION wolf race hit 7
Read blend: "/Users/chikumatsuboi/Code/animal-racers-western/assets/source/western/revision2/inputs/wolf.blend"
Saved: '/Users/chikumatsuboi/Code/animal-racers-western/assets/source/western/revision2/qa/wolf/race/motion/control/jump/0000.png'
Time: 00:00.03 (Saving: 00:00.00)

Saved: '/Users/chikumatsuboi/Code/animal-racers-western/assets/source/western/revision2/qa/wolf/race/motion/control/jump/0001.png'
Time: 00:00.03 (Saving: 00:00.00)

Saved: '/Users/chikumatsuboi/Code/animal-racers-western/assets/source/western/revision2/qa/wolf/race/motion/control/jump/0002.png'
Time: 00:00.03 (Saving: 00:00.00)

Saved: '/Users/chikumatsuboi/Code/animal-racers-western/assets/source/western/revision2/qa/wolf/race/motion/control/jump/0003.png'
Time: 00:00.03 (Saving: 00:00.00)

Saved: '/Users/chikumatsuboi/Code/animal-racers-western/assets/source/western/revision2/qa/wolf/race/motion/control/jump/0004.png'
Time: 00:00.03 (Saving: 00:00.00)

Saved: '/Users/chikumatsuboi/Code/animal-racers-western/assets/source/western/revision2/qa/wolf/race/motion/control/jump/0005.png'
Time: 00:00.03 (Saving: 00:00.00)

Saved: '/Users/chikumatsuboi/Code/animal-racers-western/assets/source/western/revision2/qa/wolf/race/motion/control/jump/0006.png'
Time: 00:00.02 (Saving: 00:00.00)

Saved: '/Users/chikumatsuboi/Code/animal-racers-western/assets/source/western/revision2/qa/wolf/race/motion/control/jump/0007.png'
Time: 00:00.02 (Saving: 00:00.00)

Saved: '/Users/chikumatsuboi/Code/animal-racers-western/assets/source/western/revision2/qa/wolf/race/motion/control/jump/0008.png'
Time: 00:00.03 (Saving: 00:00.00)

Saved: '/Users/chikumatsuboi/Code/animal-racers-western/assets/source/western/revision2/qa/wolf/race/motion/control/jump/0009.png'
Time: 00:00.02 (Saving: 00:00.00)

Saved: '/Users/chikumatsuboi/Code/animal-racers-western/assets/source/western/revision2/qa/wolf/race/motion/control/jump/0010.png'
Time: 00:00.02 (Saving: 00:00.00)

Saved: '/Users/chikumatsuboi/Code/animal-racers-western/assets/source/western/revision2/qa/wolf/race/motion/control/jump/0011.png'
Time: 00:00.02 (Saving: 00:00.00)

Saved: '/Users/chikumatsuboi/Code/animal-racers-western/assets/source/western/revision2/qa/wolf/race/motion/control/jump/0012.png'
Time: 00:00.03 (Saving: 00:00.00)

Read blend: "/Users/chikumatsuboi/Code/animal-racers-western/assets/source/western/revision2/candidate/wolf.blend"
Saved: '/Users/chikumatsuboi/Code/animal-racers-western/assets/source/western/revision2/qa/wolf/race/motion/candidate/jump/0000.png'
Time: 00:00.02 (Saving: 00:00.00)

Saved: '/Users/chikumatsuboi/Code/animal-racers-western/assets/source/western/revision2/qa/wolf/race/motion/candidate/jump/0001.png'
Time: 00:00.02 (Saving: 00:00.00)

Saved: '/Users/chikumatsuboi/Code/animal-racers-western/assets/source/western/revision2/qa/wolf/race/motion/candidate/jump/0002.png'
Time: 00:00.02 (Saving: 00:00.00)

Saved: '/Users/chikumatsuboi/Code/animal-racers-western/assets/source/western/revision2/qa/wolf/race/motion/candidate/jump/0003.png'
Time: 00:00.03 (Saving: 00:00.00)

Saved: '/Users/chikumatsuboi/Code/animal-racers-western/assets/source/western/revision2/qa/wolf/race/motion/candidate/jump/0004.png'
Time: 00:00.03 (Saving: 00:00.00)

Saved: '/Users/chikumatsuboi/Code/animal-racers-western/assets/source/western/revision2/qa/wolf/race/motion/candidate/jump/0005.png'
Time: 00:00.03 (Saving: 00:00.00)

Saved: '/Users/chikumatsuboi/Code/animal-racers-western/assets/source/western/revision2/qa/wolf/race/motion/candidate/jump/0006.png'
Time: 00:00.03 (Saving: 00:00.00)

Saved: '/Users/chikumatsuboi/Code/animal-racers-western/assets/source/western/revision2/qa/wolf/race/motion/candidate/jump/0007.png'
Time: 00:00.03 (Saving: 00:00.00)

Saved: '/Users/chikumatsuboi/Code/animal-racers-western/assets/source/western/revision2/qa/wolf/race/motion/candidate/jump/0008.png'
Time: 00:00.02 (Saving: 00:00.00)

Saved: '/Users/chikumatsuboi/Code/animal-racers-western/assets/source/western/revision2/qa/wolf/race/motion/candidate/jump/0009.png'
Time: 00:00.02 (Saving: 00:00.00)

Saved: '/Users/chikumatsuboi/Code/animal-racers-western/assets/source/western/revision2/qa/wolf/race/motion/candidate/jump/0010.png'
Time: 00:00.03 (Saving: 00:00.00)

Saved: '/Users/chikumatsuboi/Code/animal-racers-western/assets/source/western/revision2/qa/wolf/race/motion/candidate/jump/0011.png'
Time: 00:00.02 (Saving: 00:00.00)

Saved: '/Users/chikumatsuboi/Code/animal-racers-western/assets/source/western/revision2/qa/wolf/race/motion/candidate/jump/0012.png'
Time: 00:00.02 (Saving: 00:00.00)

REVISION2_MOTION wolf race jump 13
Read blend: "/Users/chikumatsuboi/Code/animal-racers-western/assets/source/western/revision2/inputs/wolf.blend"
Saved: '/Users/chikumatsuboi/Code/animal-racers-western/assets/source/western/revision2/qa/wolf/race/motion/control/land/0000.png'
Time: 00:00.03 (Saving: 00:00.00)

Saved: '/Users/chikumatsuboi/Code/animal-racers-western/assets/source/western/revision2/qa/wolf/race/motion/control/land/0001.png'
Time: 00:00.03 (Saving: 00:00.00)

Saved: '/Users/chikumatsuboi/Code/animal-racers-western/assets/source/western/revision2/qa/wolf/race/motion/control/land/0002.png'
Time: 00:00.03 (Saving: 00:00.00)

Saved: '/Users/chikumatsuboi/Code/animal-racers-western/assets/source/western/revision2/qa/wolf/race/motion/control/land/0003.png'
Time: 00:00.03 (Saving: 00:00.00)

Saved: '/Users/chikumatsuboi/Code/animal-racers-western/assets/source/western/revision2/qa/wolf/race/motion/control/land/0004.png'
Time: 00:00.03 (Saving: 00:00.00)

Saved: '/Users/chikumatsuboi/Code/animal-racers-western/assets/source/western/revision2/qa/wolf/race/motion/control/land/0005.png'
Time: 00:00.04 (Saving: 00:00.00)

Read blend: "/Users/chikumatsuboi/Code/animal-racers-western/assets/source/western/revision2/candidate/wolf.blend"
Saved: '/Users/chikumatsuboi/Code/animal-racers-western/assets/source/western/revision2/qa/wolf/race/motion/candidate/land/0000.png'
Time: 00:00.04 (Saving: 00:00.01)

Saved: '/Users/chikumatsuboi/Code/animal-racers-western/assets/source/western/revision2/qa/wolf/race/motion/candidate/land/0001.png'
Time: 00:00.04 (Saving: 00:00.00)

Saved: '/Users/chikumatsuboi/Code/animal-racers-western/assets/source/western/revision2/qa/wolf/race/motion/candidate/land/0002.png'
Time: 00:00.03 (Saving: 00:00.00)

Saved: '/Users/chikumatsuboi/Code/animal-racers-western/assets/source/western/revision2/qa/wolf/race/motion/candidate/land/0003.png'
Time: 00:00.03 (Saving: 00:00.00)

Saved: '/Users/chikumatsuboi/Code/animal-racers-western/assets/source/western/revision2/qa/wolf/race/motion/candidate/land/0004.png'
Time: 00:00.02 (Saving: 00:00.00)

Saved: '/Users/chikumatsuboi/Code/animal-racers-western/assets/source/western/revision2/qa/wolf/race/motion/candidate/land/0005.png'
Time: 00:00.02 (Saving: 00:00.00)

REVISION2_MOTION wolf race land 6
Read blend: "/Users/chikumatsuboi/Code/animal-racers-western/assets/source/western/revision2/inputs/wolf.blend"
Saved: '/Users/chikumatsuboi/Code/animal-racers-western/assets/source/western/revision2/qa/wolf/race/motion/control/race_idle/0000.png'
Time: 00:00.03 (Saving: 00:00.00)

Saved: '/Users/chikumatsuboi/Code/animal-racers-western/assets/source/western/revision2/qa/wolf/race/motion/control/race_idle/0001.png'
Time: 00:00.03 (Saving: 00:00.00)

Saved: '/Users/chikumatsuboi/Code/animal-racers-western/assets/source/western/revision2/qa/wolf/race/motion/control/race_idle/0002.png'
Time: 00:00.04 (Saving: 00:00.00)

Saved: '/Users/chikumatsuboi/Code/animal-racers-western/assets/source/western/revision2/qa/wolf/race/motion/control/race_idle/0003.png'
Time: 00:00.03 (Saving: 00:00.00)

Saved: '/Users/chikumatsuboi/Code/animal-racers-western/assets/source/western/revision2/qa/wolf/race/motion/control/race_idle/0004.png'
Time: 00:00.03 (Saving: 00:00.00)

Saved: '/Users/chikumatsuboi/Code/animal-racers-western/assets/source/western/revision2/qa/wolf/race/motion/control/race_idle/0005.png'
Time: 00:00.03 (Saving: 00:00.01)

Saved: '/Users/chikumatsuboi/Code/animal-racers-western/assets/source/western/revision2/qa/wolf/race/motion/control/race_idle/0006.png'
Time: 00:00.03 (Saving: 00:00.00)

Saved: '/Users/chikumatsuboi/Code/animal-racers-western/assets/source/western/revision2/qa/wolf/race/motion/control/race_idle/0007.png'
Time: 00:00.03 (Saving: 00:00.00)

Saved: '/Users/chikumatsuboi/Code/animal-racers-western/assets/source/western/revision2/qa/wolf/race/motion/control/race_idle/0008.png'
Time: 00:00.03 (Saving: 00:00.00)

Saved: '/Users/chikumatsuboi/Code/animal-racers-western/assets/source/western/revision2/qa/wolf/race/motion/control/race_idle/0009.png'
Time: 00:00.03 (Saving: 00:00.00)

Saved: '/Users/chikumatsuboi/Code/animal-racers-western/assets/source/western/revision2/qa/wolf/race/motion/control/race_idle/0010.png'
Time: 00:00.03 (Saving: 00:00.00)

Saved: '/Users/chikumatsuboi/Code/animal-racers-western/assets/source/western/revision2/qa/wolf/race/motion/control/race_idle/0011.png'
Time: 00:00.03 (Saving: 00:00.00)

Saved: '/Users/chikumatsuboi/Code/animal-racers-western/assets/source/western/revision2/qa/wolf/race/motion/control/race_idle/0012.png'
Time: 00:00.03 (Saving: 00:00.00)

Saved: '/Users/chikumatsuboi/Code/animal-racers-western/assets/source/western/revision2/qa/wolf/race/motion/control/race_idle/0013.png'
Time: 00:00.03 (Saving: 00:00.00)

Saved: '/Users/chikumatsuboi/Code/animal-racers-western/assets/source/western/revision2/qa/wolf/race/motion/control/race_idle/0014.png'
Time: 00:00.03 (Saving: 00:00.00)

Saved: '/Users/chikumatsuboi/Code/animal-racers-western/assets/source/western/revision2/qa/wolf/race/motion/control/race_idle/0015.png'
Time: 00:00.03 (Saving: 00:00.00)

Saved: '/Users/chikumatsuboi/Code/animal-racers-western/assets/source/western/revision2/qa/wolf/race/motion/control/race_idle/0016.png'
Time: 00:00.03 (Saving: 00:00.00)

Saved: '/Users/chikumatsuboi/Code/animal-racers-western/assets/source/western/revision2/qa/wolf/race/motion/control/race_idle/0017.png'
Time: 00:00.03 (Saving: 00:00.00)

Saved: '/Users/chikumatsuboi/Code/animal-racers-western/assets/source/western/revision2/qa/wolf/race/motion/control/race_idle/0018.png'
Time: 00:00.03 (Saving: 00:00.00)

Saved: '/Users/chikumatsuboi/Code/animal-racers-western/assets/source/western/revision2/qa/wolf/race/motion/control/race_idle/0019.png'
Time: 00:00.03 (Saving: 00:00.00)

Saved: '/Users/chikumatsuboi/Code/animal-racers-western/assets/source/western/revision2/qa/wolf/race/motion/control/race_idle/0020.png'
Time: 00:00.03 (Saving: 00:00.00)

Saved: '/Users/chikumatsuboi/Code/animal-racers-western/assets/source/western/revision2/qa/wolf/race/motion/control/race_idle/0021.png'
Time: 00:00.03 (Saving: 00:00.00)

Saved: '/Users/chikumatsuboi/Code/animal-racers-western/assets/source/western/revision2/qa/wolf/race/motion/control/race_idle/0022.png'
Time: 00:00.03 (Saving: 00:00.00)

Saved: '/Users/chikumatsuboi/Code/animal-racers-western/assets/source/western/revision2/qa/wolf/race/motion/control/race_idle/0023.png'
Time: 00:00.03 (Saving: 00:00.00)

Saved: '/Users/chikumatsuboi/Code/animal-racers-western/assets/source/western/revision2/qa/wolf/race/motion/control/race_idle/0024.png'
Time: 00:00.03 (Saving: 00:00.00)

Saved: '/Users/chikumatsuboi/Code/animal-racers-western/assets/source/western/revision2/qa/wolf/race/motion/control/race_idle/0025.png'
Time: 00:00.03 (Saving: 00:00.00)

Saved: '/Users/chikumatsuboi/Code/animal-racers-western/assets/source/western/revision2/qa/wolf/race/motion/control/race_idle/0026.png'
Time: 00:00.03 (Saving: 00:00.00)

Saved: '/Users/chikumatsuboi/Code/animal-racers-western/assets/source/western/revision2/qa/wolf/race/motion/control/race_idle/0027.png'
Time: 00:00.03 (Saving: 00:00.00)

Saved: '/Users/chikumatsuboi/Code/animal-racers-western/assets/source/western/revision2/qa/wolf/race/motion/control/race_idle/0028.png'
Time: 00:00.03 (Saving: 00:00.00)

Saved: '/Users/chikumatsuboi/Code/animal-racers-western/assets/source/western/revision2/qa/wolf/race/motion/control/race_idle/0029.png'
Time: 00:00.03 (Saving: 00:00.00)

Saved: '/Users/chikumatsuboi/Code/animal-racers-western/assets/source/western/revision2/qa/wolf/race/motion/control/race_idle/0030.png'
Time: 00:00.03 (Saving: 00:00.00)

Read blend: "/Users/chikumatsuboi/Code/animal-racers-western/assets/source/western/revision2/candidate/wolf.blend"
Saved: '/Users/chikumatsuboi/Code/animal-racers-western/assets/source/western/revision2/qa/wolf/race/motion/candidate/race_idle/0000.png'
Time: 00:00.03 (Saving: 00:00.00)

Saved: '/Users/chikumatsuboi/Code/animal-racers-western/assets/source/western/revision2/qa/wolf/race/motion/candidate/race_idle/0001.png'
Time: 00:00.03 (Saving: 00:00.00)

Saved: '/Users/chikumatsuboi/Code/animal-racers-western/assets/source/western/revision2/qa/wolf/race/motion/candidate/race_idle/0002.png'
Time: 00:00.03 (Saving: 00:00.00)

Saved: '/Users/chikumatsuboi/Code/animal-racers-western/assets/source/western/revision2/qa/wolf/race/motion/candidate/race_idle/0003.png'
Time: 00:00.03 (Saving: 00:00.00)

Saved: '/Users/chikumatsuboi/Code/animal-racers-western/assets/source/western/revision2/qa/wolf/race/motion/candidate/race_idle/0004.png'
Time: 00:00.03 (Saving: 00:00.00)

Saved: '/Users/chikumatsuboi/Code/animal-racers-western/assets/source/western/revision2/qa/wolf/race/motion/candidate/race_idle/0005.png'
Time: 00:00.03 (Saving: 00:00.00)

Saved: '/Users/chikumatsuboi/Code/animal-racers-western/assets/source/western/revision2/qa/wolf/race/motion/candidate/race_idle/0006.png'
Time: 00:00.03 (Saving: 00:00.00)

Saved: '/Users/chikumatsuboi/Code/animal-racers-western/assets/source/western/revision2/qa/wolf/race/motion/candidate/race_idle/0007.png'
Time: 00:00.03 (Saving: 00:00.00)

Saved: '/Users/chikumatsuboi/Code/animal-racers-western/assets/source/western/revision2/qa/wolf/race/motion/candidate/race_idle/0008.png'
Time: 00:00.02 (Saving: 00:00.00)

Saved: '/Users/chikumatsuboi/Code/animal-racers-western/assets/source/western/revision2/qa/wolf/race/motion/candidate/race_idle/0009.png'
Time: 00:00.02 (Saving: 00:00.00)

Saved: '/Users/chikumatsuboi/Code/animal-racers-western/assets/source/western/revision2/qa/wolf/race/motion/candidate/race_idle/0010.png'
Time: 00:00.02 (Saving: 00:00.00)

Saved: '/Users/chikumatsuboi/Code/animal-racers-western/assets/source/western/revision2/qa/wolf/race/motion/candidate/race_idle/0011.png'
Time: 00:00.02 (Saving: 00:00.00)

Saved: '/Users/chikumatsuboi/Code/animal-racers-western/assets/source/western/revision2/qa/wolf/race/motion/candidate/race_idle/0012.png'
Time: 00:00.03 (Saving: 00:00.00)

Saved: '/Users/chikumatsuboi/Code/animal-racers-western/assets/source/western/revision2/qa/wolf/race/motion/candidate/race_idle/0013.png'
Time: 00:00.03 (Saving: 00:00.00)

Saved: '/Users/chikumatsuboi/Code/animal-racers-western/assets/source/western/revision2/qa/wolf/race/motion/candidate/race_idle/0014.png'
Time: 00:00.03 (Saving: 00:00.00)

Saved: '/Users/chikumatsuboi/Code/animal-racers-western/assets/source/western/revision2/qa/wolf/race/motion/candidate/race_idle/0015.png'
Time: 00:00.03 (Saving: 00:00.00)

Saved: '/Users/chikumatsuboi/Code/animal-racers-western/assets/source/western/revision2/qa/wolf/race/motion/candidate/race_idle/0016.png'
Time: 00:00.02 (Saving: 00:00.00)

Saved: '/Users/chikumatsuboi/Code/animal-racers-western/assets/source/western/revision2/qa/wolf/race/motion/candidate/race_idle/0017.png'
Time: 00:00.03 (Saving: 00:00.00)

Saved: '/Users/chikumatsuboi/Code/animal-racers-western/assets/source/western/revision2/qa/wolf/race/motion/candidate/race_idle/0018.png'
Time: 00:00.03 (Saving: 00:00.00)

Saved: '/Users/chikumatsuboi/Code/animal-racers-western/assets/source/western/revision2/qa/wolf/race/motion/candidate/race_idle/0019.png'
Time: 00:00.03 (Saving: 00:00.00)

Saved: '/Users/chikumatsuboi/Code/animal-racers-western/assets/source/western/revision2/qa/wolf/race/motion/candidate/race_idle/0020.png'
Time: 00:00.03 (Saving: 00:00.00)

Saved: '/Users/chikumatsuboi/Code/animal-racers-western/assets/source/western/revision2/qa/wolf/race/motion/candidate/race_idle/0021.png'
Time: 00:00.03 (Saving: 00:00.00)

Saved: '/Users/chikumatsuboi/Code/animal-racers-western/assets/source/western/revision2/qa/wolf/race/motion/candidate/race_idle/0022.png'
Time: 00:00.03 (Saving: 00:00.00)

Saved: '/Users/chikumatsuboi/Code/animal-racers-western/assets/source/western/revision2/qa/wolf/race/motion/candidate/race_idle/0023.png'
Time: 00:00.03 (Saving: 00:00.00)

Saved: '/Users/chikumatsuboi/Code/animal-racers-western/assets/source/western/revision2/qa/wolf/race/motion/candidate/race_idle/0024.png'
Time: 00:00.02 (Saving: 00:00.00)

Saved: '/Users/chikumatsuboi/Code/animal-racers-western/assets/source/western/revision2/qa/wolf/race/motion/candidate/race_idle/0025.png'
Time: 00:00.03 (Saving: 00:00.00)

Saved: '/Users/chikumatsuboi/Code/animal-racers-western/assets/source/western/revision2/qa/wolf/race/motion/candidate/race_idle/0026.png'
Time: 00:00.03 (Saving: 00:00.00)

Saved: '/Users/chikumatsuboi/Code/animal-racers-western/assets/source/western/revision2/qa/wolf/race/motion/candidate/race_idle/0027.png'
Time: 00:00.03 (Saving: 00:00.00)

Saved: '/Users/chikumatsuboi/Code/animal-racers-western/assets/source/western/revision2/qa/wolf/race/motion/candidate/race_idle/0028.png'
Time: 00:00.03 (Saving: 00:00.00)

Saved: '/Users/chikumatsuboi/Code/animal-racers-western/assets/source/western/revision2/qa/wolf/race/motion/candidate/race_idle/0029.png'
Time: 00:00.03 (Saving: 00:00.00)

Saved: '/Users/chikumatsuboi/Code/animal-racers-western/assets/source/western/revision2/qa/wolf/race/motion/candidate/race_idle/0030.png'
Time: 00:00.02 (Saving: 00:00.00)

REVISION2_MOTION wolf race race_idle 31
Read blend: "/Users/chikumatsuboi/Code/animal-racers-western/assets/source/western/revision2/inputs/wolf.blend"
Saved: '/Users/chikumatsuboi/Code/animal-racers-western/assets/source/western/revision2/qa/wolf/race/motion/control/run/0000.png'
Time: 00:00.03 (Saving: 00:00.00)

Saved: '/Users/chikumatsuboi/Code/animal-racers-western/assets/source/western/revision2/qa/wolf/race/motion/control/run/0001.png'
Time: 00:00.03 (Saving: 00:00.00)

Saved: '/Users/chikumatsuboi/Code/animal-racers-western/assets/source/western/revision2/qa/wolf/race/motion/control/run/0002.png'
Time: 00:00.03 (Saving: 00:00.00)

Saved: '/Users/chikumatsuboi/Code/animal-racers-western/assets/source/western/revision2/qa/wolf/race/motion/control/run/0003.png'
Time: 00:00.03 (Saving: 00:00.00)

Saved: '/Users/chikumatsuboi/Code/animal-racers-western/assets/source/western/revision2/qa/wolf/race/motion/control/run/0004.png'
Time: 00:00.03 (Saving: 00:00.00)

Saved: '/Users/chikumatsuboi/Code/animal-racers-western/assets/source/western/revision2/qa/wolf/race/motion/control/run/0005.png'
Time: 00:00.03 (Saving: 00:00.00)

Saved: '/Users/chikumatsuboi/Code/animal-racers-western/assets/source/western/revision2/qa/wolf/race/motion/control/run/0006.png'
Time: 00:00.03 (Saving: 00:00.00)

Saved: '/Users/chikumatsuboi/Code/animal-racers-western/assets/source/western/revision2/qa/wolf/race/motion/control/run/0007.png'
Time: 00:00.03 (Saving: 00:00.00)

Saved: '/Users/chikumatsuboi/Code/animal-racers-western/assets/source/western/revision2/qa/wolf/race/motion/control/run/0008.png'
Time: 00:00.03 (Saving: 00:00.00)

Read blend: "/Users/chikumatsuboi/Code/animal-racers-western/assets/source/western/revision2/candidate/wolf.blend"
Saved: '/Users/chikumatsuboi/Code/animal-racers-western/assets/source/western/revision2/qa/wolf/race/motion/candidate/run/0000.png'
Time: 00:00.03 (Saving: 00:00.00)

Saved: '/Users/chikumatsuboi/Code/animal-racers-western/assets/source/western/revision2/qa/wolf/race/motion/candidate/run/0001.png'
Time: 00:00.03 (Saving: 00:00.00)

Saved: '/Users/chikumatsuboi/Code/animal-racers-western/assets/source/western/revision2/qa/wolf/race/motion/candidate/run/0002.png'
Time: 00:00.03 (Saving: 00:00.00)

Saved: '/Users/chikumatsuboi/Code/animal-racers-western/assets/source/western/revision2/qa/wolf/race/motion/candidate/run/0003.png'
Time: 00:00.03 (Saving: 00:00.00)

Saved: '/Users/chikumatsuboi/Code/animal-racers-western/assets/source/western/revision2/qa/wolf/race/motion/candidate/run/0004.png'
Time: 00:00.02 (Saving: 00:00.00)

Saved: '/Users/chikumatsuboi/Code/animal-racers-western/assets/source/western/revision2/qa/wolf/race/motion/candidate/run/0005.png'
Time: 00:00.03 (Saving: 00:00.00)

Saved: '/Users/chikumatsuboi/Code/animal-racers-western/assets/source/western/revision2/qa/wolf/race/motion/candidate/run/0006.png'
Time: 00:00.03 (Saving: 00:00.00)

Saved: '/Users/chikumatsuboi/Code/animal-racers-western/assets/source/western/revision2/qa/wolf/race/motion/candidate/run/0007.png'
Time: 00:00.03 (Saving: 00:00.00)

Saved: '/Users/chikumatsuboi/Code/animal-racers-western/assets/source/western/revision2/qa/wolf/race/motion/candidate/run/0008.png'
Time: 00:00.03 (Saving: 00:00.00)

REVISION2_MOTION wolf race run 9
Read blend: "/Users/chikumatsuboi/Code/animal-racers-western/assets/source/western/revision2/inputs/wolf.blend"
Saved: '/Users/chikumatsuboi/Code/animal-racers-western/assets/source/western/revision2/qa/wolf/race/motion/control/special/0000.png'
Time: 00:00.05 (Saving: 00:00.00)

Saved: '/Users/chikumatsuboi/Code/animal-racers-western/assets/source/western/revision2/qa/wolf/race/motion/control/special/0001.png'
Time: 00:00.03 (Saving: 00:00.00)

Saved: '/Users/chikumatsuboi/Code/animal-racers-western/assets/source/western/revision2/qa/wolf/race/motion/control/special/0002.png'
Time: 00:00.03 (Saving: 00:00.00)

Saved: '/Users/chikumatsuboi/Code/animal-racers-western/assets/source/western/revision2/qa/wolf/race/motion/control/special/0003.png'
Time: 00:00.03 (Saving: 00:00.00)

Saved: '/Users/chikumatsuboi/Code/animal-racers-western/assets/source/western/revision2/qa/wolf/race/motion/control/special/0004.png'
Time: 00:00.03 (Saving: 00:00.00)

Saved: '/Users/chikumatsuboi/Code/animal-racers-western/assets/source/western/revision2/qa/wolf/race/motion/control/special/0005.png'
Time: 00:00.03 (Saving: 00:00.00)

Saved: '/Users/chikumatsuboi/Code/animal-racers-western/assets/source/western/revision2/qa/wolf/race/motion/control/special/0006.png'
Time: 00:00.03 (Saving: 00:00.00)

Saved: '/Users/chikumatsuboi/Code/animal-racers-western/assets/source/western/revision2/qa/wolf/race/motion/control/special/0007.png'
Time: 00:00.03 (Saving: 00:00.00)

Saved: '/Users/chikumatsuboi/Code/animal-racers-western/assets/source/western/revision2/qa/wolf/race/motion/control/special/0008.png'
Time: 00:00.03 (Saving: 00:00.00)

Saved: '/Users/chikumatsuboi/Code/animal-racers-western/assets/source/western/revision2/qa/wolf/race/motion/control/special/0009.png'
Time: 00:00.03 (Saving: 00:00.00)

Saved: '/Users/chikumatsuboi/Code/animal-racers-western/assets/source/western/revision2/qa/wolf/race/motion/control/special/0010.png'
Time: 00:00.03 (Saving: 00:00.00)

Saved: '/Users/chikumatsuboi/Code/animal-racers-western/assets/source/western/revision2/qa/wolf/race/motion/control/special/0011.png'
Time: 00:00.03 (Saving: 00:00.00)

Saved: '/Users/chikumatsuboi/Code/animal-racers-western/assets/source/western/revision2/qa/wolf/race/motion/control/special/0012.png'
Time: 00:00.03 (Saving: 00:00.00)

Saved: '/Users/chikumatsuboi/Code/animal-racers-western/assets/source/western/revision2/qa/wolf/race/motion/control/special/0013.png'
Time: 00:00.03 (Saving: 00:00.00)

Saved: '/Users/chikumatsuboi/Code/animal-racers-western/assets/source/western/revision2/qa/wolf/race/motion/control/special/0014.png'
Time: 00:00.02 (Saving: 00:00.00)

Saved: '/Users/chikumatsuboi/Code/animal-racers-western/assets/source/western/revision2/qa/wolf/race/motion/control/special/0015.png'
Time: 00:00.03 (Saving: 00:00.00)

Saved: '/Users/chikumatsuboi/Code/animal-racers-western/assets/source/western/revision2/qa/wolf/race/motion/control/special/0016.png'
Time: 00:00.03 (Saving: 00:00.00)

Saved: '/Users/chikumatsuboi/Code/animal-racers-western/assets/source/western/revision2/qa/wolf/race/motion/control/special/0017.png'
Time: 00:00.03 (Saving: 00:00.00)

Read blend: "/Users/chikumatsuboi/Code/animal-racers-western/assets/source/western/revision2/candidate/wolf.blend"
Saved: '/Users/chikumatsuboi/Code/animal-racers-western/assets/source/western/revision2/qa/wolf/race/motion/candidate/special/0000.png'
Time: 00:00.03 (Saving: 00:00.00)

Saved: '/Users/chikumatsuboi/Code/animal-racers-western/assets/source/western/revision2/qa/wolf/race/motion/candidate/special/0001.png'
Time: 00:00.04 (Saving: 00:00.00)

Saved: '/Users/chikumatsuboi/Code/animal-racers-western/assets/source/western/revision2/qa/wolf/race/motion/candidate/special/0002.png'
Time: 00:00.03 (Saving: 00:00.00)

Saved: '/Users/chikumatsuboi/Code/animal-racers-western/assets/source/western/revision2/qa/wolf/race/motion/candidate/special/0003.png'
Time: 00:00.03 (Saving: 00:00.00)

Saved: '/Users/chikumatsuboi/Code/animal-racers-western/assets/source/western/revision2/qa/wolf/race/motion/candidate/special/0004.png'
Time: 00:00.04 (Saving: 00:00.01)

Saved: '/Users/chikumatsuboi/Code/animal-racers-western/assets/source/western/revision2/qa/wolf/race/motion/candidate/special/0005.png'
Time: 00:00.04 (Saving: 00:00.01)

Saved: '/Users/chikumatsuboi/Code/animal-racers-western/assets/source/western/revision2/qa/wolf/race/motion/candidate/special/0006.png'
Time: 00:00.04 (Saving: 00:00.02)

Saved: '/Users/chikumatsuboi/Code/animal-racers-western/assets/source/western/revision2/qa/wolf/race/motion/candidate/special/0007.png'
Time: 00:00.03 (Saving: 00:00.00)

Saved: '/Users/chikumatsuboi/Code/animal-racers-western/assets/source/western/revision2/qa/wolf/race/motion/candidate/special/0008.png'
Time: 00:00.03 (Saving: 00:00.00)

Saved: '/Users/chikumatsuboi/Code/animal-racers-western/assets/source/western/revision2/qa/wolf/race/motion/candidate/special/0009.png'
Time: 00:00.02 (Saving: 00:00.00)

Saved: '/Users/chikumatsuboi/Code/animal-racers-western/assets/source/western/revision2/qa/wolf/race/motion/candidate/special/0010.png'
Time: 00:00.02 (Saving: 00:00.00)

Saved: '/Users/chikumatsuboi/Code/animal-racers-western/assets/source/western/revision2/qa/wolf/race/motion/candidate/special/0011.png'
Time: 00:00.02 (Saving: 00:00.00)

Saved: '/Users/chikumatsuboi/Code/animal-racers-western/assets/source/western/revision2/qa/wolf/race/motion/candidate/special/0012.png'
Time: 00:00.02 (Saving: 00:00.00)

Saved: '/Users/chikumatsuboi/Code/animal-racers-western/assets/source/western/revision2/qa/wolf/race/motion/candidate/special/0013.png'
Time: 00:00.02 (Saving: 00:00.00)

Saved: '/Users/chikumatsuboi/Code/animal-racers-western/assets/source/western/revision2/qa/wolf/race/motion/candidate/special/0014.png'
Time: 00:00.02 (Saving: 00:00.00)

Saved: '/Users/chikumatsuboi/Code/animal-racers-western/assets/source/western/revision2/qa/wolf/race/motion/candidate/special/0015.png'
Time: 00:00.02 (Saving: 00:00.00)

Saved: '/Users/chikumatsuboi/Code/animal-racers-western/assets/source/western/revision2/qa/wolf/race/motion/candidate/special/0016.png'
Time: 00:00.02 (Saving: 00:00.00)

Saved: '/Users/chikumatsuboi/Code/animal-racers-western/assets/source/western/revision2/qa/wolf/race/motion/candidate/special/0017.png'
Time: 00:00.02 (Saving: 00:00.00)

REVISION2_MOTION wolf race special 18
Read blend: "/Users/chikumatsuboi/Code/animal-racers-western/assets/source/western/revision2/inputs/wolf.blend"
Saved: '/Users/chikumatsuboi/Code/animal-racers-western/assets/source/western/revision2/qa/wolf/race/motion/control/stumble/0000.png'
Time: 00:00.03 (Saving: 00:00.00)

Saved: '/Users/chikumatsuboi/Code/animal-racers-western/assets/source/western/revision2/qa/wolf/race/motion/control/stumble/0001.png'
Time: 00:00.03 (Saving: 00:00.00)

Saved: '/Users/chikumatsuboi/Code/animal-racers-western/assets/source/western/revision2/qa/wolf/race/motion/control/stumble/0002.png'
Time: 00:00.02 (Saving: 00:00.00)

Saved: '/Users/chikumatsuboi/Code/animal-racers-western/assets/source/western/revision2/qa/wolf/race/motion/control/stumble/0003.png'
Time: 00:00.03 (Saving: 00:00.00)

Saved: '/Users/chikumatsuboi/Code/animal-racers-western/assets/source/western/revision2/qa/wolf/race/motion/control/stumble/0004.png'
Time: 00:00.03 (Saving: 00:00.00)

Saved: '/Users/chikumatsuboi/Code/animal-racers-western/assets/source/western/revision2/qa/wolf/race/motion/control/stumble/0005.png'
Time: 00:00.03 (Saving: 00:00.00)

Saved: '/Users/chikumatsuboi/Code/animal-racers-western/assets/source/western/revision2/qa/wolf/race/motion/control/stumble/0006.png'
Time: 00:00.03 (Saving: 00:00.00)

Saved: '/Users/chikumatsuboi/Code/animal-racers-western/assets/source/western/revision2/qa/wolf/race/motion/control/stumble/0007.png'
Time: 00:00.03 (Saving: 00:00.00)

Saved: '/Users/chikumatsuboi/Code/animal-racers-western/assets/source/western/revision2/qa/wolf/race/motion/control/stumble/0008.png'
Time: 00:00.03 (Saving: 00:00.00)

Saved: '/Users/chikumatsuboi/Code/animal-racers-western/assets/source/western/revision2/qa/wolf/race/motion/control/stumble/0009.png'
Time: 00:00.03 (Saving: 00:00.00)

Saved: '/Users/chikumatsuboi/Code/animal-racers-western/assets/source/western/revision2/qa/wolf/race/motion/control/stumble/0010.png'
Time: 00:00.04 (Saving: 00:00.00)

Read blend: "/Users/chikumatsuboi/Code/animal-racers-western/assets/source/western/revision2/candidate/wolf.blend"
Saved: '/Users/chikumatsuboi/Code/animal-racers-western/assets/source/western/revision2/qa/wolf/race/motion/candidate/stumble/0000.png'
Time: 00:00.04 (Saving: 00:00.00)

Saved: '/Users/chikumatsuboi/Code/animal-racers-western/assets/source/western/revision2/qa/wolf/race/motion/candidate/stumble/0001.png'
Time: 00:00.02 (Saving: 00:00.00)

Saved: '/Users/chikumatsuboi/Code/animal-racers-western/assets/source/western/revision2/qa/wolf/race/motion/candidate/stumble/0002.png'
Time: 00:00.02 (Saving: 00:00.00)

Saved: '/Users/chikumatsuboi/Code/animal-racers-western/assets/source/western/revision2/qa/wolf/race/motion/candidate/stumble/0003.png'
Time: 00:00.02 (Saving: 00:00.00)

Saved: '/Users/chikumatsuboi/Code/animal-racers-western/assets/source/western/revision2/qa/wolf/race/motion/candidate/stumble/0004.png'
Time: 00:00.02 (Saving: 00:00.00)

Saved: '/Users/chikumatsuboi/Code/animal-racers-western/assets/source/western/revision2/qa/wolf/race/motion/candidate/stumble/0005.png'
Time: 00:00.02 (Saving: 00:00.00)

Saved: '/Users/chikumatsuboi/Code/animal-racers-western/assets/source/western/revision2/qa/wolf/race/motion/candidate/stumble/0006.png'
Time: 00:00.02 (Saving: 00:00.00)

Saved: '/Users/chikumatsuboi/Code/animal-racers-western/assets/source/western/revision2/qa/wolf/race/motion/candidate/stumble/0007.png'
Time: 00:00.02 (Saving: 00:00.00)

Saved: '/Users/chikumatsuboi/Code/animal-racers-western/assets/source/western/revision2/qa/wolf/race/motion/candidate/stumble/0008.png'
Time: 00:00.02 (Saving: 00:00.00)

Saved: '/Users/chikumatsuboi/Code/animal-racers-western/assets/source/western/revision2/qa/wolf/race/motion/candidate/stumble/0009.png'
Time: 00:00.03 (Saving: 00:00.00)

Saved: '/Users/chikumatsuboi/Code/animal-racers-western/assets/source/western/revision2/qa/wolf/race/motion/candidate/stumble/0010.png'
Time: 00:00.03 (Saving: 00:00.00)

REVISION2_MOTION wolf race stumble 11
Read blend: "/Users/chikumatsuboi/Code/animal-racers-western/assets/source/western/revision2/inputs/wolf.blend"
Saved: '/Users/chikumatsuboi/Code/animal-racers-western/assets/source/western/revision2/qa/wolf/race/motion/control/transform/0000.png'
Time: 00:00.03 (Saving: 00:00.00)

Saved: '/Users/chikumatsuboi/Code/animal-racers-western/assets/source/western/revision2/qa/wolf/race/motion/control/transform/0001.png'
Time: 00:00.02 (Saving: 00:00.00)

Saved: '/Users/chikumatsuboi/Code/animal-racers-western/assets/source/western/revision2/qa/wolf/race/motion/control/transform/0002.png'
Time: 00:00.02 (Saving: 00:00.00)

Saved: '/Users/chikumatsuboi/Code/animal-racers-western/assets/source/western/revision2/qa/wolf/race/motion/control/transform/0003.png'
Time: 00:00.02 (Saving: 00:00.00)

Saved: '/Users/chikumatsuboi/Code/animal-racers-western/assets/source/western/revision2/qa/wolf/race/motion/control/transform/0004.png'
Time: 00:00.02 (Saving: 00:00.00)

Saved: '/Users/chikumatsuboi/Code/animal-racers-western/assets/source/western/revision2/qa/wolf/race/motion/control/transform/0005.png'
Time: 00:00.02 (Saving: 00:00.00)

Saved: '/Users/chikumatsuboi/Code/animal-racers-western/assets/source/western/revision2/qa/wolf/race/motion/control/transform/0006.png'
Time: 00:00.02 (Saving: 00:00.00)

Saved: '/Users/chikumatsuboi/Code/animal-racers-western/assets/source/western/revision2/qa/wolf/race/motion/control/transform/0007.png'
Time: 00:00.02 (Saving: 00:00.00)

Saved: '/Users/chikumatsuboi/Code/animal-racers-western/assets/source/western/revision2/qa/wolf/race/motion/control/transform/0008.png'
Time: 00:00.03 (Saving: 00:00.00)

Saved: '/Users/chikumatsuboi/Code/animal-racers-western/assets/source/western/revision2/qa/wolf/race/motion/control/transform/0009.png'
Time: 00:00.03 (Saving: 00:00.00)

Saved: '/Users/chikumatsuboi/Code/animal-racers-western/assets/source/western/revision2/qa/wolf/race/motion/control/transform/0010.png'
Time: 00:00.03 (Saving: 00:00.00)

Saved: '/Users/chikumatsuboi/Code/animal-racers-western/assets/source/western/revision2/qa/wolf/race/motion/control/transform/0011.png'
Time: 00:00.03 (Saving: 00:00.00)

Saved: '/Users/chikumatsuboi/Code/animal-racers-western/assets/source/western/revision2/qa/wolf/race/motion/control/transform/0012.png'
Time: 00:00.03 (Saving: 00:00.00)

Saved: '/Users/chikumatsuboi/Code/animal-racers-western/assets/source/western/revision2/qa/wolf/race/motion/control/transform/0013.png'
Time: 00:00.04 (Saving: 00:00.00)

Saved: '/Users/chikumatsuboi/Code/animal-racers-western/assets/source/western/revision2/qa/wolf/race/motion/control/transform/0014.png'
Time: 00:00.03 (Saving: 00:00.00)

Saved: '/Users/chikumatsuboi/Code/animal-racers-western/assets/source/western/revision2/qa/wolf/race/motion/control/transform/0015.png'
Time: 00:00.03 (Saving: 00:00.00)

Saved: '/Users/chikumatsuboi/Code/animal-racers-western/assets/source/western/revision2/qa/wolf/race/motion/control/transform/0016.png'
Time: 00:00.03 (Saving: 00:00.00)

Saved: '/Users/chikumatsuboi/Code/animal-racers-western/assets/source/western/revision2/qa/wolf/race/motion/control/transform/0017.png'
Time: 00:00.03 (Saving: 00:00.00)

Saved: '/Users/chikumatsuboi/Code/animal-racers-western/assets/source/western/revision2/qa/wolf/race/motion/control/transform/0018.png'
Time: 00:00.03 (Saving: 00:00.00)

Read blend: "/Users/chikumatsuboi/Code/animal-racers-western/assets/source/western/revision2/candidate/wolf.blend"
Saved: '/Users/chikumatsuboi/Code/animal-racers-western/assets/source/western/revision2/qa/wolf/race/motion/candidate/transform/0000.png'
Time: 00:00.03 (Saving: 00:00.00)

Saved: '/Users/chikumatsuboi/Code/animal-racers-western/assets/source/western/revision2/qa/wolf/race/motion/candidate/transform/0001.png'
Time: 00:00.03 (Saving: 00:00.00)

Saved: '/Users/chikumatsuboi/Code/animal-racers-western/assets/source/western/revision2/qa/wolf/race/motion/candidate/transform/0002.png'
Time: 00:00.03 (Saving: 00:00.00)

Saved: '/Users/chikumatsuboi/Code/animal-racers-western/assets/source/western/revision2/qa/wolf/race/motion/candidate/transform/0003.png'
Time: 00:00.03 (Saving: 00:00.00)

Saved: '/Users/chikumatsuboi/Code/animal-racers-western/assets/source/western/revision2/qa/wolf/race/motion/candidate/transform/0004.png'
Time: 00:00.03 (Saving: 00:00.00)

Saved: '/Users/chikumatsuboi/Code/animal-racers-western/assets/source/western/revision2/qa/wolf/race/motion/candidate/transform/0005.png'
Time: 00:00.04 (Saving: 00:00.01)

Saved: '/Users/chikumatsuboi/Code/animal-racers-western/assets/source/western/revision2/qa/wolf/race/motion/candidate/transform/0006.png'
Time: 00:00.03 (Saving: 00:00.00)

Saved: '/Users/chikumatsuboi/Code/animal-racers-western/assets/source/western/revision2/qa/wolf/race/motion/candidate/transform/0007.png'
Time: 00:00.03 (Saving: 00:00.00)

Saved: '/Users/chikumatsuboi/Code/animal-racers-western/assets/source/western/revision2/qa/wolf/race/motion/candidate/transform/0008.png'
Time: 00:00.02 (Saving: 00:00.00)

Saved: '/Users/chikumatsuboi/Code/animal-racers-western/assets/source/western/revision2/qa/wolf/race/motion/candidate/transform/0009.png'
Time: 00:00.03 (Saving: 00:00.00)

Saved: '/Users/chikumatsuboi/Code/animal-racers-western/assets/source/western/revision2/qa/wolf/race/motion/candidate/transform/0010.png'
Time: 00:00.03 (Saving: 00:00.00)

Saved: '/Users/chikumatsuboi/Code/animal-racers-western/assets/source/western/revision2/qa/wolf/race/motion/candidate/transform/0011.png'
Time: 00:00.03 (Saving: 00:00.00)

Saved: '/Users/chikumatsuboi/Code/animal-racers-western/assets/source/western/revision2/qa/wolf/race/motion/candidate/transform/0012.png'
Time: 00:00.03 (Saving: 00:00.00)

Saved: '/Users/chikumatsuboi/Code/animal-racers-western/assets/source/western/revision2/qa/wolf/race/motion/candidate/transform/0013.png'
Time: 00:00.03 (Saving: 00:00.00)

Saved: '/Users/chikumatsuboi/Code/animal-racers-western/assets/source/western/revision2/qa/wolf/race/motion/candidate/transform/0014.png'
Time: 00:00.02 (Saving: 00:00.00)

Saved: '/Users/chikumatsuboi/Code/animal-racers-western/assets/source/western/revision2/qa/wolf/race/motion/candidate/transform/0015.png'
Time: 00:00.02 (Saving: 00:00.00)

Saved: '/Users/chikumatsuboi/Code/animal-racers-western/assets/source/western/revision2/qa/wolf/race/motion/candidate/transform/0016.png'
Time: 00:00.02 (Saving: 00:00.00)

Saved: '/Users/chikumatsuboi/Code/animal-racers-western/assets/source/western/revision2/qa/wolf/race/motion/candidate/transform/0017.png'
Time: 00:00.03 (Saving: 00:00.00)

Saved: '/Users/chikumatsuboi/Code/animal-racers-western/assets/source/western/revision2/qa/wolf/race/motion/candidate/transform/0018.png'
Time: 00:00.03 (Saving: 00:00.00)

REVISION2_MOTION wolf race transform 19
REVISION2_PACKAGE_OK wolf race
REVISION2_SOURCE_OK wolf upright
Read blend: "/Users/chikumatsuboi/Code/animal-racers-western/assets/source/western/revision2/candidate/wolf-upright.blend"
Read blend: "/Users/chikumatsuboi/Code/animal-racers-western/assets/source/western/revision2/inputs/wolf-upright.blend"
Saved: '/Users/chikumatsuboi/Code/animal-racers-western/assets/source/western/revision2/qa/wolf/upright/control-front.png'
Time: 00:00.05 (Saving: 00:00.01)

Saved: '/Users/chikumatsuboi/Code/animal-racers-western/assets/source/western/revision2/qa/wolf/upright/control-side.png'
Time: 00:00.03 (Saving: 00:00.01)

Saved: '/Users/chikumatsuboi/Code/animal-racers-western/assets/source/western/revision2/qa/wolf/upright/control-three-quarter.png'
Time: 00:00.03 (Saving: 00:00.01)

Saved: '/Users/chikumatsuboi/Code/animal-racers-western/assets/source/western/revision2/qa/wolf/upright/control-face.png'
Time: 00:00.03 (Saving: 00:00.01)

REVISION2_PREVIEW wolf upright control
Read blend: "/Users/chikumatsuboi/Code/animal-racers-western/assets/source/western/revision2/candidate/wolf-upright.blend"
Saved: '/Users/chikumatsuboi/Code/animal-racers-western/assets/source/western/revision2/qa/wolf/upright/candidate-front.png'
Time: 00:00.03 (Saving: 00:00.01)

Saved: '/Users/chikumatsuboi/Code/animal-racers-western/assets/source/western/revision2/qa/wolf/upright/candidate-side.png'
Time: 00:00.03 (Saving: 00:00.01)

Saved: '/Users/chikumatsuboi/Code/animal-racers-western/assets/source/western/revision2/qa/wolf/upright/candidate-three-quarter.png'
Time: 00:00.03 (Saving: 00:00.01)

Saved: '/Users/chikumatsuboi/Code/animal-racers-western/assets/source/western/revision2/qa/wolf/upright/candidate-face.png'
Time: 00:00.03 (Saving: 00:00.01)

REVISION2_PREVIEW wolf upright candidate
Read blend: "/Users/chikumatsuboi/Code/animal-racers-western/assets/source/western/revision2/inputs/wolf-upright.blend"
Fra:1 Mem:30.92M (Peak 30.92M) | Time:00:00.00 | Mem:0.00M, Peak:0.00M | Scene, ViewLayer | Synchronizing object | Paw toe
Fra:1 Mem:30.95M (Peak 30.95M) | Time:00:00.00 | Mem:0.00M, Peak:0.00M | Scene, ViewLayer | Synchronizing object | Ivory claw
Fra:1 Mem:30.95M (Peak 30.95M) | Time:00:00.00 | Mem:0.00M, Peak:0.00M | Scene, ViewLayer | Synchronizing object | Paw toe.001
Fra:1 Mem:30.97M (Peak 30.97M) | Time:00:00.00 | Mem:0.00M, Peak:0.00M | Scene, ViewLayer | Synchronizing object | Ivory claw.001
Fra:1 Mem:30.98M (Peak 30.98M) | Time:00:00.00 | Mem:0.00M, Peak:0.00M | Scene, ViewLayer | Synchronizing object | Paw toe.002
Fra:1 Mem:31.00M (Peak 31.00M) | Time:00:00.00 | Mem:0.00M, Peak:0.00M | Scene, ViewLayer | Synchronizing object | Ivory claw.002
Fra:1 Mem:31.00M (Peak 31.00M) | Time:00:00.00 | Mem:0.00M, Peak:0.00M | Scene, ViewLayer | Synchronizing object | Paw toe.003
Fra:1 Mem:31.02M (Peak 31.02M) | Time:00:00.00 | Mem:0.00M, Peak:0.00M | Scene, ViewLayer | Synchronizing object | Ivory claw.003
Fra:1 Mem:31.02M (Peak 31.02M) | Time:00:00.00 | Mem:0.00M, Peak:0.00M | Scene, ViewLayer | Synchronizing object | Paw toe.004
Fra:1 Mem:31.04M (Peak 31.04M) | Time:00:00.00 | Mem:0.00M, Peak:0.00M | Scene, ViewLayer | Synchronizing object | Ivory claw.004
Fra:1 Mem:31.05M (Peak 31.05M) | Time:00:00.00 | Mem:0.00M, Peak:0.00M | Scene, ViewLayer | Synchronizing object | Paw toe.005
Fra:1 Mem:31.07M (Peak 31.07M) | Time:00:00.00 | Mem:0.00M, Peak:0.00M | Scene, ViewLayer | Synchronizing object | Ivory claw.005
Fra:1 Mem:31.07M (Peak 31.07M) | Time:00:00.00 | Mem:0.00M, Peak:0.00M | Scene, ViewLayer | Synchronizing object | Paw toe.006
Fra:1 Mem:31.09M (Peak 31.09M) | Time:00:00.00 | Mem:0.00M, Peak:0.00M | Scene, ViewLayer | Synchronizing object | Ivory claw.006
Fra:1 Mem:31.10M (Peak 31.10M) | Time:00:00.00 | Mem:0.00M, Peak:0.00M | Scene, ViewLayer | Synchronizing object | Paw toe.007
Fra:1 Mem:31.12M (Peak 31.12M) | Time:00:00.00 | Mem:0.00M, Peak:0.00M | Scene, ViewLayer | Synchronizing object | Ivory claw.007
Fra:1 Mem:31.12M (Peak 31.12M) | Time:00:00.00 | Mem:0.00M, Peak:0.00M | Scene, ViewLayer | Synchronizing object | Paw toe.008
Fra:1 Mem:31.14M (Peak 31.14M) | Time:00:00.00 | Mem:0.00M, Peak:0.00M | Scene, ViewLayer | Synchronizing object | Ivory claw.008
Fra:1 Mem:31.14M (Peak 31.14M) | Time:00:00.00 | Mem:0.00M, Peak:0.00M | Scene, ViewLayer | Synchronizing object | Paw toe.009
Fra:1 Mem:31.16M (Peak 31.16M) | Time:00:00.00 | Mem:0.00M, Peak:0.00M | Scene, ViewLayer | Synchronizing object | Ivory claw.009
Fra:1 Mem:31.17M (Peak 31.17M) | Time:00:00.00 | Mem:0.00M, Peak:0.00M | Scene, ViewLayer | Synchronizing object | Paw toe.010
Fra:1 Mem:31.19M (Peak 31.19M) | Time:00:00.00 | Mem:0.00M, Peak:0.00M | Scene, ViewLayer | Synchronizing object | Ivory claw.010
Fra:1 Mem:31.19M (Peak 31.19M) | Time:00:00.00 | Mem:0.00M, Peak:0.00M | Scene, ViewLayer | Synchronizing object | Paw toe.011
Fra:1 Mem:31.21M (Peak 31.21M) | Time:00:00.00 | Mem:0.00M, Peak:0.00M | Scene, ViewLayer | Synchronizing object | Ivory claw.011
Fra:1 Mem:31.21M (Peak 31.21M) | Time:00:00.00 | Mem:0.00M, Peak:0.00M | Scene, ViewLayer | Synchronizing object | Head • species sculpt
Fra:1 Mem:31.38M (Peak 31.38M) | Time:00:00.00 | Mem:0.00M, Peak:0.00M | Scene, ViewLayer | Synchronizing object | Matched softbox.002
Fra:1 Mem:31.38M (Peak 31.38M) | Time:00:00.00 | Mem:0.00M, Peak:0.00M | Scene, ViewLayer | Synchronizing object | Matched softbox.001
Fra:1 Mem:31.40M (Peak 31.40M) | Time:00:00.00 | Mem:0.00M, Peak:0.00M | Scene, ViewLayer | Synchronizing object | Matched softbox
Fra:1 Mem:31.40M (Peak 31.40M) | Time:00:00.00 | Mem:0.00M, Peak:0.00M | Scene, ViewLayer | Synchronizing object | Upright body • connected joint topology
Fra:1 Mem:32.05M (Peak 32.05M) | Time:00:00.00 | Mem:0.00M, Peak:0.00M | Scene, ViewLayer | Synchronizing object | Frost muzzle
Fra:1 Mem:32.10M (Peak 32.10M) | Time:00:00.00 | Mem:0.00M, Peak:0.00M | Scene, ViewLayer | Synchronizing object | Heart shaped nose
Fra:1 Mem:32.10M (Peak 32.10M) | Time:00:00.00 | Mem:0.00M, Peak:0.00M | Scene, ViewLayer | Synchronizing object | Eye socket
Fra:1 Mem:32.14M (Peak 32.14M) | Time:00:00.00 | Mem:0.00M, Peak:0.00M | Scene, ViewLayer | Synchronizing object | Ivory eye
Fra:1 Mem:32.18M (Peak 32.18M) | Time:00:00.00 | Mem:0.00M, Peak:0.00M | Scene, ViewLayer | Synchronizing object | Iris
Fra:1 Mem:32.22M (Peak 32.22M) | Time:00:00.00 | Mem:0.00M, Peak:0.00M | Scene, ViewLayer | Synchronizing object | Pupil
Fra:1 Mem:32.24M (Peak 32.24M) | Time:00:00.00 | Mem:0.00M, Peak:0.00M | Scene, ViewLayer | Synchronizing object | Eye glint
Fra:1 Mem:32.33M (Peak 32.33M) | Time:00:00.00 | Mem:0.00M, Peak:0.00M | Scene, ViewLayer | Synchronizing object | Expressive brow
Fra:1 Mem:32.36M (Peak 32.36M) | Time:00:00.00 | Mem:0.00M, Peak:0.00M | Scene, ViewLayer | Synchronizing object | Smiling mouth
Fra:1 Mem:32.43M (Peak 32.43M) | Time:00:00.00 | Mem:0.00M, Peak:0.00M | Scene, ViewLayer | Synchronizing object | Whisker pore
Fra:1 Mem:32.64M (Peak 32.64M) | Time:00:00.00 | Mem:0.00M, Peak:0.00M | Scene, ViewLayer | Synchronizing object | Whisker pore.001
Fra:1 Mem:32.64M (Peak 32.64M) | Time:00:00.00 | Mem:0.00M, Peak:0.00M | Scene, ViewLayer | Synchronizing object | Whisker pore.002
Fra:1 Mem:32.65M (Peak 32.65M) | Time:00:00.00 | Mem:0.00M, Peak:0.00M | Scene, ViewLayer | Synchronizing object | Raised elemental crest
Fra:1 Mem:32.65M (Peak 32.65M) | Time:00:00.00 | Mem:0.00M, Peak:0.00M | Scene, ViewLayer | Synchronizing object | Eye socket.001
Fra:1 Mem:32.67M (Peak 32.67M) | Time:00:00.00 | Mem:0.00M, Peak:0.00M | Scene, ViewLayer | Synchronizing object | Brass crest clasp
Fra:1 Mem:32.72M (Peak 32.72M) | Time:00:00.00 | Mem:0.00M, Peak:0.00M | Scene, ViewLayer | Synchronizing object | Ivory eye.001
Fra:1 Mem:32.73M (Peak 32.73M) | Time:00:00.00 | Mem:0.00M, Peak:0.00M | Scene, ViewLayer | Synchronizing object | Neckerchief folded point
Fra:1 Mem:32.76M (Peak 32.76M) | Time:00:00.00 | Mem:0.00M, Peak:0.00M | Scene, ViewLayer | Synchronizing object | Leather neckerchief roll
Fra:1 Mem:32.77M (Peak 32.77M) | Time:00:00.00 | Mem:0.00M, Peak:0.00M | Scene, ViewLayer | Synchronizing object | Iris.001
Fra:1 Mem:32.77M (Peak 32.77M) | Time:00:00.00 | Mem:0.00M, Peak:0.00M | Scene, ViewLayer | Synchronizing object | Articulated tail
Fra:1 Mem:32.83M (Peak 32.83M) | Time:00:00.00 | Mem:0.00M, Peak:0.00M | Scene, ViewLayer | Synchronizing object | Pupil.001
Fra:1 Mem:32.84M (Peak 32.84M) | Time:00:00.00 | Mem:0.00M, Peak:0.00M | Scene, ViewLayer | Synchronizing object | Wrist fur.011
Fra:1 Mem:32.86M (Peak 32.86M) | Time:00:00.00 | Mem:0.00M, Peak:0.00M | Scene, ViewLayer | Synchronizing object | Eye glint.001
Fra:1 Mem:32.87M (Peak 32.87M) | Time:00:00.00 | Mem:0.00M, Peak:0.00M | Scene, ViewLayer | Synchronizing object | Wrist fur.010
Fra:1 Mem:32.89M (Peak 32.89M) | Time:00:00.00 | Mem:0.00M, Peak:0.00M | Scene, ViewLayer | Synchronizing object | Expressive brow.001
Fra:1 Mem:32.88M (Peak 32.89M) | Time:00:00.00 | Mem:0.00M, Peak:0.00M | Scene, ViewLayer | Synchronizing object | Wrist fur.009
Fra:1 Mem:32.89M (Peak 32.89M) | Time:00:00.00 | Mem:0.00M, Peak:0.00M | Scene, ViewLayer | Synchronizing object | Smiling mouth.001
Fra:1 Mem:32.89M (Peak 32.89M) | Time:00:00.00 | Mem:0.00M, Peak:0.00M | Scene, ViewLayer | Synchronizing object | Layered shoulder fur.011
Fra:1 Mem:32.91M (Peak 32.91M) | Time:00:00.00 | Mem:0.00M, Peak:0.00M | Scene, ViewLayer | Synchronizing object | Whisker pore.003
Fra:1 Mem:32.90M (Peak 32.91M) | Time:00:00.00 | Mem:0.00M, Peak:0.00M | Scene, ViewLayer | Synchronizing object | Layered shoulder fur.010
Fra:1 Mem:32.91M (Peak 32.91M) | Time:00:00.00 | Mem:0.00M, Peak:0.00M | Scene, ViewLayer | Synchronizing object | Whisker pore.004
Fra:1 Mem:32.91M (Peak 32.91M) | Time:00:00.00 | Mem:0.00M, Peak:0.00M | Scene, ViewLayer | Synchronizing object | Layered shoulder fur.009
Fra:1 Mem:32.92M (Peak 32.92M) | Time:00:00.00 | Mem:0.00M, Peak:0.00M | Scene, ViewLayer | Synchronizing object | Whisker pore.005
Fra:1 Mem:32.92M (Peak 32.92M) | Time:00:00.00 | Mem:0.00M, Peak:0.00M | Scene, ViewLayer | Synchronizing object | Wrist fur.008
Fra:1 Mem:32.93M (Peak 32.93M) | Time:00:00.00 | Mem:0.00M, Peak:0.00M | Scene, ViewLayer | Synchronizing object | Lower jaw
Fra:1 Mem:32.95M (Peak 32.95M) | Time:00:00.00 | Mem:0.00M, Peak:0.00M | Scene, ViewLayer | Synchronizing object | Wrist fur.007
Fra:1 Mem:32.97M (Peak 32.97M) | Time:00:00.00 | Mem:0.00M, Peak:0.00M | Scene, ViewLayer | Synchronizing object | Wrist fur.006
Fra:1 Mem:32.98M (Peak 32.98M) | Time:00:00.00 | Mem:0.00M, Peak:0.00M | Scene, ViewLayer | Synchronizing object | Connected inner mouth sleeve
Fra:1 Mem:32.99M (Peak 32.99M) | Time:00:00.00 | Mem:0.00M, Peak:0.00M | Scene, ViewLayer | Synchronizing object | Layered shoulder fur.008
Fra:1 Mem:32.99M (Peak 32.99M) | Time:00:00.00 | Mem:0.00M, Peak:0.00M | Scene, ViewLayer | Synchronizing object | Upper palate
Fra:1 Mem:32.99M (Peak 32.99M) | Time:00:00.00 | Mem:0.00M, Peak:0.00M | Scene, ViewLayer | Synchronizing object | Layered shoulder fur.007
Fra:1 Mem:32.99M (Peak 32.99M) | Time:00:00.00 | Mem:0.00M, Peak:0.00M | Scene, ViewLayer | Synchronizing object | Mandible floor
Fra:1 Mem:33.00M (Peak 33.00M) | Time:00:00.00 | Mem:0.00M, Peak:0.00M | Scene, ViewLayer | Synchronizing object | Layered shoulder fur.006
Fra:1 Mem:33.02M (Peak 33.02M) | Time:00:00.00 | Mem:0.00M, Peak:0.00M | Scene, ViewLayer | Synchronizing object | Connected outer cheek
Fra:1 Mem:33.00M (Peak 33.02M) | Time:00:00.00 | Mem:0.00M, Peak:0.00M | Scene, ViewLayer | Synchronizing object | Wrist fur.005
Fra:1 Mem:33.01M (Peak 33.02M) | Time:00:00.00 | Mem:0.00M, Peak:0.00M | Scene, ViewLayer | Synchronizing object | Connected outer cheek.001
Fra:1 Mem:33.01M (Peak 33.02M) | Time:00:00.00 | Mem:0.00M, Peak:0.00M | Scene, ViewLayer | Synchronizing object | Wrist fur.004
Fra:1 Mem:33.03M (Peak 33.03M) | Time:00:00.00 | Mem:0.00M, Peak:0.00M | Scene, ViewLayer | Synchronizing object | Howl tongue
Fra:1 Mem:33.02M (Peak 33.03M) | Time:00:00.00 | Mem:0.00M, Peak:0.00M | Scene, ViewLayer | Synchronizing object | Wrist fur.003
Fra:1 Mem:33.04M (Peak 33.04M) | Time:00:00.00 | Mem:0.00M, Peak:0.00M | Scene, ViewLayer | Synchronizing object | Layered shoulder fur.005
Fra:1 Mem:33.05M (Peak 33.05M) | Time:00:00.00 | Mem:0.00M, Peak:0.00M | Scene, ViewLayer | Synchronizing object | Lower canine
Fra:1 Mem:33.05M (Peak 33.05M) | Time:00:00.00 | Mem:0.00M, Peak:0.00M | Scene, ViewLayer | Synchronizing object | Layered shoulder fur.004
Fra:1 Mem:33.05M (Peak 33.05M) | Time:00:00.00 | Mem:0.00M, Peak:0.00M | Scene, ViewLayer | Synchronizing object | Lower canine.001
Fra:1 Mem:33.06M (Peak 33.06M) | Time:00:00.00 | Mem:0.00M, Peak:0.00M | Scene, ViewLayer | Synchronizing object | Layered shoulder fur.003
Fra:1 Mem:33.06M (Peak 33.06M) | Time:00:00.00 | Mem:0.00M, Peak:0.00M | Scene, ViewLayer | Synchronizing object | Pointed species ear
Fra:1 Mem:33.06M (Peak 33.06M) | Time:00:00.00 | Mem:0.00M, Peak:0.00M | Scene, ViewLayer | Synchronizing object | Wrist fur.002
Fra:1 Mem:33.07M (Peak 33.07M) | Time:00:00.00 | Mem:0.00M, Peak:0.00M | Scene, ViewLayer | Synchronizing object | Inner ear
Fra:1 Mem:33.07M (Peak 33.07M) | Time:00:00.00 | Mem:0.00M, Peak:0.00M | Scene, ViewLayer | Synchronizing object | Wrist fur.001
Fra:1 Mem:33.07M (Peak 33.07M) | Time:00:00.00 | Mem:0.00M, Peak:0.00M | Scene, ViewLayer | Synchronizing object | Pointed species ear.001
Fra:1 Mem:33.07M (Peak 33.07M) | Time:00:00.00 | Mem:0.00M, Peak:0.00M | Scene, ViewLayer | Synchronizing object | Wrist fur
Fra:1 Mem:33.08M (Peak 33.08M) | Time:00:00.00 | Mem:0.00M, Peak:0.00M | Scene, ViewLayer | Synchronizing object | Inner ear.001
Fra:1 Mem:33.08M (Peak 33.08M) | Time:00:00.00 | Mem:0.00M, Peak:0.00M | Scene, ViewLayer | Synchronizing object | Layered shoulder fur.002
Fra:1 Mem:33.08M (Peak 33.08M) | Time:00:00.00 | Mem:0.00M, Peak:0.00M | Scene, ViewLayer | Synchronizing object | Swept cheek ruff
Fra:1 Mem:33.09M (Peak 33.09M) | Time:00:00.00 | Mem:0.00M, Peak:0.00M | Scene, ViewLayer | Synchronizing object | Layered shoulder fur.001
Fra:1 Mem:33.10M (Peak 33.10M) | Time:00:00.00 | Mem:0.00M, Peak:0.00M | Scene, ViewLayer | Synchronizing object | Swept cheek ruff.001
Fra:1 Mem:33.09M (Peak 33.10M) | Time:00:00.00 | Mem:0.00M, Peak:0.00M | Scene, ViewLayer | Synchronizing object | Layered shoulder fur
Fra:1 Mem:33.10M (Peak 33.10M) | Time:00:00.00 | Mem:0.00M, Peak:0.00M | Scene, ViewLayer | Synchronizing object | Swept cheek ruff.002
Fra:1 Mem:33.10M (Peak 33.10M) | Time:00:00.00 | Mem:0.00M, Peak:0.00M | Scene, ViewLayer | Synchronizing object | Ice swept crest.005
Fra:1 Mem:33.12M (Peak 33.12M) | Time:00:00.00 | Mem:0.00M, Peak:0.00M | Scene, ViewLayer | Synchronizing object | Swept cheek ruff.003
Fra:1 Mem:33.13M (Peak 33.13M) | Time:00:00.00 | Mem:0.00M, Peak:0.00M | Scene, ViewLayer | Synchronizing object | Ice swept crest.004
Fra:1 Mem:33.13M (Peak 33.13M) | Time:00:00.00 | Mem:0.00M, Peak:0.00M | Scene, ViewLayer | Synchronizing object | Swept cheek ruff.004
Fra:1 Mem:33.13M (Peak 33.13M) | Time:00:00.00 | Mem:0.00M, Peak:0.00M | Scene, ViewLayer | Synchronizing object | Ice swept crest.003
Fra:1 Mem:33.14M (Peak 33.14M) | Time:00:00.00 | Mem:0.00M, Peak:0.00M | Scene, ViewLayer | Synchronizing object | Swept cheek ruff.005
Fra:1 Mem:33.14M (Peak 33.14M) | Time:00:00.00 | Mem:0.00M, Peak:0.00M | Scene, ViewLayer | Synchronizing object | Ice swept crest.002
Fra:1 Mem:33.13M (Peak 33.14M) | Time:00:00.00 | Mem:0.00M, Peak:0.00M | Scene, ViewLayer | Synchronizing object | Swept cheek ruff.006
Fra:1 Mem:33.13M (Peak 33.14M) | Time:00:00.00 | Mem:0.00M, Peak:0.00M | Scene, ViewLayer | Synchronizing object | Ice swept crest.001
Fra:1 Mem:33.15M (Peak 33.15M) | Time:00:00.00 | Mem:0.00M, Peak:0.00M | Scene, ViewLayer | Synchronizing object | Swept cheek ruff.007
Fra:1 Mem:33.16M (Peak 33.16M) | Time:00:00.00 | Mem:0.00M, Peak:0.00M | Scene, ViewLayer | Synchronizing object | Ice swept crest
Fra:1 Mem:33.15M (Peak 33.16M) | Time:00:00.00 | Mem:0.00M, Peak:0.00M | Scene, ViewLayer | Initializing
Fra:1 Mem:31.32M (Peak 33.16M) | Time:00:00.00 | Mem:0.00M, Peak:0.00M | Scene, ViewLayer | Updating Images | Loading Authored short-fur normal
Fra:1 Mem:27.14M (Peak 33.16M) | Time:00:00.00 | Mem:0.25M, Peak:0.25M | Scene, ViewLayer | Waiting for render to start
Fra:1 Mem:27.14M (Peak 33.16M) | Time:00:00.00 | Mem:0.25M, Peak:0.25M | Scene, ViewLayer | Updating Scene
Fra:1 Mem:27.14M (Peak 33.16M) | Time:00:00.00 | Mem:0.25M, Peak:0.25M | Scene, ViewLayer | Updating Shaders
Fra:1 Mem:27.14M (Peak 33.16M) | Time:00:00.00 | Mem:0.25M, Peak:0.25M | Scene, ViewLayer | Loading render kernels (may take a few minutes the first time)
Fra:1 Mem:27.23M (Peak 33.16M) | Time:00:00.00 | Mem:0.26M, Peak:0.26M | Scene, ViewLayer | Updating Procedurals
Fra:1 Mem:27.23M (Peak 33.16M) | Time:00:00.00 | Mem:0.26M, Peak:0.26M | Scene, ViewLayer | Updating Background
Fra:1 Mem:27.23M (Peak 33.16M) | Time:00:00.00 | Mem:0.26M, Peak:0.26M | Scene, ViewLayer | Updating Camera
Fra:1 Mem:27.23M (Peak 33.16M) | Time:00:00.00 | Mem:0.26M, Peak:0.26M | Scene, ViewLayer | Updating Meshes Flags
Fra:1 Mem:27.23M (Peak 33.16M) | Time:00:00.00 | Mem:0.26M, Peak:0.26M | Scene, ViewLayer | Updating Objects
Fra:1 Mem:27.23M (Peak 33.16M) | Time:00:00.00 | Mem:0.26M, Peak:0.26M | Scene, ViewLayer | Updating Objects | Copying Transformations to device
Fra:1 Mem:27.26M (Peak 33.16M) | Time:00:00.00 | Mem:0.28M, Peak:0.28M | Scene, ViewLayer | Updating Particle Systems
Fra:1 Mem:27.26M (Peak 33.16M) | Time:00:00.00 | Mem:0.28M, Peak:0.28M | Scene, ViewLayer | Updating Particle Systems | Copying Particles to device
Fra:1 Mem:27.26M (Peak 33.16M) | Time:00:00.00 | Mem:0.28M, Peak:0.28M | Scene, ViewLayer | Updating Meshes
Fra:1 Mem:28.28M (Peak 33.16M) | Time:00:00.01 | Mem:0.28M, Peak:0.28M | Scene, ViewLayer | Updating Objects | Applying Static Transformations
Fra:1 Mem:28.28M (Peak 33.16M) | Time:00:00.01 | Mem:0.28M, Peak:0.28M | Scene, ViewLayer | Updating Mesh | Computing attributes
Fra:1 Mem:29.74M (Peak 33.16M) | Time:00:00.01 | Mem:0.30M, Peak:0.30M | Scene, ViewLayer | Updating Mesh | Copying Attributes to device
Fra:1 Mem:29.72M (Peak 33.16M) | Time:00:00.01 | Mem:1.73M, Peak:1.73M | Scene, ViewLayer | Updating Scene BVH | Building
Fra:1 Mem:29.72M (Peak 33.16M) | Time:00:00.01 | Mem:1.73M, Peak:1.73M | Scene, ViewLayer | Updating Scene BVH | Building BVH
Fra:1 Mem:29.72M (Peak 33.16M) | Time:00:00.01 | Mem:2.41M, Peak:2.41M | Scene, ViewLayer | Updating Scene BVH | Building BVH 0%
Fra:1 Mem:29.72M (Peak 33.16M) | Time:00:00.01 | Mem:3.22M, Peak:3.90M | Scene, ViewLayer | Updating Scene BVH | Copying BVH to device
Fra:1 Mem:29.72M (Peak 33.16M) | Time:00:00.01 | Mem:3.22M, Peak:3.90M | Scene, ViewLayer | Updating Mesh | Computing normals
Fra:1 Mem:30.33M (Peak 33.16M) | Time:00:00.01 | Mem:3.22M, Peak:3.90M | Scene, ViewLayer | Updating Mesh | Copying Mesh to device
Fra:1 Mem:30.33M (Peak 33.16M) | Time:00:00.01 | Mem:3.83M, Peak:3.90M | Scene, ViewLayer | Updating Objects Flags
Fra:1 Mem:30.33M (Peak 33.16M) | Time:00:00.01 | Mem:3.83M, Peak:3.90M | Scene, ViewLayer | Updating Primitive Offsets
Fra:1 Mem:30.33M (Peak 33.16M) | Time:00:00.01 | Mem:3.83M, Peak:3.90M | Scene, ViewLayer | Updating Images
Fra:1 Mem:30.33M (Peak 33.16M) | Time:00:00.01 | Mem:3.83M, Peak:3.90M | Scene, ViewLayer | Updating Camera Volume
Fra:1 Mem:30.33M (Peak 33.16M) | Time:00:00.01 | Mem:3.83M, Peak:3.90M | Scene, ViewLayer | Updating Lookup Tables
Fra:1 Mem:30.33M (Peak 33.16M) | Time:00:00.01 | Mem:3.91M, Peak:3.91M | Scene, ViewLayer | Updating Lights
Fra:1 Mem:30.33M (Peak 33.16M) | Time:00:00.01 | Mem:3.91M, Peak:3.91M | Scene, ViewLayer | Updating Lights | Computing tree
Fra:1 Mem:30.33M (Peak 33.16M) | Time:00:00.01 | Mem:3.91M, Peak:3.91M | Scene, ViewLayer | Updating Integrator
Fra:1 Mem:30.33M (Peak 33.16M) | Time:00:00.01 | Mem:3.91M, Peak:3.91M | Scene, ViewLayer | Updating Film
Fra:1 Mem:30.34M (Peak 33.16M) | Time:00:00.01 | Mem:3.83M, Peak:3.91M | Scene, ViewLayer | Updating Lookup Tables
Fra:1 Mem:30.34M (Peak 33.16M) | Time:00:00.01 | Mem:3.92M, Peak:3.92M | Scene, ViewLayer | Updating Baking
Fra:1 Mem:30.34M (Peak 33.16M) | Time:00:00.01 | Mem:3.92M, Peak:3.92M | Scene, ViewLayer | Updating Device | Writing constant memory
Fra:1 Mem:30.34M (Peak 33.16M) | Time:00:00.01 | Mem:3.92M, Peak:3.92M | Scene, ViewLayer | Loading denoising kernels (may take a few minutes the first time)
Fra:1 Mem:30.34M (Peak 33.16M) | Time:00:00.01 | Mem:3.92M, Peak:3.92M | Scene, ViewLayer | Sample 0/20
Fra:1 Mem:49.36M (Peak 49.36M) | Time:00:00.06 | Remaining:00:00.95 | Mem:22.93M, Peak:22.93M | Scene, ViewLayer | Sample 1/20
Fra:1 Mem:57.37M (Peak 69.37M) | Time:00:01.88 | Mem:22.93M, Peak:22.93M | Scene, ViewLayer | Sample 20/20
Fra:1 Mem:57.37M (Peak 69.37M) | Time:00:01.88 | Mem:22.93M, Peak:22.93M | Scene, ViewLayer | Finished
Saved: '/Users/chikumatsuboi/Code/animal-racers-western/assets/source/western/revision2/qa/wolf/upright/control-material.png'
Time: 00:01.90 (Saving: 00:00.01)

REVISION2_MATERIAL_PROOF wolf upright control
Read blend: "/Users/chikumatsuboi/Code/animal-racers-western/assets/source/western/revision2/candidate/wolf-upright.blend"
Fra:1 Mem:30.11M (Peak 30.11M) | Time:00:00.00 | Mem:0.00M, Peak:0.00M | Scene, ViewLayer | Synchronizing object | Paw toe
Fra:1 Mem:30.13M (Peak 30.13M) | Time:00:00.00 | Mem:0.00M, Peak:0.00M | Scene, ViewLayer | Synchronizing object | Ivory claw
Fra:1 Mem:30.14M (Peak 30.14M) | Time:00:00.00 | Mem:0.00M, Peak:0.00M | Scene, ViewLayer | Synchronizing object | Paw toe.001
Fra:1 Mem:30.16M (Peak 30.16M) | Time:00:00.00 | Mem:0.00M, Peak:0.00M | Scene, ViewLayer | Synchronizing object | Ivory claw.001
Fra:1 Mem:30.16M (Peak 30.16M) | Time:00:00.00 | Mem:0.00M, Peak:0.00M | Scene, ViewLayer | Synchronizing object | Paw toe.002
Fra:1 Mem:30.18M (Peak 30.18M) | Time:00:00.00 | Mem:0.00M, Peak:0.00M | Scene, ViewLayer | Synchronizing object | Ivory claw.002
Fra:1 Mem:30.19M (Peak 30.19M) | Time:00:00.00 | Mem:0.00M, Peak:0.00M | Scene, ViewLayer | Synchronizing object | Paw toe.003
Fra:1 Mem:30.21M (Peak 30.21M) | Time:00:00.00 | Mem:0.00M, Peak:0.00M | Scene, ViewLayer | Synchronizing object | Ivory claw.003
Fra:1 Mem:30.21M (Peak 30.21M) | Time:00:00.00 | Mem:0.00M, Peak:0.00M | Scene, ViewLayer | Synchronizing object | Paw toe.004
Fra:1 Mem:30.23M (Peak 30.23M) | Time:00:00.00 | Mem:0.00M, Peak:0.00M | Scene, ViewLayer | Synchronizing object | Ivory claw.004
Fra:1 Mem:30.24M (Peak 30.24M) | Time:00:00.00 | Mem:0.00M, Peak:0.00M | Scene, ViewLayer | Synchronizing object | Paw toe.005
Fra:1 Mem:30.26M (Peak 30.26M) | Time:00:00.00 | Mem:0.00M, Peak:0.00M | Scene, ViewLayer | Synchronizing object | Ivory claw.005
Fra:1 Mem:30.26M (Peak 30.26M) | Time:00:00.00 | Mem:0.00M, Peak:0.00M | Scene, ViewLayer | Synchronizing object | Paw toe.006
Fra:1 Mem:30.28M (Peak 30.28M) | Time:00:00.00 | Mem:0.00M, Peak:0.00M | Scene, ViewLayer | Synchronizing object | Ivory claw.006
Fra:1 Mem:30.29M (Peak 30.29M) | Time:00:00.00 | Mem:0.00M, Peak:0.00M | Scene, ViewLayer | Synchronizing object | Paw toe.007
Fra:1 Mem:30.31M (Peak 30.31M) | Time:00:00.00 | Mem:0.00M, Peak:0.00M | Scene, ViewLayer | Synchronizing object | Ivory claw.007
Fra:1 Mem:30.31M (Peak 30.31M) | Time:00:00.00 | Mem:0.00M, Peak:0.00M | Scene, ViewLayer | Synchronizing object | Paw toe.008
Fra:1 Mem:30.32M (Peak 30.32M) | Time:00:00.00 | Mem:0.00M, Peak:0.00M | Scene, ViewLayer | Synchronizing object | Matched softbox.002
Fra:1 Mem:30.33M (Peak 30.33M) | Time:00:00.00 | Mem:0.00M, Peak:0.00M | Scene, ViewLayer | Synchronizing object | Matched softbox.001
Fra:1 Mem:30.33M (Peak 30.33M) | Time:00:00.00 | Mem:0.00M, Peak:0.00M | Scene, ViewLayer | Synchronizing object | Matched softbox
Fra:1 Mem:30.33M (Peak 30.33M) | Time:00:00.00 | Mem:0.00M, Peak:0.00M | Scene, ViewLayer | Synchronizing object | R2 flowing brush tail fur.009
Fra:1 Mem:30.34M (Peak 30.34M) | Time:00:00.00 | Mem:0.00M, Peak:0.00M | Scene, ViewLayer | Synchronizing object | Paw toe.009
Fra:1 Mem:30.36M (Peak 30.36M) | Time:00:00.00 | Mem:0.00M, Peak:0.00M | Scene, ViewLayer | Synchronizing object | R2 flowing brush tail fur.008
Fra:1 Mem:30.39M (Peak 30.39M) | Time:00:00.00 | Mem:0.00M, Peak:0.00M | Scene, ViewLayer | Synchronizing object | Ivory claw.009
Fra:1 Mem:30.39M (Peak 30.39M) | Time:00:00.00 | Mem:0.00M, Peak:0.00M | Scene, ViewLayer | Synchronizing object | Paw toe.010
Fra:1 Mem:30.40M (Peak 30.40M) | Time:00:00.00 | Mem:0.00M, Peak:0.00M | Scene, ViewLayer | Synchronizing object | R2 flowing brush tail fur.007
Fra:1 Mem:30.42M (Peak 30.42M) | Time:00:00.00 | Mem:0.00M, Peak:0.00M | Scene, ViewLayer | Synchronizing object | Ivory claw.010
Fra:1 Mem:30.43M (Peak 30.43M) | Time:00:00.00 | Mem:0.00M, Peak:0.00M | Scene, ViewLayer | Synchronizing object | R2 flowing brush tail fur.006
Fra:1 Mem:30.43M (Peak 30.43M) | Time:00:00.00 | Mem:0.00M, Peak:0.00M | Scene, ViewLayer | Synchronizing object | Paw toe.011
Fra:1 Mem:30.46M (Peak 30.46M) | Time:00:00.00 | Mem:0.00M, Peak:0.00M | Scene, ViewLayer | Synchronizing object | R2 flowing brush tail fur.005
Fra:1 Mem:30.46M (Peak 30.46M) | Time:00:00.00 | Mem:0.00M, Peak:0.00M | Scene, ViewLayer | Synchronizing object | Ivory claw.011
Fra:1 Mem:30.48M (Peak 30.48M) | Time:00:00.00 | Mem:0.00M, Peak:0.00M | Scene, ViewLayer | Synchronizing object | R2 flowing brush tail fur.004
Fra:1 Mem:30.49M (Peak 30.49M) | Time:00:00.00 | Mem:0.00M, Peak:0.00M | Scene, ViewLayer | Synchronizing object | Articulated tail
Fra:1 Mem:30.50M (Peak 30.50M) | Time:00:00.00 | Mem:0.00M, Peak:0.00M | Scene, ViewLayer | Synchronizing object | R2 flowing brush tail fur.003
Fra:1 Mem:30.54M (Peak 30.54M) | Time:00:00.00 | Mem:0.00M, Peak:0.00M | Scene, ViewLayer | Synchronizing object | R2 flowing brush tail fur.002
Fra:1 Mem:30.56M (Peak 30.56M) | Time:00:00.00 | Mem:0.00M, Peak:0.00M | Scene, ViewLayer | Synchronizing object | Leather neckerchief roll
Fra:1 Mem:30.58M (Peak 30.58M) | Time:00:00.00 | Mem:0.00M, Peak:0.00M | Scene, ViewLayer | Synchronizing object | R2 flowing brush tail fur.001
Fra:1 Mem:30.60M (Peak 30.60M) | Time:00:00.00 | Mem:0.00M, Peak:0.00M | Scene, ViewLayer | Synchronizing object | Neckerchief folded point
Fra:1 Mem:30.60M (Peak 30.60M) | Time:00:00.00 | Mem:0.00M, Peak:0.00M | Scene, ViewLayer | Synchronizing object | R2 flowing brush tail fur
Fra:1 Mem:30.61M (Peak 30.61M) | Time:00:00.00 | Mem:0.00M, Peak:0.00M | Scene, ViewLayer | Synchronizing object | Brass crest clasp
Fra:1 Mem:30.62M (Peak 30.62M) | Time:00:00.00 | Mem:0.00M, Peak:0.00M | Scene, ViewLayer | Synchronizing object | R2 short wolf nape flow.005
Fra:1 Mem:30.66M (Peak 30.66M) | Time:00:00.00 | Mem:0.00M, Peak:0.00M | Scene, ViewLayer | Synchronizing object | R2 short wolf nape flow.004
Fra:1 Mem:30.67M (Peak 30.67M) | Time:00:00.00 | Mem:0.00M, Peak:0.00M | Scene, ViewLayer | Synchronizing object | Raised elemental crest
Fra:1 Mem:30.68M (Peak 30.68M) | Time:00:00.00 | Mem:0.00M, Peak:0.00M | Scene, ViewLayer | Synchronizing object | R2 short wolf nape flow.003
Fra:1 Mem:30.69M (Peak 30.69M) | Time:00:00.00 | Mem:0.00M, Peak:0.00M | Scene, ViewLayer | Synchronizing object | Upright body • connected joint topology
Fra:1 Mem:30.70M (Peak 30.70M) | Time:00:00.00 | Mem:0.00M, Peak:0.00M | Scene, ViewLayer | Synchronizing object | R2 short irregular cheek tuft.005
Fra:1 Mem:30.82M (Peak 30.82M) | Time:00:00.00 | Mem:0.00M, Peak:0.00M | Scene, ViewLayer | Synchronizing object | R2 short irregular cheek tuft.004
Fra:1 Mem:31.17M (Peak 31.17M) | Time:00:00.00 | Mem:0.00M, Peak:0.00M | Scene, ViewLayer | Synchronizing object | R2 short irregular cheek tuft.003
Fra:1 Mem:31.27M (Peak 31.27M) | Time:00:00.00 | Mem:0.00M, Peak:0.00M | Scene, ViewLayer | Synchronizing object | R2 connected canine cheek coat.001
Fra:1 Mem:31.32M (Peak 31.32M) | Time:00:00.00 | Mem:0.00M, Peak:0.00M | Scene, ViewLayer | Synchronizing object | R2 short wolf nape flow.002
Fra:1 Mem:31.37M (Peak 31.37M) | Time:00:00.00 | Mem:0.00M, Peak:0.00M | Scene, ViewLayer | Synchronizing object | R2 short wolf nape flow.001
Fra:1 Mem:31.39M (Peak 31.39M) | Time:00:00.00 | Mem:0.00M, Peak:0.00M | Scene, ViewLayer | Synchronizing object | R2 short wolf nape flow
Fra:1 Mem:31.41M (Peak 31.41M) | Time:00:00.00 | Mem:0.00M, Peak:0.00M | Scene, ViewLayer | Synchronizing object | R2 short irregular cheek tuft.002
Fra:1 Mem:31.43M (Peak 31.43M) | Time:00:00.00 | Mem:0.00M, Peak:0.00M | Scene, ViewLayer | Synchronizing object | R2 short irregular cheek tuft.001
Fra:1 Mem:31.44M (Peak 31.44M) | Time:00:00.00 | Mem:0.00M, Peak:0.00M | Scene, ViewLayer | Synchronizing object | R2 short irregular cheek tuft
Fra:1 Mem:31.46M (Peak 31.46M) | Time:00:00.00 | Mem:0.00M, Peak:0.00M | Scene, ViewLayer | Synchronizing object | R2 connected canine cheek coat
Fra:1 Mem:31.51M (Peak 31.51M) | Time:00:00.00 | Mem:0.00M, Peak:0.00M | Scene, ViewLayer | Synchronizing object | R2 cupped species ear.001
Fra:1 Mem:31.53M (Peak 31.53M) | Time:00:00.00 | Mem:0.00M, Peak:0.00M | Scene, ViewLayer | Synchronizing object | R2 cupped species ear
Fra:1 Mem:31.54M (Peak 31.54M) | Time:00:00.00 | Mem:0.00M, Peak:0.00M | Scene, ViewLayer | Synchronizing object | R2 articulated oral lining
Fra:1 Mem:31.63M (Peak 31.63M) | Time:00:00.00 | Mem:0.00M, Peak:0.00M | Scene, ViewLayer | Synchronizing object | R2 anatomical mandible
Fra:1 Mem:31.68M (Peak 31.68M) | Time:00:00.00 | Mem:0.00M, Peak:0.00M | Scene, ViewLayer | Synchronizing object | R2 whisker follicle.017
Fra:1 Mem:31.75M (Peak 31.75M) | Time:00:00.00 | Mem:0.00M, Peak:0.00M | Scene, ViewLayer | Synchronizing object | R2 whisker follicle.016
Fra:1 Mem:31.94M (Peak 31.94M) | Time:00:00.00 | Mem:0.00M, Peak:0.00M | Scene, ViewLayer | Synchronizing object | R2 whisker follicle.015
Fra:1 Mem:32.01M (Peak 32.01M) | Time:00:00.00 | Mem:0.00M, Peak:0.00M | Scene, ViewLayer | Synchronizing object | R2 whisker follicle.014
Fra:1 Mem:31.94M (Peak 32.01M) | Time:00:00.00 | Mem:0.00M, Peak:0.00M | Scene, ViewLayer | Synchronizing object | R2 connected orbital skull and species muzzle
Fra:1 Mem:31.98M (Peak 32.01M) | Time:00:00.00 | Mem:0.00M, Peak:0.00M | Scene, ViewLayer | Synchronizing object | R2 whisker follicle.013
Fra:1 Mem:31.99M (Peak 32.01M) | Time:00:00.00 | Mem:0.00M, Peak:0.00M | Scene, ViewLayer | Synchronizing object | R2 whisker follicle.012
Fra:1 Mem:32.13M (Peak 32.13M) | Time:00:00.00 | Mem:0.00M, Peak:0.00M | Scene, ViewLayer | Synchronizing object | R2 whisker follicle.011
Fra:1 Mem:32.16M (Peak 32.16M) | Time:00:00.00 | Mem:0.00M, Peak:0.00M | Scene, ViewLayer | Synchronizing object | R2 whisker follicle.010
Fra:1 Mem:32.16M (Peak 32.16M) | Time:00:00.00 | Mem:0.00M, Peak:0.00M | Scene, ViewLayer | Synchronizing object | R2 whisker follicle.009
Fra:1 Mem:32.16M (Peak 32.16M) | Time:00:00.00 | Mem:0.00M, Peak:0.00M | Scene, ViewLayer | Synchronizing object | R2 whisker follicle.008
Fra:1 Mem:32.18M (Peak 32.18M) | Time:00:00.00 | Mem:0.00M, Peak:0.00M | Scene, ViewLayer | Synchronizing object | R2 whisker follicle.007
Fra:1 Mem:32.18M (Peak 32.18M) | Time:00:00.00 | Mem:0.00M, Peak:0.00M | Scene, ViewLayer | Synchronizing object | R2 whisker follicle.006
Fra:1 Mem:32.18M (Peak 32.18M) | Time:00:00.00 | Mem:0.00M, Peak:0.00M | Scene, ViewLayer | Synchronizing object | R2 whisker follicle.005
Fra:1 Mem:32.18M (Peak 32.18M) | Time:00:00.00 | Mem:0.00M, Peak:0.00M | Scene, ViewLayer | Synchronizing object | R2 whisker follicle.004
Fra:1 Mem:32.18M (Peak 32.18M) | Time:00:00.00 | Mem:0.00M, Peak:0.00M | Scene, ViewLayer | Synchronizing object | R2 whisker follicle.003
Fra:1 Mem:32.18M (Peak 32.18M) | Time:00:00.00 | Mem:0.00M, Peak:0.00M | Scene, ViewLayer | Synchronizing object | R2 whisker follicle.002
Fra:1 Mem:32.18M (Peak 32.18M) | Time:00:00.00 | Mem:0.00M, Peak:0.00M | Scene, ViewLayer | Synchronizing object | R2 whisker follicle.001
Fra:1 Mem:32.19M (Peak 32.19M) | Time:00:00.00 | Mem:0.00M, Peak:0.00M | Scene, ViewLayer | Synchronizing object | R2 whisker follicle
Fra:1 Mem:32.19M (Peak 32.19M) | Time:00:00.00 | Mem:0.00M, Peak:0.00M | Scene, ViewLayer | Synchronizing object | R2 broad wet nose
Fra:1 Mem:32.19M (Peak 32.19M) | Time:00:00.00 | Mem:0.00M, Peak:0.00M | Scene, ViewLayer | Synchronizing object | R2 integrated brow ridge.001
Fra:1 Mem:32.28M (Peak 32.28M) | Time:00:00.00 | Mem:0.00M, Peak:0.00M | Scene, ViewLayer | Synchronizing object | R2 shaded upper eyelid margin.001
Fra:1 Mem:32.36M (Peak 32.36M) | Time:00:00.00 | Mem:0.00M, Peak:0.00M | Scene, ViewLayer | Synchronizing object | R2 catchlight.001
Fra:1 Mem:32.36M (Peak 32.36M) | Time:00:00.00 | Mem:0.00M, Peak:0.00M | Scene, ViewLayer | Synchronizing object | R2 inset almond sclera
Fra:1 Mem:32.37M (Peak 32.37M) | Time:00:00.00 | Mem:0.00M, Peak:0.00M | Scene, ViewLayer | Synchronizing object | R2 pupil.001
Fra:1 Mem:32.39M (Peak 32.39M) | Time:00:00.00 | Mem:0.00M, Peak:0.00M | Scene, ViewLayer | Synchronizing object | R2 iris.001
Fra:1 Mem:32.39M (Peak 32.39M) | Time:00:00.00 | Mem:0.00M, Peak:0.00M | Scene, ViewLayer | Synchronizing object | R2 iris
Fra:1 Mem:32.39M (Peak 32.39M) | Time:00:00.00 | Mem:0.00M, Peak:0.00M | Scene, ViewLayer | Synchronizing object | R2 inset almond sclera.001
Fra:1 Mem:32.41M (Peak 32.41M) | Time:00:00.00 | Mem:0.00M, Peak:0.00M | Scene, ViewLayer | Synchronizing object | R2 pupil
Fra:1 Mem:32.42M (Peak 32.42M) | Time:00:00.00 | Mem:0.00M, Peak:0.00M | Scene, ViewLayer | Synchronizing object | R2 catchlight
Fra:1 Mem:32.42M (Peak 32.42M) | Time:00:00.00 | Mem:0.00M, Peak:0.00M | Scene, ViewLayer | Synchronizing object | R2 integrated brow ridge
Fra:1 Mem:32.43M (Peak 32.43M) | Time:00:00.00 | Mem:0.00M, Peak:0.00M | Scene, ViewLayer | Synchronizing object | R2 shaded upper eyelid margin
Fra:1 Mem:32.45M (Peak 32.45M) | Time:00:00.00 | Mem:0.00M, Peak:0.00M | Scene, ViewLayer | Initializing
Fra:1 Mem:30.75M (Peak 32.45M) | Time:00:00.00 | Mem:0.00M, Peak:0.00M | Scene, ViewLayer | Updating Images | Loading Authored short-fur normal
Fra:1 Mem:27.11M (Peak 32.45M) | Time:00:00.00 | Mem:0.25M, Peak:0.25M | Scene, ViewLayer | Waiting for render to start
Fra:1 Mem:27.11M (Peak 32.45M) | Time:00:00.00 | Mem:0.25M, Peak:0.25M | Scene, ViewLayer | Updating Scene
Fra:1 Mem:27.11M (Peak 32.45M) | Time:00:00.00 | Mem:0.25M, Peak:0.25M | Scene, ViewLayer | Updating Shaders
Fra:1 Mem:27.11M (Peak 32.45M) | Time:00:00.00 | Mem:0.25M, Peak:0.25M | Scene, ViewLayer | Loading render kernels (may take a few minutes the first time)
Fra:1 Mem:27.20M (Peak 32.45M) | Time:00:00.00 | Mem:0.26M, Peak:0.26M | Scene, ViewLayer | Updating Procedurals
Fra:1 Mem:27.20M (Peak 32.45M) | Time:00:00.00 | Mem:0.26M, Peak:0.26M | Scene, ViewLayer | Updating Background
Fra:1 Mem:27.20M (Peak 32.45M) | Time:00:00.00 | Mem:0.26M, Peak:0.26M | Scene, ViewLayer | Updating Camera
Fra:1 Mem:27.20M (Peak 32.45M) | Time:00:00.00 | Mem:0.26M, Peak:0.26M | Scene, ViewLayer | Updating Meshes Flags
Fra:1 Mem:27.20M (Peak 32.45M) | Time:00:00.00 | Mem:0.26M, Peak:0.26M | Scene, ViewLayer | Updating Objects
Fra:1 Mem:27.20M (Peak 32.45M) | Time:00:00.00 | Mem:0.26M, Peak:0.26M | Scene, ViewLayer | Updating Objects | Copying Transformations to device
Fra:1 Mem:27.22M (Peak 32.45M) | Time:00:00.00 | Mem:0.28M, Peak:0.28M | Scene, ViewLayer | Updating Particle Systems
Fra:1 Mem:27.22M (Peak 32.45M) | Time:00:00.00 | Mem:0.28M, Peak:0.28M | Scene, ViewLayer | Updating Particle Systems | Copying Particles to device
Fra:1 Mem:27.22M (Peak 32.45M) | Time:00:00.00 | Mem:0.28M, Peak:0.28M | Scene, ViewLayer | Updating Meshes
Fra:1 Mem:28.38M (Peak 32.45M) | Time:00:00.01 | Mem:0.28M, Peak:0.28M | Scene, ViewLayer | Updating Objects | Applying Static Transformations
Fra:1 Mem:28.38M (Peak 32.45M) | Time:00:00.01 | Mem:0.28M, Peak:0.28M | Scene, ViewLayer | Updating Mesh | Computing attributes
Fra:1 Mem:30.10M (Peak 32.45M) | Time:00:00.01 | Mem:0.29M, Peak:0.29M | Scene, ViewLayer | Updating Mesh | Copying Attributes to device
Fra:1 Mem:30.07M (Peak 32.45M) | Time:00:00.01 | Mem:1.97M, Peak:1.97M | Scene, ViewLayer | Updating Scene BVH | Building
Fra:1 Mem:30.07M (Peak 32.45M) | Time:00:00.01 | Mem:1.97M, Peak:1.97M | Scene, ViewLayer | Updating Scene BVH | Building BVH
Fra:1 Mem:30.07M (Peak 32.45M) | Time:00:00.01 | Mem:2.64M, Peak:2.64M | Scene, ViewLayer | Updating Scene BVH | Building BVH 0%
Fra:1 Mem:30.07M (Peak 32.45M) | Time:00:00.01 | Mem:3.37M, Peak:4.05M | Scene, ViewLayer | Updating Scene BVH | Copying BVH to device
Fra:1 Mem:30.07M (Peak 32.45M) | Time:00:00.01 | Mem:3.37M, Peak:4.05M | Scene, ViewLayer | Updating Mesh | Computing normals
Fra:1 Mem:30.68M (Peak 32.45M) | Time:00:00.01 | Mem:3.37M, Peak:4.05M | Scene, ViewLayer | Updating Mesh | Copying Mesh to device
Fra:1 Mem:30.68M (Peak 32.45M) | Time:00:00.01 | Mem:3.98M, Peak:4.05M | Scene, ViewLayer | Updating Objects Flags
Fra:1 Mem:30.68M (Peak 32.45M) | Time:00:00.01 | Mem:3.98M, Peak:4.05M | Scene, ViewLayer | Updating Primitive Offsets
Fra:1 Mem:30.68M (Peak 32.45M) | Time:00:00.01 | Mem:3.98M, Peak:4.05M | Scene, ViewLayer | Updating Images
Fra:1 Mem:30.68M (Peak 32.45M) | Time:00:00.01 | Mem:3.98M, Peak:4.05M | Scene, ViewLayer | Updating Camera Volume
Fra:1 Mem:30.68M (Peak 32.45M) | Time:00:00.01 | Mem:3.98M, Peak:4.05M | Scene, ViewLayer | Updating Lookup Tables
Fra:1 Mem:30.68M (Peak 32.45M) | Time:00:00.01 | Mem:4.06M, Peak:4.06M | Scene, ViewLayer | Updating Lights
Fra:1 Mem:30.68M (Peak 32.45M) | Time:00:00.01 | Mem:4.06M, Peak:4.06M | Scene, ViewLayer | Updating Lights | Computing tree
Fra:1 Mem:30.68M (Peak 32.45M) | Time:00:00.01 | Mem:4.06M, Peak:4.06M | Scene, ViewLayer | Updating Integrator
Fra:1 Mem:30.68M (Peak 32.45M) | Time:00:00.01 | Mem:4.06M, Peak:4.06M | Scene, ViewLayer | Updating Film
Fra:1 Mem:30.68M (Peak 32.45M) | Time:00:00.01 | Mem:3.98M, Peak:4.06M | Scene, ViewLayer | Updating Lookup Tables
Fra:1 Mem:30.68M (Peak 32.45M) | Time:00:00.01 | Mem:4.07M, Peak:4.07M | Scene, ViewLayer | Updating Baking
Fra:1 Mem:30.68M (Peak 32.45M) | Time:00:00.01 | Mem:4.07M, Peak:4.07M | Scene, ViewLayer | Updating Device | Writing constant memory
Fra:1 Mem:30.69M (Peak 32.45M) | Time:00:00.01 | Mem:4.07M, Peak:4.07M | Scene, ViewLayer | Loading denoising kernels (may take a few minutes the first time)
Fra:1 Mem:30.69M (Peak 32.45M) | Time:00:00.01 | Mem:4.07M, Peak:4.07M | Scene, ViewLayer | Sample 0/20
Fra:1 Mem:49.71M (Peak 49.71M) | Time:00:00.06 | Remaining:00:00.90 | Mem:23.08M, Peak:23.08M | Scene, ViewLayer | Sample 1/20
Fra:1 Mem:57.71M (Peak 69.71M) | Time:00:01.84 | Mem:23.08M, Peak:23.08M | Scene, ViewLayer | Sample 20/20
Fra:1 Mem:57.71M (Peak 69.71M) | Time:00:01.84 | Mem:23.08M, Peak:23.08M | Scene, ViewLayer | Finished
Saved: '/Users/chikumatsuboi/Code/animal-racers-western/assets/source/western/revision2/qa/wolf/upright/candidate-material.png'
Time: 00:01.86 (Saving: 00:00.01)

REVISION2_MATERIAL_PROOF wolf upright candidate
Read blend: "/Users/chikumatsuboi/Code/animal-racers-western/assets/source/western/revision2/inputs/wolf-upright.blend"
Saved: '/Users/chikumatsuboi/Code/animal-racers-western/assets/source/western/revision2/qa/wolf/upright/motion/control/attack/0000.png'
Time: 00:00.04 (Saving: 00:00.00)

Saved: '/Users/chikumatsuboi/Code/animal-racers-western/assets/source/western/revision2/qa/wolf/upright/motion/control/attack/0001.png'
Time: 00:00.02 (Saving: 00:00.00)

Saved: '/Users/chikumatsuboi/Code/animal-racers-western/assets/source/western/revision2/qa/wolf/upright/motion/control/attack/0002.png'
Time: 00:00.02 (Saving: 00:00.00)

Saved: '/Users/chikumatsuboi/Code/animal-racers-western/assets/source/western/revision2/qa/wolf/upright/motion/control/attack/0003.png'
Time: 00:00.02 (Saving: 00:00.00)

Saved: '/Users/chikumatsuboi/Code/animal-racers-western/assets/source/western/revision2/qa/wolf/upright/motion/control/attack/0004.png'
Time: 00:00.02 (Saving: 00:00.00)

Saved: '/Users/chikumatsuboi/Code/animal-racers-western/assets/source/western/revision2/qa/wolf/upright/motion/control/attack/0005.png'
Time: 00:00.03 (Saving: 00:00.00)

Saved: '/Users/chikumatsuboi/Code/animal-racers-western/assets/source/western/revision2/qa/wolf/upright/motion/control/attack/0006.png'
Time: 00:00.03 (Saving: 00:00.00)

Saved: '/Users/chikumatsuboi/Code/animal-racers-western/assets/source/western/revision2/qa/wolf/upright/motion/control/attack/0007.png'
Time: 00:00.03 (Saving: 00:00.00)

Saved: '/Users/chikumatsuboi/Code/animal-racers-western/assets/source/western/revision2/qa/wolf/upright/motion/control/attack/0008.png'
Time: 00:00.03 (Saving: 00:00.00)

Saved: '/Users/chikumatsuboi/Code/animal-racers-western/assets/source/western/revision2/qa/wolf/upright/motion/control/attack/0009.png'
Time: 00:00.03 (Saving: 00:00.00)

Saved: '/Users/chikumatsuboi/Code/animal-racers-western/assets/source/western/revision2/qa/wolf/upright/motion/control/attack/0010.png'
Time: 00:00.03 (Saving: 00:00.00)

Saved: '/Users/chikumatsuboi/Code/animal-racers-western/assets/source/western/revision2/qa/wolf/upright/motion/control/attack/0011.png'
Time: 00:00.03 (Saving: 00:00.00)

Saved: '/Users/chikumatsuboi/Code/animal-racers-western/assets/source/western/revision2/qa/wolf/upright/motion/control/attack/0012.png'
Time: 00:00.03 (Saving: 00:00.00)

Saved: '/Users/chikumatsuboi/Code/animal-racers-western/assets/source/western/revision2/qa/wolf/upright/motion/control/attack/0013.png'
Time: 00:00.03 (Saving: 00:00.00)

Saved: '/Users/chikumatsuboi/Code/animal-racers-western/assets/source/western/revision2/qa/wolf/upright/motion/control/attack/0014.png'
Time: 00:00.03 (Saving: 00:00.00)

Saved: '/Users/chikumatsuboi/Code/animal-racers-western/assets/source/western/revision2/qa/wolf/upright/motion/control/attack/0015.png'
Time: 00:00.03 (Saving: 00:00.00)

Saved: '/Users/chikumatsuboi/Code/animal-racers-western/assets/source/western/revision2/qa/wolf/upright/motion/control/attack/0016.png'
Time: 00:00.03 (Saving: 00:00.00)

Saved: '/Users/chikumatsuboi/Code/animal-racers-western/assets/source/western/revision2/qa/wolf/upright/motion/control/attack/0017.png'
Time: 00:00.03 (Saving: 00:00.00)

Saved: '/Users/chikumatsuboi/Code/animal-racers-western/assets/source/western/revision2/qa/wolf/upright/motion/control/attack/0018.png'
Time: 00:00.03 (Saving: 00:00.00)

Saved: '/Users/chikumatsuboi/Code/animal-racers-western/assets/source/western/revision2/qa/wolf/upright/motion/control/attack/0019.png'
Time: 00:00.03 (Saving: 00:00.00)

Saved: '/Users/chikumatsuboi/Code/animal-racers-western/assets/source/western/revision2/qa/wolf/upright/motion/control/attack/0020.png'
Time: 00:00.03 (Saving: 00:00.00)

Saved: '/Users/chikumatsuboi/Code/animal-racers-western/assets/source/western/revision2/qa/wolf/upright/motion/control/attack/0021.png'
Time: 00:00.03 (Saving: 00:00.00)

Saved: '/Users/chikumatsuboi/Code/animal-racers-western/assets/source/western/revision2/qa/wolf/upright/motion/control/attack/0022.png'
Time: 00:00.03 (Saving: 00:00.00)

Saved: '/Users/chikumatsuboi/Code/animal-racers-western/assets/source/western/revision2/qa/wolf/upright/motion/control/attack/0023.png'
Time: 00:00.03 (Saving: 00:00.00)

Read blend: "/Users/chikumatsuboi/Code/animal-racers-western/assets/source/western/revision2/candidate/wolf-upright.blend"
Saved: '/Users/chikumatsuboi/Code/animal-racers-western/assets/source/western/revision2/qa/wolf/upright/motion/candidate/attack/0000.png'
Time: 00:00.03 (Saving: 00:00.00)

Saved: '/Users/chikumatsuboi/Code/animal-racers-western/assets/source/western/revision2/qa/wolf/upright/motion/candidate/attack/0001.png'
Time: 00:00.03 (Saving: 00:00.00)

Saved: '/Users/chikumatsuboi/Code/animal-racers-western/assets/source/western/revision2/qa/wolf/upright/motion/candidate/attack/0002.png'
Time: 00:00.03 (Saving: 00:00.00)

Saved: '/Users/chikumatsuboi/Code/animal-racers-western/assets/source/western/revision2/qa/wolf/upright/motion/candidate/attack/0003.png'
Time: 00:00.03 (Saving: 00:00.00)

Saved: '/Users/chikumatsuboi/Code/animal-racers-western/assets/source/western/revision2/qa/wolf/upright/motion/candidate/attack/0004.png'
Time: 00:00.03 (Saving: 00:00.00)

Saved: '/Users/chikumatsuboi/Code/animal-racers-western/assets/source/western/revision2/qa/wolf/upright/motion/candidate/attack/0005.png'
Time: 00:00.03 (Saving: 00:00.00)

Saved: '/Users/chikumatsuboi/Code/animal-racers-western/assets/source/western/revision2/qa/wolf/upright/motion/candidate/attack/0006.png'
Time: 00:00.03 (Saving: 00:00.00)

Saved: '/Users/chikumatsuboi/Code/animal-racers-western/assets/source/western/revision2/qa/wolf/upright/motion/candidate/attack/0007.png'
Time: 00:00.03 (Saving: 00:00.00)

Saved: '/Users/chikumatsuboi/Code/animal-racers-western/assets/source/western/revision2/qa/wolf/upright/motion/candidate/attack/0008.png'
Time: 00:00.03 (Saving: 00:00.00)

Saved: '/Users/chikumatsuboi/Code/animal-racers-western/assets/source/western/revision2/qa/wolf/upright/motion/candidate/attack/0009.png'
Time: 00:00.03 (Saving: 00:00.00)

Saved: '/Users/chikumatsuboi/Code/animal-racers-western/assets/source/western/revision2/qa/wolf/upright/motion/candidate/attack/0010.png'
Time: 00:00.03 (Saving: 00:00.00)

Saved: '/Users/chikumatsuboi/Code/animal-racers-western/assets/source/western/revision2/qa/wolf/upright/motion/candidate/attack/0011.png'
Time: 00:00.03 (Saving: 00:00.00)

Saved: '/Users/chikumatsuboi/Code/animal-racers-western/assets/source/western/revision2/qa/wolf/upright/motion/candidate/attack/0012.png'
Time: 00:00.03 (Saving: 00:00.00)

Saved: '/Users/chikumatsuboi/Code/animal-racers-western/assets/source/western/revision2/qa/wolf/upright/motion/candidate/attack/0013.png'
Time: 00:00.03 (Saving: 00:00.00)

Saved: '/Users/chikumatsuboi/Code/animal-racers-western/assets/source/western/revision2/qa/wolf/upright/motion/candidate/attack/0014.png'
Time: 00:00.03 (Saving: 00:00.00)

Saved: '/Users/chikumatsuboi/Code/animal-racers-western/assets/source/western/revision2/qa/wolf/upright/motion/candidate/attack/0015.png'
Time: 00:00.03 (Saving: 00:00.00)

Saved: '/Users/chikumatsuboi/Code/animal-racers-western/assets/source/western/revision2/qa/wolf/upright/motion/candidate/attack/0016.png'
Time: 00:00.03 (Saving: 00:00.00)

Saved: '/Users/chikumatsuboi/Code/animal-racers-western/assets/source/western/revision2/qa/wolf/upright/motion/candidate/attack/0017.png'
Time: 00:00.03 (Saving: 00:00.00)

Saved: '/Users/chikumatsuboi/Code/animal-racers-western/assets/source/western/revision2/qa/wolf/upright/motion/candidate/attack/0018.png'
Time: 00:00.02 (Saving: 00:00.00)

Saved: '/Users/chikumatsuboi/Code/animal-racers-western/assets/source/western/revision2/qa/wolf/upright/motion/candidate/attack/0019.png'
Time: 00:00.03 (Saving: 00:00.00)

Saved: '/Users/chikumatsuboi/Code/animal-racers-western/assets/source/western/revision2/qa/wolf/upright/motion/candidate/attack/0020.png'
Time: 00:00.03 (Saving: 00:00.00)

Saved: '/Users/chikumatsuboi/Code/animal-racers-western/assets/source/western/revision2/qa/wolf/upright/motion/candidate/attack/0021.png'
Time: 00:00.03 (Saving: 00:00.00)

Saved: '/Users/chikumatsuboi/Code/animal-racers-western/assets/source/western/revision2/qa/wolf/upright/motion/candidate/attack/0022.png'
Time: 00:00.03 (Saving: 00:00.00)

Saved: '/Users/chikumatsuboi/Code/animal-racers-western/assets/source/western/revision2/qa/wolf/upright/motion/candidate/attack/0023.png'
Time: 00:00.03 (Saving: 00:00.00)

REVISION2_MOTION wolf upright attack 24
Read blend: "/Users/chikumatsuboi/Code/animal-racers-western/assets/source/western/revision2/inputs/wolf-upright.blend"
Saved: '/Users/chikumatsuboi/Code/animal-racers-western/assets/source/western/revision2/qa/wolf/upright/motion/control/celebrate/0000.png'
Time: 00:00.04 (Saving: 00:00.00)

Saved: '/Users/chikumatsuboi/Code/animal-racers-western/assets/source/western/revision2/qa/wolf/upright/motion/control/celebrate/0001.png'
Time: 00:00.04 (Saving: 00:00.00)

Saved: '/Users/chikumatsuboi/Code/animal-racers-western/assets/source/western/revision2/qa/wolf/upright/motion/control/celebrate/0002.png'
Time: 00:00.03 (Saving: 00:00.00)

Saved: '/Users/chikumatsuboi/Code/animal-racers-western/assets/source/western/revision2/qa/wolf/upright/motion/control/celebrate/0003.png'
Time: 00:00.03 (Saving: 00:00.00)

Saved: '/Users/chikumatsuboi/Code/animal-racers-western/assets/source/western/revision2/qa/wolf/upright/motion/control/celebrate/0004.png'
Time: 00:00.03 (Saving: 00:00.00)

Saved: '/Users/chikumatsuboi/Code/animal-racers-western/assets/source/western/revision2/qa/wolf/upright/motion/control/celebrate/0005.png'
Time: 00:00.03 (Saving: 00:00.00)

Saved: '/Users/chikumatsuboi/Code/animal-racers-western/assets/source/western/revision2/qa/wolf/upright/motion/control/celebrate/0006.png'
Time: 00:00.03 (Saving: 00:00.00)

Saved: '/Users/chikumatsuboi/Code/animal-racers-western/assets/source/western/revision2/qa/wolf/upright/motion/control/celebrate/0007.png'
Time: 00:00.03 (Saving: 00:00.00)

Saved: '/Users/chikumatsuboi/Code/animal-racers-western/assets/source/western/revision2/qa/wolf/upright/motion/control/celebrate/0008.png'
Time: 00:00.03 (Saving: 00:00.00)

Saved: '/Users/chikumatsuboi/Code/animal-racers-western/assets/source/western/revision2/qa/wolf/upright/motion/control/celebrate/0009.png'
Time: 00:00.03 (Saving: 00:00.00)

Saved: '/Users/chikumatsuboi/Code/animal-racers-western/assets/source/western/revision2/qa/wolf/upright/motion/control/celebrate/0010.png'
Time: 00:00.03 (Saving: 00:00.00)

Saved: '/Users/chikumatsuboi/Code/animal-racers-western/assets/source/western/revision2/qa/wolf/upright/motion/control/celebrate/0011.png'
Time: 00:00.03 (Saving: 00:00.00)

Saved: '/Users/chikumatsuboi/Code/animal-racers-western/assets/source/western/revision2/qa/wolf/upright/motion/control/celebrate/0012.png'
Time: 00:00.04 (Saving: 00:00.00)

Saved: '/Users/chikumatsuboi/Code/animal-racers-western/assets/source/western/revision2/qa/wolf/upright/motion/control/celebrate/0013.png'
Time: 00:00.03 (Saving: 00:00.00)

Saved: '/Users/chikumatsuboi/Code/animal-racers-western/assets/source/western/revision2/qa/wolf/upright/motion/control/celebrate/0014.png'
Time: 00:00.03 (Saving: 00:00.00)

Saved: '/Users/chikumatsuboi/Code/animal-racers-western/assets/source/western/revision2/qa/wolf/upright/motion/control/celebrate/0015.png'
Time: 00:00.03 (Saving: 00:00.00)

Saved: '/Users/chikumatsuboi/Code/animal-racers-western/assets/source/western/revision2/qa/wolf/upright/motion/control/celebrate/0016.png'
Time: 00:00.03 (Saving: 00:00.00)

Saved: '/Users/chikumatsuboi/Code/animal-racers-western/assets/source/western/revision2/qa/wolf/upright/motion/control/celebrate/0017.png'
Time: 00:00.03 (Saving: 00:00.00)

Saved: '/Users/chikumatsuboi/Code/animal-racers-western/assets/source/western/revision2/qa/wolf/upright/motion/control/celebrate/0018.png'
Time: 00:00.03 (Saving: 00:00.00)

Saved: '/Users/chikumatsuboi/Code/animal-racers-western/assets/source/western/revision2/qa/wolf/upright/motion/control/celebrate/0019.png'
Time: 00:00.03 (Saving: 00:00.00)

Saved: '/Users/chikumatsuboi/Code/animal-racers-western/assets/source/western/revision2/qa/wolf/upright/motion/control/celebrate/0020.png'
Time: 00:00.03 (Saving: 00:00.00)

Saved: '/Users/chikumatsuboi/Code/animal-racers-western/assets/source/western/revision2/qa/wolf/upright/motion/control/celebrate/0021.png'
Time: 00:00.02 (Saving: 00:00.00)

Saved: '/Users/chikumatsuboi/Code/animal-racers-western/assets/source/western/revision2/qa/wolf/upright/motion/control/celebrate/0022.png'
Time: 00:00.02 (Saving: 00:00.00)

Saved: '/Users/chikumatsuboi/Code/animal-racers-western/assets/source/western/revision2/qa/wolf/upright/motion/control/celebrate/0023.png'
Time: 00:00.03 (Saving: 00:00.00)

Saved: '/Users/chikumatsuboi/Code/animal-racers-western/assets/source/western/revision2/qa/wolf/upright/motion/control/celebrate/0024.png'
Time: 00:00.02 (Saving: 00:00.00)

Saved: '/Users/chikumatsuboi/Code/animal-racers-western/assets/source/western/revision2/qa/wolf/upright/motion/control/celebrate/0025.png'
Time: 00:00.02 (Saving: 00:00.00)

Saved: '/Users/chikumatsuboi/Code/animal-racers-western/assets/source/western/revision2/qa/wolf/upright/motion/control/celebrate/0026.png'
Time: 00:00.03 (Saving: 00:00.00)

Saved: '/Users/chikumatsuboi/Code/animal-racers-western/assets/source/western/revision2/qa/wolf/upright/motion/control/celebrate/0027.png'
Time: 00:00.03 (Saving: 00:00.00)

Saved: '/Users/chikumatsuboi/Code/animal-racers-western/assets/source/western/revision2/qa/wolf/upright/motion/control/celebrate/0028.png'
Time: 00:00.03 (Saving: 00:00.00)

Saved: '/Users/chikumatsuboi/Code/animal-racers-western/assets/source/western/revision2/qa/wolf/upright/motion/control/celebrate/0029.png'
Time: 00:00.03 (Saving: 00:00.00)

Saved: '/Users/chikumatsuboi/Code/animal-racers-western/assets/source/western/revision2/qa/wolf/upright/motion/control/celebrate/0030.png'
Time: 00:00.03 (Saving: 00:00.00)

Read blend: "/Users/chikumatsuboi/Code/animal-racers-western/assets/source/western/revision2/candidate/wolf-upright.blend"
Saved: '/Users/chikumatsuboi/Code/animal-racers-western/assets/source/western/revision2/qa/wolf/upright/motion/candidate/celebrate/0000.png'
Time: 00:00.03 (Saving: 00:00.00)

Saved: '/Users/chikumatsuboi/Code/animal-racers-western/assets/source/western/revision2/qa/wolf/upright/motion/candidate/celebrate/0001.png'
Time: 00:00.03 (Saving: 00:00.00)

Saved: '/Users/chikumatsuboi/Code/animal-racers-western/assets/source/western/revision2/qa/wolf/upright/motion/candidate/celebrate/0002.png'
Time: 00:00.03 (Saving: 00:00.00)

Saved: '/Users/chikumatsuboi/Code/animal-racers-western/assets/source/western/revision2/qa/wolf/upright/motion/candidate/celebrate/0003.png'
Time: 00:00.03 (Saving: 00:00.00)

Saved: '/Users/chikumatsuboi/Code/animal-racers-western/assets/source/western/revision2/qa/wolf/upright/motion/candidate/celebrate/0004.png'
Time: 00:00.03 (Saving: 00:00.00)

Saved: '/Users/chikumatsuboi/Code/animal-racers-western/assets/source/western/revision2/qa/wolf/upright/motion/candidate/celebrate/0005.png'
Time: 00:00.03 (Saving: 00:00.00)

Saved: '/Users/chikumatsuboi/Code/animal-racers-western/assets/source/western/revision2/qa/wolf/upright/motion/candidate/celebrate/0006.png'
Time: 00:00.03 (Saving: 00:00.00)

Saved: '/Users/chikumatsuboi/Code/animal-racers-western/assets/source/western/revision2/qa/wolf/upright/motion/candidate/celebrate/0007.png'
Time: 00:00.03 (Saving: 00:00.00)

Saved: '/Users/chikumatsuboi/Code/animal-racers-western/assets/source/western/revision2/qa/wolf/upright/motion/candidate/celebrate/0008.png'
Time: 00:00.03 (Saving: 00:00.00)

Saved: '/Users/chikumatsuboi/Code/animal-racers-western/assets/source/western/revision2/qa/wolf/upright/motion/candidate/celebrate/0009.png'
Time: 00:00.03 (Saving: 00:00.00)

Saved: '/Users/chikumatsuboi/Code/animal-racers-western/assets/source/western/revision2/qa/wolf/upright/motion/candidate/celebrate/0010.png'
Time: 00:00.03 (Saving: 00:00.00)

Saved: '/Users/chikumatsuboi/Code/animal-racers-western/assets/source/western/revision2/qa/wolf/upright/motion/candidate/celebrate/0011.png'
Time: 00:00.03 (Saving: 00:00.00)

Saved: '/Users/chikumatsuboi/Code/animal-racers-western/assets/source/western/revision2/qa/wolf/upright/motion/candidate/celebrate/0012.png'
Time: 00:00.03 (Saving: 00:00.00)

Saved: '/Users/chikumatsuboi/Code/animal-racers-western/assets/source/western/revision2/qa/wolf/upright/motion/candidate/celebrate/0013.png'
Time: 00:00.03 (Saving: 00:00.00)

Saved: '/Users/chikumatsuboi/Code/animal-racers-western/assets/source/western/revision2/qa/wolf/upright/motion/candidate/celebrate/0014.png'
Time: 00:00.03 (Saving: 00:00.00)

Saved: '/Users/chikumatsuboi/Code/animal-racers-western/assets/source/western/revision2/qa/wolf/upright/motion/candidate/celebrate/0015.png'
Time: 00:00.03 (Saving: 00:00.00)

Saved: '/Users/chikumatsuboi/Code/animal-racers-western/assets/source/western/revision2/qa/wolf/upright/motion/candidate/celebrate/0016.png'
Time: 00:00.03 (Saving: 00:00.00)

Saved: '/Users/chikumatsuboi/Code/animal-racers-western/assets/source/western/revision2/qa/wolf/upright/motion/candidate/celebrate/0017.png'
Time: 00:00.03 (Saving: 00:00.00)

Saved: '/Users/chikumatsuboi/Code/animal-racers-western/assets/source/western/revision2/qa/wolf/upright/motion/candidate/celebrate/0018.png'
Time: 00:00.03 (Saving: 00:00.00)

Saved: '/Users/chikumatsuboi/Code/animal-racers-western/assets/source/western/revision2/qa/wolf/upright/motion/candidate/celebrate/0019.png'
Time: 00:00.03 (Saving: 00:00.00)

Saved: '/Users/chikumatsuboi/Code/animal-racers-western/assets/source/western/revision2/qa/wolf/upright/motion/candidate/celebrate/0020.png'
Time: 00:00.03 (Saving: 00:00.00)

Saved: '/Users/chikumatsuboi/Code/animal-racers-western/assets/source/western/revision2/qa/wolf/upright/motion/candidate/celebrate/0021.png'
Time: 00:00.03 (Saving: 00:00.00)

Saved: '/Users/chikumatsuboi/Code/animal-racers-western/assets/source/western/revision2/qa/wolf/upright/motion/candidate/celebrate/0022.png'
Time: 00:00.03 (Saving: 00:00.00)

Saved: '/Users/chikumatsuboi/Code/animal-racers-western/assets/source/western/revision2/qa/wolf/upright/motion/candidate/celebrate/0023.png'
Time: 00:00.03 (Saving: 00:00.00)

Saved: '/Users/chikumatsuboi/Code/animal-racers-western/assets/source/western/revision2/qa/wolf/upright/motion/candidate/celebrate/0024.png'
Time: 00:00.03 (Saving: 00:00.00)

Saved: '/Users/chikumatsuboi/Code/animal-racers-western/assets/source/western/revision2/qa/wolf/upright/motion/candidate/celebrate/0025.png'
Time: 00:00.03 (Saving: 00:00.00)

Saved: '/Users/chikumatsuboi/Code/animal-racers-western/assets/source/western/revision2/qa/wolf/upright/motion/candidate/celebrate/0026.png'
Time: 00:00.03 (Saving: 00:00.00)

Saved: '/Users/chikumatsuboi/Code/animal-racers-western/assets/source/western/revision2/qa/wolf/upright/motion/candidate/celebrate/0027.png'
Time: 00:00.03 (Saving: 00:00.00)

Saved: '/Users/chikumatsuboi/Code/animal-racers-western/assets/source/western/revision2/qa/wolf/upright/motion/candidate/celebrate/0028.png'
Time: 00:00.03 (Saving: 00:00.00)

Saved: '/Users/chikumatsuboi/Code/animal-racers-western/assets/source/western/revision2/qa/wolf/upright/motion/candidate/celebrate/0029.png'
Time: 00:00.03 (Saving: 00:00.00)

Saved: '/Users/chikumatsuboi/Code/animal-racers-western/assets/source/western/revision2/qa/wolf/upright/motion/candidate/celebrate/0030.png'
Time: 00:00.03 (Saving: 00:00.00)

REVISION2_MOTION wolf upright celebrate 31
Read blend: "/Users/chikumatsuboi/Code/animal-racers-western/assets/source/western/revision2/inputs/wolf-upright.blend"
Saved: '/Users/chikumatsuboi/Code/animal-racers-western/assets/source/western/revision2/qa/wolf/upright/motion/control/defeat/0000.png'
Time: 00:00.04 (Saving: 00:00.00)

Saved: '/Users/chikumatsuboi/Code/animal-racers-western/assets/source/western/revision2/qa/wolf/upright/motion/control/defeat/0001.png'
Time: 00:00.04 (Saving: 00:00.00)

Saved: '/Users/chikumatsuboi/Code/animal-racers-western/assets/source/western/revision2/qa/wolf/upright/motion/control/defeat/0002.png'
Time: 00:00.04 (Saving: 00:00.00)

Saved: '/Users/chikumatsuboi/Code/animal-racers-western/assets/source/western/revision2/qa/wolf/upright/motion/control/defeat/0003.png'
Time: 00:00.03 (Saving: 00:00.00)

Saved: '/Users/chikumatsuboi/Code/animal-racers-western/assets/source/western/revision2/qa/wolf/upright/motion/control/defeat/0004.png'
Time: 00:00.03 (Saving: 00:00.00)

Saved: '/Users/chikumatsuboi/Code/animal-racers-western/assets/source/western/revision2/qa/wolf/upright/motion/control/defeat/0005.png'
Time: 00:00.03 (Saving: 00:00.00)

Saved: '/Users/chikumatsuboi/Code/animal-racers-western/assets/source/western/revision2/qa/wolf/upright/motion/control/defeat/0006.png'
Time: 00:00.03 (Saving: 00:00.00)

Saved: '/Users/chikumatsuboi/Code/animal-racers-western/assets/source/western/revision2/qa/wolf/upright/motion/control/defeat/0007.png'
Time: 00:00.03 (Saving: 00:00.00)

Saved: '/Users/chikumatsuboi/Code/animal-racers-western/assets/source/western/revision2/qa/wolf/upright/motion/control/defeat/0008.png'
Time: 00:00.03 (Saving: 00:00.00)

Saved: '/Users/chikumatsuboi/Code/animal-racers-western/assets/source/western/revision2/qa/wolf/upright/motion/control/defeat/0009.png'
Time: 00:00.03 (Saving: 00:00.00)

Saved: '/Users/chikumatsuboi/Code/animal-racers-western/assets/source/western/revision2/qa/wolf/upright/motion/control/defeat/0010.png'
Time: 00:00.03 (Saving: 00:00.00)

Saved: '/Users/chikumatsuboi/Code/animal-racers-western/assets/source/western/revision2/qa/wolf/upright/motion/control/defeat/0011.png'
Time: 00:00.03 (Saving: 00:00.00)

Saved: '/Users/chikumatsuboi/Code/animal-racers-western/assets/source/western/revision2/qa/wolf/upright/motion/control/defeat/0012.png'
Time: 00:00.03 (Saving: 00:00.00)

Saved: '/Users/chikumatsuboi/Code/animal-racers-western/assets/source/western/revision2/qa/wolf/upright/motion/control/defeat/0013.png'
Time: 00:00.03 (Saving: 00:00.00)

Saved: '/Users/chikumatsuboi/Code/animal-racers-western/assets/source/western/revision2/qa/wolf/upright/motion/control/defeat/0014.png'
Time: 00:00.03 (Saving: 00:00.00)

Saved: '/Users/chikumatsuboi/Code/animal-racers-western/assets/source/western/revision2/qa/wolf/upright/motion/control/defeat/0015.png'
Time: 00:00.03 (Saving: 00:00.00)

Saved: '/Users/chikumatsuboi/Code/animal-racers-western/assets/source/western/revision2/qa/wolf/upright/motion/control/defeat/0016.png'
Time: 00:00.03 (Saving: 00:00.00)

Saved: '/Users/chikumatsuboi/Code/animal-racers-western/assets/source/western/revision2/qa/wolf/upright/motion/control/defeat/0017.png'
Time: 00:00.03 (Saving: 00:00.00)

Saved: '/Users/chikumatsuboi/Code/animal-racers-western/assets/source/western/revision2/qa/wolf/upright/motion/control/defeat/0018.png'
Time: 00:00.03 (Saving: 00:00.00)

Saved: '/Users/chikumatsuboi/Code/animal-racers-western/assets/source/western/revision2/qa/wolf/upright/motion/control/defeat/0019.png'
Time: 00:00.03 (Saving: 00:00.00)

Saved: '/Users/chikumatsuboi/Code/animal-racers-western/assets/source/western/revision2/qa/wolf/upright/motion/control/defeat/0020.png'
Time: 00:00.03 (Saving: 00:00.00)

Read blend: "/Users/chikumatsuboi/Code/animal-racers-western/assets/source/western/revision2/candidate/wolf-upright.blend"
Saved: '/Users/chikumatsuboi/Code/animal-racers-western/assets/source/western/revision2/qa/wolf/upright/motion/candidate/defeat/0000.png'
Time: 00:00.03 (Saving: 00:00.00)

Saved: '/Users/chikumatsuboi/Code/animal-racers-western/assets/source/western/revision2/qa/wolf/upright/motion/candidate/defeat/0001.png'
Time: 00:00.03 (Saving: 00:00.00)

Saved: '/Users/chikumatsuboi/Code/animal-racers-western/assets/source/western/revision2/qa/wolf/upright/motion/candidate/defeat/0002.png'
Time: 00:00.03 (Saving: 00:00.00)

Saved: '/Users/chikumatsuboi/Code/animal-racers-western/assets/source/western/revision2/qa/wolf/upright/motion/candidate/defeat/0003.png'
Time: 00:00.03 (Saving: 00:00.00)

Saved: '/Users/chikumatsuboi/Code/animal-racers-western/assets/source/western/revision2/qa/wolf/upright/motion/candidate/defeat/0004.png'
Time: 00:00.03 (Saving: 00:00.00)

Saved: '/Users/chikumatsuboi/Code/animal-racers-western/assets/source/western/revision2/qa/wolf/upright/motion/candidate/defeat/0005.png'
Time: 00:00.03 (Saving: 00:00.00)

Saved: '/Users/chikumatsuboi/Code/animal-racers-western/assets/source/western/revision2/qa/wolf/upright/motion/candidate/defeat/0006.png'
Time: 00:00.03 (Saving: 00:00.00)

Saved: '/Users/chikumatsuboi/Code/animal-racers-western/assets/source/western/revision2/qa/wolf/upright/motion/candidate/defeat/0007.png'
Time: 00:00.02 (Saving: 00:00.00)

Saved: '/Users/chikumatsuboi/Code/animal-racers-western/assets/source/western/revision2/qa/wolf/upright/motion/candidate/defeat/0008.png'
Time: 00:00.02 (Saving: 00:00.00)

Saved: '/Users/chikumatsuboi/Code/animal-racers-western/assets/source/western/revision2/qa/wolf/upright/motion/candidate/defeat/0009.png'
Time: 00:00.02 (Saving: 00:00.00)

Saved: '/Users/chikumatsuboi/Code/animal-racers-western/assets/source/western/revision2/qa/wolf/upright/motion/candidate/defeat/0010.png'
Time: 00:00.02 (Saving: 00:00.00)

Saved: '/Users/chikumatsuboi/Code/animal-racers-western/assets/source/western/revision2/qa/wolf/upright/motion/candidate/defeat/0011.png'
Time: 00:00.02 (Saving: 00:00.00)

Saved: '/Users/chikumatsuboi/Code/animal-racers-western/assets/source/western/revision2/qa/wolf/upright/motion/candidate/defeat/0012.png'
Time: 00:00.02 (Saving: 00:00.00)

Saved: '/Users/chikumatsuboi/Code/animal-racers-western/assets/source/western/revision2/qa/wolf/upright/motion/candidate/defeat/0013.png'
Time: 00:00.02 (Saving: 00:00.00)

Saved: '/Users/chikumatsuboi/Code/animal-racers-western/assets/source/western/revision2/qa/wolf/upright/motion/candidate/defeat/0014.png'
Time: 00:00.02 (Saving: 00:00.00)

Saved: '/Users/chikumatsuboi/Code/animal-racers-western/assets/source/western/revision2/qa/wolf/upright/motion/candidate/defeat/0015.png'
Time: 00:00.02 (Saving: 00:00.00)

Saved: '/Users/chikumatsuboi/Code/animal-racers-western/assets/source/western/revision2/qa/wolf/upright/motion/candidate/defeat/0016.png'
Time: 00:00.03 (Saving: 00:00.00)

Saved: '/Users/chikumatsuboi/Code/animal-racers-western/assets/source/western/revision2/qa/wolf/upright/motion/candidate/defeat/0017.png'
Time: 00:00.03 (Saving: 00:00.00)

Saved: '/Users/chikumatsuboi/Code/animal-racers-western/assets/source/western/revision2/qa/wolf/upright/motion/candidate/defeat/0018.png'
Time: 00:00.03 (Saving: 00:00.00)

Saved: '/Users/chikumatsuboi/Code/animal-racers-western/assets/source/western/revision2/qa/wolf/upright/motion/candidate/defeat/0019.png'
Time: 00:00.03 (Saving: 00:00.00)

Saved: '/Users/chikumatsuboi/Code/animal-racers-western/assets/source/western/revision2/qa/wolf/upright/motion/candidate/defeat/0020.png'
Time: 00:00.03 (Saving: 00:00.00)

REVISION2_MOTION wolf upright defeat 21
Read blend: "/Users/chikumatsuboi/Code/animal-racers-western/assets/source/western/revision2/inputs/wolf-upright.blend"
Saved: '/Users/chikumatsuboi/Code/animal-racers-western/assets/source/western/revision2/qa/wolf/upright/motion/control/evade/0000.png'
Time: 00:00.04 (Saving: 00:00.00)

Saved: '/Users/chikumatsuboi/Code/animal-racers-western/assets/source/western/revision2/qa/wolf/upright/motion/control/evade/0001.png'
Time: 00:00.03 (Saving: 00:00.00)

Saved: '/Users/chikumatsuboi/Code/animal-racers-western/assets/source/western/revision2/qa/wolf/upright/motion/control/evade/0002.png'
Time: 00:00.03 (Saving: 00:00.00)

Saved: '/Users/chikumatsuboi/Code/animal-racers-western/assets/source/western/revision2/qa/wolf/upright/motion/control/evade/0003.png'
Time: 00:00.03 (Saving: 00:00.00)

Saved: '/Users/chikumatsuboi/Code/animal-racers-western/assets/source/western/revision2/qa/wolf/upright/motion/control/evade/0004.png'
Time: 00:00.03 (Saving: 00:00.00)

Saved: '/Users/chikumatsuboi/Code/animal-racers-western/assets/source/western/revision2/qa/wolf/upright/motion/control/evade/0005.png'
Time: 00:00.03 (Saving: 00:00.00)

Saved: '/Users/chikumatsuboi/Code/animal-racers-western/assets/source/western/revision2/qa/wolf/upright/motion/control/evade/0006.png'
Time: 00:00.03 (Saving: 00:00.00)

Read blend: "/Users/chikumatsuboi/Code/animal-racers-western/assets/source/western/revision2/candidate/wolf-upright.blend"
Saved: '/Users/chikumatsuboi/Code/animal-racers-western/assets/source/western/revision2/qa/wolf/upright/motion/candidate/evade/0000.png'
Time: 00:00.03 (Saving: 00:00.00)

Saved: '/Users/chikumatsuboi/Code/animal-racers-western/assets/source/western/revision2/qa/wolf/upright/motion/candidate/evade/0001.png'
Time: 00:00.03 (Saving: 00:00.00)

Saved: '/Users/chikumatsuboi/Code/animal-racers-western/assets/source/western/revision2/qa/wolf/upright/motion/candidate/evade/0002.png'
Time: 00:00.03 (Saving: 00:00.00)

Saved: '/Users/chikumatsuboi/Code/animal-racers-western/assets/source/western/revision2/qa/wolf/upright/motion/candidate/evade/0003.png'
Time: 00:00.03 (Saving: 00:00.00)

Saved: '/Users/chikumatsuboi/Code/animal-racers-western/assets/source/western/revision2/qa/wolf/upright/motion/candidate/evade/0004.png'
Time: 00:00.03 (Saving: 00:00.00)

Saved: '/Users/chikumatsuboi/Code/animal-racers-western/assets/source/western/revision2/qa/wolf/upright/motion/candidate/evade/0005.png'
Time: 00:00.03 (Saving: 00:00.00)

Saved: '/Users/chikumatsuboi/Code/animal-racers-western/assets/source/western/revision2/qa/wolf/upright/motion/candidate/evade/0006.png'
Time: 00:00.03 (Saving: 00:00.00)

REVISION2_MOTION wolf upright evade 7
Read blend: "/Users/chikumatsuboi/Code/animal-racers-western/assets/source/western/revision2/inputs/wolf-upright.blend"
Saved: '/Users/chikumatsuboi/Code/animal-racers-western/assets/source/western/revision2/qa/wolf/upright/motion/control/fight_idle/0000.png'
Time: 00:00.04 (Saving: 00:00.00)

Saved: '/Users/chikumatsuboi/Code/animal-racers-western/assets/source/western/revision2/qa/wolf/upright/motion/control/fight_idle/0001.png'
Time: 00:00.04 (Saving: 00:00.00)

Saved: '/Users/chikumatsuboi/Code/animal-racers-western/assets/source/western/revision2/qa/wolf/upright/motion/control/fight_idle/0002.png'
Time: 00:00.03 (Saving: 00:00.00)

Saved: '/Users/chikumatsuboi/Code/animal-racers-western/assets/source/western/revision2/qa/wolf/upright/motion/control/fight_idle/0003.png'
Time: 00:00.03 (Saving: 00:00.00)

Saved: '/Users/chikumatsuboi/Code/animal-racers-western/assets/source/western/revision2/qa/wolf/upright/motion/control/fight_idle/0004.png'
Time: 00:00.03 (Saving: 00:00.00)

Saved: '/Users/chikumatsuboi/Code/animal-racers-western/assets/source/western/revision2/qa/wolf/upright/motion/control/fight_idle/0005.png'
Time: 00:00.03 (Saving: 00:00.00)

Saved: '/Users/chikumatsuboi/Code/animal-racers-western/assets/source/western/revision2/qa/wolf/upright/motion/control/fight_idle/0006.png'
Time: 00:00.03 (Saving: 00:00.00)

Saved: '/Users/chikumatsuboi/Code/animal-racers-western/assets/source/western/revision2/qa/wolf/upright/motion/control/fight_idle/0007.png'
Time: 00:00.03 (Saving: 00:00.00)

Saved: '/Users/chikumatsuboi/Code/animal-racers-western/assets/source/western/revision2/qa/wolf/upright/motion/control/fight_idle/0008.png'
Time: 00:00.03 (Saving: 00:00.00)

Saved: '/Users/chikumatsuboi/Code/animal-racers-western/assets/source/western/revision2/qa/wolf/upright/motion/control/fight_idle/0009.png'
Time: 00:00.03 (Saving: 00:00.00)

Saved: '/Users/chikumatsuboi/Code/animal-racers-western/assets/source/western/revision2/qa/wolf/upright/motion/control/fight_idle/0010.png'
Time: 00:00.03 (Saving: 00:00.00)

Saved: '/Users/chikumatsuboi/Code/animal-racers-western/assets/source/western/revision2/qa/wolf/upright/motion/control/fight_idle/0011.png'
Time: 00:00.03 (Saving: 00:00.00)

Saved: '/Users/chikumatsuboi/Code/animal-racers-western/assets/source/western/revision2/qa/wolf/upright/motion/control/fight_idle/0012.png'
Time: 00:00.03 (Saving: 00:00.00)

Saved: '/Users/chikumatsuboi/Code/animal-racers-western/assets/source/western/revision2/qa/wolf/upright/motion/control/fight_idle/0013.png'
Time: 00:00.03 (Saving: 00:00.00)

Saved: '/Users/chikumatsuboi/Code/animal-racers-western/assets/source/western/revision2/qa/wolf/upright/motion/control/fight_idle/0014.png'
Time: 00:00.03 (Saving: 00:00.00)

Saved: '/Users/chikumatsuboi/Code/animal-racers-western/assets/source/western/revision2/qa/wolf/upright/motion/control/fight_idle/0015.png'
Time: 00:00.03 (Saving: 00:00.00)

Saved: '/Users/chikumatsuboi/Code/animal-racers-western/assets/source/western/revision2/qa/wolf/upright/motion/control/fight_idle/0016.png'
Time: 00:00.03 (Saving: 00:00.00)

Saved: '/Users/chikumatsuboi/Code/animal-racers-western/assets/source/western/revision2/qa/wolf/upright/motion/control/fight_idle/0017.png'
Time: 00:00.03 (Saving: 00:00.00)

Saved: '/Users/chikumatsuboi/Code/animal-racers-western/assets/source/western/revision2/qa/wolf/upright/motion/control/fight_idle/0018.png'
Time: 00:00.03 (Saving: 00:00.00)

Saved: '/Users/chikumatsuboi/Code/animal-racers-western/assets/source/western/revision2/qa/wolf/upright/motion/control/fight_idle/0019.png'
Time: 00:00.03 (Saving: 00:00.00)

Saved: '/Users/chikumatsuboi/Code/animal-racers-western/assets/source/western/revision2/qa/wolf/upright/motion/control/fight_idle/0020.png'
Time: 00:00.03 (Saving: 00:00.00)

Saved: '/Users/chikumatsuboi/Code/animal-racers-western/assets/source/western/revision2/qa/wolf/upright/motion/control/fight_idle/0021.png'
Time: 00:00.03 (Saving: 00:00.00)

Saved: '/Users/chikumatsuboi/Code/animal-racers-western/assets/source/western/revision2/qa/wolf/upright/motion/control/fight_idle/0022.png'
Time: 00:00.03 (Saving: 00:00.00)

Saved: '/Users/chikumatsuboi/Code/animal-racers-western/assets/source/western/revision2/qa/wolf/upright/motion/control/fight_idle/0023.png'
Time: 00:00.03 (Saving: 00:00.00)

Saved: '/Users/chikumatsuboi/Code/animal-racers-western/assets/source/western/revision2/qa/wolf/upright/motion/control/fight_idle/0024.png'
Time: 00:00.03 (Saving: 00:00.00)

Saved: '/Users/chikumatsuboi/Code/animal-racers-western/assets/source/western/revision2/qa/wolf/upright/motion/control/fight_idle/0025.png'
Time: 00:00.03 (Saving: 00:00.00)

Saved: '/Users/chikumatsuboi/Code/animal-racers-western/assets/source/western/revision2/qa/wolf/upright/motion/control/fight_idle/0026.png'
Time: 00:00.03 (Saving: 00:00.00)

Saved: '/Users/chikumatsuboi/Code/animal-racers-western/assets/source/western/revision2/qa/wolf/upright/motion/control/fight_idle/0027.png'
Time: 00:00.03 (Saving: 00:00.00)

Saved: '/Users/chikumatsuboi/Code/animal-racers-western/assets/source/western/revision2/qa/wolf/upright/motion/control/fight_idle/0028.png'
Time: 00:00.03 (Saving: 00:00.00)

Saved: '/Users/chikumatsuboi/Code/animal-racers-western/assets/source/western/revision2/qa/wolf/upright/motion/control/fight_idle/0029.png'
Time: 00:00.03 (Saving: 00:00.00)

Saved: '/Users/chikumatsuboi/Code/animal-racers-western/assets/source/western/revision2/qa/wolf/upright/motion/control/fight_idle/0030.png'
Time: 00:00.03 (Saving: 00:00.00)

Read blend: "/Users/chikumatsuboi/Code/animal-racers-western/assets/source/western/revision2/candidate/wolf-upright.blend"
Saved: '/Users/chikumatsuboi/Code/animal-racers-western/assets/source/western/revision2/qa/wolf/upright/motion/candidate/fight_idle/0000.png'
Time: 00:00.03 (Saving: 00:00.00)

Saved: '/Users/chikumatsuboi/Code/animal-racers-western/assets/source/western/revision2/qa/wolf/upright/motion/candidate/fight_idle/0001.png'
Time: 00:00.03 (Saving: 00:00.00)

Saved: '/Users/chikumatsuboi/Code/animal-racers-western/assets/source/western/revision2/qa/wolf/upright/motion/candidate/fight_idle/0002.png'
Time: 00:00.03 (Saving: 00:00.00)

Saved: '/Users/chikumatsuboi/Code/animal-racers-western/assets/source/western/revision2/qa/wolf/upright/motion/candidate/fight_idle/0003.png'
Time: 00:00.03 (Saving: 00:00.00)

Saved: '/Users/chikumatsuboi/Code/animal-racers-western/assets/source/western/revision2/qa/wolf/upright/motion/candidate/fight_idle/0004.png'
Time: 00:00.03 (Saving: 00:00.00)

Saved: '/Users/chikumatsuboi/Code/animal-racers-western/assets/source/western/revision2/qa/wolf/upright/motion/candidate/fight_idle/0005.png'
Time: 00:00.03 (Saving: 00:00.00)

Saved: '/Users/chikumatsuboi/Code/animal-racers-western/assets/source/western/revision2/qa/wolf/upright/motion/candidate/fight_idle/0006.png'
Time: 00:00.02 (Saving: 00:00.00)

Saved: '/Users/chikumatsuboi/Code/animal-racers-western/assets/source/western/revision2/qa/wolf/upright/motion/candidate/fight_idle/0007.png'
Time: 00:00.02 (Saving: 00:00.00)

Saved: '/Users/chikumatsuboi/Code/animal-racers-western/assets/source/western/revision2/qa/wolf/upright/motion/candidate/fight_idle/0008.png'
Time: 00:00.02 (Saving: 00:00.00)

Saved: '/Users/chikumatsuboi/Code/animal-racers-western/assets/source/western/revision2/qa/wolf/upright/motion/candidate/fight_idle/0009.png'
Time: 00:00.02 (Saving: 00:00.00)

Saved: '/Users/chikumatsuboi/Code/animal-racers-western/assets/source/western/revision2/qa/wolf/upright/motion/candidate/fight_idle/0010.png'
Time: 00:00.02 (Saving: 00:00.00)

Saved: '/Users/chikumatsuboi/Code/animal-racers-western/assets/source/western/revision2/qa/wolf/upright/motion/candidate/fight_idle/0011.png'
Time: 00:00.02 (Saving: 00:00.00)

Saved: '/Users/chikumatsuboi/Code/animal-racers-western/assets/source/western/revision2/qa/wolf/upright/motion/candidate/fight_idle/0012.png'
Time: 00:00.02 (Saving: 00:00.00)

Saved: '/Users/chikumatsuboi/Code/animal-racers-western/assets/source/western/revision2/qa/wolf/upright/motion/candidate/fight_idle/0013.png'
Time: 00:00.02 (Saving: 00:00.00)

Saved: '/Users/chikumatsuboi/Code/animal-racers-western/assets/source/western/revision2/qa/wolf/upright/motion/candidate/fight_idle/0014.png'
Time: 00:00.02 (Saving: 00:00.00)

Saved: '/Users/chikumatsuboi/Code/animal-racers-western/assets/source/western/revision2/qa/wolf/upright/motion/candidate/fight_idle/0015.png'
Time: 00:00.03 (Saving: 00:00.00)

Saved: '/Users/chikumatsuboi/Code/animal-racers-western/assets/source/western/revision2/qa/wolf/upright/motion/candidate/fight_idle/0016.png'
Time: 00:00.03 (Saving: 00:00.00)

Saved: '/Users/chikumatsuboi/Code/animal-racers-western/assets/source/western/revision2/qa/wolf/upright/motion/candidate/fight_idle/0017.png'
Time: 00:00.03 (Saving: 00:00.00)

Saved: '/Users/chikumatsuboi/Code/animal-racers-western/assets/source/western/revision2/qa/wolf/upright/motion/candidate/fight_idle/0018.png'
Time: 00:00.03 (Saving: 00:00.00)

Saved: '/Users/chikumatsuboi/Code/animal-racers-western/assets/source/western/revision2/qa/wolf/upright/motion/candidate/fight_idle/0019.png'
Time: 00:00.03 (Saving: 00:00.00)

Saved: '/Users/chikumatsuboi/Code/animal-racers-western/assets/source/western/revision2/qa/wolf/upright/motion/candidate/fight_idle/0020.png'
Time: 00:00.03 (Saving: 00:00.00)

Saved: '/Users/chikumatsuboi/Code/animal-racers-western/assets/source/western/revision2/qa/wolf/upright/motion/candidate/fight_idle/0021.png'
Time: 00:00.03 (Saving: 00:00.00)

Saved: '/Users/chikumatsuboi/Code/animal-racers-western/assets/source/western/revision2/qa/wolf/upright/motion/candidate/fight_idle/0022.png'
Time: 00:00.03 (Saving: 00:00.00)

Saved: '/Users/chikumatsuboi/Code/animal-racers-western/assets/source/western/revision2/qa/wolf/upright/motion/candidate/fight_idle/0023.png'
Time: 00:00.03 (Saving: 00:00.00)

Saved: '/Users/chikumatsuboi/Code/animal-racers-western/assets/source/western/revision2/qa/wolf/upright/motion/candidate/fight_idle/0024.png'
Time: 00:00.03 (Saving: 00:00.00)

Saved: '/Users/chikumatsuboi/Code/animal-racers-western/assets/source/western/revision2/qa/wolf/upright/motion/candidate/fight_idle/0025.png'
Time: 00:00.03 (Saving: 00:00.00)

Saved: '/Users/chikumatsuboi/Code/animal-racers-western/assets/source/western/revision2/qa/wolf/upright/motion/candidate/fight_idle/0026.png'
Time: 00:00.03 (Saving: 00:00.00)

Saved: '/Users/chikumatsuboi/Code/animal-racers-western/assets/source/western/revision2/qa/wolf/upright/motion/candidate/fight_idle/0027.png'
Time: 00:00.03 (Saving: 00:00.00)

Saved: '/Users/chikumatsuboi/Code/animal-racers-western/assets/source/western/revision2/qa/wolf/upright/motion/candidate/fight_idle/0028.png'
Time: 00:00.03 (Saving: 00:00.00)

Saved: '/Users/chikumatsuboi/Code/animal-racers-western/assets/source/western/revision2/qa/wolf/upright/motion/candidate/fight_idle/0029.png'
Time: 00:00.03 (Saving: 00:00.00)

Saved: '/Users/chikumatsuboi/Code/animal-racers-western/assets/source/western/revision2/qa/wolf/upright/motion/candidate/fight_idle/0030.png'
Time: 00:00.03 (Saving: 00:00.00)

REVISION2_MOTION wolf upright fight_idle 31
Read blend: "/Users/chikumatsuboi/Code/animal-racers-western/assets/source/western/revision2/inputs/wolf-upright.blend"
Saved: '/Users/chikumatsuboi/Code/animal-racers-western/assets/source/western/revision2/qa/wolf/upright/motion/control/fight_move/0000.png'
Time: 00:00.04 (Saving: 00:00.00)

Saved: '/Users/chikumatsuboi/Code/animal-racers-western/assets/source/western/revision2/qa/wolf/upright/motion/control/fight_move/0001.png'
Time: 00:00.02 (Saving: 00:00.00)

Saved: '/Users/chikumatsuboi/Code/animal-racers-western/assets/source/western/revision2/qa/wolf/upright/motion/control/fight_move/0002.png'
Time: 00:00.02 (Saving: 00:00.00)

Saved: '/Users/chikumatsuboi/Code/animal-racers-western/assets/source/western/revision2/qa/wolf/upright/motion/control/fight_move/0003.png'
Time: 00:00.02 (Saving: 00:00.00)

Saved: '/Users/chikumatsuboi/Code/animal-racers-western/assets/source/western/revision2/qa/wolf/upright/motion/control/fight_move/0004.png'
Time: 00:00.02 (Saving: 00:00.00)

Saved: '/Users/chikumatsuboi/Code/animal-racers-western/assets/source/western/revision2/qa/wolf/upright/motion/control/fight_move/0005.png'
Time: 00:00.03 (Saving: 00:00.00)

Saved: '/Users/chikumatsuboi/Code/animal-racers-western/assets/source/western/revision2/qa/wolf/upright/motion/control/fight_move/0006.png'
Time: 00:00.03 (Saving: 00:00.00)

Read blend: "/Users/chikumatsuboi/Code/animal-racers-western/assets/source/western/revision2/candidate/wolf-upright.blend"
Saved: '/Users/chikumatsuboi/Code/animal-racers-western/assets/source/western/revision2/qa/wolf/upright/motion/candidate/fight_move/0000.png'
Time: 00:00.03 (Saving: 00:00.00)

Saved: '/Users/chikumatsuboi/Code/animal-racers-western/assets/source/western/revision2/qa/wolf/upright/motion/candidate/fight_move/0001.png'
Time: 00:00.03 (Saving: 00:00.00)

Saved: '/Users/chikumatsuboi/Code/animal-racers-western/assets/source/western/revision2/qa/wolf/upright/motion/candidate/fight_move/0002.png'
Time: 00:00.03 (Saving: 00:00.00)

Saved: '/Users/chikumatsuboi/Code/animal-racers-western/assets/source/western/revision2/qa/wolf/upright/motion/candidate/fight_move/0003.png'
Time: 00:00.03 (Saving: 00:00.00)

Saved: '/Users/chikumatsuboi/Code/animal-racers-western/assets/source/western/revision2/qa/wolf/upright/motion/candidate/fight_move/0004.png'
Time: 00:00.03 (Saving: 00:00.00)

Saved: '/Users/chikumatsuboi/Code/animal-racers-western/assets/source/western/revision2/qa/wolf/upright/motion/candidate/fight_move/0005.png'
Time: 00:00.03 (Saving: 00:00.00)

Saved: '/Users/chikumatsuboi/Code/animal-racers-western/assets/source/western/revision2/qa/wolf/upright/motion/candidate/fight_move/0006.png'
Time: 00:00.03 (Saving: 00:00.00)

REVISION2_MOTION wolf upright fight_move 7
Read blend: "/Users/chikumatsuboi/Code/animal-racers-western/assets/source/western/revision2/inputs/wolf-upright.blend"
Saved: '/Users/chikumatsuboi/Code/animal-racers-western/assets/source/western/revision2/qa/wolf/upright/motion/control/guard/0000.png'
Time: 00:00.04 (Saving: 00:00.00)

Saved: '/Users/chikumatsuboi/Code/animal-racers-western/assets/source/western/revision2/qa/wolf/upright/motion/control/guard/0001.png'
Time: 00:00.03 (Saving: 00:00.00)

Saved: '/Users/chikumatsuboi/Code/animal-racers-western/assets/source/western/revision2/qa/wolf/upright/motion/control/guard/0002.png'
Time: 00:00.03 (Saving: 00:00.00)

Saved: '/Users/chikumatsuboi/Code/animal-racers-western/assets/source/western/revision2/qa/wolf/upright/motion/control/guard/0003.png'
Time: 00:00.03 (Saving: 00:00.00)

Saved: '/Users/chikumatsuboi/Code/animal-racers-western/assets/source/western/revision2/qa/wolf/upright/motion/control/guard/0004.png'
Time: 00:00.03 (Saving: 00:00.00)

Saved: '/Users/chikumatsuboi/Code/animal-racers-western/assets/source/western/revision2/qa/wolf/upright/motion/control/guard/0005.png'
Time: 00:00.03 (Saving: 00:00.00)

Saved: '/Users/chikumatsuboi/Code/animal-racers-western/assets/source/western/revision2/qa/wolf/upright/motion/control/guard/0006.png'
Time: 00:00.03 (Saving: 00:00.00)

Saved: '/Users/chikumatsuboi/Code/animal-racers-western/assets/source/western/revision2/qa/wolf/upright/motion/control/guard/0007.png'
Time: 00:00.03 (Saving: 00:00.00)

Saved: '/Users/chikumatsuboi/Code/animal-racers-western/assets/source/western/revision2/qa/wolf/upright/motion/control/guard/0008.png'
Time: 00:00.03 (Saving: 00:00.00)

Saved: '/Users/chikumatsuboi/Code/animal-racers-western/assets/source/western/revision2/qa/wolf/upright/motion/control/guard/0009.png'
Time: 00:00.03 (Saving: 00:00.00)

Read blend: "/Users/chikumatsuboi/Code/animal-racers-western/assets/source/western/revision2/candidate/wolf-upright.blend"
Saved: '/Users/chikumatsuboi/Code/animal-racers-western/assets/source/western/revision2/qa/wolf/upright/motion/candidate/guard/0000.png'
Time: 00:00.03 (Saving: 00:00.00)

Saved: '/Users/chikumatsuboi/Code/animal-racers-western/assets/source/western/revision2/qa/wolf/upright/motion/candidate/guard/0001.png'
Time: 00:00.03 (Saving: 00:00.00)

Saved: '/Users/chikumatsuboi/Code/animal-racers-western/assets/source/western/revision2/qa/wolf/upright/motion/candidate/guard/0002.png'
Time: 00:00.03 (Saving: 00:00.00)

Saved: '/Users/chikumatsuboi/Code/animal-racers-western/assets/source/western/revision2/qa/wolf/upright/motion/candidate/guard/0003.png'
Time: 00:00.03 (Saving: 00:00.00)

Saved: '/Users/chikumatsuboi/Code/animal-racers-western/assets/source/western/revision2/qa/wolf/upright/motion/candidate/guard/0004.png'
Time: 00:00.03 (Saving: 00:00.00)

Saved: '/Users/chikumatsuboi/Code/animal-racers-western/assets/source/western/revision2/qa/wolf/upright/motion/candidate/guard/0005.png'
Time: 00:00.03 (Saving: 00:00.00)

Saved: '/Users/chikumatsuboi/Code/animal-racers-western/assets/source/western/revision2/qa/wolf/upright/motion/candidate/guard/0006.png'
Time: 00:00.03 (Saving: 00:00.00)

Saved: '/Users/chikumatsuboi/Code/animal-racers-western/assets/source/western/revision2/qa/wolf/upright/motion/candidate/guard/0007.png'
Time: 00:00.03 (Saving: 00:00.00)

Saved: '/Users/chikumatsuboi/Code/animal-racers-western/assets/source/western/revision2/qa/wolf/upright/motion/candidate/guard/0008.png'
Time: 00:00.03 (Saving: 00:00.00)

Saved: '/Users/chikumatsuboi/Code/animal-racers-western/assets/source/western/revision2/qa/wolf/upright/motion/candidate/guard/0009.png'
Time: 00:00.03 (Saving: 00:00.00)

REVISION2_MOTION wolf upright guard 10
Read blend: "/Users/chikumatsuboi/Code/animal-racers-western/assets/source/western/revision2/inputs/wolf-upright.blend"
Saved: '/Users/chikumatsuboi/Code/animal-racers-western/assets/source/western/revision2/qa/wolf/upright/motion/control/hit/0000.png'
Time: 00:00.03 (Saving: 00:00.00)

Saved: '/Users/chikumatsuboi/Code/animal-racers-western/assets/source/western/revision2/qa/wolf/upright/motion/control/hit/0001.png'
Time: 00:00.04 (Saving: 00:00.00)

Saved: '/Users/chikumatsuboi/Code/animal-racers-western/assets/source/western/revision2/qa/wolf/upright/motion/control/hit/0002.png'
Time: 00:00.04 (Saving: 00:00.00)

Saved: '/Users/chikumatsuboi/Code/animal-racers-western/assets/source/western/revision2/qa/wolf/upright/motion/control/hit/0003.png'
Time: 00:00.03 (Saving: 00:00.00)

Saved: '/Users/chikumatsuboi/Code/animal-racers-western/assets/source/western/revision2/qa/wolf/upright/motion/control/hit/0004.png'
Time: 00:00.03 (Saving: 00:00.00)

Saved: '/Users/chikumatsuboi/Code/animal-racers-western/assets/source/western/revision2/qa/wolf/upright/motion/control/hit/0005.png'
Time: 00:00.03 (Saving: 00:00.00)

Saved: '/Users/chikumatsuboi/Code/animal-racers-western/assets/source/western/revision2/qa/wolf/upright/motion/control/hit/0006.png'
Time: 00:00.03 (Saving: 00:00.00)

Read blend: "/Users/chikumatsuboi/Code/animal-racers-western/assets/source/western/revision2/candidate/wolf-upright.blend"
Saved: '/Users/chikumatsuboi/Code/animal-racers-western/assets/source/western/revision2/qa/wolf/upright/motion/candidate/hit/0000.png'
Time: 00:00.03 (Saving: 00:00.00)

Saved: '/Users/chikumatsuboi/Code/animal-racers-western/assets/source/western/revision2/qa/wolf/upright/motion/candidate/hit/0001.png'
Time: 00:00.03 (Saving: 00:00.00)

Saved: '/Users/chikumatsuboi/Code/animal-racers-western/assets/source/western/revision2/qa/wolf/upright/motion/candidate/hit/0002.png'
Time: 00:00.02 (Saving: 00:00.00)

Saved: '/Users/chikumatsuboi/Code/animal-racers-western/assets/source/western/revision2/qa/wolf/upright/motion/candidate/hit/0003.png'
Time: 00:00.02 (Saving: 00:00.00)

Saved: '/Users/chikumatsuboi/Code/animal-racers-western/assets/source/western/revision2/qa/wolf/upright/motion/candidate/hit/0004.png'
Time: 00:00.03 (Saving: 00:00.00)

Saved: '/Users/chikumatsuboi/Code/animal-racers-western/assets/source/western/revision2/qa/wolf/upright/motion/candidate/hit/0005.png'
Time: 00:00.02 (Saving: 00:00.00)

Saved: '/Users/chikumatsuboi/Code/animal-racers-western/assets/source/western/revision2/qa/wolf/upright/motion/candidate/hit/0006.png'
Time: 00:00.03 (Saving: 00:00.00)

REVISION2_MOTION wolf upright hit 7
Read blend: "/Users/chikumatsuboi/Code/animal-racers-western/assets/source/western/revision2/inputs/wolf-upright.blend"
Saved: '/Users/chikumatsuboi/Code/animal-racers-western/assets/source/western/revision2/qa/wolf/upright/motion/control/jump/0000.png'
Time: 00:00.03 (Saving: 00:00.00)

Saved: '/Users/chikumatsuboi/Code/animal-racers-western/assets/source/western/revision2/qa/wolf/upright/motion/control/jump/0001.png'
Time: 00:00.03 (Saving: 00:00.00)

Saved: '/Users/chikumatsuboi/Code/animal-racers-western/assets/source/western/revision2/qa/wolf/upright/motion/control/jump/0002.png'
Time: 00:00.03 (Saving: 00:00.00)

Saved: '/Users/chikumatsuboi/Code/animal-racers-western/assets/source/western/revision2/qa/wolf/upright/motion/control/jump/0003.png'
Time: 00:00.03 (Saving: 00:00.00)

Saved: '/Users/chikumatsuboi/Code/animal-racers-western/assets/source/western/revision2/qa/wolf/upright/motion/control/jump/0004.png'
Time: 00:00.03 (Saving: 00:00.00)

Saved: '/Users/chikumatsuboi/Code/animal-racers-western/assets/source/western/revision2/qa/wolf/upright/motion/control/jump/0005.png'
Time: 00:00.03 (Saving: 00:00.00)

Saved: '/Users/chikumatsuboi/Code/animal-racers-western/assets/source/western/revision2/qa/wolf/upright/motion/control/jump/0006.png'
Time: 00:00.03 (Saving: 00:00.00)

Saved: '/Users/chikumatsuboi/Code/animal-racers-western/assets/source/western/revision2/qa/wolf/upright/motion/control/jump/0007.png'
Time: 00:00.03 (Saving: 00:00.00)

Saved: '/Users/chikumatsuboi/Code/animal-racers-western/assets/source/western/revision2/qa/wolf/upright/motion/control/jump/0008.png'
Time: 00:00.03 (Saving: 00:00.00)

Saved: '/Users/chikumatsuboi/Code/animal-racers-western/assets/source/western/revision2/qa/wolf/upright/motion/control/jump/0009.png'
Time: 00:00.03 (Saving: 00:00.00)

Saved: '/Users/chikumatsuboi/Code/animal-racers-western/assets/source/western/revision2/qa/wolf/upright/motion/control/jump/0010.png'
Time: 00:00.03 (Saving: 00:00.00)

Saved: '/Users/chikumatsuboi/Code/animal-racers-western/assets/source/western/revision2/qa/wolf/upright/motion/control/jump/0011.png'
Time: 00:00.03 (Saving: 00:00.00)

Saved: '/Users/chikumatsuboi/Code/animal-racers-western/assets/source/western/revision2/qa/wolf/upright/motion/control/jump/0012.png'
Time: 00:00.03 (Saving: 00:00.00)

Read blend: "/Users/chikumatsuboi/Code/animal-racers-western/assets/source/western/revision2/candidate/wolf-upright.blend"
Saved: '/Users/chikumatsuboi/Code/animal-racers-western/assets/source/western/revision2/qa/wolf/upright/motion/candidate/jump/0000.png'
Time: 00:00.03 (Saving: 00:00.00)

Saved: '/Users/chikumatsuboi/Code/animal-racers-western/assets/source/western/revision2/qa/wolf/upright/motion/candidate/jump/0001.png'
Time: 00:00.03 (Saving: 00:00.00)

Saved: '/Users/chikumatsuboi/Code/animal-racers-western/assets/source/western/revision2/qa/wolf/upright/motion/candidate/jump/0002.png'
Time: 00:00.03 (Saving: 00:00.00)

Saved: '/Users/chikumatsuboi/Code/animal-racers-western/assets/source/western/revision2/qa/wolf/upright/motion/candidate/jump/0003.png'
Time: 00:00.03 (Saving: 00:00.00)

Saved: '/Users/chikumatsuboi/Code/animal-racers-western/assets/source/western/revision2/qa/wolf/upright/motion/candidate/jump/0004.png'
Time: 00:00.03 (Saving: 00:00.00)

Saved: '/Users/chikumatsuboi/Code/animal-racers-western/assets/source/western/revision2/qa/wolf/upright/motion/candidate/jump/0005.png'
Time: 00:00.03 (Saving: 00:00.00)

Saved: '/Users/chikumatsuboi/Code/animal-racers-western/assets/source/western/revision2/qa/wolf/upright/motion/candidate/jump/0006.png'
Time: 00:00.03 (Saving: 00:00.00)

Saved: '/Users/chikumatsuboi/Code/animal-racers-western/assets/source/western/revision2/qa/wolf/upright/motion/candidate/jump/0007.png'
Time: 00:00.03 (Saving: 00:00.00)

Saved: '/Users/chikumatsuboi/Code/animal-racers-western/assets/source/western/revision2/qa/wolf/upright/motion/candidate/jump/0008.png'
Time: 00:00.03 (Saving: 00:00.00)

Saved: '/Users/chikumatsuboi/Code/animal-racers-western/assets/source/western/revision2/qa/wolf/upright/motion/candidate/jump/0009.png'
Time: 00:00.03 (Saving: 00:00.00)

Saved: '/Users/chikumatsuboi/Code/animal-racers-western/assets/source/western/revision2/qa/wolf/upright/motion/candidate/jump/0010.png'
Time: 00:00.02 (Saving: 00:00.00)

Saved: '/Users/chikumatsuboi/Code/animal-racers-western/assets/source/western/revision2/qa/wolf/upright/motion/candidate/jump/0011.png'
Time: 00:00.03 (Saving: 00:00.00)

Saved: '/Users/chikumatsuboi/Code/animal-racers-western/assets/source/western/revision2/qa/wolf/upright/motion/candidate/jump/0012.png'
Time: 00:00.03 (Saving: 00:00.00)

REVISION2_MOTION wolf upright jump 13
Read blend: "/Users/chikumatsuboi/Code/animal-racers-western/assets/source/western/revision2/inputs/wolf-upright.blend"
Saved: '/Users/chikumatsuboi/Code/animal-racers-western/assets/source/western/revision2/qa/wolf/upright/motion/control/land/0000.png'
Time: 00:00.04 (Saving: 00:00.00)

Saved: '/Users/chikumatsuboi/Code/animal-racers-western/assets/source/western/revision2/qa/wolf/upright/motion/control/land/0001.png'
Time: 00:00.04 (Saving: 00:00.00)

Saved: '/Users/chikumatsuboi/Code/animal-racers-western/assets/source/western/revision2/qa/wolf/upright/motion/control/land/0002.png'
Time: 00:00.03 (Saving: 00:00.00)

Saved: '/Users/chikumatsuboi/Code/animal-racers-western/assets/source/western/revision2/qa/wolf/upright/motion/control/land/0003.png'
Time: 00:00.03 (Saving: 00:00.00)

Saved: '/Users/chikumatsuboi/Code/animal-racers-western/assets/source/western/revision2/qa/wolf/upright/motion/control/land/0004.png'
Time: 00:00.03 (Saving: 00:00.00)

Saved: '/Users/chikumatsuboi/Code/animal-racers-western/assets/source/western/revision2/qa/wolf/upright/motion/control/land/0005.png'
Time: 00:00.03 (Saving: 00:00.00)

Read blend: "/Users/chikumatsuboi/Code/animal-racers-western/assets/source/western/revision2/candidate/wolf-upright.blend"
Saved: '/Users/chikumatsuboi/Code/animal-racers-western/assets/source/western/revision2/qa/wolf/upright/motion/candidate/land/0000.png'
Time: 00:00.03 (Saving: 00:00.00)

Saved: '/Users/chikumatsuboi/Code/animal-racers-western/assets/source/western/revision2/qa/wolf/upright/motion/candidate/land/0001.png'
Time: 00:00.03 (Saving: 00:00.00)

Saved: '/Users/chikumatsuboi/Code/animal-racers-western/assets/source/western/revision2/qa/wolf/upright/motion/candidate/land/0002.png'
Time: 00:00.03 (Saving: 00:00.00)

Saved: '/Users/chikumatsuboi/Code/animal-racers-western/assets/source/western/revision2/qa/wolf/upright/motion/candidate/land/0003.png'
Time: 00:00.03 (Saving: 00:00.00)

Saved: '/Users/chikumatsuboi/Code/animal-racers-western/assets/source/western/revision2/qa/wolf/upright/motion/candidate/land/0004.png'
Time: 00:00.03 (Saving: 00:00.00)

Saved: '/Users/chikumatsuboi/Code/animal-racers-western/assets/source/western/revision2/qa/wolf/upright/motion/candidate/land/0005.png'
Time: 00:00.03 (Saving: 00:00.00)

REVISION2_MOTION wolf upright land 6
Read blend: "/Users/chikumatsuboi/Code/animal-racers-western/assets/source/western/revision2/inputs/wolf-upright.blend"
Saved: '/Users/chikumatsuboi/Code/animal-racers-western/assets/source/western/revision2/qa/wolf/upright/motion/control/special/0000.png'
Time: 00:00.04 (Saving: 00:00.00)

Saved: '/Users/chikumatsuboi/Code/animal-racers-western/assets/source/western/revision2/qa/wolf/upright/motion/control/special/0001.png'
Time: 00:00.04 (Saving: 00:00.00)

Saved: '/Users/chikumatsuboi/Code/animal-racers-western/assets/source/western/revision2/qa/wolf/upright/motion/control/special/0002.png'
Time: 00:00.04 (Saving: 00:00.00)

Saved: '/Users/chikumatsuboi/Code/animal-racers-western/assets/source/western/revision2/qa/wolf/upright/motion/control/special/0003.png'
Time: 00:00.03 (Saving: 00:00.00)

Saved: '/Users/chikumatsuboi/Code/animal-racers-western/assets/source/western/revision2/qa/wolf/upright/motion/control/special/0004.png'
Time: 00:00.03 (Saving: 00:00.00)

Saved: '/Users/chikumatsuboi/Code/animal-racers-western/assets/source/western/revision2/qa/wolf/upright/motion/control/special/0005.png'
Time: 00:00.03 (Saving: 00:00.00)

Saved: '/Users/chikumatsuboi/Code/animal-racers-western/assets/source/western/revision2/qa/wolf/upright/motion/control/special/0006.png'
Time: 00:00.02 (Saving: 00:00.00)

Saved: '/Users/chikumatsuboi/Code/animal-racers-western/assets/source/western/revision2/qa/wolf/upright/motion/control/special/0007.png'
Time: 00:00.02 (Saving: 00:00.00)

Saved: '/Users/chikumatsuboi/Code/animal-racers-western/assets/source/western/revision2/qa/wolf/upright/motion/control/special/0008.png'
Time: 00:00.02 (Saving: 00:00.00)

Saved: '/Users/chikumatsuboi/Code/animal-racers-western/assets/source/western/revision2/qa/wolf/upright/motion/control/special/0009.png'
Time: 00:00.02 (Saving: 00:00.00)

Saved: '/Users/chikumatsuboi/Code/animal-racers-western/assets/source/western/revision2/qa/wolf/upright/motion/control/special/0010.png'
Time: 00:00.03 (Saving: 00:00.00)

Saved: '/Users/chikumatsuboi/Code/animal-racers-western/assets/source/western/revision2/qa/wolf/upright/motion/control/special/0011.png'
Time: 00:00.03 (Saving: 00:00.00)

Saved: '/Users/chikumatsuboi/Code/animal-racers-western/assets/source/western/revision2/qa/wolf/upright/motion/control/special/0012.png'
Time: 00:00.03 (Saving: 00:00.00)

Saved: '/Users/chikumatsuboi/Code/animal-racers-western/assets/source/western/revision2/qa/wolf/upright/motion/control/special/0013.png'
Time: 00:00.03 (Saving: 00:00.00)

Saved: '/Users/chikumatsuboi/Code/animal-racers-western/assets/source/western/revision2/qa/wolf/upright/motion/control/special/0014.png'
Time: 00:00.03 (Saving: 00:00.00)

Saved: '/Users/chikumatsuboi/Code/animal-racers-western/assets/source/western/revision2/qa/wolf/upright/motion/control/special/0015.png'
Time: 00:00.03 (Saving: 00:00.00)

Saved: '/Users/chikumatsuboi/Code/animal-racers-western/assets/source/western/revision2/qa/wolf/upright/motion/control/special/0016.png'
Time: 00:00.03 (Saving: 00:00.00)

Saved: '/Users/chikumatsuboi/Code/animal-racers-western/assets/source/western/revision2/qa/wolf/upright/motion/control/special/0017.png'
Time: 00:00.03 (Saving: 00:00.00)

Read blend: "/Users/chikumatsuboi/Code/animal-racers-western/assets/source/western/revision2/candidate/wolf-upright.blend"
Saved: '/Users/chikumatsuboi/Code/animal-racers-western/assets/source/western/revision2/qa/wolf/upright/motion/candidate/special/0000.png'
Time: 00:00.03 (Saving: 00:00.00)

Saved: '/Users/chikumatsuboi/Code/animal-racers-western/assets/source/western/revision2/qa/wolf/upright/motion/candidate/special/0001.png'
Time: 00:00.03 (Saving: 00:00.00)

Saved: '/Users/chikumatsuboi/Code/animal-racers-western/assets/source/western/revision2/qa/wolf/upright/motion/candidate/special/0002.png'
Time: 00:00.03 (Saving: 00:00.00)

Saved: '/Users/chikumatsuboi/Code/animal-racers-western/assets/source/western/revision2/qa/wolf/upright/motion/candidate/special/0003.png'
Time: 00:00.03 (Saving: 00:00.00)

Saved: '/Users/chikumatsuboi/Code/animal-racers-western/assets/source/western/revision2/qa/wolf/upright/motion/candidate/special/0004.png'
Time: 00:00.03 (Saving: 00:00.00)

Saved: '/Users/chikumatsuboi/Code/animal-racers-western/assets/source/western/revision2/qa/wolf/upright/motion/candidate/special/0005.png'
Time: 00:00.03 (Saving: 00:00.00)

Saved: '/Users/chikumatsuboi/Code/animal-racers-western/assets/source/western/revision2/qa/wolf/upright/motion/candidate/special/0006.png'
Time: 00:00.03 (Saving: 00:00.00)

Saved: '/Users/chikumatsuboi/Code/animal-racers-western/assets/source/western/revision2/qa/wolf/upright/motion/candidate/special/0007.png'
Time: 00:00.03 (Saving: 00:00.00)

Saved: '/Users/chikumatsuboi/Code/animal-racers-western/assets/source/western/revision2/qa/wolf/upright/motion/candidate/special/0008.png'
Time: 00:00.03 (Saving: 00:00.00)

Saved: '/Users/chikumatsuboi/Code/animal-racers-western/assets/source/western/revision2/qa/wolf/upright/motion/candidate/special/0009.png'
Time: 00:00.03 (Saving: 00:00.00)

Saved: '/Users/chikumatsuboi/Code/animal-racers-western/assets/source/western/revision2/qa/wolf/upright/motion/candidate/special/0010.png'
Time: 00:00.03 (Saving: 00:00.00)

Saved: '/Users/chikumatsuboi/Code/animal-racers-western/assets/source/western/revision2/qa/wolf/upright/motion/candidate/special/0011.png'
Time: 00:00.03 (Saving: 00:00.00)

Saved: '/Users/chikumatsuboi/Code/animal-racers-western/assets/source/western/revision2/qa/wolf/upright/motion/candidate/special/0012.png'
Time: 00:00.03 (Saving: 00:00.00)

Saved: '/Users/chikumatsuboi/Code/animal-racers-western/assets/source/western/revision2/qa/wolf/upright/motion/candidate/special/0013.png'
Time: 00:00.03 (Saving: 00:00.00)

Saved: '/Users/chikumatsuboi/Code/animal-racers-western/assets/source/western/revision2/qa/wolf/upright/motion/candidate/special/0014.png'
Time: 00:00.03 (Saving: 00:00.00)

Saved: '/Users/chikumatsuboi/Code/animal-racers-western/assets/source/western/revision2/qa/wolf/upright/motion/candidate/special/0015.png'
Time: 00:00.03 (Saving: 00:00.00)

Saved: '/Users/chikumatsuboi/Code/animal-racers-western/assets/source/western/revision2/qa/wolf/upright/motion/candidate/special/0016.png'
Time: 00:00.03 (Saving: 00:00.00)

Saved: '/Users/chikumatsuboi/Code/animal-racers-western/assets/source/western/revision2/qa/wolf/upright/motion/candidate/special/0017.png'
Time: 00:00.03 (Saving: 00:00.00)

REVISION2_MOTION wolf upright special 18
Read blend: "/Users/chikumatsuboi/Code/animal-racers-western/assets/source/western/revision2/inputs/wolf-upright.blend"
Saved: '/Users/chikumatsuboi/Code/animal-racers-western/assets/source/western/revision2/qa/wolf/upright/motion/control/transform/0000.png'
Time: 00:00.04 (Saving: 00:00.00)

Saved: '/Users/chikumatsuboi/Code/animal-racers-western/assets/source/western/revision2/qa/wolf/upright/motion/control/transform/0001.png'
Time: 00:00.04 (Saving: 00:00.00)

Saved: '/Users/chikumatsuboi/Code/animal-racers-western/assets/source/western/revision2/qa/wolf/upright/motion/control/transform/0002.png'
Time: 00:00.03 (Saving: 00:00.00)

Saved: '/Users/chikumatsuboi/Code/animal-racers-western/assets/source/western/revision2/qa/wolf/upright/motion/control/transform/0003.png'
Time: 00:00.03 (Saving: 00:00.00)

Saved: '/Users/chikumatsuboi/Code/animal-racers-western/assets/source/western/revision2/qa/wolf/upright/motion/control/transform/0004.png'
Time: 00:00.03 (Saving: 00:00.00)

Saved: '/Users/chikumatsuboi/Code/animal-racers-western/assets/source/western/revision2/qa/wolf/upright/motion/control/transform/0005.png'
Time: 00:00.03 (Saving: 00:00.00)

Saved: '/Users/chikumatsuboi/Code/animal-racers-western/assets/source/western/revision2/qa/wolf/upright/motion/control/transform/0006.png'
Time: 00:00.03 (Saving: 00:00.00)

Saved: '/Users/chikumatsuboi/Code/animal-racers-western/assets/source/western/revision2/qa/wolf/upright/motion/control/transform/0007.png'
Time: 00:00.03 (Saving: 00:00.00)

Saved: '/Users/chikumatsuboi/Code/animal-racers-western/assets/source/western/revision2/qa/wolf/upright/motion/control/transform/0008.png'
Time: 00:00.03 (Saving: 00:00.00)

Saved: '/Users/chikumatsuboi/Code/animal-racers-western/assets/source/western/revision2/qa/wolf/upright/motion/control/transform/0009.png'
Time: 00:00.03 (Saving: 00:00.00)

Saved: '/Users/chikumatsuboi/Code/animal-racers-western/assets/source/western/revision2/qa/wolf/upright/motion/control/transform/0010.png'
Time: 00:00.03 (Saving: 00:00.00)

Saved: '/Users/chikumatsuboi/Code/animal-racers-western/assets/source/western/revision2/qa/wolf/upright/motion/control/transform/0011.png'
Time: 00:00.03 (Saving: 00:00.00)

Saved: '/Users/chikumatsuboi/Code/animal-racers-western/assets/source/western/revision2/qa/wolf/upright/motion/control/transform/0012.png'
Time: 00:00.03 (Saving: 00:00.00)

Saved: '/Users/chikumatsuboi/Code/animal-racers-western/assets/source/western/revision2/qa/wolf/upright/motion/control/transform/0013.png'
Time: 00:00.03 (Saving: 00:00.00)

Saved: '/Users/chikumatsuboi/Code/animal-racers-western/assets/source/western/revision2/qa/wolf/upright/motion/control/transform/0014.png'
Time: 00:00.03 (Saving: 00:00.00)

Saved: '/Users/chikumatsuboi/Code/animal-racers-western/assets/source/western/revision2/qa/wolf/upright/motion/control/transform/0015.png'
Time: 00:00.03 (Saving: 00:00.00)

Saved: '/Users/chikumatsuboi/Code/animal-racers-western/assets/source/western/revision2/qa/wolf/upright/motion/control/transform/0016.png'
Time: 00:00.03 (Saving: 00:00.00)

Saved: '/Users/chikumatsuboi/Code/animal-racers-western/assets/source/western/revision2/qa/wolf/upright/motion/control/transform/0017.png'
Time: 00:00.03 (Saving: 00:00.00)

Saved: '/Users/chikumatsuboi/Code/animal-racers-western/assets/source/western/revision2/qa/wolf/upright/motion/control/transform/0018.png'
Time: 00:00.03 (Saving: 00:00.00)

Read blend: "/Users/chikumatsuboi/Code/animal-racers-western/assets/source/western/revision2/candidate/wolf-upright.blend"
Saved: '/Users/chikumatsuboi/Code/animal-racers-western/assets/source/western/revision2/qa/wolf/upright/motion/candidate/transform/0000.png'
Time: 00:00.03 (Saving: 00:00.00)

Saved: '/Users/chikumatsuboi/Code/animal-racers-western/assets/source/western/revision2/qa/wolf/upright/motion/candidate/transform/0001.png'
Time: 00:00.03 (Saving: 00:00.00)

Saved: '/Users/chikumatsuboi/Code/animal-racers-western/assets/source/western/revision2/qa/wolf/upright/motion/candidate/transform/0002.png'
Time: 00:00.03 (Saving: 00:00.00)

Saved: '/Users/chikumatsuboi/Code/animal-racers-western/assets/source/western/revision2/qa/wolf/upright/motion/candidate/transform/0003.png'
Time: 00:00.03 (Saving: 00:00.00)

Saved: '/Users/chikumatsuboi/Code/animal-racers-western/assets/source/western/revision2/qa/wolf/upright/motion/candidate/transform/0004.png'
Time: 00:00.03 (Saving: 00:00.00)

Saved: '/Users/chikumatsuboi/Code/animal-racers-western/assets/source/western/revision2/qa/wolf/upright/motion/candidate/transform/0005.png'
Time: 00:00.03 (Saving: 00:00.00)

Saved: '/Users/chikumatsuboi/Code/animal-racers-western/assets/source/western/revision2/qa/wolf/upright/motion/candidate/transform/0006.png'
Time: 00:00.03 (Saving: 00:00.00)

Saved: '/Users/chikumatsuboi/Code/animal-racers-western/assets/source/western/revision2/qa/wolf/upright/motion/candidate/transform/0007.png'
Time: 00:00.03 (Saving: 00:00.00)

Saved: '/Users/chikumatsuboi/Code/animal-racers-western/assets/source/western/revision2/qa/wolf/upright/motion/candidate/transform/0008.png'
Time: 00:00.03 (Saving: 00:00.00)

Saved: '/Users/chikumatsuboi/Code/animal-racers-western/assets/source/western/revision2/qa/wolf/upright/motion/candidate/transform/0009.png'
Time: 00:00.03 (Saving: 00:00.00)

Saved: '/Users/chikumatsuboi/Code/animal-racers-western/assets/source/western/revision2/qa/wolf/upright/motion/candidate/transform/0010.png'
Time: 00:00.03 (Saving: 00:00.00)

Saved: '/Users/chikumatsuboi/Code/animal-racers-western/assets/source/western/revision2/qa/wolf/upright/motion/candidate/transform/0011.png'
Time: 00:00.03 (Saving: 00:00.00)

Saved: '/Users/chikumatsuboi/Code/animal-racers-western/assets/source/western/revision2/qa/wolf/upright/motion/candidate/transform/0012.png'
Time: 00:00.03 (Saving: 00:00.00)

Saved: '/Users/chikumatsuboi/Code/animal-racers-western/assets/source/western/revision2/qa/wolf/upright/motion/candidate/transform/0013.png'
Time: 00:00.03 (Saving: 00:00.00)

Saved: '/Users/chikumatsuboi/Code/animal-racers-western/assets/source/western/revision2/qa/wolf/upright/motion/candidate/transform/0014.png'
Time: 00:00.02 (Saving: 00:00.00)

Saved: '/Users/chikumatsuboi/Code/animal-racers-western/assets/source/western/revision2/qa/wolf/upright/motion/candidate/transform/0015.png'
Time: 00:00.03 (Saving: 00:00.00)

Saved: '/Users/chikumatsuboi/Code/animal-racers-western/assets/source/western/revision2/qa/wolf/upright/motion/candidate/transform/0016.png'
Time: 00:00.03 (Saving: 00:00.00)

Saved: '/Users/chikumatsuboi/Code/animal-racers-western/assets/source/western/revision2/qa/wolf/upright/motion/candidate/transform/0017.png'
Time: 00:00.03 (Saving: 00:00.00)

Saved: '/Users/chikumatsuboi/Code/animal-racers-western/assets/source/western/revision2/qa/wolf/upright/motion/candidate/transform/0018.png'
Time: 00:00.03 (Saving: 00:00.00)

REVISION2_MOTION wolf upright transform 19
REVISION2_PACKAGE_OK wolf upright
REVISION2_SOURCE_OK unicorn race
Read blend: "/Users/chikumatsuboi/Code/animal-racers-western/assets/source/western/revision2/candidate/unicorn.blend"
Read blend: "/Users/chikumatsuboi/Code/animal-racers-western/assets/source/western/revision2/inputs/unicorn.blend"
Saved: '/Users/chikumatsuboi/Code/animal-racers-western/assets/source/western/revision2/qa/unicorn/race/control-front.png'
Time: 00:00.05 (Saving: 00:00.01)

Saved: '/Users/chikumatsuboi/Code/animal-racers-western/assets/source/western/revision2/qa/unicorn/race/control-side.png'
Time: 00:00.03 (Saving: 00:00.01)

Saved: '/Users/chikumatsuboi/Code/animal-racers-western/assets/source/western/revision2/qa/unicorn/race/control-three-quarter.png'
Time: 00:00.03 (Saving: 00:00.01)

Saved: '/Users/chikumatsuboi/Code/animal-racers-western/assets/source/western/revision2/qa/unicorn/race/control-face.png'
Time: 00:00.03 (Saving: 00:00.01)

REVISION2_PREVIEW unicorn race control
Read blend: "/Users/chikumatsuboi/Code/animal-racers-western/assets/source/western/revision2/candidate/unicorn.blend"
Saved: '/Users/chikumatsuboi/Code/animal-racers-western/assets/source/western/revision2/qa/unicorn/race/candidate-front.png'
Time: 00:00.03 (Saving: 00:00.01)

Saved: '/Users/chikumatsuboi/Code/animal-racers-western/assets/source/western/revision2/qa/unicorn/race/candidate-side.png'
Time: 00:00.03 (Saving: 00:00.01)

Saved: '/Users/chikumatsuboi/Code/animal-racers-western/assets/source/western/revision2/qa/unicorn/race/candidate-three-quarter.png'
Time: 00:00.04 (Saving: 00:00.01)

Saved: '/Users/chikumatsuboi/Code/animal-racers-western/assets/source/western/revision2/qa/unicorn/race/candidate-face.png'
Time: 00:00.03 (Saving: 00:00.01)

REVISION2_PREVIEW unicorn race candidate
Read blend: "/Users/chikumatsuboi/Code/animal-racers-western/assets/source/western/revision2/inputs/unicorn.blend"
Fra:1 Mem:30.28M (Peak 30.28M) | Time:00:00.00 | Mem:0.00M, Peak:0.00M | Scene, ViewLayer | Synchronizing object | Body • continuous sculpted skin
Fra:1 Mem:30.75M (Peak 30.75M) | Time:00:00.00 | Mem:0.00M, Peak:0.00M | Scene, ViewLayer | Synchronizing object | Bronzed hoof
Fra:1 Mem:30.76M (Peak 30.76M) | Time:00:00.00 | Mem:0.00M, Peak:0.00M | Scene, ViewLayer | Synchronizing object | Hoof cleft
Fra:1 Mem:30.77M (Peak 30.77M) | Time:00:00.00 | Mem:0.00M, Peak:0.00M | Scene, ViewLayer | Synchronizing object | Bronzed hoof.001
Fra:1 Mem:30.77M (Peak 30.77M) | Time:00:00.00 | Mem:0.00M, Peak:0.00M | Scene, ViewLayer | Synchronizing object | Hoof cleft.001
Fra:1 Mem:30.78M (Peak 30.78M) | Time:00:00.00 | Mem:0.00M, Peak:0.00M | Scene, ViewLayer | Synchronizing object | Matched softbox.002
Fra:1 Mem:30.78M (Peak 30.78M) | Time:00:00.00 | Mem:0.00M, Peak:0.00M | Scene, ViewLayer | Synchronizing object | Matched softbox.001
Fra:1 Mem:30.78M (Peak 30.78M) | Time:00:00.00 | Mem:0.00M, Peak:0.00M | Scene, ViewLayer | Synchronizing object | Matched softbox
Fra:1 Mem:30.78M (Peak 30.78M) | Time:00:00.00 | Mem:0.00M, Peak:0.00M | Scene, ViewLayer | Synchronizing object | Raised elemental crest
Fra:1 Mem:30.79M (Peak 30.79M) | Time:00:00.00 | Mem:0.00M, Peak:0.00M | Scene, ViewLayer | Synchronizing object | Brass crest clasp
Fra:1 Mem:30.81M (Peak 30.81M) | Time:00:00.00 | Mem:0.00M, Peak:0.00M | Scene, ViewLayer | Synchronizing object | Hoof cleft.002
Fra:1 Mem:30.81M (Peak 30.81M) | Time:00:00.00 | Mem:0.00M, Peak:0.00M | Scene, ViewLayer | Synchronizing object | Neckerchief folded point
Fra:1 Mem:30.82M (Peak 30.82M) | Time:00:00.00 | Mem:0.00M, Peak:0.00M | Scene, ViewLayer | Synchronizing object | Bronzed hoof.003
Fra:1 Mem:30.82M (Peak 30.82M) | Time:00:00.00 | Mem:0.00M, Peak:0.00M | Scene, ViewLayer | Synchronizing object | Leather neckerchief roll
Fra:1 Mem:30.83M (Peak 30.83M) | Time:00:00.00 | Mem:0.00M, Peak:0.00M | Scene, ViewLayer | Synchronizing object | Hoof cleft.003
Fra:1 Mem:30.83M (Peak 30.83M) | Time:00:00.00 | Mem:0.00M, Peak:0.00M | Scene, ViewLayer | Synchronizing object | Rainbow tail ribbon.006
Fra:1 Mem:30.83M (Peak 30.83M) | Time:00:00.00 | Mem:0.00M, Peak:0.00M | Scene, ViewLayer | Synchronizing object | Head • species sculpt
Fra:1 Mem:30.87M (Peak 30.87M) | Time:00:00.00 | Mem:0.00M, Peak:0.00M | Scene, ViewLayer | Synchronizing object | Rainbow tail ribbon.005
Fra:1 Mem:31.00M (Peak 31.00M) | Time:00:00.00 | Mem:0.00M, Peak:0.00M | Scene, ViewLayer | Synchronizing object | Rainbow tail ribbon.004
Fra:1 Mem:31.04M (Peak 31.04M) | Time:00:00.00 | Mem:0.00M, Peak:0.00M | Scene, ViewLayer | Synchronizing object | Rainbow tail ribbon.003
Fra:1 Mem:31.04M (Peak 31.04M) | Time:00:00.00 | Mem:0.00M, Peak:0.00M | Scene, ViewLayer | Synchronizing object | Rainbow tail ribbon.002
Fra:1 Mem:31.07M (Peak 31.07M) | Time:00:00.00 | Mem:0.00M, Peak:0.00M | Scene, ViewLayer | Synchronizing object | Rainbow tail ribbon.001
Fra:1 Mem:31.07M (Peak 31.07M) | Time:00:00.00 | Mem:0.00M, Peak:0.00M | Scene, ViewLayer | Synchronizing object | Rainbow tail ribbon
Fra:1 Mem:31.08M (Peak 31.08M) | Time:00:00.00 | Mem:0.00M, Peak:0.00M | Scene, ViewLayer | Synchronizing object | Articulated tail
Fra:1 Mem:31.10M (Peak 31.10M) | Time:00:00.00 | Mem:0.00M, Peak:0.00M | Scene, ViewLayer | Synchronizing object | Fetlock feather.019
Fra:1 Mem:31.11M (Peak 31.11M) | Time:00:00.00 | Mem:0.00M, Peak:0.00M | Scene, ViewLayer | Synchronizing object | Fetlock feather.018
Fra:1 Mem:31.11M (Peak 31.11M) | Time:00:00.00 | Mem:0.00M, Peak:0.00M | Scene, ViewLayer | Synchronizing object | Fetlock feather.017
Fra:1 Mem:31.12M (Peak 31.12M) | Time:00:00.00 | Mem:0.00M, Peak:0.00M | Scene, ViewLayer | Synchronizing object | Fetlock feather.016
Fra:1 Mem:31.12M (Peak 31.12M) | Time:00:00.00 | Mem:0.00M, Peak:0.00M | Scene, ViewLayer | Synchronizing object | Fetlock feather.015
Fra:1 Mem:31.12M (Peak 31.12M) | Time:00:00.00 | Mem:0.00M, Peak:0.00M | Scene, ViewLayer | Synchronizing object | Fetlock feather.014
Fra:1 Mem:31.15M (Peak 31.15M) | Time:00:00.00 | Mem:0.00M, Peak:0.00M | Scene, ViewLayer | Synchronizing object | Fetlock feather.013
Fra:1 Mem:31.17M (Peak 31.17M) | Time:00:00.00 | Mem:0.00M, Peak:0.00M | Scene, ViewLayer | Synchronizing object | Fetlock feather.012
Fra:1 Mem:31.27M (Peak 31.27M) | Time:00:00.00 | Mem:0.00M, Peak:0.00M | Scene, ViewLayer | Synchronizing object | Fetlock feather.011
Fra:1 Mem:31.24M (Peak 31.27M) | Time:00:00.00 | Mem:0.00M, Peak:0.00M | Scene, ViewLayer | Synchronizing object | Velvet muzzle
Fra:1 Mem:31.25M (Peak 31.27M) | Time:00:00.00 | Mem:0.00M, Peak:0.00M | Scene, ViewLayer | Synchronizing object | Fetlock feather.010
Fra:1 Mem:31.28M (Peak 31.28M) | Time:00:00.00 | Mem:0.00M, Peak:0.00M | Scene, ViewLayer | Synchronizing object | Fetlock feather.009
Fra:1 Mem:31.31M (Peak 31.31M) | Time:00:00.00 | Mem:0.00M, Peak:0.00M | Scene, ViewLayer | Synchronizing object | Nostril
Fra:1 Mem:31.33M (Peak 31.33M) | Time:00:00.00 | Mem:0.00M, Peak:0.00M | Scene, ViewLayer | Synchronizing object | Fetlock feather.008
Fra:1 Mem:31.33M (Peak 31.33M) | Time:00:00.00 | Mem:0.00M, Peak:0.00M | Scene, ViewLayer | Synchronizing object | Nostril.001
Fra:1 Mem:31.34M (Peak 31.34M) | Time:00:00.00 | Mem:0.00M, Peak:0.00M | Scene, ViewLayer | Synchronizing object | Fetlock feather.007
Fra:1 Mem:31.36M (Peak 31.36M) | Time:00:00.00 | Mem:0.00M, Peak:0.00M | Scene, ViewLayer | Synchronizing object | Eye socket
Fra:1 Mem:31.39M (Peak 31.39M) | Time:00:00.00 | Mem:0.00M, Peak:0.00M | Scene, ViewLayer | Synchronizing object | Fetlock feather.006
Fra:1 Mem:31.42M (Peak 31.42M) | Time:00:00.00 | Mem:0.00M, Peak:0.00M | Scene, ViewLayer | Synchronizing object | Fetlock feather.005
Fra:1 Mem:31.42M (Peak 31.42M) | Time:00:00.00 | Mem:0.00M, Peak:0.00M | Scene, ViewLayer | Synchronizing object | Ivory eye
Fra:1 Mem:31.42M (Peak 31.42M) | Time:00:00.00 | Mem:0.00M, Peak:0.00M | Scene, ViewLayer | Synchronizing object | Fetlock feather.004
Fra:1 Mem:31.46M (Peak 31.46M) | Time:00:00.00 | Mem:0.00M, Peak:0.00M | Scene, ViewLayer | Synchronizing object | Iris
Fra:1 Mem:31.49M (Peak 31.49M) | Time:00:00.00 | Mem:0.00M, Peak:0.00M | Scene, ViewLayer | Synchronizing object | Fetlock feather.003
Fra:1 Mem:31.50M (Peak 31.50M) | Time:00:00.00 | Mem:0.00M, Peak:0.00M | Scene, ViewLayer | Synchronizing object | Pupil
Fra:1 Mem:31.50M (Peak 31.50M) | Time:00:00.00 | Mem:0.00M, Peak:0.00M | Scene, ViewLayer | Synchronizing object | Fetlock feather.002
Fra:1 Mem:31.53M (Peak 31.53M) | Time:00:00.00 | Mem:0.00M, Peak:0.00M | Scene, ViewLayer | Synchronizing object | Fetlock feather.001
Fra:1 Mem:31.54M (Peak 31.54M) | Time:00:00.00 | Mem:0.00M, Peak:0.00M | Scene, ViewLayer | Synchronizing object | Eye glint
Fra:1 Mem:31.54M (Peak 31.54M) | Time:00:00.00 | Mem:0.00M, Peak:0.00M | Scene, ViewLayer | Synchronizing object | Fetlock feather
Fra:1 Mem:31.56M (Peak 31.56M) | Time:00:00.00 | Mem:0.00M, Peak:0.00M | Scene, ViewLayer | Synchronizing object | Expressive brow
Fra:1 Mem:31.56M (Peak 31.56M) | Time:00:00.00 | Mem:0.00M, Peak:0.00M | Scene, ViewLayer | Synchronizing object | Horn spiral ridge
Fra:1 Mem:31.56M (Peak 31.56M) | Time:00:00.00 | Mem:0.00M, Peak:0.00M | Scene, ViewLayer | Synchronizing object | Smiling mouth
Fra:1 Mem:31.61M (Peak 31.61M) | Time:00:00.00 | Mem:0.00M, Peak:0.00M | Scene, ViewLayer | Synchronizing object | Eye socket.001
Fra:1 Mem:31.66M (Peak 31.66M) | Time:00:00.00 | Mem:0.00M, Peak:0.00M | Scene, ViewLayer | Synchronizing object | Golden unicorn horn
Fra:1 Mem:31.69M (Peak 31.69M) | Time:00:00.00 | Mem:0.00M, Peak:0.00M | Scene, ViewLayer | Synchronizing object | Ivory eye.001
Fra:1 Mem:31.70M (Peak 31.70M) | Time:00:00.00 | Mem:0.00M, Peak:0.00M | Scene, ViewLayer | Synchronizing object | Ribbon mane.006
Fra:1 Mem:31.72M (Peak 31.72M) | Time:00:00.00 | Mem:0.00M, Peak:0.00M | Scene, ViewLayer | Synchronizing object | Rainbow swept forelock.006
Fra:1 Mem:31.72M (Peak 31.72M) | Time:00:00.00 | Mem:0.00M, Peak:0.00M | Scene, ViewLayer | Synchronizing object | Iris.001
Fra:1 Mem:31.73M (Peak 31.73M) | Time:00:00.00 | Mem:0.00M, Peak:0.00M | Scene, ViewLayer | Synchronizing object | Ribbon mane.005
Fra:1 Mem:31.76M (Peak 31.76M) | Time:00:00.00 | Mem:0.00M, Peak:0.00M | Scene, ViewLayer | Synchronizing object | Rainbow swept forelock.005
Fra:1 Mem:31.77M (Peak 31.77M) | Time:00:00.00 | Mem:0.00M, Peak:0.00M | Scene, ViewLayer | Synchronizing object | Pupil.001
Fra:1 Mem:31.79M (Peak 31.79M) | Time:00:00.00 | Mem:0.00M, Peak:0.00M | Scene, ViewLayer | Synchronizing object | Ribbon mane.004
Fra:1 Mem:31.80M (Peak 31.80M) | Time:00:00.00 | Mem:0.00M, Peak:0.00M | Scene, ViewLayer | Synchronizing object | Eye glint.001
Fra:1 Mem:31.80M (Peak 31.80M) | Time:00:00.00 | Mem:0.00M, Peak:0.00M | Scene, ViewLayer | Synchronizing object | Rainbow swept forelock.004
Fra:1 Mem:31.82M (Peak 31.82M) | Time:00:00.00 | Mem:0.00M, Peak:0.00M | Scene, ViewLayer | Synchronizing object | Expressive brow.001
Fra:1 Mem:31.82M (Peak 31.82M) | Time:00:00.00 | Mem:0.00M, Peak:0.00M | Scene, ViewLayer | Synchronizing object | Ribbon mane.003
Fra:1 Mem:31.83M (Peak 31.83M) | Time:00:00.00 | Mem:0.00M, Peak:0.00M | Scene, ViewLayer | Synchronizing object | Smiling mouth.001
Fra:1 Mem:31.83M (Peak 31.83M) | Time:00:00.00 | Mem:0.00M, Peak:0.00M | Scene, ViewLayer | Synchronizing object | Rainbow swept forelock.003
Fra:1 Mem:31.84M (Peak 31.84M) | Time:00:00.00 | Mem:0.00M, Peak:0.00M | Scene, ViewLayer | Synchronizing object | Lower jaw
Fra:1 Mem:31.86M (Peak 31.86M) | Time:00:00.00 | Mem:0.00M, Peak:0.00M | Scene, ViewLayer | Synchronizing object | Ribbon mane.002
Fra:1 Mem:31.89M (Peak 31.89M) | Time:00:00.00 | Mem:0.00M, Peak:0.00M | Scene, ViewLayer | Synchronizing object | Rainbow swept forelock.002
Fra:1 Mem:31.89M (Peak 31.89M) | Time:00:00.00 | Mem:0.00M, Peak:0.00M | Scene, ViewLayer | Synchronizing object | Pointed species ear
Fra:1 Mem:31.89M (Peak 31.89M) | Time:00:00.00 | Mem:0.00M, Peak:0.00M | Scene, ViewLayer | Synchronizing object | Ribbon mane.001
Fra:1 Mem:31.89M (Peak 31.89M) | Time:00:00.00 | Mem:0.00M, Peak:0.00M | Scene, ViewLayer | Synchronizing object | Inner ear
Fra:1 Mem:31.89M (Peak 31.89M) | Time:00:00.00 | Mem:0.00M, Peak:0.00M | Scene, ViewLayer | Synchronizing object | Rainbow swept forelock.001
Fra:1 Mem:31.90M (Peak 31.90M) | Time:00:00.00 | Mem:0.00M, Peak:0.00M | Scene, ViewLayer | Synchronizing object | Pointed species ear.001
Fra:1 Mem:31.90M (Peak 31.90M) | Time:00:00.00 | Mem:0.00M, Peak:0.00M | Scene, ViewLayer | Synchronizing object | Inner ear.001
Fra:1 Mem:31.90M (Peak 31.90M) | Time:00:00.00 | Mem:0.00M, Peak:0.00M | Scene, ViewLayer | Synchronizing object | Rainbow swept forelock
Fra:1 Mem:31.91M (Peak 31.91M) | Time:00:00.00 | Mem:0.00M, Peak:0.00M | Scene, ViewLayer | Initializing
Fra:1 Mem:30.49M (Peak 31.91M) | Time:00:00.00 | Mem:0.00M, Peak:0.00M | Scene, ViewLayer | Updating Images | Loading Authored short-fur normal
Fra:1 Mem:26.67M (Peak 31.91M) | Time:00:00.00 | Mem:0.25M, Peak:0.25M | Scene, ViewLayer | Waiting for render to start
Fra:1 Mem:26.67M (Peak 31.91M) | Time:00:00.00 | Mem:0.25M, Peak:0.25M | Scene, ViewLayer | Updating Scene
Fra:1 Mem:26.67M (Peak 31.91M) | Time:00:00.00 | Mem:0.25M, Peak:0.25M | Scene, ViewLayer | Updating Shaders
Fra:1 Mem:26.67M (Peak 31.91M) | Time:00:00.00 | Mem:0.25M, Peak:0.25M | Scene, ViewLayer | Loading render kernels (may take a few minutes the first time)
Fra:1 Mem:26.77M (Peak 31.91M) | Time:00:00.00 | Mem:0.26M, Peak:0.26M | Scene, ViewLayer | Updating Procedurals
Fra:1 Mem:26.77M (Peak 31.91M) | Time:00:00.00 | Mem:0.26M, Peak:0.26M | Scene, ViewLayer | Updating Background
Fra:1 Mem:26.77M (Peak 31.91M) | Time:00:00.00 | Mem:0.26M, Peak:0.26M | Scene, ViewLayer | Updating Camera
Fra:1 Mem:26.77M (Peak 31.91M) | Time:00:00.00 | Mem:0.26M, Peak:0.26M | Scene, ViewLayer | Updating Meshes Flags
Fra:1 Mem:26.77M (Peak 31.91M) | Time:00:00.00 | Mem:0.26M, Peak:0.26M | Scene, ViewLayer | Updating Objects
Fra:1 Mem:26.77M (Peak 31.91M) | Time:00:00.00 | Mem:0.26M, Peak:0.26M | Scene, ViewLayer | Updating Objects | Copying Transformations to device
Fra:1 Mem:26.79M (Peak 31.91M) | Time:00:00.00 | Mem:0.28M, Peak:0.28M | Scene, ViewLayer | Updating Particle Systems
Fra:1 Mem:26.79M (Peak 31.91M) | Time:00:00.00 | Mem:0.28M, Peak:0.28M | Scene, ViewLayer | Updating Particle Systems | Copying Particles to device
Fra:1 Mem:26.79M (Peak 31.91M) | Time:00:00.00 | Mem:0.28M, Peak:0.28M | Scene, ViewLayer | Updating Meshes
Fra:1 Mem:27.38M (Peak 31.91M) | Time:00:00.01 | Mem:0.28M, Peak:0.28M | Scene, ViewLayer | Updating Objects | Applying Static Transformations
Fra:1 Mem:27.38M (Peak 31.91M) | Time:00:00.01 | Mem:0.28M, Peak:0.28M | Scene, ViewLayer | Updating Mesh | Computing attributes
Fra:1 Mem:28.25M (Peak 31.91M) | Time:00:00.01 | Mem:0.29M, Peak:0.29M | Scene, ViewLayer | Updating Mesh | Copying Attributes to device
Fra:1 Mem:28.23M (Peak 31.91M) | Time:00:00.01 | Mem:1.14M, Peak:1.14M | Scene, ViewLayer | Updating Scene BVH | Building
Fra:1 Mem:28.24M (Peak 31.91M) | Time:00:00.01 | Mem:1.14M, Peak:1.14M | Scene, ViewLayer | Updating Scene BVH | Building BVH
Fra:1 Mem:28.24M (Peak 31.91M) | Time:00:00.01 | Mem:1.66M, Peak:1.66M | Scene, ViewLayer | Updating Scene BVH | Building BVH 0%
Fra:1 Mem:28.24M (Peak 31.91M) | Time:00:00.01 | Mem:2.23M, Peak:2.75M | Scene, ViewLayer | Updating Scene BVH | Copying BVH to device
Fra:1 Mem:28.24M (Peak 31.91M) | Time:00:00.01 | Mem:2.23M, Peak:2.75M | Scene, ViewLayer | Updating Mesh | Computing normals
Fra:1 Mem:28.70M (Peak 31.91M) | Time:00:00.01 | Mem:2.23M, Peak:2.75M | Scene, ViewLayer | Updating Mesh | Copying Mesh to device
Fra:1 Mem:28.70M (Peak 31.91M) | Time:00:00.01 | Mem:2.70M, Peak:2.75M | Scene, ViewLayer | Updating Objects Flags
Fra:1 Mem:28.70M (Peak 31.91M) | Time:00:00.01 | Mem:2.70M, Peak:2.75M | Scene, ViewLayer | Updating Primitive Offsets
Fra:1 Mem:28.70M (Peak 31.91M) | Time:00:00.01 | Mem:2.70M, Peak:2.75M | Scene, ViewLayer | Updating Images
Fra:1 Mem:28.70M (Peak 31.91M) | Time:00:00.01 | Mem:2.70M, Peak:2.75M | Scene, ViewLayer | Updating Camera Volume
Fra:1 Mem:28.70M (Peak 31.91M) | Time:00:00.01 | Mem:2.70M, Peak:2.75M | Scene, ViewLayer | Updating Lookup Tables
Fra:1 Mem:28.70M (Peak 31.91M) | Time:00:00.01 | Mem:2.78M, Peak:2.78M | Scene, ViewLayer | Updating Lights
Fra:1 Mem:28.70M (Peak 31.91M) | Time:00:00.01 | Mem:2.78M, Peak:2.78M | Scene, ViewLayer | Updating Lights | Computing tree
Fra:1 Mem:28.70M (Peak 31.91M) | Time:00:00.01 | Mem:2.78M, Peak:2.78M | Scene, ViewLayer | Updating Integrator
Fra:1 Mem:28.70M (Peak 31.91M) | Time:00:00.01 | Mem:2.78M, Peak:2.78M | Scene, ViewLayer | Updating Film
Fra:1 Mem:28.71M (Peak 31.91M) | Time:00:00.01 | Mem:2.70M, Peak:2.78M | Scene, ViewLayer | Updating Lookup Tables
Fra:1 Mem:28.71M (Peak 31.91M) | Time:00:00.01 | Mem:2.78M, Peak:2.78M | Scene, ViewLayer | Updating Baking
Fra:1 Mem:28.71M (Peak 31.91M) | Time:00:00.01 | Mem:2.78M, Peak:2.78M | Scene, ViewLayer | Updating Device | Writing constant memory
Fra:1 Mem:28.71M (Peak 31.91M) | Time:00:00.01 | Mem:2.78M, Peak:2.78M | Scene, ViewLayer | Loading denoising kernels (may take a few minutes the first time)
Fra:1 Mem:28.71M (Peak 31.91M) | Time:00:00.01 | Mem:2.78M, Peak:2.78M | Scene, ViewLayer | Sample 0/20
Fra:1 Mem:47.73M (Peak 47.73M) | Time:00:00.07 | Remaining:00:01.07 | Mem:21.80M, Peak:21.80M | Scene, ViewLayer | Sample 1/20
Fra:1 Mem:55.74M (Peak 67.74M) | Time:00:01.94 | Mem:21.80M, Peak:21.80M | Scene, ViewLayer | Sample 20/20
Fra:1 Mem:55.74M (Peak 67.74M) | Time:00:01.94 | Mem:21.80M, Peak:21.80M | Scene, ViewLayer | Finished
Saved: '/Users/chikumatsuboi/Code/animal-racers-western/assets/source/western/revision2/qa/unicorn/race/control-material.png'
Time: 00:01.96 (Saving: 00:00.01)

REVISION2_MATERIAL_PROOF unicorn race control
Read blend: "/Users/chikumatsuboi/Code/animal-racers-western/assets/source/western/revision2/candidate/unicorn.blend"
Fra:1 Mem:29.19M (Peak 29.19M) | Time:00:00.00 | Mem:0.00M, Peak:0.00M | Scene, ViewLayer | Synchronizing object | Body • continuous sculpted skin
Fra:1 Mem:29.52M (Peak 29.52M) | Time:00:00.00 | Mem:0.00M, Peak:0.00M | Scene, ViewLayer | Synchronizing object | Matched softbox.002
Fra:1 Mem:29.57M (Peak 29.57M) | Time:00:00.00 | Mem:0.00M, Peak:0.00M | Scene, ViewLayer | Synchronizing object | Matched softbox.001
Fra:1 Mem:29.70M (Peak 29.70M) | Time:00:00.00 | Mem:0.00M, Peak:0.00M | Scene, ViewLayer | Synchronizing object | Matched softbox
Fra:1 Mem:29.76M (Peak 29.76M) | Time:00:00.00 | Mem:0.00M, Peak:0.00M | Scene, ViewLayer | Synchronizing object | R2 flowing rainbow tail.008
Fra:1 Mem:29.67M (Peak 29.76M) | Time:00:00.00 | Mem:0.00M, Peak:0.00M | Scene, ViewLayer | Synchronizing object | Bronzed hoof
Fra:1 Mem:29.70M (Peak 29.76M) | Time:00:00.00 | Mem:0.00M, Peak:0.00M | Scene, ViewLayer | Synchronizing object | R2 flowing rainbow tail.007
Fra:1 Mem:29.71M (Peak 29.76M) | Time:00:00.00 | Mem:0.00M, Peak:0.00M | Scene, ViewLayer | Synchronizing object | Hoof cleft
Fra:1 Mem:29.73M (Peak 29.76M) | Time:00:00.00 | Mem:0.00M, Peak:0.00M | Scene, ViewLayer | Synchronizing object | R2 flowing rainbow tail.006
Fra:1 Mem:29.75M (Peak 29.76M) | Time:00:00.00 | Mem:0.00M, Peak:0.00M | Scene, ViewLayer | Synchronizing object | Bronzed hoof.001
Fra:1 Mem:29.78M (Peak 29.78M) | Time:00:00.00 | Mem:0.00M, Peak:0.00M | Scene, ViewLayer | Synchronizing object | R2 flowing rainbow tail.005
Fra:1 Mem:29.78M (Peak 29.78M) | Time:00:00.00 | Mem:0.00M, Peak:0.00M | Scene, ViewLayer | Synchronizing object | Hoof cleft.001
Fra:1 Mem:29.80M (Peak 29.80M) | Time:00:00.00 | Mem:0.00M, Peak:0.00M | Scene, ViewLayer | Synchronizing object | R2 flowing rainbow tail.004
Fra:1 Mem:29.80M (Peak 29.80M) | Time:00:00.00 | Mem:0.00M, Peak:0.00M | Scene, ViewLayer | Synchronizing object | Bronzed hoof.002
Fra:1 Mem:29.83M (Peak 29.83M) | Time:00:00.00 | Mem:0.00M, Peak:0.00M | Scene, ViewLayer | Synchronizing object | R2 flowing rainbow tail.003
Fra:1 Mem:29.84M (Peak 29.84M) | Time:00:00.00 | Mem:0.00M, Peak:0.00M | Scene, ViewLayer | Synchronizing object | Hoof cleft.002
Fra:1 Mem:29.86M (Peak 29.86M) | Time:00:00.00 | Mem:0.00M, Peak:0.00M | Scene, ViewLayer | Synchronizing object | R2 flowing rainbow tail.002
Fra:1 Mem:29.86M (Peak 29.86M) | Time:00:00.00 | Mem:0.00M, Peak:0.00M | Scene, ViewLayer | Synchronizing object | Bronzed hoof.003
Fra:1 Mem:29.89M (Peak 29.89M) | Time:00:00.00 | Mem:0.00M, Peak:0.00M | Scene, ViewLayer | Synchronizing object | R2 flowing rainbow tail.001
Fra:1 Mem:29.89M (Peak 29.89M) | Time:00:00.00 | Mem:0.00M, Peak:0.00M | Scene, ViewLayer | Synchronizing object | Hoof cleft.003
Fra:1 Mem:29.92M (Peak 29.92M) | Time:00:00.00 | Mem:0.00M, Peak:0.00M | Scene, ViewLayer | Synchronizing object | Fetlock feather
Fra:1 Mem:29.94M (Peak 29.94M) | Time:00:00.00 | Mem:0.00M, Peak:0.00M | Scene, ViewLayer | Synchronizing object | R2 flowing rainbow tail
Fra:1 Mem:29.94M (Peak 29.94M) | Time:00:00.00 | Mem:0.00M, Peak:0.00M | Scene, ViewLayer | Synchronizing object | Fetlock feather.001
Fra:1 Mem:29.96M (Peak 29.96M) | Time:00:00.00 | Mem:0.00M, Peak:0.00M | Scene, ViewLayer | Synchronizing object | R2 spiral ivory horn
Fra:1 Mem:29.97M (Peak 29.97M) | Time:00:00.00 | Mem:0.00M, Peak:0.00M | Scene, ViewLayer | Synchronizing object | Fetlock feather.002
Fra:1 Mem:30.01M (Peak 30.01M) | Time:00:00.00 | Mem:0.00M, Peak:0.00M | Scene, ViewLayer | Synchronizing object | Fetlock feather.003
Fra:1 Mem:30.03M (Peak 30.03M) | Time:00:00.00 | Mem:0.00M, Peak:0.00M | Scene, ViewLayer | Synchronizing object | R2 swept forelock.002
Fra:1 Mem:30.02M (Peak 30.03M) | Time:00:00.00 | Mem:0.00M, Peak:0.00M | Scene, ViewLayer | Synchronizing object | Fetlock feather.004
Fra:1 Mem:30.04M (Peak 30.04M) | Time:00:00.00 | Mem:0.00M, Peak:0.00M | Scene, ViewLayer | Synchronizing object | Fetlock feather.005
Fra:1 Mem:30.04M (Peak 30.04M) | Time:00:00.00 | Mem:0.00M, Peak:0.00M | Scene, ViewLayer | Synchronizing object | R2 swept forelock.001
Fra:1 Mem:30.05M (Peak 30.05M) | Time:00:00.00 | Mem:0.00M, Peak:0.00M | Scene, ViewLayer | Synchronizing object | Fetlock feather.006
Fra:1 Mem:30.07M (Peak 30.07M) | Time:00:00.00 | Mem:0.00M, Peak:0.00M | Scene, ViewLayer | Synchronizing object | R2 swept forelock
Fra:1 Mem:30.07M (Peak 30.07M) | Time:00:00.00 | Mem:0.00M, Peak:0.00M | Scene, ViewLayer | Synchronizing object | Fetlock feather.007
Fra:1 Mem:30.09M (Peak 30.09M) | Time:00:00.00 | Mem:0.00M, Peak:0.00M | Scene, ViewLayer | Synchronizing object | R2 layered rainbow mane.011
Fra:1 Mem:30.10M (Peak 30.10M) | Time:00:00.00 | Mem:0.00M, Peak:0.00M | Scene, ViewLayer | Synchronizing object | Fetlock feather.008
Fra:1 Mem:30.13M (Peak 30.13M) | Time:00:00.00 | Mem:0.00M, Peak:0.00M | Scene, ViewLayer | Synchronizing object | Fetlock feather.009
Fra:1 Mem:30.13M (Peak 30.13M) | Time:00:00.00 | Mem:0.00M, Peak:0.00M | Scene, ViewLayer | Synchronizing object | R2 layered rainbow mane.010
Fra:1 Mem:30.13M (Peak 30.13M) | Time:00:00.00 | Mem:0.00M, Peak:0.00M | Scene, ViewLayer | Synchronizing object | Fetlock feather.010
Fra:1 Mem:30.16M (Peak 30.16M) | Time:00:00.00 | Mem:0.00M, Peak:0.00M | Scene, ViewLayer | Synchronizing object | Fetlock feather.011
Fra:1 Mem:30.18M (Peak 30.18M) | Time:00:00.00 | Mem:0.00M, Peak:0.00M | Scene, ViewLayer | Synchronizing object | R2 layered rainbow mane.009
Fra:1 Mem:30.17M (Peak 30.18M) | Time:00:00.00 | Mem:0.00M, Peak:0.00M | Scene, ViewLayer | Synchronizing object | Fetlock feather.012
Fra:1 Mem:30.19M (Peak 30.19M) | Time:00:00.00 | Mem:0.00M, Peak:0.00M | Scene, ViewLayer | Synchronizing object | Fetlock feather.013
Fra:1 Mem:30.21M (Peak 30.21M) | Time:00:00.00 | Mem:0.00M, Peak:0.00M | Scene, ViewLayer | Synchronizing object | R2 layered rainbow mane.008
Fra:1 Mem:30.20M (Peak 30.21M) | Time:00:00.00 | Mem:0.00M, Peak:0.00M | Scene, ViewLayer | Synchronizing object | Fetlock feather.014
Fra:1 Mem:30.23M (Peak 30.23M) | Time:00:00.00 | Mem:0.00M, Peak:0.00M | Scene, ViewLayer | Synchronizing object | Fetlock feather.015
Fra:1 Mem:30.25M (Peak 30.25M) | Time:00:00.00 | Mem:0.00M, Peak:0.00M | Scene, ViewLayer | Synchronizing object | R2 layered rainbow mane.007
Fra:1 Mem:30.24M (Peak 30.25M) | Time:00:00.00 | Mem:0.00M, Peak:0.00M | Scene, ViewLayer | Synchronizing object | Fetlock feather.016
Fra:1 Mem:30.26M (Peak 30.26M) | Time:00:00.00 | Mem:0.00M, Peak:0.00M | Scene, ViewLayer | Synchronizing object | Fetlock feather.017
Fra:1 Mem:30.27M (Peak 30.27M) | Time:00:00.00 | Mem:0.00M, Peak:0.00M | Scene, ViewLayer | Synchronizing object | R2 layered rainbow mane.006
Fra:1 Mem:30.27M (Peak 30.27M) | Time:00:00.00 | Mem:0.00M, Peak:0.00M | Scene, ViewLayer | Synchronizing object | Fetlock feather.018
Fra:1 Mem:30.29M (Peak 30.29M) | Time:00:00.00 | Mem:0.00M, Peak:0.00M | Scene, ViewLayer | Synchronizing object | Fetlock feather.019
Fra:1 Mem:30.31M (Peak 30.31M) | Time:00:00.00 | Mem:0.00M, Peak:0.00M | Scene, ViewLayer | Synchronizing object | R2 layered rainbow mane.005
Fra:1 Mem:30.31M (Peak 30.31M) | Time:00:00.00 | Mem:0.00M, Peak:0.00M | Scene, ViewLayer | Synchronizing object | Articulated tail
Fra:1 Mem:30.35M (Peak 30.35M) | Time:00:00.00 | Mem:0.00M, Peak:0.00M | Scene, ViewLayer | Synchronizing object | R2 layered rainbow mane.004
Fra:1 Mem:30.37M (Peak 30.37M) | Time:00:00.00 | Mem:0.00M, Peak:0.00M | Scene, ViewLayer | Synchronizing object | Leather neckerchief roll
Fra:1 Mem:30.41M (Peak 30.41M) | Time:00:00.00 | Mem:0.00M, Peak:0.00M | Scene, ViewLayer | Synchronizing object | R2 layered rainbow mane.003
Fra:1 Mem:30.43M (Peak 30.43M) | Time:00:00.00 | Mem:0.00M, Peak:0.00M | Scene, ViewLayer | Synchronizing object | Neckerchief folded point
Fra:1 Mem:30.45M (Peak 30.45M) | Time:00:00.00 | Mem:0.00M, Peak:0.00M | Scene, ViewLayer | Synchronizing object | Brass crest clasp
Fra:1 Mem:30.45M (Peak 30.45M) | Time:00:00.00 | Mem:0.00M, Peak:0.00M | Scene, ViewLayer | Synchronizing object | R2 layered rainbow mane.002
Fra:1 Mem:30.49M (Peak 30.49M) | Time:00:00.00 | Mem:0.00M, Peak:0.00M | Scene, ViewLayer | Synchronizing object | Raised elemental crest
Fra:1 Mem:30.50M (Peak 30.50M) | Time:00:00.00 | Mem:0.00M, Peak:0.00M | Scene, ViewLayer | Synchronizing object | R2 layered rainbow mane.001
Fra:1 Mem:30.50M (Peak 30.50M) | Time:00:00.00 | Mem:0.00M, Peak:0.00M | Scene, ViewLayer | Synchronizing object | R2 connected orbital skull and species muzzle
Fra:1 Mem:30.57M (Peak 30.57M) | Time:00:00.00 | Mem:0.00M, Peak:0.00M | Scene, ViewLayer | Synchronizing object | R2 layered rainbow mane
Fra:1 Mem:30.77M (Peak 30.77M) | Time:00:00.00 | Mem:0.00M, Peak:0.00M | Scene, ViewLayer | Synchronizing object | R2 cupped species ear.001
Fra:1 Mem:30.80M (Peak 30.80M) | Time:00:00.00 | Mem:0.00M, Peak:0.00M | Scene, ViewLayer | Synchronizing object | R2 cupped species ear
Fra:1 Mem:30.81M (Peak 30.81M) | Time:00:00.00 | Mem:0.00M, Peak:0.00M | Scene, ViewLayer | Synchronizing object | R2 equine closed lip seam
Fra:1 Mem:30.82M (Peak 30.82M) | Time:00:00.00 | Mem:0.00M, Peak:0.00M | Scene, ViewLayer | Synchronizing object | R2 equine nostril.001
Fra:1 Mem:30.82M (Peak 30.82M) | Time:00:00.00 | Mem:0.00M, Peak:0.00M | Scene, ViewLayer | Synchronizing object | R2 equine nostril
Fra:1 Mem:30.85M (Peak 30.85M) | Time:00:00.00 | Mem:0.00M, Peak:0.00M | Scene, ViewLayer | Synchronizing object | R2 integrated brow ridge.001
Fra:1 Mem:31.02M (Peak 31.02M) | Time:00:00.00 | Mem:0.00M, Peak:0.00M | Scene, ViewLayer | Synchronizing object | R2 shaded upper eyelid margin.001
Fra:1 Mem:30.99M (Peak 31.02M) | Time:00:00.00 | Mem:0.00M, Peak:0.00M | Scene, ViewLayer | Synchronizing object | R2 inset almond sclera
Fra:1 Mem:31.01M (Peak 31.02M) | Time:00:00.00 | Mem:0.00M, Peak:0.00M | Scene, ViewLayer | Synchronizing object | R2 catchlight.001
Fra:1 Mem:31.02M (Peak 31.02M) | Time:00:00.00 | Mem:0.00M, Peak:0.00M | Scene, ViewLayer | Synchronizing object | R2 iris
Fra:1 Mem:31.02M (Peak 31.02M) | Time:00:00.00 | Mem:0.00M, Peak:0.00M | Scene, ViewLayer | Synchronizing object | R2 pupil.001
Fra:1 Mem:31.02M (Peak 31.02M) | Time:00:00.00 | Mem:0.00M, Peak:0.00M | Scene, ViewLayer | Synchronizing object | R2 pupil
Fra:1 Mem:31.02M (Peak 31.02M) | Time:00:00.00 | Mem:0.00M, Peak:0.00M | Scene, ViewLayer | Synchronizing object | R2 iris.001
Fra:1 Mem:31.03M (Peak 31.03M) | Time:00:00.00 | Mem:0.00M, Peak:0.00M | Scene, ViewLayer | Synchronizing object | R2 catchlight
Fra:1 Mem:31.03M (Peak 31.03M) | Time:00:00.00 | Mem:0.00M, Peak:0.00M | Scene, ViewLayer | Synchronizing object | R2 inset almond sclera.001
Fra:1 Mem:31.04M (Peak 31.04M) | Time:00:00.00 | Mem:0.00M, Peak:0.00M | Scene, ViewLayer | Synchronizing object | R2 shaded upper eyelid margin
Fra:1 Mem:31.06M (Peak 31.06M) | Time:00:00.00 | Mem:0.00M, Peak:0.00M | Scene, ViewLayer | Synchronizing object | R2 integrated brow ridge
Fra:1 Mem:31.08M (Peak 31.08M) | Time:00:00.00 | Mem:0.00M, Peak:0.00M | Scene, ViewLayer | Initializing
Fra:1 Mem:29.67M (Peak 31.08M) | Time:00:00.00 | Mem:0.00M, Peak:0.00M | Scene, ViewLayer | Updating Images | Loading Authored short-fur normal
Fra:1 Mem:26.39M (Peak 31.08M) | Time:00:00.00 | Mem:0.25M, Peak:0.25M | Scene, ViewLayer | Waiting for render to start
Fra:1 Mem:26.39M (Peak 31.08M) | Time:00:00.00 | Mem:0.25M, Peak:0.25M | Scene, ViewLayer | Updating Scene
Fra:1 Mem:26.39M (Peak 31.08M) | Time:00:00.00 | Mem:0.25M, Peak:0.25M | Scene, ViewLayer | Updating Shaders
Fra:1 Mem:26.39M (Peak 31.08M) | Time:00:00.00 | Mem:0.25M, Peak:0.25M | Scene, ViewLayer | Loading render kernels (may take a few minutes the first time)
Fra:1 Mem:26.47M (Peak 31.08M) | Time:00:00.00 | Mem:0.26M, Peak:0.26M | Scene, ViewLayer | Updating Procedurals
Fra:1 Mem:26.47M (Peak 31.08M) | Time:00:00.00 | Mem:0.26M, Peak:0.26M | Scene, ViewLayer | Updating Background
Fra:1 Mem:26.47M (Peak 31.08M) | Time:00:00.00 | Mem:0.26M, Peak:0.26M | Scene, ViewLayer | Updating Camera
Fra:1 Mem:26.47M (Peak 31.08M) | Time:00:00.00 | Mem:0.26M, Peak:0.26M | Scene, ViewLayer | Updating Meshes Flags
Fra:1 Mem:26.47M (Peak 31.08M) | Time:00:00.00 | Mem:0.26M, Peak:0.26M | Scene, ViewLayer | Updating Objects
Fra:1 Mem:26.47M (Peak 31.08M) | Time:00:00.00 | Mem:0.26M, Peak:0.26M | Scene, ViewLayer | Updating Objects | Copying Transformations to device
Fra:1 Mem:26.49M (Peak 31.08M) | Time:00:00.00 | Mem:0.28M, Peak:0.28M | Scene, ViewLayer | Updating Particle Systems
Fra:1 Mem:26.49M (Peak 31.08M) | Time:00:00.00 | Mem:0.28M, Peak:0.28M | Scene, ViewLayer | Updating Particle Systems | Copying Particles to device
Fra:1 Mem:26.49M (Peak 31.08M) | Time:00:00.00 | Mem:0.28M, Peak:0.28M | Scene, ViewLayer | Updating Meshes
Fra:1 Mem:27.40M (Peak 31.08M) | Time:00:00.00 | Mem:0.28M, Peak:0.28M | Scene, ViewLayer | Updating Objects | Applying Static Transformations
Fra:1 Mem:27.40M (Peak 31.08M) | Time:00:00.00 | Mem:0.28M, Peak:0.28M | Scene, ViewLayer | Updating Mesh | Computing attributes
Fra:1 Mem:28.76M (Peak 31.08M) | Time:00:00.00 | Mem:0.29M, Peak:0.29M | Scene, ViewLayer | Updating Mesh | Copying Attributes to device
Fra:1 Mem:28.74M (Peak 31.08M) | Time:00:00.00 | Mem:1.61M, Peak:1.61M | Scene, ViewLayer | Updating Scene BVH | Building
Fra:1 Mem:28.74M (Peak 31.08M) | Time:00:00.00 | Mem:1.61M, Peak:1.61M | Scene, ViewLayer | Updating Scene BVH | Building BVH
Fra:1 Mem:28.74M (Peak 31.08M) | Time:00:00.00 | Mem:2.15M, Peak:2.15M | Scene, ViewLayer | Updating Scene BVH | Building BVH 0%
Fra:1 Mem:28.74M (Peak 31.08M) | Time:00:00.01 | Mem:2.75M, Peak:3.29M | Scene, ViewLayer | Updating Scene BVH | Copying BVH to device
Fra:1 Mem:28.74M (Peak 31.08M) | Time:00:00.01 | Mem:2.75M, Peak:3.29M | Scene, ViewLayer | Updating Mesh | Computing normals
Fra:1 Mem:29.22M (Peak 31.08M) | Time:00:00.01 | Mem:2.75M, Peak:3.29M | Scene, ViewLayer | Updating Mesh | Copying Mesh to device
Fra:1 Mem:29.22M (Peak 31.08M) | Time:00:00.01 | Mem:3.23M, Peak:3.29M | Scene, ViewLayer | Updating Objects Flags
Fra:1 Mem:29.22M (Peak 31.08M) | Time:00:00.01 | Mem:3.23M, Peak:3.29M | Scene, ViewLayer | Updating Primitive Offsets
Fra:1 Mem:29.22M (Peak 31.08M) | Time:00:00.01 | Mem:3.23M, Peak:3.29M | Scene, ViewLayer | Updating Images
Fra:1 Mem:29.22M (Peak 31.08M) | Time:00:00.01 | Mem:3.23M, Peak:3.29M | Scene, ViewLayer | Updating Camera Volume
Fra:1 Mem:29.22M (Peak 31.08M) | Time:00:00.01 | Mem:3.23M, Peak:3.29M | Scene, ViewLayer | Updating Lookup Tables
Fra:1 Mem:29.22M (Peak 31.08M) | Time:00:00.01 | Mem:3.31M, Peak:3.31M | Scene, ViewLayer | Updating Lights
Fra:1 Mem:29.22M (Peak 31.08M) | Time:00:00.01 | Mem:3.31M, Peak:3.31M | Scene, ViewLayer | Updating Lights | Computing tree
Fra:1 Mem:29.22M (Peak 31.08M) | Time:00:00.01 | Mem:3.31M, Peak:3.31M | Scene, ViewLayer | Updating Integrator
Fra:1 Mem:29.22M (Peak 31.08M) | Time:00:00.01 | Mem:3.31M, Peak:3.31M | Scene, ViewLayer | Updating Film
Fra:1 Mem:29.23M (Peak 31.08M) | Time:00:00.01 | Mem:3.23M, Peak:3.31M | Scene, ViewLayer | Updating Lookup Tables
Fra:1 Mem:29.23M (Peak 31.08M) | Time:00:00.01 | Mem:3.32M, Peak:3.32M | Scene, ViewLayer | Updating Baking
Fra:1 Mem:29.23M (Peak 31.08M) | Time:00:00.01 | Mem:3.32M, Peak:3.32M | Scene, ViewLayer | Updating Device | Writing constant memory
Fra:1 Mem:29.23M (Peak 31.08M) | Time:00:00.01 | Mem:3.32M, Peak:3.32M | Scene, ViewLayer | Loading denoising kernels (may take a few minutes the first time)
Fra:1 Mem:29.23M (Peak 31.08M) | Time:00:00.01 | Mem:3.32M, Peak:3.32M | Scene, ViewLayer | Sample 0/20
Fra:1 Mem:48.25M (Peak 48.25M) | Time:00:00.06 | Remaining:00:01.03 | Mem:22.33M, Peak:22.33M | Scene, ViewLayer | Sample 1/20
Fra:1 Mem:56.26M (Peak 68.26M) | Time:00:02.10 | Mem:22.33M, Peak:22.33M | Scene, ViewLayer | Sample 20/20
Fra:1 Mem:56.26M (Peak 68.26M) | Time:00:02.10 | Mem:22.33M, Peak:22.33M | Scene, ViewLayer | Finished
Saved: '/Users/chikumatsuboi/Code/animal-racers-western/assets/source/western/revision2/qa/unicorn/race/candidate-material.png'
Time: 00:02.12 (Saving: 00:00.02)

REVISION2_MATERIAL_PROOF unicorn race candidate
Read blend: "/Users/chikumatsuboi/Code/animal-racers-western/assets/source/western/revision2/inputs/unicorn.blend"
Saved: '/Users/chikumatsuboi/Code/animal-racers-western/assets/source/western/revision2/qa/unicorn/race/motion/control/attack/0000.png'
Time: 00:00.04 (Saving: 00:00.00)

Saved: '/Users/chikumatsuboi/Code/animal-racers-western/assets/source/western/revision2/qa/unicorn/race/motion/control/attack/0001.png'
Time: 00:00.02 (Saving: 00:00.00)

Saved: '/Users/chikumatsuboi/Code/animal-racers-western/assets/source/western/revision2/qa/unicorn/race/motion/control/attack/0002.png'
Time: 00:00.02 (Saving: 00:00.00)

Saved: '/Users/chikumatsuboi/Code/animal-racers-western/assets/source/western/revision2/qa/unicorn/race/motion/control/attack/0003.png'
Time: 00:00.02 (Saving: 00:00.00)

Saved: '/Users/chikumatsuboi/Code/animal-racers-western/assets/source/western/revision2/qa/unicorn/race/motion/control/attack/0004.png'
Time: 00:00.02 (Saving: 00:00.00)

Saved: '/Users/chikumatsuboi/Code/animal-racers-western/assets/source/western/revision2/qa/unicorn/race/motion/control/attack/0005.png'
Time: 00:00.02 (Saving: 00:00.00)

Saved: '/Users/chikumatsuboi/Code/animal-racers-western/assets/source/western/revision2/qa/unicorn/race/motion/control/attack/0006.png'
Time: 00:00.02 (Saving: 00:00.00)

Saved: '/Users/chikumatsuboi/Code/animal-racers-western/assets/source/western/revision2/qa/unicorn/race/motion/control/attack/0007.png'
Time: 00:00.03 (Saving: 00:00.00)

Saved: '/Users/chikumatsuboi/Code/animal-racers-western/assets/source/western/revision2/qa/unicorn/race/motion/control/attack/0008.png'
Time: 00:00.02 (Saving: 00:00.00)

Saved: '/Users/chikumatsuboi/Code/animal-racers-western/assets/source/western/revision2/qa/unicorn/race/motion/control/attack/0009.png'
Time: 00:00.03 (Saving: 00:00.00)

Saved: '/Users/chikumatsuboi/Code/animal-racers-western/assets/source/western/revision2/qa/unicorn/race/motion/control/attack/0010.png'
Time: 00:00.03 (Saving: 00:00.00)

Saved: '/Users/chikumatsuboi/Code/animal-racers-western/assets/source/western/revision2/qa/unicorn/race/motion/control/attack/0011.png'
Time: 00:00.03 (Saving: 00:00.00)

Saved: '/Users/chikumatsuboi/Code/animal-racers-western/assets/source/western/revision2/qa/unicorn/race/motion/control/attack/0012.png'
Time: 00:00.03 (Saving: 00:00.00)

Saved: '/Users/chikumatsuboi/Code/animal-racers-western/assets/source/western/revision2/qa/unicorn/race/motion/control/attack/0013.png'
Time: 00:00.03 (Saving: 00:00.00)

Saved: '/Users/chikumatsuboi/Code/animal-racers-western/assets/source/western/revision2/qa/unicorn/race/motion/control/attack/0014.png'
Time: 00:00.03 (Saving: 00:00.00)

Saved: '/Users/chikumatsuboi/Code/animal-racers-western/assets/source/western/revision2/qa/unicorn/race/motion/control/attack/0015.png'
Time: 00:00.03 (Saving: 00:00.00)

Saved: '/Users/chikumatsuboi/Code/animal-racers-western/assets/source/western/revision2/qa/unicorn/race/motion/control/attack/0016.png'
Time: 00:00.03 (Saving: 00:00.00)

Saved: '/Users/chikumatsuboi/Code/animal-racers-western/assets/source/western/revision2/qa/unicorn/race/motion/control/attack/0017.png'
Time: 00:00.03 (Saving: 00:00.00)

Saved: '/Users/chikumatsuboi/Code/animal-racers-western/assets/source/western/revision2/qa/unicorn/race/motion/control/attack/0018.png'
Time: 00:00.03 (Saving: 00:00.00)

Saved: '/Users/chikumatsuboi/Code/animal-racers-western/assets/source/western/revision2/qa/unicorn/race/motion/control/attack/0019.png'
Time: 00:00.03 (Saving: 00:00.00)

Saved: '/Users/chikumatsuboi/Code/animal-racers-western/assets/source/western/revision2/qa/unicorn/race/motion/control/attack/0020.png'
Time: 00:00.02 (Saving: 00:00.00)

Saved: '/Users/chikumatsuboi/Code/animal-racers-western/assets/source/western/revision2/qa/unicorn/race/motion/control/attack/0021.png'
Time: 00:00.02 (Saving: 00:00.00)

Saved: '/Users/chikumatsuboi/Code/animal-racers-western/assets/source/western/revision2/qa/unicorn/race/motion/control/attack/0022.png'
Time: 00:00.02 (Saving: 00:00.00)

Saved: '/Users/chikumatsuboi/Code/animal-racers-western/assets/source/western/revision2/qa/unicorn/race/motion/control/attack/0023.png'
Time: 00:00.03 (Saving: 00:00.00)

Read blend: "/Users/chikumatsuboi/Code/animal-racers-western/assets/source/western/revision2/candidate/unicorn.blend"
Saved: '/Users/chikumatsuboi/Code/animal-racers-western/assets/source/western/revision2/qa/unicorn/race/motion/candidate/attack/0000.png'
Time: 00:00.03 (Saving: 00:00.00)

Saved: '/Users/chikumatsuboi/Code/animal-racers-western/assets/source/western/revision2/qa/unicorn/race/motion/candidate/attack/0001.png'
Time: 00:00.03 (Saving: 00:00.00)

Saved: '/Users/chikumatsuboi/Code/animal-racers-western/assets/source/western/revision2/qa/unicorn/race/motion/candidate/attack/0002.png'
Time: 00:00.03 (Saving: 00:00.00)

Saved: '/Users/chikumatsuboi/Code/animal-racers-western/assets/source/western/revision2/qa/unicorn/race/motion/candidate/attack/0003.png'
Time: 00:00.03 (Saving: 00:00.01)

Saved: '/Users/chikumatsuboi/Code/animal-racers-western/assets/source/western/revision2/qa/unicorn/race/motion/candidate/attack/0004.png'
Time: 00:00.03 (Saving: 00:00.00)

Saved: '/Users/chikumatsuboi/Code/animal-racers-western/assets/source/western/revision2/qa/unicorn/race/motion/candidate/attack/0005.png'
Time: 00:00.03 (Saving: 00:00.00)

Saved: '/Users/chikumatsuboi/Code/animal-racers-western/assets/source/western/revision2/qa/unicorn/race/motion/candidate/attack/0006.png'
Time: 00:00.03 (Saving: 00:00.00)

Saved: '/Users/chikumatsuboi/Code/animal-racers-western/assets/source/western/revision2/qa/unicorn/race/motion/candidate/attack/0007.png'
Time: 00:00.03 (Saving: 00:00.00)

Saved: '/Users/chikumatsuboi/Code/animal-racers-western/assets/source/western/revision2/qa/unicorn/race/motion/candidate/attack/0008.png'
Time: 00:00.02 (Saving: 00:00.00)

Saved: '/Users/chikumatsuboi/Code/animal-racers-western/assets/source/western/revision2/qa/unicorn/race/motion/candidate/attack/0009.png'
Time: 00:00.03 (Saving: 00:00.00)

Saved: '/Users/chikumatsuboi/Code/animal-racers-western/assets/source/western/revision2/qa/unicorn/race/motion/candidate/attack/0010.png'
Time: 00:00.03 (Saving: 00:00.00)

Saved: '/Users/chikumatsuboi/Code/animal-racers-western/assets/source/western/revision2/qa/unicorn/race/motion/candidate/attack/0011.png'
Time: 00:00.03 (Saving: 00:00.00)

Saved: '/Users/chikumatsuboi/Code/animal-racers-western/assets/source/western/revision2/qa/unicorn/race/motion/candidate/attack/0012.png'
Time: 00:00.03 (Saving: 00:00.00)

Saved: '/Users/chikumatsuboi/Code/animal-racers-western/assets/source/western/revision2/qa/unicorn/race/motion/candidate/attack/0013.png'
Time: 00:00.03 (Saving: 00:00.00)

Saved: '/Users/chikumatsuboi/Code/animal-racers-western/assets/source/western/revision2/qa/unicorn/race/motion/candidate/attack/0014.png'
Time: 00:00.03 (Saving: 00:00.00)

Saved: '/Users/chikumatsuboi/Code/animal-racers-western/assets/source/western/revision2/qa/unicorn/race/motion/candidate/attack/0015.png'
Time: 00:00.02 (Saving: 00:00.00)

Saved: '/Users/chikumatsuboi/Code/animal-racers-western/assets/source/western/revision2/qa/unicorn/race/motion/candidate/attack/0016.png'
Time: 00:00.02 (Saving: 00:00.00)

Saved: '/Users/chikumatsuboi/Code/animal-racers-western/assets/source/western/revision2/qa/unicorn/race/motion/candidate/attack/0017.png'
Time: 00:00.02 (Saving: 00:00.00)

Saved: '/Users/chikumatsuboi/Code/animal-racers-western/assets/source/western/revision2/qa/unicorn/race/motion/candidate/attack/0018.png'
Time: 00:00.02 (Saving: 00:00.00)

Saved: '/Users/chikumatsuboi/Code/animal-racers-western/assets/source/western/revision2/qa/unicorn/race/motion/candidate/attack/0019.png'
Time: 00:00.02 (Saving: 00:00.00)

Saved: '/Users/chikumatsuboi/Code/animal-racers-western/assets/source/western/revision2/qa/unicorn/race/motion/candidate/attack/0020.png'
Time: 00:00.02 (Saving: 00:00.00)

Saved: '/Users/chikumatsuboi/Code/animal-racers-western/assets/source/western/revision2/qa/unicorn/race/motion/candidate/attack/0021.png'
Time: 00:00.02 (Saving: 00:00.00)

Saved: '/Users/chikumatsuboi/Code/animal-racers-western/assets/source/western/revision2/qa/unicorn/race/motion/candidate/attack/0022.png'
Time: 00:00.03 (Saving: 00:00.00)

Saved: '/Users/chikumatsuboi/Code/animal-racers-western/assets/source/western/revision2/qa/unicorn/race/motion/candidate/attack/0023.png'
Time: 00:00.02 (Saving: 00:00.00)

REVISION2_MOTION unicorn race attack 24
Read blend: "/Users/chikumatsuboi/Code/animal-racers-western/assets/source/western/revision2/inputs/unicorn.blend"
Saved: '/Users/chikumatsuboi/Code/animal-racers-western/assets/source/western/revision2/qa/unicorn/race/motion/control/celebrate/0000.png'
Time: 00:00.03 (Saving: 00:00.00)

Saved: '/Users/chikumatsuboi/Code/animal-racers-western/assets/source/western/revision2/qa/unicorn/race/motion/control/celebrate/0001.png'
Time: 00:00.04 (Saving: 00:00.00)

Saved: '/Users/chikumatsuboi/Code/animal-racers-western/assets/source/western/revision2/qa/unicorn/race/motion/control/celebrate/0002.png'
Time: 00:00.04 (Saving: 00:00.00)

Saved: '/Users/chikumatsuboi/Code/animal-racers-western/assets/source/western/revision2/qa/unicorn/race/motion/control/celebrate/0003.png'
Time: 00:00.03 (Saving: 00:00.00)

Saved: '/Users/chikumatsuboi/Code/animal-racers-western/assets/source/western/revision2/qa/unicorn/race/motion/control/celebrate/0004.png'
Time: 00:00.03 (Saving: 00:00.00)

Saved: '/Users/chikumatsuboi/Code/animal-racers-western/assets/source/western/revision2/qa/unicorn/race/motion/control/celebrate/0005.png'
Time: 00:00.03 (Saving: 00:00.00)

Saved: '/Users/chikumatsuboi/Code/animal-racers-western/assets/source/western/revision2/qa/unicorn/race/motion/control/celebrate/0006.png'
Time: 00:00.03 (Saving: 00:00.00)

Saved: '/Users/chikumatsuboi/Code/animal-racers-western/assets/source/western/revision2/qa/unicorn/race/motion/control/celebrate/0007.png'
Time: 00:00.03 (Saving: 00:00.00)

Saved: '/Users/chikumatsuboi/Code/animal-racers-western/assets/source/western/revision2/qa/unicorn/race/motion/control/celebrate/0008.png'
Time: 00:00.04 (Saving: 00:00.01)

Saved: '/Users/chikumatsuboi/Code/animal-racers-western/assets/source/western/revision2/qa/unicorn/race/motion/control/celebrate/0009.png'
Time: 00:00.03 (Saving: 00:00.00)

Saved: '/Users/chikumatsuboi/Code/animal-racers-western/assets/source/western/revision2/qa/unicorn/race/motion/control/celebrate/0010.png'
Time: 00:00.04 (Saving: 00:00.00)

Saved: '/Users/chikumatsuboi/Code/animal-racers-western/assets/source/western/revision2/qa/unicorn/race/motion/control/celebrate/0011.png'
Time: 00:00.03 (Saving: 00:00.00)

Saved: '/Users/chikumatsuboi/Code/animal-racers-western/assets/source/western/revision2/qa/unicorn/race/motion/control/celebrate/0012.png'
Time: 00:00.02 (Saving: 00:00.00)

Saved: '/Users/chikumatsuboi/Code/animal-racers-western/assets/source/western/revision2/qa/unicorn/race/motion/control/celebrate/0013.png'
Time: 00:00.02 (Saving: 00:00.00)

Saved: '/Users/chikumatsuboi/Code/animal-racers-western/assets/source/western/revision2/qa/unicorn/race/motion/control/celebrate/0014.png'
Time: 00:00.02 (Saving: 00:00.00)

Saved: '/Users/chikumatsuboi/Code/animal-racers-western/assets/source/western/revision2/qa/unicorn/race/motion/control/celebrate/0015.png'
Time: 00:00.02 (Saving: 00:00.00)

Saved: '/Users/chikumatsuboi/Code/animal-racers-western/assets/source/western/revision2/qa/unicorn/race/motion/control/celebrate/0016.png'
Time: 00:00.03 (Saving: 00:00.00)

Saved: '/Users/chikumatsuboi/Code/animal-racers-western/assets/source/western/revision2/qa/unicorn/race/motion/control/celebrate/0017.png'
Time: 00:00.03 (Saving: 00:00.00)

Saved: '/Users/chikumatsuboi/Code/animal-racers-western/assets/source/western/revision2/qa/unicorn/race/motion/control/celebrate/0018.png'
Time: 00:00.03 (Saving: 00:00.00)

Saved: '/Users/chikumatsuboi/Code/animal-racers-western/assets/source/western/revision2/qa/unicorn/race/motion/control/celebrate/0019.png'
Time: 00:00.03 (Saving: 00:00.00)

Saved: '/Users/chikumatsuboi/Code/animal-racers-western/assets/source/western/revision2/qa/unicorn/race/motion/control/celebrate/0020.png'
Time: 00:00.03 (Saving: 00:00.00)

Saved: '/Users/chikumatsuboi/Code/animal-racers-western/assets/source/western/revision2/qa/unicorn/race/motion/control/celebrate/0021.png'
Time: 00:00.04 (Saving: 00:00.00)

Saved: '/Users/chikumatsuboi/Code/animal-racers-western/assets/source/western/revision2/qa/unicorn/race/motion/control/celebrate/0022.png'
Time: 00:00.03 (Saving: 00:00.00)

Saved: '/Users/chikumatsuboi/Code/animal-racers-western/assets/source/western/revision2/qa/unicorn/race/motion/control/celebrate/0023.png'
Time: 00:00.03 (Saving: 00:00.00)

Saved: '/Users/chikumatsuboi/Code/animal-racers-western/assets/source/western/revision2/qa/unicorn/race/motion/control/celebrate/0024.png'
Time: 00:00.03 (Saving: 00:00.00)

Saved: '/Users/chikumatsuboi/Code/animal-racers-western/assets/source/western/revision2/qa/unicorn/race/motion/control/celebrate/0025.png'
Time: 00:00.02 (Saving: 00:00.00)

Saved: '/Users/chikumatsuboi/Code/animal-racers-western/assets/source/western/revision2/qa/unicorn/race/motion/control/celebrate/0026.png'
Time: 00:00.03 (Saving: 00:00.00)

Saved: '/Users/chikumatsuboi/Code/animal-racers-western/assets/source/western/revision2/qa/unicorn/race/motion/control/celebrate/0027.png'
Time: 00:00.03 (Saving: 00:00.00)

Saved: '/Users/chikumatsuboi/Code/animal-racers-western/assets/source/western/revision2/qa/unicorn/race/motion/control/celebrate/0028.png'
Time: 00:00.03 (Saving: 00:00.00)

Saved: '/Users/chikumatsuboi/Code/animal-racers-western/assets/source/western/revision2/qa/unicorn/race/motion/control/celebrate/0029.png'
Time: 00:00.03 (Saving: 00:00.00)

Saved: '/Users/chikumatsuboi/Code/animal-racers-western/assets/source/western/revision2/qa/unicorn/race/motion/control/celebrate/0030.png'
Time: 00:00.03 (Saving: 00:00.00)

Read blend: "/Users/chikumatsuboi/Code/animal-racers-western/assets/source/western/revision2/candidate/unicorn.blend"
Saved: '/Users/chikumatsuboi/Code/animal-racers-western/assets/source/western/revision2/qa/unicorn/race/motion/candidate/celebrate/0000.png'
Time: 00:00.03 (Saving: 00:00.00)

Saved: '/Users/chikumatsuboi/Code/animal-racers-western/assets/source/western/revision2/qa/unicorn/race/motion/candidate/celebrate/0001.png'
Time: 00:00.02 (Saving: 00:00.00)

Saved: '/Users/chikumatsuboi/Code/animal-racers-western/assets/source/western/revision2/qa/unicorn/race/motion/candidate/celebrate/0002.png'
Time: 00:00.03 (Saving: 00:00.00)

Saved: '/Users/chikumatsuboi/Code/animal-racers-western/assets/source/western/revision2/qa/unicorn/race/motion/candidate/celebrate/0003.png'
Time: 00:00.03 (Saving: 00:00.00)

Saved: '/Users/chikumatsuboi/Code/animal-racers-western/assets/source/western/revision2/qa/unicorn/race/motion/candidate/celebrate/0004.png'
Time: 00:00.03 (Saving: 00:00.00)

Saved: '/Users/chikumatsuboi/Code/animal-racers-western/assets/source/western/revision2/qa/unicorn/race/motion/candidate/celebrate/0005.png'
Time: 00:00.03 (Saving: 00:00.00)

Saved: '/Users/chikumatsuboi/Code/animal-racers-western/assets/source/western/revision2/qa/unicorn/race/motion/candidate/celebrate/0006.png'
Time: 00:00.03 (Saving: 00:00.00)

Saved: '/Users/chikumatsuboi/Code/animal-racers-western/assets/source/western/revision2/qa/unicorn/race/motion/candidate/celebrate/0007.png'
Time: 00:00.02 (Saving: 00:00.00)

Saved: '/Users/chikumatsuboi/Code/animal-racers-western/assets/source/western/revision2/qa/unicorn/race/motion/candidate/celebrate/0008.png'
Time: 00:00.03 (Saving: 00:00.00)

Saved: '/Users/chikumatsuboi/Code/animal-racers-western/assets/source/western/revision2/qa/unicorn/race/motion/candidate/celebrate/0009.png'
Time: 00:00.03 (Saving: 00:00.00)

Saved: '/Users/chikumatsuboi/Code/animal-racers-western/assets/source/western/revision2/qa/unicorn/race/motion/candidate/celebrate/0010.png'
Time: 00:00.03 (Saving: 00:00.00)

Saved: '/Users/chikumatsuboi/Code/animal-racers-western/assets/source/western/revision2/qa/unicorn/race/motion/candidate/celebrate/0011.png'
Time: 00:00.03 (Saving: 00:00.00)

Saved: '/Users/chikumatsuboi/Code/animal-racers-western/assets/source/western/revision2/qa/unicorn/race/motion/candidate/celebrate/0012.png'
Time: 00:00.03 (Saving: 00:00.00)

Saved: '/Users/chikumatsuboi/Code/animal-racers-western/assets/source/western/revision2/qa/unicorn/race/motion/candidate/celebrate/0013.png'
Time: 00:00.03 (Saving: 00:00.00)

Saved: '/Users/chikumatsuboi/Code/animal-racers-western/assets/source/western/revision2/qa/unicorn/race/motion/candidate/celebrate/0014.png'
Time: 00:00.03 (Saving: 00:00.00)

Saved: '/Users/chikumatsuboi/Code/animal-racers-western/assets/source/western/revision2/qa/unicorn/race/motion/candidate/celebrate/0015.png'
Time: 00:00.03 (Saving: 00:00.00)

Saved: '/Users/chikumatsuboi/Code/animal-racers-western/assets/source/western/revision2/qa/unicorn/race/motion/candidate/celebrate/0016.png'
Time: 00:00.02 (Saving: 00:00.00)

Saved: '/Users/chikumatsuboi/Code/animal-racers-western/assets/source/western/revision2/qa/unicorn/race/motion/candidate/celebrate/0017.png'
Time: 00:00.02 (Saving: 00:00.00)

Saved: '/Users/chikumatsuboi/Code/animal-racers-western/assets/source/western/revision2/qa/unicorn/race/motion/candidate/celebrate/0018.png'
Time: 00:00.02 (Saving: 00:00.00)

Saved: '/Users/chikumatsuboi/Code/animal-racers-western/assets/source/western/revision2/qa/unicorn/race/motion/candidate/celebrate/0019.png'
Time: 00:00.03 (Saving: 00:00.00)

Saved: '/Users/chikumatsuboi/Code/animal-racers-western/assets/source/western/revision2/qa/unicorn/race/motion/candidate/celebrate/0020.png'
Time: 00:00.03 (Saving: 00:00.00)

Saved: '/Users/chikumatsuboi/Code/animal-racers-western/assets/source/western/revision2/qa/unicorn/race/motion/candidate/celebrate/0021.png'
Time: 00:00.03 (Saving: 00:00.00)

Saved: '/Users/chikumatsuboi/Code/animal-racers-western/assets/source/western/revision2/qa/unicorn/race/motion/candidate/celebrate/0022.png'
Time: 00:00.03 (Saving: 00:00.00)

Saved: '/Users/chikumatsuboi/Code/animal-racers-western/assets/source/western/revision2/qa/unicorn/race/motion/candidate/celebrate/0023.png'
Time: 00:00.02 (Saving: 00:00.00)

Saved: '/Users/chikumatsuboi/Code/animal-racers-western/assets/source/western/revision2/qa/unicorn/race/motion/candidate/celebrate/0024.png'
Time: 00:00.02 (Saving: 00:00.00)

Saved: '/Users/chikumatsuboi/Code/animal-racers-western/assets/source/western/revision2/qa/unicorn/race/motion/candidate/celebrate/0025.png'
Time: 00:00.03 (Saving: 00:00.00)

Saved: '/Users/chikumatsuboi/Code/animal-racers-western/assets/source/western/revision2/qa/unicorn/race/motion/candidate/celebrate/0026.png'
Time: 00:00.03 (Saving: 00:00.00)

Saved: '/Users/chikumatsuboi/Code/animal-racers-western/assets/source/western/revision2/qa/unicorn/race/motion/candidate/celebrate/0027.png'
Time: 00:00.03 (Saving: 00:00.00)

Saved: '/Users/chikumatsuboi/Code/animal-racers-western/assets/source/western/revision2/qa/unicorn/race/motion/candidate/celebrate/0028.png'
Time: 00:00.03 (Saving: 00:00.00)

Saved: '/Users/chikumatsuboi/Code/animal-racers-western/assets/source/western/revision2/qa/unicorn/race/motion/candidate/celebrate/0029.png'
Time: 00:00.03 (Saving: 00:00.00)

Saved: '/Users/chikumatsuboi/Code/animal-racers-western/assets/source/western/revision2/qa/unicorn/race/motion/candidate/celebrate/0030.png'
Time: 00:00.03 (Saving: 00:00.00)

REVISION2_MOTION unicorn race celebrate 31
Read blend: "/Users/chikumatsuboi/Code/animal-racers-western/assets/source/western/revision2/inputs/unicorn.blend"
Saved: '/Users/chikumatsuboi/Code/animal-racers-western/assets/source/western/revision2/qa/unicorn/race/motion/control/defeat/0000.png'
Time: 00:00.03 (Saving: 00:00.00)

Saved: '/Users/chikumatsuboi/Code/animal-racers-western/assets/source/western/revision2/qa/unicorn/race/motion/control/defeat/0001.png'
Time: 00:00.03 (Saving: 00:00.00)

Saved: '/Users/chikumatsuboi/Code/animal-racers-western/assets/source/western/revision2/qa/unicorn/race/motion/control/defeat/0002.png'
Time: 00:00.02 (Saving: 00:00.00)

Saved: '/Users/chikumatsuboi/Code/animal-racers-western/assets/source/western/revision2/qa/unicorn/race/motion/control/defeat/0003.png'
Time: 00:00.02 (Saving: 00:00.00)

Saved: '/Users/chikumatsuboi/Code/animal-racers-western/assets/source/western/revision2/qa/unicorn/race/motion/control/defeat/0004.png'
Time: 00:00.03 (Saving: 00:00.00)

Saved: '/Users/chikumatsuboi/Code/animal-racers-western/assets/source/western/revision2/qa/unicorn/race/motion/control/defeat/0005.png'
Time: 00:00.03 (Saving: 00:00.00)

Saved: '/Users/chikumatsuboi/Code/animal-racers-western/assets/source/western/revision2/qa/unicorn/race/motion/control/defeat/0006.png'
Time: 00:00.03 (Saving: 00:00.00)

Saved: '/Users/chikumatsuboi/Code/animal-racers-western/assets/source/western/revision2/qa/unicorn/race/motion/control/defeat/0007.png'
Time: 00:00.03 (Saving: 00:00.00)

Saved: '/Users/chikumatsuboi/Code/animal-racers-western/assets/source/western/revision2/qa/unicorn/race/motion/control/defeat/0008.png'
Time: 00:00.03 (Saving: 00:00.00)

Saved: '/Users/chikumatsuboi/Code/animal-racers-western/assets/source/western/revision2/qa/unicorn/race/motion/control/defeat/0009.png'
Time: 00:00.02 (Saving: 00:00.00)

Saved: '/Users/chikumatsuboi/Code/animal-racers-western/assets/source/western/revision2/qa/unicorn/race/motion/control/defeat/0010.png'
Time: 00:00.03 (Saving: 00:00.00)

Saved: '/Users/chikumatsuboi/Code/animal-racers-western/assets/source/western/revision2/qa/unicorn/race/motion/control/defeat/0011.png'
Time: 00:00.03 (Saving: 00:00.00)

Saved: '/Users/chikumatsuboi/Code/animal-racers-western/assets/source/western/revision2/qa/unicorn/race/motion/control/defeat/0012.png'
Time: 00:00.03 (Saving: 00:00.00)

Saved: '/Users/chikumatsuboi/Code/animal-racers-western/assets/source/western/revision2/qa/unicorn/race/motion/control/defeat/0013.png'
Time: 00:00.03 (Saving: 00:00.00)

Saved: '/Users/chikumatsuboi/Code/animal-racers-western/assets/source/western/revision2/qa/unicorn/race/motion/control/defeat/0014.png'
Time: 00:00.03 (Saving: 00:00.00)

Saved: '/Users/chikumatsuboi/Code/animal-racers-western/assets/source/western/revision2/qa/unicorn/race/motion/control/defeat/0015.png'
Time: 00:00.03 (Saving: 00:00.00)

Saved: '/Users/chikumatsuboi/Code/animal-racers-western/assets/source/western/revision2/qa/unicorn/race/motion/control/defeat/0016.png'
Time: 00:00.02 (Saving: 00:00.00)

Saved: '/Users/chikumatsuboi/Code/animal-racers-western/assets/source/western/revision2/qa/unicorn/race/motion/control/defeat/0017.png'
Time: 00:00.03 (Saving: 00:00.00)

Saved: '/Users/chikumatsuboi/Code/animal-racers-western/assets/source/western/revision2/qa/unicorn/race/motion/control/defeat/0018.png'
Time: 00:00.03 (Saving: 00:00.00)

Saved: '/Users/chikumatsuboi/Code/animal-racers-western/assets/source/western/revision2/qa/unicorn/race/motion/control/defeat/0019.png'
Time: 00:00.03 (Saving: 00:00.00)

Saved: '/Users/chikumatsuboi/Code/animal-racers-western/assets/source/western/revision2/qa/unicorn/race/motion/control/defeat/0020.png'
Time: 00:00.03 (Saving: 00:00.00)

Read blend: "/Users/chikumatsuboi/Code/animal-racers-western/assets/source/western/revision2/candidate/unicorn.blend"
Saved: '/Users/chikumatsuboi/Code/animal-racers-western/assets/source/western/revision2/qa/unicorn/race/motion/candidate/defeat/0000.png'
Time: 00:00.04 (Saving: 00:00.00)

Saved: '/Users/chikumatsuboi/Code/animal-racers-western/assets/source/western/revision2/qa/unicorn/race/motion/candidate/defeat/0001.png'
Time: 00:00.03 (Saving: 00:00.00)

Saved: '/Users/chikumatsuboi/Code/animal-racers-western/assets/source/western/revision2/qa/unicorn/race/motion/candidate/defeat/0002.png'
Time: 00:00.03 (Saving: 00:00.00)

Saved: '/Users/chikumatsuboi/Code/animal-racers-western/assets/source/western/revision2/qa/unicorn/race/motion/candidate/defeat/0003.png'
Time: 00:00.02 (Saving: 00:00.00)

Saved: '/Users/chikumatsuboi/Code/animal-racers-western/assets/source/western/revision2/qa/unicorn/race/motion/candidate/defeat/0004.png'
Time: 00:00.02 (Saving: 00:00.00)

Saved: '/Users/chikumatsuboi/Code/animal-racers-western/assets/source/western/revision2/qa/unicorn/race/motion/candidate/defeat/0005.png'
Time: 00:00.02 (Saving: 00:00.00)

Saved: '/Users/chikumatsuboi/Code/animal-racers-western/assets/source/western/revision2/qa/unicorn/race/motion/candidate/defeat/0006.png'
Time: 00:00.03 (Saving: 00:00.00)

Saved: '/Users/chikumatsuboi/Code/animal-racers-western/assets/source/western/revision2/qa/unicorn/race/motion/candidate/defeat/0007.png'
Time: 00:00.03 (Saving: 00:00.00)

Saved: '/Users/chikumatsuboi/Code/animal-racers-western/assets/source/western/revision2/qa/unicorn/race/motion/candidate/defeat/0008.png'
Time: 00:00.03 (Saving: 00:00.00)

Saved: '/Users/chikumatsuboi/Code/animal-racers-western/assets/source/western/revision2/qa/unicorn/race/motion/candidate/defeat/0009.png'
Time: 00:00.03 (Saving: 00:00.00)

Saved: '/Users/chikumatsuboi/Code/animal-racers-western/assets/source/western/revision2/qa/unicorn/race/motion/candidate/defeat/0010.png'
Time: 00:00.03 (Saving: 00:00.00)

Saved: '/Users/chikumatsuboi/Code/animal-racers-western/assets/source/western/revision2/qa/unicorn/race/motion/candidate/defeat/0011.png'
Time: 00:00.03 (Saving: 00:00.00)

Saved: '/Users/chikumatsuboi/Code/animal-racers-western/assets/source/western/revision2/qa/unicorn/race/motion/candidate/defeat/0012.png'
Time: 00:00.02 (Saving: 00:00.00)

Saved: '/Users/chikumatsuboi/Code/animal-racers-western/assets/source/western/revision2/qa/unicorn/race/motion/candidate/defeat/0013.png'
Time: 00:00.03 (Saving: 00:00.00)

Saved: '/Users/chikumatsuboi/Code/animal-racers-western/assets/source/western/revision2/qa/unicorn/race/motion/candidate/defeat/0014.png'
Time: 00:00.02 (Saving: 00:00.00)

Saved: '/Users/chikumatsuboi/Code/animal-racers-western/assets/source/western/revision2/qa/unicorn/race/motion/candidate/defeat/0015.png'
Time: 00:00.03 (Saving: 00:00.00)

Saved: '/Users/chikumatsuboi/Code/animal-racers-western/assets/source/western/revision2/qa/unicorn/race/motion/candidate/defeat/0016.png'
Time: 00:00.03 (Saving: 00:00.00)

Saved: '/Users/chikumatsuboi/Code/animal-racers-western/assets/source/western/revision2/qa/unicorn/race/motion/candidate/defeat/0017.png'
Time: 00:00.03 (Saving: 00:00.00)

Saved: '/Users/chikumatsuboi/Code/animal-racers-western/assets/source/western/revision2/qa/unicorn/race/motion/candidate/defeat/0018.png'
Time: 00:00.03 (Saving: 00:00.00)

Saved: '/Users/chikumatsuboi/Code/animal-racers-western/assets/source/western/revision2/qa/unicorn/race/motion/candidate/defeat/0019.png'
Time: 00:00.03 (Saving: 00:00.00)

Saved: '/Users/chikumatsuboi/Code/animal-racers-western/assets/source/western/revision2/qa/unicorn/race/motion/candidate/defeat/0020.png'
Time: 00:00.03 (Saving: 00:00.00)

REVISION2_MOTION unicorn race defeat 21
Read blend: "/Users/chikumatsuboi/Code/animal-racers-western/assets/source/western/revision2/inputs/unicorn.blend"
Saved: '/Users/chikumatsuboi/Code/animal-racers-western/assets/source/western/revision2/qa/unicorn/race/motion/control/evade/0000.png'
Time: 00:00.03 (Saving: 00:00.00)

Saved: '/Users/chikumatsuboi/Code/animal-racers-western/assets/source/western/revision2/qa/unicorn/race/motion/control/evade/0001.png'
Time: 00:00.02 (Saving: 00:00.00)

Saved: '/Users/chikumatsuboi/Code/animal-racers-western/assets/source/western/revision2/qa/unicorn/race/motion/control/evade/0002.png'
Time: 00:00.03 (Saving: 00:00.00)

Saved: '/Users/chikumatsuboi/Code/animal-racers-western/assets/source/western/revision2/qa/unicorn/race/motion/control/evade/0003.png'
Time: 00:00.03 (Saving: 00:00.00)

Saved: '/Users/chikumatsuboi/Code/animal-racers-western/assets/source/western/revision2/qa/unicorn/race/motion/control/evade/0004.png'
Time: 00:00.03 (Saving: 00:00.00)

Saved: '/Users/chikumatsuboi/Code/animal-racers-western/assets/source/western/revision2/qa/unicorn/race/motion/control/evade/0005.png'
Time: 00:00.03 (Saving: 00:00.00)

Saved: '/Users/chikumatsuboi/Code/animal-racers-western/assets/source/western/revision2/qa/unicorn/race/motion/control/evade/0006.png'
Time: 00:00.03 (Saving: 00:00.00)

Saved: '/Users/chikumatsuboi/Code/animal-racers-western/assets/source/western/revision2/qa/unicorn/race/motion/control/evade/0007.png'
Time: 00:00.03 (Saving: 00:00.00)

Read blend: "/Users/chikumatsuboi/Code/animal-racers-western/assets/source/western/revision2/candidate/unicorn.blend"
Saved: '/Users/chikumatsuboi/Code/animal-racers-western/assets/source/western/revision2/qa/unicorn/race/motion/candidate/evade/0000.png'
Time: 00:00.03 (Saving: 00:00.00)

Saved: '/Users/chikumatsuboi/Code/animal-racers-western/assets/source/western/revision2/qa/unicorn/race/motion/candidate/evade/0001.png'
Time: 00:00.03 (Saving: 00:00.00)

Saved: '/Users/chikumatsuboi/Code/animal-racers-western/assets/source/western/revision2/qa/unicorn/race/motion/candidate/evade/0002.png'
Time: 00:00.02 (Saving: 00:00.00)

Saved: '/Users/chikumatsuboi/Code/animal-racers-western/assets/source/western/revision2/qa/unicorn/race/motion/candidate/evade/0003.png'
Time: 00:00.02 (Saving: 00:00.00)

Saved: '/Users/chikumatsuboi/Code/animal-racers-western/assets/source/western/revision2/qa/unicorn/race/motion/candidate/evade/0004.png'
Time: 00:00.02 (Saving: 00:00.00)

Saved: '/Users/chikumatsuboi/Code/animal-racers-western/assets/source/western/revision2/qa/unicorn/race/motion/candidate/evade/0005.png'
Time: 00:00.03 (Saving: 00:00.00)

Saved: '/Users/chikumatsuboi/Code/animal-racers-western/assets/source/western/revision2/qa/unicorn/race/motion/candidate/evade/0006.png'
Time: 00:00.03 (Saving: 00:00.00)

Saved: '/Users/chikumatsuboi/Code/animal-racers-western/assets/source/western/revision2/qa/unicorn/race/motion/candidate/evade/0007.png'
Time: 00:00.03 (Saving: 00:00.00)

REVISION2_MOTION unicorn race evade 8
Read blend: "/Users/chikumatsuboi/Code/animal-racers-western/assets/source/western/revision2/inputs/unicorn.blend"
Saved: '/Users/chikumatsuboi/Code/animal-racers-western/assets/source/western/revision2/qa/unicorn/race/motion/control/fight_idle/0000.png'
Time: 00:00.04 (Saving: 00:00.00)

Saved: '/Users/chikumatsuboi/Code/animal-racers-western/assets/source/western/revision2/qa/unicorn/race/motion/control/fight_idle/0001.png'
Time: 00:00.03 (Saving: 00:00.00)

Saved: '/Users/chikumatsuboi/Code/animal-racers-western/assets/source/western/revision2/qa/unicorn/race/motion/control/fight_idle/0002.png'
Time: 00:00.03 (Saving: 00:00.00)

Saved: '/Users/chikumatsuboi/Code/animal-racers-western/assets/source/western/revision2/qa/unicorn/race/motion/control/fight_idle/0003.png'
Time: 00:00.03 (Saving: 00:00.00)

Saved: '/Users/chikumatsuboi/Code/animal-racers-western/assets/source/western/revision2/qa/unicorn/race/motion/control/fight_idle/0004.png'
Time: 00:00.03 (Saving: 00:00.00)

Saved: '/Users/chikumatsuboi/Code/animal-racers-western/assets/source/western/revision2/qa/unicorn/race/motion/control/fight_idle/0005.png'
Time: 00:00.02 (Saving: 00:00.00)

Saved: '/Users/chikumatsuboi/Code/animal-racers-western/assets/source/western/revision2/qa/unicorn/race/motion/control/fight_idle/0006.png'
Time: 00:00.03 (Saving: 00:00.00)

Saved: '/Users/chikumatsuboi/Code/animal-racers-western/assets/source/western/revision2/qa/unicorn/race/motion/control/fight_idle/0007.png'
Time: 00:00.03 (Saving: 00:00.00)

Saved: '/Users/chikumatsuboi/Code/animal-racers-western/assets/source/western/revision2/qa/unicorn/race/motion/control/fight_idle/0008.png'
Time: 00:00.03 (Saving: 00:00.00)

Saved: '/Users/chikumatsuboi/Code/animal-racers-western/assets/source/western/revision2/qa/unicorn/race/motion/control/fight_idle/0009.png'
Time: 00:00.03 (Saving: 00:00.00)

Saved: '/Users/chikumatsuboi/Code/animal-racers-western/assets/source/western/revision2/qa/unicorn/race/motion/control/fight_idle/0010.png'
Time: 00:00.03 (Saving: 00:00.00)

Saved: '/Users/chikumatsuboi/Code/animal-racers-western/assets/source/western/revision2/qa/unicorn/race/motion/control/fight_idle/0011.png'
Time: 00:00.03 (Saving: 00:00.00)

Saved: '/Users/chikumatsuboi/Code/animal-racers-western/assets/source/western/revision2/qa/unicorn/race/motion/control/fight_idle/0012.png'
Time: 00:00.03 (Saving: 00:00.00)

Saved: '/Users/chikumatsuboi/Code/animal-racers-western/assets/source/western/revision2/qa/unicorn/race/motion/control/fight_idle/0013.png'
Time: 00:00.02 (Saving: 00:00.00)

Saved: '/Users/chikumatsuboi/Code/animal-racers-western/assets/source/western/revision2/qa/unicorn/race/motion/control/fight_idle/0014.png'
Time: 00:00.02 (Saving: 00:00.00)

Saved: '/Users/chikumatsuboi/Code/animal-racers-western/assets/source/western/revision2/qa/unicorn/race/motion/control/fight_idle/0015.png'
Time: 00:00.03 (Saving: 00:00.00)

Saved: '/Users/chikumatsuboi/Code/animal-racers-western/assets/source/western/revision2/qa/unicorn/race/motion/control/fight_idle/0016.png'
Time: 00:00.02 (Saving: 00:00.00)

Saved: '/Users/chikumatsuboi/Code/animal-racers-western/assets/source/western/revision2/qa/unicorn/race/motion/control/fight_idle/0017.png'
Time: 00:00.03 (Saving: 00:00.00)

Saved: '/Users/chikumatsuboi/Code/animal-racers-western/assets/source/western/revision2/qa/unicorn/race/motion/control/fight_idle/0018.png'
Time: 00:00.03 (Saving: 00:00.00)

Saved: '/Users/chikumatsuboi/Code/animal-racers-western/assets/source/western/revision2/qa/unicorn/race/motion/control/fight_idle/0019.png'
Time: 00:00.03 (Saving: 00:00.00)

Saved: '/Users/chikumatsuboi/Code/animal-racers-western/assets/source/western/revision2/qa/unicorn/race/motion/control/fight_idle/0020.png'
Time: 00:00.03 (Saving: 00:00.00)

Saved: '/Users/chikumatsuboi/Code/animal-racers-western/assets/source/western/revision2/qa/unicorn/race/motion/control/fight_idle/0021.png'
Time: 00:00.03 (Saving: 00:00.00)

Saved: '/Users/chikumatsuboi/Code/animal-racers-western/assets/source/western/revision2/qa/unicorn/race/motion/control/fight_idle/0022.png'
Time: 00:00.03 (Saving: 00:00.00)

Saved: '/Users/chikumatsuboi/Code/animal-racers-western/assets/source/western/revision2/qa/unicorn/race/motion/control/fight_idle/0023.png'
Time: 00:00.03 (Saving: 00:00.00)

Saved: '/Users/chikumatsuboi/Code/animal-racers-western/assets/source/western/revision2/qa/unicorn/race/motion/control/fight_idle/0024.png'
Time: 00:00.03 (Saving: 00:00.00)

Saved: '/Users/chikumatsuboi/Code/animal-racers-western/assets/source/western/revision2/qa/unicorn/race/motion/control/fight_idle/0025.png'
Time: 00:00.03 (Saving: 00:00.00)

Saved: '/Users/chikumatsuboi/Code/animal-racers-western/assets/source/western/revision2/qa/unicorn/race/motion/control/fight_idle/0026.png'
Time: 00:00.02 (Saving: 00:00.00)

Saved: '/Users/chikumatsuboi/Code/animal-racers-western/assets/source/western/revision2/qa/unicorn/race/motion/control/fight_idle/0027.png'
Time: 00:00.03 (Saving: 00:00.00)

Saved: '/Users/chikumatsuboi/Code/animal-racers-western/assets/source/western/revision2/qa/unicorn/race/motion/control/fight_idle/0028.png'
Time: 00:00.03 (Saving: 00:00.00)

Saved: '/Users/chikumatsuboi/Code/animal-racers-western/assets/source/western/revision2/qa/unicorn/race/motion/control/fight_idle/0029.png'
Time: 00:00.03 (Saving: 00:00.00)

Saved: '/Users/chikumatsuboi/Code/animal-racers-western/assets/source/western/revision2/qa/unicorn/race/motion/control/fight_idle/0030.png'
Time: 00:00.03 (Saving: 00:00.00)

Read blend: "/Users/chikumatsuboi/Code/animal-racers-western/assets/source/western/revision2/candidate/unicorn.blend"
Saved: '/Users/chikumatsuboi/Code/animal-racers-western/assets/source/western/revision2/qa/unicorn/race/motion/candidate/fight_idle/0000.png'
Time: 00:00.03 (Saving: 00:00.00)

Saved: '/Users/chikumatsuboi/Code/animal-racers-western/assets/source/western/revision2/qa/unicorn/race/motion/candidate/fight_idle/0001.png'
Time: 00:00.03 (Saving: 00:00.00)

Saved: '/Users/chikumatsuboi/Code/animal-racers-western/assets/source/western/revision2/qa/unicorn/race/motion/candidate/fight_idle/0002.png'
Time: 00:00.03 (Saving: 00:00.00)

Saved: '/Users/chikumatsuboi/Code/animal-racers-western/assets/source/western/revision2/qa/unicorn/race/motion/candidate/fight_idle/0003.png'
Time: 00:00.03 (Saving: 00:00.00)

Saved: '/Users/chikumatsuboi/Code/animal-racers-western/assets/source/western/revision2/qa/unicorn/race/motion/candidate/fight_idle/0004.png'
Time: 00:00.03 (Saving: 00:00.00)

Saved: '/Users/chikumatsuboi/Code/animal-racers-western/assets/source/western/revision2/qa/unicorn/race/motion/candidate/fight_idle/0005.png'
Time: 00:00.03 (Saving: 00:00.00)

Saved: '/Users/chikumatsuboi/Code/animal-racers-western/assets/source/western/revision2/qa/unicorn/race/motion/candidate/fight_idle/0006.png'
Time: 00:00.03 (Saving: 00:00.00)

Saved: '/Users/chikumatsuboi/Code/animal-racers-western/assets/source/western/revision2/qa/unicorn/race/motion/candidate/fight_idle/0007.png'
Time: 00:00.03 (Saving: 00:00.00)

Saved: '/Users/chikumatsuboi/Code/animal-racers-western/assets/source/western/revision2/qa/unicorn/race/motion/candidate/fight_idle/0008.png'
Time: 00:00.03 (Saving: 00:00.00)

Saved: '/Users/chikumatsuboi/Code/animal-racers-western/assets/source/western/revision2/qa/unicorn/race/motion/candidate/fight_idle/0009.png'
Time: 00:00.02 (Saving: 00:00.00)

Saved: '/Users/chikumatsuboi/Code/animal-racers-western/assets/source/western/revision2/qa/unicorn/race/motion/candidate/fight_idle/0010.png'
Time: 00:00.02 (Saving: 00:00.00)

Saved: '/Users/chikumatsuboi/Code/animal-racers-western/assets/source/western/revision2/qa/unicorn/race/motion/candidate/fight_idle/0011.png'
Time: 00:00.02 (Saving: 00:00.00)

Saved: '/Users/chikumatsuboi/Code/animal-racers-western/assets/source/western/revision2/qa/unicorn/race/motion/candidate/fight_idle/0012.png'
Time: 00:00.02 (Saving: 00:00.00)

Saved: '/Users/chikumatsuboi/Code/animal-racers-western/assets/source/western/revision2/qa/unicorn/race/motion/candidate/fight_idle/0013.png'
Time: 00:00.02 (Saving: 00:00.00)

Saved: '/Users/chikumatsuboi/Code/animal-racers-western/assets/source/western/revision2/qa/unicorn/race/motion/candidate/fight_idle/0014.png'
Time: 00:00.03 (Saving: 00:00.00)

Saved: '/Users/chikumatsuboi/Code/animal-racers-western/assets/source/western/revision2/qa/unicorn/race/motion/candidate/fight_idle/0015.png'
Time: 00:00.03 (Saving: 00:00.00)

Saved: '/Users/chikumatsuboi/Code/animal-racers-western/assets/source/western/revision2/qa/unicorn/race/motion/candidate/fight_idle/0016.png'
Time: 00:00.03 (Saving: 00:00.00)

Saved: '/Users/chikumatsuboi/Code/animal-racers-western/assets/source/western/revision2/qa/unicorn/race/motion/candidate/fight_idle/0017.png'
Time: 00:00.03 (Saving: 00:00.00)

Saved: '/Users/chikumatsuboi/Code/animal-racers-western/assets/source/western/revision2/qa/unicorn/race/motion/candidate/fight_idle/0018.png'
Time: 00:00.03 (Saving: 00:00.00)

Saved: '/Users/chikumatsuboi/Code/animal-racers-western/assets/source/western/revision2/qa/unicorn/race/motion/candidate/fight_idle/0019.png'
Time: 00:00.03 (Saving: 00:00.00)

Saved: '/Users/chikumatsuboi/Code/animal-racers-western/assets/source/western/revision2/qa/unicorn/race/motion/candidate/fight_idle/0020.png'
Time: 00:00.03 (Saving: 00:00.00)

Saved: '/Users/chikumatsuboi/Code/animal-racers-western/assets/source/western/revision2/qa/unicorn/race/motion/candidate/fight_idle/0021.png'
Time: 00:00.03 (Saving: 00:00.00)

Saved: '/Users/chikumatsuboi/Code/animal-racers-western/assets/source/western/revision2/qa/unicorn/race/motion/candidate/fight_idle/0022.png'
Time: 00:00.03 (Saving: 00:00.00)

Saved: '/Users/chikumatsuboi/Code/animal-racers-western/assets/source/western/revision2/qa/unicorn/race/motion/candidate/fight_idle/0023.png'
Time: 00:00.03 (Saving: 00:00.00)

Saved: '/Users/chikumatsuboi/Code/animal-racers-western/assets/source/western/revision2/qa/unicorn/race/motion/candidate/fight_idle/0024.png'
Time: 00:00.02 (Saving: 00:00.00)

Saved: '/Users/chikumatsuboi/Code/animal-racers-western/assets/source/western/revision2/qa/unicorn/race/motion/candidate/fight_idle/0025.png'
Time: 00:00.03 (Saving: 00:00.00)

Saved: '/Users/chikumatsuboi/Code/animal-racers-western/assets/source/western/revision2/qa/unicorn/race/motion/candidate/fight_idle/0026.png'
Time: 00:00.03 (Saving: 00:00.00)

Saved: '/Users/chikumatsuboi/Code/animal-racers-western/assets/source/western/revision2/qa/unicorn/race/motion/candidate/fight_idle/0027.png'
Time: 00:00.03 (Saving: 00:00.00)

Saved: '/Users/chikumatsuboi/Code/animal-racers-western/assets/source/western/revision2/qa/unicorn/race/motion/candidate/fight_idle/0028.png'
Time: 00:00.03 (Saving: 00:00.00)

Saved: '/Users/chikumatsuboi/Code/animal-racers-western/assets/source/western/revision2/qa/unicorn/race/motion/candidate/fight_idle/0029.png'
Time: 00:00.03 (Saving: 00:00.00)

Saved: '/Users/chikumatsuboi/Code/animal-racers-western/assets/source/western/revision2/qa/unicorn/race/motion/candidate/fight_idle/0030.png'
Time: 00:00.03 (Saving: 00:00.00)

REVISION2_MOTION unicorn race fight_idle 31
Read blend: "/Users/chikumatsuboi/Code/animal-racers-western/assets/source/western/revision2/inputs/unicorn.blend"
Saved: '/Users/chikumatsuboi/Code/animal-racers-western/assets/source/western/revision2/qa/unicorn/race/motion/control/fight_move/0000.png'
Time: 00:00.04 (Saving: 00:00.00)

Saved: '/Users/chikumatsuboi/Code/animal-racers-western/assets/source/western/revision2/qa/unicorn/race/motion/control/fight_move/0001.png'
Time: 00:00.03 (Saving: 00:00.00)

Saved: '/Users/chikumatsuboi/Code/animal-racers-western/assets/source/western/revision2/qa/unicorn/race/motion/control/fight_move/0002.png'
Time: 00:00.03 (Saving: 00:00.00)

Saved: '/Users/chikumatsuboi/Code/animal-racers-western/assets/source/western/revision2/qa/unicorn/race/motion/control/fight_move/0003.png'
Time: 00:00.03 (Saving: 00:00.00)

Saved: '/Users/chikumatsuboi/Code/animal-racers-western/assets/source/western/revision2/qa/unicorn/race/motion/control/fight_move/0004.png'
Time: 00:00.03 (Saving: 00:00.00)

Saved: '/Users/chikumatsuboi/Code/animal-racers-western/assets/source/western/revision2/qa/unicorn/race/motion/control/fight_move/0005.png'
Time: 00:00.03 (Saving: 00:00.00)

Saved: '/Users/chikumatsuboi/Code/animal-racers-western/assets/source/western/revision2/qa/unicorn/race/motion/control/fight_move/0006.png'
Time: 00:00.03 (Saving: 00:00.00)

Read blend: "/Users/chikumatsuboi/Code/animal-racers-western/assets/source/western/revision2/candidate/unicorn.blend"
Saved: '/Users/chikumatsuboi/Code/animal-racers-western/assets/source/western/revision2/qa/unicorn/race/motion/candidate/fight_move/0000.png'
Time: 00:00.03 (Saving: 00:00.00)

Saved: '/Users/chikumatsuboi/Code/animal-racers-western/assets/source/western/revision2/qa/unicorn/race/motion/candidate/fight_move/0001.png'
Time: 00:00.03 (Saving: 00:00.00)

Saved: '/Users/chikumatsuboi/Code/animal-racers-western/assets/source/western/revision2/qa/unicorn/race/motion/candidate/fight_move/0002.png'
Time: 00:00.03 (Saving: 00:00.00)

Saved: '/Users/chikumatsuboi/Code/animal-racers-western/assets/source/western/revision2/qa/unicorn/race/motion/candidate/fight_move/0003.png'
Time: 00:00.03 (Saving: 00:00.00)

Saved: '/Users/chikumatsuboi/Code/animal-racers-western/assets/source/western/revision2/qa/unicorn/race/motion/candidate/fight_move/0004.png'
Time: 00:00.03 (Saving: 00:00.00)

Saved: '/Users/chikumatsuboi/Code/animal-racers-western/assets/source/western/revision2/qa/unicorn/race/motion/candidate/fight_move/0005.png'
Time: 00:00.03 (Saving: 00:00.00)

Saved: '/Users/chikumatsuboi/Code/animal-racers-western/assets/source/western/revision2/qa/unicorn/race/motion/candidate/fight_move/0006.png'
Time: 00:00.03 (Saving: 00:00.00)

REVISION2_MOTION unicorn race fight_move 7
Read blend: "/Users/chikumatsuboi/Code/animal-racers-western/assets/source/western/revision2/inputs/unicorn.blend"
Saved: '/Users/chikumatsuboi/Code/animal-racers-western/assets/source/western/revision2/qa/unicorn/race/motion/control/guard/0000.png'
Time: 00:00.03 (Saving: 00:00.00)

Saved: '/Users/chikumatsuboi/Code/animal-racers-western/assets/source/western/revision2/qa/unicorn/race/motion/control/guard/0001.png'
Time: 00:00.03 (Saving: 00:00.00)

Saved: '/Users/chikumatsuboi/Code/animal-racers-western/assets/source/western/revision2/qa/unicorn/race/motion/control/guard/0002.png'
Time: 00:00.03 (Saving: 00:00.00)

Saved: '/Users/chikumatsuboi/Code/animal-racers-western/assets/source/western/revision2/qa/unicorn/race/motion/control/guard/0003.png'
Time: 00:00.03 (Saving: 00:00.00)

Saved: '/Users/chikumatsuboi/Code/animal-racers-western/assets/source/western/revision2/qa/unicorn/race/motion/control/guard/0004.png'
Time: 00:00.03 (Saving: 00:00.00)

Saved: '/Users/chikumatsuboi/Code/animal-racers-western/assets/source/western/revision2/qa/unicorn/race/motion/control/guard/0005.png'
Time: 00:00.02 (Saving: 00:00.00)

Saved: '/Users/chikumatsuboi/Code/animal-racers-western/assets/source/western/revision2/qa/unicorn/race/motion/control/guard/0006.png'
Time: 00:00.03 (Saving: 00:00.00)

Saved: '/Users/chikumatsuboi/Code/animal-racers-western/assets/source/western/revision2/qa/unicorn/race/motion/control/guard/0007.png'
Time: 00:00.02 (Saving: 00:00.00)

Saved: '/Users/chikumatsuboi/Code/animal-racers-western/assets/source/western/revision2/qa/unicorn/race/motion/control/guard/0008.png'
Time: 00:00.03 (Saving: 00:00.00)

Saved: '/Users/chikumatsuboi/Code/animal-racers-western/assets/source/western/revision2/qa/unicorn/race/motion/control/guard/0009.png'
Time: 00:00.03 (Saving: 00:00.00)

Read blend: "/Users/chikumatsuboi/Code/animal-racers-western/assets/source/western/revision2/candidate/unicorn.blend"
Saved: '/Users/chikumatsuboi/Code/animal-racers-western/assets/source/western/revision2/qa/unicorn/race/motion/candidate/guard/0000.png'
Time: 00:00.03 (Saving: 00:00.00)

Saved: '/Users/chikumatsuboi/Code/animal-racers-western/assets/source/western/revision2/qa/unicorn/race/motion/candidate/guard/0001.png'
Time: 00:00.03 (Saving: 00:00.00)

Saved: '/Users/chikumatsuboi/Code/animal-racers-western/assets/source/western/revision2/qa/unicorn/race/motion/candidate/guard/0002.png'
Time: 00:00.03 (Saving: 00:00.00)

Saved: '/Users/chikumatsuboi/Code/animal-racers-western/assets/source/western/revision2/qa/unicorn/race/motion/candidate/guard/0003.png'
Time: 00:00.03 (Saving: 00:00.00)

Saved: '/Users/chikumatsuboi/Code/animal-racers-western/assets/source/western/revision2/qa/unicorn/race/motion/candidate/guard/0004.png'
Time: 00:00.03 (Saving: 00:00.00)

Saved: '/Users/chikumatsuboi/Code/animal-racers-western/assets/source/western/revision2/qa/unicorn/race/motion/candidate/guard/0005.png'
Time: 00:00.03 (Saving: 00:00.00)

Saved: '/Users/chikumatsuboi/Code/animal-racers-western/assets/source/western/revision2/qa/unicorn/race/motion/candidate/guard/0006.png'
Time: 00:00.02 (Saving: 00:00.00)

Saved: '/Users/chikumatsuboi/Code/animal-racers-western/assets/source/western/revision2/qa/unicorn/race/motion/candidate/guard/0007.png'
Time: 00:00.03 (Saving: 00:00.00)

Saved: '/Users/chikumatsuboi/Code/animal-racers-western/assets/source/western/revision2/qa/unicorn/race/motion/candidate/guard/0008.png'
Time: 00:00.03 (Saving: 00:00.00)

Saved: '/Users/chikumatsuboi/Code/animal-racers-western/assets/source/western/revision2/qa/unicorn/race/motion/candidate/guard/0009.png'
Time: 00:00.03 (Saving: 00:00.01)

REVISION2_MOTION unicorn race guard 10
Read blend: "/Users/chikumatsuboi/Code/animal-racers-western/assets/source/western/revision2/inputs/unicorn.blend"
Saved: '/Users/chikumatsuboi/Code/animal-racers-western/assets/source/western/revision2/qa/unicorn/race/motion/control/hit/0000.png'
Time: 00:00.03 (Saving: 00:00.00)

Saved: '/Users/chikumatsuboi/Code/animal-racers-western/assets/source/western/revision2/qa/unicorn/race/motion/control/hit/0001.png'
Time: 00:00.02 (Saving: 00:00.00)

Saved: '/Users/chikumatsuboi/Code/animal-racers-western/assets/source/western/revision2/qa/unicorn/race/motion/control/hit/0002.png'
Time: 00:00.03 (Saving: 00:00.00)

Saved: '/Users/chikumatsuboi/Code/animal-racers-western/assets/source/western/revision2/qa/unicorn/race/motion/control/hit/0003.png'
Time: 00:00.03 (Saving: 00:00.00)

Saved: '/Users/chikumatsuboi/Code/animal-racers-western/assets/source/western/revision2/qa/unicorn/race/motion/control/hit/0004.png'
Time: 00:00.03 (Saving: 00:00.00)

Saved: '/Users/chikumatsuboi/Code/animal-racers-western/assets/source/western/revision2/qa/unicorn/race/motion/control/hit/0005.png'
Time: 00:00.03 (Saving: 00:00.00)

Saved: '/Users/chikumatsuboi/Code/animal-racers-western/assets/source/western/revision2/qa/unicorn/race/motion/control/hit/0006.png'
Time: 00:00.03 (Saving: 00:00.00)

Read blend: "/Users/chikumatsuboi/Code/animal-racers-western/assets/source/western/revision2/candidate/unicorn.blend"
Saved: '/Users/chikumatsuboi/Code/animal-racers-western/assets/source/western/revision2/qa/unicorn/race/motion/candidate/hit/0000.png'
Time: 00:00.03 (Saving: 00:00.00)

Saved: '/Users/chikumatsuboi/Code/animal-racers-western/assets/source/western/revision2/qa/unicorn/race/motion/candidate/hit/0001.png'
Time: 00:00.03 (Saving: 00:00.00)

Saved: '/Users/chikumatsuboi/Code/animal-racers-western/assets/source/western/revision2/qa/unicorn/race/motion/candidate/hit/0002.png'
Time: 00:00.04 (Saving: 00:00.00)

Saved: '/Users/chikumatsuboi/Code/animal-racers-western/assets/source/western/revision2/qa/unicorn/race/motion/candidate/hit/0003.png'
Time: 00:00.04 (Saving: 00:00.00)

Saved: '/Users/chikumatsuboi/Code/animal-racers-western/assets/source/western/revision2/qa/unicorn/race/motion/candidate/hit/0004.png'
Time: 00:00.03 (Saving: 00:00.00)

Saved: '/Users/chikumatsuboi/Code/animal-racers-western/assets/source/western/revision2/qa/unicorn/race/motion/candidate/hit/0005.png'
Time: 00:00.03 (Saving: 00:00.00)

Saved: '/Users/chikumatsuboi/Code/animal-racers-western/assets/source/western/revision2/qa/unicorn/race/motion/candidate/hit/0006.png'
Time: 00:00.03 (Saving: 00:00.00)

REVISION2_MOTION unicorn race hit 7
Read blend: "/Users/chikumatsuboi/Code/animal-racers-western/assets/source/western/revision2/inputs/unicorn.blend"
Saved: '/Users/chikumatsuboi/Code/animal-racers-western/assets/source/western/revision2/qa/unicorn/race/motion/control/jump/0000.png'
Time: 00:00.03 (Saving: 00:00.00)

Saved: '/Users/chikumatsuboi/Code/animal-racers-western/assets/source/western/revision2/qa/unicorn/race/motion/control/jump/0001.png'
Time: 00:00.03 (Saving: 00:00.00)

Saved: '/Users/chikumatsuboi/Code/animal-racers-western/assets/source/western/revision2/qa/unicorn/race/motion/control/jump/0002.png'
Time: 00:00.03 (Saving: 00:00.00)

Saved: '/Users/chikumatsuboi/Code/animal-racers-western/assets/source/western/revision2/qa/unicorn/race/motion/control/jump/0003.png'
Time: 00:00.02 (Saving: 00:00.00)

Saved: '/Users/chikumatsuboi/Code/animal-racers-western/assets/source/western/revision2/qa/unicorn/race/motion/control/jump/0004.png'
Time: 00:00.03 (Saving: 00:00.00)

Saved: '/Users/chikumatsuboi/Code/animal-racers-western/assets/source/western/revision2/qa/unicorn/race/motion/control/jump/0005.png'
Time: 00:00.03 (Saving: 00:00.00)

Saved: '/Users/chikumatsuboi/Code/animal-racers-western/assets/source/western/revision2/qa/unicorn/race/motion/control/jump/0006.png'
Time: 00:00.03 (Saving: 00:00.00)

Saved: '/Users/chikumatsuboi/Code/animal-racers-western/assets/source/western/revision2/qa/unicorn/race/motion/control/jump/0007.png'
Time: 00:00.03 (Saving: 00:00.00)

Saved: '/Users/chikumatsuboi/Code/animal-racers-western/assets/source/western/revision2/qa/unicorn/race/motion/control/jump/0008.png'
Time: 00:00.03 (Saving: 00:00.00)

Saved: '/Users/chikumatsuboi/Code/animal-racers-western/assets/source/western/revision2/qa/unicorn/race/motion/control/jump/0009.png'
Time: 00:00.03 (Saving: 00:00.00)

Saved: '/Users/chikumatsuboi/Code/animal-racers-western/assets/source/western/revision2/qa/unicorn/race/motion/control/jump/0010.png'
Time: 00:00.03 (Saving: 00:00.00)

Saved: '/Users/chikumatsuboi/Code/animal-racers-western/assets/source/western/revision2/qa/unicorn/race/motion/control/jump/0011.png'
Time: 00:00.03 (Saving: 00:00.00)

Saved: '/Users/chikumatsuboi/Code/animal-racers-western/assets/source/western/revision2/qa/unicorn/race/motion/control/jump/0012.png'
Time: 00:00.03 (Saving: 00:00.00)

Read blend: "/Users/chikumatsuboi/Code/animal-racers-western/assets/source/western/revision2/candidate/unicorn.blend"
Saved: '/Users/chikumatsuboi/Code/animal-racers-western/assets/source/western/revision2/qa/unicorn/race/motion/candidate/jump/0000.png'
Time: 00:00.03 (Saving: 00:00.00)

Saved: '/Users/chikumatsuboi/Code/animal-racers-western/assets/source/western/revision2/qa/unicorn/race/motion/candidate/jump/0001.png'
Time: 00:00.03 (Saving: 00:00.00)

Saved: '/Users/chikumatsuboi/Code/animal-racers-western/assets/source/western/revision2/qa/unicorn/race/motion/candidate/jump/0002.png'
Time: 00:00.03 (Saving: 00:00.00)

Saved: '/Users/chikumatsuboi/Code/animal-racers-western/assets/source/western/revision2/qa/unicorn/race/motion/candidate/jump/0003.png'
Time: 00:00.03 (Saving: 00:00.00)

Saved: '/Users/chikumatsuboi/Code/animal-racers-western/assets/source/western/revision2/qa/unicorn/race/motion/candidate/jump/0004.png'
Time: 00:00.03 (Saving: 00:00.00)

Saved: '/Users/chikumatsuboi/Code/animal-racers-western/assets/source/western/revision2/qa/unicorn/race/motion/candidate/jump/0005.png'
Time: 00:00.03 (Saving: 00:00.00)

Saved: '/Users/chikumatsuboi/Code/animal-racers-western/assets/source/western/revision2/qa/unicorn/race/motion/candidate/jump/0006.png'
Time: 00:00.03 (Saving: 00:00.00)

Saved: '/Users/chikumatsuboi/Code/animal-racers-western/assets/source/western/revision2/qa/unicorn/race/motion/candidate/jump/0007.png'
Time: 00:00.03 (Saving: 00:00.00)

Saved: '/Users/chikumatsuboi/Code/animal-racers-western/assets/source/western/revision2/qa/unicorn/race/motion/candidate/jump/0008.png'
Time: 00:00.02 (Saving: 00:00.00)

Saved: '/Users/chikumatsuboi/Code/animal-racers-western/assets/source/western/revision2/qa/unicorn/race/motion/candidate/jump/0009.png'
Time: 00:00.02 (Saving: 00:00.00)

Saved: '/Users/chikumatsuboi/Code/animal-racers-western/assets/source/western/revision2/qa/unicorn/race/motion/candidate/jump/0010.png'
Time: 00:00.03 (Saving: 00:00.00)

Saved: '/Users/chikumatsuboi/Code/animal-racers-western/assets/source/western/revision2/qa/unicorn/race/motion/candidate/jump/0011.png'
Time: 00:00.03 (Saving: 00:00.00)

Saved: '/Users/chikumatsuboi/Code/animal-racers-western/assets/source/western/revision2/qa/unicorn/race/motion/candidate/jump/0012.png'
Time: 00:00.03 (Saving: 00:00.00)

REVISION2_MOTION unicorn race jump 13
Read blend: "/Users/chikumatsuboi/Code/animal-racers-western/assets/source/western/revision2/inputs/unicorn.blend"
Saved: '/Users/chikumatsuboi/Code/animal-racers-western/assets/source/western/revision2/qa/unicorn/race/motion/control/land/0000.png'
Time: 00:00.04 (Saving: 00:00.00)

Saved: '/Users/chikumatsuboi/Code/animal-racers-western/assets/source/western/revision2/qa/unicorn/race/motion/control/land/0001.png'
Time: 00:00.03 (Saving: 00:00.00)

Saved: '/Users/chikumatsuboi/Code/animal-racers-western/assets/source/western/revision2/qa/unicorn/race/motion/control/land/0002.png'
Time: 00:00.03 (Saving: 00:00.00)

Saved: '/Users/chikumatsuboi/Code/animal-racers-western/assets/source/western/revision2/qa/unicorn/race/motion/control/land/0003.png'
Time: 00:00.03 (Saving: 00:00.00)

Saved: '/Users/chikumatsuboi/Code/animal-racers-western/assets/source/western/revision2/qa/unicorn/race/motion/control/land/0004.png'
Time: 00:00.02 (Saving: 00:00.00)

Saved: '/Users/chikumatsuboi/Code/animal-racers-western/assets/source/western/revision2/qa/unicorn/race/motion/control/land/0005.png'
Time: 00:00.03 (Saving: 00:00.00)

Read blend: "/Users/chikumatsuboi/Code/animal-racers-western/assets/source/western/revision2/candidate/unicorn.blend"
Saved: '/Users/chikumatsuboi/Code/animal-racers-western/assets/source/western/revision2/qa/unicorn/race/motion/candidate/land/0000.png'
Time: 00:00.03 (Saving: 00:00.00)

Saved: '/Users/chikumatsuboi/Code/animal-racers-western/assets/source/western/revision2/qa/unicorn/race/motion/candidate/land/0001.png'
Time: 00:00.03 (Saving: 00:00.00)

Saved: '/Users/chikumatsuboi/Code/animal-racers-western/assets/source/western/revision2/qa/unicorn/race/motion/candidate/land/0002.png'
Time: 00:00.03 (Saving: 00:00.00)

Saved: '/Users/chikumatsuboi/Code/animal-racers-western/assets/source/western/revision2/qa/unicorn/race/motion/candidate/land/0003.png'
Time: 00:00.03 (Saving: 00:00.00)

Saved: '/Users/chikumatsuboi/Code/animal-racers-western/assets/source/western/revision2/qa/unicorn/race/motion/candidate/land/0004.png'
Time: 00:00.03 (Saving: 00:00.00)

Saved: '/Users/chikumatsuboi/Code/animal-racers-western/assets/source/western/revision2/qa/unicorn/race/motion/candidate/land/0005.png'
Time: 00:00.03 (Saving: 00:00.00)

REVISION2_MOTION unicorn race land 6
Read blend: "/Users/chikumatsuboi/Code/animal-racers-western/assets/source/western/revision2/inputs/unicorn.blend"
Saved: '/Users/chikumatsuboi/Code/animal-racers-western/assets/source/western/revision2/qa/unicorn/race/motion/control/race_idle/0000.png'
Time: 00:00.03 (Saving: 00:00.00)

Saved: '/Users/chikumatsuboi/Code/animal-racers-western/assets/source/western/revision2/qa/unicorn/race/motion/control/race_idle/0001.png'
Time: 00:00.03 (Saving: 00:00.00)

Saved: '/Users/chikumatsuboi/Code/animal-racers-western/assets/source/western/revision2/qa/unicorn/race/motion/control/race_idle/0002.png'
Time: 00:00.02 (Saving: 00:00.00)

Saved: '/Users/chikumatsuboi/Code/animal-racers-western/assets/source/western/revision2/qa/unicorn/race/motion/control/race_idle/0003.png'
Time: 00:00.02 (Saving: 00:00.00)

Saved: '/Users/chikumatsuboi/Code/animal-racers-western/assets/source/western/revision2/qa/unicorn/race/motion/control/race_idle/0004.png'
Time: 00:00.03 (Saving: 00:00.00)

Saved: '/Users/chikumatsuboi/Code/animal-racers-western/assets/source/western/revision2/qa/unicorn/race/motion/control/race_idle/0005.png'
Time: 00:00.03 (Saving: 00:00.00)

Saved: '/Users/chikumatsuboi/Code/animal-racers-western/assets/source/western/revision2/qa/unicorn/race/motion/control/race_idle/0006.png'
Time: 00:00.03 (Saving: 00:00.00)

Saved: '/Users/chikumatsuboi/Code/animal-racers-western/assets/source/western/revision2/qa/unicorn/race/motion/control/race_idle/0007.png'
Time: 00:00.03 (Saving: 00:00.00)

Saved: '/Users/chikumatsuboi/Code/animal-racers-western/assets/source/western/revision2/qa/unicorn/race/motion/control/race_idle/0008.png'
Time: 00:00.03 (Saving: 00:00.00)

Saved: '/Users/chikumatsuboi/Code/animal-racers-western/assets/source/western/revision2/qa/unicorn/race/motion/control/race_idle/0009.png'
Time: 00:00.03 (Saving: 00:00.00)

Saved: '/Users/chikumatsuboi/Code/animal-racers-western/assets/source/western/revision2/qa/unicorn/race/motion/control/race_idle/0010.png'
Time: 00:00.02 (Saving: 00:00.00)

Saved: '/Users/chikumatsuboi/Code/animal-racers-western/assets/source/western/revision2/qa/unicorn/race/motion/control/race_idle/0011.png'
Time: 00:00.03 (Saving: 00:00.00)

Saved: '/Users/chikumatsuboi/Code/animal-racers-western/assets/source/western/revision2/qa/unicorn/race/motion/control/race_idle/0012.png'
Time: 00:00.03 (Saving: 00:00.00)

Saved: '/Users/chikumatsuboi/Code/animal-racers-western/assets/source/western/revision2/qa/unicorn/race/motion/control/race_idle/0013.png'
Time: 00:00.02 (Saving: 00:00.00)

Saved: '/Users/chikumatsuboi/Code/animal-racers-western/assets/source/western/revision2/qa/unicorn/race/motion/control/race_idle/0014.png'
Time: 00:00.03 (Saving: 00:00.00)

Saved: '/Users/chikumatsuboi/Code/animal-racers-western/assets/source/western/revision2/qa/unicorn/race/motion/control/race_idle/0015.png'
Time: 00:00.03 (Saving: 00:00.00)

Saved: '/Users/chikumatsuboi/Code/animal-racers-western/assets/source/western/revision2/qa/unicorn/race/motion/control/race_idle/0016.png'
Time: 00:00.03 (Saving: 00:00.00)

Saved: '/Users/chikumatsuboi/Code/animal-racers-western/assets/source/western/revision2/qa/unicorn/race/motion/control/race_idle/0017.png'
Time: 00:00.03 (Saving: 00:00.00)

Saved: '/Users/chikumatsuboi/Code/animal-racers-western/assets/source/western/revision2/qa/unicorn/race/motion/control/race_idle/0018.png'
Time: 00:00.03 (Saving: 00:00.00)

Saved: '/Users/chikumatsuboi/Code/animal-racers-western/assets/source/western/revision2/qa/unicorn/race/motion/control/race_idle/0019.png'
Time: 00:00.03 (Saving: 00:00.00)

Saved: '/Users/chikumatsuboi/Code/animal-racers-western/assets/source/western/revision2/qa/unicorn/race/motion/control/race_idle/0020.png'
Time: 00:00.03 (Saving: 00:00.00)

Saved: '/Users/chikumatsuboi/Code/animal-racers-western/assets/source/western/revision2/qa/unicorn/race/motion/control/race_idle/0021.png'
Time: 00:00.02 (Saving: 00:00.00)

Saved: '/Users/chikumatsuboi/Code/animal-racers-western/assets/source/western/revision2/qa/unicorn/race/motion/control/race_idle/0022.png'
Time: 00:00.02 (Saving: 00:00.00)

Saved: '/Users/chikumatsuboi/Code/animal-racers-western/assets/source/western/revision2/qa/unicorn/race/motion/control/race_idle/0023.png'
Time: 00:00.03 (Saving: 00:00.00)

Saved: '/Users/chikumatsuboi/Code/animal-racers-western/assets/source/western/revision2/qa/unicorn/race/motion/control/race_idle/0024.png'
Time: 00:00.03 (Saving: 00:00.00)

Saved: '/Users/chikumatsuboi/Code/animal-racers-western/assets/source/western/revision2/qa/unicorn/race/motion/control/race_idle/0025.png'
Time: 00:00.03 (Saving: 00:00.00)

Saved: '/Users/chikumatsuboi/Code/animal-racers-western/assets/source/western/revision2/qa/unicorn/race/motion/control/race_idle/0026.png'
Time: 00:00.03 (Saving: 00:00.00)

Saved: '/Users/chikumatsuboi/Code/animal-racers-western/assets/source/western/revision2/qa/unicorn/race/motion/control/race_idle/0027.png'
Time: 00:00.03 (Saving: 00:00.00)

Saved: '/Users/chikumatsuboi/Code/animal-racers-western/assets/source/western/revision2/qa/unicorn/race/motion/control/race_idle/0028.png'
Time: 00:00.03 (Saving: 00:00.00)

Saved: '/Users/chikumatsuboi/Code/animal-racers-western/assets/source/western/revision2/qa/unicorn/race/motion/control/race_idle/0029.png'
Time: 00:00.03 (Saving: 00:00.00)

Saved: '/Users/chikumatsuboi/Code/animal-racers-western/assets/source/western/revision2/qa/unicorn/race/motion/control/race_idle/0030.png'
Time: 00:00.02 (Saving: 00:00.00)

Read blend: "/Users/chikumatsuboi/Code/animal-racers-western/assets/source/western/revision2/candidate/unicorn.blend"
Saved: '/Users/chikumatsuboi/Code/animal-racers-western/assets/source/western/revision2/qa/unicorn/race/motion/candidate/race_idle/0000.png'
Time: 00:00.04 (Saving: 00:00.01)

Saved: '/Users/chikumatsuboi/Code/animal-racers-western/assets/source/western/revision2/qa/unicorn/race/motion/candidate/race_idle/0001.png'
Time: 00:00.03 (Saving: 00:00.00)

Saved: '/Users/chikumatsuboi/Code/animal-racers-western/assets/source/western/revision2/qa/unicorn/race/motion/candidate/race_idle/0002.png'
Time: 00:00.03 (Saving: 00:00.00)

Saved: '/Users/chikumatsuboi/Code/animal-racers-western/assets/source/western/revision2/qa/unicorn/race/motion/candidate/race_idle/0003.png'
Time: 00:00.03 (Saving: 00:00.00)

Saved: '/Users/chikumatsuboi/Code/animal-racers-western/assets/source/western/revision2/qa/unicorn/race/motion/candidate/race_idle/0004.png'
Time: 00:00.02 (Saving: 00:00.00)

Saved: '/Users/chikumatsuboi/Code/animal-racers-western/assets/source/western/revision2/qa/unicorn/race/motion/candidate/race_idle/0005.png'
Time: 00:00.03 (Saving: 00:00.00)

Saved: '/Users/chikumatsuboi/Code/animal-racers-western/assets/source/western/revision2/qa/unicorn/race/motion/candidate/race_idle/0006.png'
Time: 00:00.03 (Saving: 00:00.00)

Saved: '/Users/chikumatsuboi/Code/animal-racers-western/assets/source/western/revision2/qa/unicorn/race/motion/candidate/race_idle/0007.png'
Time: 00:00.03 (Saving: 00:00.00)

Saved: '/Users/chikumatsuboi/Code/animal-racers-western/assets/source/western/revision2/qa/unicorn/race/motion/candidate/race_idle/0008.png'
Time: 00:00.03 (Saving: 00:00.00)

Saved: '/Users/chikumatsuboi/Code/animal-racers-western/assets/source/western/revision2/qa/unicorn/race/motion/candidate/race_idle/0009.png'
Time: 00:00.03 (Saving: 00:00.00)

Saved: '/Users/chikumatsuboi/Code/animal-racers-western/assets/source/western/revision2/qa/unicorn/race/motion/candidate/race_idle/0010.png'
Time: 00:00.03 (Saving: 00:00.00)

Saved: '/Users/chikumatsuboi/Code/animal-racers-western/assets/source/western/revision2/qa/unicorn/race/motion/candidate/race_idle/0011.png'
Time: 00:00.03 (Saving: 00:00.00)

Saved: '/Users/chikumatsuboi/Code/animal-racers-western/assets/source/western/revision2/qa/unicorn/race/motion/candidate/race_idle/0012.png'
Time: 00:00.03 (Saving: 00:00.00)

Saved: '/Users/chikumatsuboi/Code/animal-racers-western/assets/source/western/revision2/qa/unicorn/race/motion/candidate/race_idle/0013.png'
Time: 00:00.03 (Saving: 00:00.00)

Saved: '/Users/chikumatsuboi/Code/animal-racers-western/assets/source/western/revision2/qa/unicorn/race/motion/candidate/race_idle/0014.png'
Time: 00:00.03 (Saving: 00:00.00)

Saved: '/Users/chikumatsuboi/Code/animal-racers-western/assets/source/western/revision2/qa/unicorn/race/motion/candidate/race_idle/0015.png'
Time: 00:00.03 (Saving: 00:00.00)

Saved: '/Users/chikumatsuboi/Code/animal-racers-western/assets/source/western/revision2/qa/unicorn/race/motion/candidate/race_idle/0016.png'
Time: 00:00.02 (Saving: 00:00.00)

Saved: '/Users/chikumatsuboi/Code/animal-racers-western/assets/source/western/revision2/qa/unicorn/race/motion/candidate/race_idle/0017.png'
Time: 00:00.02 (Saving: 00:00.00)

Saved: '/Users/chikumatsuboi/Code/animal-racers-western/assets/source/western/revision2/qa/unicorn/race/motion/candidate/race_idle/0018.png'
Time: 00:00.03 (Saving: 00:00.00)

Saved: '/Users/chikumatsuboi/Code/animal-racers-western/assets/source/western/revision2/qa/unicorn/race/motion/candidate/race_idle/0019.png'
Time: 00:00.03 (Saving: 00:00.00)

Saved: '/Users/chikumatsuboi/Code/animal-racers-western/assets/source/western/revision2/qa/unicorn/race/motion/candidate/race_idle/0020.png'
Time: 00:00.03 (Saving: 00:00.00)

Saved: '/Users/chikumatsuboi/Code/animal-racers-western/assets/source/western/revision2/qa/unicorn/race/motion/candidate/race_idle/0021.png'
Time: 00:00.03 (Saving: 00:00.00)

Saved: '/Users/chikumatsuboi/Code/animal-racers-western/assets/source/western/revision2/qa/unicorn/race/motion/candidate/race_idle/0022.png'
Time: 00:00.03 (Saving: 00:00.00)

Saved: '/Users/chikumatsuboi/Code/animal-racers-western/assets/source/western/revision2/qa/unicorn/race/motion/candidate/race_idle/0023.png'
Time: 00:00.03 (Saving: 00:00.00)

Saved: '/Users/chikumatsuboi/Code/animal-racers-western/assets/source/western/revision2/qa/unicorn/race/motion/candidate/race_idle/0024.png'
Time: 00:00.03 (Saving: 00:00.00)

Saved: '/Users/chikumatsuboi/Code/animal-racers-western/assets/source/western/revision2/qa/unicorn/race/motion/candidate/race_idle/0025.png'
Time: 00:00.02 (Saving: 00:00.00)

Saved: '/Users/chikumatsuboi/Code/animal-racers-western/assets/source/western/revision2/qa/unicorn/race/motion/candidate/race_idle/0026.png'
Time: 00:00.03 (Saving: 00:00.00)

Saved: '/Users/chikumatsuboi/Code/animal-racers-western/assets/source/western/revision2/qa/unicorn/race/motion/candidate/race_idle/0027.png'
Time: 00:00.03 (Saving: 00:00.00)

Saved: '/Users/chikumatsuboi/Code/animal-racers-western/assets/source/western/revision2/qa/unicorn/race/motion/candidate/race_idle/0028.png'
Time: 00:00.03 (Saving: 00:00.00)

Saved: '/Users/chikumatsuboi/Code/animal-racers-western/assets/source/western/revision2/qa/unicorn/race/motion/candidate/race_idle/0029.png'
Time: 00:00.03 (Saving: 00:00.00)

Saved: '/Users/chikumatsuboi/Code/animal-racers-western/assets/source/western/revision2/qa/unicorn/race/motion/candidate/race_idle/0030.png'
Time: 00:00.03 (Saving: 00:00.00)

REVISION2_MOTION unicorn race race_idle 31
Read blend: "/Users/chikumatsuboi/Code/animal-racers-western/assets/source/western/revision2/inputs/unicorn.blend"
Saved: '/Users/chikumatsuboi/Code/animal-racers-western/assets/source/western/revision2/qa/unicorn/race/motion/control/run/0000.png'
Time: 00:00.04 (Saving: 00:00.00)

Saved: '/Users/chikumatsuboi/Code/animal-racers-western/assets/source/western/revision2/qa/unicorn/race/motion/control/run/0001.png'
Time: 00:00.03 (Saving: 00:00.00)

Saved: '/Users/chikumatsuboi/Code/animal-racers-western/assets/source/western/revision2/qa/unicorn/race/motion/control/run/0002.png'
Time: 00:00.03 (Saving: 00:00.00)

Saved: '/Users/chikumatsuboi/Code/animal-racers-western/assets/source/western/revision2/qa/unicorn/race/motion/control/run/0003.png'
Time: 00:00.02 (Saving: 00:00.00)

Saved: '/Users/chikumatsuboi/Code/animal-racers-western/assets/source/western/revision2/qa/unicorn/race/motion/control/run/0004.png'
Time: 00:00.03 (Saving: 00:00.00)

Saved: '/Users/chikumatsuboi/Code/animal-racers-western/assets/source/western/revision2/qa/unicorn/race/motion/control/run/0005.png'
Time: 00:00.03 (Saving: 00:00.00)

Saved: '/Users/chikumatsuboi/Code/animal-racers-western/assets/source/western/revision2/qa/unicorn/race/motion/control/run/0006.png'
Time: 00:00.03 (Saving: 00:00.00)

Saved: '/Users/chikumatsuboi/Code/animal-racers-western/assets/source/western/revision2/qa/unicorn/race/motion/control/run/0007.png'
Time: 00:00.03 (Saving: 00:00.00)

Saved: '/Users/chikumatsuboi/Code/animal-racers-western/assets/source/western/revision2/qa/unicorn/race/motion/control/run/0008.png'
Time: 00:00.03 (Saving: 00:00.00)

Read blend: "/Users/chikumatsuboi/Code/animal-racers-western/assets/source/western/revision2/candidate/unicorn.blend"
Saved: '/Users/chikumatsuboi/Code/animal-racers-western/assets/source/western/revision2/qa/unicorn/race/motion/candidate/run/0000.png'
Time: 00:00.03 (Saving: 00:00.00)

Saved: '/Users/chikumatsuboi/Code/animal-racers-western/assets/source/western/revision2/qa/unicorn/race/motion/candidate/run/0001.png'
Time: 00:00.03 (Saving: 00:00.00)

Saved: '/Users/chikumatsuboi/Code/animal-racers-western/assets/source/western/revision2/qa/unicorn/race/motion/candidate/run/0002.png'
Time: 00:00.03 (Saving: 00:00.00)

Saved: '/Users/chikumatsuboi/Code/animal-racers-western/assets/source/western/revision2/qa/unicorn/race/motion/candidate/run/0003.png'
Time: 00:00.03 (Saving: 00:00.00)

Saved: '/Users/chikumatsuboi/Code/animal-racers-western/assets/source/western/revision2/qa/unicorn/race/motion/candidate/run/0004.png'
Time: 00:00.03 (Saving: 00:00.00)

Saved: '/Users/chikumatsuboi/Code/animal-racers-western/assets/source/western/revision2/qa/unicorn/race/motion/candidate/run/0005.png'
Time: 00:00.02 (Saving: 00:00.00)

Saved: '/Users/chikumatsuboi/Code/animal-racers-western/assets/source/western/revision2/qa/unicorn/race/motion/candidate/run/0006.png'
Time: 00:00.02 (Saving: 00:00.00)

Saved: '/Users/chikumatsuboi/Code/animal-racers-western/assets/source/western/revision2/qa/unicorn/race/motion/candidate/run/0007.png'
Time: 00:00.03 (Saving: 00:00.00)

Saved: '/Users/chikumatsuboi/Code/animal-racers-western/assets/source/western/revision2/qa/unicorn/race/motion/candidate/run/0008.png'
Time: 00:00.02 (Saving: 00:00.00)

REVISION2_MOTION unicorn race run 9
Read blend: "/Users/chikumatsuboi/Code/animal-racers-western/assets/source/western/revision2/inputs/unicorn.blend"
Saved: '/Users/chikumatsuboi/Code/animal-racers-western/assets/source/western/revision2/qa/unicorn/race/motion/control/special/0000.png'
Time: 00:00.03 (Saving: 00:00.00)

Saved: '/Users/chikumatsuboi/Code/animal-racers-western/assets/source/western/revision2/qa/unicorn/race/motion/control/special/0001.png'
Time: 00:00.03 (Saving: 00:00.00)

Saved: '/Users/chikumatsuboi/Code/animal-racers-western/assets/source/western/revision2/qa/unicorn/race/motion/control/special/0002.png'
Time: 00:00.02 (Saving: 00:00.00)

Saved: '/Users/chikumatsuboi/Code/animal-racers-western/assets/source/western/revision2/qa/unicorn/race/motion/control/special/0003.png'
Time: 00:00.03 (Saving: 00:00.00)

Saved: '/Users/chikumatsuboi/Code/animal-racers-western/assets/source/western/revision2/qa/unicorn/race/motion/control/special/0004.png'
Time: 00:00.03 (Saving: 00:00.00)

Saved: '/Users/chikumatsuboi/Code/animal-racers-western/assets/source/western/revision2/qa/unicorn/race/motion/control/special/0005.png'
Time: 00:00.03 (Saving: 00:00.00)

Saved: '/Users/chikumatsuboi/Code/animal-racers-western/assets/source/western/revision2/qa/unicorn/race/motion/control/special/0006.png'
Time: 00:00.03 (Saving: 00:00.00)

Saved: '/Users/chikumatsuboi/Code/animal-racers-western/assets/source/western/revision2/qa/unicorn/race/motion/control/special/0007.png'
Time: 00:00.02 (Saving: 00:00.00)

Saved: '/Users/chikumatsuboi/Code/animal-racers-western/assets/source/western/revision2/qa/unicorn/race/motion/control/special/0008.png'
Time: 00:00.03 (Saving: 00:00.00)

Saved: '/Users/chikumatsuboi/Code/animal-racers-western/assets/source/western/revision2/qa/unicorn/race/motion/control/special/0009.png'
Time: 00:00.03 (Saving: 00:00.00)

Saved: '/Users/chikumatsuboi/Code/animal-racers-western/assets/source/western/revision2/qa/unicorn/race/motion/control/special/0010.png'
Time: 00:00.03 (Saving: 00:00.00)

Saved: '/Users/chikumatsuboi/Code/animal-racers-western/assets/source/western/revision2/qa/unicorn/race/motion/control/special/0011.png'
Time: 00:00.02 (Saving: 00:00.00)

Saved: '/Users/chikumatsuboi/Code/animal-racers-western/assets/source/western/revision2/qa/unicorn/race/motion/control/special/0012.png'
Time: 00:00.03 (Saving: 00:00.00)

Saved: '/Users/chikumatsuboi/Code/animal-racers-western/assets/source/western/revision2/qa/unicorn/race/motion/control/special/0013.png'
Time: 00:00.03 (Saving: 00:00.00)

Saved: '/Users/chikumatsuboi/Code/animal-racers-western/assets/source/western/revision2/qa/unicorn/race/motion/control/special/0014.png'
Time: 00:00.03 (Saving: 00:00.00)

Read blend: "/Users/chikumatsuboi/Code/animal-racers-western/assets/source/western/revision2/candidate/unicorn.blend"
Saved: '/Users/chikumatsuboi/Code/animal-racers-western/assets/source/western/revision2/qa/unicorn/race/motion/candidate/special/0000.png'
Time: 00:00.04 (Saving: 00:00.00)

Saved: '/Users/chikumatsuboi/Code/animal-racers-western/assets/source/western/revision2/qa/unicorn/race/motion/candidate/special/0001.png'
Time: 00:00.02 (Saving: 00:00.00)

Saved: '/Users/chikumatsuboi/Code/animal-racers-western/assets/source/western/revision2/qa/unicorn/race/motion/candidate/special/0002.png'
Time: 00:00.02 (Saving: 00:00.00)

Saved: '/Users/chikumatsuboi/Code/animal-racers-western/assets/source/western/revision2/qa/unicorn/race/motion/candidate/special/0003.png'
Time: 00:00.02 (Saving: 00:00.00)

Saved: '/Users/chikumatsuboi/Code/animal-racers-western/assets/source/western/revision2/qa/unicorn/race/motion/candidate/special/0004.png'
Time: 00:00.02 (Saving: 00:00.00)

Saved: '/Users/chikumatsuboi/Code/animal-racers-western/assets/source/western/revision2/qa/unicorn/race/motion/candidate/special/0005.png'
Time: 00:00.02 (Saving: 00:00.00)

Saved: '/Users/chikumatsuboi/Code/animal-racers-western/assets/source/western/revision2/qa/unicorn/race/motion/candidate/special/0006.png'
Time: 00:00.02 (Saving: 00:00.00)

Saved: '/Users/chikumatsuboi/Code/animal-racers-western/assets/source/western/revision2/qa/unicorn/race/motion/candidate/special/0007.png'
Time: 00:00.02 (Saving: 00:00.00)

Saved: '/Users/chikumatsuboi/Code/animal-racers-western/assets/source/western/revision2/qa/unicorn/race/motion/candidate/special/0008.png'
Time: 00:00.02 (Saving: 00:00.00)

Saved: '/Users/chikumatsuboi/Code/animal-racers-western/assets/source/western/revision2/qa/unicorn/race/motion/candidate/special/0009.png'
Time: 00:00.03 (Saving: 00:00.00)

Saved: '/Users/chikumatsuboi/Code/animal-racers-western/assets/source/western/revision2/qa/unicorn/race/motion/candidate/special/0010.png'
Time: 00:00.03 (Saving: 00:00.00)

Saved: '/Users/chikumatsuboi/Code/animal-racers-western/assets/source/western/revision2/qa/unicorn/race/motion/candidate/special/0011.png'
Time: 00:00.03 (Saving: 00:00.00)

Saved: '/Users/chikumatsuboi/Code/animal-racers-western/assets/source/western/revision2/qa/unicorn/race/motion/candidate/special/0012.png'
Time: 00:00.03 (Saving: 00:00.00)

Saved: '/Users/chikumatsuboi/Code/animal-racers-western/assets/source/western/revision2/qa/unicorn/race/motion/candidate/special/0013.png'
Time: 00:00.03 (Saving: 00:00.00)

Saved: '/Users/chikumatsuboi/Code/animal-racers-western/assets/source/western/revision2/qa/unicorn/race/motion/candidate/special/0014.png'
Time: 00:00.03 (Saving: 00:00.00)

REVISION2_MOTION unicorn race special 15
Read blend: "/Users/chikumatsuboi/Code/animal-racers-western/assets/source/western/revision2/inputs/unicorn.blend"
Saved: '/Users/chikumatsuboi/Code/animal-racers-western/assets/source/western/revision2/qa/unicorn/race/motion/control/stumble/0000.png'
Time: 00:00.04 (Saving: 00:00.00)

Saved: '/Users/chikumatsuboi/Code/animal-racers-western/assets/source/western/revision2/qa/unicorn/race/motion/control/stumble/0001.png'
Time: 00:00.03 (Saving: 00:00.00)

Saved: '/Users/chikumatsuboi/Code/animal-racers-western/assets/source/western/revision2/qa/unicorn/race/motion/control/stumble/0002.png'
Time: 00:00.02 (Saving: 00:00.00)

Saved: '/Users/chikumatsuboi/Code/animal-racers-western/assets/source/western/revision2/qa/unicorn/race/motion/control/stumble/0003.png'
Time: 00:00.02 (Saving: 00:00.00)

Saved: '/Users/chikumatsuboi/Code/animal-racers-western/assets/source/western/revision2/qa/unicorn/race/motion/control/stumble/0004.png'
Time: 00:00.03 (Saving: 00:00.00)

Saved: '/Users/chikumatsuboi/Code/animal-racers-western/assets/source/western/revision2/qa/unicorn/race/motion/control/stumble/0005.png'
Time: 00:00.02 (Saving: 00:00.00)

Saved: '/Users/chikumatsuboi/Code/animal-racers-western/assets/source/western/revision2/qa/unicorn/race/motion/control/stumble/0006.png'
Time: 00:00.03 (Saving: 00:00.00)

Saved: '/Users/chikumatsuboi/Code/animal-racers-western/assets/source/western/revision2/qa/unicorn/race/motion/control/stumble/0007.png'
Time: 00:00.03 (Saving: 00:00.00)

Saved: '/Users/chikumatsuboi/Code/animal-racers-western/assets/source/western/revision2/qa/unicorn/race/motion/control/stumble/0008.png'
Time: 00:00.03 (Saving: 00:00.00)

Saved: '/Users/chikumatsuboi/Code/animal-racers-western/assets/source/western/revision2/qa/unicorn/race/motion/control/stumble/0009.png'
Time: 00:00.03 (Saving: 00:00.00)

Saved: '/Users/chikumatsuboi/Code/animal-racers-western/assets/source/western/revision2/qa/unicorn/race/motion/control/stumble/0010.png'
Time: 00:00.03 (Saving: 00:00.00)

Read blend: "/Users/chikumatsuboi/Code/animal-racers-western/assets/source/western/revision2/candidate/unicorn.blend"
Saved: '/Users/chikumatsuboi/Code/animal-racers-western/assets/source/western/revision2/qa/unicorn/race/motion/candidate/stumble/0000.png'
Time: 00:00.03 (Saving: 00:00.00)

Saved: '/Users/chikumatsuboi/Code/animal-racers-western/assets/source/western/revision2/qa/unicorn/race/motion/candidate/stumble/0001.png'
Time: 00:00.03 (Saving: 00:00.00)

Saved: '/Users/chikumatsuboi/Code/animal-racers-western/assets/source/western/revision2/qa/unicorn/race/motion/candidate/stumble/0002.png'
Time: 00:00.02 (Saving: 00:00.00)

Saved: '/Users/chikumatsuboi/Code/animal-racers-western/assets/source/western/revision2/qa/unicorn/race/motion/candidate/stumble/0003.png'
Time: 00:00.03 (Saving: 00:00.00)

Saved: '/Users/chikumatsuboi/Code/animal-racers-western/assets/source/western/revision2/qa/unicorn/race/motion/candidate/stumble/0004.png'
Time: 00:00.03 (Saving: 00:00.00)

Saved: '/Users/chikumatsuboi/Code/animal-racers-western/assets/source/western/revision2/qa/unicorn/race/motion/candidate/stumble/0005.png'
Time: 00:00.03 (Saving: 00:00.00)

Saved: '/Users/chikumatsuboi/Code/animal-racers-western/assets/source/western/revision2/qa/unicorn/race/motion/candidate/stumble/0006.png'
Time: 00:00.03 (Saving: 00:00.00)

Saved: '/Users/chikumatsuboi/Code/animal-racers-western/assets/source/western/revision2/qa/unicorn/race/motion/candidate/stumble/0007.png'
Time: 00:00.02 (Saving: 00:00.00)

Saved: '/Users/chikumatsuboi/Code/animal-racers-western/assets/source/western/revision2/qa/unicorn/race/motion/candidate/stumble/0008.png'
Time: 00:00.03 (Saving: 00:00.00)

Saved: '/Users/chikumatsuboi/Code/animal-racers-western/assets/source/western/revision2/qa/unicorn/race/motion/candidate/stumble/0009.png'
Time: 00:00.02 (Saving: 00:00.00)

Saved: '/Users/chikumatsuboi/Code/animal-racers-western/assets/source/western/revision2/qa/unicorn/race/motion/candidate/stumble/0010.png'
Time: 00:00.03 (Saving: 00:00.00)

REVISION2_MOTION unicorn race stumble 11
Read blend: "/Users/chikumatsuboi/Code/animal-racers-western/assets/source/western/revision2/inputs/unicorn.blend"
Saved: '/Users/chikumatsuboi/Code/animal-racers-western/assets/source/western/revision2/qa/unicorn/race/motion/control/transform/0000.png'
Time: 00:00.03 (Saving: 00:00.00)

Saved: '/Users/chikumatsuboi/Code/animal-racers-western/assets/source/western/revision2/qa/unicorn/race/motion/control/transform/0001.png'
Time: 00:00.02 (Saving: 00:00.00)

Saved: '/Users/chikumatsuboi/Code/animal-racers-western/assets/source/western/revision2/qa/unicorn/race/motion/control/transform/0002.png'
Time: 00:00.02 (Saving: 00:00.00)

Saved: '/Users/chikumatsuboi/Code/animal-racers-western/assets/source/western/revision2/qa/unicorn/race/motion/control/transform/0003.png'
Time: 00:00.02 (Saving: 00:00.00)

Saved: '/Users/chikumatsuboi/Code/animal-racers-western/assets/source/western/revision2/qa/unicorn/race/motion/control/transform/0004.png'
Time: 00:00.02 (Saving: 00:00.00)

Saved: '/Users/chikumatsuboi/Code/animal-racers-western/assets/source/western/revision2/qa/unicorn/race/motion/control/transform/0005.png'
Time: 00:00.02 (Saving: 00:00.00)

Saved: '/Users/chikumatsuboi/Code/animal-racers-western/assets/source/western/revision2/qa/unicorn/race/motion/control/transform/0006.png'
Time: 00:00.02 (Saving: 00:00.00)

Saved: '/Users/chikumatsuboi/Code/animal-racers-western/assets/source/western/revision2/qa/unicorn/race/motion/control/transform/0007.png'
Time: 00:00.02 (Saving: 00:00.00)

Saved: '/Users/chikumatsuboi/Code/animal-racers-western/assets/source/western/revision2/qa/unicorn/race/motion/control/transform/0008.png'
Time: 00:00.03 (Saving: 00:00.00)

Saved: '/Users/chikumatsuboi/Code/animal-racers-western/assets/source/western/revision2/qa/unicorn/race/motion/control/transform/0009.png'
Time: 00:00.03 (Saving: 00:00.00)

Saved: '/Users/chikumatsuboi/Code/animal-racers-western/assets/source/western/revision2/qa/unicorn/race/motion/control/transform/0010.png'
Time: 00:00.03 (Saving: 00:00.00)

Saved: '/Users/chikumatsuboi/Code/animal-racers-western/assets/source/western/revision2/qa/unicorn/race/motion/control/transform/0011.png'
Time: 00:00.03 (Saving: 00:00.00)

Saved: '/Users/chikumatsuboi/Code/animal-racers-western/assets/source/western/revision2/qa/unicorn/race/motion/control/transform/0012.png'
Time: 00:00.02 (Saving: 00:00.00)

Saved: '/Users/chikumatsuboi/Code/animal-racers-western/assets/source/western/revision2/qa/unicorn/race/motion/control/transform/0013.png'
Time: 00:00.02 (Saving: 00:00.00)

Saved: '/Users/chikumatsuboi/Code/animal-racers-western/assets/source/western/revision2/qa/unicorn/race/motion/control/transform/0014.png'
Time: 00:00.03 (Saving: 00:00.00)

Saved: '/Users/chikumatsuboi/Code/animal-racers-western/assets/source/western/revision2/qa/unicorn/race/motion/control/transform/0015.png'
Time: 00:00.03 (Saving: 00:00.00)

Saved: '/Users/chikumatsuboi/Code/animal-racers-western/assets/source/western/revision2/qa/unicorn/race/motion/control/transform/0016.png'
Time: 00:00.03 (Saving: 00:00.00)

Saved: '/Users/chikumatsuboi/Code/animal-racers-western/assets/source/western/revision2/qa/unicorn/race/motion/control/transform/0017.png'
Time: 00:00.03 (Saving: 00:00.01)

Saved: '/Users/chikumatsuboi/Code/animal-racers-western/assets/source/western/revision2/qa/unicorn/race/motion/control/transform/0018.png'
Time: 00:00.05 (Saving: 00:00.01)

Read blend: "/Users/chikumatsuboi/Code/animal-racers-western/assets/source/western/revision2/candidate/unicorn.blend"
Saved: '/Users/chikumatsuboi/Code/animal-racers-western/assets/source/western/revision2/qa/unicorn/race/motion/candidate/transform/0000.png'
Time: 00:00.04 (Saving: 00:00.00)

Saved: '/Users/chikumatsuboi/Code/animal-racers-western/assets/source/western/revision2/qa/unicorn/race/motion/candidate/transform/0001.png'
Time: 00:00.02 (Saving: 00:00.00)

Saved: '/Users/chikumatsuboi/Code/animal-racers-western/assets/source/western/revision2/qa/unicorn/race/motion/candidate/transform/0002.png'
Time: 00:00.02 (Saving: 00:00.00)

Saved: '/Users/chikumatsuboi/Code/animal-racers-western/assets/source/western/revision2/qa/unicorn/race/motion/candidate/transform/0003.png'
Time: 00:00.02 (Saving: 00:00.00)

Saved: '/Users/chikumatsuboi/Code/animal-racers-western/assets/source/western/revision2/qa/unicorn/race/motion/candidate/transform/0004.png'
Time: 00:00.02 (Saving: 00:00.00)

Saved: '/Users/chikumatsuboi/Code/animal-racers-western/assets/source/western/revision2/qa/unicorn/race/motion/candidate/transform/0005.png'
Time: 00:00.02 (Saving: 00:00.00)

Saved: '/Users/chikumatsuboi/Code/animal-racers-western/assets/source/western/revision2/qa/unicorn/race/motion/candidate/transform/0006.png'
Time: 00:00.02 (Saving: 00:00.00)

Saved: '/Users/chikumatsuboi/Code/animal-racers-western/assets/source/western/revision2/qa/unicorn/race/motion/candidate/transform/0007.png'
Time: 00:00.02 (Saving: 00:00.00)

Saved: '/Users/chikumatsuboi/Code/animal-racers-western/assets/source/western/revision2/qa/unicorn/race/motion/candidate/transform/0008.png'
Time: 00:00.02 (Saving: 00:00.00)

Saved: '/Users/chikumatsuboi/Code/animal-racers-western/assets/source/western/revision2/qa/unicorn/race/motion/candidate/transform/0009.png'
Time: 00:00.02 (Saving: 00:00.00)

Saved: '/Users/chikumatsuboi/Code/animal-racers-western/assets/source/western/revision2/qa/unicorn/race/motion/candidate/transform/0010.png'
Time: 00:00.02 (Saving: 00:00.00)

Saved: '/Users/chikumatsuboi/Code/animal-racers-western/assets/source/western/revision2/qa/unicorn/race/motion/candidate/transform/0011.png'
Time: 00:00.03 (Saving: 00:00.00)

Saved: '/Users/chikumatsuboi/Code/animal-racers-western/assets/source/western/revision2/qa/unicorn/race/motion/candidate/transform/0012.png'
Time: 00:00.03 (Saving: 00:00.00)

Saved: '/Users/chikumatsuboi/Code/animal-racers-western/assets/source/western/revision2/qa/unicorn/race/motion/candidate/transform/0013.png'
Time: 00:00.03 (Saving: 00:00.00)

Saved: '/Users/chikumatsuboi/Code/animal-racers-western/assets/source/western/revision2/qa/unicorn/race/motion/candidate/transform/0014.png'
Time: 00:00.03 (Saving: 00:00.00)

Saved: '/Users/chikumatsuboi/Code/animal-racers-western/assets/source/western/revision2/qa/unicorn/race/motion/candidate/transform/0015.png'
Time: 00:00.02 (Saving: 00:00.00)

Saved: '/Users/chikumatsuboi/Code/animal-racers-western/assets/source/western/revision2/qa/unicorn/race/motion/candidate/transform/0016.png'
Time: 00:00.02 (Saving: 00:00.00)

Saved: '/Users/chikumatsuboi/Code/animal-racers-western/assets/source/western/revision2/qa/unicorn/race/motion/candidate/transform/0017.png'
Time: 00:00.02 (Saving: 00:00.00)

Saved: '/Users/chikumatsuboi/Code/animal-racers-western/assets/source/western/revision2/qa/unicorn/race/motion/candidate/transform/0018.png'
Time: 00:00.02 (Saving: 00:00.00)

REVISION2_MOTION unicorn race transform 19
REVISION2_PACKAGE_OK unicorn race
REVISION2_SOURCE_OK unicorn upright
Read blend: "/Users/chikumatsuboi/Code/animal-racers-western/assets/source/western/revision2/candidate/unicorn-upright.blend"
Read blend: "/Users/chikumatsuboi/Code/animal-racers-western/assets/source/western/revision2/inputs/unicorn-upright.blend"
Saved: '/Users/chikumatsuboi/Code/animal-racers-western/assets/source/western/revision2/qa/unicorn/upright/control-front.png'
Time: 00:00.05 (Saving: 00:00.01)

Saved: '/Users/chikumatsuboi/Code/animal-racers-western/assets/source/western/revision2/qa/unicorn/upright/control-side.png'
Time: 00:00.03 (Saving: 00:00.01)

Saved: '/Users/chikumatsuboi/Code/animal-racers-western/assets/source/western/revision2/qa/unicorn/upright/control-three-quarter.png'
Time: 00:00.03 (Saving: 00:00.01)

Saved: '/Users/chikumatsuboi/Code/animal-racers-western/assets/source/western/revision2/qa/unicorn/upright/control-face.png'
Time: 00:00.03 (Saving: 00:00.01)

REVISION2_PREVIEW unicorn upright control
Read blend: "/Users/chikumatsuboi/Code/animal-racers-western/assets/source/western/revision2/candidate/unicorn-upright.blend"
Saved: '/Users/chikumatsuboi/Code/animal-racers-western/assets/source/western/revision2/qa/unicorn/upright/candidate-front.png'
Time: 00:00.03 (Saving: 00:00.01)

Saved: '/Users/chikumatsuboi/Code/animal-racers-western/assets/source/western/revision2/qa/unicorn/upright/candidate-side.png'
Time: 00:00.03 (Saving: 00:00.01)

Saved: '/Users/chikumatsuboi/Code/animal-racers-western/assets/source/western/revision2/qa/unicorn/upright/candidate-three-quarter.png'
Time: 00:00.04 (Saving: 00:00.01)

Saved: '/Users/chikumatsuboi/Code/animal-racers-western/assets/source/western/revision2/qa/unicorn/upright/candidate-face.png'
Time: 00:00.03 (Saving: 00:00.01)

REVISION2_PREVIEW unicorn upright candidate
Read blend: "/Users/chikumatsuboi/Code/animal-racers-western/assets/source/western/revision2/inputs/unicorn-upright.blend"
Fra:1 Mem:29.66M (Peak 29.66M) | Time:00:00.00 | Mem:0.00M, Peak:0.00M | Scene, ViewLayer | Synchronizing object | Bronzed hoof
Fra:1 Mem:29.67M (Peak 29.67M) | Time:00:00.00 | Mem:0.00M, Peak:0.00M | Scene, ViewLayer | Synchronizing object | Hoof cleft
Fra:1 Mem:29.67M (Peak 29.67M) | Time:00:00.00 | Mem:0.00M, Peak:0.00M | Scene, ViewLayer | Synchronizing object | Bronzed hoof.001
Fra:1 Mem:29.68M (Peak 29.68M) | Time:00:00.00 | Mem:0.00M, Peak:0.00M | Scene, ViewLayer | Synchronizing object | Hoof cleft.001
Fra:1 Mem:29.69M (Peak 29.69M) | Time:00:00.00 | Mem:0.00M, Peak:0.00M | Scene, ViewLayer | Synchronizing object | Bronzed hoof.002
Fra:1 Mem:29.69M (Peak 29.69M) | Time:00:00.00 | Mem:0.00M, Peak:0.00M | Scene, ViewLayer | Synchronizing object | Hoof cleft.002
Fra:1 Mem:29.70M (Peak 29.70M) | Time:00:00.00 | Mem:0.00M, Peak:0.00M | Scene, ViewLayer | Synchronizing object | Bronzed hoof.003
Fra:1 Mem:29.71M (Peak 29.71M) | Time:00:00.00 | Mem:0.00M, Peak:0.00M | Scene, ViewLayer | Synchronizing object | Hoof cleft.003
Fra:1 Mem:29.71M (Peak 29.71M) | Time:00:00.00 | Mem:0.00M, Peak:0.00M | Scene, ViewLayer | Synchronizing object | Head • species sculpt
Fra:1 Mem:30.04M (Peak 30.04M) | Time:00:00.00 | Mem:0.00M, Peak:0.00M | Scene, ViewLayer | Synchronizing object | Velvet muzzle
Fra:1 Mem:30.09M (Peak 30.09M) | Time:00:00.00 | Mem:0.00M, Peak:0.00M | Scene, ViewLayer | Synchronizing object | Nostril
Fra:1 Mem:30.11M (Peak 30.11M) | Time:00:00.00 | Mem:0.00M, Peak:0.00M | Scene, ViewLayer | Synchronizing object | Nostril.001
Fra:1 Mem:30.14M (Peak 30.14M) | Time:00:00.00 | Mem:0.00M, Peak:0.00M | Scene, ViewLayer | Synchronizing object | Eye socket
Fra:1 Mem:30.16M (Peak 30.16M) | Time:00:00.00 | Mem:0.00M, Peak:0.00M | Scene, ViewLayer | Synchronizing object | Matched softbox.002
Fra:1 Mem:30.19M (Peak 30.19M) | Time:00:00.00 | Mem:0.00M, Peak:0.00M | Scene, ViewLayer | Synchronizing object | Ivory eye
Fra:1 Mem:30.22M (Peak 30.22M) | Time:00:00.00 | Mem:0.00M, Peak:0.00M | Scene, ViewLayer | Synchronizing object | Matched softbox.001
Fra:1 Mem:30.22M (Peak 30.22M) | Time:00:00.00 | Mem:0.00M, Peak:0.00M | Scene, ViewLayer | Synchronizing object | Matched softbox
Fra:1 Mem:30.23M (Peak 30.23M) | Time:00:00.00 | Mem:0.00M, Peak:0.00M | Scene, ViewLayer | Synchronizing object | Upright body • connected joint topology
Fra:1 Mem:30.56M (Peak 30.56M) | Time:00:00.00 | Mem:0.00M, Peak:0.00M | Scene, ViewLayer | Synchronizing object | Pupil
Fra:1 Mem:30.71M (Peak 30.71M) | Time:00:00.00 | Mem:0.00M, Peak:0.00M | Scene, ViewLayer | Synchronizing object | Eye glint
Fra:1 Mem:30.72M (Peak 30.72M) | Time:00:00.00 | Mem:0.00M, Peak:0.00M | Scene, ViewLayer | Synchronizing object | Expressive brow
Fra:1 Mem:30.75M (Peak 30.75M) | Time:00:00.00 | Mem:0.00M, Peak:0.00M | Scene, ViewLayer | Synchronizing object | Smiling mouth
Fra:1 Mem:30.75M (Peak 30.75M) | Time:00:00.00 | Mem:0.00M, Peak:0.00M | Scene, ViewLayer | Synchronizing object | Eye socket.001
Fra:1 Mem:30.80M (Peak 30.80M) | Time:00:00.00 | Mem:0.00M, Peak:0.00M | Scene, ViewLayer | Synchronizing object | Ivory eye.001
Fra:1 Mem:30.84M (Peak 30.84M) | Time:00:00.00 | Mem:0.00M, Peak:0.00M | Scene, ViewLayer | Synchronizing object | Iris.001
Fra:1 Mem:30.88M (Peak 30.88M) | Time:00:00.00 | Mem:0.00M, Peak:0.00M | Scene, ViewLayer | Synchronizing object | Pupil.001
Fra:1 Mem:30.96M (Peak 30.96M) | Time:00:00.00 | Mem:0.00M, Peak:0.00M | Scene, ViewLayer | Synchronizing object | Eye glint.001
Fra:1 Mem:31.05M (Peak 31.05M) | Time:00:00.00 | Mem:0.00M, Peak:0.00M | Scene, ViewLayer | Synchronizing object | Expressive brow.001
Fra:1 Mem:31.22M (Peak 31.22M) | Time:00:00.00 | Mem:0.00M, Peak:0.00M | Scene, ViewLayer | Synchronizing object | Smiling mouth.001
Fra:1 Mem:31.22M (Peak 31.22M) | Time:00:00.00 | Mem:0.00M, Peak:0.00M | Scene, ViewLayer | Synchronizing object | Raised elemental crest
Fra:1 Mem:31.22M (Peak 31.22M) | Time:00:00.00 | Mem:0.00M, Peak:0.00M | Scene, ViewLayer | Synchronizing object | Lower jaw
Fra:1 Mem:31.25M (Peak 31.25M) | Time:00:00.00 | Mem:0.00M, Peak:0.00M | Scene, ViewLayer | Synchronizing object | Brass crest clasp
Fra:1 Mem:31.28M (Peak 31.28M) | Time:00:00.00 | Mem:0.00M, Peak:0.00M | Scene, ViewLayer | Synchronizing object | Pointed species ear
Fra:1 Mem:31.29M (Peak 31.29M) | Time:00:00.00 | Mem:0.00M, Peak:0.00M | Scene, ViewLayer | Synchronizing object | Neckerchief folded point
Fra:1 Mem:31.29M (Peak 31.29M) | Time:00:00.00 | Mem:0.00M, Peak:0.00M | Scene, ViewLayer | Synchronizing object | Inner ear
Fra:1 Mem:31.29M (Peak 31.29M) | Time:00:00.00 | Mem:0.00M, Peak:0.00M | Scene, ViewLayer | Synchronizing object | Leather neckerchief roll
Fra:1 Mem:31.29M (Peak 31.29M) | Time:00:00.00 | Mem:0.00M, Peak:0.00M | Scene, ViewLayer | Synchronizing object | Pointed species ear.001
Fra:1 Mem:31.30M (Peak 31.30M) | Time:00:00.00 | Mem:0.00M, Peak:0.00M | Scene, ViewLayer | Synchronizing object | Inner ear.001
Fra:1 Mem:31.30M (Peak 31.30M) | Time:00:00.00 | Mem:0.00M, Peak:0.00M | Scene, ViewLayer | Synchronizing object | Rainbow swept forelock
Fra:1 Mem:31.30M (Peak 31.30M) | Time:00:00.00 | Mem:0.00M, Peak:0.00M | Scene, ViewLayer | Synchronizing object | Rainbow tail ribbon.005
Fra:1 Mem:31.31M (Peak 31.31M) | Time:00:00.00 | Mem:0.00M, Peak:0.00M | Scene, ViewLayer | Synchronizing object | Ribbon mane
Fra:1 Mem:31.33M (Peak 31.33M) | Time:00:00.00 | Mem:0.00M, Peak:0.00M | Scene, ViewLayer | Synchronizing object | Rainbow tail ribbon.004
Fra:1 Mem:31.32M (Peak 31.33M) | Time:00:00.00 | Mem:0.00M, Peak:0.00M | Scene, ViewLayer | Synchronizing object | Rainbow swept forelock.001
Fra:1 Mem:31.33M (Peak 31.33M) | Time:00:00.00 | Mem:0.00M, Peak:0.00M | Scene, ViewLayer | Synchronizing object | Rainbow tail ribbon.003
Fra:1 Mem:31.33M (Peak 31.33M) | Time:00:00.00 | Mem:0.00M, Peak:0.00M | Scene, ViewLayer | Synchronizing object | Ribbon mane.001
Fra:1 Mem:31.33M (Peak 31.33M) | Time:00:00.00 | Mem:0.00M, Peak:0.00M | Scene, ViewLayer | Synchronizing object | Rainbow tail ribbon.002
Fra:1 Mem:31.35M (Peak 31.35M) | Time:00:00.00 | Mem:0.00M, Peak:0.00M | Scene, ViewLayer | Synchronizing object | Rainbow swept forelock.002
Fra:1 Mem:31.34M (Peak 31.35M) | Time:00:00.00 | Mem:0.00M, Peak:0.00M | Scene, ViewLayer | Synchronizing object | Rainbow tail ribbon.001
Fra:1 Mem:31.34M (Peak 31.35M) | Time:00:00.00 | Mem:0.00M, Peak:0.00M | Scene, ViewLayer | Synchronizing object | Ribbon mane.002
Fra:1 Mem:31.35M (Peak 31.35M) | Time:00:00.00 | Mem:0.00M, Peak:0.00M | Scene, ViewLayer | Synchronizing object | Rainbow tail ribbon
Fra:1 Mem:31.35M (Peak 31.35M) | Time:00:00.00 | Mem:0.00M, Peak:0.00M | Scene, ViewLayer | Synchronizing object | Rainbow swept forelock.003
Fra:1 Mem:31.36M (Peak 31.36M) | Time:00:00.00 | Mem:0.00M, Peak:0.00M | Scene, ViewLayer | Synchronizing object | Articulated tail
Fra:1 Mem:31.38M (Peak 31.38M) | Time:00:00.00 | Mem:0.00M, Peak:0.00M | Scene, ViewLayer | Synchronizing object | Ribbon mane.003
Fra:1 Mem:31.39M (Peak 31.39M) | Time:00:00.00 | Mem:0.00M, Peak:0.00M | Scene, ViewLayer | Synchronizing object | Fetlock feather.019
Fra:1 Mem:31.39M (Peak 31.39M) | Time:00:00.00 | Mem:0.00M, Peak:0.00M | Scene, ViewLayer | Synchronizing object | Rainbow swept forelock.004
Fra:1 Mem:31.40M (Peak 31.40M) | Time:00:00.00 | Mem:0.00M, Peak:0.00M | Scene, ViewLayer | Synchronizing object | Fetlock feather.018
Fra:1 Mem:31.40M (Peak 31.40M) | Time:00:00.00 | Mem:0.00M, Peak:0.00M | Scene, ViewLayer | Synchronizing object | Ribbon mane.004
Fra:1 Mem:31.42M (Peak 31.42M) | Time:00:00.00 | Mem:0.00M, Peak:0.00M | Scene, ViewLayer | Synchronizing object | Fetlock feather.017
Fra:1 Mem:31.41M (Peak 31.42M) | Time:00:00.00 | Mem:0.00M, Peak:0.00M | Scene, ViewLayer | Synchronizing object | Rainbow swept forelock.005
Fra:1 Mem:31.41M (Peak 31.42M) | Time:00:00.00 | Mem:0.00M, Peak:0.00M | Scene, ViewLayer | Synchronizing object | Fetlock feather.016
Fra:1 Mem:31.43M (Peak 31.43M) | Time:00:00.00 | Mem:0.00M, Peak:0.00M | Scene, ViewLayer | Synchronizing object | Ribbon mane.005
Fra:1 Mem:31.42M (Peak 31.43M) | Time:00:00.00 | Mem:0.00M, Peak:0.00M | Scene, ViewLayer | Synchronizing object | Fetlock feather.015
Fra:1 Mem:31.43M (Peak 31.43M) | Time:00:00.00 | Mem:0.00M, Peak:0.00M | Scene, ViewLayer | Synchronizing object | Rainbow swept forelock.006
Fra:1 Mem:31.45M (Peak 31.45M) | Time:00:00.00 | Mem:0.00M, Peak:0.00M | Scene, ViewLayer | Synchronizing object | Fetlock feather.014
Fra:1 Mem:31.44M (Peak 31.45M) | Time:00:00.00 | Mem:0.00M, Peak:0.00M | Scene, ViewLayer | Synchronizing object | Ribbon mane.006
Fra:1 Mem:31.44M (Peak 31.45M) | Time:00:00.00 | Mem:0.00M, Peak:0.00M | Scene, ViewLayer | Synchronizing object | Fetlock feather.013
Fra:1 Mem:31.45M (Peak 31.45M) | Time:00:00.00 | Mem:0.00M, Peak:0.00M | Scene, ViewLayer | Synchronizing object | Golden unicorn horn
Fra:1 Mem:31.47M (Peak 31.47M) | Time:00:00.00 | Mem:0.00M, Peak:0.00M | Scene, ViewLayer | Synchronizing object | Fetlock feather.012
Fra:1 Mem:31.46M (Peak 31.47M) | Time:00:00.00 | Mem:0.00M, Peak:0.00M | Scene, ViewLayer | Synchronizing object | Horn spiral ridge
Fra:1 Mem:31.47M (Peak 31.47M) | Time:00:00.00 | Mem:0.00M, Peak:0.00M | Scene, ViewLayer | Synchronizing object | Fetlock feather.011
Fra:1 Mem:31.51M (Peak 31.51M) | Time:00:00.00 | Mem:0.00M, Peak:0.00M | Scene, ViewLayer | Synchronizing object | Fetlock feather.010
Fra:1 Mem:31.53M (Peak 31.53M) | Time:00:00.00 | Mem:0.00M, Peak:0.00M | Scene, ViewLayer | Synchronizing object | Fetlock feather
Fra:1 Mem:31.53M (Peak 31.53M) | Time:00:00.00 | Mem:0.00M, Peak:0.00M | Scene, ViewLayer | Synchronizing object | Fetlock feather.009
Fra:1 Mem:31.53M (Peak 31.53M) | Time:00:00.00 | Mem:0.00M, Peak:0.00M | Scene, ViewLayer | Synchronizing object | Fetlock feather.001
Fra:1 Mem:31.54M (Peak 31.54M) | Time:00:00.00 | Mem:0.00M, Peak:0.00M | Scene, ViewLayer | Synchronizing object | Fetlock feather.008
Fra:1 Mem:31.54M (Peak 31.54M) | Time:00:00.00 | Mem:0.00M, Peak:0.00M | Scene, ViewLayer | Synchronizing object | Fetlock feather.002
Fra:1 Mem:31.55M (Peak 31.55M) | Time:00:00.00 | Mem:0.00M, Peak:0.00M | Scene, ViewLayer | Synchronizing object | Fetlock feather.007
Fra:1 Mem:31.55M (Peak 31.55M) | Time:00:00.00 | Mem:0.00M, Peak:0.00M | Scene, ViewLayer | Synchronizing object | Fetlock feather.003
Fra:1 Mem:31.56M (Peak 31.56M) | Time:00:00.00 | Mem:0.00M, Peak:0.00M | Scene, ViewLayer | Synchronizing object | Fetlock feather.006
Fra:1 Mem:31.56M (Peak 31.56M) | Time:00:00.00 | Mem:0.00M, Peak:0.00M | Scene, ViewLayer | Synchronizing object | Fetlock feather.004
Fra:1 Mem:31.57M (Peak 31.57M) | Time:00:00.00 | Mem:0.00M, Peak:0.00M | Scene, ViewLayer | Synchronizing object | Fetlock feather.005
Fra:1 Mem:31.57M (Peak 31.57M) | Time:00:00.00 | Mem:0.00M, Peak:0.00M | Scene, ViewLayer | Initializing
Fra:1 Mem:30.05M (Peak 31.57M) | Time:00:00.00 | Mem:0.00M, Peak:0.00M | Scene, ViewLayer | Updating Images | Loading Authored short-fur normal
Fra:1 Mem:26.18M (Peak 31.57M) | Time:00:00.00 | Mem:0.25M, Peak:0.25M | Scene, ViewLayer | Waiting for render to start
Fra:1 Mem:26.18M (Peak 31.57M) | Time:00:00.00 | Mem:0.25M, Peak:0.25M | Scene, ViewLayer | Updating Scene
Fra:1 Mem:26.18M (Peak 31.57M) | Time:00:00.00 | Mem:0.25M, Peak:0.25M | Scene, ViewLayer | Updating Shaders
Fra:1 Mem:26.18M (Peak 31.57M) | Time:00:00.00 | Mem:0.25M, Peak:0.25M | Scene, ViewLayer | Loading render kernels (may take a few minutes the first time)
Fra:1 Mem:26.28M (Peak 31.57M) | Time:00:00.00 | Mem:0.26M, Peak:0.26M | Scene, ViewLayer | Updating Procedurals
Fra:1 Mem:26.28M (Peak 31.57M) | Time:00:00.00 | Mem:0.26M, Peak:0.26M | Scene, ViewLayer | Updating Background
Fra:1 Mem:26.28M (Peak 31.57M) | Time:00:00.00 | Mem:0.26M, Peak:0.26M | Scene, ViewLayer | Updating Camera
Fra:1 Mem:26.28M (Peak 31.57M) | Time:00:00.00 | Mem:0.26M, Peak:0.26M | Scene, ViewLayer | Updating Meshes Flags
Fra:1 Mem:26.28M (Peak 31.57M) | Time:00:00.00 | Mem:0.26M, Peak:0.26M | Scene, ViewLayer | Updating Objects
Fra:1 Mem:26.28M (Peak 31.57M) | Time:00:00.00 | Mem:0.26M, Peak:0.26M | Scene, ViewLayer | Updating Objects | Copying Transformations to device
Fra:1 Mem:26.30M (Peak 31.57M) | Time:00:00.00 | Mem:0.28M, Peak:0.28M | Scene, ViewLayer | Updating Particle Systems
Fra:1 Mem:26.30M (Peak 31.57M) | Time:00:00.00 | Mem:0.28M, Peak:0.28M | Scene, ViewLayer | Updating Particle Systems | Copying Particles to device
Fra:1 Mem:26.30M (Peak 31.57M) | Time:00:00.00 | Mem:0.28M, Peak:0.28M | Scene, ViewLayer | Updating Meshes
Fra:1 Mem:27.05M (Peak 31.57M) | Time:00:00.01 | Mem:0.28M, Peak:0.28M | Scene, ViewLayer | Updating Objects | Applying Static Transformations
Fra:1 Mem:27.05M (Peak 31.57M) | Time:00:00.01 | Mem:0.28M, Peak:0.28M | Scene, ViewLayer | Updating Mesh | Computing attributes
Fra:1 Mem:28.14M (Peak 31.57M) | Time:00:00.01 | Mem:0.29M, Peak:0.29M | Scene, ViewLayer | Updating Mesh | Copying Attributes to device
Fra:1 Mem:28.13M (Peak 31.57M) | Time:00:00.01 | Mem:1.37M, Peak:1.37M | Scene, ViewLayer | Updating Scene BVH | Building
Fra:1 Mem:28.13M (Peak 31.57M) | Time:00:00.01 | Mem:1.37M, Peak:1.37M | Scene, ViewLayer | Updating Scene BVH | Building BVH
Fra:1 Mem:28.13M (Peak 31.57M) | Time:00:00.01 | Mem:1.97M, Peak:1.97M | Scene, ViewLayer | Updating Scene BVH | Building BVH 0%
Fra:1 Mem:28.13M (Peak 31.57M) | Time:00:00.01 | Mem:2.64M, Peak:3.25M | Scene, ViewLayer | Updating Scene BVH | Copying BVH to device
Fra:1 Mem:28.13M (Peak 31.57M) | Time:00:00.01 | Mem:2.64M, Peak:3.25M | Scene, ViewLayer | Updating Mesh | Computing normals
Fra:1 Mem:28.67M (Peak 31.57M) | Time:00:00.01 | Mem:2.64M, Peak:3.25M | Scene, ViewLayer | Updating Mesh | Copying Mesh to device
Fra:1 Mem:28.67M (Peak 31.57M) | Time:00:00.01 | Mem:3.18M, Peak:3.25M | Scene, ViewLayer | Updating Objects Flags
Fra:1 Mem:28.67M (Peak 31.57M) | Time:00:00.01 | Mem:3.18M, Peak:3.25M | Scene, ViewLayer | Updating Primitive Offsets
Fra:1 Mem:28.67M (Peak 31.57M) | Time:00:00.01 | Mem:3.18M, Peak:3.25M | Scene, ViewLayer | Updating Images
Fra:1 Mem:28.67M (Peak 31.57M) | Time:00:00.01 | Mem:3.18M, Peak:3.25M | Scene, ViewLayer | Updating Camera Volume
Fra:1 Mem:28.67M (Peak 31.57M) | Time:00:00.01 | Mem:3.18M, Peak:3.25M | Scene, ViewLayer | Updating Lookup Tables
Fra:1 Mem:28.67M (Peak 31.57M) | Time:00:00.01 | Mem:3.26M, Peak:3.26M | Scene, ViewLayer | Updating Lights
Fra:1 Mem:28.67M (Peak 31.57M) | Time:00:00.01 | Mem:3.26M, Peak:3.26M | Scene, ViewLayer | Updating Lights | Computing tree
Fra:1 Mem:28.68M (Peak 31.57M) | Time:00:00.01 | Mem:3.26M, Peak:3.26M | Scene, ViewLayer | Updating Integrator
Fra:1 Mem:28.68M (Peak 31.57M) | Time:00:00.01 | Mem:3.26M, Peak:3.26M | Scene, ViewLayer | Updating Film
Fra:1 Mem:28.68M (Peak 31.57M) | Time:00:00.01 | Mem:3.18M, Peak:3.26M | Scene, ViewLayer | Updating Lookup Tables
Fra:1 Mem:28.68M (Peak 31.57M) | Time:00:00.01 | Mem:3.27M, Peak:3.27M | Scene, ViewLayer | Updating Baking
Fra:1 Mem:28.68M (Peak 31.57M) | Time:00:00.01 | Mem:3.27M, Peak:3.27M | Scene, ViewLayer | Updating Device | Writing constant memory
Fra:1 Mem:28.68M (Peak 31.57M) | Time:00:00.01 | Mem:3.27M, Peak:3.27M | Scene, ViewLayer | Loading denoising kernels (may take a few minutes the first time)
Fra:1 Mem:28.68M (Peak 31.57M) | Time:00:00.01 | Mem:3.27M, Peak:3.27M | Scene, ViewLayer | Sample 0/20
Fra:1 Mem:47.71M (Peak 47.71M) | Time:00:00.07 | Remaining:00:01.19 | Mem:22.28M, Peak:22.28M | Scene, ViewLayer | Sample 1/20
Fra:1 Mem:55.71M (Peak 67.71M) | Time:00:02.48 | Mem:22.28M, Peak:22.28M | Scene, ViewLayer | Sample 20/20
Fra:1 Mem:55.71M (Peak 67.71M) | Time:00:02.48 | Mem:22.28M, Peak:22.28M | Scene, ViewLayer | Finished
Saved: '/Users/chikumatsuboi/Code/animal-racers-western/assets/source/western/revision2/qa/unicorn/upright/control-material.png'
Time: 00:02.50 (Saving: 00:00.01)

REVISION2_MATERIAL_PROOF unicorn upright control
Read blend: "/Users/chikumatsuboi/Code/animal-racers-western/assets/source/western/revision2/candidate/unicorn-upright.blend"
Fra:1 Mem:29.19M (Peak 29.19M) | Time:00:00.00 | Mem:0.00M, Peak:0.00M | Scene, ViewLayer | Synchronizing object | Bronzed hoof
Fra:1 Mem:29.21M (Peak 29.21M) | Time:00:00.00 | Mem:0.00M, Peak:0.00M | Scene, ViewLayer | Synchronizing object | Hoof cleft
Fra:1 Mem:29.21M (Peak 29.21M) | Time:00:00.00 | Mem:0.00M, Peak:0.00M | Scene, ViewLayer | Synchronizing object | Bronzed hoof.001
Fra:1 Mem:29.22M (Peak 29.22M) | Time:00:00.00 | Mem:0.00M, Peak:0.00M | Scene, ViewLayer | Synchronizing object | Hoof cleft.001
Fra:1 Mem:29.23M (Peak 29.23M) | Time:00:00.00 | Mem:0.00M, Peak:0.00M | Scene, ViewLayer | Synchronizing object | Bronzed hoof.002
Fra:1 Mem:29.23M (Peak 29.23M) | Time:00:00.00 | Mem:0.00M, Peak:0.00M | Scene, ViewLayer | Synchronizing object | Hoof cleft.002
Fra:1 Mem:29.24M (Peak 29.24M) | Time:00:00.00 | Mem:0.00M, Peak:0.00M | Scene, ViewLayer | Synchronizing object | Bronzed hoof.003
Fra:1 Mem:29.25M (Peak 29.25M) | Time:00:00.00 | Mem:0.00M, Peak:0.00M | Scene, ViewLayer | Synchronizing object | Hoof cleft.003
Fra:1 Mem:29.25M (Peak 29.25M) | Time:00:00.00 | Mem:0.00M, Peak:0.00M | Scene, ViewLayer | Synchronizing object | Fetlock feather
Fra:1 Mem:29.26M (Peak 29.26M) | Time:00:00.00 | Mem:0.00M, Peak:0.00M | Scene, ViewLayer | Synchronizing object | Fetlock feather.001
Fra:1 Mem:29.28M (Peak 29.28M) | Time:00:00.00 | Mem:0.00M, Peak:0.00M | Scene, ViewLayer | Synchronizing object | Matched softbox.002
Fra:1 Mem:29.26M (Peak 29.28M) | Time:00:00.00 | Mem:0.00M, Peak:0.00M | Scene, ViewLayer | Synchronizing object | Fetlock feather.002
Fra:1 Mem:29.26M (Peak 29.28M) | Time:00:00.00 | Mem:0.00M, Peak:0.00M | Scene, ViewLayer | Synchronizing object | Matched softbox.001
Fra:1 Mem:29.26M (Peak 29.28M) | Time:00:00.00 | Mem:0.00M, Peak:0.00M | Scene, ViewLayer | Synchronizing object | Matched softbox
Fra:1 Mem:29.27M (Peak 29.28M) | Time:00:00.00 | Mem:0.00M, Peak:0.00M | Scene, ViewLayer | Synchronizing object | R2 flowing rainbow tail.008
Fra:1 Mem:29.28M (Peak 29.28M) | Time:00:00.00 | Mem:0.00M, Peak:0.00M | Scene, ViewLayer | Synchronizing object | Fetlock feather.003
Fra:1 Mem:29.30M (Peak 29.30M) | Time:00:00.00 | Mem:0.00M, Peak:0.00M | Scene, ViewLayer | Synchronizing object | R2 flowing rainbow tail.007
Fra:1 Mem:29.30M (Peak 29.30M) | Time:00:00.00 | Mem:0.00M, Peak:0.00M | Scene, ViewLayer | Synchronizing object | Fetlock feather.004
Fra:1 Mem:29.33M (Peak 29.33M) | Time:00:00.00 | Mem:0.00M, Peak:0.00M | Scene, ViewLayer | Synchronizing object | R2 flowing rainbow tail.006
Fra:1 Mem:29.35M (Peak 29.35M) | Time:00:00.00 | Mem:0.00M, Peak:0.00M | Scene, ViewLayer | Synchronizing object | Fetlock feather.005
Fra:1 Mem:29.36M (Peak 29.36M) | Time:00:00.00 | Mem:0.00M, Peak:0.00M | Scene, ViewLayer | Synchronizing object | R2 flowing rainbow tail.005
Fra:1 Mem:29.36M (Peak 29.36M) | Time:00:00.00 | Mem:0.00M, Peak:0.00M | Scene, ViewLayer | Synchronizing object | Fetlock feather.006
Fra:1 Mem:29.39M (Peak 29.39M) | Time:00:00.00 | Mem:0.00M, Peak:0.00M | Scene, ViewLayer | Synchronizing object | R2 flowing rainbow tail.004
Fra:1 Mem:29.39M (Peak 29.39M) | Time:00:00.00 | Mem:0.00M, Peak:0.00M | Scene, ViewLayer | Synchronizing object | Fetlock feather.007
Fra:1 Mem:29.41M (Peak 29.41M) | Time:00:00.00 | Mem:0.00M, Peak:0.00M | Scene, ViewLayer | Synchronizing object | Fetlock feather.008
Fra:1 Mem:29.43M (Peak 29.43M) | Time:00:00.00 | Mem:0.00M, Peak:0.00M | Scene, ViewLayer | Synchronizing object | R2 flowing rainbow tail.003
Fra:1 Mem:29.43M (Peak 29.43M) | Time:00:00.00 | Mem:0.00M, Peak:0.00M | Scene, ViewLayer | Synchronizing object | Fetlock feather.009
Fra:1 Mem:29.47M (Peak 29.47M) | Time:00:00.00 | Mem:0.00M, Peak:0.00M | Scene, ViewLayer | Synchronizing object | Fetlock feather.010
Fra:1 Mem:29.48M (Peak 29.48M) | Time:00:00.00 | Mem:0.00M, Peak:0.00M | Scene, ViewLayer | Synchronizing object | R2 flowing rainbow tail.002
Fra:1 Mem:29.47M (Peak 29.48M) | Time:00:00.00 | Mem:0.00M, Peak:0.00M | Scene, ViewLayer | Synchronizing object | Fetlock feather.011
Fra:1 Mem:29.49M (Peak 29.49M) | Time:00:00.00 | Mem:0.00M, Peak:0.00M | Scene, ViewLayer | Synchronizing object | R2 flowing rainbow tail.001
Fra:1 Mem:29.50M (Peak 29.50M) | Time:00:00.00 | Mem:0.00M, Peak:0.00M | Scene, ViewLayer | Synchronizing object | Fetlock feather.012
Fra:1 Mem:29.52M (Peak 29.52M) | Time:00:00.00 | Mem:0.00M, Peak:0.00M | Scene, ViewLayer | Synchronizing object | R2 flowing rainbow tail
Fra:1 Mem:29.53M (Peak 29.53M) | Time:00:00.00 | Mem:0.00M, Peak:0.00M | Scene, ViewLayer | Synchronizing object | Fetlock feather.013
Fra:1 Mem:29.56M (Peak 29.56M) | Time:00:00.00 | Mem:0.00M, Peak:0.00M | Scene, ViewLayer | Synchronizing object | R2 spiral ivory horn
Fra:1 Mem:29.56M (Peak 29.56M) | Time:00:00.00 | Mem:0.00M, Peak:0.00M | Scene, ViewLayer | Synchronizing object | Fetlock feather.014
Fra:1 Mem:29.59M (Peak 29.59M) | Time:00:00.00 | Mem:0.00M, Peak:0.00M | Scene, ViewLayer | Synchronizing object | Fetlock feather.015
Fra:1 Mem:29.61M (Peak 29.61M) | Time:00:00.00 | Mem:0.00M, Peak:0.00M | Scene, ViewLayer | Synchronizing object | R2 swept forelock.002
Fra:1 Mem:29.63M (Peak 29.63M) | Time:00:00.00 | Mem:0.00M, Peak:0.00M | Scene, ViewLayer | Synchronizing object | Fetlock feather.016
Fra:1 Mem:29.63M (Peak 29.63M) | Time:00:00.00 | Mem:0.00M, Peak:0.00M | Scene, ViewLayer | Synchronizing object | R2 swept forelock.001
Fra:1 Mem:29.64M (Peak 29.64M) | Time:00:00.00 | Mem:0.00M, Peak:0.00M | Scene, ViewLayer | Synchronizing object | Fetlock feather.017
Fra:1 Mem:29.66M (Peak 29.66M) | Time:00:00.00 | Mem:0.00M, Peak:0.00M | Scene, ViewLayer | Synchronizing object | R2 swept forelock
Fra:1 Mem:29.69M (Peak 29.69M) | Time:00:00.00 | Mem:0.00M, Peak:0.00M | Scene, ViewLayer | Synchronizing object | R2 layered rainbow mane.011
Fra:1 Mem:29.72M (Peak 29.72M) | Time:00:00.00 | Mem:0.00M, Peak:0.00M | Scene, ViewLayer | Synchronizing object | R2 layered rainbow mane.010
Fra:1 Mem:29.73M (Peak 29.73M) | Time:00:00.00 | Mem:0.00M, Peak:0.00M | Scene, ViewLayer | Synchronizing object | Fetlock feather.019
Fra:1 Mem:29.75M (Peak 29.75M) | Time:00:00.00 | Mem:0.00M, Peak:0.00M | Scene, ViewLayer | Synchronizing object | R2 layered rainbow mane.009
Fra:1 Mem:29.76M (Peak 29.76M) | Time:00:00.00 | Mem:0.00M, Peak:0.00M | Scene, ViewLayer | Synchronizing object | Articulated tail
Fra:1 Mem:29.79M (Peak 29.79M) | Time:00:00.00 | Mem:0.00M, Peak:0.00M | Scene, ViewLayer | Synchronizing object | R2 layered rainbow mane.008
Fra:1 Mem:29.83M (Peak 29.83M) | Time:00:00.00 | Mem:0.00M, Peak:0.00M | Scene, ViewLayer | Synchronizing object | R2 layered rainbow mane.007
Fra:1 Mem:29.83M (Peak 29.83M) | Time:00:00.00 | Mem:0.00M, Peak:0.00M | Scene, ViewLayer | Synchronizing object | Leather neckerchief roll
Fra:1 Mem:29.87M (Peak 29.87M) | Time:00:00.00 | Mem:0.00M, Peak:0.00M | Scene, ViewLayer | Synchronizing object | R2 layered rainbow mane.006
Fra:1 Mem:29.91M (Peak 29.91M) | Time:00:00.00 | Mem:0.00M, Peak:0.00M | Scene, ViewLayer | Synchronizing object | R2 layered rainbow mane.005
Fra:1 Mem:29.93M (Peak 29.93M) | Time:00:00.00 | Mem:0.00M, Peak:0.00M | Scene, ViewLayer | Synchronizing object | Neckerchief folded point
Fra:1 Mem:29.94M (Peak 29.94M) | Time:00:00.00 | Mem:0.00M, Peak:0.00M | Scene, ViewLayer | Synchronizing object | R2 layered rainbow mane.004
Fra:1 Mem:29.94M (Peak 29.94M) | Time:00:00.00 | Mem:0.00M, Peak:0.00M | Scene, ViewLayer | Synchronizing object | Brass crest clasp
Fra:1 Mem:29.98M (Peak 29.98M) | Time:00:00.00 | Mem:0.00M, Peak:0.00M | Scene, ViewLayer | Synchronizing object | R2 layered rainbow mane.003
Fra:1 Mem:30.00M (Peak 30.00M) | Time:00:00.00 | Mem:0.00M, Peak:0.00M | Scene, ViewLayer | Synchronizing object | Raised elemental crest
Fra:1 Mem:30.02M (Peak 30.02M) | Time:00:00.00 | Mem:0.00M, Peak:0.00M | Scene, ViewLayer | Synchronizing object | Upright body • connected joint topology
Fra:1 Mem:30.02M (Peak 30.02M) | Time:00:00.00 | Mem:0.00M, Peak:0.00M | Scene, ViewLayer | Synchronizing object | R2 layered rainbow mane.002
Fra:1 Mem:30.05M (Peak 30.05M) | Time:00:00.00 | Mem:0.00M, Peak:0.00M | Scene, ViewLayer | Synchronizing object | R2 layered rainbow mane.001
Fra:1 Mem:30.42M (Peak 30.42M) | Time:00:00.00 | Mem:0.00M, Peak:0.00M | Scene, ViewLayer | Synchronizing object | R2 layered rainbow mane
Fra:1 Mem:30.52M (Peak 30.52M) | Time:00:00.00 | Mem:0.00M, Peak:0.00M | Scene, ViewLayer | Synchronizing object | R2 cupped species ear.001
Fra:1 Mem:30.53M (Peak 30.53M) | Time:00:00.00 | Mem:0.00M, Peak:0.00M | Scene, ViewLayer | Synchronizing object | R2 cupped species ear
Fra:1 Mem:30.58M (Peak 30.58M) | Time:00:00.00 | Mem:0.00M, Peak:0.00M | Scene, ViewLayer | Synchronizing object | R2 equine closed lip seam
Fra:1 Mem:30.58M (Peak 30.58M) | Time:00:00.00 | Mem:0.00M, Peak:0.00M | Scene, ViewLayer | Synchronizing object | R2 equine nostril.001
Fra:1 Mem:30.59M (Peak 30.59M) | Time:00:00.00 | Mem:0.00M, Peak:0.00M | Scene, ViewLayer | Synchronizing object | R2 equine nostril
Fra:1 Mem:30.59M (Peak 30.59M) | Time:00:00.00 | Mem:0.00M, Peak:0.00M | Scene, ViewLayer | Synchronizing object | R2 integrated brow ridge.001
Fra:1 Mem:30.61M (Peak 30.61M) | Time:00:00.00 | Mem:0.00M, Peak:0.00M | Scene, ViewLayer | Synchronizing object | R2 shaded upper eyelid margin.001
Fra:1 Mem:30.61M (Peak 30.61M) | Time:00:00.00 | Mem:0.00M, Peak:0.00M | Scene, ViewLayer | Synchronizing object | R2 catchlight.001
Fra:1 Mem:30.61M (Peak 30.61M) | Time:00:00.00 | Mem:0.00M, Peak:0.00M | Scene, ViewLayer | Synchronizing object | R2 pupil.001
Fra:1 Mem:30.62M (Peak 30.62M) | Time:00:00.00 | Mem:0.00M, Peak:0.00M | Scene, ViewLayer | Synchronizing object | R2 iris.001
Fra:1 Mem:30.62M (Peak 30.62M) | Time:00:00.00 | Mem:0.00M, Peak:0.00M | Scene, ViewLayer | Synchronizing object | R2 inset almond sclera.001
Fra:1 Mem:30.64M (Peak 30.64M) | Time:00:00.00 | Mem:0.00M, Peak:0.00M | Scene, ViewLayer | Synchronizing object | R2 integrated brow ridge
Fra:1 Mem:30.66M (Peak 30.66M) | Time:00:00.00 | Mem:0.00M, Peak:0.00M | Scene, ViewLayer | Synchronizing object | R2 shaded upper eyelid margin
Fra:1 Mem:30.67M (Peak 30.67M) | Time:00:00.00 | Mem:0.00M, Peak:0.00M | Scene, ViewLayer | Synchronizing object | R2 catchlight
Fra:1 Mem:30.67M (Peak 30.67M) | Time:00:00.00 | Mem:0.00M, Peak:0.00M | Scene, ViewLayer | Synchronizing object | R2 pupil
Fra:1 Mem:30.67M (Peak 30.67M) | Time:00:00.00 | Mem:0.00M, Peak:0.00M | Scene, ViewLayer | Synchronizing object | R2 iris
Fra:1 Mem:30.67M (Peak 30.67M) | Time:00:00.00 | Mem:0.00M, Peak:0.00M | Scene, ViewLayer | Synchronizing object | R2 inset almond sclera
Fra:1 Mem:30.70M (Peak 30.70M) | Time:00:00.00 | Mem:0.00M, Peak:0.00M | Scene, ViewLayer | Synchronizing object | R2 connected orbital skull and species muzzle
Fra:1 Mem:31.36M (Peak 31.36M) | Time:00:00.00 | Mem:0.00M, Peak:0.00M | Scene, ViewLayer | Initializing
Fra:1 Mem:29.85M (Peak 31.36M) | Time:00:00.00 | Mem:0.00M, Peak:0.00M | Scene, ViewLayer | Updating Images | Loading Authored short-fur normal
Fra:1 Mem:26.52M (Peak 31.36M) | Time:00:00.00 | Mem:0.25M, Peak:0.25M | Scene, ViewLayer | Waiting for render to start
Fra:1 Mem:26.52M (Peak 31.36M) | Time:00:00.00 | Mem:0.25M, Peak:0.25M | Scene, ViewLayer | Updating Scene
Fra:1 Mem:26.52M (Peak 31.36M) | Time:00:00.00 | Mem:0.25M, Peak:0.25M | Scene, ViewLayer | Updating Shaders
Fra:1 Mem:26.52M (Peak 31.36M) | Time:00:00.00 | Mem:0.25M, Peak:0.25M | Scene, ViewLayer | Loading render kernels (may take a few minutes the first time)
Fra:1 Mem:26.61M (Peak 31.36M) | Time:00:00.00 | Mem:0.26M, Peak:0.26M | Scene, ViewLayer | Updating Procedurals
Fra:1 Mem:26.61M (Peak 31.36M) | Time:00:00.00 | Mem:0.26M, Peak:0.26M | Scene, ViewLayer | Updating Background
Fra:1 Mem:26.61M (Peak 31.36M) | Time:00:00.00 | Mem:0.26M, Peak:0.26M | Scene, ViewLayer | Updating Camera
Fra:1 Mem:26.61M (Peak 31.36M) | Time:00:00.00 | Mem:0.26M, Peak:0.26M | Scene, ViewLayer | Updating Meshes Flags
Fra:1 Mem:26.61M (Peak 31.36M) | Time:00:00.00 | Mem:0.26M, Peak:0.26M | Scene, ViewLayer | Updating Objects
Fra:1 Mem:26.61M (Peak 31.36M) | Time:00:00.00 | Mem:0.26M, Peak:0.26M | Scene, ViewLayer | Updating Objects | Copying Transformations to device
Fra:1 Mem:26.63M (Peak 31.36M) | Time:00:00.00 | Mem:0.28M, Peak:0.28M | Scene, ViewLayer | Updating Particle Systems
Fra:1 Mem:26.63M (Peak 31.36M) | Time:00:00.00 | Mem:0.28M, Peak:0.28M | Scene, ViewLayer | Updating Particle Systems | Copying Particles to device
Fra:1 Mem:26.63M (Peak 31.36M) | Time:00:00.00 | Mem:0.28M, Peak:0.28M | Scene, ViewLayer | Updating Meshes
Fra:1 Mem:27.70M (Peak 31.36M) | Time:00:00.01 | Mem:0.28M, Peak:0.28M | Scene, ViewLayer | Updating Objects | Applying Static Transformations
Fra:1 Mem:27.70M (Peak 31.36M) | Time:00:00.01 | Mem:0.28M, Peak:0.28M | Scene, ViewLayer | Updating Mesh | Computing attributes
Fra:1 Mem:29.29M (Peak 31.36M) | Time:00:00.01 | Mem:0.29M, Peak:0.29M | Scene, ViewLayer | Updating Mesh | Copying Attributes to device
Fra:1 Mem:29.27M (Peak 31.36M) | Time:00:00.01 | Mem:1.84M, Peak:1.84M | Scene, ViewLayer | Updating Scene BVH | Building
Fra:1 Mem:29.27M (Peak 31.36M) | Time:00:00.01 | Mem:1.84M, Peak:1.84M | Scene, ViewLayer | Updating Scene BVH | Building BVH
Fra:1 Mem:29.27M (Peak 31.36M) | Time:00:00.01 | Mem:2.47M, Peak:2.47M | Scene, ViewLayer | Updating Scene BVH | Building BVH 0%
Fra:1 Mem:29.27M (Peak 31.36M) | Time:00:00.01 | Mem:3.16M, Peak:3.79M | Scene, ViewLayer | Updating Scene BVH | Copying BVH to device
Fra:1 Mem:29.27M (Peak 31.36M) | Time:00:00.01 | Mem:3.16M, Peak:3.79M | Scene, ViewLayer | Updating Mesh | Computing normals
Fra:1 Mem:29.83M (Peak 31.36M) | Time:00:00.01 | Mem:3.16M, Peak:3.79M | Scene, ViewLayer | Updating Mesh | Copying Mesh to device
Fra:1 Mem:29.83M (Peak 31.36M) | Time:00:00.01 | Mem:3.72M, Peak:3.79M | Scene, ViewLayer | Updating Objects Flags
Fra:1 Mem:29.83M (Peak 31.36M) | Time:00:00.01 | Mem:3.72M, Peak:3.79M | Scene, ViewLayer | Updating Primitive Offsets
Fra:1 Mem:29.83M (Peak 31.36M) | Time:00:00.01 | Mem:3.72M, Peak:3.79M | Scene, ViewLayer | Updating Images
Fra:1 Mem:29.83M (Peak 31.36M) | Time:00:00.01 | Mem:3.72M, Peak:3.79M | Scene, ViewLayer | Updating Camera Volume
Fra:1 Mem:29.83M (Peak 31.36M) | Time:00:00.01 | Mem:3.72M, Peak:3.79M | Scene, ViewLayer | Updating Lookup Tables
Fra:1 Mem:29.83M (Peak 31.36M) | Time:00:00.01 | Mem:3.80M, Peak:3.80M | Scene, ViewLayer | Updating Lights
Fra:1 Mem:29.83M (Peak 31.36M) | Time:00:00.01 | Mem:3.80M, Peak:3.80M | Scene, ViewLayer | Updating Lights | Computing tree
Fra:1 Mem:29.83M (Peak 31.36M) | Time:00:00.01 | Mem:3.80M, Peak:3.80M | Scene, ViewLayer | Updating Integrator
Fra:1 Mem:29.83M (Peak 31.36M) | Time:00:00.01 | Mem:3.80M, Peak:3.80M | Scene, ViewLayer | Updating Film
Fra:1 Mem:29.83M (Peak 31.36M) | Time:00:00.01 | Mem:3.72M, Peak:3.80M | Scene, ViewLayer | Updating Lookup Tables
Fra:1 Mem:29.83M (Peak 31.36M) | Time:00:00.01 | Mem:3.81M, Peak:3.81M | Scene, ViewLayer | Updating Baking
Fra:1 Mem:29.83M (Peak 31.36M) | Time:00:00.01 | Mem:3.81M, Peak:3.81M | Scene, ViewLayer | Updating Device | Writing constant memory
Fra:1 Mem:29.84M (Peak 31.36M) | Time:00:00.01 | Mem:3.81M, Peak:3.81M | Scene, ViewLayer | Loading denoising kernels (may take a few minutes the first time)
Fra:1 Mem:29.84M (Peak 31.36M) | Time:00:00.01 | Mem:3.81M, Peak:3.81M | Scene, ViewLayer | Sample 0/20
Fra:1 Mem:48.86M (Peak 48.86M) | Time:00:00.07 | Remaining:00:01.18 | Mem:22.82M, Peak:22.82M | Scene, ViewLayer | Sample 1/20
Fra:1 Mem:56.86M (Peak 68.86M) | Time:00:02.44 | Mem:22.82M, Peak:22.82M | Scene, ViewLayer | Sample 20/20
Fra:1 Mem:56.86M (Peak 68.86M) | Time:00:02.44 | Mem:22.82M, Peak:22.82M | Scene, ViewLayer | Finished
Saved: '/Users/chikumatsuboi/Code/animal-racers-western/assets/source/western/revision2/qa/unicorn/upright/candidate-material.png'
Time: 00:02.46 (Saving: 00:00.02)

REVISION2_MATERIAL_PROOF unicorn upright candidate
Read blend: "/Users/chikumatsuboi/Code/animal-racers-western/assets/source/western/revision2/inputs/unicorn-upright.blend"
Saved: '/Users/chikumatsuboi/Code/animal-racers-western/assets/source/western/revision2/qa/unicorn/upright/motion/control/attack/0000.png'
Time: 00:00.04 (Saving: 00:00.00)

Saved: '/Users/chikumatsuboi/Code/animal-racers-western/assets/source/western/revision2/qa/unicorn/upright/motion/control/attack/0001.png'
Time: 00:00.02 (Saving: 00:00.00)

Saved: '/Users/chikumatsuboi/Code/animal-racers-western/assets/source/western/revision2/qa/unicorn/upright/motion/control/attack/0002.png'
Time: 00:00.02 (Saving: 00:00.00)

Saved: '/Users/chikumatsuboi/Code/animal-racers-western/assets/source/western/revision2/qa/unicorn/upright/motion/control/attack/0003.png'
Time: 00:00.02 (Saving: 00:00.00)

Saved: '/Users/chikumatsuboi/Code/animal-racers-western/assets/source/western/revision2/qa/unicorn/upright/motion/control/attack/0004.png'
Time: 00:00.02 (Saving: 00:00.00)

Saved: '/Users/chikumatsuboi/Code/animal-racers-western/assets/source/western/revision2/qa/unicorn/upright/motion/control/attack/0005.png'
Time: 00:00.02 (Saving: 00:00.00)

Saved: '/Users/chikumatsuboi/Code/animal-racers-western/assets/source/western/revision2/qa/unicorn/upright/motion/control/attack/0006.png'
Time: 00:00.02 (Saving: 00:00.00)

Saved: '/Users/chikumatsuboi/Code/animal-racers-western/assets/source/western/revision2/qa/unicorn/upright/motion/control/attack/0007.png'
Time: 00:00.03 (Saving: 00:00.00)

Saved: '/Users/chikumatsuboi/Code/animal-racers-western/assets/source/western/revision2/qa/unicorn/upright/motion/control/attack/0008.png'
Time: 00:00.03 (Saving: 00:00.00)

Saved: '/Users/chikumatsuboi/Code/animal-racers-western/assets/source/western/revision2/qa/unicorn/upright/motion/control/attack/0009.png'
Time: 00:00.03 (Saving: 00:00.00)

Saved: '/Users/chikumatsuboi/Code/animal-racers-western/assets/source/western/revision2/qa/unicorn/upright/motion/control/attack/0010.png'
Time: 00:00.03 (Saving: 00:00.00)

Saved: '/Users/chikumatsuboi/Code/animal-racers-western/assets/source/western/revision2/qa/unicorn/upright/motion/control/attack/0011.png'
Time: 00:00.03 (Saving: 00:00.00)

Saved: '/Users/chikumatsuboi/Code/animal-racers-western/assets/source/western/revision2/qa/unicorn/upright/motion/control/attack/0012.png'
Time: 00:00.03 (Saving: 00:00.00)

Saved: '/Users/chikumatsuboi/Code/animal-racers-western/assets/source/western/revision2/qa/unicorn/upright/motion/control/attack/0013.png'
Time: 00:00.03 (Saving: 00:00.00)

Saved: '/Users/chikumatsuboi/Code/animal-racers-western/assets/source/western/revision2/qa/unicorn/upright/motion/control/attack/0014.png'
Time: 00:00.03 (Saving: 00:00.00)

Saved: '/Users/chikumatsuboi/Code/animal-racers-western/assets/source/western/revision2/qa/unicorn/upright/motion/control/attack/0015.png'
Time: 00:00.03 (Saving: 00:00.00)

Saved: '/Users/chikumatsuboi/Code/animal-racers-western/assets/source/western/revision2/qa/unicorn/upright/motion/control/attack/0016.png'
Time: 00:00.03 (Saving: 00:00.00)

Saved: '/Users/chikumatsuboi/Code/animal-racers-western/assets/source/western/revision2/qa/unicorn/upright/motion/control/attack/0017.png'
Time: 00:00.03 (Saving: 00:00.00)

Saved: '/Users/chikumatsuboi/Code/animal-racers-western/assets/source/western/revision2/qa/unicorn/upright/motion/control/attack/0018.png'
Time: 00:00.03 (Saving: 00:00.00)

Saved: '/Users/chikumatsuboi/Code/animal-racers-western/assets/source/western/revision2/qa/unicorn/upright/motion/control/attack/0019.png'
Time: 00:00.03 (Saving: 00:00.00)

Saved: '/Users/chikumatsuboi/Code/animal-racers-western/assets/source/western/revision2/qa/unicorn/upright/motion/control/attack/0020.png'
Time: 00:00.03 (Saving: 00:00.00)

Saved: '/Users/chikumatsuboi/Code/animal-racers-western/assets/source/western/revision2/qa/unicorn/upright/motion/control/attack/0021.png'
Time: 00:00.03 (Saving: 00:00.00)

Saved: '/Users/chikumatsuboi/Code/animal-racers-western/assets/source/western/revision2/qa/unicorn/upright/motion/control/attack/0022.png'
Time: 00:00.02 (Saving: 00:00.00)

Saved: '/Users/chikumatsuboi/Code/animal-racers-western/assets/source/western/revision2/qa/unicorn/upright/motion/control/attack/0023.png'
Time: 00:00.03 (Saving: 00:00.00)

Read blend: "/Users/chikumatsuboi/Code/animal-racers-western/assets/source/western/revision2/candidate/unicorn-upright.blend"
Saved: '/Users/chikumatsuboi/Code/animal-racers-western/assets/source/western/revision2/qa/unicorn/upright/motion/candidate/attack/0000.png'
Time: 00:00.03 (Saving: 00:00.00)

Saved: '/Users/chikumatsuboi/Code/animal-racers-western/assets/source/western/revision2/qa/unicorn/upright/motion/candidate/attack/0001.png'
Time: 00:00.03 (Saving: 00:00.00)

Saved: '/Users/chikumatsuboi/Code/animal-racers-western/assets/source/western/revision2/qa/unicorn/upright/motion/candidate/attack/0002.png'
Time: 00:00.04 (Saving: 00:00.00)

Saved: '/Users/chikumatsuboi/Code/animal-racers-western/assets/source/western/revision2/qa/unicorn/upright/motion/candidate/attack/0003.png'
Time: 00:00.03 (Saving: 00:00.00)

Saved: '/Users/chikumatsuboi/Code/animal-racers-western/assets/source/western/revision2/qa/unicorn/upright/motion/candidate/attack/0004.png'
Time: 00:00.03 (Saving: 00:00.00)

Saved: '/Users/chikumatsuboi/Code/animal-racers-western/assets/source/western/revision2/qa/unicorn/upright/motion/candidate/attack/0005.png'
Time: 00:00.03 (Saving: 00:00.00)

Saved: '/Users/chikumatsuboi/Code/animal-racers-western/assets/source/western/revision2/qa/unicorn/upright/motion/candidate/attack/0006.png'
Time: 00:00.03 (Saving: 00:00.00)

Saved: '/Users/chikumatsuboi/Code/animal-racers-western/assets/source/western/revision2/qa/unicorn/upright/motion/candidate/attack/0007.png'
Time: 00:00.03 (Saving: 00:00.00)

Saved: '/Users/chikumatsuboi/Code/animal-racers-western/assets/source/western/revision2/qa/unicorn/upright/motion/candidate/attack/0008.png'
Time: 00:00.03 (Saving: 00:00.00)

Saved: '/Users/chikumatsuboi/Code/animal-racers-western/assets/source/western/revision2/qa/unicorn/upright/motion/candidate/attack/0009.png'
Time: 00:00.02 (Saving: 00:00.00)

Saved: '/Users/chikumatsuboi/Code/animal-racers-western/assets/source/western/revision2/qa/unicorn/upright/motion/candidate/attack/0010.png'
Time: 00:00.03 (Saving: 00:00.00)

Saved: '/Users/chikumatsuboi/Code/animal-racers-western/assets/source/western/revision2/qa/unicorn/upright/motion/candidate/attack/0011.png'
Time: 00:00.03 (Saving: 00:00.00)

Saved: '/Users/chikumatsuboi/Code/animal-racers-western/assets/source/western/revision2/qa/unicorn/upright/motion/candidate/attack/0012.png'
Time: 00:00.03 (Saving: 00:00.00)

Saved: '/Users/chikumatsuboi/Code/animal-racers-western/assets/source/western/revision2/qa/unicorn/upright/motion/candidate/attack/0013.png'
Time: 00:00.03 (Saving: 00:00.00)

Saved: '/Users/chikumatsuboi/Code/animal-racers-western/assets/source/western/revision2/qa/unicorn/upright/motion/candidate/attack/0014.png'
Time: 00:00.03 (Saving: 00:00.00)

Saved: '/Users/chikumatsuboi/Code/animal-racers-western/assets/source/western/revision2/qa/unicorn/upright/motion/candidate/attack/0015.png'
Time: 00:00.03 (Saving: 00:00.00)

Saved: '/Users/chikumatsuboi/Code/animal-racers-western/assets/source/western/revision2/qa/unicorn/upright/motion/candidate/attack/0016.png'
Time: 00:00.03 (Saving: 00:00.00)

Saved: '/Users/chikumatsuboi/Code/animal-racers-western/assets/source/western/revision2/qa/unicorn/upright/motion/candidate/attack/0017.png'
Time: 00:00.03 (Saving: 00:00.00)

Saved: '/Users/chikumatsuboi/Code/animal-racers-western/assets/source/western/revision2/qa/unicorn/upright/motion/candidate/attack/0018.png'
Time: 00:00.03 (Saving: 00:00.00)

Saved: '/Users/chikumatsuboi/Code/animal-racers-western/assets/source/western/revision2/qa/unicorn/upright/motion/candidate/attack/0019.png'
Time: 00:00.03 (Saving: 00:00.00)

Saved: '/Users/chikumatsuboi/Code/animal-racers-western/assets/source/western/revision2/qa/unicorn/upright/motion/candidate/attack/0020.png'
Time: 00:00.03 (Saving: 00:00.00)

Saved: '/Users/chikumatsuboi/Code/animal-racers-western/assets/source/western/revision2/qa/unicorn/upright/motion/candidate/attack/0021.png'
Time: 00:00.03 (Saving: 00:00.00)

Saved: '/Users/chikumatsuboi/Code/animal-racers-western/assets/source/western/revision2/qa/unicorn/upright/motion/candidate/attack/0022.png'
Time: 00:00.03 (Saving: 00:00.00)

Saved: '/Users/chikumatsuboi/Code/animal-racers-western/assets/source/western/revision2/qa/unicorn/upright/motion/candidate/attack/0023.png'
Time: 00:00.03 (Saving: 00:00.00)

REVISION2_MOTION unicorn upright attack 24
Read blend: "/Users/chikumatsuboi/Code/animal-racers-western/assets/source/western/revision2/inputs/unicorn-upright.blend"
Saved: '/Users/chikumatsuboi/Code/animal-racers-western/assets/source/western/revision2/qa/unicorn/upright/motion/control/celebrate/0000.png'
Time: 00:00.03 (Saving: 00:00.00)

Saved: '/Users/chikumatsuboi/Code/animal-racers-western/assets/source/western/revision2/qa/unicorn/upright/motion/control/celebrate/0001.png'
Time: 00:00.04 (Saving: 00:00.00)

Saved: '/Users/chikumatsuboi/Code/animal-racers-western/assets/source/western/revision2/qa/unicorn/upright/motion/control/celebrate/0002.png'
Time: 00:00.04 (Saving: 00:00.00)

Saved: '/Users/chikumatsuboi/Code/animal-racers-western/assets/source/western/revision2/qa/unicorn/upright/motion/control/celebrate/0003.png'
Time: 00:00.03 (Saving: 00:00.00)

Saved: '/Users/chikumatsuboi/Code/animal-racers-western/assets/source/western/revision2/qa/unicorn/upright/motion/control/celebrate/0004.png'
Time: 00:00.03 (Saving: 00:00.00)

Saved: '/Users/chikumatsuboi/Code/animal-racers-western/assets/source/western/revision2/qa/unicorn/upright/motion/control/celebrate/0005.png'
Time: 00:00.03 (Saving: 00:00.00)

Saved: '/Users/chikumatsuboi/Code/animal-racers-western/assets/source/western/revision2/qa/unicorn/upright/motion/control/celebrate/0006.png'
Time: 00:00.03 (Saving: 00:00.00)

Saved: '/Users/chikumatsuboi/Code/animal-racers-western/assets/source/western/revision2/qa/unicorn/upright/motion/control/celebrate/0007.png'
Time: 00:00.03 (Saving: 00:00.00)

Saved: '/Users/chikumatsuboi/Code/animal-racers-western/assets/source/western/revision2/qa/unicorn/upright/motion/control/celebrate/0008.png'
Time: 00:00.03 (Saving: 00:00.00)

Saved: '/Users/chikumatsuboi/Code/animal-racers-western/assets/source/western/revision2/qa/unicorn/upright/motion/control/celebrate/0009.png'
Time: 00:00.03 (Saving: 00:00.00)

Saved: '/Users/chikumatsuboi/Code/animal-racers-western/assets/source/western/revision2/qa/unicorn/upright/motion/control/celebrate/0010.png'
Time: 00:00.03 (Saving: 00:00.00)

Saved: '/Users/chikumatsuboi/Code/animal-racers-western/assets/source/western/revision2/qa/unicorn/upright/motion/control/celebrate/0011.png'
Time: 00:00.03 (Saving: 00:00.00)

Saved: '/Users/chikumatsuboi/Code/animal-racers-western/assets/source/western/revision2/qa/unicorn/upright/motion/control/celebrate/0012.png'
Time: 00:00.03 (Saving: 00:00.00)

Saved: '/Users/chikumatsuboi/Code/animal-racers-western/assets/source/western/revision2/qa/unicorn/upright/motion/control/celebrate/0013.png'
Time: 00:00.03 (Saving: 00:00.00)

Saved: '/Users/chikumatsuboi/Code/animal-racers-western/assets/source/western/revision2/qa/unicorn/upright/motion/control/celebrate/0014.png'
Time: 00:00.03 (Saving: 00:00.00)

Saved: '/Users/chikumatsuboi/Code/animal-racers-western/assets/source/western/revision2/qa/unicorn/upright/motion/control/celebrate/0015.png'
Time: 00:00.03 (Saving: 00:00.00)

Saved: '/Users/chikumatsuboi/Code/animal-racers-western/assets/source/western/revision2/qa/unicorn/upright/motion/control/celebrate/0016.png'
Time: 00:00.03 (Saving: 00:00.00)

Saved: '/Users/chikumatsuboi/Code/animal-racers-western/assets/source/western/revision2/qa/unicorn/upright/motion/control/celebrate/0017.png'
Time: 00:00.03 (Saving: 00:00.00)

Saved: '/Users/chikumatsuboi/Code/animal-racers-western/assets/source/western/revision2/qa/unicorn/upright/motion/control/celebrate/0018.png'
Time: 00:00.03 (Saving: 00:00.01)

Saved: '/Users/chikumatsuboi/Code/animal-racers-western/assets/source/western/revision2/qa/unicorn/upright/motion/control/celebrate/0019.png'
Time: 00:00.04 (Saving: 00:00.01)

Saved: '/Users/chikumatsuboi/Code/animal-racers-western/assets/source/western/revision2/qa/unicorn/upright/motion/control/celebrate/0020.png'
Time: 00:00.04 (Saving: 00:00.00)

Saved: '/Users/chikumatsuboi/Code/animal-racers-western/assets/source/western/revision2/qa/unicorn/upright/motion/control/celebrate/0021.png'
Time: 00:00.04 (Saving: 00:00.00)

Saved: '/Users/chikumatsuboi/Code/animal-racers-western/assets/source/western/revision2/qa/unicorn/upright/motion/control/celebrate/0022.png'
Time: 00:00.03 (Saving: 00:00.00)

Saved: '/Users/chikumatsuboi/Code/animal-racers-western/assets/source/western/revision2/qa/unicorn/upright/motion/control/celebrate/0023.png'
Time: 00:00.03 (Saving: 00:00.00)

Saved: '/Users/chikumatsuboi/Code/animal-racers-western/assets/source/western/revision2/qa/unicorn/upright/motion/control/celebrate/0024.png'
Time: 00:00.03 (Saving: 00:00.00)

Saved: '/Users/chikumatsuboi/Code/animal-racers-western/assets/source/western/revision2/qa/unicorn/upright/motion/control/celebrate/0025.png'
Time: 00:00.03 (Saving: 00:00.00)

Saved: '/Users/chikumatsuboi/Code/animal-racers-western/assets/source/western/revision2/qa/unicorn/upright/motion/control/celebrate/0026.png'
Time: 00:00.03 (Saving: 00:00.00)

Saved: '/Users/chikumatsuboi/Code/animal-racers-western/assets/source/western/revision2/qa/unicorn/upright/motion/control/celebrate/0027.png'
Time: 00:00.03 (Saving: 00:00.00)

Saved: '/Users/chikumatsuboi/Code/animal-racers-western/assets/source/western/revision2/qa/unicorn/upright/motion/control/celebrate/0028.png'
Time: 00:00.03 (Saving: 00:00.01)

Saved: '/Users/chikumatsuboi/Code/animal-racers-western/assets/source/western/revision2/qa/unicorn/upright/motion/control/celebrate/0029.png'
Time: 00:00.02 (Saving: 00:00.00)

Saved: '/Users/chikumatsuboi/Code/animal-racers-western/assets/source/western/revision2/qa/unicorn/upright/motion/control/celebrate/0030.png'
Time: 00:00.02 (Saving: 00:00.00)

Read blend: "/Users/chikumatsuboi/Code/animal-racers-western/assets/source/western/revision2/candidate/unicorn-upright.blend"
Saved: '/Users/chikumatsuboi/Code/animal-racers-western/assets/source/western/revision2/qa/unicorn/upright/motion/candidate/celebrate/0000.png'
Time: 00:00.03 (Saving: 00:00.00)

Saved: '/Users/chikumatsuboi/Code/animal-racers-western/assets/source/western/revision2/qa/unicorn/upright/motion/candidate/celebrate/0001.png'
Time: 00:00.03 (Saving: 00:00.00)

Saved: '/Users/chikumatsuboi/Code/animal-racers-western/assets/source/western/revision2/qa/unicorn/upright/motion/candidate/celebrate/0002.png'
Time: 00:00.03 (Saving: 00:00.00)

Saved: '/Users/chikumatsuboi/Code/animal-racers-western/assets/source/western/revision2/qa/unicorn/upright/motion/candidate/celebrate/0003.png'
Time: 00:00.03 (Saving: 00:00.00)

Saved: '/Users/chikumatsuboi/Code/animal-racers-western/assets/source/western/revision2/qa/unicorn/upright/motion/candidate/celebrate/0004.png'
Time: 00:00.03 (Saving: 00:00.00)

Saved: '/Users/chikumatsuboi/Code/animal-racers-western/assets/source/western/revision2/qa/unicorn/upright/motion/candidate/celebrate/0005.png'
Time: 00:00.03 (Saving: 00:00.00)

Saved: '/Users/chikumatsuboi/Code/animal-racers-western/assets/source/western/revision2/qa/unicorn/upright/motion/candidate/celebrate/0006.png'
Time: 00:00.03 (Saving: 00:00.00)

Saved: '/Users/chikumatsuboi/Code/animal-racers-western/assets/source/western/revision2/qa/unicorn/upright/motion/candidate/celebrate/0007.png'
Time: 00:00.03 (Saving: 00:00.00)

Saved: '/Users/chikumatsuboi/Code/animal-racers-western/assets/source/western/revision2/qa/unicorn/upright/motion/candidate/celebrate/0008.png'
Time: 00:00.03 (Saving: 00:00.00)

Saved: '/Users/chikumatsuboi/Code/animal-racers-western/assets/source/western/revision2/qa/unicorn/upright/motion/candidate/celebrate/0009.png'
Time: 00:00.03 (Saving: 00:00.00)

Saved: '/Users/chikumatsuboi/Code/animal-racers-western/assets/source/western/revision2/qa/unicorn/upright/motion/candidate/celebrate/0010.png'
Time: 00:00.03 (Saving: 00:00.00)

Saved: '/Users/chikumatsuboi/Code/animal-racers-western/assets/source/western/revision2/qa/unicorn/upright/motion/candidate/celebrate/0011.png'
Time: 00:00.03 (Saving: 00:00.00)

Saved: '/Users/chikumatsuboi/Code/animal-racers-western/assets/source/western/revision2/qa/unicorn/upright/motion/candidate/celebrate/0012.png'
Time: 00:00.03 (Saving: 00:00.00)

Saved: '/Users/chikumatsuboi/Code/animal-racers-western/assets/source/western/revision2/qa/unicorn/upright/motion/candidate/celebrate/0013.png'
Time: 00:00.03 (Saving: 00:00.00)

Saved: '/Users/chikumatsuboi/Code/animal-racers-western/assets/source/western/revision2/qa/unicorn/upright/motion/candidate/celebrate/0014.png'
Time: 00:00.03 (Saving: 00:00.00)

Saved: '/Users/chikumatsuboi/Code/animal-racers-western/assets/source/western/revision2/qa/unicorn/upright/motion/candidate/celebrate/0015.png'
Time: 00:00.03 (Saving: 00:00.00)

Saved: '/Users/chikumatsuboi/Code/animal-racers-western/assets/source/western/revision2/qa/unicorn/upright/motion/candidate/celebrate/0016.png'
Time: 00:00.03 (Saving: 00:00.00)

Saved: '/Users/chikumatsuboi/Code/animal-racers-western/assets/source/western/revision2/qa/unicorn/upright/motion/candidate/celebrate/0017.png'
Time: 00:00.03 (Saving: 00:00.00)

Saved: '/Users/chikumatsuboi/Code/animal-racers-western/assets/source/western/revision2/qa/unicorn/upright/motion/candidate/celebrate/0018.png'
Time: 00:00.03 (Saving: 00:00.00)

Saved: '/Users/chikumatsuboi/Code/animal-racers-western/assets/source/western/revision2/qa/unicorn/upright/motion/candidate/celebrate/0019.png'
Time: 00:00.03 (Saving: 00:00.00)

Saved: '/Users/chikumatsuboi/Code/animal-racers-western/assets/source/western/revision2/qa/unicorn/upright/motion/candidate/celebrate/0020.png'
Time: 00:00.03 (Saving: 00:00.00)

Saved: '/Users/chikumatsuboi/Code/animal-racers-western/assets/source/western/revision2/qa/unicorn/upright/motion/candidate/celebrate/0021.png'
Time: 00:00.03 (Saving: 00:00.00)

Saved: '/Users/chikumatsuboi/Code/animal-racers-western/assets/source/western/revision2/qa/unicorn/upright/motion/candidate/celebrate/0022.png'
Time: 00:00.03 (Saving: 00:00.00)

Saved: '/Users/chikumatsuboi/Code/animal-racers-western/assets/source/western/revision2/qa/unicorn/upright/motion/candidate/celebrate/0023.png'
Time: 00:00.03 (Saving: 00:00.00)

Saved: '/Users/chikumatsuboi/Code/animal-racers-western/assets/source/western/revision2/qa/unicorn/upright/motion/candidate/celebrate/0024.png'
Time: 00:00.03 (Saving: 00:00.00)

Saved: '/Users/chikumatsuboi/Code/animal-racers-western/assets/source/western/revision2/qa/unicorn/upright/motion/candidate/celebrate/0025.png'
Time: 00:00.03 (Saving: 00:00.00)

Saved: '/Users/chikumatsuboi/Code/animal-racers-western/assets/source/western/revision2/qa/unicorn/upright/motion/candidate/celebrate/0026.png'
Time: 00:00.03 (Saving: 00:00.00)

Saved: '/Users/chikumatsuboi/Code/animal-racers-western/assets/source/western/revision2/qa/unicorn/upright/motion/candidate/celebrate/0027.png'
Time: 00:00.03 (Saving: 00:00.00)

Saved: '/Users/chikumatsuboi/Code/animal-racers-western/assets/source/western/revision2/qa/unicorn/upright/motion/candidate/celebrate/0028.png'
Time: 00:00.03 (Saving: 00:00.00)

Saved: '/Users/chikumatsuboi/Code/animal-racers-western/assets/source/western/revision2/qa/unicorn/upright/motion/candidate/celebrate/0029.png'
Time: 00:00.03 (Saving: 00:00.00)

Saved: '/Users/chikumatsuboi/Code/animal-racers-western/assets/source/western/revision2/qa/unicorn/upright/motion/candidate/celebrate/0030.png'
Time: 00:00.03 (Saving: 00:00.00)

REVISION2_MOTION unicorn upright celebrate 31
Read blend: "/Users/chikumatsuboi/Code/animal-racers-western/assets/source/western/revision2/inputs/unicorn-upright.blend"
Saved: '/Users/chikumatsuboi/Code/animal-racers-western/assets/source/western/revision2/qa/unicorn/upright/motion/control/defeat/0000.png'
Time: 00:00.03 (Saving: 00:00.00)

Saved: '/Users/chikumatsuboi/Code/animal-racers-western/assets/source/western/revision2/qa/unicorn/upright/motion/control/defeat/0001.png'
Time: 00:00.03 (Saving: 00:00.00)

Saved: '/Users/chikumatsuboi/Code/animal-racers-western/assets/source/western/revision2/qa/unicorn/upright/motion/control/defeat/0002.png'
Time: 00:00.03 (Saving: 00:00.00)

Saved: '/Users/chikumatsuboi/Code/animal-racers-western/assets/source/western/revision2/qa/unicorn/upright/motion/control/defeat/0003.png'
Time: 00:00.03 (Saving: 00:00.00)

Saved: '/Users/chikumatsuboi/Code/animal-racers-western/assets/source/western/revision2/qa/unicorn/upright/motion/control/defeat/0004.png'
Time: 00:00.03 (Saving: 00:00.00)

Saved: '/Users/chikumatsuboi/Code/animal-racers-western/assets/source/western/revision2/qa/unicorn/upright/motion/control/defeat/0005.png'
Time: 00:00.03 (Saving: 00:00.00)

Saved: '/Users/chikumatsuboi/Code/animal-racers-western/assets/source/western/revision2/qa/unicorn/upright/motion/control/defeat/0006.png'
Time: 00:00.03 (Saving: 00:00.00)

Saved: '/Users/chikumatsuboi/Code/animal-racers-western/assets/source/western/revision2/qa/unicorn/upright/motion/control/defeat/0007.png'
Time: 00:00.03 (Saving: 00:00.00)

Saved: '/Users/chikumatsuboi/Code/animal-racers-western/assets/source/western/revision2/qa/unicorn/upright/motion/control/defeat/0008.png'
Time: 00:00.03 (Saving: 00:00.00)

Saved: '/Users/chikumatsuboi/Code/animal-racers-western/assets/source/western/revision2/qa/unicorn/upright/motion/control/defeat/0009.png'
Time: 00:00.03 (Saving: 00:00.00)

Saved: '/Users/chikumatsuboi/Code/animal-racers-western/assets/source/western/revision2/qa/unicorn/upright/motion/control/defeat/0010.png'
Time: 00:00.03 (Saving: 00:00.01)

Saved: '/Users/chikumatsuboi/Code/animal-racers-western/assets/source/western/revision2/qa/unicorn/upright/motion/control/defeat/0011.png'
Time: 00:00.03 (Saving: 00:00.00)

Saved: '/Users/chikumatsuboi/Code/animal-racers-western/assets/source/western/revision2/qa/unicorn/upright/motion/control/defeat/0012.png'
Time: 00:00.03 (Saving: 00:00.00)

Saved: '/Users/chikumatsuboi/Code/animal-racers-western/assets/source/western/revision2/qa/unicorn/upright/motion/control/defeat/0013.png'
Time: 00:00.03 (Saving: 00:00.00)

Saved: '/Users/chikumatsuboi/Code/animal-racers-western/assets/source/western/revision2/qa/unicorn/upright/motion/control/defeat/0014.png'
Time: 00:00.03 (Saving: 00:00.01)

Saved: '/Users/chikumatsuboi/Code/animal-racers-western/assets/source/western/revision2/qa/unicorn/upright/motion/control/defeat/0015.png'
Time: 00:00.03 (Saving: 00:00.00)

Saved: '/Users/chikumatsuboi/Code/animal-racers-western/assets/source/western/revision2/qa/unicorn/upright/motion/control/defeat/0016.png'
Time: 00:00.03 (Saving: 00:00.00)

Saved: '/Users/chikumatsuboi/Code/animal-racers-western/assets/source/western/revision2/qa/unicorn/upright/motion/control/defeat/0017.png'
Time: 00:00.03 (Saving: 00:00.00)

Saved: '/Users/chikumatsuboi/Code/animal-racers-western/assets/source/western/revision2/qa/unicorn/upright/motion/control/defeat/0018.png'
Time: 00:00.03 (Saving: 00:00.00)

Saved: '/Users/chikumatsuboi/Code/animal-racers-western/assets/source/western/revision2/qa/unicorn/upright/motion/control/defeat/0019.png'
Time: 00:00.03 (Saving: 00:00.01)

Saved: '/Users/chikumatsuboi/Code/animal-racers-western/assets/source/western/revision2/qa/unicorn/upright/motion/control/defeat/0020.png'
Time: 00:00.03 (Saving: 00:00.00)

Read blend: "/Users/chikumatsuboi/Code/animal-racers-western/assets/source/western/revision2/candidate/unicorn-upright.blend"
Saved: '/Users/chikumatsuboi/Code/animal-racers-western/assets/source/western/revision2/qa/unicorn/upright/motion/candidate/defeat/0000.png'
Time: 00:00.03 (Saving: 00:00.00)

Saved: '/Users/chikumatsuboi/Code/animal-racers-western/assets/source/western/revision2/qa/unicorn/upright/motion/candidate/defeat/0001.png'
Time: 00:00.03 (Saving: 00:00.00)

Saved: '/Users/chikumatsuboi/Code/animal-racers-western/assets/source/western/revision2/qa/unicorn/upright/motion/candidate/defeat/0002.png'
Time: 00:00.03 (Saving: 00:00.00)

Saved: '/Users/chikumatsuboi/Code/animal-racers-western/assets/source/western/revision2/qa/unicorn/upright/motion/candidate/defeat/0003.png'
Time: 00:00.03 (Saving: 00:00.00)

Saved: '/Users/chikumatsuboi/Code/animal-racers-western/assets/source/western/revision2/qa/unicorn/upright/motion/candidate/defeat/0004.png'
Time: 00:00.03 (Saving: 00:00.00)

Saved: '/Users/chikumatsuboi/Code/animal-racers-western/assets/source/western/revision2/qa/unicorn/upright/motion/candidate/defeat/0005.png'
Time: 00:00.03 (Saving: 00:00.00)

Saved: '/Users/chikumatsuboi/Code/animal-racers-western/assets/source/western/revision2/qa/unicorn/upright/motion/candidate/defeat/0006.png'
Time: 00:00.03 (Saving: 00:00.00)

Saved: '/Users/chikumatsuboi/Code/animal-racers-western/assets/source/western/revision2/qa/unicorn/upright/motion/candidate/defeat/0007.png'
Time: 00:00.03 (Saving: 00:00.00)

Saved: '/Users/chikumatsuboi/Code/animal-racers-western/assets/source/western/revision2/qa/unicorn/upright/motion/candidate/defeat/0008.png'
Time: 00:00.03 (Saving: 00:00.00)

Saved: '/Users/chikumatsuboi/Code/animal-racers-western/assets/source/western/revision2/qa/unicorn/upright/motion/candidate/defeat/0009.png'
Time: 00:00.03 (Saving: 00:00.00)

Saved: '/Users/chikumatsuboi/Code/animal-racers-western/assets/source/western/revision2/qa/unicorn/upright/motion/candidate/defeat/0010.png'
Time: 00:00.03 (Saving: 00:00.00)

Saved: '/Users/chikumatsuboi/Code/animal-racers-western/assets/source/western/revision2/qa/unicorn/upright/motion/candidate/defeat/0011.png'
Time: 00:00.03 (Saving: 00:00.00)

Saved: '/Users/chikumatsuboi/Code/animal-racers-western/assets/source/western/revision2/qa/unicorn/upright/motion/candidate/defeat/0012.png'
Time: 00:00.03 (Saving: 00:00.00)

Saved: '/Users/chikumatsuboi/Code/animal-racers-western/assets/source/western/revision2/qa/unicorn/upright/motion/candidate/defeat/0013.png'
Time: 00:00.03 (Saving: 00:00.00)

Saved: '/Users/chikumatsuboi/Code/animal-racers-western/assets/source/western/revision2/qa/unicorn/upright/motion/candidate/defeat/0014.png'
Time: 00:00.03 (Saving: 00:00.00)

Saved: '/Users/chikumatsuboi/Code/animal-racers-western/assets/source/western/revision2/qa/unicorn/upright/motion/candidate/defeat/0015.png'
Time: 00:00.03 (Saving: 00:00.00)

Saved: '/Users/chikumatsuboi/Code/animal-racers-western/assets/source/western/revision2/qa/unicorn/upright/motion/candidate/defeat/0016.png'
Time: 00:00.03 (Saving: 00:00.00)

Saved: '/Users/chikumatsuboi/Code/animal-racers-western/assets/source/western/revision2/qa/unicorn/upright/motion/candidate/defeat/0017.png'
Time: 00:00.03 (Saving: 00:00.00)

Saved: '/Users/chikumatsuboi/Code/animal-racers-western/assets/source/western/revision2/qa/unicorn/upright/motion/candidate/defeat/0018.png'
Time: 00:00.03 (Saving: 00:00.00)

Saved: '/Users/chikumatsuboi/Code/animal-racers-western/assets/source/western/revision2/qa/unicorn/upright/motion/candidate/defeat/0019.png'
Time: 00:00.03 (Saving: 00:00.00)

Saved: '/Users/chikumatsuboi/Code/animal-racers-western/assets/source/western/revision2/qa/unicorn/upright/motion/candidate/defeat/0020.png'
Time: 00:00.03 (Saving: 00:00.00)

REVISION2_MOTION unicorn upright defeat 21
Read blend: "/Users/chikumatsuboi/Code/animal-racers-western/assets/source/western/revision2/inputs/unicorn-upright.blend"
Saved: '/Users/chikumatsuboi/Code/animal-racers-western/assets/source/western/revision2/qa/unicorn/upright/motion/control/evade/0000.png'
Time: 00:00.03 (Saving: 00:00.00)

Saved: '/Users/chikumatsuboi/Code/animal-racers-western/assets/source/western/revision2/qa/unicorn/upright/motion/control/evade/0001.png'
Time: 00:00.03 (Saving: 00:00.00)

Saved: '/Users/chikumatsuboi/Code/animal-racers-western/assets/source/western/revision2/qa/unicorn/upright/motion/control/evade/0002.png'
Time: 00:00.03 (Saving: 00:00.00)

Saved: '/Users/chikumatsuboi/Code/animal-racers-western/assets/source/western/revision2/qa/unicorn/upright/motion/control/evade/0003.png'
Time: 00:00.03 (Saving: 00:00.00)

Saved: '/Users/chikumatsuboi/Code/animal-racers-western/assets/source/western/revision2/qa/unicorn/upright/motion/control/evade/0004.png'
Time: 00:00.03 (Saving: 00:00.00)

Saved: '/Users/chikumatsuboi/Code/animal-racers-western/assets/source/western/revision2/qa/unicorn/upright/motion/control/evade/0005.png'
Time: 00:00.03 (Saving: 00:00.00)

Saved: '/Users/chikumatsuboi/Code/animal-racers-western/assets/source/western/revision2/qa/unicorn/upright/motion/control/evade/0006.png'
Time: 00:00.03 (Saving: 00:00.00)

Saved: '/Users/chikumatsuboi/Code/animal-racers-western/assets/source/western/revision2/qa/unicorn/upright/motion/control/evade/0007.png'
Time: 00:00.03 (Saving: 00:00.00)

Read blend: "/Users/chikumatsuboi/Code/animal-racers-western/assets/source/western/revision2/candidate/unicorn-upright.blend"
Saved: '/Users/chikumatsuboi/Code/animal-racers-western/assets/source/western/revision2/qa/unicorn/upright/motion/candidate/evade/0000.png'
Time: 00:00.03 (Saving: 00:00.00)

Saved: '/Users/chikumatsuboi/Code/animal-racers-western/assets/source/western/revision2/qa/unicorn/upright/motion/candidate/evade/0001.png'
Time: 00:00.03 (Saving: 00:00.00)

Saved: '/Users/chikumatsuboi/Code/animal-racers-western/assets/source/western/revision2/qa/unicorn/upright/motion/candidate/evade/0002.png'
Time: 00:00.03 (Saving: 00:00.00)

Saved: '/Users/chikumatsuboi/Code/animal-racers-western/assets/source/western/revision2/qa/unicorn/upright/motion/candidate/evade/0003.png'
Time: 00:00.03 (Saving: 00:00.00)

Saved: '/Users/chikumatsuboi/Code/animal-racers-western/assets/source/western/revision2/qa/unicorn/upright/motion/candidate/evade/0004.png'
Time: 00:00.03 (Saving: 00:00.00)

Saved: '/Users/chikumatsuboi/Code/animal-racers-western/assets/source/western/revision2/qa/unicorn/upright/motion/candidate/evade/0005.png'
Time: 00:00.03 (Saving: 00:00.00)

Saved: '/Users/chikumatsuboi/Code/animal-racers-western/assets/source/western/revision2/qa/unicorn/upright/motion/candidate/evade/0006.png'
Time: 00:00.03 (Saving: 00:00.00)

Saved: '/Users/chikumatsuboi/Code/animal-racers-western/assets/source/western/revision2/qa/unicorn/upright/motion/candidate/evade/0007.png'
Time: 00:00.03 (Saving: 00:00.00)

REVISION2_MOTION unicorn upright evade 8
Read blend: "/Users/chikumatsuboi/Code/animal-racers-western/assets/source/western/revision2/inputs/unicorn-upright.blend"
Saved: '/Users/chikumatsuboi/Code/animal-racers-western/assets/source/western/revision2/qa/unicorn/upright/motion/control/fight_idle/0000.png'
Time: 00:00.03 (Saving: 00:00.01)

Saved: '/Users/chikumatsuboi/Code/animal-racers-western/assets/source/western/revision2/qa/unicorn/upright/motion/control/fight_idle/0001.png'
Time: 00:00.04 (Saving: 00:00.00)

Saved: '/Users/chikumatsuboi/Code/animal-racers-western/assets/source/western/revision2/qa/unicorn/upright/motion/control/fight_idle/0002.png'
Time: 00:00.03 (Saving: 00:00.00)

Saved: '/Users/chikumatsuboi/Code/animal-racers-western/assets/source/western/revision2/qa/unicorn/upright/motion/control/fight_idle/0003.png'
Time: 00:00.03 (Saving: 00:00.00)

Saved: '/Users/chikumatsuboi/Code/animal-racers-western/assets/source/western/revision2/qa/unicorn/upright/motion/control/fight_idle/0004.png'
Time: 00:00.03 (Saving: 00:00.00)

Saved: '/Users/chikumatsuboi/Code/animal-racers-western/assets/source/western/revision2/qa/unicorn/upright/motion/control/fight_idle/0005.png'
Time: 00:00.03 (Saving: 00:00.00)

Saved: '/Users/chikumatsuboi/Code/animal-racers-western/assets/source/western/revision2/qa/unicorn/upright/motion/control/fight_idle/0006.png'
Time: 00:00.03 (Saving: 00:00.00)

Saved: '/Users/chikumatsuboi/Code/animal-racers-western/assets/source/western/revision2/qa/unicorn/upright/motion/control/fight_idle/0007.png'
Time: 00:00.03 (Saving: 00:00.00)

Saved: '/Users/chikumatsuboi/Code/animal-racers-western/assets/source/western/revision2/qa/unicorn/upright/motion/control/fight_idle/0008.png'
Time: 00:00.03 (Saving: 00:00.00)

Saved: '/Users/chikumatsuboi/Code/animal-racers-western/assets/source/western/revision2/qa/unicorn/upright/motion/control/fight_idle/0009.png'
Time: 00:00.04 (Saving: 00:00.01)

Saved: '/Users/chikumatsuboi/Code/animal-racers-western/assets/source/western/revision2/qa/unicorn/upright/motion/control/fight_idle/0010.png'
Time: 00:00.06 (Saving: 00:00.03)

Saved: '/Users/chikumatsuboi/Code/animal-racers-western/assets/source/western/revision2/qa/unicorn/upright/motion/control/fight_idle/0011.png'
Time: 00:00.04 (Saving: 00:00.01)

Saved: '/Users/chikumatsuboi/Code/animal-racers-western/assets/source/western/revision2/qa/unicorn/upright/motion/control/fight_idle/0012.png'
Time: 00:00.04 (Saving: 00:00.01)

Saved: '/Users/chikumatsuboi/Code/animal-racers-western/assets/source/western/revision2/qa/unicorn/upright/motion/control/fight_idle/0013.png'
Time: 00:00.03 (Saving: 00:00.01)

Saved: '/Users/chikumatsuboi/Code/animal-racers-western/assets/source/western/revision2/qa/unicorn/upright/motion/control/fight_idle/0014.png'
Time: 00:00.03 (Saving: 00:00.00)

Saved: '/Users/chikumatsuboi/Code/animal-racers-western/assets/source/western/revision2/qa/unicorn/upright/motion/control/fight_idle/0015.png'
Time: 00:00.03 (Saving: 00:00.00)

Saved: '/Users/chikumatsuboi/Code/animal-racers-western/assets/source/western/revision2/qa/unicorn/upright/motion/control/fight_idle/0016.png'
Time: 00:00.03 (Saving: 00:00.00)

Saved: '/Users/chikumatsuboi/Code/animal-racers-western/assets/source/western/revision2/qa/unicorn/upright/motion/control/fight_idle/0017.png'
Time: 00:00.04 (Saving: 00:00.01)

Saved: '/Users/chikumatsuboi/Code/animal-racers-western/assets/source/western/revision2/qa/unicorn/upright/motion/control/fight_idle/0018.png'
Time: 00:00.03 (Saving: 00:00.00)

Saved: '/Users/chikumatsuboi/Code/animal-racers-western/assets/source/western/revision2/qa/unicorn/upright/motion/control/fight_idle/0019.png'
Time: 00:00.03 (Saving: 00:00.01)

Saved: '/Users/chikumatsuboi/Code/animal-racers-western/assets/source/western/revision2/qa/unicorn/upright/motion/control/fight_idle/0020.png'
Time: 00:00.03 (Saving: 00:00.01)

Saved: '/Users/chikumatsuboi/Code/animal-racers-western/assets/source/western/revision2/qa/unicorn/upright/motion/control/fight_idle/0021.png'
Time: 00:00.03 (Saving: 00:00.00)

Saved: '/Users/chikumatsuboi/Code/animal-racers-western/assets/source/western/revision2/qa/unicorn/upright/motion/control/fight_idle/0022.png'
Time: 00:00.03 (Saving: 00:00.00)

Saved: '/Users/chikumatsuboi/Code/animal-racers-western/assets/source/western/revision2/qa/unicorn/upright/motion/control/fight_idle/0023.png'
Time: 00:00.03 (Saving: 00:00.00)

Saved: '/Users/chikumatsuboi/Code/animal-racers-western/assets/source/western/revision2/qa/unicorn/upright/motion/control/fight_idle/0024.png'
Time: 00:00.03 (Saving: 00:00.00)

Saved: '/Users/chikumatsuboi/Code/animal-racers-western/assets/source/western/revision2/qa/unicorn/upright/motion/control/fight_idle/0025.png'
Time: 00:00.03 (Saving: 00:00.00)

Saved: '/Users/chikumatsuboi/Code/animal-racers-western/assets/source/western/revision2/qa/unicorn/upright/motion/control/fight_idle/0026.png'
Time: 00:00.03 (Saving: 00:00.00)

Saved: '/Users/chikumatsuboi/Code/animal-racers-western/assets/source/western/revision2/qa/unicorn/upright/motion/control/fight_idle/0027.png'
Time: 00:00.03 (Saving: 00:00.00)

Saved: '/Users/chikumatsuboi/Code/animal-racers-western/assets/source/western/revision2/qa/unicorn/upright/motion/control/fight_idle/0028.png'
Time: 00:00.03 (Saving: 00:00.00)

Saved: '/Users/chikumatsuboi/Code/animal-racers-western/assets/source/western/revision2/qa/unicorn/upright/motion/control/fight_idle/0029.png'
Time: 00:00.03 (Saving: 00:00.00)

Saved: '/Users/chikumatsuboi/Code/animal-racers-western/assets/source/western/revision2/qa/unicorn/upright/motion/control/fight_idle/0030.png'
Time: 00:00.03 (Saving: 00:00.00)

Read blend: "/Users/chikumatsuboi/Code/animal-racers-western/assets/source/western/revision2/candidate/unicorn-upright.blend"
Saved: '/Users/chikumatsuboi/Code/animal-racers-western/assets/source/western/revision2/qa/unicorn/upright/motion/candidate/fight_idle/0000.png'
Time: 00:00.03 (Saving: 00:00.00)

Saved: '/Users/chikumatsuboi/Code/animal-racers-western/assets/source/western/revision2/qa/unicorn/upright/motion/candidate/fight_idle/0001.png'
Time: 00:00.03 (Saving: 00:00.00)

Saved: '/Users/chikumatsuboi/Code/animal-racers-western/assets/source/western/revision2/qa/unicorn/upright/motion/candidate/fight_idle/0002.png'
Time: 00:00.03 (Saving: 00:00.00)

Saved: '/Users/chikumatsuboi/Code/animal-racers-western/assets/source/western/revision2/qa/unicorn/upright/motion/candidate/fight_idle/0003.png'
Time: 00:00.03 (Saving: 00:00.00)

Saved: '/Users/chikumatsuboi/Code/animal-racers-western/assets/source/western/revision2/qa/unicorn/upright/motion/candidate/fight_idle/0004.png'
Time: 00:00.03 (Saving: 00:00.00)

Saved: '/Users/chikumatsuboi/Code/animal-racers-western/assets/source/western/revision2/qa/unicorn/upright/motion/candidate/fight_idle/0005.png'
Time: 00:00.03 (Saving: 00:00.00)

Saved: '/Users/chikumatsuboi/Code/animal-racers-western/assets/source/western/revision2/qa/unicorn/upright/motion/candidate/fight_idle/0006.png'
Time: 00:00.03 (Saving: 00:00.00)

Saved: '/Users/chikumatsuboi/Code/animal-racers-western/assets/source/western/revision2/qa/unicorn/upright/motion/candidate/fight_idle/0007.png'
Time: 00:00.03 (Saving: 00:00.00)

Saved: '/Users/chikumatsuboi/Code/animal-racers-western/assets/source/western/revision2/qa/unicorn/upright/motion/candidate/fight_idle/0008.png'
Time: 00:00.03 (Saving: 00:00.00)

Saved: '/Users/chikumatsuboi/Code/animal-racers-western/assets/source/western/revision2/qa/unicorn/upright/motion/candidate/fight_idle/0009.png'
Time: 00:00.03 (Saving: 00:00.00)

Saved: '/Users/chikumatsuboi/Code/animal-racers-western/assets/source/western/revision2/qa/unicorn/upright/motion/candidate/fight_idle/0010.png'
Time: 00:00.03 (Saving: 00:00.00)

Saved: '/Users/chikumatsuboi/Code/animal-racers-western/assets/source/western/revision2/qa/unicorn/upright/motion/candidate/fight_idle/0011.png'
Time: 00:00.03 (Saving: 00:00.00)

Saved: '/Users/chikumatsuboi/Code/animal-racers-western/assets/source/western/revision2/qa/unicorn/upright/motion/candidate/fight_idle/0012.png'
Time: 00:00.03 (Saving: 00:00.00)

Saved: '/Users/chikumatsuboi/Code/animal-racers-western/assets/source/western/revision2/qa/unicorn/upright/motion/candidate/fight_idle/0013.png'
Time: 00:00.03 (Saving: 00:00.00)

Saved: '/Users/chikumatsuboi/Code/animal-racers-western/assets/source/western/revision2/qa/unicorn/upright/motion/candidate/fight_idle/0014.png'
Time: 00:00.03 (Saving: 00:00.00)

Saved: '/Users/chikumatsuboi/Code/animal-racers-western/assets/source/western/revision2/qa/unicorn/upright/motion/candidate/fight_idle/0015.png'
Time: 00:00.03 (Saving: 00:00.00)

Saved: '/Users/chikumatsuboi/Code/animal-racers-western/assets/source/western/revision2/qa/unicorn/upright/motion/candidate/fight_idle/0016.png'
Time: 00:00.03 (Saving: 00:00.01)

Saved: '/Users/chikumatsuboi/Code/animal-racers-western/assets/source/western/revision2/qa/unicorn/upright/motion/candidate/fight_idle/0017.png'
Time: 00:00.03 (Saving: 00:00.00)

Saved: '/Users/chikumatsuboi/Code/animal-racers-western/assets/source/western/revision2/qa/unicorn/upright/motion/candidate/fight_idle/0018.png'
Time: 00:00.03 (Saving: 00:00.00)

Saved: '/Users/chikumatsuboi/Code/animal-racers-western/assets/source/western/revision2/qa/unicorn/upright/motion/candidate/fight_idle/0019.png'
Time: 00:00.03 (Saving: 00:00.00)

Saved: '/Users/chikumatsuboi/Code/animal-racers-western/assets/source/western/revision2/qa/unicorn/upright/motion/candidate/fight_idle/0020.png'
Time: 00:00.03 (Saving: 00:00.00)

Saved: '/Users/chikumatsuboi/Code/animal-racers-western/assets/source/western/revision2/qa/unicorn/upright/motion/candidate/fight_idle/0021.png'
Time: 00:00.03 (Saving: 00:00.00)

Saved: '/Users/chikumatsuboi/Code/animal-racers-western/assets/source/western/revision2/qa/unicorn/upright/motion/candidate/fight_idle/0022.png'
Time: 00:00.03 (Saving: 00:00.00)

Saved: '/Users/chikumatsuboi/Code/animal-racers-western/assets/source/western/revision2/qa/unicorn/upright/motion/candidate/fight_idle/0023.png'
Time: 00:00.03 (Saving: 00:00.00)

Saved: '/Users/chikumatsuboi/Code/animal-racers-western/assets/source/western/revision2/qa/unicorn/upright/motion/candidate/fight_idle/0024.png'
Time: 00:00.04 (Saving: 00:00.00)

Saved: '/Users/chikumatsuboi/Code/animal-racers-western/assets/source/western/revision2/qa/unicorn/upright/motion/candidate/fight_idle/0025.png'
Time: 00:00.03 (Saving: 00:00.00)

Saved: '/Users/chikumatsuboi/Code/animal-racers-western/assets/source/western/revision2/qa/unicorn/upright/motion/candidate/fight_idle/0026.png'
Time: 00:00.03 (Saving: 00:00.00)

Saved: '/Users/chikumatsuboi/Code/animal-racers-western/assets/source/western/revision2/qa/unicorn/upright/motion/candidate/fight_idle/0027.png'
Time: 00:00.03 (Saving: 00:00.00)

Saved: '/Users/chikumatsuboi/Code/animal-racers-western/assets/source/western/revision2/qa/unicorn/upright/motion/candidate/fight_idle/0028.png'
Time: 00:00.03 (Saving: 00:00.00)

Saved: '/Users/chikumatsuboi/Code/animal-racers-western/assets/source/western/revision2/qa/unicorn/upright/motion/candidate/fight_idle/0029.png'
Time: 00:00.03 (Saving: 00:00.00)

Saved: '/Users/chikumatsuboi/Code/animal-racers-western/assets/source/western/revision2/qa/unicorn/upright/motion/candidate/fight_idle/0030.png'
Time: 00:00.03 (Saving: 00:00.00)

REVISION2_MOTION unicorn upright fight_idle 31
Read blend: "/Users/chikumatsuboi/Code/animal-racers-western/assets/source/western/revision2/inputs/unicorn-upright.blend"
Saved: '/Users/chikumatsuboi/Code/animal-racers-western/assets/source/western/revision2/qa/unicorn/upright/motion/control/fight_move/0000.png'
Time: 00:00.04 (Saving: 00:00.00)

Saved: '/Users/chikumatsuboi/Code/animal-racers-western/assets/source/western/revision2/qa/unicorn/upright/motion/control/fight_move/0001.png'
Time: 00:00.03 (Saving: 00:00.00)

Saved: '/Users/chikumatsuboi/Code/animal-racers-western/assets/source/western/revision2/qa/unicorn/upright/motion/control/fight_move/0002.png'
Time: 00:00.03 (Saving: 00:00.00)

Saved: '/Users/chikumatsuboi/Code/animal-racers-western/assets/source/western/revision2/qa/unicorn/upright/motion/control/fight_move/0003.png'
Time: 00:00.03 (Saving: 00:00.00)

Saved: '/Users/chikumatsuboi/Code/animal-racers-western/assets/source/western/revision2/qa/unicorn/upright/motion/control/fight_move/0004.png'
Time: 00:00.03 (Saving: 00:00.00)

Saved: '/Users/chikumatsuboi/Code/animal-racers-western/assets/source/western/revision2/qa/unicorn/upright/motion/control/fight_move/0005.png'
Time: 00:00.03 (Saving: 00:00.00)

Saved: '/Users/chikumatsuboi/Code/animal-racers-western/assets/source/western/revision2/qa/unicorn/upright/motion/control/fight_move/0006.png'
Time: 00:00.03 (Saving: 00:00.00)

Read blend: "/Users/chikumatsuboi/Code/animal-racers-western/assets/source/western/revision2/candidate/unicorn-upright.blend"
Saved: '/Users/chikumatsuboi/Code/animal-racers-western/assets/source/western/revision2/qa/unicorn/upright/motion/candidate/fight_move/0000.png'
Time: 00:00.03 (Saving: 00:00.00)

Saved: '/Users/chikumatsuboi/Code/animal-racers-western/assets/source/western/revision2/qa/unicorn/upright/motion/candidate/fight_move/0001.png'
Time: 00:00.03 (Saving: 00:00.00)

Saved: '/Users/chikumatsuboi/Code/animal-racers-western/assets/source/western/revision2/qa/unicorn/upright/motion/candidate/fight_move/0002.png'
Time: 00:00.03 (Saving: 00:00.00)

Saved: '/Users/chikumatsuboi/Code/animal-racers-western/assets/source/western/revision2/qa/unicorn/upright/motion/candidate/fight_move/0003.png'
Time: 00:00.03 (Saving: 00:00.00)

Saved: '/Users/chikumatsuboi/Code/animal-racers-western/assets/source/western/revision2/qa/unicorn/upright/motion/candidate/fight_move/0004.png'
Time: 00:00.03 (Saving: 00:00.01)

Saved: '/Users/chikumatsuboi/Code/animal-racers-western/assets/source/western/revision2/qa/unicorn/upright/motion/candidate/fight_move/0005.png'
Time: 00:00.03 (Saving: 00:00.00)

Saved: '/Users/chikumatsuboi/Code/animal-racers-western/assets/source/western/revision2/qa/unicorn/upright/motion/candidate/fight_move/0006.png'
Time: 00:00.03 (Saving: 00:00.00)

REVISION2_MOTION unicorn upright fight_move 7
Read blend: "/Users/chikumatsuboi/Code/animal-racers-western/assets/source/western/revision2/inputs/unicorn-upright.blend"
Saved: '/Users/chikumatsuboi/Code/animal-racers-western/assets/source/western/revision2/qa/unicorn/upright/motion/control/guard/0000.png'
Time: 00:00.04 (Saving: 00:00.00)

Saved: '/Users/chikumatsuboi/Code/animal-racers-western/assets/source/western/revision2/qa/unicorn/upright/motion/control/guard/0001.png'
Time: 00:00.04 (Saving: 00:00.00)

Saved: '/Users/chikumatsuboi/Code/animal-racers-western/assets/source/western/revision2/qa/unicorn/upright/motion/control/guard/0002.png'
Time: 00:00.03 (Saving: 00:00.00)

Saved: '/Users/chikumatsuboi/Code/animal-racers-western/assets/source/western/revision2/qa/unicorn/upright/motion/control/guard/0003.png'
Time: 00:00.03 (Saving: 00:00.00)

Saved: '/Users/chikumatsuboi/Code/animal-racers-western/assets/source/western/revision2/qa/unicorn/upright/motion/control/guard/0004.png'
Time: 00:00.03 (Saving: 00:00.00)

Saved: '/Users/chikumatsuboi/Code/animal-racers-western/assets/source/western/revision2/qa/unicorn/upright/motion/control/guard/0005.png'
Time: 00:00.03 (Saving: 00:00.00)

Saved: '/Users/chikumatsuboi/Code/animal-racers-western/assets/source/western/revision2/qa/unicorn/upright/motion/control/guard/0006.png'
Time: 00:00.03 (Saving: 00:00.00)

Saved: '/Users/chikumatsuboi/Code/animal-racers-western/assets/source/western/revision2/qa/unicorn/upright/motion/control/guard/0007.png'
Time: 00:00.03 (Saving: 00:00.00)

Saved: '/Users/chikumatsuboi/Code/animal-racers-western/assets/source/western/revision2/qa/unicorn/upright/motion/control/guard/0008.png'
Time: 00:00.03 (Saving: 00:00.01)

Saved: '/Users/chikumatsuboi/Code/animal-racers-western/assets/source/western/revision2/qa/unicorn/upright/motion/control/guard/0009.png'
Time: 00:00.03 (Saving: 00:00.01)

Read blend: "/Users/chikumatsuboi/Code/animal-racers-western/assets/source/western/revision2/candidate/unicorn-upright.blend"
Saved: '/Users/chikumatsuboi/Code/animal-racers-western/assets/source/western/revision2/qa/unicorn/upright/motion/candidate/guard/0000.png'
Time: 00:00.04 (Saving: 00:00.01)

Saved: '/Users/chikumatsuboi/Code/animal-racers-western/assets/source/western/revision2/qa/unicorn/upright/motion/candidate/guard/0001.png'
Time: 00:00.03 (Saving: 00:00.00)

Saved: '/Users/chikumatsuboi/Code/animal-racers-western/assets/source/western/revision2/qa/unicorn/upright/motion/candidate/guard/0002.png'
Time: 00:00.03 (Saving: 00:00.00)

Saved: '/Users/chikumatsuboi/Code/animal-racers-western/assets/source/western/revision2/qa/unicorn/upright/motion/candidate/guard/0003.png'
Time: 00:00.03 (Saving: 00:00.00)

Saved: '/Users/chikumatsuboi/Code/animal-racers-western/assets/source/western/revision2/qa/unicorn/upright/motion/candidate/guard/0004.png'
Time: 00:00.03 (Saving: 00:00.00)

Saved: '/Users/chikumatsuboi/Code/animal-racers-western/assets/source/western/revision2/qa/unicorn/upright/motion/candidate/guard/0005.png'
Time: 00:00.03 (Saving: 00:00.00)

Saved: '/Users/chikumatsuboi/Code/animal-racers-western/assets/source/western/revision2/qa/unicorn/upright/motion/candidate/guard/0006.png'
Time: 00:00.03 (Saving: 00:00.00)

Saved: '/Users/chikumatsuboi/Code/animal-racers-western/assets/source/western/revision2/qa/unicorn/upright/motion/candidate/guard/0007.png'
Time: 00:00.03 (Saving: 00:00.00)

Saved: '/Users/chikumatsuboi/Code/animal-racers-western/assets/source/western/revision2/qa/unicorn/upright/motion/candidate/guard/0008.png'
Time: 00:00.03 (Saving: 00:00.00)

Saved: '/Users/chikumatsuboi/Code/animal-racers-western/assets/source/western/revision2/qa/unicorn/upright/motion/candidate/guard/0009.png'
Time: 00:00.03 (Saving: 00:00.00)

REVISION2_MOTION unicorn upright guard 10
Read blend: "/Users/chikumatsuboi/Code/animal-racers-western/assets/source/western/revision2/inputs/unicorn-upright.blend"
Saved: '/Users/chikumatsuboi/Code/animal-racers-western/assets/source/western/revision2/qa/unicorn/upright/motion/control/hit/0000.png'
Time: 00:00.04 (Saving: 00:00.00)

Saved: '/Users/chikumatsuboi/Code/animal-racers-western/assets/source/western/revision2/qa/unicorn/upright/motion/control/hit/0001.png'
Time: 00:00.03 (Saving: 00:00.00)

Saved: '/Users/chikumatsuboi/Code/animal-racers-western/assets/source/western/revision2/qa/unicorn/upright/motion/control/hit/0002.png'
Time: 00:00.03 (Saving: 00:00.00)

Saved: '/Users/chikumatsuboi/Code/animal-racers-western/assets/source/western/revision2/qa/unicorn/upright/motion/control/hit/0003.png'
Time: 00:00.03 (Saving: 00:00.00)

Saved: '/Users/chikumatsuboi/Code/animal-racers-western/assets/source/western/revision2/qa/unicorn/upright/motion/control/hit/0004.png'
Time: 00:00.03 (Saving: 00:00.00)

Saved: '/Users/chikumatsuboi/Code/animal-racers-western/assets/source/western/revision2/qa/unicorn/upright/motion/control/hit/0005.png'
Time: 00:00.03 (Saving: 00:00.00)

Saved: '/Users/chikumatsuboi/Code/animal-racers-western/assets/source/western/revision2/qa/unicorn/upright/motion/control/hit/0006.png'
Time: 00:00.03 (Saving: 00:00.00)

Read blend: "/Users/chikumatsuboi/Code/animal-racers-western/assets/source/western/revision2/candidate/unicorn-upright.blend"
Saved: '/Users/chikumatsuboi/Code/animal-racers-western/assets/source/western/revision2/qa/unicorn/upright/motion/candidate/hit/0000.png'
Time: 00:00.03 (Saving: 00:00.00)

Saved: '/Users/chikumatsuboi/Code/animal-racers-western/assets/source/western/revision2/qa/unicorn/upright/motion/candidate/hit/0001.png'
Time: 00:00.03 (Saving: 00:00.00)

Saved: '/Users/chikumatsuboi/Code/animal-racers-western/assets/source/western/revision2/qa/unicorn/upright/motion/candidate/hit/0002.png'
Time: 00:00.03 (Saving: 00:00.00)

Saved: '/Users/chikumatsuboi/Code/animal-racers-western/assets/source/western/revision2/qa/unicorn/upright/motion/candidate/hit/0003.png'
Time: 00:00.03 (Saving: 00:00.00)

Saved: '/Users/chikumatsuboi/Code/animal-racers-western/assets/source/western/revision2/qa/unicorn/upright/motion/candidate/hit/0004.png'
Time: 00:00.03 (Saving: 00:00.00)

Saved: '/Users/chikumatsuboi/Code/animal-racers-western/assets/source/western/revision2/qa/unicorn/upright/motion/candidate/hit/0005.png'
Time: 00:00.03 (Saving: 00:00.00)

Saved: '/Users/chikumatsuboi/Code/animal-racers-western/assets/source/western/revision2/qa/unicorn/upright/motion/candidate/hit/0006.png'
Time: 00:00.03 (Saving: 00:00.00)

REVISION2_MOTION unicorn upright hit 7
Read blend: "/Users/chikumatsuboi/Code/animal-racers-western/assets/source/western/revision2/inputs/unicorn-upright.blend"
Saved: '/Users/chikumatsuboi/Code/animal-racers-western/assets/source/western/revision2/qa/unicorn/upright/motion/control/jump/0000.png'
Time: 00:00.03 (Saving: 00:00.00)

Saved: '/Users/chikumatsuboi/Code/animal-racers-western/assets/source/western/revision2/qa/unicorn/upright/motion/control/jump/0001.png'
Time: 00:00.03 (Saving: 00:00.00)

Saved: '/Users/chikumatsuboi/Code/animal-racers-western/assets/source/western/revision2/qa/unicorn/upright/motion/control/jump/0002.png'
Time: 00:00.03 (Saving: 00:00.00)

Saved: '/Users/chikumatsuboi/Code/animal-racers-western/assets/source/western/revision2/qa/unicorn/upright/motion/control/jump/0003.png'
Time: 00:00.03 (Saving: 00:00.00)

Saved: '/Users/chikumatsuboi/Code/animal-racers-western/assets/source/western/revision2/qa/unicorn/upright/motion/control/jump/0004.png'
Time: 00:00.03 (Saving: 00:00.01)

Saved: '/Users/chikumatsuboi/Code/animal-racers-western/assets/source/western/revision2/qa/unicorn/upright/motion/control/jump/0005.png'
Time: 00:00.03 (Saving: 00:00.00)

Saved: '/Users/chikumatsuboi/Code/animal-racers-western/assets/source/western/revision2/qa/unicorn/upright/motion/control/jump/0006.png'
Time: 00:00.03 (Saving: 00:00.01)

Saved: '/Users/chikumatsuboi/Code/animal-racers-western/assets/source/western/revision2/qa/unicorn/upright/motion/control/jump/0007.png'
Time: 00:00.03 (Saving: 00:00.00)

Saved: '/Users/chikumatsuboi/Code/animal-racers-western/assets/source/western/revision2/qa/unicorn/upright/motion/control/jump/0008.png'
Time: 00:00.03 (Saving: 00:00.00)

Saved: '/Users/chikumatsuboi/Code/animal-racers-western/assets/source/western/revision2/qa/unicorn/upright/motion/control/jump/0009.png'
Time: 00:00.03 (Saving: 00:00.00)

Saved: '/Users/chikumatsuboi/Code/animal-racers-western/assets/source/western/revision2/qa/unicorn/upright/motion/control/jump/0010.png'
Time: 00:00.03 (Saving: 00:00.00)

Saved: '/Users/chikumatsuboi/Code/animal-racers-western/assets/source/western/revision2/qa/unicorn/upright/motion/control/jump/0011.png'
Time: 00:00.03 (Saving: 00:00.00)

Saved: '/Users/chikumatsuboi/Code/animal-racers-western/assets/source/western/revision2/qa/unicorn/upright/motion/control/jump/0012.png'
Time: 00:00.03 (Saving: 00:00.00)

Read blend: "/Users/chikumatsuboi/Code/animal-racers-western/assets/source/western/revision2/candidate/unicorn-upright.blend"
Saved: '/Users/chikumatsuboi/Code/animal-racers-western/assets/source/western/revision2/qa/unicorn/upright/motion/candidate/jump/0000.png'
Time: 00:00.03 (Saving: 00:00.00)

Saved: '/Users/chikumatsuboi/Code/animal-racers-western/assets/source/western/revision2/qa/unicorn/upright/motion/candidate/jump/0001.png'
Time: 00:00.03 (Saving: 00:00.00)

Saved: '/Users/chikumatsuboi/Code/animal-racers-western/assets/source/western/revision2/qa/unicorn/upright/motion/candidate/jump/0002.png'
Time: 00:00.03 (Saving: 00:00.00)

Saved: '/Users/chikumatsuboi/Code/animal-racers-western/assets/source/western/revision2/qa/unicorn/upright/motion/candidate/jump/0003.png'
Time: 00:00.03 (Saving: 00:00.00)

Saved: '/Users/chikumatsuboi/Code/animal-racers-western/assets/source/western/revision2/qa/unicorn/upright/motion/candidate/jump/0004.png'
Time: 00:00.03 (Saving: 00:00.00)

Saved: '/Users/chikumatsuboi/Code/animal-racers-western/assets/source/western/revision2/qa/unicorn/upright/motion/candidate/jump/0005.png'
Time: 00:00.03 (Saving: 00:00.00)

Saved: '/Users/chikumatsuboi/Code/animal-racers-western/assets/source/western/revision2/qa/unicorn/upright/motion/candidate/jump/0006.png'
Time: 00:00.03 (Saving: 00:00.00)

Saved: '/Users/chikumatsuboi/Code/animal-racers-western/assets/source/western/revision2/qa/unicorn/upright/motion/candidate/jump/0007.png'
Time: 00:00.03 (Saving: 00:00.00)

Saved: '/Users/chikumatsuboi/Code/animal-racers-western/assets/source/western/revision2/qa/unicorn/upright/motion/candidate/jump/0008.png'
Time: 00:00.03 (Saving: 00:00.00)

Saved: '/Users/chikumatsuboi/Code/animal-racers-western/assets/source/western/revision2/qa/unicorn/upright/motion/candidate/jump/0009.png'
Time: 00:00.03 (Saving: 00:00.00)

Saved: '/Users/chikumatsuboi/Code/animal-racers-western/assets/source/western/revision2/qa/unicorn/upright/motion/candidate/jump/0010.png'
Time: 00:00.03 (Saving: 00:00.01)

Saved: '/Users/chikumatsuboi/Code/animal-racers-western/assets/source/western/revision2/qa/unicorn/upright/motion/candidate/jump/0011.png'
Time: 00:00.03 (Saving: 00:00.00)

Saved: '/Users/chikumatsuboi/Code/animal-racers-western/assets/source/western/revision2/qa/unicorn/upright/motion/candidate/jump/0012.png'
Time: 00:00.03 (Saving: 00:00.01)

REVISION2_MOTION unicorn upright jump 13
Read blend: "/Users/chikumatsuboi/Code/animal-racers-western/assets/source/western/revision2/inputs/unicorn-upright.blend"
Saved: '/Users/chikumatsuboi/Code/animal-racers-western/assets/source/western/revision2/qa/unicorn/upright/motion/control/land/0000.png'
Time: 00:00.03 (Saving: 00:00.00)

Saved: '/Users/chikumatsuboi/Code/animal-racers-western/assets/source/western/revision2/qa/unicorn/upright/motion/control/land/0001.png'
Time: 00:00.04 (Saving: 00:00.00)

Saved: '/Users/chikumatsuboi/Code/animal-racers-western/assets/source/western/revision2/qa/unicorn/upright/motion/control/land/0002.png'
Time: 00:00.04 (Saving: 00:00.00)

Saved: '/Users/chikumatsuboi/Code/animal-racers-western/assets/source/western/revision2/qa/unicorn/upright/motion/control/land/0003.png'
Time: 00:00.04 (Saving: 00:00.00)

Saved: '/Users/chikumatsuboi/Code/animal-racers-western/assets/source/western/revision2/qa/unicorn/upright/motion/control/land/0004.png'
Time: 00:00.03 (Saving: 00:00.00)

Saved: '/Users/chikumatsuboi/Code/animal-racers-western/assets/source/western/revision2/qa/unicorn/upright/motion/control/land/0005.png'
Time: 00:00.03 (Saving: 00:00.00)

Read blend: "/Users/chikumatsuboi/Code/animal-racers-western/assets/source/western/revision2/candidate/unicorn-upright.blend"
Saved: '/Users/chikumatsuboi/Code/animal-racers-western/assets/source/western/revision2/qa/unicorn/upright/motion/candidate/land/0000.png'
Time: 00:00.03 (Saving: 00:00.00)

Saved: '/Users/chikumatsuboi/Code/animal-racers-western/assets/source/western/revision2/qa/unicorn/upright/motion/candidate/land/0001.png'
Time: 00:00.03 (Saving: 00:00.00)

Saved: '/Users/chikumatsuboi/Code/animal-racers-western/assets/source/western/revision2/qa/unicorn/upright/motion/candidate/land/0002.png'
Time: 00:00.03 (Saving: 00:00.00)

Saved: '/Users/chikumatsuboi/Code/animal-racers-western/assets/source/western/revision2/qa/unicorn/upright/motion/candidate/land/0003.png'
Time: 00:00.03 (Saving: 00:00.00)

Saved: '/Users/chikumatsuboi/Code/animal-racers-western/assets/source/western/revision2/qa/unicorn/upright/motion/candidate/land/0004.png'
Time: 00:00.03 (Saving: 00:00.00)

Saved: '/Users/chikumatsuboi/Code/animal-racers-western/assets/source/western/revision2/qa/unicorn/upright/motion/candidate/land/0005.png'
Time: 00:00.03 (Saving: 00:00.00)

REVISION2_MOTION unicorn upright land 6
Read blend: "/Users/chikumatsuboi/Code/animal-racers-western/assets/source/western/revision2/inputs/unicorn-upright.blend"
Saved: '/Users/chikumatsuboi/Code/animal-racers-western/assets/source/western/revision2/qa/unicorn/upright/motion/control/special/0000.png'
Time: 00:00.03 (Saving: 00:00.00)

Saved: '/Users/chikumatsuboi/Code/animal-racers-western/assets/source/western/revision2/qa/unicorn/upright/motion/control/special/0001.png'
Time: 00:00.03 (Saving: 00:00.00)

Saved: '/Users/chikumatsuboi/Code/animal-racers-western/assets/source/western/revision2/qa/unicorn/upright/motion/control/special/0002.png'
Time: 00:00.03 (Saving: 00:00.00)

Saved: '/Users/chikumatsuboi/Code/animal-racers-western/assets/source/western/revision2/qa/unicorn/upright/motion/control/special/0003.png'
Time: 00:00.03 (Saving: 00:00.01)

Saved: '/Users/chikumatsuboi/Code/animal-racers-western/assets/source/western/revision2/qa/unicorn/upright/motion/control/special/0004.png'
Time: 00:00.03 (Saving: 00:00.01)

Saved: '/Users/chikumatsuboi/Code/animal-racers-western/assets/source/western/revision2/qa/unicorn/upright/motion/control/special/0005.png'
Time: 00:00.04 (Saving: 00:00.01)

Saved: '/Users/chikumatsuboi/Code/animal-racers-western/assets/source/western/revision2/qa/unicorn/upright/motion/control/special/0006.png'
Time: 00:00.04 (Saving: 00:00.01)

Saved: '/Users/chikumatsuboi/Code/animal-racers-western/assets/source/western/revision2/qa/unicorn/upright/motion/control/special/0007.png'
Time: 00:00.05 (Saving: 00:00.01)

Saved: '/Users/chikumatsuboi/Code/animal-racers-western/assets/source/western/revision2/qa/unicorn/upright/motion/control/special/0008.png'
Time: 00:00.04 (Saving: 00:00.01)

Saved: '/Users/chikumatsuboi/Code/animal-racers-western/assets/source/western/revision2/qa/unicorn/upright/motion/control/special/0009.png'
Time: 00:00.03 (Saving: 00:00.00)

Saved: '/Users/chikumatsuboi/Code/animal-racers-western/assets/source/western/revision2/qa/unicorn/upright/motion/control/special/0010.png'
Time: 00:00.03 (Saving: 00:00.00)

Saved: '/Users/chikumatsuboi/Code/animal-racers-western/assets/source/western/revision2/qa/unicorn/upright/motion/control/special/0011.png'
Time: 00:00.03 (Saving: 00:00.01)

Saved: '/Users/chikumatsuboi/Code/animal-racers-western/assets/source/western/revision2/qa/unicorn/upright/motion/control/special/0012.png'
Time: 00:00.03 (Saving: 00:00.00)

Saved: '/Users/chikumatsuboi/Code/animal-racers-western/assets/source/western/revision2/qa/unicorn/upright/motion/control/special/0013.png'
Time: 00:00.03 (Saving: 00:00.00)

Saved: '/Users/chikumatsuboi/Code/animal-racers-western/assets/source/western/revision2/qa/unicorn/upright/motion/control/special/0014.png'
Time: 00:00.03 (Saving: 00:00.00)

Read blend: "/Users/chikumatsuboi/Code/animal-racers-western/assets/source/western/revision2/candidate/unicorn-upright.blend"
Saved: '/Users/chikumatsuboi/Code/animal-racers-western/assets/source/western/revision2/qa/unicorn/upright/motion/candidate/special/0000.png'
Time: 00:00.03 (Saving: 00:00.00)

Saved: '/Users/chikumatsuboi/Code/animal-racers-western/assets/source/western/revision2/qa/unicorn/upright/motion/candidate/special/0001.png'
Time: 00:00.03 (Saving: 00:00.00)

Saved: '/Users/chikumatsuboi/Code/animal-racers-western/assets/source/western/revision2/qa/unicorn/upright/motion/candidate/special/0002.png'
Time: 00:00.03 (Saving: 00:00.01)

Saved: '/Users/chikumatsuboi/Code/animal-racers-western/assets/source/western/revision2/qa/unicorn/upright/motion/candidate/special/0003.png'
Time: 00:00.03 (Saving: 00:00.00)

Saved: '/Users/chikumatsuboi/Code/animal-racers-western/assets/source/western/revision2/qa/unicorn/upright/motion/candidate/special/0004.png'
Time: 00:00.03 (Saving: 00:00.00)

Saved: '/Users/chikumatsuboi/Code/animal-racers-western/assets/source/western/revision2/qa/unicorn/upright/motion/candidate/special/0005.png'
Time: 00:00.03 (Saving: 00:00.00)

Saved: '/Users/chikumatsuboi/Code/animal-racers-western/assets/source/western/revision2/qa/unicorn/upright/motion/candidate/special/0006.png'
Time: 00:00.03 (Saving: 00:00.00)

Saved: '/Users/chikumatsuboi/Code/animal-racers-western/assets/source/western/revision2/qa/unicorn/upright/motion/candidate/special/0007.png'
Time: 00:00.03 (Saving: 00:00.01)

Saved: '/Users/chikumatsuboi/Code/animal-racers-western/assets/source/western/revision2/qa/unicorn/upright/motion/candidate/special/0008.png'
Time: 00:00.03 (Saving: 00:00.00)

Saved: '/Users/chikumatsuboi/Code/animal-racers-western/assets/source/western/revision2/qa/unicorn/upright/motion/candidate/special/0009.png'
Time: 00:00.03 (Saving: 00:00.00)

Saved: '/Users/chikumatsuboi/Code/animal-racers-western/assets/source/western/revision2/qa/unicorn/upright/motion/candidate/special/0010.png'
Time: 00:00.03 (Saving: 00:00.01)

Saved: '/Users/chikumatsuboi/Code/animal-racers-western/assets/source/western/revision2/qa/unicorn/upright/motion/candidate/special/0011.png'
Time: 00:00.03 (Saving: 00:00.00)

Saved: '/Users/chikumatsuboi/Code/animal-racers-western/assets/source/western/revision2/qa/unicorn/upright/motion/candidate/special/0012.png'
Time: 00:00.03 (Saving: 00:00.00)

Saved: '/Users/chikumatsuboi/Code/animal-racers-western/assets/source/western/revision2/qa/unicorn/upright/motion/candidate/special/0013.png'
Time: 00:00.03 (Saving: 00:00.00)

Saved: '/Users/chikumatsuboi/Code/animal-racers-western/assets/source/western/revision2/qa/unicorn/upright/motion/candidate/special/0014.png'
Time: 00:00.03 (Saving: 00:00.01)

REVISION2_MOTION unicorn upright special 15
Read blend: "/Users/chikumatsuboi/Code/animal-racers-western/assets/source/western/revision2/inputs/unicorn-upright.blend"
Saved: '/Users/chikumatsuboi/Code/animal-racers-western/assets/source/western/revision2/qa/unicorn/upright/motion/control/transform/0000.png'
Time: 00:00.04 (Saving: 00:00.00)

Saved: '/Users/chikumatsuboi/Code/animal-racers-western/assets/source/western/revision2/qa/unicorn/upright/motion/control/transform/0001.png'
Time: 00:00.03 (Saving: 00:00.00)

Saved: '/Users/chikumatsuboi/Code/animal-racers-western/assets/source/western/revision2/qa/unicorn/upright/motion/control/transform/0002.png'
Time: 00:00.03 (Saving: 00:00.00)

Saved: '/Users/chikumatsuboi/Code/animal-racers-western/assets/source/western/revision2/qa/unicorn/upright/motion/control/transform/0003.png'
Time: 00:00.03 (Saving: 00:00.00)

Saved: '/Users/chikumatsuboi/Code/animal-racers-western/assets/source/western/revision2/qa/unicorn/upright/motion/control/transform/0004.png'
Time: 00:00.03 (Saving: 00:00.00)

Saved: '/Users/chikumatsuboi/Code/animal-racers-western/assets/source/western/revision2/qa/unicorn/upright/motion/control/transform/0005.png'
Time: 00:00.03 (Saving: 00:00.00)

Saved: '/Users/chikumatsuboi/Code/animal-racers-western/assets/source/western/revision2/qa/unicorn/upright/motion/control/transform/0006.png'
Time: 00:00.03 (Saving: 00:00.00)

Saved: '/Users/chikumatsuboi/Code/animal-racers-western/assets/source/western/revision2/qa/unicorn/upright/motion/control/transform/0007.png'
Time: 00:00.03 (Saving: 00:00.00)

Saved: '/Users/chikumatsuboi/Code/animal-racers-western/assets/source/western/revision2/qa/unicorn/upright/motion/control/transform/0008.png'
Time: 00:00.03 (Saving: 00:00.00)

Saved: '/Users/chikumatsuboi/Code/animal-racers-western/assets/source/western/revision2/qa/unicorn/upright/motion/control/transform/0009.png'
Time: 00:00.03 (Saving: 00:00.00)

Saved: '/Users/chikumatsuboi/Code/animal-racers-western/assets/source/western/revision2/qa/unicorn/upright/motion/control/transform/0010.png'
Time: 00:00.03 (Saving: 00:00.00)

Saved: '/Users/chikumatsuboi/Code/animal-racers-western/assets/source/western/revision2/qa/unicorn/upright/motion/control/transform/0011.png'
Time: 00:00.03 (Saving: 00:00.00)

Saved: '/Users/chikumatsuboi/Code/animal-racers-western/assets/source/western/revision2/qa/unicorn/upright/motion/control/transform/0012.png'
Time: 00:00.03 (Saving: 00:00.00)

Saved: '/Users/chikumatsuboi/Code/animal-racers-western/assets/source/western/revision2/qa/unicorn/upright/motion/control/transform/0013.png'
Time: 00:00.03 (Saving: 00:00.00)

Saved: '/Users/chikumatsuboi/Code/animal-racers-western/assets/source/western/revision2/qa/unicorn/upright/motion/control/transform/0014.png'
Time: 00:00.02 (Saving: 00:00.00)

Saved: '/Users/chikumatsuboi/Code/animal-racers-western/assets/source/western/revision2/qa/unicorn/upright/motion/control/transform/0015.png'
Time: 00:00.03 (Saving: 00:00.00)

Saved: '/Users/chikumatsuboi/Code/animal-racers-western/assets/source/western/revision2/qa/unicorn/upright/motion/control/transform/0016.png'
Time: 00:00.03 (Saving: 00:00.01)

Saved: '/Users/chikumatsuboi/Code/animal-racers-western/assets/source/western/revision2/qa/unicorn/upright/motion/control/transform/0017.png'
Time: 00:00.03 (Saving: 00:00.00)

Saved: '/Users/chikumatsuboi/Code/animal-racers-western/assets/source/western/revision2/qa/unicorn/upright/motion/control/transform/0018.png'
Time: 00:00.03 (Saving: 00:00.00)

Read blend: "/Users/chikumatsuboi/Code/animal-racers-western/assets/source/western/revision2/candidate/unicorn-upright.blend"
Saved: '/Users/chikumatsuboi/Code/animal-racers-western/assets/source/western/revision2/qa/unicorn/upright/motion/candidate/transform/0000.png'
Time: 00:00.03 (Saving: 00:00.00)

Saved: '/Users/chikumatsuboi/Code/animal-racers-western/assets/source/western/revision2/qa/unicorn/upright/motion/candidate/transform/0001.png'
Time: 00:00.03 (Saving: 00:00.00)

Saved: '/Users/chikumatsuboi/Code/animal-racers-western/assets/source/western/revision2/qa/unicorn/upright/motion/candidate/transform/0002.png'
Time: 00:00.03 (Saving: 00:00.00)

Saved: '/Users/chikumatsuboi/Code/animal-racers-western/assets/source/western/revision2/qa/unicorn/upright/motion/candidate/transform/0003.png'
Time: 00:00.03 (Saving: 00:00.00)

Saved: '/Users/chikumatsuboi/Code/animal-racers-western/assets/source/western/revision2/qa/unicorn/upright/motion/candidate/transform/0004.png'
Time: 00:00.03 (Saving: 00:00.00)

Saved: '/Users/chikumatsuboi/Code/animal-racers-western/assets/source/western/revision2/qa/unicorn/upright/motion/candidate/transform/0005.png'
Time: 00:00.03 (Saving: 00:00.00)

Saved: '/Users/chikumatsuboi/Code/animal-racers-western/assets/source/western/revision2/qa/unicorn/upright/motion/candidate/transform/0006.png'
Time: 00:00.03 (Saving: 00:00.00)

Saved: '/Users/chikumatsuboi/Code/animal-racers-western/assets/source/western/revision2/qa/unicorn/upright/motion/candidate/transform/0007.png'
Time: 00:00.03 (Saving: 00:00.00)

Saved: '/Users/chikumatsuboi/Code/animal-racers-western/assets/source/western/revision2/qa/unicorn/upright/motion/candidate/transform/0008.png'
Time: 00:00.03 (Saving: 00:00.00)

Saved: '/Users/chikumatsuboi/Code/animal-racers-western/assets/source/western/revision2/qa/unicorn/upright/motion/candidate/transform/0009.png'
Time: 00:00.03 (Saving: 00:00.00)

Saved: '/Users/chikumatsuboi/Code/animal-racers-western/assets/source/western/revision2/qa/unicorn/upright/motion/candidate/transform/0010.png'
Time: 00:00.03 (Saving: 00:00.00)

Saved: '/Users/chikumatsuboi/Code/animal-racers-western/assets/source/western/revision2/qa/unicorn/upright/motion/candidate/transform/0011.png'
Time: 00:00.03 (Saving: 00:00.01)

Saved: '/Users/chikumatsuboi/Code/animal-racers-western/assets/source/western/revision2/qa/unicorn/upright/motion/candidate/transform/0012.png'
Time: 00:00.03 (Saving: 00:00.00)

Saved: '/Users/chikumatsuboi/Code/animal-racers-western/assets/source/western/revision2/qa/unicorn/upright/motion/candidate/transform/0013.png'
Time: 00:00.03 (Saving: 00:00.00)

Saved: '/Users/chikumatsuboi/Code/animal-racers-western/assets/source/western/revision2/qa/unicorn/upright/motion/candidate/transform/0014.png'
Time: 00:00.03 (Saving: 00:00.00)

Saved: '/Users/chikumatsuboi/Code/animal-racers-western/assets/source/western/revision2/qa/unicorn/upright/motion/candidate/transform/0015.png'
Time: 00:00.03 (Saving: 00:00.00)

Saved: '/Users/chikumatsuboi/Code/animal-racers-western/assets/source/western/revision2/qa/unicorn/upright/motion/candidate/transform/0016.png'
Time: 00:00.03 (Saving: 00:00.00)

Saved: '/Users/chikumatsuboi/Code/animal-racers-western/assets/source/western/revision2/qa/unicorn/upright/motion/candidate/transform/0017.png'
Time: 00:00.03 (Saving: 00:00.00)

Saved: '/Users/chikumatsuboi/Code/animal-racers-western/assets/source/western/revision2/qa/unicorn/upright/motion/candidate/transform/0018.png'
Time: 00:00.03 (Saving: 00:00.00)

REVISION2_MOTION unicorn upright transform 19
REVISION2_PACKAGE_OK unicorn upright
REVISION2_COMPLETE_REVIEW_RENDERED

Blender quit
