Blender 4.5.9 LTS (hash 8bf95cbd38d1 built 2026-04-21 01:30:46)
Read blend: "/Users/chikumatsuboi/Code/animal-racers-western/assets/source/western/revision2/inputs/lion.blend"
Fra:1 Mem:34.33M (Peak 34.33M) | Time:00:00.01 | Mem:0.00M, Peak:0.00M | Scene, ViewLayer | Synchronizing object | Body • continuous sculpted skin
Fra:1 Mem:34.75M (Peak 34.75M) | Time:00:00.01 | Mem:0.00M, Peak:0.00M | Scene, ViewLayer | Synchronizing object | Matched softbox.002
Fra:1 Mem:34.75M (Peak 34.75M) | Time:00:00.01 | Mem:0.00M, Peak:0.00M | Scene, ViewLayer | Synchronizing object | Matched softbox.001
Fra:1 Mem:34.75M (Peak 34.75M) | Time:00:00.01 | Mem:0.00M, Peak:0.00M | Scene, ViewLayer | Synchronizing object | Matched softbox
Fra:1 Mem:34.75M (Peak 34.75M) | Time:00:00.01 | Mem:0.00M, Peak:0.00M | Scene, ViewLayer | Synchronizing object | Raised elemental crest
Fra:1 Mem:34.75M (Peak 34.75M) | Time:00:00.01 | Mem:0.00M, Peak:0.00M | Scene, ViewLayer | Synchronizing object | Brass crest clasp
Fra:1 Mem:34.78M (Peak 34.78M) | Time:00:00.01 | Mem:0.00M, Peak:0.00M | Scene, ViewLayer | Synchronizing object | Neckerchief folded point
Fra:1 Mem:34.78M (Peak 34.78M) | Time:00:00.01 | Mem:0.00M, Peak:0.00M | Scene, ViewLayer | Synchronizing object | Leather neckerchief roll
Fra:1 Mem:34.78M (Peak 34.78M) | Time:00:00.01 | Mem:0.00M, Peak:0.00M | Scene, ViewLayer | Synchronizing object | Flame tail tuft.006
Fra:1 Mem:34.78M (Peak 34.78M) | Time:00:00.01 | Mem:0.00M, Peak:0.00M | Scene, ViewLayer | Synchronizing object | Flame tail tuft.005
Fra:1 Mem:34.88M (Peak 34.88M) | Time:00:00.01 | Mem:0.00M, Peak:0.00M | Scene, ViewLayer | Synchronizing object | Flame tail tuft.004
Fra:1 Mem:34.89M (Peak 34.89M) | Time:00:00.01 | Mem:0.00M, Peak:0.00M | Scene, ViewLayer | Synchronizing object | Paw toe
Fra:1 Mem:34.89M (Peak 34.89M) | Time:00:00.01 | Mem:0.00M, Peak:0.00M | Scene, ViewLayer | Synchronizing object | Flame tail tuft.003
Fra:1 Mem:34.91M (Peak 34.91M) | Time:00:00.01 | Mem:0.00M, Peak:0.00M | Scene, ViewLayer | Synchronizing object | Flame tail tuft.002
Fra:1 Mem:34.91M (Peak 34.91M) | Time:00:00.01 | Mem:0.00M, Peak:0.00M | Scene, ViewLayer | Synchronizing object | Ivory claw
Fra:1 Mem:34.92M (Peak 34.92M) | Time:00:00.01 | Mem:0.00M, Peak:0.00M | Scene, ViewLayer | Synchronizing object | Flame tail tuft.001
Fra:1 Mem:34.92M (Peak 34.92M) | Time:00:00.01 | Mem:0.00M, Peak:0.00M | Scene, ViewLayer | Synchronizing object | Paw toe.001
Fra:1 Mem:34.92M (Peak 34.92M) | Time:00:00.01 | Mem:0.00M, Peak:0.00M | Scene, ViewLayer | Synchronizing object | Flame tail tuft
Fra:1 Mem:34.95M (Peak 34.95M) | Time:00:00.01 | Mem:0.00M, Peak:0.00M | Scene, ViewLayer | Synchronizing object | Ivory claw.001
Fra:1 Mem:34.95M (Peak 34.95M) | Time:00:00.01 | Mem:0.00M, Peak:0.00M | Scene, ViewLayer | Synchronizing object | Articulated tail
Fra:1 Mem:34.95M (Peak 34.95M) | Time:00:00.01 | Mem:0.00M, Peak:0.00M | Scene, ViewLayer | Synchronizing object | Paw toe.002
Fra:1 Mem:34.99M (Peak 34.99M) | Time:00:00.01 | Mem:0.00M, Peak:0.00M | Scene, ViewLayer | Synchronizing object | Ivory claw.002
Fra:1 Mem:35.00M (Peak 35.00M) | Time:00:00.01 | Mem:0.00M, Peak:0.00M | Scene, ViewLayer | Synchronizing object | Wrist fur.011
Fra:1 Mem:35.00M (Peak 35.00M) | Time:00:00.01 | Mem:0.00M, Peak:0.00M | Scene, ViewLayer | Synchronizing object | Paw toe.003
Fra:1 Mem:35.01M (Peak 35.01M) | Time:00:00.01 | Mem:0.00M, Peak:0.00M | Scene, ViewLayer | Synchronizing object | Wrist fur.010
Fra:1 Mem:35.04M (Peak 35.04M) | Time:00:00.01 | Mem:0.00M, Peak:0.00M | Scene, ViewLayer | Synchronizing object | Ivory claw.003
Fra:1 Mem:35.04M (Peak 35.04M) | Time:00:00.01 | Mem:0.00M, Peak:0.00M | Scene, ViewLayer | Synchronizing object | Wrist fur.009
Fra:1 Mem:35.03M (Peak 35.04M) | Time:00:00.01 | Mem:0.00M, Peak:0.00M | Scene, ViewLayer | Synchronizing object | Paw toe.004
Fra:1 Mem:35.04M (Peak 35.04M) | Time:00:00.01 | Mem:0.00M, Peak:0.00M | Scene, ViewLayer | Synchronizing object | Layered shoulder fur.011
Fra:1 Mem:35.07M (Peak 35.07M) | Time:00:00.01 | Mem:0.00M, Peak:0.00M | Scene, ViewLayer | Synchronizing object | Ivory claw.004
Fra:1 Mem:35.06M (Peak 35.07M) | Time:00:00.01 | Mem:0.00M, Peak:0.00M | Scene, ViewLayer | Synchronizing object | Layered shoulder fur.010
Fra:1 Mem:35.06M (Peak 35.07M) | Time:00:00.01 | Mem:0.00M, Peak:0.00M | Scene, ViewLayer | Synchronizing object | Paw toe.005
Fra:1 Mem:35.07M (Peak 35.07M) | Time:00:00.01 | Mem:0.00M, Peak:0.00M | Scene, ViewLayer | Synchronizing object | Layered shoulder fur.009
Fra:1 Mem:35.09M (Peak 35.09M) | Time:00:00.01 | Mem:0.00M, Peak:0.00M | Scene, ViewLayer | Synchronizing object | Ivory claw.005
Fra:1 Mem:35.09M (Peak 35.09M) | Time:00:00.01 | Mem:0.00M, Peak:0.00M | Scene, ViewLayer | Synchronizing object | Wrist fur.008
Fra:1 Mem:35.09M (Peak 35.09M) | Time:00:00.01 | Mem:0.00M, Peak:0.00M | Scene, ViewLayer | Synchronizing object | Paw toe.006
Fra:1 Mem:35.10M (Peak 35.10M) | Time:00:00.01 | Mem:0.00M, Peak:0.00M | Scene, ViewLayer | Synchronizing object | Wrist fur.007
Fra:1 Mem:35.12M (Peak 35.12M) | Time:00:00.01 | Mem:0.00M, Peak:0.00M | Scene, ViewLayer | Synchronizing object | Wrist fur.006
Fra:1 Mem:35.12M (Peak 35.12M) | Time:00:00.01 | Mem:0.00M, Peak:0.00M | Scene, ViewLayer | Synchronizing object | Ivory claw.006
Fra:1 Mem:35.12M (Peak 35.12M) | Time:00:00.01 | Mem:0.00M, Peak:0.00M | Scene, ViewLayer | Synchronizing object | Layered shoulder fur.008
Fra:1 Mem:35.13M (Peak 35.13M) | Time:00:00.01 | Mem:0.00M, Peak:0.00M | Scene, ViewLayer | Synchronizing object | Paw toe.007
Fra:1 Mem:35.14M (Peak 35.14M) | Time:00:00.01 | Mem:0.00M, Peak:0.00M | Scene, ViewLayer | Synchronizing object | Layered shoulder fur.007
Fra:1 Mem:35.15M (Peak 35.15M) | Time:00:00.01 | Mem:0.00M, Peak:0.00M | Scene, ViewLayer | Synchronizing object | Ivory claw.007
Fra:1 Mem:35.15M (Peak 35.15M) | Time:00:00.01 | Mem:0.00M, Peak:0.00M | Scene, ViewLayer | Synchronizing object | Layered shoulder fur.006
Fra:1 Mem:35.17M (Peak 35.17M) | Time:00:00.01 | Mem:0.00M, Peak:0.00M | Scene, ViewLayer | Synchronizing object | Paw toe.008
Fra:1 Mem:35.16M (Peak 35.17M) | Time:00:00.01 | Mem:0.00M, Peak:0.00M | Scene, ViewLayer | Synchronizing object | Wrist fur.005
Fra:1 Mem:35.18M (Peak 35.18M) | Time:00:00.01 | Mem:0.00M, Peak:0.00M | Scene, ViewLayer | Synchronizing object | Ivory claw.008
Fra:1 Mem:35.18M (Peak 35.18M) | Time:00:00.01 | Mem:0.00M, Peak:0.00M | Scene, ViewLayer | Synchronizing object | Wrist fur.004
Fra:1 Mem:35.20M (Peak 35.20M) | Time:00:00.01 | Mem:0.00M, Peak:0.00M | Scene, ViewLayer | Synchronizing object | Paw toe.009
Fra:1 Mem:35.19M (Peak 35.20M) | Time:00:00.01 | Mem:0.00M, Peak:0.00M | Scene, ViewLayer | Synchronizing object | Wrist fur.003
Fra:1 Mem:35.21M (Peak 35.21M) | Time:00:00.01 | Mem:0.00M, Peak:0.00M | Scene, ViewLayer | Synchronizing object | Layered shoulder fur.005
Fra:1 Mem:35.21M (Peak 35.21M) | Time:00:00.01 | Mem:0.00M, Peak:0.00M | Scene, ViewLayer | Synchronizing object | Ivory claw.009
Fra:1 Mem:35.22M (Peak 35.22M) | Time:00:00.01 | Mem:0.00M, Peak:0.00M | Scene, ViewLayer | Synchronizing object | Layered shoulder fur.004
Fra:1 Mem:35.22M (Peak 35.22M) | Time:00:00.01 | Mem:0.00M, Peak:0.00M | Scene, ViewLayer | Synchronizing object | Paw toe.010
Fra:1 Mem:35.24M (Peak 35.24M) | Time:00:00.01 | Mem:0.00M, Peak:0.00M | Scene, ViewLayer | Synchronizing object | Layered shoulder fur.003
Fra:1 Mem:35.25M (Peak 35.25M) | Time:00:00.01 | Mem:0.00M, Peak:0.00M | Scene, ViewLayer | Synchronizing object | Ivory claw.010
Fra:1 Mem:35.25M (Peak 35.25M) | Time:00:00.01 | Mem:0.00M, Peak:0.00M | Scene, ViewLayer | Synchronizing object | Wrist fur.002
Fra:1 Mem:35.25M (Peak 35.25M) | Time:00:00.01 | Mem:0.00M, Peak:0.00M | Scene, ViewLayer | Synchronizing object | Paw toe.011
Fra:1 Mem:35.26M (Peak 35.26M) | Time:00:00.01 | Mem:0.00M, Peak:0.00M | Scene, ViewLayer | Synchronizing object | Wrist fur.001
Fra:1 Mem:35.28M (Peak 35.28M) | Time:00:00.01 | Mem:0.00M, Peak:0.00M | Scene, ViewLayer | Synchronizing object | Ivory claw.011
Fra:1 Mem:35.28M (Peak 35.28M) | Time:00:00.01 | Mem:0.00M, Peak:0.00M | Scene, ViewLayer | Synchronizing object | Wrist fur
Fra:1 Mem:35.28M (Peak 35.28M) | Time:00:00.01 | Mem:0.00M, Peak:0.00M | Scene, ViewLayer | Synchronizing object | Head • species sculpt
Fra:1 Mem:35.32M (Peak 35.32M) | Time:00:00.01 | Mem:0.00M, Peak:0.00M | Scene, ViewLayer | Synchronizing object | Layered shoulder fur.002
Fra:1 Mem:35.32M (Peak 35.32M) | Time:00:00.01 | Mem:0.00M, Peak:0.00M | Scene, ViewLayer | Synchronizing object | Layered shoulder fur.001
Fra:1 Mem:35.44M (Peak 35.44M) | Time:00:00.01 | Mem:0.00M, Peak:0.00M | Scene, ViewLayer | Synchronizing object | Layered shoulder fur
Fra:1 Mem:35.48M (Peak 35.48M) | Time:00:00.01 | Mem:0.00M, Peak:0.00M | Scene, ViewLayer | Synchronizing object | Sculpted mane lock.050
Fra:1 Mem:35.48M (Peak 35.48M) | Time:00:00.01 | Mem:0.00M, Peak:0.00M | Scene, ViewLayer | Synchronizing object | Sculpted mane lock.049
Fra:1 Mem:35.50M (Peak 35.50M) | Time:00:00.01 | Mem:0.00M, Peak:0.00M | Scene, ViewLayer | Synchronizing object | Sculpted mane lock.048
Fra:1 Mem:35.51M (Peak 35.51M) | Time:00:00.01 | Mem:0.00M, Peak:0.00M | Scene, ViewLayer | Synchronizing object | Sculpted mane lock.047
Fra:1 Mem:35.52M (Peak 35.52M) | Time:00:00.01 | Mem:0.00M, Peak:0.00M | Scene, ViewLayer | Synchronizing object | Sculpted mane lock.046
Fra:1 Mem:35.52M (Peak 35.52M) | Time:00:00.01 | Mem:0.00M, Peak:0.00M | Scene, ViewLayer | Synchronizing object | Sculpted mane lock.045
Fra:1 Mem:35.53M (Peak 35.53M) | Time:00:00.01 | Mem:0.00M, Peak:0.00M | Scene, ViewLayer | Synchronizing object | Sculpted mane lock.044
Fra:1 Mem:35.53M (Peak 35.53M) | Time:00:00.01 | Mem:0.00M, Peak:0.00M | Scene, ViewLayer | Synchronizing object | Sculpted mane lock.043
Fra:1 Mem:35.54M (Peak 35.54M) | Time:00:00.01 | Mem:0.00M, Peak:0.00M | Scene, ViewLayer | Synchronizing object | Sculpted mane lock.042
Fra:1 Mem:35.57M (Peak 35.57M) | Time:00:00.01 | Mem:0.00M, Peak:0.00M | Scene, ViewLayer | Synchronizing object | Sculpted mane lock.041
Fra:1 Mem:35.58M (Peak 35.58M) | Time:00:00.01 | Mem:0.00M, Peak:0.00M | Scene, ViewLayer | Synchronizing object | Sculpted mane lock.040
Fra:1 Mem:35.67M (Peak 35.67M) | Time:00:00.01 | Mem:0.00M, Peak:0.00M | Scene, ViewLayer | Synchronizing object | Sculpted mane lock.039
Fra:1 Mem:35.65M (Peak 35.67M) | Time:00:00.01 | Mem:0.00M, Peak:0.00M | Scene, ViewLayer | Synchronizing object | Cream muzzle pad
Fra:1 Mem:35.66M (Peak 35.67M) | Time:00:00.01 | Mem:0.00M, Peak:0.00M | Scene, ViewLayer | Synchronizing object | Sculpted mane lock.038
Fra:1 Mem:35.69M (Peak 35.69M) | Time:00:00.01 | Mem:0.00M, Peak:0.00M | Scene, ViewLayer | Synchronizing object | Sculpted mane lock.037
Fra:1 Mem:35.72M (Peak 35.72M) | Time:00:00.01 | Mem:0.00M, Peak:0.00M | Scene, ViewLayer | Synchronizing object | Sculpted mane lock.036
Fra:1 Mem:35.72M (Peak 35.72M) | Time:00:00.01 | Mem:0.00M, Peak:0.00M | Scene, ViewLayer | Synchronizing object | Cream muzzle pad.001
Fra:1 Mem:35.73M (Peak 35.73M) | Time:00:00.01 | Mem:0.00M, Peak:0.00M | Scene, ViewLayer | Synchronizing object | Sculpted mane lock.035
Fra:1 Mem:35.76M (Peak 35.76M) | Time:00:00.01 | Mem:0.00M, Peak:0.00M | Scene, ViewLayer | Synchronizing object | Sculpted mane lock.034
Fra:1 Mem:35.78M (Peak 35.78M) | Time:00:00.01 | Mem:0.00M, Peak:0.00M | Scene, ViewLayer | Synchronizing object | Sculpted mane lock.033
Fra:1 Mem:35.78M (Peak 35.78M) | Time:00:00.01 | Mem:0.00M, Peak:0.00M | Scene, ViewLayer | Synchronizing object | Heart shaped nose
Fra:1 Mem:35.79M (Peak 35.79M) | Time:00:00.01 | Mem:0.00M, Peak:0.00M | Scene, ViewLayer | Synchronizing object | Sculpted mane lock.032
Fra:1 Mem:35.79M (Peak 35.79M) | Time:00:00.01 | Mem:0.00M, Peak:0.00M | Scene, ViewLayer | Synchronizing object | Eye socket
Fra:1 Mem:35.82M (Peak 35.82M) | Time:00:00.01 | Mem:0.00M, Peak:0.00M | Scene, ViewLayer | Synchronizing object | Sculpted mane lock.031
Fra:1 Mem:35.84M (Peak 35.84M) | Time:00:00.01 | Mem:0.00M, Peak:0.00M | Scene, ViewLayer | Synchronizing object | Sculpted mane lock.030
Fra:1 Mem:35.85M (Peak 35.85M) | Time:00:00.01 | Mem:0.00M, Peak:0.00M | Scene, ViewLayer | Synchronizing object | Ivory eye
Fra:1 Mem:35.86M (Peak 35.86M) | Time:00:00.01 | Mem:0.00M, Peak:0.00M | Scene, ViewLayer | Synchronizing object | Sculpted mane lock.029
Fra:1 Mem:35.89M (Peak 35.89M) | Time:00:00.01 | Mem:0.00M, Peak:0.00M | Scene, ViewLayer | Synchronizing object | Sculpted mane lock.028
Fra:1 Mem:35.91M (Peak 35.91M) | Time:00:00.01 | Mem:0.00M, Peak:0.00M | Scene, ViewLayer | Synchronizing object | Sculpted mane lock.027
Fra:1 Mem:35.91M (Peak 35.91M) | Time:00:00.01 | Mem:0.00M, Peak:0.00M | Scene, ViewLayer | Synchronizing object | Iris
Fra:1 Mem:35.91M (Peak 35.91M) | Time:00:00.01 | Mem:0.00M, Peak:0.00M | Scene, ViewLayer | Synchronizing object | Sculpted mane lock.026
Fra:1 Mem:35.95M (Peak 35.95M) | Time:00:00.01 | Mem:0.00M, Peak:0.00M | Scene, ViewLayer | Synchronizing object | Sculpted mane lock.025
Fra:1 Mem:35.96M (Peak 35.96M) | Time:00:00.01 | Mem:0.00M, Peak:0.00M | Scene, ViewLayer | Synchronizing object | Pupil
Fra:1 Mem:35.96M (Peak 35.96M) | Time:00:00.01 | Mem:0.00M, Peak:0.00M | Scene, ViewLayer | Synchronizing object | Sculpted mane lock.024
Fra:1 Mem:35.99M (Peak 35.99M) | Time:00:00.01 | Mem:0.00M, Peak:0.00M | Scene, ViewLayer | Synchronizing object | Sculpted mane lock.023
Fra:1 Mem:36.01M (Peak 36.01M) | Time:00:00.01 | Mem:0.00M, Peak:0.00M | Scene, ViewLayer | Synchronizing object | Eye glint
Fra:1 Mem:36.01M (Peak 36.01M) | Time:00:00.01 | Mem:0.00M, Peak:0.00M | Scene, ViewLayer | Synchronizing object | Sculpted mane lock.022
Fra:1 Mem:36.01M (Peak 36.01M) | Time:00:00.01 | Mem:0.00M, Peak:0.00M | Scene, ViewLayer | Synchronizing object | Expressive brow
Fra:1 Mem:36.02M (Peak 36.02M) | Time:00:00.01 | Mem:0.00M, Peak:0.00M | Scene, ViewLayer | Synchronizing object | Sculpted mane lock.021
Fra:1 Mem:36.02M (Peak 36.02M) | Time:00:00.01 | Mem:0.00M, Peak:0.00M | Scene, ViewLayer | Synchronizing object | Smiling mouth
Fra:1 Mem:36.03M (Peak 36.03M) | Time:00:00.01 | Mem:0.00M, Peak:0.00M | Scene, ViewLayer | Synchronizing object | Sculpted mane lock.020
Fra:1 Mem:36.03M (Peak 36.03M) | Time:00:00.01 | Mem:0.00M, Peak:0.00M | Scene, ViewLayer | Synchronizing object | Whisker pore
Fra:1 Mem:36.04M (Peak 36.04M) | Time:00:00.01 | Mem:0.00M, Peak:0.00M | Scene, ViewLayer | Synchronizing object | Sculpted mane lock.019
Fra:1 Mem:36.04M (Peak 36.04M) | Time:00:00.01 | Mem:0.00M, Peak:0.00M | Scene, ViewLayer | Synchronizing object | Whisker pore.001
Fra:1 Mem:36.05M (Peak 36.05M) | Time:00:00.01 | Mem:0.00M, Peak:0.00M | Scene, ViewLayer | Synchronizing object | Sculpted mane lock.018
Fra:1 Mem:36.07M (Peak 36.07M) | Time:00:00.01 | Mem:0.00M, Peak:0.00M | Scene, ViewLayer | Synchronizing object | Whisker pore.002
Fra:1 Mem:36.06M (Peak 36.07M) | Time:00:00.01 | Mem:0.00M, Peak:0.00M | Scene, ViewLayer | Synchronizing object | Sculpted mane lock.017
Fra:1 Mem:36.07M (Peak 36.07M) | Time:00:00.01 | Mem:0.00M, Peak:0.00M | Scene, ViewLayer | Synchronizing object | Eye socket.001
Fra:1 Mem:36.07M (Peak 36.07M) | Time:00:00.01 | Mem:0.00M, Peak:0.00M | Scene, ViewLayer | Synchronizing object | Sculpted mane lock.016
Fra:1 Mem:36.11M (Peak 36.11M) | Time:00:00.01 | Mem:0.00M, Peak:0.00M | Scene, ViewLayer | Synchronizing object | Sculpted mane lock.015
Fra:1 Mem:36.14M (Peak 36.14M) | Time:00:00.01 | Mem:0.00M, Peak:0.00M | Scene, ViewLayer | Synchronizing object | Sculpted mane lock.014
Fra:1 Mem:36.14M (Peak 36.14M) | Time:00:00.01 | Mem:0.00M, Peak:0.00M | Scene, ViewLayer | Synchronizing object | Ivory eye.001
Fra:1 Mem:36.15M (Peak 36.15M) | Time:00:00.01 | Mem:0.00M, Peak:0.00M | Scene, ViewLayer | Synchronizing object | Sculpted mane lock.013
Fra:1 Mem:36.18M (Peak 36.18M) | Time:00:00.01 | Mem:0.00M, Peak:0.00M | Scene, ViewLayer | Synchronizing object | Sculpted mane lock.012
Fra:1 Mem:36.19M (Peak 36.19M) | Time:00:00.01 | Mem:0.00M, Peak:0.00M | Scene, ViewLayer | Synchronizing object | Iris.001
Fra:1 Mem:36.20M (Peak 36.20M) | Time:00:00.01 | Mem:0.00M, Peak:0.00M | Scene, ViewLayer | Synchronizing object | Sculpted mane lock.011
Fra:1 Mem:36.23M (Peak 36.23M) | Time:00:00.01 | Mem:0.00M, Peak:0.00M | Scene, ViewLayer | Synchronizing object | Sculpted mane lock.010
Fra:1 Mem:36.24M (Peak 36.24M) | Time:00:00.01 | Mem:0.00M, Peak:0.00M | Scene, ViewLayer | Synchronizing object | Pupil.001
Fra:1 Mem:36.24M (Peak 36.24M) | Time:00:00.01 | Mem:0.00M, Peak:0.00M | Scene, ViewLayer | Synchronizing object | Sculpted mane lock.009
Fra:1 Mem:36.27M (Peak 36.27M) | Time:00:00.02 | Mem:0.00M, Peak:0.00M | Scene, ViewLayer | Synchronizing object | Sculpted mane lock.008
Fra:1 Mem:36.27M (Peak 36.27M) | Time:00:00.02 | Mem:0.00M, Peak:0.00M | Scene, ViewLayer | Synchronizing object | Eye glint.001
Fra:1 Mem:36.29M (Peak 36.29M) | Time:00:00.02 | Mem:0.00M, Peak:0.00M | Scene, ViewLayer | Synchronizing object | Sculpted mane lock.007
Fra:1 Mem:36.30M (Peak 36.30M) | Time:00:00.02 | Mem:0.00M, Peak:0.00M | Scene, ViewLayer | Synchronizing object | Expressive brow.001
Fra:1 Mem:36.30M (Peak 36.30M) | Time:00:00.02 | Mem:0.00M, Peak:0.00M | Scene, ViewLayer | Synchronizing object | Sculpted mane lock.006
Fra:1 Mem:36.30M (Peak 36.30M) | Time:00:00.02 | Mem:0.00M, Peak:0.00M | Scene, ViewLayer | Synchronizing object | Smiling mouth.001
Fra:1 Mem:36.31M (Peak 36.31M) | Time:00:00.02 | Mem:0.00M, Peak:0.00M | Scene, ViewLayer | Synchronizing object | Sculpted mane lock.005
Fra:1 Mem:36.31M (Peak 36.31M) | Time:00:00.02 | Mem:0.00M, Peak:0.00M | Scene, ViewLayer | Synchronizing object | Whisker pore.003
Fra:1 Mem:36.32M (Peak 36.32M) | Time:00:00.02 | Mem:0.00M, Peak:0.00M | Scene, ViewLayer | Synchronizing object | Sculpted mane lock.004
Fra:1 Mem:36.32M (Peak 36.32M) | Time:00:00.02 | Mem:0.00M, Peak:0.00M | Scene, ViewLayer | Synchronizing object | Whisker pore.004
Fra:1 Mem:36.33M (Peak 36.33M) | Time:00:00.02 | Mem:0.00M, Peak:0.00M | Scene, ViewLayer | Synchronizing object | Sculpted mane lock.003
Fra:1 Mem:36.35M (Peak 36.35M) | Time:00:00.02 | Mem:0.00M, Peak:0.00M | Scene, ViewLayer | Synchronizing object | Whisker pore.005
Fra:1 Mem:36.34M (Peak 36.35M) | Time:00:00.02 | Mem:0.00M, Peak:0.00M | Scene, ViewLayer | Synchronizing object | Sculpted mane lock.002
Fra:1 Mem:36.35M (Peak 36.35M) | Time:00:00.02 | Mem:0.00M, Peak:0.00M | Scene, ViewLayer | Synchronizing object | Lower jaw
Fra:1 Mem:36.36M (Peak 36.36M) | Time:00:00.02 | Mem:0.00M, Peak:0.00M | Scene, ViewLayer | Synchronizing object | Sculpted mane lock.001
Fra:1 Mem:36.39M (Peak 36.39M) | Time:00:00.02 | Mem:0.00M, Peak:0.00M | Scene, ViewLayer | Synchronizing object | Sculpted mane lock
Fra:1 Mem:36.41M (Peak 36.41M) | Time:00:00.02 | Mem:0.00M, Peak:0.00M | Scene, ViewLayer | Synchronizing object | Mouth cavity
Fra:1 Mem:36.41M (Peak 36.41M) | Time:00:00.02 | Mem:0.00M, Peak:0.00M | Scene, ViewLayer | Synchronizing object | Layered rear mane lock.022
Fra:1 Mem:36.44M (Peak 36.44M) | Time:00:00.02 | Mem:0.00M, Peak:0.00M | Scene, ViewLayer | Synchronizing object | Layered rear mane lock.021
Fra:1 Mem:36.44M (Peak 36.44M) | Time:00:00.02 | Mem:0.00M, Peak:0.00M | Scene, ViewLayer | Synchronizing object | Lower canine
Fra:1 Mem:36.46M (Peak 36.46M) | Time:00:00.02 | Mem:0.00M, Peak:0.00M | Scene, ViewLayer | Synchronizing object | Layered rear mane lock.020
Fra:1 Mem:36.45M (Peak 36.46M) | Time:00:00.02 | Mem:0.00M, Peak:0.00M | Scene, ViewLayer | Synchronizing object | Lower canine.001
Fra:1 Mem:36.47M (Peak 36.47M) | Time:00:00.02 | Mem:0.00M, Peak:0.00M | Scene, ViewLayer | Synchronizing object | Layered rear mane lock.019
Fra:1 Mem:36.46M (Peak 36.47M) | Time:00:00.02 | Mem:0.00M, Peak:0.00M | Scene, ViewLayer | Synchronizing object | Rounded lion ear
Fra:1 Mem:36.46M (Peak 36.47M) | Time:00:00.02 | Mem:0.00M, Peak:0.00M | Scene, ViewLayer | Synchronizing object | Layered rear mane lock.018
Fra:1 Mem:36.49M (Peak 36.49M) | Time:00:00.02 | Mem:0.00M, Peak:0.00M | Scene, ViewLayer | Synchronizing object | Layered rear mane lock.017
Fra:1 Mem:36.51M (Peak 36.51M) | Time:00:00.02 | Mem:0.00M, Peak:0.00M | Scene, ViewLayer | Synchronizing object | Layered rear mane lock.016
Fra:1 Mem:36.52M (Peak 36.52M) | Time:00:00.02 | Mem:0.00M, Peak:0.00M | Scene, ViewLayer | Synchronizing object | Inner lion ear
Fra:1 Mem:36.53M (Peak 36.53M) | Time:00:00.02 | Mem:0.00M, Peak:0.00M | Scene, ViewLayer | Synchronizing object | Layered rear mane lock.015
Fra:1 Mem:36.56M (Peak 36.56M) | Time:00:00.02 | Mem:0.00M, Peak:0.00M | Scene, ViewLayer | Synchronizing object | Layered rear mane lock.014
Fra:1 Mem:36.58M (Peak 36.58M) | Time:00:00.02 | Mem:0.00M, Peak:0.00M | Scene, ViewLayer | Synchronizing object | Rounded lion ear.001
Fra:1 Mem:36.58M (Peak 36.58M) | Time:00:00.02 | Mem:0.00M, Peak:0.00M | Scene, ViewLayer | Synchronizing object | Layered rear mane lock.013
Fra:1 Mem:36.58M (Peak 36.58M) | Time:00:00.02 | Mem:0.00M, Peak:0.00M | Scene, ViewLayer | Synchronizing object | Layered rear mane lock.012
Fra:1 Mem:36.61M (Peak 36.61M) | Time:00:00.02 | Mem:0.00M, Peak:0.00M | Scene, ViewLayer | Synchronizing object | Layered rear mane lock.011
Fra:1 Mem:36.62M (Peak 36.62M) | Time:00:00.02 | Mem:0.00M, Peak:0.00M | Scene, ViewLayer | Synchronizing object | Layered rear mane lock.010
Fra:1 Mem:36.64M (Peak 36.64M) | Time:00:00.02 | Mem:0.00M, Peak:0.00M | Scene, ViewLayer | Synchronizing object | Inner lion ear.001
Fra:1 Mem:36.64M (Peak 36.64M) | Time:00:00.02 | Mem:0.00M, Peak:0.00M | Scene, ViewLayer | Synchronizing object | Layered rear mane lock.009
Fra:1 Mem:36.67M (Peak 36.67M) | Time:00:00.02 | Mem:0.00M, Peak:0.00M | Scene, ViewLayer | Synchronizing object | Layered rear mane lock.008
Fra:1 Mem:36.68M (Peak 36.68M) | Time:00:00.02 | Mem:0.00M, Peak:0.00M | Scene, ViewLayer | Synchronizing object | Closed sculpted rear mane cap
Fra:1 Mem:36.69M (Peak 36.69M) | Time:00:00.02 | Mem:0.00M, Peak:0.00M | Scene, ViewLayer | Synchronizing object | Layered rear mane lock.007
Fra:1 Mem:36.71M (Peak 36.71M) | Time:00:00.02 | Mem:0.00M, Peak:0.00M | Scene, ViewLayer | Synchronizing object | Layered rear mane lock.006
Fra:1 Mem:36.72M (Peak 36.72M) | Time:00:00.02 | Mem:0.00M, Peak:0.00M | Scene, ViewLayer | Synchronizing object | Layered rear mane lock
Fra:1 Mem:36.73M (Peak 36.73M) | Time:00:00.02 | Mem:0.00M, Peak:0.00M | Scene, ViewLayer | Synchronizing object | Layered rear mane lock.005
Fra:1 Mem:36.74M (Peak 36.74M) | Time:00:00.02 | Mem:0.00M, Peak:0.00M | Scene, ViewLayer | Synchronizing object | Layered rear mane lock.001
Fra:1 Mem:36.74M (Peak 36.74M) | Time:00:00.02 | Mem:0.00M, Peak:0.00M | Scene, ViewLayer | Synchronizing object | Layered rear mane lock.004
Fra:1 Mem:36.75M (Peak 36.75M) | Time:00:00.02 | Mem:0.00M, Peak:0.00M | Scene, ViewLayer | Synchronizing object | Layered rear mane lock.002
Fra:1 Mem:36.75M (Peak 36.75M) | Time:00:00.02 | Mem:0.00M, Peak:0.00M | Scene, ViewLayer | Synchronizing object | Layered rear mane lock.003
Fra:1 Mem:36.76M (Peak 36.76M) | Time:00:00.02 | Mem:0.00M, Peak:0.00M | Scene, ViewLayer | Initializing
Fra:1 Mem:34.29M (Peak 36.76M) | Time:00:00.02 | Mem:0.00M, Peak:0.00M | Scene, ViewLayer | Updating Images | Loading Authored short-fur normal
Fra:1 Mem:28.61M (Peak 36.76M) | Time:00:00.02 | Mem:0.25M, Peak:0.25M | Scene, ViewLayer | Waiting for render to start
Fra:1 Mem:28.61M (Peak 36.76M) | Time:00:00.02 | Mem:0.25M, Peak:0.25M | Scene, ViewLayer | Updating Scene
Fra:1 Mem:28.61M (Peak 36.76M) | Time:00:00.02 | Mem:0.25M, Peak:0.25M | Scene, ViewLayer | Updating Shaders
Fra:1 Mem:28.61M (Peak 36.76M) | Time:00:00.02 | Mem:0.25M, Peak:0.25M | Scene, ViewLayer | Loading render kernels (may take a few minutes the first time)
Fra:1 Mem:28.70M (Peak 36.76M) | Time:00:00.03 | Mem:0.26M, Peak:0.26M | Scene, ViewLayer | Updating Procedurals
Fra:1 Mem:28.70M (Peak 36.76M) | Time:00:00.03 | Mem:0.26M, Peak:0.26M | Scene, ViewLayer | Updating Background
Fra:1 Mem:28.70M (Peak 36.76M) | Time:00:00.03 | Mem:0.26M, Peak:0.26M | Scene, ViewLayer | Updating Camera
Fra:1 Mem:28.70M (Peak 36.76M) | Time:00:00.03 | Mem:0.26M, Peak:0.26M | Scene, ViewLayer | Updating Meshes Flags
Fra:1 Mem:28.70M (Peak 36.76M) | Time:00:00.03 | Mem:0.26M, Peak:0.26M | Scene, ViewLayer | Updating Objects
Fra:1 Mem:28.70M (Peak 36.76M) | Time:00:00.03 | Mem:0.26M, Peak:0.26M | Scene, ViewLayer | Updating Objects | Copying Transformations to device
Fra:1 Mem:28.74M (Peak 36.76M) | Time:00:00.03 | Mem:0.30M, Peak:0.30M | Scene, ViewLayer | Updating Particle Systems
Fra:1 Mem:28.74M (Peak 36.76M) | Time:00:00.03 | Mem:0.30M, Peak:0.30M | Scene, ViewLayer | Updating Particle Systems | Copying Particles to device
Fra:1 Mem:28.74M (Peak 36.76M) | Time:00:00.03 | Mem:0.30M, Peak:0.30M | Scene, ViewLayer | Updating Meshes
Fra:1 Mem:29.86M (Peak 36.76M) | Time:00:00.03 | Mem:0.30M, Peak:0.30M | Scene, ViewLayer | Updating Objects | Applying Static Transformations
Fra:1 Mem:29.86M (Peak 36.76M) | Time:00:00.03 | Mem:0.30M, Peak:0.30M | Scene, ViewLayer | Updating Mesh | Computing attributes
Fra:1 Mem:31.44M (Peak 36.76M) | Time:00:00.03 | Mem:0.32M, Peak:0.32M | Scene, ViewLayer | Updating Mesh | Copying Attributes to device
Fra:1 Mem:31.41M (Peak 36.76M) | Time:00:00.03 | Mem:1.84M, Peak:1.84M | Scene, ViewLayer | Updating Scene BVH | Building
Fra:1 Mem:31.41M (Peak 36.76M) | Time:00:00.03 | Mem:1.84M, Peak:1.84M | Scene, ViewLayer | Updating Scene BVH | Building BVH
Fra:1 Mem:31.41M (Peak 36.76M) | Time:00:00.04 | Mem:2.59M, Peak:2.59M | Scene, ViewLayer | Updating Scene BVH | Building BVH 0%
Fra:1 Mem:31.41M (Peak 36.76M) | Time:00:00.04 | Mem:3.40M, Peak:4.14M | Scene, ViewLayer | Updating Scene BVH | Copying BVH to device
Fra:1 Mem:31.41M (Peak 36.76M) | Time:00:00.04 | Mem:3.40M, Peak:4.14M | Scene, ViewLayer | Updating Mesh | Computing normals
Fra:1 Mem:32.08M (Peak 36.76M) | Time:00:00.04 | Mem:3.40M, Peak:4.14M | Scene, ViewLayer | Updating Mesh | Copying Mesh to device
Fra:1 Mem:32.08M (Peak 36.76M) | Time:00:00.04 | Mem:4.06M, Peak:4.14M | Scene, ViewLayer | Updating Objects Flags
Fra:1 Mem:32.08M (Peak 36.76M) | Time:00:00.04 | Mem:4.06M, Peak:4.14M | Scene, ViewLayer | Updating Primitive Offsets
Fra:1 Mem:32.08M (Peak 36.76M) | Time:00:00.04 | Mem:4.06M, Peak:4.14M | Scene, ViewLayer | Updating Images
Fra:1 Mem:32.08M (Peak 36.76M) | Time:00:00.04 | Mem:4.06M, Peak:4.14M | Scene, ViewLayer | Updating Camera Volume
Fra:1 Mem:32.08M (Peak 36.76M) | Time:00:00.04 | Mem:4.06M, Peak:4.14M | Scene, ViewLayer | Updating Lookup Tables
Fra:1 Mem:32.08M (Peak 36.76M) | Time:00:00.04 | Mem:4.14M, Peak:4.14M | Scene, ViewLayer | Updating Lights
Fra:1 Mem:32.08M (Peak 36.76M) | Time:00:00.04 | Mem:4.14M, Peak:4.14M | Scene, ViewLayer | Updating Lights | Computing tree
Fra:1 Mem:32.08M (Peak 36.76M) | Time:00:00.04 | Mem:4.15M, Peak:4.15M | Scene, ViewLayer | Updating Integrator
Fra:1 Mem:32.08M (Peak 36.76M) | Time:00:00.04 | Mem:4.15M, Peak:4.15M | Scene, ViewLayer | Updating Film
Fra:1 Mem:32.08M (Peak 36.76M) | Time:00:00.04 | Mem:4.07M, Peak:4.15M | Scene, ViewLayer | Updating Lookup Tables
Fra:1 Mem:32.08M (Peak 36.76M) | Time:00:00.04 | Mem:4.15M, Peak:4.15M | Scene, ViewLayer | Updating Baking
Fra:1 Mem:32.08M (Peak 36.76M) | Time:00:00.04 | Mem:4.15M, Peak:4.15M | Scene, ViewLayer | Updating Device | Writing constant memory
Fra:1 Mem:32.09M (Peak 36.76M) | Time:00:00.04 | Mem:4.15M, Peak:4.15M | Scene, ViewLayer | Loading denoising kernels (may take a few minutes the first time)
Fra:1 Mem:32.09M (Peak 36.76M) | Time:00:00.04 | Mem:4.15M, Peak:4.15M | Scene, ViewLayer | Sample 0/20
Fra:1 Mem:51.11M (Peak 51.11M) | Time:00:00.10 | Remaining:00:01.23 | Mem:23.16M, Peak:23.16M | Scene, ViewLayer | Sample 1/20
Fra:1 Mem:59.11M (Peak 71.12M) | Time:00:02.26 | Mem:23.16M, Peak:23.16M | Scene, ViewLayer | Sample 20/20
Fra:1 Mem:59.11M (Peak 71.12M) | Time:00:02.26 | Mem:23.16M, Peak:23.16M | Scene, ViewLayer | Finished
Saved: '/Users/chikumatsuboi/Code/animal-racers-western/assets/source/western/revision2/qa/lion/race/control-material.png'
Time: 00:02.33 (Saving: 00:00.07)

REVISION2_MATERIAL_PROOF lion race control
Read blend: "/Users/chikumatsuboi/Code/animal-racers-western/assets/source/western/revision2/candidate/lion.blend"
Fra:1 Mem:31.08M (Peak 31.08M) | Time:00:00.00 | Mem:0.00M, Peak:0.00M | Scene, ViewLayer | Synchronizing object | Body • continuous sculpted skin
Fra:1 Mem:31.56M (Peak 31.56M) | Time:00:00.00 | Mem:0.00M, Peak:0.00M | Scene, ViewLayer | Synchronizing object | Paw toe
Fra:1 Mem:31.58M (Peak 31.58M) | Time:00:00.00 | Mem:0.00M, Peak:0.00M | Scene, ViewLayer | Synchronizing object | Ivory claw
Fra:1 Mem:31.59M (Peak 31.59M) | Time:00:00.00 | Mem:0.00M, Peak:0.00M | Scene, ViewLayer | Synchronizing object | Paw toe.001
Fra:1 Mem:31.61M (Peak 31.61M) | Time:00:00.00 | Mem:0.00M, Peak:0.00M | Scene, ViewLayer | Synchronizing object | Ivory claw.001
Fra:1 Mem:31.61M (Peak 31.61M) | Time:00:00.00 | Mem:0.00M, Peak:0.00M | Scene, ViewLayer | Synchronizing object | Paw toe.002
Fra:1 Mem:31.63M (Peak 31.63M) | Time:00:00.00 | Mem:0.00M, Peak:0.00M | Scene, ViewLayer | Synchronizing object | Ivory claw.002
Fra:1 Mem:31.63M (Peak 31.63M) | Time:00:00.00 | Mem:0.00M, Peak:0.00M | Scene, ViewLayer | Synchronizing object | Paw toe.003
Fra:1 Mem:31.66M (Peak 31.66M) | Time:00:00.00 | Mem:0.00M, Peak:0.00M | Scene, ViewLayer | Synchronizing object | Ivory claw.003
Fra:1 Mem:31.66M (Peak 31.66M) | Time:00:00.00 | Mem:0.00M, Peak:0.00M | Scene, ViewLayer | Synchronizing object | Paw toe.004
Fra:1 Mem:31.68M (Peak 31.68M) | Time:00:00.00 | Mem:0.00M, Peak:0.00M | Scene, ViewLayer | Synchronizing object | Ivory claw.004
Fra:1 Mem:31.68M (Peak 31.68M) | Time:00:00.00 | Mem:0.00M, Peak:0.00M | Scene, ViewLayer | Synchronizing object | Matched softbox.002
Fra:1 Mem:31.68M (Peak 31.68M) | Time:00:00.00 | Mem:0.00M, Peak:0.00M | Scene, ViewLayer | Synchronizing object | Matched softbox.001
Fra:1 Mem:31.69M (Peak 31.69M) | Time:00:00.00 | Mem:0.00M, Peak:0.00M | Scene, ViewLayer | Synchronizing object | Matched softbox
Fra:1 Mem:31.69M (Peak 31.69M) | Time:00:00.00 | Mem:0.00M, Peak:0.00M | Scene, ViewLayer | Synchronizing object | R2 connected breast ruff
Fra:1 Mem:31.75M (Peak 31.75M) | Time:00:00.00 | Mem:0.00M, Peak:0.00M | Scene, ViewLayer | Synchronizing object | Ivory claw.005
Fra:1 Mem:31.77M (Peak 31.77M) | Time:00:00.00 | Mem:0.00M, Peak:0.00M | Scene, ViewLayer | Synchronizing object | Paw toe.006
Fra:1 Mem:31.80M (Peak 31.80M) | Time:00:00.00 | Mem:0.00M, Peak:0.00M | Scene, ViewLayer | Synchronizing object | R2 continuous chest ruff flow.003
Fra:1 Mem:31.81M (Peak 31.81M) | Time:00:00.00 | Mem:0.00M, Peak:0.00M | Scene, ViewLayer | Synchronizing object | Ivory claw.006
Fra:1 Mem:31.83M (Peak 31.83M) | Time:00:00.00 | Mem:0.00M, Peak:0.00M | Scene, ViewLayer | Synchronizing object | Paw toe.007
Fra:1 Mem:31.84M (Peak 31.84M) | Time:00:00.00 | Mem:0.00M, Peak:0.00M | Scene, ViewLayer | Synchronizing object | R2 continuous chest ruff flow.002
Fra:1 Mem:31.87M (Peak 31.87M) | Time:00:00.00 | Mem:0.00M, Peak:0.00M | Scene, ViewLayer | Synchronizing object | Ivory claw.007
Fra:1 Mem:31.88M (Peak 31.88M) | Time:00:00.00 | Mem:0.00M, Peak:0.00M | Scene, ViewLayer | Synchronizing object | R2 dorsal swept layer.009
Fra:1 Mem:31.89M (Peak 31.89M) | Time:00:00.00 | Mem:0.00M, Peak:0.00M | Scene, ViewLayer | Synchronizing object | Paw toe.008
Fra:1 Mem:31.92M (Peak 31.92M) | Time:00:00.00 | Mem:0.00M, Peak:0.00M | Scene, ViewLayer | Synchronizing object | Ivory claw.008
Fra:1 Mem:31.93M (Peak 31.93M) | Time:00:00.00 | Mem:0.00M, Peak:0.00M | Scene, ViewLayer | Synchronizing object | R2 dorsal swept layer.008
Fra:1 Mem:31.93M (Peak 31.93M) | Time:00:00.00 | Mem:0.00M, Peak:0.00M | Scene, ViewLayer | Synchronizing object | Paw toe.009
Fra:1 Mem:31.96M (Peak 31.96M) | Time:00:00.00 | Mem:0.00M, Peak:0.00M | Scene, ViewLayer | Synchronizing object | R2 dorsal swept layer.007
Fra:1 Mem:31.97M (Peak 31.97M) | Time:00:00.00 | Mem:0.00M, Peak:0.00M | Scene, ViewLayer | Synchronizing object | Ivory claw.009
Fra:1 Mem:31.99M (Peak 31.99M) | Time:00:00.00 | Mem:0.00M, Peak:0.00M | Scene, ViewLayer | Synchronizing object | R2 dorsal swept layer.006
Fra:1 Mem:32.01M (Peak 32.01M) | Time:00:00.00 | Mem:0.00M, Peak:0.00M | Scene, ViewLayer | Synchronizing object | Paw toe.010
Fra:1 Mem:32.02M (Peak 32.02M) | Time:00:00.00 | Mem:0.00M, Peak:0.00M | Scene, ViewLayer | Synchronizing object | R2 dorsal swept layer.005
Fra:1 Mem:32.03M (Peak 32.03M) | Time:00:00.00 | Mem:0.00M, Peak:0.00M | Scene, ViewLayer | Synchronizing object | Ivory claw.010
Fra:1 Mem:32.05M (Peak 32.05M) | Time:00:00.00 | Mem:0.00M, Peak:0.00M | Scene, ViewLayer | Synchronizing object | Paw toe.011
Fra:1 Mem:32.07M (Peak 32.07M) | Time:00:00.00 | Mem:0.00M, Peak:0.00M | Scene, ViewLayer | Synchronizing object | R2 secondary fur blade.015
Fra:1 Mem:32.09M (Peak 32.09M) | Time:00:00.00 | Mem:0.00M, Peak:0.00M | Scene, ViewLayer | Synchronizing object | Ivory claw.011
Fra:1 Mem:32.10M (Peak 32.10M) | Time:00:00.00 | Mem:0.00M, Peak:0.00M | Scene, ViewLayer | Synchronizing object | R2 flowing cheek and nape primary.015
Fra:1 Mem:32.11M (Peak 32.11M) | Time:00:00.00 | Mem:0.00M, Peak:0.00M | Scene, ViewLayer | Synchronizing object | Articulated tail
Fra:1 Mem:32.14M (Peak 32.14M) | Time:00:00.00 | Mem:0.00M, Peak:0.00M | Scene, ViewLayer | Synchronizing object | R2 secondary fur blade.014
Fra:1 Mem:32.16M (Peak 32.16M) | Time:00:00.00 | Mem:0.00M, Peak:0.00M | Scene, ViewLayer | Synchronizing object | Flame tail tuft
Fra:1 Mem:32.17M (Peak 32.17M) | Time:00:00.00 | Mem:0.00M, Peak:0.00M | Scene, ViewLayer | Synchronizing object | R2 flowing cheek and nape primary.014
Fra:1 Mem:32.18M (Peak 32.18M) | Time:00:00.00 | Mem:0.00M, Peak:0.00M | Scene, ViewLayer | Synchronizing object | Flame tail tuft.001
Fra:1 Mem:32.20M (Peak 32.20M) | Time:00:00.00 | Mem:0.00M, Peak:0.00M | Scene, ViewLayer | Synchronizing object | R2 secondary fur blade.013
Fra:1 Mem:32.22M (Peak 32.22M) | Time:00:00.00 | Mem:0.00M, Peak:0.00M | Scene, ViewLayer | Synchronizing object | Flame tail tuft.002
Fra:1 Mem:32.22M (Peak 32.22M) | Time:00:00.00 | Mem:0.00M, Peak:0.00M | Scene, ViewLayer | Synchronizing object | R2 flowing cheek and nape primary.013
Fra:1 Mem:32.24M (Peak 32.24M) | Time:00:00.00 | Mem:0.00M, Peak:0.00M | Scene, ViewLayer | Synchronizing object | Flame tail tuft.003
Fra:1 Mem:32.25M (Peak 32.25M) | Time:00:00.00 | Mem:0.00M, Peak:0.00M | Scene, ViewLayer | Synchronizing object | R2 secondary fur blade.012
Fra:1 Mem:32.26M (Peak 32.26M) | Time:00:00.00 | Mem:0.00M, Peak:0.00M | Scene, ViewLayer | Synchronizing object | Flame tail tuft.004
Fra:1 Mem:32.27M (Peak 32.27M) | Time:00:00.00 | Mem:0.00M, Peak:0.00M | Scene, ViewLayer | Synchronizing object | R2 flowing cheek and nape primary.012
Fra:1 Mem:32.29M (Peak 32.29M) | Time:00:00.00 | Mem:0.00M, Peak:0.00M | Scene, ViewLayer | Synchronizing object | Flame tail tuft.005
Fra:1 Mem:32.30M (Peak 32.30M) | Time:00:00.00 | Mem:0.00M, Peak:0.00M | Scene, ViewLayer | Synchronizing object | Flame tail tuft.006
Fra:1 Mem:32.31M (Peak 32.31M) | Time:00:00.00 | Mem:0.00M, Peak:0.00M | Scene, ViewLayer | Synchronizing object | R2 secondary fur blade.011
Fra:1 Mem:32.32M (Peak 32.32M) | Time:00:00.00 | Mem:0.00M, Peak:0.00M | Scene, ViewLayer | Synchronizing object | Leather neckerchief roll
Fra:1 Mem:32.33M (Peak 32.33M) | Time:00:00.00 | Mem:0.00M, Peak:0.00M | Scene, ViewLayer | Synchronizing object | R2 flowing cheek and nape primary.011
Fra:1 Mem:32.35M (Peak 32.35M) | Time:00:00.00 | Mem:0.00M, Peak:0.00M | Scene, ViewLayer | Synchronizing object | Neckerchief folded point
Fra:1 Mem:32.36M (Peak 32.36M) | Time:00:00.00 | Mem:0.00M, Peak:0.00M | Scene, ViewLayer | Synchronizing object | R2 secondary fur blade.010
Fra:1 Mem:32.37M (Peak 32.37M) | Time:00:00.00 | Mem:0.00M, Peak:0.00M | Scene, ViewLayer | Synchronizing object | Brass crest clasp
Fra:1 Mem:32.40M (Peak 32.40M) | Time:00:00.00 | Mem:0.00M, Peak:0.00M | Scene, ViewLayer | Synchronizing object | R2 flowing cheek and nape primary.010
Fra:1 Mem:32.42M (Peak 32.42M) | Time:00:00.00 | Mem:0.00M, Peak:0.00M | Scene, ViewLayer | Synchronizing object | Raised elemental crest
Fra:1 Mem:32.43M (Peak 32.43M) | Time:00:00.00 | Mem:0.00M, Peak:0.00M | Scene, ViewLayer | Synchronizing object | R2 secondary fur blade.009
Fra:1 Mem:32.44M (Peak 32.44M) | Time:00:00.00 | Mem:0.00M, Peak:0.00M | Scene, ViewLayer | Synchronizing object | R2 connected orbital skull and species muzzle
Fra:1 Mem:32.49M (Peak 32.49M) | Time:00:00.00 | Mem:0.00M, Peak:0.00M | Scene, ViewLayer | Synchronizing object | R2 flowing cheek and nape primary.009
Fra:1 Mem:32.69M (Peak 32.69M) | Time:00:00.00 | Mem:0.00M, Peak:0.00M | Scene, ViewLayer | Synchronizing object | R2 secondary fur blade.008
Fra:1 Mem:32.72M (Peak 32.72M) | Time:00:00.00 | Mem:0.00M, Peak:0.00M | Scene, ViewLayer | Synchronizing object | R2 flowing cheek and nape primary.008
Fra:1 Mem:32.74M (Peak 32.74M) | Time:00:00.00 | Mem:0.00M, Peak:0.00M | Scene, ViewLayer | Synchronizing object | R2 continuous chest ruff flow.001
Fra:1 Mem:32.77M (Peak 32.77M) | Time:00:00.00 | Mem:0.00M, Peak:0.00M | Scene, ViewLayer | Synchronizing object | R2 continuous chest ruff flow
Fra:1 Mem:32.79M (Peak 32.79M) | Time:00:00.00 | Mem:0.00M, Peak:0.00M | Scene, ViewLayer | Synchronizing object | R2 dorsal swept layer.004
Fra:1 Mem:32.84M (Peak 32.84M) | Time:00:00.00 | Mem:0.00M, Peak:0.00M | Scene, ViewLayer | Synchronizing object | R2 dorsal swept layer.003
Fra:1 Mem:32.98M (Peak 32.98M) | Time:00:00.00 | Mem:0.00M, Peak:0.00M | Scene, ViewLayer | Synchronizing object | R2 dorsal swept layer.002
Fra:1 Mem:33.00M (Peak 33.00M) | Time:00:00.00 | Mem:0.00M, Peak:0.00M | Scene, ViewLayer | Synchronizing object | R2 inset almond sclera
Fra:1 Mem:33.01M (Peak 33.01M) | Time:00:00.00 | Mem:0.00M, Peak:0.00M | Scene, ViewLayer | Synchronizing object | R2 dorsal swept layer.001
Fra:1 Mem:33.03M (Peak 33.03M) | Time:00:00.00 | Mem:0.00M, Peak:0.00M | Scene, ViewLayer | Synchronizing object | R2 iris
Fra:1 Mem:33.04M (Peak 33.04M) | Time:00:00.00 | Mem:0.00M, Peak:0.00M | Scene, ViewLayer | Synchronizing object | R2 pupil
Fra:1 Mem:33.05M (Peak 33.05M) | Time:00:00.00 | Mem:0.00M, Peak:0.00M | Scene, ViewLayer | Synchronizing object | R2 dorsal swept layer
Fra:1 Mem:33.05M (Peak 33.05M) | Time:00:00.00 | Mem:0.00M, Peak:0.00M | Scene, ViewLayer | Synchronizing object | R2 catchlight
Fra:1 Mem:33.08M (Peak 33.08M) | Time:00:00.00 | Mem:0.00M, Peak:0.00M | Scene, ViewLayer | Synchronizing object | R2 shaded upper eyelid margin
Fra:1 Mem:33.08M (Peak 33.08M) | Time:00:00.00 | Mem:0.00M, Peak:0.00M | Scene, ViewLayer | Synchronizing object | R2 secondary fur blade.007
Fra:1 Mem:33.09M (Peak 33.09M) | Time:00:00.00 | Mem:0.00M, Peak:0.00M | Scene, ViewLayer | Synchronizing object | R2 integrated brow ridge
Fra:1 Mem:33.11M (Peak 33.11M) | Time:00:00.00 | Mem:0.00M, Peak:0.00M | Scene, ViewLayer | Synchronizing object | R2 flowing cheek and nape primary.007
Fra:1 Mem:33.13M (Peak 33.13M) | Time:00:00.00 | Mem:0.00M, Peak:0.00M | Scene, ViewLayer | Synchronizing object | R2 inset almond sclera.001
Fra:1 Mem:33.16M (Peak 33.16M) | Time:00:00.00 | Mem:0.00M, Peak:0.00M | Scene, ViewLayer | Synchronizing object | R2 secondary fur blade.006
Fra:1 Mem:33.16M (Peak 33.16M) | Time:00:00.00 | Mem:0.00M, Peak:0.00M | Scene, ViewLayer | Synchronizing object | R2 iris.001
Fra:1 Mem:33.19M (Peak 33.19M) | Time:00:00.00 | Mem:0.00M, Peak:0.00M | Scene, ViewLayer | Synchronizing object | R2 pupil.001
Fra:1 Mem:33.19M (Peak 33.19M) | Time:00:00.00 | Mem:0.00M, Peak:0.00M | Scene, ViewLayer | Synchronizing object | R2 flowing cheek and nape primary.006
Fra:1 Mem:33.20M (Peak 33.20M) | Time:00:00.00 | Mem:0.00M, Peak:0.00M | Scene, ViewLayer | Synchronizing object | R2 catchlight.001
Fra:1 Mem:33.21M (Peak 33.21M) | Time:00:00.00 | Mem:0.00M, Peak:0.00M | Scene, ViewLayer | Synchronizing object | R2 secondary fur blade.005
Fra:1 Mem:33.21M (Peak 33.21M) | Time:00:00.00 | Mem:0.00M, Peak:0.00M | Scene, ViewLayer | Synchronizing object | R2 shaded upper eyelid margin.001
Fra:1 Mem:33.24M (Peak 33.24M) | Time:00:00.00 | Mem:0.00M, Peak:0.00M | Scene, ViewLayer | Synchronizing object | R2 flowing cheek and nape primary.005
Fra:1 Mem:33.25M (Peak 33.25M) | Time:00:00.00 | Mem:0.00M, Peak:0.00M | Scene, ViewLayer | Synchronizing object | R2 integrated brow ridge.001
Fra:1 Mem:33.27M (Peak 33.27M) | Time:00:00.00 | Mem:0.00M, Peak:0.00M | Scene, ViewLayer | Synchronizing object | R2 secondary fur blade.004
Fra:1 Mem:33.30M (Peak 33.30M) | Time:00:00.00 | Mem:0.00M, Peak:0.00M | Scene, ViewLayer | Synchronizing object | R2 broad wet nose
Fra:1 Mem:33.29M (Peak 33.30M) | Time:00:00.00 | Mem:0.00M, Peak:0.00M | Scene, ViewLayer | Synchronizing object | R2 whisker follicle
Fra:1 Mem:33.30M (Peak 33.30M) | Time:00:00.00 | Mem:0.00M, Peak:0.00M | Scene, ViewLayer | Synchronizing object | R2 flowing cheek and nape primary.004
Fra:1 Mem:33.32M (Peak 33.32M) | Time:00:00.00 | Mem:0.00M, Peak:0.00M | Scene, ViewLayer | Synchronizing object | R2 whisker follicle.001
Fra:1 Mem:33.33M (Peak 33.33M) | Time:00:00.00 | Mem:0.00M, Peak:0.00M | Scene, ViewLayer | Synchronizing object | R2 secondary fur blade.003
Fra:1 Mem:33.33M (Peak 33.33M) | Time:00:00.00 | Mem:0.00M, Peak:0.00M | Scene, ViewLayer | Synchronizing object | R2 whisker follicle.002
Fra:1 Mem:33.35M (Peak 33.35M) | Time:00:00.00 | Mem:0.00M, Peak:0.00M | Scene, ViewLayer | Synchronizing object | R2 whisker follicle.003
Fra:1 Mem:33.35M (Peak 33.35M) | Time:00:00.00 | Mem:0.00M, Peak:0.00M | Scene, ViewLayer | Synchronizing object | R2 flowing cheek and nape primary.003
Fra:1 Mem:33.35M (Peak 33.35M) | Time:00:00.00 | Mem:0.00M, Peak:0.00M | Scene, ViewLayer | Synchronizing object | R2 whisker follicle.004
Fra:1 Mem:33.38M (Peak 33.38M) | Time:00:00.00 | Mem:0.00M, Peak:0.00M | Scene, ViewLayer | Synchronizing object | R2 whisker follicle.005
Fra:1 Mem:33.37M (Peak 33.38M) | Time:00:00.00 | Mem:0.00M, Peak:0.00M | Scene, ViewLayer | Synchronizing object | R2 secondary fur blade.002
Fra:1 Mem:33.38M (Peak 33.38M) | Time:00:00.00 | Mem:0.00M, Peak:0.00M | Scene, ViewLayer | Synchronizing object | R2 whisker follicle.006
Fra:1 Mem:33.40M (Peak 33.40M) | Time:00:00.00 | Mem:0.00M, Peak:0.00M | Scene, ViewLayer | Synchronizing object | R2 whisker follicle.007
Fra:1 Mem:33.40M (Peak 33.40M) | Time:00:00.00 | Mem:0.00M, Peak:0.00M | Scene, ViewLayer | Synchronizing object | R2 whisker follicle.008
Fra:1 Mem:33.40M (Peak 33.40M) | Time:00:00.00 | Mem:0.00M, Peak:0.00M | Scene, ViewLayer | Synchronizing object | R2 whisker follicle.009
Fra:1 Mem:33.41M (Peak 33.41M) | Time:00:00.00 | Mem:0.00M, Peak:0.00M | Scene, ViewLayer | Synchronizing object | R2 whisker follicle.010
Fra:1 Mem:33.42M (Peak 33.42M) | Time:00:00.00 | Mem:0.00M, Peak:0.00M | Scene, ViewLayer | Synchronizing object | R2 secondary fur blade.001
Fra:1 Mem:33.43M (Peak 33.43M) | Time:00:00.00 | Mem:0.00M, Peak:0.00M | Scene, ViewLayer | Synchronizing object | R2 whisker follicle.011
Fra:1 Mem:33.44M (Peak 33.44M) | Time:00:00.00 | Mem:0.00M, Peak:0.00M | Scene, ViewLayer | Synchronizing object | R2 whisker follicle.012
Fra:1 Mem:33.44M (Peak 33.44M) | Time:00:00.00 | Mem:0.00M, Peak:0.00M | Scene, ViewLayer | Synchronizing object | R2 flowing cheek and nape primary.001
Fra:1 Mem:33.45M (Peak 33.45M) | Time:00:00.00 | Mem:0.00M, Peak:0.00M | Scene, ViewLayer | Synchronizing object | R2 whisker follicle.013
Fra:1 Mem:33.46M (Peak 33.46M) | Time:00:00.00 | Mem:0.00M, Peak:0.00M | Scene, ViewLayer | Synchronizing object | R2 whisker follicle.014
Fra:1 Mem:33.47M (Peak 33.47M) | Time:00:00.00 | Mem:0.00M, Peak:0.00M | Scene, ViewLayer | Synchronizing object | R2 secondary fur blade
Fra:1 Mem:33.48M (Peak 33.48M) | Time:00:00.00 | Mem:0.00M, Peak:0.00M | Scene, ViewLayer | Synchronizing object | R2 whisker follicle.015
Fra:1 Mem:33.49M (Peak 33.49M) | Time:00:00.00 | Mem:0.00M, Peak:0.00M | Scene, ViewLayer | Synchronizing object | R2 flowing cheek and nape primary
Fra:1 Mem:33.51M (Peak 33.51M) | Time:00:00.00 | Mem:0.00M, Peak:0.00M | Scene, ViewLayer | Synchronizing object | R2 whisker follicle.016
Fra:1 Mem:33.52M (Peak 33.52M) | Time:00:00.00 | Mem:0.00M, Peak:0.00M | Scene, ViewLayer | Synchronizing object | R2 whisker follicle.017
Fra:1 Mem:33.52M (Peak 33.52M) | Time:00:00.00 | Mem:0.00M, Peak:0.00M | Scene, ViewLayer | Synchronizing object | R2 swept crown primary.004
Fra:1 Mem:33.53M (Peak 33.53M) | Time:00:00.00 | Mem:0.00M, Peak:0.00M | Scene, ViewLayer | Synchronizing object | R2 anatomical mandible
Fra:1 Mem:33.55M (Peak 33.55M) | Time:00:00.00 | Mem:0.00M, Peak:0.00M | Scene, ViewLayer | Synchronizing object | R2 swept crown primary.003
Fra:1 Mem:33.56M (Peak 33.56M) | Time:00:00.00 | Mem:0.00M, Peak:0.00M | Scene, ViewLayer | Synchronizing object | R2 articulated oral lining
Fra:1 Mem:33.60M (Peak 33.60M) | Time:00:00.00 | Mem:0.00M, Peak:0.00M | Scene, ViewLayer | Synchronizing object | R2 swept crown primary.002
Fra:1 Mem:33.62M (Peak 33.62M) | Time:00:00.00 | Mem:0.00M, Peak:0.00M | Scene, ViewLayer | Synchronizing object | R2 cupped species ear
Fra:1 Mem:33.64M (Peak 33.64M) | Time:00:00.00 | Mem:0.00M, Peak:0.00M | Scene, ViewLayer | Synchronizing object | R2 swept crown primary.001
Fra:1 Mem:33.66M (Peak 33.66M) | Time:00:00.00 | Mem:0.00M, Peak:0.00M | Scene, ViewLayer | Synchronizing object | R2 cupped species ear.001
Fra:1 Mem:33.68M (Peak 33.68M) | Time:00:00.00 | Mem:0.00M, Peak:0.00M | Scene, ViewLayer | Synchronizing object | R2 swept crown primary
Fra:1 Mem:33.68M (Peak 33.68M) | Time:00:00.00 | Mem:0.00M, Peak:0.00M | Scene, ViewLayer | Synchronizing object | R2 connected occipital mane volume
Fra:1 Mem:33.77M (Peak 33.77M) | Time:00:00.00 | Mem:0.00M, Peak:0.00M | Scene, ViewLayer | Initializing
Fra:1 Mem:31.64M (Peak 33.77M) | Time:00:00.00 | Mem:0.00M, Peak:0.00M | Scene, ViewLayer | Updating Images | Loading Authored short-fur normal
Fra:1 Mem:27.09M (Peak 33.77M) | Time:00:00.01 | Mem:0.25M, Peak:0.25M | Scene, ViewLayer | Waiting for render to start
Fra:1 Mem:27.09M (Peak 33.77M) | Time:00:00.01 | Mem:0.25M, Peak:0.25M | Scene, ViewLayer | Updating Scene
Fra:1 Mem:27.09M (Peak 33.77M) | Time:00:00.01 | Mem:0.25M, Peak:0.25M | Scene, ViewLayer | Updating Shaders
Fra:1 Mem:27.09M (Peak 33.77M) | Time:00:00.01 | Mem:0.25M, Peak:0.25M | Scene, ViewLayer | Loading render kernels (may take a few minutes the first time)
Fra:1 Mem:27.18M (Peak 33.77M) | Time:00:00.01 | Mem:0.26M, Peak:0.26M | Scene, ViewLayer | Updating Procedurals
Fra:1 Mem:27.18M (Peak 33.77M) | Time:00:00.01 | Mem:0.26M, Peak:0.26M | Scene, ViewLayer | Updating Background
Fra:1 Mem:27.18M (Peak 33.77M) | Time:00:00.01 | Mem:0.26M, Peak:0.26M | Scene, ViewLayer | Updating Camera
Fra:1 Mem:27.18M (Peak 33.77M) | Time:00:00.01 | Mem:0.26M, Peak:0.26M | Scene, ViewLayer | Updating Meshes Flags
Fra:1 Mem:27.18M (Peak 33.77M) | Time:00:00.01 | Mem:0.26M, Peak:0.26M | Scene, ViewLayer | Updating Objects
Fra:1 Mem:27.18M (Peak 33.77M) | Time:00:00.01 | Mem:0.26M, Peak:0.26M | Scene, ViewLayer | Updating Objects | Copying Transformations to device
Fra:1 Mem:27.21M (Peak 33.77M) | Time:00:00.01 | Mem:0.29M, Peak:0.29M | Scene, ViewLayer | Updating Particle Systems
Fra:1 Mem:27.21M (Peak 33.77M) | Time:00:00.01 | Mem:0.29M, Peak:0.29M | Scene, ViewLayer | Updating Particle Systems | Copying Particles to device
Fra:1 Mem:27.21M (Peak 33.77M) | Time:00:00.01 | Mem:0.29M, Peak:0.29M | Scene, ViewLayer | Updating Meshes
Fra:1 Mem:28.56M (Peak 33.77M) | Time:00:00.01 | Mem:0.29M, Peak:0.29M | Scene, ViewLayer | Updating Objects | Applying Static Transformations
Fra:1 Mem:28.56M (Peak 33.77M) | Time:00:00.01 | Mem:0.29M, Peak:0.29M | Scene, ViewLayer | Updating Mesh | Computing attributes
Fra:1 Mem:30.56M (Peak 33.77M) | Time:00:00.01 | Mem:0.31M, Peak:0.31M | Scene, ViewLayer | Updating Mesh | Copying Attributes to device
Fra:1 Mem:30.52M (Peak 33.77M) | Time:00:00.01 | Mem:2.25M, Peak:2.25M | Scene, ViewLayer | Updating Scene BVH | Building
Fra:1 Mem:30.52M (Peak 33.77M) | Time:00:00.01 | Mem:2.25M, Peak:2.25M | Scene, ViewLayer | Updating Scene BVH | Building BVH
Fra:1 Mem:30.52M (Peak 33.77M) | Time:00:00.01 | Mem:3.01M, Peak:3.01M | Scene, ViewLayer | Updating Scene BVH | Building BVH 0%
Fra:1 Mem:30.52M (Peak 33.77M) | Time:00:00.02 | Mem:3.85M, Peak:4.62M | Scene, ViewLayer | Updating Scene BVH | Copying BVH to device
Fra:1 Mem:30.52M (Peak 33.77M) | Time:00:00.02 | Mem:3.85M, Peak:4.62M | Scene, ViewLayer | Updating Mesh | Computing normals
Fra:1 Mem:31.21M (Peak 33.77M) | Time:00:00.02 | Mem:3.85M, Peak:4.62M | Scene, ViewLayer | Updating Mesh | Copying Mesh to device
Fra:1 Mem:31.21M (Peak 33.77M) | Time:00:00.02 | Mem:4.54M, Peak:4.62M | Scene, ViewLayer | Updating Objects Flags
Fra:1 Mem:31.21M (Peak 33.77M) | Time:00:00.02 | Mem:4.54M, Peak:4.62M | Scene, ViewLayer | Updating Primitive Offsets
Fra:1 Mem:31.21M (Peak 33.77M) | Time:00:00.02 | Mem:4.54M, Peak:4.62M | Scene, ViewLayer | Updating Images
Fra:1 Mem:31.21M (Peak 33.77M) | Time:00:00.02 | Mem:4.54M, Peak:4.62M | Scene, ViewLayer | Updating Camera Volume
Fra:1 Mem:31.21M (Peak 33.77M) | Time:00:00.02 | Mem:4.54M, Peak:4.62M | Scene, ViewLayer | Updating Lookup Tables
Fra:1 Mem:31.21M (Peak 33.77M) | Time:00:00.02 | Mem:4.62M, Peak:4.62M | Scene, ViewLayer | Updating Lights
Fra:1 Mem:31.21M (Peak 33.77M) | Time:00:00.02 | Mem:4.62M, Peak:4.62M | Scene, ViewLayer | Updating Lights | Computing tree
Fra:1 Mem:31.21M (Peak 33.77M) | Time:00:00.02 | Mem:4.62M, Peak:4.62M | Scene, ViewLayer | Updating Integrator
Fra:1 Mem:31.21M (Peak 33.77M) | Time:00:00.02 | Mem:4.62M, Peak:4.62M | Scene, ViewLayer | Updating Film
Fra:1 Mem:31.22M (Peak 33.77M) | Time:00:00.02 | Mem:4.54M, Peak:4.62M | Scene, ViewLayer | Updating Lookup Tables
Fra:1 Mem:31.22M (Peak 33.77M) | Time:00:00.02 | Mem:4.63M, Peak:4.63M | Scene, ViewLayer | Updating Baking
Fra:1 Mem:31.22M (Peak 33.77M) | Time:00:00.02 | Mem:4.63M, Peak:4.63M | Scene, ViewLayer | Updating Device | Writing constant memory
Fra:1 Mem:31.22M (Peak 33.77M) | Time:00:00.02 | Mem:4.63M, Peak:4.63M | Scene, ViewLayer | Loading denoising kernels (may take a few minutes the first time)
Fra:1 Mem:31.22M (Peak 33.77M) | Time:00:00.02 | Mem:4.63M, Peak:4.63M | Scene, ViewLayer | Sample 0/20
Fra:1 Mem:50.24M (Peak 50.24M) | Time:00:00.08 | Remaining:00:01.10 | Mem:23.64M, Peak:23.64M | Scene, ViewLayer | Sample 1/20
Fra:1 Mem:58.24M (Peak 70.25M) | Time:00:02.03 | Mem:23.64M, Peak:23.64M | Scene, ViewLayer | Sample 20/20
Fra:1 Mem:58.24M (Peak 70.25M) | Time:00:02.03 | Mem:23.64M, Peak:23.64M | Scene, ViewLayer | Finished
Saved: '/Users/chikumatsuboi/Code/animal-racers-western/assets/source/western/revision2/qa/lion/race/candidate-material.png'
Time: 00:02.05 (Saving: 00:00.02)

REVISION2_MATERIAL_PROOF lion race candidate
Read blend: "/Users/chikumatsuboi/Code/animal-racers-western/assets/source/western/revision2/inputs/lion-upright.blend"
Fra:1 Mem:33.88M (Peak 33.88M) | Time:00:00.00 | Mem:0.00M, Peak:0.00M | Scene, ViewLayer | Synchronizing object | Paw toe
Fra:1 Mem:33.90M (Peak 33.90M) | Time:00:00.00 | Mem:0.00M, Peak:0.00M | Scene, ViewLayer | Synchronizing object | Ivory claw
Fra:1 Mem:33.90M (Peak 33.90M) | Time:00:00.00 | Mem:0.00M, Peak:0.00M | Scene, ViewLayer | Synchronizing object | Paw toe.001
Fra:1 Mem:33.92M (Peak 33.92M) | Time:00:00.00 | Mem:0.00M, Peak:0.00M | Scene, ViewLayer | Synchronizing object | Ivory claw.001
Fra:1 Mem:33.93M (Peak 33.93M) | Time:00:00.00 | Mem:0.00M, Peak:0.00M | Scene, ViewLayer | Synchronizing object | Paw toe.002
Fra:1 Mem:33.95M (Peak 33.95M) | Time:00:00.00 | Mem:0.00M, Peak:0.00M | Scene, ViewLayer | Synchronizing object | Ivory claw.002
Fra:1 Mem:33.95M (Peak 33.95M) | Time:00:00.00 | Mem:0.00M, Peak:0.00M | Scene, ViewLayer | Synchronizing object | Paw toe.003
Fra:1 Mem:33.97M (Peak 33.97M) | Time:00:00.00 | Mem:0.00M, Peak:0.00M | Scene, ViewLayer | Synchronizing object | Ivory claw.003
Fra:1 Mem:33.98M (Peak 33.98M) | Time:00:00.00 | Mem:0.00M, Peak:0.00M | Scene, ViewLayer | Synchronizing object | Paw toe.004
Fra:1 Mem:34.00M (Peak 34.00M) | Time:00:00.00 | Mem:0.00M, Peak:0.00M | Scene, ViewLayer | Synchronizing object | Ivory claw.004
Fra:1 Mem:34.00M (Peak 34.00M) | Time:00:00.00 | Mem:0.00M, Peak:0.00M | Scene, ViewLayer | Synchronizing object | Paw toe.005
Fra:1 Mem:34.02M (Peak 34.02M) | Time:00:00.00 | Mem:0.00M, Peak:0.00M | Scene, ViewLayer | Synchronizing object | Ivory claw.005
Fra:1 Mem:34.02M (Peak 34.02M) | Time:00:00.00 | Mem:0.00M, Peak:0.00M | Scene, ViewLayer | Synchronizing object | Paw toe.006
Fra:1 Mem:34.04M (Peak 34.04M) | Time:00:00.00 | Mem:0.00M, Peak:0.00M | Scene, ViewLayer | Synchronizing object | Ivory claw.006
Fra:1 Mem:34.05M (Peak 34.05M) | Time:00:00.00 | Mem:0.00M, Peak:0.00M | Scene, ViewLayer | Synchronizing object | Paw toe.007
Fra:1 Mem:34.07M (Peak 34.07M) | Time:00:00.00 | Mem:0.00M, Peak:0.00M | Scene, ViewLayer | Synchronizing object | Ivory claw.007
Fra:1 Mem:34.07M (Peak 34.07M) | Time:00:00.00 | Mem:0.00M, Peak:0.00M | Scene, ViewLayer | Synchronizing object | Paw toe.008
Fra:1 Mem:34.09M (Peak 34.09M) | Time:00:00.00 | Mem:0.00M, Peak:0.00M | Scene, ViewLayer | Synchronizing object | Ivory claw.008
Fra:1 Mem:34.10M (Peak 34.10M) | Time:00:00.00 | Mem:0.00M, Peak:0.00M | Scene, ViewLayer | Synchronizing object | Paw toe.009
Fra:1 Mem:34.12M (Peak 34.12M) | Time:00:00.00 | Mem:0.00M, Peak:0.00M | Scene, ViewLayer | Synchronizing object | Ivory claw.009
Fra:1 Mem:34.12M (Peak 34.12M) | Time:00:00.00 | Mem:0.00M, Peak:0.00M | Scene, ViewLayer | Synchronizing object | Paw toe.010
Fra:1 Mem:34.14M (Peak 34.14M) | Time:00:00.00 | Mem:0.00M, Peak:0.00M | Scene, ViewLayer | Synchronizing object | Ivory claw.010
Fra:1 Mem:34.14M (Peak 34.14M) | Time:00:00.00 | Mem:0.00M, Peak:0.00M | Scene, ViewLayer | Synchronizing object | Paw toe.011
Fra:1 Mem:34.16M (Peak 34.16M) | Time:00:00.00 | Mem:0.00M, Peak:0.00M | Scene, ViewLayer | Synchronizing object | Ivory claw.011
Fra:1 Mem:34.17M (Peak 34.17M) | Time:00:00.00 | Mem:0.00M, Peak:0.00M | Scene, ViewLayer | Synchronizing object | Head • species sculpt
Fra:1 Mem:34.47M (Peak 34.47M) | Time:00:00.00 | Mem:0.00M, Peak:0.00M | Scene, ViewLayer | Synchronizing object | Cream muzzle pad
Fra:1 Mem:34.52M (Peak 34.52M) | Time:00:00.00 | Mem:0.00M, Peak:0.00M | Scene, ViewLayer | Synchronizing object | Cream muzzle pad.001
Fra:1 Mem:34.57M (Peak 34.57M) | Time:00:00.00 | Mem:0.00M, Peak:0.00M | Scene, ViewLayer | Synchronizing object | Heart shaped nose
Fra:1 Mem:34.57M (Peak 34.57M) | Time:00:00.00 | Mem:0.00M, Peak:0.00M | Scene, ViewLayer | Synchronizing object | Eye socket
Fra:1 Mem:34.62M (Peak 34.62M) | Time:00:00.00 | Mem:0.00M, Peak:0.00M | Scene, ViewLayer | Synchronizing object | Ivory eye
Fra:1 Mem:34.66M (Peak 34.66M) | Time:00:00.00 | Mem:0.00M, Peak:0.00M | Scene, ViewLayer | Synchronizing object | Iris
Fra:1 Mem:34.70M (Peak 34.70M) | Time:00:00.00 | Mem:0.00M, Peak:0.00M | Scene, ViewLayer | Synchronizing object | Pupil
Fra:1 Mem:34.72M (Peak 34.72M) | Time:00:00.00 | Mem:0.00M, Peak:0.00M | Scene, ViewLayer | Synchronizing object | Matched softbox.002
Fra:1 Mem:34.73M (Peak 34.73M) | Time:00:00.00 | Mem:0.00M, Peak:0.00M | Scene, ViewLayer | Synchronizing object | Matched softbox.001
Fra:1 Mem:34.73M (Peak 34.73M) | Time:00:00.00 | Mem:0.00M, Peak:0.00M | Scene, ViewLayer | Synchronizing object | Matched softbox
Fra:1 Mem:34.73M (Peak 34.73M) | Time:00:00.00 | Mem:0.00M, Peak:0.00M | Scene, ViewLayer | Synchronizing object | Upright body • connected joint topology
Fra:1 Mem:34.74M (Peak 34.74M) | Time:00:00.00 | Mem:0.00M, Peak:0.00M | Scene, ViewLayer | Synchronizing object | Expressive brow
Fra:1 Mem:34.85M (Peak 34.85M) | Time:00:00.00 | Mem:0.00M, Peak:0.00M | Scene, ViewLayer | Synchronizing object | Smiling mouth
Fra:1 Mem:34.85M (Peak 34.85M) | Time:00:00.00 | Mem:0.00M, Peak:0.00M | Scene, ViewLayer | Synchronizing object | Whisker pore
Fra:1 Mem:35.19M (Peak 35.19M) | Time:00:00.00 | Mem:0.00M, Peak:0.00M | Scene, ViewLayer | Synchronizing object | Whisker pore.001
Fra:1 Mem:35.28M (Peak 35.28M) | Time:00:00.00 | Mem:0.00M, Peak:0.00M | Scene, ViewLayer | Synchronizing object | Whisker pore.002
Fra:1 Mem:35.29M (Peak 35.29M) | Time:00:00.00 | Mem:0.00M, Peak:0.00M | Scene, ViewLayer | Synchronizing object | Eye socket.001
Fra:1 Mem:35.34M (Peak 35.34M) | Time:00:00.00 | Mem:0.00M, Peak:0.00M | Scene, ViewLayer | Synchronizing object | Ivory eye.001
Fra:1 Mem:35.41M (Peak 35.41M) | Time:00:00.00 | Mem:0.00M, Peak:0.00M | Scene, ViewLayer | Synchronizing object | Iris.001
Fra:1 Mem:35.44M (Peak 35.44M) | Time:00:00.00 | Mem:0.00M, Peak:0.00M | Scene, ViewLayer | Synchronizing object | Pupil.001
Fra:1 Mem:35.47M (Peak 35.47M) | Time:00:00.00 | Mem:0.00M, Peak:0.00M | Scene, ViewLayer | Synchronizing object | Eye glint.001
Fra:1 Mem:35.48M (Peak 35.48M) | Time:00:00.00 | Mem:0.00M, Peak:0.00M | Scene, ViewLayer | Synchronizing object | Expressive brow.001
Fra:1 Mem:35.49M (Peak 35.49M) | Time:00:00.00 | Mem:0.00M, Peak:0.00M | Scene, ViewLayer | Synchronizing object | Smiling mouth.001
Fra:1 Mem:35.49M (Peak 35.49M) | Time:00:00.00 | Mem:0.00M, Peak:0.00M | Scene, ViewLayer | Synchronizing object | Whisker pore.003
Fra:1 Mem:35.50M (Peak 35.50M) | Time:00:00.00 | Mem:0.00M, Peak:0.00M | Scene, ViewLayer | Synchronizing object | Whisker pore.004
Fra:1 Mem:35.50M (Peak 35.50M) | Time:00:00.00 | Mem:0.00M, Peak:0.00M | Scene, ViewLayer | Synchronizing object | Whisker pore.005
Fra:1 Mem:35.51M (Peak 35.51M) | Time:00:00.00 | Mem:0.00M, Peak:0.00M | Scene, ViewLayer | Synchronizing object | Lower jaw
Fra:1 Mem:35.55M (Peak 35.55M) | Time:00:00.00 | Mem:0.00M, Peak:0.00M | Scene, ViewLayer | Synchronizing object | Mouth cavity
Fra:1 Mem:35.65M (Peak 35.65M) | Time:00:00.00 | Mem:0.00M, Peak:0.00M | Scene, ViewLayer | Synchronizing object | Lower canine
Fra:1 Mem:35.68M (Peak 35.68M) | Time:00:00.00 | Mem:0.00M, Peak:0.00M | Scene, ViewLayer | Synchronizing object | Lower canine.001
Fra:1 Mem:35.75M (Peak 35.75M) | Time:00:00.00 | Mem:0.00M, Peak:0.00M | Scene, ViewLayer | Synchronizing object | Rounded lion ear
Fra:1 Mem:36.19M (Peak 36.19M) | Time:00:00.00 | Mem:0.00M, Peak:0.00M | Scene, ViewLayer | Synchronizing object | Inner lion ear
Fra:1 Mem:35.99M (Peak 36.19M) | Time:00:00.00 | Mem:0.00M, Peak:0.00M | Scene, ViewLayer | Synchronizing object | Raised elemental crest
Fra:1 Mem:36.03M (Peak 36.19M) | Time:00:00.00 | Mem:0.00M, Peak:0.00M | Scene, ViewLayer | Synchronizing object | Rounded lion ear.001
Fra:1 Mem:36.06M (Peak 36.19M) | Time:00:00.00 | Mem:0.00M, Peak:0.00M | Scene, ViewLayer | Synchronizing object | Brass crest clasp
Fra:1 Mem:36.07M (Peak 36.19M) | Time:00:00.00 | Mem:0.00M, Peak:0.00M | Scene, ViewLayer | Synchronizing object | Inner lion ear.001
Fra:1 Mem:36.13M (Peak 36.19M) | Time:00:00.00 | Mem:0.00M, Peak:0.00M | Scene, ViewLayer | Synchronizing object | Closed sculpted rear mane cap
Fra:1 Mem:36.13M (Peak 36.19M) | Time:00:00.00 | Mem:0.00M, Peak:0.00M | Scene, ViewLayer | Synchronizing object | Neckerchief folded point
Fra:1 Mem:36.15M (Peak 36.19M) | Time:00:00.00 | Mem:0.00M, Peak:0.00M | Scene, ViewLayer | Synchronizing object | Leather neckerchief roll
Fra:1 Mem:36.16M (Peak 36.19M) | Time:00:00.00 | Mem:0.00M, Peak:0.00M | Scene, ViewLayer | Synchronizing object | Layered rear mane lock
Fra:1 Mem:36.17M (Peak 36.19M) | Time:00:00.00 | Mem:0.00M, Peak:0.00M | Scene, ViewLayer | Synchronizing object | Flame tail tuft.006
Fra:1 Mem:36.19M (Peak 36.19M) | Time:00:00.00 | Mem:0.00M, Peak:0.00M | Scene, ViewLayer | Synchronizing object | Layered rear mane lock.001
Fra:1 Mem:36.18M (Peak 36.19M) | Time:00:00.00 | Mem:0.00M, Peak:0.00M | Scene, ViewLayer | Synchronizing object | Flame tail tuft.005
Fra:1 Mem:36.20M (Peak 36.20M) | Time:00:00.00 | Mem:0.00M, Peak:0.00M | Scene, ViewLayer | Synchronizing object | Layered rear mane lock.002
Fra:1 Mem:36.19M (Peak 36.20M) | Time:00:00.00 | Mem:0.00M, Peak:0.00M | Scene, ViewLayer | Synchronizing object | Flame tail tuft.004
Fra:1 Mem:36.21M (Peak 36.21M) | Time:00:00.00 | Mem:0.00M, Peak:0.00M | Scene, ViewLayer | Synchronizing object | Layered rear mane lock.003
Fra:1 Mem:36.20M (Peak 36.21M) | Time:00:00.00 | Mem:0.00M, Peak:0.00M | Scene, ViewLayer | Synchronizing object | Flame tail tuft.003
Fra:1 Mem:36.20M (Peak 36.21M) | Time:00:00.00 | Mem:0.00M, Peak:0.00M | Scene, ViewLayer | Synchronizing object | Layered rear mane lock.004
Fra:1 Mem:36.21M (Peak 36.21M) | Time:00:00.00 | Mem:0.00M, Peak:0.00M | Scene, ViewLayer | Synchronizing object | Flame tail tuft.002
Fra:1 Mem:36.23M (Peak 36.23M) | Time:00:00.00 | Mem:0.00M, Peak:0.00M | Scene, ViewLayer | Synchronizing object | Layered rear mane lock.005
Fra:1 Mem:36.22M (Peak 36.23M) | Time:00:00.00 | Mem:0.00M, Peak:0.00M | Scene, ViewLayer | Synchronizing object | Flame tail tuft.001
Fra:1 Mem:36.23M (Peak 36.23M) | Time:00:00.00 | Mem:0.00M, Peak:0.00M | Scene, ViewLayer | Synchronizing object | Layered rear mane lock.006
Fra:1 Mem:36.23M (Peak 36.23M) | Time:00:00.00 | Mem:0.00M, Peak:0.00M | Scene, ViewLayer | Synchronizing object | Flame tail tuft
Fra:1 Mem:36.25M (Peak 36.25M) | Time:00:00.00 | Mem:0.00M, Peak:0.00M | Scene, ViewLayer | Synchronizing object | Layered rear mane lock.007
Fra:1 Mem:36.24M (Peak 36.25M) | Time:00:00.00 | Mem:0.00M, Peak:0.00M | Scene, ViewLayer | Synchronizing object | Articulated tail
Fra:1 Mem:36.24M (Peak 36.25M) | Time:00:00.00 | Mem:0.00M, Peak:0.00M | Scene, ViewLayer | Synchronizing object | Layered rear mane lock.008
Fra:1 Mem:36.27M (Peak 36.27M) | Time:00:00.00 | Mem:0.00M, Peak:0.00M | Scene, ViewLayer | Synchronizing object | Layered rear mane lock.009
Fra:1 Mem:36.27M (Peak 36.27M) | Time:00:00.00 | Mem:0.00M, Peak:0.00M | Scene, ViewLayer | Synchronizing object | Wrist fur.011
Fra:1 Mem:36.28M (Peak 36.28M) | Time:00:00.00 | Mem:0.00M, Peak:0.00M | Scene, ViewLayer | Synchronizing object | Layered rear mane lock.010
Fra:1 Mem:36.29M (Peak 36.29M) | Time:00:00.00 | Mem:0.00M, Peak:0.00M | Scene, ViewLayer | Synchronizing object | Wrist fur.010
Fra:1 Mem:36.31M (Peak 36.31M) | Time:00:00.00 | Mem:0.00M, Peak:0.00M | Scene, ViewLayer | Synchronizing object | Layered rear mane lock.011
Fra:1 Mem:36.30M (Peak 36.31M) | Time:00:00.00 | Mem:0.00M, Peak:0.00M | Scene, ViewLayer | Synchronizing object | Wrist fur.009
Fra:1 Mem:36.30M (Peak 36.31M) | Time:00:00.00 | Mem:0.00M, Peak:0.00M | Scene, ViewLayer | Synchronizing object | Layered rear mane lock.012
Fra:1 Mem:36.31M (Peak 36.31M) | Time:00:00.00 | Mem:0.00M, Peak:0.00M | Scene, ViewLayer | Synchronizing object | Layered shoulder fur.011
Fra:1 Mem:36.31M (Peak 36.31M) | Time:00:00.00 | Mem:0.00M, Peak:0.00M | Scene, ViewLayer | Synchronizing object | Layered rear mane lock.013
Fra:1 Mem:36.32M (Peak 36.32M) | Time:00:00.00 | Mem:0.00M, Peak:0.00M | Scene, ViewLayer | Synchronizing object | Layered shoulder fur.010
Fra:1 Mem:36.34M (Peak 36.34M) | Time:00:00.00 | Mem:0.00M, Peak:0.00M | Scene, ViewLayer | Synchronizing object | Layered rear mane lock.014
Fra:1 Mem:36.33M (Peak 36.34M) | Time:00:00.00 | Mem:0.00M, Peak:0.00M | Scene, ViewLayer | Synchronizing object | Layered shoulder fur.009
Fra:1 Mem:36.35M (Peak 36.35M) | Time:00:00.00 | Mem:0.00M, Peak:0.00M | Scene, ViewLayer | Synchronizing object | Layered rear mane lock.015
Fra:1 Mem:36.34M (Peak 36.35M) | Time:00:00.00 | Mem:0.00M, Peak:0.00M | Scene, ViewLayer | Synchronizing object | Wrist fur.008
Fra:1 Mem:36.36M (Peak 36.36M) | Time:00:00.00 | Mem:0.00M, Peak:0.00M | Scene, ViewLayer | Synchronizing object | Layered rear mane lock.016
Fra:1 Mem:36.35M (Peak 36.36M) | Time:00:00.00 | Mem:0.00M, Peak:0.00M | Scene, ViewLayer | Synchronizing object | Wrist fur.007
Fra:1 Mem:36.37M (Peak 36.37M) | Time:00:00.00 | Mem:0.00M, Peak:0.00M | Scene, ViewLayer | Synchronizing object | Layered rear mane lock.017
Fra:1 Mem:36.36M (Peak 36.37M) | Time:00:00.00 | Mem:0.00M, Peak:0.00M | Scene, ViewLayer | Synchronizing object | Wrist fur.006
Fra:1 Mem:36.36M (Peak 36.37M) | Time:00:00.00 | Mem:0.00M, Peak:0.00M | Scene, ViewLayer | Synchronizing object | Layered rear mane lock.018
Fra:1 Mem:36.37M (Peak 36.37M) | Time:00:00.00 | Mem:0.00M, Peak:0.00M | Scene, ViewLayer | Synchronizing object | Layered shoulder fur.008
Fra:1 Mem:36.37M (Peak 36.37M) | Time:00:00.00 | Mem:0.00M, Peak:0.00M | Scene, ViewLayer | Synchronizing object | Layered rear mane lock.019
Fra:1 Mem:36.38M (Peak 36.38M) | Time:00:00.00 | Mem:0.00M, Peak:0.00M | Scene, ViewLayer | Synchronizing object | Layered shoulder fur.007
Fra:1 Mem:36.38M (Peak 36.38M) | Time:00:00.00 | Mem:0.00M, Peak:0.00M | Scene, ViewLayer | Synchronizing object | Layered rear mane lock.020
Fra:1 Mem:36.39M (Peak 36.39M) | Time:00:00.00 | Mem:0.00M, Peak:0.00M | Scene, ViewLayer | Synchronizing object | Layered shoulder fur.006
Fra:1 Mem:36.39M (Peak 36.39M) | Time:00:00.00 | Mem:0.00M, Peak:0.00M | Scene, ViewLayer | Synchronizing object | Layered rear mane lock.021
Fra:1 Mem:36.40M (Peak 36.40M) | Time:00:00.00 | Mem:0.00M, Peak:0.00M | Scene, ViewLayer | Synchronizing object | Wrist fur.005
Fra:1 Mem:36.41M (Peak 36.41M) | Time:00:00.00 | Mem:0.00M, Peak:0.00M | Scene, ViewLayer | Synchronizing object | Layered rear mane lock.022
Fra:1 Mem:36.41M (Peak 36.41M) | Time:00:00.00 | Mem:0.00M, Peak:0.00M | Scene, ViewLayer | Synchronizing object | Wrist fur.004
Fra:1 Mem:36.42M (Peak 36.42M) | Time:00:00.00 | Mem:0.00M, Peak:0.00M | Scene, ViewLayer | Synchronizing object | Sculpted mane lock
Fra:1 Mem:36.42M (Peak 36.42M) | Time:00:00.00 | Mem:0.00M, Peak:0.00M | Scene, ViewLayer | Synchronizing object | Wrist fur.003
Fra:1 Mem:36.42M (Peak 36.42M) | Time:00:00.00 | Mem:0.00M, Peak:0.00M | Scene, ViewLayer | Synchronizing object | Sculpted mane lock.001
Fra:1 Mem:36.43M (Peak 36.43M) | Time:00:00.00 | Mem:0.00M, Peak:0.00M | Scene, ViewLayer | Synchronizing object | Layered shoulder fur.005
Fra:1 Mem:36.45M (Peak 36.45M) | Time:00:00.00 | Mem:0.00M, Peak:0.00M | Scene, ViewLayer | Synchronizing object | Sculpted mane lock.002
Fra:1 Mem:36.44M (Peak 36.45M) | Time:00:00.00 | Mem:0.00M, Peak:0.00M | Scene, ViewLayer | Synchronizing object | Layered shoulder fur.004
Fra:1 Mem:36.45M (Peak 36.45M) | Time:00:00.00 | Mem:0.00M, Peak:0.00M | Scene, ViewLayer | Synchronizing object | Sculpted mane lock.003
Fra:1 Mem:36.45M (Peak 36.45M) | Time:00:00.00 | Mem:0.00M, Peak:0.00M | Scene, ViewLayer | Synchronizing object | Layered shoulder fur.003
Fra:1 Mem:36.46M (Peak 36.46M) | Time:00:00.00 | Mem:0.00M, Peak:0.00M | Scene, ViewLayer | Synchronizing object | Sculpted mane lock.004
Fra:1 Mem:36.46M (Peak 36.46M) | Time:00:00.00 | Mem:0.00M, Peak:0.00M | Scene, ViewLayer | Synchronizing object | Wrist fur.002
Fra:1 Mem:36.47M (Peak 36.47M) | Time:00:00.00 | Mem:0.00M, Peak:0.00M | Scene, ViewLayer | Synchronizing object | Sculpted mane lock.005
Fra:1 Mem:36.47M (Peak 36.47M) | Time:00:00.00 | Mem:0.00M, Peak:0.00M | Scene, ViewLayer | Synchronizing object | Wrist fur.001
Fra:1 Mem:36.48M (Peak 36.48M) | Time:00:00.00 | Mem:0.00M, Peak:0.00M | Scene, ViewLayer | Synchronizing object | Sculpted mane lock.006
Fra:1 Mem:36.48M (Peak 36.48M) | Time:00:00.00 | Mem:0.00M, Peak:0.00M | Scene, ViewLayer | Synchronizing object | Wrist fur
Fra:1 Mem:36.49M (Peak 36.49M) | Time:00:00.00 | Mem:0.00M, Peak:0.00M | Scene, ViewLayer | Synchronizing object | Sculpted mane lock.007
Fra:1 Mem:36.49M (Peak 36.49M) | Time:00:00.00 | Mem:0.00M, Peak:0.00M | Scene, ViewLayer | Synchronizing object | Layered shoulder fur.002
Fra:1 Mem:36.50M (Peak 36.50M) | Time:00:00.00 | Mem:0.00M, Peak:0.00M | Scene, ViewLayer | Synchronizing object | Sculpted mane lock.008
Fra:1 Mem:36.50M (Peak 36.50M) | Time:00:00.00 | Mem:0.00M, Peak:0.00M | Scene, ViewLayer | Synchronizing object | Layered shoulder fur.001
Fra:1 Mem:36.52M (Peak 36.52M) | Time:00:00.00 | Mem:0.00M, Peak:0.00M | Scene, ViewLayer | Synchronizing object | Sculpted mane lock.009
Fra:1 Mem:36.51M (Peak 36.52M) | Time:00:00.00 | Mem:0.00M, Peak:0.00M | Scene, ViewLayer | Synchronizing object | Layered shoulder fur
Fra:1 Mem:36.52M (Peak 36.52M) | Time:00:00.00 | Mem:0.00M, Peak:0.00M | Scene, ViewLayer | Synchronizing object | Sculpted mane lock.010
Fra:1 Mem:36.52M (Peak 36.52M) | Time:00:00.00 | Mem:0.00M, Peak:0.00M | Scene, ViewLayer | Synchronizing object | Sculpted mane lock.050
Fra:1 Mem:36.53M (Peak 36.53M) | Time:00:00.00 | Mem:0.00M, Peak:0.00M | Scene, ViewLayer | Synchronizing object | Sculpted mane lock.011
Fra:1 Mem:36.55M (Peak 36.55M) | Time:00:00.00 | Mem:0.00M, Peak:0.00M | Scene, ViewLayer | Synchronizing object | Sculpted mane lock.049
Fra:1 Mem:36.54M (Peak 36.55M) | Time:00:00.00 | Mem:0.00M, Peak:0.00M | Scene, ViewLayer | Synchronizing object | Sculpted mane lock.012
Fra:1 Mem:36.54M (Peak 36.55M) | Time:00:00.00 | Mem:0.00M, Peak:0.00M | Scene, ViewLayer | Synchronizing object | Sculpted mane lock.048
Fra:1 Mem:36.55M (Peak 36.55M) | Time:00:00.00 | Mem:0.00M, Peak:0.00M | Scene, ViewLayer | Synchronizing object | Sculpted mane lock.013
Fra:1 Mem:36.56M (Peak 36.56M) | Time:00:00.00 | Mem:0.00M, Peak:0.00M | Scene, ViewLayer | Synchronizing object | Sculpted mane lock.047
Fra:1 Mem:36.57M (Peak 36.57M) | Time:00:00.00 | Mem:0.00M, Peak:0.00M | Scene, ViewLayer | Synchronizing object | Sculpted mane lock.014
Fra:1 Mem:36.57M (Peak 36.57M) | Time:00:00.00 | Mem:0.00M, Peak:0.00M | Scene, ViewLayer | Synchronizing object | Sculpted mane lock.046
Fra:1 Mem:36.57M (Peak 36.57M) | Time:00:00.00 | Mem:0.00M, Peak:0.00M | Scene, ViewLayer | Synchronizing object | Sculpted mane lock.015
Fra:1 Mem:36.58M (Peak 36.58M) | Time:00:00.00 | Mem:0.00M, Peak:0.00M | Scene, ViewLayer | Synchronizing object | Sculpted mane lock.045
Fra:1 Mem:36.59M (Peak 36.59M) | Time:00:00.00 | Mem:0.00M, Peak:0.00M | Scene, ViewLayer | Synchronizing object | Sculpted mane lock.016
Fra:1 Mem:36.59M (Peak 36.59M) | Time:00:00.00 | Mem:0.00M, Peak:0.00M | Scene, ViewLayer | Synchronizing object | Sculpted mane lock.044
Fra:1 Mem:36.60M (Peak 36.60M) | Time:00:00.00 | Mem:0.00M, Peak:0.00M | Scene, ViewLayer | Synchronizing object | Sculpted mane lock.017
Fra:1 Mem:36.60M (Peak 36.60M) | Time:00:00.00 | Mem:0.00M, Peak:0.00M | Scene, ViewLayer | Synchronizing object | Sculpted mane lock.043
Fra:1 Mem:36.61M (Peak 36.61M) | Time:00:00.00 | Mem:0.00M, Peak:0.00M | Scene, ViewLayer | Synchronizing object | Sculpted mane lock.018
Fra:1 Mem:36.62M (Peak 36.62M) | Time:00:00.00 | Mem:0.00M, Peak:0.00M | Scene, ViewLayer | Synchronizing object | Sculpted mane lock.042
Fra:1 Mem:36.62M (Peak 36.62M) | Time:00:00.00 | Mem:0.00M, Peak:0.00M | Scene, ViewLayer | Synchronizing object | Sculpted mane lock.019
Fra:1 Mem:36.63M (Peak 36.63M) | Time:00:00.00 | Mem:0.00M, Peak:0.00M | Scene, ViewLayer | Synchronizing object | Sculpted mane lock.041
Fra:1 Mem:36.63M (Peak 36.63M) | Time:00:00.00 | Mem:0.00M, Peak:0.00M | Scene, ViewLayer | Synchronizing object | Sculpted mane lock.020
Fra:1 Mem:36.64M (Peak 36.64M) | Time:00:00.00 | Mem:0.00M, Peak:0.00M | Scene, ViewLayer | Synchronizing object | Sculpted mane lock.040
Fra:1 Mem:36.65M (Peak 36.65M) | Time:00:00.00 | Mem:0.00M, Peak:0.00M | Scene, ViewLayer | Synchronizing object | Sculpted mane lock.021
Fra:1 Mem:36.65M (Peak 36.65M) | Time:00:00.00 | Mem:0.00M, Peak:0.00M | Scene, ViewLayer | Synchronizing object | Sculpted mane lock.039
Fra:1 Mem:36.65M (Peak 36.65M) | Time:00:00.00 | Mem:0.00M, Peak:0.00M | Scene, ViewLayer | Synchronizing object | Sculpted mane lock.022
Fra:1 Mem:36.66M (Peak 36.66M) | Time:00:00.00 | Mem:0.00M, Peak:0.00M | Scene, ViewLayer | Synchronizing object | Sculpted mane lock.038
Fra:1 Mem:36.68M (Peak 36.68M) | Time:00:00.00 | Mem:0.00M, Peak:0.00M | Scene, ViewLayer | Synchronizing object | Sculpted mane lock.023
Fra:1 Mem:36.67M (Peak 36.68M) | Time:00:00.00 | Mem:0.00M, Peak:0.00M | Scene, ViewLayer | Synchronizing object | Sculpted mane lock.037
Fra:1 Mem:36.68M (Peak 36.68M) | Time:00:00.00 | Mem:0.00M, Peak:0.00M | Scene, ViewLayer | Synchronizing object | Sculpted mane lock.024
Fra:1 Mem:36.69M (Peak 36.69M) | Time:00:00.00 | Mem:0.00M, Peak:0.00M | Scene, ViewLayer | Synchronizing object | Sculpted mane lock.036
Fra:1 Mem:36.69M (Peak 36.69M) | Time:00:00.00 | Mem:0.00M, Peak:0.00M | Scene, ViewLayer | Synchronizing object | Sculpted mane lock.025
Fra:1 Mem:36.70M (Peak 36.70M) | Time:00:00.00 | Mem:0.00M, Peak:0.00M | Scene, ViewLayer | Synchronizing object | Sculpted mane lock.035
Fra:1 Mem:36.71M (Peak 36.71M) | Time:00:00.00 | Mem:0.00M, Peak:0.00M | Scene, ViewLayer | Synchronizing object | Sculpted mane lock.026
Fra:1 Mem:36.71M (Peak 36.71M) | Time:00:00.00 | Mem:0.00M, Peak:0.00M | Scene, ViewLayer | Synchronizing object | Sculpted mane lock.034
Fra:1 Mem:36.71M (Peak 36.71M) | Time:00:00.00 | Mem:0.00M, Peak:0.00M | Scene, ViewLayer | Synchronizing object | Sculpted mane lock.027
Fra:1 Mem:36.72M (Peak 36.72M) | Time:00:00.00 | Mem:0.00M, Peak:0.00M | Scene, ViewLayer | Synchronizing object | Sculpted mane lock.033
Fra:1 Mem:36.72M (Peak 36.72M) | Time:00:00.00 | Mem:0.00M, Peak:0.00M | Scene, ViewLayer | Synchronizing object | Sculpted mane lock.028
Fra:1 Mem:36.73M (Peak 36.73M) | Time:00:00.00 | Mem:0.00M, Peak:0.00M | Scene, ViewLayer | Synchronizing object | Sculpted mane lock.032
Fra:1 Mem:36.74M (Peak 36.74M) | Time:00:00.00 | Mem:0.00M, Peak:0.00M | Scene, ViewLayer | Synchronizing object | Sculpted mane lock.029
Fra:1 Mem:36.74M (Peak 36.74M) | Time:00:00.00 | Mem:0.00M, Peak:0.00M | Scene, ViewLayer | Synchronizing object | Sculpted mane lock.031
Fra:1 Mem:36.75M (Peak 36.75M) | Time:00:00.00 | Mem:0.00M, Peak:0.00M | Scene, ViewLayer | Synchronizing object | Sculpted mane lock.030
Fra:1 Mem:36.76M (Peak 36.76M) | Time:00:00.00 | Mem:0.00M, Peak:0.00M | Scene, ViewLayer | Initializing
Fra:1 Mem:34.12M (Peak 36.76M) | Time:00:00.00 | Mem:0.00M, Peak:0.00M | Scene, ViewLayer | Updating Images | Loading Authored short-fur normal
Fra:1 Mem:28.39M (Peak 36.76M) | Time:00:00.01 | Mem:0.25M, Peak:0.25M | Scene, ViewLayer | Waiting for render to start
Fra:1 Mem:28.39M (Peak 36.76M) | Time:00:00.01 | Mem:0.25M, Peak:0.25M | Scene, ViewLayer | Updating Scene
Fra:1 Mem:28.39M (Peak 36.76M) | Time:00:00.01 | Mem:0.25M, Peak:0.25M | Scene, ViewLayer | Updating Shaders
Fra:1 Mem:28.39M (Peak 36.76M) | Time:00:00.01 | Mem:0.25M, Peak:0.25M | Scene, ViewLayer | Loading render kernels (may take a few minutes the first time)
Fra:1 Mem:28.48M (Peak 36.76M) | Time:00:00.01 | Mem:0.26M, Peak:0.26M | Scene, ViewLayer | Updating Procedurals
Fra:1 Mem:28.48M (Peak 36.76M) | Time:00:00.01 | Mem:0.26M, Peak:0.26M | Scene, ViewLayer | Updating Background
Fra:1 Mem:28.48M (Peak 36.76M) | Time:00:00.01 | Mem:0.26M, Peak:0.26M | Scene, ViewLayer | Updating Camera
Fra:1 Mem:28.48M (Peak 36.76M) | Time:00:00.01 | Mem:0.26M, Peak:0.26M | Scene, ViewLayer | Updating Meshes Flags
Fra:1 Mem:28.48M (Peak 36.76M) | Time:00:00.01 | Mem:0.26M, Peak:0.26M | Scene, ViewLayer | Updating Objects
Fra:1 Mem:28.48M (Peak 36.76M) | Time:00:00.01 | Mem:0.26M, Peak:0.26M | Scene, ViewLayer | Updating Objects | Copying Transformations to device
Fra:1 Mem:28.52M (Peak 36.76M) | Time:00:00.01 | Mem:0.30M, Peak:0.30M | Scene, ViewLayer | Updating Particle Systems
Fra:1 Mem:28.52M (Peak 36.76M) | Time:00:00.01 | Mem:0.30M, Peak:0.30M | Scene, ViewLayer | Updating Particle Systems | Copying Particles to device
Fra:1 Mem:28.52M (Peak 36.76M) | Time:00:00.01 | Mem:0.30M, Peak:0.30M | Scene, ViewLayer | Updating Meshes
Fra:1 Mem:29.90M (Peak 36.76M) | Time:00:00.01 | Mem:0.30M, Peak:0.30M | Scene, ViewLayer | Updating Objects | Applying Static Transformations
Fra:1 Mem:29.90M (Peak 36.76M) | Time:00:00.01 | Mem:0.30M, Peak:0.30M | Scene, ViewLayer | Updating Mesh | Computing attributes
Fra:1 Mem:31.85M (Peak 36.76M) | Time:00:00.01 | Mem:0.32M, Peak:0.32M | Scene, ViewLayer | Updating Mesh | Copying Attributes to device
Fra:1 Mem:31.81M (Peak 36.76M) | Time:00:00.01 | Mem:2.21M, Peak:2.21M | Scene, ViewLayer | Updating Scene BVH | Building
Fra:1 Mem:31.82M (Peak 36.76M) | Time:00:00.01 | Mem:2.21M, Peak:2.21M | Scene, ViewLayer | Updating Scene BVH | Building BVH
Fra:1 Mem:31.82M (Peak 36.76M) | Time:00:00.01 | Mem:3.09M, Peak:3.09M | Scene, ViewLayer | Updating Scene BVH | Building BVH 0%
Fra:1 Mem:31.82M (Peak 36.76M) | Time:00:00.02 | Mem:4.04M, Peak:4.92M | Scene, ViewLayer | Updating Scene BVH | Copying BVH to device
Fra:1 Mem:31.82M (Peak 36.76M) | Time:00:00.02 | Mem:4.04M, Peak:4.92M | Scene, ViewLayer | Updating Mesh | Computing normals
Fra:1 Mem:32.60M (Peak 36.76M) | Time:00:00.02 | Mem:4.04M, Peak:4.92M | Scene, ViewLayer | Updating Mesh | Copying Mesh to device
Fra:1 Mem:32.60M (Peak 36.76M) | Time:00:00.02 | Mem:4.83M, Peak:4.92M | Scene, ViewLayer | Updating Objects Flags
Fra:1 Mem:32.60M (Peak 36.76M) | Time:00:00.02 | Mem:4.83M, Peak:4.92M | Scene, ViewLayer | Updating Primitive Offsets
Fra:1 Mem:32.60M (Peak 36.76M) | Time:00:00.02 | Mem:4.83M, Peak:4.92M | Scene, ViewLayer | Updating Images
Fra:1 Mem:32.60M (Peak 36.76M) | Time:00:00.02 | Mem:4.83M, Peak:4.92M | Scene, ViewLayer | Updating Camera Volume
Fra:1 Mem:32.60M (Peak 36.76M) | Time:00:00.02 | Mem:4.83M, Peak:4.92M | Scene, ViewLayer | Updating Lookup Tables
Fra:1 Mem:32.60M (Peak 36.76M) | Time:00:00.02 | Mem:4.91M, Peak:4.92M | Scene, ViewLayer | Updating Lights
Fra:1 Mem:32.60M (Peak 36.76M) | Time:00:00.02 | Mem:4.91M, Peak:4.92M | Scene, ViewLayer | Updating Lights | Computing tree
Fra:1 Mem:32.60M (Peak 36.76M) | Time:00:00.02 | Mem:4.92M, Peak:4.92M | Scene, ViewLayer | Updating Integrator
Fra:1 Mem:32.60M (Peak 36.76M) | Time:00:00.02 | Mem:4.92M, Peak:4.92M | Scene, ViewLayer | Updating Film
Fra:1 Mem:32.61M (Peak 36.76M) | Time:00:00.02 | Mem:4.83M, Peak:4.92M | Scene, ViewLayer | Updating Lookup Tables
Fra:1 Mem:32.61M (Peak 36.76M) | Time:00:00.02 | Mem:4.92M, Peak:4.92M | Scene, ViewLayer | Updating Baking
Fra:1 Mem:32.61M (Peak 36.76M) | Time:00:00.02 | Mem:4.92M, Peak:4.92M | Scene, ViewLayer | Updating Device | Writing constant memory
Fra:1 Mem:32.61M (Peak 36.76M) | Time:00:00.02 | Mem:4.92M, Peak:4.92M | Scene, ViewLayer | Loading denoising kernels (may take a few minutes the first time)
Fra:1 Mem:32.61M (Peak 36.76M) | Time:00:00.02 | Mem:4.92M, Peak:4.92M | Scene, ViewLayer | Sample 0/20
Fra:1 Mem:51.63M (Peak 51.63M) | Time:00:00.08 | Remaining:00:01.27 | Mem:23.93M, Peak:23.93M | Scene, ViewLayer | Sample 1/20
Fra:1 Mem:59.64M (Peak 71.64M) | Time:00:02.18 | Mem:23.93M, Peak:23.93M | Scene, ViewLayer | Sample 20/20
Fra:1 Mem:59.64M (Peak 71.64M) | Time:00:02.18 | Mem:23.93M, Peak:23.93M | Scene, ViewLayer | Finished
Saved: '/Users/chikumatsuboi/Code/animal-racers-western/assets/source/western/revision2/qa/lion/upright/control-material.png'
Time: 00:02.20 (Saving: 00:00.01)

REVISION2_MATERIAL_PROOF lion upright control
Read blend: "/Users/chikumatsuboi/Code/animal-racers-western/assets/source/western/revision2/candidate/lion-upright.blend"
Fra:1 Mem:31.31M (Peak 31.31M) | Time:00:00.00 | Mem:0.00M, Peak:0.00M | Scene, ViewLayer | Synchronizing object | Paw toe
Fra:1 Mem:31.34M (Peak 31.34M) | Time:00:00.00 | Mem:0.00M, Peak:0.00M | Scene, ViewLayer | Synchronizing object | Ivory claw
Fra:1 Mem:31.34M (Peak 31.34M) | Time:00:00.00 | Mem:0.00M, Peak:0.00M | Scene, ViewLayer | Synchronizing object | Paw toe.001
Fra:1 Mem:31.36M (Peak 31.36M) | Time:00:00.00 | Mem:0.00M, Peak:0.00M | Scene, ViewLayer | Synchronizing object | Ivory claw.001
Fra:1 Mem:31.37M (Peak 31.37M) | Time:00:00.00 | Mem:0.00M, Peak:0.00M | Scene, ViewLayer | Synchronizing object | Paw toe.002
Fra:1 Mem:31.39M (Peak 31.39M) | Time:00:00.00 | Mem:0.00M, Peak:0.00M | Scene, ViewLayer | Synchronizing object | Ivory claw.002
Fra:1 Mem:31.39M (Peak 31.39M) | Time:00:00.00 | Mem:0.00M, Peak:0.00M | Scene, ViewLayer | Synchronizing object | Paw toe.003
Fra:1 Mem:31.41M (Peak 31.41M) | Time:00:00.00 | Mem:0.00M, Peak:0.00M | Scene, ViewLayer | Synchronizing object | Ivory claw.003
Fra:1 Mem:31.42M (Peak 31.42M) | Time:00:00.00 | Mem:0.00M, Peak:0.00M | Scene, ViewLayer | Synchronizing object | Paw toe.004
Fra:1 Mem:31.44M (Peak 31.44M) | Time:00:00.00 | Mem:0.00M, Peak:0.00M | Scene, ViewLayer | Synchronizing object | Ivory claw.004
Fra:1 Mem:31.44M (Peak 31.44M) | Time:00:00.00 | Mem:0.00M, Peak:0.00M | Scene, ViewLayer | Synchronizing object | Paw toe.005
Fra:1 Mem:31.46M (Peak 31.46M) | Time:00:00.00 | Mem:0.00M, Peak:0.00M | Scene, ViewLayer | Synchronizing object | Ivory claw.005
Fra:1 Mem:31.47M (Peak 31.47M) | Time:00:00.00 | Mem:0.00M, Peak:0.00M | Scene, ViewLayer | Synchronizing object | Paw toe.006
Fra:1 Mem:31.49M (Peak 31.49M) | Time:00:00.00 | Mem:0.00M, Peak:0.00M | Scene, ViewLayer | Synchronizing object | Ivory claw.006
Fra:1 Mem:31.49M (Peak 31.49M) | Time:00:00.00 | Mem:0.00M, Peak:0.00M | Scene, ViewLayer | Synchronizing object | Paw toe.007
Fra:1 Mem:31.51M (Peak 31.51M) | Time:00:00.00 | Mem:0.00M, Peak:0.00M | Scene, ViewLayer | Synchronizing object | Ivory claw.007
Fra:1 Mem:31.51M (Peak 31.51M) | Time:00:00.00 | Mem:0.00M, Peak:0.00M | Scene, ViewLayer | Synchronizing object | Paw toe.008
Fra:1 Mem:31.54M (Peak 31.54M) | Time:00:00.00 | Mem:0.00M, Peak:0.00M | Scene, ViewLayer | Synchronizing object | Ivory claw.008
Fra:1 Mem:31.54M (Peak 31.54M) | Time:00:00.00 | Mem:0.00M, Peak:0.00M | Scene, ViewLayer | Synchronizing object | Paw toe.009
Fra:1 Mem:31.56M (Peak 31.56M) | Time:00:00.00 | Mem:0.00M, Peak:0.00M | Scene, ViewLayer | Synchronizing object | Ivory claw.009
Fra:1 Mem:31.56M (Peak 31.56M) | Time:00:00.00 | Mem:0.00M, Peak:0.00M | Scene, ViewLayer | Synchronizing object | Paw toe.010
Fra:1 Mem:31.59M (Peak 31.59M) | Time:00:00.00 | Mem:0.00M, Peak:0.00M | Scene, ViewLayer | Synchronizing object | Ivory claw.010
Fra:1 Mem:31.59M (Peak 31.59M) | Time:00:00.00 | Mem:0.00M, Peak:0.00M | Scene, ViewLayer | Synchronizing object | Paw toe.011
Fra:1 Mem:31.60M (Peak 31.60M) | Time:00:00.00 | Mem:0.00M, Peak:0.00M | Scene, ViewLayer | Synchronizing object | Matched softbox.002
Fra:1 Mem:31.61M (Peak 31.61M) | Time:00:00.00 | Mem:0.00M, Peak:0.00M | Scene, ViewLayer | Synchronizing object | Matched softbox.001
Fra:1 Mem:31.61M (Peak 31.61M) | Time:00:00.00 | Mem:0.00M, Peak:0.00M | Scene, ViewLayer | Synchronizing object | Matched softbox
Fra:1 Mem:31.61M (Peak 31.61M) | Time:00:00.00 | Mem:0.00M, Peak:0.00M | Scene, ViewLayer | Synchronizing object | R2 connected breast ruff
Fra:1 Mem:31.66M (Peak 31.66M) | Time:00:00.00 | Mem:0.00M, Peak:0.00M | Scene, ViewLayer | Synchronizing object | Articulated tail
Fra:1 Mem:31.71M (Peak 31.71M) | Time:00:00.00 | Mem:0.00M, Peak:0.00M | Scene, ViewLayer | Synchronizing object | Flame tail tuft
Fra:1 Mem:31.73M (Peak 31.73M) | Time:00:00.00 | Mem:0.00M, Peak:0.00M | Scene, ViewLayer | Synchronizing object | R2 continuous chest ruff flow.003
Fra:1 Mem:31.74M (Peak 31.74M) | Time:00:00.00 | Mem:0.00M, Peak:0.00M | Scene, ViewLayer | Synchronizing object | Flame tail tuft.001
Fra:1 Mem:31.76M (Peak 31.76M) | Time:00:00.00 | Mem:0.00M, Peak:0.00M | Scene, ViewLayer | Synchronizing object | R2 continuous chest ruff flow.002
Fra:1 Mem:31.77M (Peak 31.77M) | Time:00:00.00 | Mem:0.00M, Peak:0.00M | Scene, ViewLayer | Synchronizing object | Flame tail tuft.002
Fra:1 Mem:31.78M (Peak 31.78M) | Time:00:00.00 | Mem:0.00M, Peak:0.00M | Scene, ViewLayer | Synchronizing object | R2 dorsal swept layer.009
Fra:1 Mem:31.80M (Peak 31.80M) | Time:00:00.00 | Mem:0.00M, Peak:0.00M | Scene, ViewLayer | Synchronizing object | Flame tail tuft.003
Fra:1 Mem:31.81M (Peak 31.81M) | Time:00:00.00 | Mem:0.00M, Peak:0.00M | Scene, ViewLayer | Synchronizing object | R2 dorsal swept layer.008
Fra:1 Mem:31.83M (Peak 31.83M) | Time:00:00.00 | Mem:0.00M, Peak:0.00M | Scene, ViewLayer | Synchronizing object | Flame tail tuft.004
Fra:1 Mem:31.83M (Peak 31.83M) | Time:00:00.00 | Mem:0.00M, Peak:0.00M | Scene, ViewLayer | Synchronizing object | Flame tail tuft.005
Fra:1 Mem:31.84M (Peak 31.84M) | Time:00:00.00 | Mem:0.00M, Peak:0.00M | Scene, ViewLayer | Synchronizing object | R2 dorsal swept layer.007
Fra:1 Mem:31.84M (Peak 31.84M) | Time:00:00.00 | Mem:0.00M, Peak:0.00M | Scene, ViewLayer | Synchronizing object | Flame tail tuft.006
Fra:1 Mem:31.86M (Peak 31.86M) | Time:00:00.00 | Mem:0.00M, Peak:0.00M | Scene, ViewLayer | Synchronizing object | Leather neckerchief roll
Fra:1 Mem:31.88M (Peak 31.88M) | Time:00:00.00 | Mem:0.00M, Peak:0.00M | Scene, ViewLayer | Synchronizing object | R2 dorsal swept layer.006
Fra:1 Mem:31.87M (Peak 31.88M) | Time:00:00.00 | Mem:0.00M, Peak:0.00M | Scene, ViewLayer | Synchronizing object | Neckerchief folded point
Fra:1 Mem:31.89M (Peak 31.89M) | Time:00:00.00 | Mem:0.00M, Peak:0.00M | Scene, ViewLayer | Synchronizing object | Brass crest clasp
Fra:1 Mem:31.90M (Peak 31.90M) | Time:00:00.00 | Mem:0.00M, Peak:0.00M | Scene, ViewLayer | Synchronizing object | R2 dorsal swept layer.005
Fra:1 Mem:31.93M (Peak 31.93M) | Time:00:00.00 | Mem:0.00M, Peak:0.00M | Scene, ViewLayer | Synchronizing object | Raised elemental crest
Fra:1 Mem:31.94M (Peak 31.94M) | Time:00:00.00 | Mem:0.00M, Peak:0.00M | Scene, ViewLayer | Synchronizing object | R2 secondary fur blade.015
Fra:1 Mem:31.95M (Peak 31.95M) | Time:00:00.00 | Mem:0.00M, Peak:0.00M | Scene, ViewLayer | Synchronizing object | Upright body • connected joint topology
Fra:1 Mem:31.96M (Peak 31.96M) | Time:00:00.00 | Mem:0.00M, Peak:0.00M | Scene, ViewLayer | Synchronizing object | R2 flowing cheek and nape primary.015
Fra:1 Mem:32.08M (Peak 32.08M) | Time:00:00.00 | Mem:0.00M, Peak:0.00M | Scene, ViewLayer | Synchronizing object | R2 secondary fur blade.014
Fra:1 Mem:32.44M (Peak 32.44M) | Time:00:00.00 | Mem:0.00M, Peak:0.00M | Scene, ViewLayer | Synchronizing object | R2 flowing cheek and nape primary.014
Fra:1 Mem:32.55M (Peak 32.55M) | Time:00:00.00 | Mem:0.00M, Peak:0.00M | Scene, ViewLayer | Synchronizing object | R2 secondary fur blade.013
Fra:1 Mem:32.57M (Peak 32.57M) | Time:00:00.00 | Mem:0.00M, Peak:0.00M | Scene, ViewLayer | Synchronizing object | R2 flowing cheek and nape primary.013
Fra:1 Mem:32.62M (Peak 32.62M) | Time:00:00.00 | Mem:0.00M, Peak:0.00M | Scene, ViewLayer | Synchronizing object | R2 secondary fur blade.012
Fra:1 Mem:32.64M (Peak 32.64M) | Time:00:00.00 | Mem:0.00M, Peak:0.00M | Scene, ViewLayer | Synchronizing object | R2 flowing cheek and nape primary.012
Fra:1 Mem:32.67M (Peak 32.67M) | Time:00:00.00 | Mem:0.00M, Peak:0.00M | Scene, ViewLayer | Synchronizing object | R2 secondary fur blade.011
Fra:1 Mem:32.69M (Peak 32.69M) | Time:00:00.00 | Mem:0.00M, Peak:0.00M | Scene, ViewLayer | Synchronizing object | R2 flowing cheek and nape primary.011
Fra:1 Mem:32.71M (Peak 32.71M) | Time:00:00.00 | Mem:0.00M, Peak:0.00M | Scene, ViewLayer | Synchronizing object | R2 secondary fur blade.010
Fra:1 Mem:32.73M (Peak 32.73M) | Time:00:00.00 | Mem:0.00M, Peak:0.00M | Scene, ViewLayer | Synchronizing object | R2 flowing cheek and nape primary.010
Fra:1 Mem:32.75M (Peak 32.75M) | Time:00:00.00 | Mem:0.00M, Peak:0.00M | Scene, ViewLayer | Synchronizing object | R2 secondary fur blade.009
Fra:1 Mem:32.77M (Peak 32.77M) | Time:00:00.00 | Mem:0.00M, Peak:0.00M | Scene, ViewLayer | Synchronizing object | R2 flowing cheek and nape primary.009
Fra:1 Mem:32.80M (Peak 32.80M) | Time:00:00.00 | Mem:0.00M, Peak:0.00M | Scene, ViewLayer | Synchronizing object | R2 secondary fur blade.008
Fra:1 Mem:32.82M (Peak 32.82M) | Time:00:00.00 | Mem:0.00M, Peak:0.00M | Scene, ViewLayer | Synchronizing object | R2 flowing cheek and nape primary.008
Fra:1 Mem:32.91M (Peak 32.91M) | Time:00:00.00 | Mem:0.00M, Peak:0.00M | Scene, ViewLayer | Synchronizing object | R2 continuous chest ruff flow.001
Fra:1 Mem:32.96M (Peak 32.96M) | Time:00:00.00 | Mem:0.00M, Peak:0.00M | Scene, ViewLayer | Synchronizing object | R2 continuous chest ruff flow
Fra:1 Mem:33.25M (Peak 33.25M) | Time:00:00.00 | Mem:0.00M, Peak:0.00M | Scene, ViewLayer | Synchronizing object | R2 dorsal swept layer.004
Fra:1 Mem:33.47M (Peak 33.47M) | Time:00:00.00 | Mem:0.00M, Peak:0.00M | Scene, ViewLayer | Synchronizing object | R2 dorsal swept layer.003
Fra:1 Mem:33.28M (Peak 33.47M) | Time:00:00.00 | Mem:0.00M, Peak:0.00M | Scene, ViewLayer | Synchronizing object | R2 connected orbital skull and species muzzle
Fra:1 Mem:33.33M (Peak 33.47M) | Time:00:00.00 | Mem:0.00M, Peak:0.00M | Scene, ViewLayer | Synchronizing object | R2 dorsal swept layer.002
Fra:1 Mem:33.53M (Peak 33.53M) | Time:00:00.00 | Mem:0.00M, Peak:0.00M | Scene, ViewLayer | Synchronizing object | R2 dorsal swept layer.001
Fra:1 Mem:33.55M (Peak 33.55M) | Time:00:00.00 | Mem:0.00M, Peak:0.00M | Scene, ViewLayer | Synchronizing object | R2 dorsal swept layer
Fra:1 Mem:33.59M (Peak 33.59M) | Time:00:00.00 | Mem:0.00M, Peak:0.00M | Scene, ViewLayer | Synchronizing object | R2 secondary fur blade.007
Fra:1 Mem:33.61M (Peak 33.61M) | Time:00:00.00 | Mem:0.00M, Peak:0.00M | Scene, ViewLayer | Synchronizing object | R2 flowing cheek and nape primary.007
Fra:1 Mem:33.63M (Peak 33.63M) | Time:00:00.00 | Mem:0.00M, Peak:0.00M | Scene, ViewLayer | Synchronizing object | R2 secondary fur blade.006
Fra:1 Mem:33.65M (Peak 33.65M) | Time:00:00.00 | Mem:0.00M, Peak:0.00M | Scene, ViewLayer | Synchronizing object | R2 flowing cheek and nape primary.006
Fra:1 Mem:33.71M (Peak 33.71M) | Time:00:00.00 | Mem:0.00M, Peak:0.00M | Scene, ViewLayer | Synchronizing object | R2 secondary fur blade.005
Fra:1 Mem:33.87M (Peak 33.87M) | Time:00:00.00 | Mem:0.00M, Peak:0.00M | Scene, ViewLayer | Synchronizing object | R2 flowing cheek and nape primary.005
Fra:1 Mem:33.84M (Peak 33.87M) | Time:00:00.00 | Mem:0.00M, Peak:0.00M | Scene, ViewLayer | Synchronizing object | R2 inset almond sclera
Fra:1 Mem:33.88M (Peak 33.88M) | Time:00:00.00 | Mem:0.00M, Peak:0.00M | Scene, ViewLayer | Synchronizing object | R2 secondary fur blade.004
Fra:1 Mem:33.90M (Peak 33.90M) | Time:00:00.00 | Mem:0.00M, Peak:0.00M | Scene, ViewLayer | Synchronizing object | R2 iris
Fra:1 Mem:33.91M (Peak 33.91M) | Time:00:00.00 | Mem:0.00M, Peak:0.00M | Scene, ViewLayer | Synchronizing object | R2 flowing cheek and nape primary.004
Fra:1 Mem:33.91M (Peak 33.91M) | Time:00:00.00 | Mem:0.00M, Peak:0.00M | Scene, ViewLayer | Synchronizing object | R2 pupil
Fra:1 Mem:33.94M (Peak 33.94M) | Time:00:00.00 | Mem:0.00M, Peak:0.00M | Scene, ViewLayer | Synchronizing object | R2 catchlight
Fra:1 Mem:33.94M (Peak 33.94M) | Time:00:00.00 | Mem:0.00M, Peak:0.00M | Scene, ViewLayer | Synchronizing object | R2 secondary fur blade.003
Fra:1 Mem:33.95M (Peak 33.95M) | Time:00:00.00 | Mem:0.00M, Peak:0.00M | Scene, ViewLayer | Synchronizing object | R2 shaded upper eyelid margin
Fra:1 Mem:33.96M (Peak 33.96M) | Time:00:00.00 | Mem:0.00M, Peak:0.00M | Scene, ViewLayer | Synchronizing object | R2 flowing cheek and nape primary.003
Fra:1 Mem:33.98M (Peak 33.98M) | Time:00:00.00 | Mem:0.00M, Peak:0.00M | Scene, ViewLayer | Synchronizing object | R2 integrated brow ridge
Fra:1 Mem:34.00M (Peak 34.00M) | Time:00:00.00 | Mem:0.00M, Peak:0.00M | Scene, ViewLayer | Synchronizing object | R2 secondary fur blade.002
Fra:1 Mem:34.02M (Peak 34.02M) | Time:00:00.00 | Mem:0.00M, Peak:0.00M | Scene, ViewLayer | Synchronizing object | R2 inset almond sclera.001
Fra:1 Mem:34.04M (Peak 34.04M) | Time:00:00.00 | Mem:0.00M, Peak:0.00M | Scene, ViewLayer | Synchronizing object | R2 flowing cheek and nape primary.002
Fra:1 Mem:34.06M (Peak 34.06M) | Time:00:00.00 | Mem:0.00M, Peak:0.00M | Scene, ViewLayer | Synchronizing object | R2 iris.001
Fra:1 Mem:34.07M (Peak 34.07M) | Time:00:00.00 | Mem:0.00M, Peak:0.00M | Scene, ViewLayer | Synchronizing object | R2 secondary fur blade.001
Fra:1 Mem:34.08M (Peak 34.08M) | Time:00:00.00 | Mem:0.00M, Peak:0.00M | Scene, ViewLayer | Synchronizing object | R2 pupil.001
Fra:1 Mem:34.10M (Peak 34.10M) | Time:00:00.00 | Mem:0.00M, Peak:0.00M | Scene, ViewLayer | Synchronizing object | R2 catchlight.001
Fra:1 Mem:34.10M (Peak 34.10M) | Time:00:00.00 | Mem:0.00M, Peak:0.00M | Scene, ViewLayer | Synchronizing object | R2 flowing cheek and nape primary.001
Fra:1 Mem:34.10M (Peak 34.10M) | Time:00:00.00 | Mem:0.00M, Peak:0.00M | Scene, ViewLayer | Synchronizing object | R2 shaded upper eyelid margin.001
Fra:1 Mem:34.12M (Peak 34.12M) | Time:00:00.00 | Mem:0.00M, Peak:0.00M | Scene, ViewLayer | Synchronizing object | R2 integrated brow ridge.001
Fra:1 Mem:34.13M (Peak 34.13M) | Time:00:00.00 | Mem:0.00M, Peak:0.00M | Scene, ViewLayer | Synchronizing object | R2 secondary fur blade
Fra:1 Mem:34.16M (Peak 34.16M) | Time:00:00.00 | Mem:0.00M, Peak:0.00M | Scene, ViewLayer | Synchronizing object | R2 broad wet nose
Fra:1 Mem:34.17M (Peak 34.17M) | Time:00:00.00 | Mem:0.00M, Peak:0.00M | Scene, ViewLayer | Synchronizing object | R2 flowing cheek and nape primary
Fra:1 Mem:34.17M (Peak 34.17M) | Time:00:00.00 | Mem:0.00M, Peak:0.00M | Scene, ViewLayer | Synchronizing object | R2 whisker follicle
Fra:1 Mem:34.19M (Peak 34.19M) | Time:00:00.00 | Mem:0.00M, Peak:0.00M | Scene, ViewLayer | Synchronizing object | R2 whisker follicle.001
Fra:1 Mem:34.19M (Peak 34.19M) | Time:00:00.00 | Mem:0.00M, Peak:0.00M | Scene, ViewLayer | Synchronizing object | R2 swept crown primary.004
Fra:1 Mem:34.19M (Peak 34.19M) | Time:00:00.00 | Mem:0.00M, Peak:0.00M | Scene, ViewLayer | Synchronizing object | R2 whisker follicle.002
Fra:1 Mem:34.21M (Peak 34.21M) | Time:00:00.00 | Mem:0.00M, Peak:0.00M | Scene, ViewLayer | Synchronizing object | R2 whisker follicle.003
Fra:1 Mem:34.22M (Peak 34.22M) | Time:00:00.00 | Mem:0.00M, Peak:0.00M | Scene, ViewLayer | Synchronizing object | R2 swept crown primary.003
Fra:1 Mem:34.22M (Peak 34.22M) | Time:00:00.00 | Mem:0.00M, Peak:0.00M | Scene, ViewLayer | Synchronizing object | R2 whisker follicle.004
Fra:1 Mem:34.24M (Peak 34.24M) | Time:00:00.00 | Mem:0.00M, Peak:0.00M | Scene, ViewLayer | Synchronizing object | R2 whisker follicle.005
Fra:1 Mem:34.25M (Peak 34.25M) | Time:00:00.00 | Mem:0.00M, Peak:0.00M | Scene, ViewLayer | Synchronizing object | R2 swept crown primary.002
Fra:1 Mem:34.25M (Peak 34.25M) | Time:00:00.00 | Mem:0.00M, Peak:0.00M | Scene, ViewLayer | Synchronizing object | R2 whisker follicle.006
Fra:1 Mem:34.27M (Peak 34.27M) | Time:00:00.00 | Mem:0.00M, Peak:0.00M | Scene, ViewLayer | Synchronizing object | R2 whisker follicle.007
Fra:1 Mem:34.27M (Peak 34.27M) | Time:00:00.00 | Mem:0.00M, Peak:0.00M | Scene, ViewLayer | Synchronizing object | R2 swept crown primary.001
Fra:1 Mem:34.28M (Peak 34.28M) | Time:00:00.00 | Mem:0.00M, Peak:0.00M | Scene, ViewLayer | Synchronizing object | R2 whisker follicle.008
Fra:1 Mem:34.29M (Peak 34.29M) | Time:00:00.00 | Mem:0.00M, Peak:0.00M | Scene, ViewLayer | Synchronizing object | R2 whisker follicle.009
Fra:1 Mem:34.30M (Peak 34.30M) | Time:00:00.00 | Mem:0.00M, Peak:0.00M | Scene, ViewLayer | Synchronizing object | R2 swept crown primary
Fra:1 Mem:34.30M (Peak 34.30M) | Time:00:00.00 | Mem:0.00M, Peak:0.00M | Scene, ViewLayer | Synchronizing object | R2 whisker follicle.010
Fra:1 Mem:34.32M (Peak 34.32M) | Time:00:00.00 | Mem:0.00M, Peak:0.00M | Scene, ViewLayer | Synchronizing object | R2 whisker follicle.011
Fra:1 Mem:34.33M (Peak 34.33M) | Time:00:00.00 | Mem:0.00M, Peak:0.00M | Scene, ViewLayer | Synchronizing object | R2 connected occipital mane volume
Fra:1 Mem:34.34M (Peak 34.34M) | Time:00:00.00 | Mem:0.00M, Peak:0.00M | Scene, ViewLayer | Synchronizing object | R2 whisker follicle.012
Fra:1 Mem:34.37M (Peak 34.37M) | Time:00:00.00 | Mem:0.00M, Peak:0.00M | Scene, ViewLayer | Synchronizing object | R2 whisker follicle.013
Fra:1 Mem:34.37M (Peak 34.37M) | Time:00:00.00 | Mem:0.00M, Peak:0.00M | Scene, ViewLayer | Synchronizing object | R2 whisker follicle.014
Fra:1 Mem:34.38M (Peak 34.38M) | Time:00:00.00 | Mem:0.00M, Peak:0.00M | Scene, ViewLayer | Synchronizing object | R2 whisker follicle.015
Fra:1 Mem:34.40M (Peak 34.40M) | Time:00:00.00 | Mem:0.00M, Peak:0.00M | Scene, ViewLayer | Synchronizing object | R2 cupped species ear.001
Fra:1 Mem:34.41M (Peak 34.41M) | Time:00:00.00 | Mem:0.00M, Peak:0.00M | Scene, ViewLayer | Synchronizing object | R2 whisker follicle.016
Fra:1 Mem:34.42M (Peak 34.42M) | Time:00:00.00 | Mem:0.00M, Peak:0.00M | Scene, ViewLayer | Synchronizing object | R2 whisker follicle.017
Fra:1 Mem:34.42M (Peak 34.42M) | Time:00:00.00 | Mem:0.00M, Peak:0.00M | Scene, ViewLayer | Synchronizing object | R2 cupped species ear
Fra:1 Mem:34.42M (Peak 34.42M) | Time:00:00.00 | Mem:0.00M, Peak:0.00M | Scene, ViewLayer | Synchronizing object | R2 anatomical mandible
Fra:1 Mem:34.45M (Peak 34.45M) | Time:00:00.00 | Mem:0.00M, Peak:0.00M | Scene, ViewLayer | Synchronizing object | R2 articulated oral lining
Fra:1 Mem:34.47M (Peak 34.47M) | Time:00:00.00 | Mem:0.00M, Peak:0.00M | Scene, ViewLayer | Initializing
Fra:1 Mem:32.16M (Peak 34.47M) | Time:00:00.00 | Mem:0.00M, Peak:0.00M | Scene, ViewLayer | Updating Images | Loading Authored short-fur normal
Fra:1 Mem:27.57M (Peak 34.47M) | Time:00:00.00 | Mem:0.25M, Peak:0.25M | Scene, ViewLayer | Waiting for render to start
Fra:1 Mem:27.57M (Peak 34.47M) | Time:00:00.00 | Mem:0.25M, Peak:0.25M | Scene, ViewLayer | Updating Scene
Fra:1 Mem:27.57M (Peak 34.47M) | Time:00:00.00 | Mem:0.25M, Peak:0.25M | Scene, ViewLayer | Updating Shaders
Fra:1 Mem:27.57M (Peak 34.47M) | Time:00:00.00 | Mem:0.25M, Peak:0.25M | Scene, ViewLayer | Loading render kernels (may take a few minutes the first time)
Fra:1 Mem:27.66M (Peak 34.47M) | Time:00:00.00 | Mem:0.26M, Peak:0.26M | Scene, ViewLayer | Updating Procedurals
Fra:1 Mem:27.66M (Peak 34.47M) | Time:00:00.00 | Mem:0.26M, Peak:0.26M | Scene, ViewLayer | Updating Background
Fra:1 Mem:27.66M (Peak 34.47M) | Time:00:00.00 | Mem:0.26M, Peak:0.26M | Scene, ViewLayer | Updating Camera
Fra:1 Mem:27.66M (Peak 34.47M) | Time:00:00.00 | Mem:0.26M, Peak:0.26M | Scene, ViewLayer | Updating Meshes Flags
Fra:1 Mem:27.66M (Peak 34.47M) | Time:00:00.00 | Mem:0.26M, Peak:0.26M | Scene, ViewLayer | Updating Objects
Fra:1 Mem:27.66M (Peak 34.47M) | Time:00:00.00 | Mem:0.26M, Peak:0.26M | Scene, ViewLayer | Updating Objects | Copying Transformations to device
Fra:1 Mem:27.69M (Peak 34.47M) | Time:00:00.00 | Mem:0.29M, Peak:0.29M | Scene, ViewLayer | Updating Particle Systems
Fra:1 Mem:27.69M (Peak 34.47M) | Time:00:00.00 | Mem:0.29M, Peak:0.29M | Scene, ViewLayer | Updating Particle Systems | Copying Particles to device
Fra:1 Mem:27.69M (Peak 34.47M) | Time:00:00.00 | Mem:0.29M, Peak:0.29M | Scene, ViewLayer | Updating Meshes
Fra:1 Mem:29.29M (Peak 34.47M) | Time:00:00.01 | Mem:0.29M, Peak:0.29M | Scene, ViewLayer | Updating Objects | Applying Static Transformations
Fra:1 Mem:29.29M (Peak 34.47M) | Time:00:00.01 | Mem:0.29M, Peak:0.29M | Scene, ViewLayer | Updating Mesh | Computing attributes
Fra:1 Mem:31.66M (Peak 34.47M) | Time:00:00.01 | Mem:0.31M, Peak:0.31M | Scene, ViewLayer | Updating Mesh | Copying Attributes to device
Fra:1 Mem:31.62M (Peak 34.47M) | Time:00:00.01 | Mem:2.61M, Peak:2.61M | Scene, ViewLayer | Updating Scene BVH | Building
Fra:1 Mem:31.62M (Peak 34.47M) | Time:00:00.01 | Mem:2.61M, Peak:2.61M | Scene, ViewLayer | Updating Scene BVH | Building BVH
Fra:1 Mem:31.62M (Peak 34.47M) | Time:00:00.01 | Mem:3.52M, Peak:3.52M | Scene, ViewLayer | Updating Scene BVH | Building BVH 0%
Fra:1 Mem:31.62M (Peak 34.47M) | Time:00:00.01 | Mem:4.51M, Peak:5.41M | Scene, ViewLayer | Updating Scene BVH | Copying BVH to device
Fra:1 Mem:31.62M (Peak 34.47M) | Time:00:00.01 | Mem:4.51M, Peak:5.41M | Scene, ViewLayer | Updating Mesh | Computing normals
Fra:1 Mem:32.43M (Peak 34.47M) | Time:00:00.01 | Mem:4.51M, Peak:5.41M | Scene, ViewLayer | Updating Mesh | Copying Mesh to device
Fra:1 Mem:32.43M (Peak 34.47M) | Time:00:00.01 | Mem:5.31M, Peak:5.41M | Scene, ViewLayer | Updating Objects Flags
Fra:1 Mem:32.43M (Peak 34.47M) | Time:00:00.01 | Mem:5.32M, Peak:5.41M | Scene, ViewLayer | Updating Primitive Offsets
Fra:1 Mem:32.43M (Peak 34.47M) | Time:00:00.01 | Mem:5.32M, Peak:5.41M | Scene, ViewLayer | Updating Images
Fra:1 Mem:32.43M (Peak 34.47M) | Time:00:00.01 | Mem:5.32M, Peak:5.41M | Scene, ViewLayer | Updating Camera Volume
Fra:1 Mem:32.43M (Peak 34.47M) | Time:00:00.01 | Mem:5.32M, Peak:5.41M | Scene, ViewLayer | Updating Lookup Tables
Fra:1 Mem:32.43M (Peak 34.47M) | Time:00:00.01 | Mem:5.40M, Peak:5.41M | Scene, ViewLayer | Updating Lights
Fra:1 Mem:32.43M (Peak 34.47M) | Time:00:00.01 | Mem:5.40M, Peak:5.41M | Scene, ViewLayer | Updating Lights | Computing tree
Fra:1 Mem:32.43M (Peak 34.47M) | Time:00:00.01 | Mem:5.40M, Peak:5.41M | Scene, ViewLayer | Updating Integrator
Fra:1 Mem:32.43M (Peak 34.47M) | Time:00:00.01 | Mem:5.40M, Peak:5.41M | Scene, ViewLayer | Updating Film
Fra:1 Mem:32.44M (Peak 34.47M) | Time:00:00.01 | Mem:5.32M, Peak:5.41M | Scene, ViewLayer | Updating Lookup Tables
Fra:1 Mem:32.44M (Peak 34.47M) | Time:00:00.01 | Mem:5.40M, Peak:5.41M | Scene, ViewLayer | Updating Baking
Fra:1 Mem:32.44M (Peak 34.47M) | Time:00:00.01 | Mem:5.40M, Peak:5.41M | Scene, ViewLayer | Updating Device | Writing constant memory
Fra:1 Mem:32.44M (Peak 34.47M) | Time:00:00.01 | Mem:5.40M, Peak:5.41M | Scene, ViewLayer | Loading denoising kernels (may take a few minutes the first time)
Fra:1 Mem:32.44M (Peak 34.47M) | Time:00:00.01 | Mem:5.40M, Peak:5.41M | Scene, ViewLayer | Sample 0/20
Fra:1 Mem:51.46M (Peak 51.46M) | Time:00:00.07 | Remaining:00:01.02 | Mem:24.41M, Peak:24.41M | Scene, ViewLayer | Sample 1/20
Fra:1 Mem:59.47M (Peak 71.47M) | Time:00:01.95 | Mem:24.41M, Peak:24.41M | Scene, ViewLayer | Sample 20/20
Fra:1 Mem:59.47M (Peak 71.47M) | Time:00:01.95 | Mem:24.41M, Peak:24.41M | Scene, ViewLayer | Finished
Saved: '/Users/chikumatsuboi/Code/animal-racers-western/assets/source/western/revision2/qa/lion/upright/candidate-material.png'
Time: 00:01.97 (Saving: 00:00.01)

REVISION2_MATERIAL_PROOF lion upright candidate

Blender quit
