Blender 4.5.9 LTS (hash 8bf95cbd38d1 built 2026-04-21 01:30:46)
Read blend: "/Users/chikumatsuboi/Code/animal-racers-western/assets/source/western/lion-upright.blend"
Saved: '/Users/chikumatsuboi/Code/animal-racers-western/assets/source/western/upright-v1/qa/lion/three-quarter-transform/0001.png'
Time: 00:02.00 (Saving: 00:00.22)

Saved: '/Users/chikumatsuboi/Code/animal-racers-western/assets/source/western/upright-v1/qa/lion/three-quarter-transform/0003.png'
Time: 00:00.12 (Saving: 00:00.03)

Saved: '/Users/chikumatsuboi/Code/animal-racers-western/assets/source/western/upright-v1/qa/lion/three-quarter-transform/0005.png'
Time: 00:00.09 (Saving: 00:00.02)

Saved: '/Users/chikumatsuboi/Code/animal-racers-western/assets/source/western/upright-v1/qa/lion/three-quarter-transform/0007.png'
Time: 00:00.08 (Saving: 00:00.02)

Saved: '/Users/chikumatsuboi/Code/animal-racers-western/assets/source/western/upright-v1/qa/lion/three-quarter-transform/0009.png'
Time: 00:00.07 (Saving: 00:00.02)

Saved: '/Users/chikumatsuboi/Code/animal-racers-western/assets/source/western/upright-v1/qa/lion/three-quarter-transform/0011.png'
Time: 00:00.07 (Saving: 00:00.02)

Saved: '/Users/chikumatsuboi/Code/animal-racers-western/assets/source/western/upright-v1/qa/lion/three-quarter-transform/0013.png'
Time: 00:00.08 (Saving: 00:00.03)

Saved: '/Users/chikumatsuboi/Code/animal-racers-western/assets/source/western/upright-v1/qa/lion/three-quarter-transform/0015.png'
Time: 00:00.12 (Saving: 00:00.04)

Saved: '/Users/chikumatsuboi/Code/animal-racers-western/assets/source/western/upright-v1/qa/lion/three-quarter-transform/0017.png'
Time: 00:00.12 (Saving: 00:00.03)

Saved: '/Users/chikumatsuboi/Code/animal-racers-western/assets/source/western/upright-v1/qa/lion/three-quarter-transform/0019.png'
Time: 00:00.13 (Saving: 00:00.04)

Saved: '/Users/chikumatsuboi/Code/animal-racers-western/assets/source/western/upright-v1/qa/lion/three-quarter-transform/0021.png'
Time: 00:00.14 (Saving: 00:00.05)

Saved: '/Users/chikumatsuboi/Code/animal-racers-western/assets/source/western/upright-v1/qa/lion/three-quarter-transform/0023.png'
Time: 00:00.12 (Saving: 00:00.04)

Saved: '/Users/chikumatsuboi/Code/animal-racers-western/assets/source/western/upright-v1/qa/lion/three-quarter-transform/0025.png'
Time: 00:00.15 (Saving: 00:00.05)

Saved: '/Users/chikumatsuboi/Code/animal-racers-western/assets/source/western/upright-v1/qa/lion/three-quarter-transform/0027.png'
Time: 00:00.09 (Saving: 00:00.03)

Saved: '/Users/chikumatsuboi/Code/animal-racers-western/assets/source/western/upright-v1/qa/lion/three-quarter-transform/0029.png'
Time: 00:00.12 (Saving: 00:00.03)

Saved: '/Users/chikumatsuboi/Code/animal-racers-western/assets/source/western/upright-v1/qa/lion/three-quarter-transform/0031.png'
Time: 00:00.12 (Saving: 00:00.04)

Saved: '/Users/chikumatsuboi/Code/animal-racers-western/assets/source/western/upright-v1/qa/lion/three-quarter-transform/0033.png'
Time: 00:00.11 (Saving: 00:00.02)

Saved: '/Users/chikumatsuboi/Code/animal-racers-western/assets/source/western/upright-v1/qa/lion/three-quarter-transform/0035.png'
Time: 00:00.09 (Saving: 00:00.02)

Saved: '/Users/chikumatsuboi/Code/animal-racers-western/assets/source/western/upright-v1/qa/lion/three-quarter-transform/0037.png'
Time: 00:00.09 (Saving: 00:00.02)

Saved: '/Users/chikumatsuboi/Code/animal-racers-western/assets/source/western/upright-v1/qa/lion/three-quarter-fight_idle/0001.png'
Time: 00:00.12 (Saving: 00:00.03)

Saved: '/Users/chikumatsuboi/Code/animal-racers-western/assets/source/western/upright-v1/qa/lion/three-quarter-fight_idle/0003.png'
Time: 00:00.12 (Saving: 00:00.05)

Saved: '/Users/chikumatsuboi/Code/animal-racers-western/assets/source/western/upright-v1/qa/lion/three-quarter-fight_idle/0005.png'
Time: 00:00.16 (Saving: 00:00.05)

Saved: '/Users/chikumatsuboi/Code/animal-racers-western/assets/source/western/upright-v1/qa/lion/three-quarter-fight_idle/0007.png'
Time: 00:00.10 (Saving: 00:00.03)

Saved: '/Users/chikumatsuboi/Code/animal-racers-western/assets/source/western/upright-v1/qa/lion/three-quarter-fight_idle/0009.png'
Time: 00:00.17 (Saving: 00:00.07)

Saved: '/Users/chikumatsuboi/Code/animal-racers-western/assets/source/western/upright-v1/qa/lion/three-quarter-fight_idle/0011.png'
Time: 00:00.09 (Saving: 00:00.03)

Saved: '/Users/chikumatsuboi/Code/animal-racers-western/assets/source/western/upright-v1/qa/lion/three-quarter-fight_idle/0013.png'
Time: 00:00.15 (Saving: 00:00.06)

Saved: '/Users/chikumatsuboi/Code/animal-racers-western/assets/source/western/upright-v1/qa/lion/three-quarter-fight_idle/0015.png'
Time: 00:00.11 (Saving: 00:00.03)

Saved: '/Users/chikumatsuboi/Code/animal-racers-western/assets/source/western/upright-v1/qa/lion/three-quarter-fight_idle/0017.png'
Time: 00:00.14 (Saving: 00:00.05)

Saved: '/Users/chikumatsuboi/Code/animal-racers-western/assets/source/western/upright-v1/qa/lion/three-quarter-fight_idle/0019.png'
Time: 00:00.14 (Saving: 00:00.04)

Saved: '/Users/chikumatsuboi/Code/animal-racers-western/assets/source/western/upright-v1/qa/lion/three-quarter-fight_idle/0021.png'
Time: 00:00.12 (Saving: 00:00.03)

Saved: '/Users/chikumatsuboi/Code/animal-racers-western/assets/source/western/upright-v1/qa/lion/three-quarter-fight_idle/0023.png'
Time: 00:00.12 (Saving: 00:00.03)

Saved: '/Users/chikumatsuboi/Code/animal-racers-western/assets/source/western/upright-v1/qa/lion/three-quarter-fight_idle/0025.png'
Time: 00:00.08 (Saving: 00:00.02)

Saved: '/Users/chikumatsuboi/Code/animal-racers-western/assets/source/western/upright-v1/qa/lion/three-quarter-fight_idle/0027.png'
Time: 00:00.10 (Saving: 00:00.02)

Saved: '/Users/chikumatsuboi/Code/animal-racers-western/assets/source/western/upright-v1/qa/lion/three-quarter-fight_idle/0029.png'
Time: 00:00.15 (Saving: 00:00.03)

Saved: '/Users/chikumatsuboi/Code/animal-racers-western/assets/source/western/upright-v1/qa/lion/three-quarter-fight_idle/0031.png'
Time: 00:00.11 (Saving: 00:00.03)

Saved: '/Users/chikumatsuboi/Code/animal-racers-western/assets/source/western/upright-v1/qa/lion/three-quarter-fight_idle/0033.png'
Time: 00:00.11 (Saving: 00:00.03)

Saved: '/Users/chikumatsuboi/Code/animal-racers-western/assets/source/western/upright-v1/qa/lion/three-quarter-fight_idle/0035.png'
Time: 00:00.11 (Saving: 00:00.02)

Saved: '/Users/chikumatsuboi/Code/animal-racers-western/assets/source/western/upright-v1/qa/lion/three-quarter-fight_idle/0037.png'
Time: 00:00.08 (Saving: 00:00.02)

Saved: '/Users/chikumatsuboi/Code/animal-racers-western/assets/source/western/upright-v1/qa/lion/three-quarter-fight_idle/0039.png'
Time: 00:00.07 (Saving: 00:00.02)

Saved: '/Users/chikumatsuboi/Code/animal-racers-western/assets/source/western/upright-v1/qa/lion/three-quarter-fight_idle/0041.png'
Time: 00:00.07 (Saving: 00:00.02)

Saved: '/Users/chikumatsuboi/Code/animal-racers-western/assets/source/western/upright-v1/qa/lion/three-quarter-fight_idle/0043.png'
Time: 00:00.08 (Saving: 00:00.02)

Saved: '/Users/chikumatsuboi/Code/animal-racers-western/assets/source/western/upright-v1/qa/lion/three-quarter-fight_idle/0045.png'
Time: 00:00.10 (Saving: 00:00.03)

Saved: '/Users/chikumatsuboi/Code/animal-racers-western/assets/source/western/upright-v1/qa/lion/three-quarter-fight_idle/0047.png'
Time: 00:00.10 (Saving: 00:00.03)

Saved: '/Users/chikumatsuboi/Code/animal-racers-western/assets/source/western/upright-v1/qa/lion/three-quarter-fight_idle/0049.png'
Time: 00:00.10 (Saving: 00:00.03)

Saved: '/Users/chikumatsuboi/Code/animal-racers-western/assets/source/western/upright-v1/qa/lion/three-quarter-fight_idle/0051.png'
Time: 00:00.08 (Saving: 00:00.02)

Saved: '/Users/chikumatsuboi/Code/animal-racers-western/assets/source/western/upright-v1/qa/lion/three-quarter-fight_idle/0053.png'
Time: 00:00.08 (Saving: 00:00.02)

Saved: '/Users/chikumatsuboi/Code/animal-racers-western/assets/source/western/upright-v1/qa/lion/three-quarter-fight_idle/0055.png'
Time: 00:00.09 (Saving: 00:00.03)

Saved: '/Users/chikumatsuboi/Code/animal-racers-western/assets/source/western/upright-v1/qa/lion/three-quarter-fight_idle/0057.png'
Time: 00:00.09 (Saving: 00:00.02)

Saved: '/Users/chikumatsuboi/Code/animal-racers-western/assets/source/western/upright-v1/qa/lion/three-quarter-fight_idle/0059.png'
Time: 00:00.09 (Saving: 00:00.03)

Saved: '/Users/chikumatsuboi/Code/animal-racers-western/assets/source/western/upright-v1/qa/lion/three-quarter-fight_idle/0061.png'
Time: 00:00.11 (Saving: 00:00.04)

Saved: '/Users/chikumatsuboi/Code/animal-racers-western/assets/source/western/upright-v1/qa/lion/three-quarter-fight_move/0001.png'
Time: 00:00.10 (Saving: 00:00.03)

Saved: '/Users/chikumatsuboi/Code/animal-racers-western/assets/source/western/upright-v1/qa/lion/three-quarter-fight_move/0003.png'
Time: 00:00.11 (Saving: 00:00.03)

Saved: '/Users/chikumatsuboi/Code/animal-racers-western/assets/source/western/upright-v1/qa/lion/three-quarter-fight_move/0005.png'
Time: 00:00.10 (Saving: 00:00.02)

Saved: '/Users/chikumatsuboi/Code/animal-racers-western/assets/source/western/upright-v1/qa/lion/three-quarter-fight_move/0007.png'
Time: 00:00.12 (Saving: 00:00.03)

Saved: '/Users/chikumatsuboi/Code/animal-racers-western/assets/source/western/upright-v1/qa/lion/three-quarter-fight_move/0009.png'
Time: 00:00.12 (Saving: 00:00.02)

Saved: '/Users/chikumatsuboi/Code/animal-racers-western/assets/source/western/upright-v1/qa/lion/three-quarter-fight_move/0011.png'
Time: 00:00.11 (Saving: 00:00.03)

Saved: '/Users/chikumatsuboi/Code/animal-racers-western/assets/source/western/upright-v1/qa/lion/three-quarter-fight_move/0013.png'
Time: 00:00.12 (Saving: 00:00.04)

Saved: '/Users/chikumatsuboi/Code/animal-racers-western/assets/source/western/upright-v1/qa/lion/three-quarter-attack/0001.png'
Time: 00:00.08 (Saving: 00:00.03)

Saved: '/Users/chikumatsuboi/Code/animal-racers-western/assets/source/western/upright-v1/qa/lion/three-quarter-attack/0003.png'
Time: 00:00.10 (Saving: 00:00.03)

Saved: '/Users/chikumatsuboi/Code/animal-racers-western/assets/source/western/upright-v1/qa/lion/three-quarter-attack/0005.png'
Time: 00:00.10 (Saving: 00:00.02)

Saved: '/Users/chikumatsuboi/Code/animal-racers-western/assets/source/western/upright-v1/qa/lion/three-quarter-attack/0007.png'
Time: 00:00.09 (Saving: 00:00.02)

Saved: '/Users/chikumatsuboi/Code/animal-racers-western/assets/source/western/upright-v1/qa/lion/three-quarter-attack/0009.png'
Time: 00:00.12 (Saving: 00:00.04)

Saved: '/Users/chikumatsuboi/Code/animal-racers-western/assets/source/western/upright-v1/qa/lion/three-quarter-attack/0011.png'
Time: 00:00.08 (Saving: 00:00.02)

Saved: '/Users/chikumatsuboi/Code/animal-racers-western/assets/source/western/upright-v1/qa/lion/three-quarter-attack/0013.png'
Time: 00:00.16 (Saving: 00:00.08)

Saved: '/Users/chikumatsuboi/Code/animal-racers-western/assets/source/western/upright-v1/qa/lion/three-quarter-attack/0015.png'
Time: 00:00.14 (Saving: 00:00.07)

Saved: '/Users/chikumatsuboi/Code/animal-racers-western/assets/source/western/upright-v1/qa/lion/three-quarter-attack/0017.png'
Time: 00:00.11 (Saving: 00:00.03)

Saved: '/Users/chikumatsuboi/Code/animal-racers-western/assets/source/western/upright-v1/qa/lion/three-quarter-attack/0018.png'
Time: 00:00.15 (Saving: 00:00.05)

Saved: '/Users/chikumatsuboi/Code/animal-racers-western/assets/source/western/upright-v1/qa/lion/three-quarter-special/0001.png'
Time: 00:00.11 (Saving: 00:00.02)

Saved: '/Users/chikumatsuboi/Code/animal-racers-western/assets/source/western/upright-v1/qa/lion/three-quarter-special/0003.png'
Time: 00:00.09 (Saving: 00:00.02)

Saved: '/Users/chikumatsuboi/Code/animal-racers-western/assets/source/western/upright-v1/qa/lion/three-quarter-special/0005.png'
Time: 00:00.09 (Saving: 00:00.03)

Saved: '/Users/chikumatsuboi/Code/animal-racers-western/assets/source/western/upright-v1/qa/lion/three-quarter-special/0007.png'
Time: 00:00.11 (Saving: 00:00.04)

Saved: '/Users/chikumatsuboi/Code/animal-racers-western/assets/source/western/upright-v1/qa/lion/three-quarter-special/0009.png'
Time: 00:00.11 (Saving: 00:00.04)

Saved: '/Users/chikumatsuboi/Code/animal-racers-western/assets/source/western/upright-v1/qa/lion/three-quarter-special/0011.png'
Time: 00:00.11 (Saving: 00:00.03)

Saved: '/Users/chikumatsuboi/Code/animal-racers-western/assets/source/western/upright-v1/qa/lion/three-quarter-special/0013.png'
Time: 00:00.16 (Saving: 00:00.06)

Saved: '/Users/chikumatsuboi/Code/animal-racers-western/assets/source/western/upright-v1/qa/lion/three-quarter-special/0015.png'
Time: 00:00.10 (Saving: 00:00.03)

Saved: '/Users/chikumatsuboi/Code/animal-racers-western/assets/source/western/upright-v1/qa/lion/three-quarter-special/0017.png'
Time: 00:00.09 (Saving: 00:00.03)

Saved: '/Users/chikumatsuboi/Code/animal-racers-western/assets/source/western/upright-v1/qa/lion/three-quarter-special/0019.png'
Time: 00:00.10 (Saving: 00:00.03)

Saved: '/Users/chikumatsuboi/Code/animal-racers-western/assets/source/western/upright-v1/qa/lion/three-quarter-special/0021.png'
Time: 00:00.12 (Saving: 00:00.03)

Saved: '/Users/chikumatsuboi/Code/animal-racers-western/assets/source/western/upright-v1/qa/lion/three-quarter-special/0023.png'
Time: 00:00.10 (Saving: 00:00.02)

Saved: '/Users/chikumatsuboi/Code/animal-racers-western/assets/source/western/upright-v1/qa/lion/three-quarter-special/0025.png'
Time: 00:00.08 (Saving: 00:00.02)

Saved: '/Users/chikumatsuboi/Code/animal-racers-western/assets/source/western/upright-v1/qa/lion/three-quarter-special/0027.png'
Time: 00:00.08 (Saving: 00:00.02)

Saved: '/Users/chikumatsuboi/Code/animal-racers-western/assets/source/western/upright-v1/qa/lion/three-quarter-special/0029.png'
Time: 00:00.11 (Saving: 00:00.03)

Saved: '/Users/chikumatsuboi/Code/animal-racers-western/assets/source/western/upright-v1/qa/lion/three-quarter-guard/0001.png'
Time: 00:00.13 (Saving: 00:00.06)

Saved: '/Users/chikumatsuboi/Code/animal-racers-western/assets/source/western/upright-v1/qa/lion/three-quarter-guard/0003.png'
Time: 00:00.19 (Saving: 00:00.10)

Saved: '/Users/chikumatsuboi/Code/animal-racers-western/assets/source/western/upright-v1/qa/lion/three-quarter-guard/0005.png'
Time: 00:00.12 (Saving: 00:00.04)

Saved: '/Users/chikumatsuboi/Code/animal-racers-western/assets/source/western/upright-v1/qa/lion/three-quarter-guard/0007.png'
Time: 00:00.14 (Saving: 00:00.06)

Saved: '/Users/chikumatsuboi/Code/animal-racers-western/assets/source/western/upright-v1/qa/lion/three-quarter-guard/0009.png'
Time: 00:00.09 (Saving: 00:00.02)

Saved: '/Users/chikumatsuboi/Code/animal-racers-western/assets/source/western/upright-v1/qa/lion/three-quarter-guard/0011.png'
Time: 00:00.06 (Saving: 00:00.02)

Saved: '/Users/chikumatsuboi/Code/animal-racers-western/assets/source/western/upright-v1/qa/lion/three-quarter-guard/0013.png'
Time: 00:00.08 (Saving: 00:00.02)

Saved: '/Users/chikumatsuboi/Code/animal-racers-western/assets/source/western/upright-v1/qa/lion/three-quarter-guard/0015.png'
Time: 00:00.07 (Saving: 00:00.02)

Saved: '/Users/chikumatsuboi/Code/animal-racers-western/assets/source/western/upright-v1/qa/lion/three-quarter-guard/0017.png'
Time: 00:00.09 (Saving: 00:00.03)

Saved: '/Users/chikumatsuboi/Code/animal-racers-western/assets/source/western/upright-v1/qa/lion/three-quarter-guard/0019.png'
Time: 00:00.09 (Saving: 00:00.03)

Saved: '/Users/chikumatsuboi/Code/animal-racers-western/assets/source/western/upright-v1/qa/lion/three-quarter-hit/0001.png'
Time: 00:00.10 (Saving: 00:00.03)

Saved: '/Users/chikumatsuboi/Code/animal-racers-western/assets/source/western/upright-v1/qa/lion/three-quarter-hit/0003.png'
Time: 00:00.12 (Saving: 00:00.04)

Saved: '/Users/chikumatsuboi/Code/animal-racers-western/assets/source/western/upright-v1/qa/lion/three-quarter-hit/0005.png'
Time: 00:00.10 (Saving: 00:00.02)

Saved: '/Users/chikumatsuboi/Code/animal-racers-western/assets/source/western/upright-v1/qa/lion/three-quarter-hit/0007.png'
Time: 00:00.10 (Saving: 00:00.02)

Saved: '/Users/chikumatsuboi/Code/animal-racers-western/assets/source/western/upright-v1/qa/lion/three-quarter-hit/0009.png'
Time: 00:00.08 (Saving: 00:00.03)

Saved: '/Users/chikumatsuboi/Code/animal-racers-western/assets/source/western/upright-v1/qa/lion/three-quarter-hit/0011.png'
Time: 00:00.10 (Saving: 00:00.03)

Saved: '/Users/chikumatsuboi/Code/animal-racers-western/assets/source/western/upright-v1/qa/lion/three-quarter-hit/0013.png'
Time: 00:00.12 (Saving: 00:00.04)

Saved: '/Users/chikumatsuboi/Code/animal-racers-western/assets/source/western/upright-v1/qa/lion/three-quarter-defeat/0001.png'
Time: 00:00.09 (Saving: 00:00.03)

Saved: '/Users/chikumatsuboi/Code/animal-racers-western/assets/source/western/upright-v1/qa/lion/three-quarter-defeat/0003.png'
Time: 00:00.11 (Saving: 00:00.04)

Saved: '/Users/chikumatsuboi/Code/animal-racers-western/assets/source/western/upright-v1/qa/lion/three-quarter-defeat/0005.png'
Time: 00:00.09 (Saving: 00:00.03)

Saved: '/Users/chikumatsuboi/Code/animal-racers-western/assets/source/western/upright-v1/qa/lion/three-quarter-defeat/0007.png'
Time: 00:00.13 (Saving: 00:00.03)

Saved: '/Users/chikumatsuboi/Code/animal-racers-western/assets/source/western/upright-v1/qa/lion/three-quarter-defeat/0009.png'
Time: 00:00.11 (Saving: 00:00.03)

Saved: '/Users/chikumatsuboi/Code/animal-racers-western/assets/source/western/upright-v1/qa/lion/three-quarter-defeat/0011.png'
Time: 00:00.07 (Saving: 00:00.02)

Saved: '/Users/chikumatsuboi/Code/animal-racers-western/assets/source/western/upright-v1/qa/lion/three-quarter-defeat/0013.png'
Time: 00:00.08 (Saving: 00:00.02)

Saved: '/Users/chikumatsuboi/Code/animal-racers-western/assets/source/western/upright-v1/qa/lion/three-quarter-defeat/0015.png'
Time: 00:00.12 (Saving: 00:00.04)

Saved: '/Users/chikumatsuboi/Code/animal-racers-western/assets/source/western/upright-v1/qa/lion/three-quarter-defeat/0017.png'
Time: 00:00.10 (Saving: 00:00.03)

Saved: '/Users/chikumatsuboi/Code/animal-racers-western/assets/source/western/upright-v1/qa/lion/three-quarter-defeat/0019.png'
Time: 00:00.09 (Saving: 00:00.03)

Saved: '/Users/chikumatsuboi/Code/animal-racers-western/assets/source/western/upright-v1/qa/lion/three-quarter-defeat/0021.png'
Time: 00:00.12 (Saving: 00:00.02)

Saved: '/Users/chikumatsuboi/Code/animal-racers-western/assets/source/western/upright-v1/qa/lion/three-quarter-defeat/0023.png'
Time: 00:00.10 (Saving: 00:00.03)

Saved: '/Users/chikumatsuboi/Code/animal-racers-western/assets/source/western/upright-v1/qa/lion/three-quarter-defeat/0025.png'
Time: 00:00.09 (Saving: 00:00.03)

Saved: '/Users/chikumatsuboi/Code/animal-racers-western/assets/source/western/upright-v1/qa/lion/three-quarter-defeat/0027.png'
Time: 00:00.10 (Saving: 00:00.02)

Saved: '/Users/chikumatsuboi/Code/animal-racers-western/assets/source/western/upright-v1/qa/lion/three-quarter-defeat/0029.png'
Time: 00:00.10 (Saving: 00:00.03)

Saved: '/Users/chikumatsuboi/Code/animal-racers-western/assets/source/western/upright-v1/qa/lion/three-quarter-defeat/0031.png'
Time: 00:00.11 (Saving: 00:00.04)

Saved: '/Users/chikumatsuboi/Code/animal-racers-western/assets/source/western/upright-v1/qa/lion/three-quarter-defeat/0033.png'
Time: 00:00.10 (Saving: 00:00.03)

Saved: '/Users/chikumatsuboi/Code/animal-racers-western/assets/source/western/upright-v1/qa/lion/three-quarter-defeat/0035.png'
Time: 00:00.08 (Saving: 00:00.02)

Saved: '/Users/chikumatsuboi/Code/animal-racers-western/assets/source/western/upright-v1/qa/lion/three-quarter-defeat/0037.png'
Time: 00:00.09 (Saving: 00:00.02)

Saved: '/Users/chikumatsuboi/Code/animal-racers-western/assets/source/western/upright-v1/qa/lion/three-quarter-defeat/0039.png'
Time: 00:00.11 (Saving: 00:00.03)

Saved: '/Users/chikumatsuboi/Code/animal-racers-western/assets/source/western/upright-v1/qa/lion/three-quarter-defeat/0040.png'
Time: 00:00.15 (Saving: 00:00.05)

Saved: '/Users/chikumatsuboi/Code/animal-racers-western/assets/source/western/upright-v1/qa/lion/three-quarter-celebrate/0001.png'
Time: 00:00.09 (Saving: 00:00.02)

Saved: '/Users/chikumatsuboi/Code/animal-racers-western/assets/source/western/upright-v1/qa/lion/three-quarter-celebrate/0003.png'
Time: 00:00.14 (Saving: 00:00.06)

Saved: '/Users/chikumatsuboi/Code/animal-racers-western/assets/source/western/upright-v1/qa/lion/three-quarter-celebrate/0005.png'
Time: 00:00.12 (Saving: 00:00.06)

Saved: '/Users/chikumatsuboi/Code/animal-racers-western/assets/source/western/upright-v1/qa/lion/three-quarter-celebrate/0007.png'
Time: 00:00.09 (Saving: 00:00.02)

Saved: '/Users/chikumatsuboi/Code/animal-racers-western/assets/source/western/upright-v1/qa/lion/three-quarter-celebrate/0009.png'
Time: 00:00.10 (Saving: 00:00.04)

Saved: '/Users/chikumatsuboi/Code/animal-racers-western/assets/source/western/upright-v1/qa/lion/three-quarter-celebrate/0011.png'
Time: 00:00.11 (Saving: 00:00.03)

Saved: '/Users/chikumatsuboi/Code/animal-racers-western/assets/source/western/upright-v1/qa/lion/three-quarter-celebrate/0013.png'
Time: 00:00.08 (Saving: 00:00.02)

Saved: '/Users/chikumatsuboi/Code/animal-racers-western/assets/source/western/upright-v1/qa/lion/three-quarter-celebrate/0015.png'
Time: 00:00.07 (Saving: 00:00.02)

Saved: '/Users/chikumatsuboi/Code/animal-racers-western/assets/source/western/upright-v1/qa/lion/three-quarter-celebrate/0017.png'
Time: 00:00.08 (Saving: 00:00.03)

Saved: '/Users/chikumatsuboi/Code/animal-racers-western/assets/source/western/upright-v1/qa/lion/three-quarter-celebrate/0019.png'
Time: 00:00.10 (Saving: 00:00.03)

Saved: '/Users/chikumatsuboi/Code/animal-racers-western/assets/source/western/upright-v1/qa/lion/three-quarter-celebrate/0021.png'
Time: 00:00.08 (Saving: 00:00.02)

Saved: '/Users/chikumatsuboi/Code/animal-racers-western/assets/source/western/upright-v1/qa/lion/three-quarter-celebrate/0023.png'
Time: 00:00.07 (Saving: 00:00.02)

Saved: '/Users/chikumatsuboi/Code/animal-racers-western/assets/source/western/upright-v1/qa/lion/three-quarter-celebrate/0025.png'
Time: 00:00.08 (Saving: 00:00.02)

Saved: '/Users/chikumatsuboi/Code/animal-racers-western/assets/source/western/upright-v1/qa/lion/three-quarter-celebrate/0027.png'
Time: 00:00.09 (Saving: 00:00.03)

Saved: '/Users/chikumatsuboi/Code/animal-racers-western/assets/source/western/upright-v1/qa/lion/three-quarter-celebrate/0029.png'
Time: 00:00.13 (Saving: 00:00.03)

Saved: '/Users/chikumatsuboi/Code/animal-racers-western/assets/source/western/upright-v1/qa/lion/three-quarter-celebrate/0031.png'
Time: 00:00.11 (Saving: 00:00.03)

Saved: '/Users/chikumatsuboi/Code/animal-racers-western/assets/source/western/upright-v1/qa/lion/three-quarter-celebrate/0033.png'
Time: 00:00.12 (Saving: 00:00.04)

Saved: '/Users/chikumatsuboi/Code/animal-racers-western/assets/source/western/upright-v1/qa/lion/three-quarter-celebrate/0035.png'
Time: 00:00.10 (Saving: 00:00.03)

Saved: '/Users/chikumatsuboi/Code/animal-racers-western/assets/source/western/upright-v1/qa/lion/three-quarter-celebrate/0037.png'
Time: 00:00.11 (Saving: 00:00.04)

Saved: '/Users/chikumatsuboi/Code/animal-racers-western/assets/source/western/upright-v1/qa/lion/three-quarter-celebrate/0039.png'
Time: 00:00.08 (Saving: 00:00.02)

Saved: '/Users/chikumatsuboi/Code/animal-racers-western/assets/source/western/upright-v1/qa/lion/three-quarter-celebrate/0041.png'
Time: 00:00.17 (Saving: 00:00.07)

Saved: '/Users/chikumatsuboi/Code/animal-racers-western/assets/source/western/upright-v1/qa/lion/three-quarter-celebrate/0043.png'
Time: 00:00.15 (Saving: 00:00.05)

Saved: '/Users/chikumatsuboi/Code/animal-racers-western/assets/source/western/upright-v1/qa/lion/three-quarter-celebrate/0045.png'
Time: 00:00.16 (Saving: 00:00.08)

Saved: '/Users/chikumatsuboi/Code/animal-racers-western/assets/source/western/upright-v1/qa/lion/three-quarter-celebrate/0047.png'
Time: 00:00.14 (Saving: 00:00.03)

Saved: '/Users/chikumatsuboi/Code/animal-racers-western/assets/source/western/upright-v1/qa/lion/three-quarter-celebrate/0049.png'
Time: 00:00.11 (Saving: 00:00.04)

Saved: '/Users/chikumatsuboi/Code/animal-racers-western/assets/source/western/upright-v1/qa/lion/three-quarter-celebrate/0051.png'
Time: 00:00.11 (Saving: 00:00.03)

Saved: '/Users/chikumatsuboi/Code/animal-racers-western/assets/source/western/upright-v1/qa/lion/three-quarter-celebrate/0053.png'
Time: 00:00.10 (Saving: 00:00.03)

Saved: '/Users/chikumatsuboi/Code/animal-racers-western/assets/source/western/upright-v1/qa/lion/three-quarter-celebrate/0055.png'
Time: 00:00.10 (Saving: 00:00.03)

Saved: '/Users/chikumatsuboi/Code/animal-racers-western/assets/source/western/upright-v1/qa/lion/three-quarter-celebrate/0057.png'
Time: 00:00.11 (Saving: 00:00.03)

Saved: '/Users/chikumatsuboi/Code/animal-racers-western/assets/source/western/upright-v1/qa/lion/three-quarter-celebrate/0059.png'
Time: 00:00.09 (Saving: 00:00.03)

Saved: '/Users/chikumatsuboi/Code/animal-racers-western/assets/source/western/upright-v1/qa/lion/three-quarter-celebrate/0061.png'
Time: 00:00.12 (Saving: 00:00.03)

Saved: '/Users/chikumatsuboi/Code/animal-racers-western/assets/source/western/upright-v1/qa/lion/three-quarter-jump/0001.png'
Time: 00:00.11 (Saving: 00:00.04)

Saved: '/Users/chikumatsuboi/Code/animal-racers-western/assets/source/western/upright-v1/qa/lion/three-quarter-jump/0003.png'
Time: 00:00.09 (Saving: 00:00.02)

Saved: '/Users/chikumatsuboi/Code/animal-racers-western/assets/source/western/upright-v1/qa/lion/three-quarter-jump/0005.png'
Time: 00:00.07 (Saving: 00:00.02)

Saved: '/Users/chikumatsuboi/Code/animal-racers-western/assets/source/western/upright-v1/qa/lion/three-quarter-jump/0007.png'
Time: 00:00.07 (Saving: 00:00.02)

Saved: '/Users/chikumatsuboi/Code/animal-racers-western/assets/source/western/upright-v1/qa/lion/three-quarter-jump/0009.png'
Time: 00:00.11 (Saving: 00:00.03)

Saved: '/Users/chikumatsuboi/Code/animal-racers-western/assets/source/western/upright-v1/qa/lion/three-quarter-jump/0011.png'
Time: 00:00.11 (Saving: 00:00.03)

Saved: '/Users/chikumatsuboi/Code/animal-racers-western/assets/source/western/upright-v1/qa/lion/three-quarter-jump/0013.png'
Time: 00:00.12 (Saving: 00:00.03)

Saved: '/Users/chikumatsuboi/Code/animal-racers-western/assets/source/western/upright-v1/qa/lion/three-quarter-jump/0015.png'
Time: 00:00.11 (Saving: 00:00.03)

Saved: '/Users/chikumatsuboi/Code/animal-racers-western/assets/source/western/upright-v1/qa/lion/three-quarter-jump/0017.png'
Time: 00:00.11 (Saving: 00:00.03)

Saved: '/Users/chikumatsuboi/Code/animal-racers-western/assets/source/western/upright-v1/qa/lion/three-quarter-jump/0019.png'
Time: 00:00.12 (Saving: 00:00.03)

Saved: '/Users/chikumatsuboi/Code/animal-racers-western/assets/source/western/upright-v1/qa/lion/three-quarter-jump/0021.png'
Time: 00:00.12 (Saving: 00:00.03)

Saved: '/Users/chikumatsuboi/Code/animal-racers-western/assets/source/western/upright-v1/qa/lion/three-quarter-jump/0023.png'
Time: 00:00.10 (Saving: 00:00.03)

Saved: '/Users/chikumatsuboi/Code/animal-racers-western/assets/source/western/upright-v1/qa/lion/three-quarter-jump/0025.png'
Time: 00:00.10 (Saving: 00:00.03)

Saved: '/Users/chikumatsuboi/Code/animal-racers-western/assets/source/western/upright-v1/qa/lion/three-quarter-land/0001.png'
Time: 00:00.11 (Saving: 00:00.03)

Saved: '/Users/chikumatsuboi/Code/animal-racers-western/assets/source/western/upright-v1/qa/lion/three-quarter-land/0003.png'
Time: 00:00.09 (Saving: 00:00.02)

Saved: '/Users/chikumatsuboi/Code/animal-racers-western/assets/source/western/upright-v1/qa/lion/three-quarter-land/0005.png'
Time: 00:00.08 (Saving: 00:00.03)

Saved: '/Users/chikumatsuboi/Code/animal-racers-western/assets/source/western/upright-v1/qa/lion/three-quarter-land/0007.png'
Time: 00:00.10 (Saving: 00:00.03)

Saved: '/Users/chikumatsuboi/Code/animal-racers-western/assets/source/western/upright-v1/qa/lion/three-quarter-land/0009.png'
Time: 00:00.08 (Saving: 00:00.02)

Saved: '/Users/chikumatsuboi/Code/animal-racers-western/assets/source/western/upright-v1/qa/lion/three-quarter-land/0010.png'
Time: 00:00.09 (Saving: 00:00.03)

Saved: '/Users/chikumatsuboi/Code/animal-racers-western/assets/source/western/upright-v1/qa/lion/side-attack.png'
Time: 00:00.14 (Saving: 00:00.07)

Saved: '/Users/chikumatsuboi/Code/animal-racers-western/assets/source/western/upright-v1/qa/lion/side-special.png'
Time: 00:00.15 (Saving: 00:00.07)

Saved: '/Users/chikumatsuboi/Code/animal-racers-western/assets/source/western/upright-v1/qa/lion/side-defeat.png'
Time: 00:00.11 (Saving: 00:00.05)

Saved: '/Users/chikumatsuboi/Code/animal-racers-western/assets/source/western/upright-v1/qa/lion/side-celebrate.png'
Time: 00:00.12 (Saving: 00:00.06)

Saved: '/Users/chikumatsuboi/Code/animal-racers-western/assets/source/western/upright-v1/qa/lion/side-transform/0001.png'
Time: 00:00.12 (Saving: 00:00.04)

Saved: '/Users/chikumatsuboi/Code/animal-racers-western/assets/source/western/upright-v1/qa/lion/side-transform/0003.png'
Time: 00:00.08 (Saving: 00:00.02)

Saved: '/Users/chikumatsuboi/Code/animal-racers-western/assets/source/western/upright-v1/qa/lion/side-transform/0005.png'
Time: 00:00.10 (Saving: 00:00.03)

Saved: '/Users/chikumatsuboi/Code/animal-racers-western/assets/source/western/upright-v1/qa/lion/side-transform/0007.png'
Time: 00:00.15 (Saving: 00:00.04)

Saved: '/Users/chikumatsuboi/Code/animal-racers-western/assets/source/western/upright-v1/qa/lion/side-transform/0009.png'
Time: 00:00.14 (Saving: 00:00.04)

Saved: '/Users/chikumatsuboi/Code/animal-racers-western/assets/source/western/upright-v1/qa/lion/side-transform/0011.png'
Time: 00:00.10 (Saving: 00:00.03)

Saved: '/Users/chikumatsuboi/Code/animal-racers-western/assets/source/western/upright-v1/qa/lion/side-transform/0013.png'
Time: 00:00.09 (Saving: 00:00.02)

Saved: '/Users/chikumatsuboi/Code/animal-racers-western/assets/source/western/upright-v1/qa/lion/side-transform/0015.png'
Time: 00:00.11 (Saving: 00:00.04)

Saved: '/Users/chikumatsuboi/Code/animal-racers-western/assets/source/western/upright-v1/qa/lion/side-transform/0017.png'
Time: 00:00.10 (Saving: 00:00.02)

Saved: '/Users/chikumatsuboi/Code/animal-racers-western/assets/source/western/upright-v1/qa/lion/side-transform/0019.png'
Time: 00:00.06 (Saving: 00:00.02)

Saved: '/Users/chikumatsuboi/Code/animal-racers-western/assets/source/western/upright-v1/qa/lion/side-transform/0021.png'
Time: 00:00.07 (Saving: 00:00.02)

Saved: '/Users/chikumatsuboi/Code/animal-racers-western/assets/source/western/upright-v1/qa/lion/side-transform/0023.png'
Time: 00:00.07 (Saving: 00:00.02)

Saved: '/Users/chikumatsuboi/Code/animal-racers-western/assets/source/western/upright-v1/qa/lion/side-transform/0025.png'
Time: 00:00.08 (Saving: 00:00.03)

Saved: '/Users/chikumatsuboi/Code/animal-racers-western/assets/source/western/upright-v1/qa/lion/side-transform/0027.png'
Time: 00:00.10 (Saving: 00:00.02)

Saved: '/Users/chikumatsuboi/Code/animal-racers-western/assets/source/western/upright-v1/qa/lion/side-transform/0029.png'
Time: 00:00.08 (Saving: 00:00.03)

Saved: '/Users/chikumatsuboi/Code/animal-racers-western/assets/source/western/upright-v1/qa/lion/side-transform/0031.png'
Time: 00:00.08 (Saving: 00:00.02)

Saved: '/Users/chikumatsuboi/Code/animal-racers-western/assets/source/western/upright-v1/qa/lion/side-transform/0033.png'
Time: 00:00.09 (Saving: 00:00.03)

Saved: '/Users/chikumatsuboi/Code/animal-racers-western/assets/source/western/upright-v1/qa/lion/side-transform/0035.png'
Time: 00:00.08 (Saving: 00:00.02)

Saved: '/Users/chikumatsuboi/Code/animal-racers-western/assets/source/western/upright-v1/qa/lion/side-transform/0037.png'
Time: 00:00.13 (Saving: 00:00.05)

Saved: '/Users/chikumatsuboi/Code/animal-racers-western/assets/source/western/upright-v1/qa/lion/side-fight_idle/0001.png'
Time: 00:00.08 (Saving: 00:00.03)

Saved: '/Users/chikumatsuboi/Code/animal-racers-western/assets/source/western/upright-v1/qa/lion/side-fight_idle/0003.png'
Time: 00:00.07 (Saving: 00:00.02)

Saved: '/Users/chikumatsuboi/Code/animal-racers-western/assets/source/western/upright-v1/qa/lion/side-fight_idle/0005.png'
Time: 00:00.10 (Saving: 00:00.03)

Saved: '/Users/chikumatsuboi/Code/animal-racers-western/assets/source/western/upright-v1/qa/lion/side-fight_idle/0007.png'
Time: 00:00.11 (Saving: 00:00.03)

Saved: '/Users/chikumatsuboi/Code/animal-racers-western/assets/source/western/upright-v1/qa/lion/side-fight_idle/0009.png'
Time: 00:00.08 (Saving: 00:00.02)

Saved: '/Users/chikumatsuboi/Code/animal-racers-western/assets/source/western/upright-v1/qa/lion/side-fight_idle/0011.png'
Time: 00:00.07 (Saving: 00:00.02)

Saved: '/Users/chikumatsuboi/Code/animal-racers-western/assets/source/western/upright-v1/qa/lion/side-fight_idle/0013.png'
Time: 00:00.08 (Saving: 00:00.02)

Saved: '/Users/chikumatsuboi/Code/animal-racers-western/assets/source/western/upright-v1/qa/lion/side-fight_idle/0015.png'
Time: 00:00.08 (Saving: 00:00.02)

Saved: '/Users/chikumatsuboi/Code/animal-racers-western/assets/source/western/upright-v1/qa/lion/side-fight_idle/0017.png'
Time: 00:00.12 (Saving: 00:00.03)

Saved: '/Users/chikumatsuboi/Code/animal-racers-western/assets/source/western/upright-v1/qa/lion/side-fight_idle/0019.png'
Time: 00:00.10 (Saving: 00:00.03)

Saved: '/Users/chikumatsuboi/Code/animal-racers-western/assets/source/western/upright-v1/qa/lion/side-fight_idle/0021.png'
Time: 00:00.07 (Saving: 00:00.02)

Saved: '/Users/chikumatsuboi/Code/animal-racers-western/assets/source/western/upright-v1/qa/lion/side-fight_idle/0023.png'
Time: 00:00.07 (Saving: 00:00.02)

Saved: '/Users/chikumatsuboi/Code/animal-racers-western/assets/source/western/upright-v1/qa/lion/side-fight_idle/0025.png'
Time: 00:00.08 (Saving: 00:00.02)

Saved: '/Users/chikumatsuboi/Code/animal-racers-western/assets/source/western/upright-v1/qa/lion/side-fight_idle/0027.png'
Time: 00:00.11 (Saving: 00:00.03)

Saved: '/Users/chikumatsuboi/Code/animal-racers-western/assets/source/western/upright-v1/qa/lion/side-fight_idle/0029.png'
Time: 00:00.13 (Saving: 00:00.03)

Saved: '/Users/chikumatsuboi/Code/animal-racers-western/assets/source/western/upright-v1/qa/lion/side-fight_idle/0031.png'
Time: 00:00.10 (Saving: 00:00.03)

Saved: '/Users/chikumatsuboi/Code/animal-racers-western/assets/source/western/upright-v1/qa/lion/side-fight_idle/0033.png'
Time: 00:00.09 (Saving: 00:00.02)

Saved: '/Users/chikumatsuboi/Code/animal-racers-western/assets/source/western/upright-v1/qa/lion/side-fight_idle/0035.png'
Time: 00:00.10 (Saving: 00:00.02)

Saved: '/Users/chikumatsuboi/Code/animal-racers-western/assets/source/western/upright-v1/qa/lion/side-fight_idle/0037.png'
Time: 00:00.11 (Saving: 00:00.04)

Saved: '/Users/chikumatsuboi/Code/animal-racers-western/assets/source/western/upright-v1/qa/lion/side-fight_idle/0039.png'
Time: 00:00.12 (Saving: 00:00.04)

Saved: '/Users/chikumatsuboi/Code/animal-racers-western/assets/source/western/upright-v1/qa/lion/side-fight_idle/0041.png'
Time: 00:00.11 (Saving: 00:00.03)

Saved: '/Users/chikumatsuboi/Code/animal-racers-western/assets/source/western/upright-v1/qa/lion/side-fight_idle/0043.png'
Time: 00:00.08 (Saving: 00:00.02)

Saved: '/Users/chikumatsuboi/Code/animal-racers-western/assets/source/western/upright-v1/qa/lion/side-fight_idle/0045.png'
Time: 00:00.08 (Saving: 00:00.02)

Saved: '/Users/chikumatsuboi/Code/animal-racers-western/assets/source/western/upright-v1/qa/lion/side-fight_idle/0047.png'
Time: 00:00.09 (Saving: 00:00.03)

Saved: '/Users/chikumatsuboi/Code/animal-racers-western/assets/source/western/upright-v1/qa/lion/side-fight_idle/0049.png'
Time: 00:00.09 (Saving: 00:00.03)

Saved: '/Users/chikumatsuboi/Code/animal-racers-western/assets/source/western/upright-v1/qa/lion/side-fight_idle/0051.png'
Time: 00:00.15 (Saving: 00:00.05)

Saved: '/Users/chikumatsuboi/Code/animal-racers-western/assets/source/western/upright-v1/qa/lion/side-fight_idle/0053.png'
Time: 00:00.13 (Saving: 00:00.02)

Saved: '/Users/chikumatsuboi/Code/animal-racers-western/assets/source/western/upright-v1/qa/lion/side-fight_idle/0055.png'
Time: 00:00.07 (Saving: 00:00.02)

Saved: '/Users/chikumatsuboi/Code/animal-racers-western/assets/source/western/upright-v1/qa/lion/side-fight_idle/0057.png'
Time: 00:00.09 (Saving: 00:00.03)

Saved: '/Users/chikumatsuboi/Code/animal-racers-western/assets/source/western/upright-v1/qa/lion/side-fight_idle/0059.png'
Time: 00:00.13 (Saving: 00:00.03)

Saved: '/Users/chikumatsuboi/Code/animal-racers-western/assets/source/western/upright-v1/qa/lion/side-fight_idle/0061.png'
Time: 00:00.11 (Saving: 00:00.03)

Saved: '/Users/chikumatsuboi/Code/animal-racers-western/assets/source/western/upright-v1/qa/lion/side-fight_move/0001.png'
Time: 00:00.11 (Saving: 00:00.03)

Saved: '/Users/chikumatsuboi/Code/animal-racers-western/assets/source/western/upright-v1/qa/lion/side-fight_move/0003.png'
Time: 00:00.09 (Saving: 00:00.02)

Saved: '/Users/chikumatsuboi/Code/animal-racers-western/assets/source/western/upright-v1/qa/lion/side-fight_move/0005.png'
Time: 00:00.10 (Saving: 00:00.03)

Saved: '/Users/chikumatsuboi/Code/animal-racers-western/assets/source/western/upright-v1/qa/lion/side-fight_move/0007.png'
Time: 00:00.11 (Saving: 00:00.03)

Saved: '/Users/chikumatsuboi/Code/animal-racers-western/assets/source/western/upright-v1/qa/lion/side-fight_move/0009.png'
Time: 00:00.10 (Saving: 00:00.03)

Saved: '/Users/chikumatsuboi/Code/animal-racers-western/assets/source/western/upright-v1/qa/lion/side-fight_move/0011.png'
Time: 00:00.08 (Saving: 00:00.02)

Saved: '/Users/chikumatsuboi/Code/animal-racers-western/assets/source/western/upright-v1/qa/lion/side-fight_move/0013.png'
Time: 00:00.10 (Saving: 00:00.03)

Saved: '/Users/chikumatsuboi/Code/animal-racers-western/assets/source/western/upright-v1/qa/lion/side-attack/0001.png'
Time: 00:00.10 (Saving: 00:00.03)

Saved: '/Users/chikumatsuboi/Code/animal-racers-western/assets/source/western/upright-v1/qa/lion/side-attack/0003.png'
Time: 00:00.08 (Saving: 00:00.02)

Saved: '/Users/chikumatsuboi/Code/animal-racers-western/assets/source/western/upright-v1/qa/lion/side-attack/0005.png'
Time: 00:00.08 (Saving: 00:00.02)

Saved: '/Users/chikumatsuboi/Code/animal-racers-western/assets/source/western/upright-v1/qa/lion/side-attack/0007.png'
Time: 00:00.08 (Saving: 00:00.02)

Saved: '/Users/chikumatsuboi/Code/animal-racers-western/assets/source/western/upright-v1/qa/lion/side-attack/0009.png'
Time: 00:00.10 (Saving: 00:00.03)

Saved: '/Users/chikumatsuboi/Code/animal-racers-western/assets/source/western/upright-v1/qa/lion/side-attack/0011.png'
Time: 00:00.10 (Saving: 00:00.03)

Saved: '/Users/chikumatsuboi/Code/animal-racers-western/assets/source/western/upright-v1/qa/lion/side-attack/0013.png'
Time: 00:00.11 (Saving: 00:00.03)

Saved: '/Users/chikumatsuboi/Code/animal-racers-western/assets/source/western/upright-v1/qa/lion/side-attack/0015.png'
Time: 00:00.11 (Saving: 00:00.04)

Saved: '/Users/chikumatsuboi/Code/animal-racers-western/assets/source/western/upright-v1/qa/lion/side-attack/0017.png'
Time: 00:00.10 (Saving: 00:00.02)

Saved: '/Users/chikumatsuboi/Code/animal-racers-western/assets/source/western/upright-v1/qa/lion/side-attack/0018.png'
Time: 00:00.09 (Saving: 00:00.02)

Saved: '/Users/chikumatsuboi/Code/animal-racers-western/assets/source/western/upright-v1/qa/lion/side-special/0001.png'
Time: 00:00.08 (Saving: 00:00.03)

Saved: '/Users/chikumatsuboi/Code/animal-racers-western/assets/source/western/upright-v1/qa/lion/side-special/0003.png'
Time: 00:00.11 (Saving: 00:00.03)

Saved: '/Users/chikumatsuboi/Code/animal-racers-western/assets/source/western/upright-v1/qa/lion/side-special/0005.png'
Time: 00:00.11 (Saving: 00:00.03)

Saved: '/Users/chikumatsuboi/Code/animal-racers-western/assets/source/western/upright-v1/qa/lion/side-special/0007.png'
Time: 00:00.08 (Saving: 00:00.02)

Saved: '/Users/chikumatsuboi/Code/animal-racers-western/assets/source/western/upright-v1/qa/lion/side-special/0009.png'
Time: 00:00.07 (Saving: 00:00.02)

Saved: '/Users/chikumatsuboi/Code/animal-racers-western/assets/source/western/upright-v1/qa/lion/side-special/0011.png'
Time: 00:00.08 (Saving: 00:00.03)

Saved: '/Users/chikumatsuboi/Code/animal-racers-western/assets/source/western/upright-v1/qa/lion/side-special/0013.png'
Time: 00:00.08 (Saving: 00:00.02)

Saved: '/Users/chikumatsuboi/Code/animal-racers-western/assets/source/western/upright-v1/qa/lion/side-special/0015.png'
Time: 00:00.09 (Saving: 00:00.03)

Saved: '/Users/chikumatsuboi/Code/animal-racers-western/assets/source/western/upright-v1/qa/lion/side-special/0017.png'
Time: 00:00.10 (Saving: 00:00.03)

Saved: '/Users/chikumatsuboi/Code/animal-racers-western/assets/source/western/upright-v1/qa/lion/side-special/0019.png'
Time: 00:00.08 (Saving: 00:00.02)

Saved: '/Users/chikumatsuboi/Code/animal-racers-western/assets/source/western/upright-v1/qa/lion/side-special/0021.png'
Time: 00:00.09 (Saving: 00:00.03)

Saved: '/Users/chikumatsuboi/Code/animal-racers-western/assets/source/western/upright-v1/qa/lion/side-special/0023.png'
Time: 00:00.09 (Saving: 00:00.02)

Saved: '/Users/chikumatsuboi/Code/animal-racers-western/assets/source/western/upright-v1/qa/lion/side-special/0025.png'
Time: 00:00.09 (Saving: 00:00.02)

Saved: '/Users/chikumatsuboi/Code/animal-racers-western/assets/source/western/upright-v1/qa/lion/side-special/0027.png'
Time: 00:00.08 (Saving: 00:00.02)

Saved: '/Users/chikumatsuboi/Code/animal-racers-western/assets/source/western/upright-v1/qa/lion/side-special/0029.png'
Time: 00:00.10 (Saving: 00:00.02)

Saved: '/Users/chikumatsuboi/Code/animal-racers-western/assets/source/western/upright-v1/qa/lion/side-guard/0001.png'
Time: 00:00.07 (Saving: 00:00.02)

Saved: '/Users/chikumatsuboi/Code/animal-racers-western/assets/source/western/upright-v1/qa/lion/side-guard/0003.png'
Time: 00:00.07 (Saving: 00:00.02)

Saved: '/Users/chikumatsuboi/Code/animal-racers-western/assets/source/western/upright-v1/qa/lion/side-guard/0005.png'
Time: 00:00.08 (Saving: 00:00.02)

Saved: '/Users/chikumatsuboi/Code/animal-racers-western/assets/source/western/upright-v1/qa/lion/side-guard/0007.png'
Time: 00:00.08 (Saving: 00:00.02)

Saved: '/Users/chikumatsuboi/Code/animal-racers-western/assets/source/western/upright-v1/qa/lion/side-guard/0009.png'
Time: 00:00.15 (Saving: 00:00.05)

Saved: '/Users/chikumatsuboi/Code/animal-racers-western/assets/source/western/upright-v1/qa/lion/side-guard/0011.png'
Time: 00:00.09 (Saving: 00:00.03)

Saved: '/Users/chikumatsuboi/Code/animal-racers-western/assets/source/western/upright-v1/qa/lion/side-guard/0013.png'
Time: 00:00.09 (Saving: 00:00.03)

Saved: '/Users/chikumatsuboi/Code/animal-racers-western/assets/source/western/upright-v1/qa/lion/side-guard/0015.png'
Time: 00:00.13 (Saving: 00:00.04)

Saved: '/Users/chikumatsuboi/Code/animal-racers-western/assets/source/western/upright-v1/qa/lion/side-guard/0017.png'
Time: 00:00.10 (Saving: 00:00.02)

Saved: '/Users/chikumatsuboi/Code/animal-racers-western/assets/source/western/upright-v1/qa/lion/side-guard/0019.png'
Time: 00:00.07 (Saving: 00:00.02)

Saved: '/Users/chikumatsuboi/Code/animal-racers-western/assets/source/western/upright-v1/qa/lion/side-hit/0001.png'
Time: 00:00.07 (Saving: 00:00.02)

Saved: '/Users/chikumatsuboi/Code/animal-racers-western/assets/source/western/upright-v1/qa/lion/side-hit/0003.png'
Time: 00:00.07 (Saving: 00:00.02)

Saved: '/Users/chikumatsuboi/Code/animal-racers-western/assets/source/western/upright-v1/qa/lion/side-hit/0005.png'
Time: 00:00.11 (Saving: 00:00.03)

Saved: '/Users/chikumatsuboi/Code/animal-racers-western/assets/source/western/upright-v1/qa/lion/side-hit/0007.png'
Time: 00:00.12 (Saving: 00:00.03)

Saved: '/Users/chikumatsuboi/Code/animal-racers-western/assets/source/western/upright-v1/qa/lion/side-hit/0009.png'
Time: 00:00.08 (Saving: 00:00.02)

Saved: '/Users/chikumatsuboi/Code/animal-racers-western/assets/source/western/upright-v1/qa/lion/side-hit/0011.png'
Time: 00:00.08 (Saving: 00:00.03)

Saved: '/Users/chikumatsuboi/Code/animal-racers-western/assets/source/western/upright-v1/qa/lion/side-hit/0013.png'
Time: 00:00.11 (Saving: 00:00.04)

Saved: '/Users/chikumatsuboi/Code/animal-racers-western/assets/source/western/upright-v1/qa/lion/side-defeat/0001.png'
Time: 00:00.16 (Saving: 00:00.06)

Saved: '/Users/chikumatsuboi/Code/animal-racers-western/assets/source/western/upright-v1/qa/lion/side-defeat/0003.png'
Time: 00:00.09 (Saving: 00:00.02)

Saved: '/Users/chikumatsuboi/Code/animal-racers-western/assets/source/western/upright-v1/qa/lion/side-defeat/0005.png'
Time: 00:00.07 (Saving: 00:00.02)

Saved: '/Users/chikumatsuboi/Code/animal-racers-western/assets/source/western/upright-v1/qa/lion/side-defeat/0007.png'
Time: 00:00.11 (Saving: 00:00.03)

Saved: '/Users/chikumatsuboi/Code/animal-racers-western/assets/source/western/upright-v1/qa/lion/side-defeat/0009.png'
Time: 00:00.11 (Saving: 00:00.03)

Saved: '/Users/chikumatsuboi/Code/animal-racers-western/assets/source/western/upright-v1/qa/lion/side-defeat/0011.png'
Time: 00:00.10 (Saving: 00:00.03)

Saved: '/Users/chikumatsuboi/Code/animal-racers-western/assets/source/western/upright-v1/qa/lion/side-defeat/0013.png'
Time: 00:00.11 (Saving: 00:00.03)

Saved: '/Users/chikumatsuboi/Code/animal-racers-western/assets/source/western/upright-v1/qa/lion/side-defeat/0015.png'
Time: 00:00.10 (Saving: 00:00.03)

Saved: '/Users/chikumatsuboi/Code/animal-racers-western/assets/source/western/upright-v1/qa/lion/side-defeat/0017.png'
Time: 00:00.09 (Saving: 00:00.03)

Saved: '/Users/chikumatsuboi/Code/animal-racers-western/assets/source/western/upright-v1/qa/lion/side-defeat/0019.png'
Time: 00:00.10 (Saving: 00:00.03)

Saved: '/Users/chikumatsuboi/Code/animal-racers-western/assets/source/western/upright-v1/qa/lion/side-defeat/0021.png'
Time: 00:00.11 (Saving: 00:00.04)

Saved: '/Users/chikumatsuboi/Code/animal-racers-western/assets/source/western/upright-v1/qa/lion/side-defeat/0023.png'
Time: 00:00.10 (Saving: 00:00.03)

Saved: '/Users/chikumatsuboi/Code/animal-racers-western/assets/source/western/upright-v1/qa/lion/side-defeat/0025.png'
Time: 00:00.12 (Saving: 00:00.05)

Saved: '/Users/chikumatsuboi/Code/animal-racers-western/assets/source/western/upright-v1/qa/lion/side-defeat/0027.png'
Time: 00:00.13 (Saving: 00:00.04)

Saved: '/Users/chikumatsuboi/Code/animal-racers-western/assets/source/western/upright-v1/qa/lion/side-defeat/0029.png'
Time: 00:00.11 (Saving: 00:00.04)

Saved: '/Users/chikumatsuboi/Code/animal-racers-western/assets/source/western/upright-v1/qa/lion/side-defeat/0031.png'
Time: 00:00.10 (Saving: 00:00.03)

Saved: '/Users/chikumatsuboi/Code/animal-racers-western/assets/source/western/upright-v1/qa/lion/side-defeat/0033.png'
Time: 00:00.12 (Saving: 00:00.05)

Saved: '/Users/chikumatsuboi/Code/animal-racers-western/assets/source/western/upright-v1/qa/lion/side-defeat/0035.png'
Time: 00:00.09 (Saving: 00:00.03)

Saved: '/Users/chikumatsuboi/Code/animal-racers-western/assets/source/western/upright-v1/qa/lion/side-defeat/0037.png'
Time: 00:00.09 (Saving: 00:00.03)

Saved: '/Users/chikumatsuboi/Code/animal-racers-western/assets/source/western/upright-v1/qa/lion/side-defeat/0039.png'
Time: 00:00.14 (Saving: 00:00.03)

Saved: '/Users/chikumatsuboi/Code/animal-racers-western/assets/source/western/upright-v1/qa/lion/side-defeat/0040.png'
Time: 00:00.12 (Saving: 00:00.04)

Saved: '/Users/chikumatsuboi/Code/animal-racers-western/assets/source/western/upright-v1/qa/lion/side-celebrate/0001.png'
Time: 00:00.10 (Saving: 00:00.02)

Saved: '/Users/chikumatsuboi/Code/animal-racers-western/assets/source/western/upright-v1/qa/lion/side-celebrate/0003.png'
Time: 00:00.09 (Saving: 00:00.02)

Saved: '/Users/chikumatsuboi/Code/animal-racers-western/assets/source/western/upright-v1/qa/lion/side-celebrate/0005.png'
Time: 00:00.15 (Saving: 00:00.08)

Saved: '/Users/chikumatsuboi/Code/animal-racers-western/assets/source/western/upright-v1/qa/lion/side-celebrate/0007.png'
Time: 00:00.12 (Saving: 00:00.05)

Saved: '/Users/chikumatsuboi/Code/animal-racers-western/assets/source/western/upright-v1/qa/lion/side-celebrate/0009.png'
Time: 00:00.17 (Saving: 00:00.05)

Saved: '/Users/chikumatsuboi/Code/animal-racers-western/assets/source/western/upright-v1/qa/lion/side-celebrate/0011.png'
Time: 00:00.14 (Saving: 00:00.04)

Saved: '/Users/chikumatsuboi/Code/animal-racers-western/assets/source/western/upright-v1/qa/lion/side-celebrate/0013.png'
Time: 00:00.21 (Saving: 00:00.06)

Saved: '/Users/chikumatsuboi/Code/animal-racers-western/assets/source/western/upright-v1/qa/lion/side-celebrate/0015.png'
Time: 00:00.11 (Saving: 00:00.03)

Saved: '/Users/chikumatsuboi/Code/animal-racers-western/assets/source/western/upright-v1/qa/lion/side-celebrate/0017.png'
Time: 00:00.09 (Saving: 00:00.03)

Saved: '/Users/chikumatsuboi/Code/animal-racers-western/assets/source/western/upright-v1/qa/lion/side-celebrate/0019.png'
Time: 00:00.13 (Saving: 00:00.05)

Saved: '/Users/chikumatsuboi/Code/animal-racers-western/assets/source/western/upright-v1/qa/lion/side-celebrate/0021.png'
Time: 00:00.10 (Saving: 00:00.03)

Saved: '/Users/chikumatsuboi/Code/animal-racers-western/assets/source/western/upright-v1/qa/lion/side-celebrate/0023.png'
Time: 00:00.07 (Saving: 00:00.02)

Saved: '/Users/chikumatsuboi/Code/animal-racers-western/assets/source/western/upright-v1/qa/lion/side-celebrate/0025.png'
Time: 00:00.08 (Saving: 00:00.02)

Saved: '/Users/chikumatsuboi/Code/animal-racers-western/assets/source/western/upright-v1/qa/lion/side-celebrate/0027.png'
Time: 00:00.13 (Saving: 00:00.03)

Saved: '/Users/chikumatsuboi/Code/animal-racers-western/assets/source/western/upright-v1/qa/lion/side-celebrate/0029.png'
Time: 00:00.11 (Saving: 00:00.03)

Saved: '/Users/chikumatsuboi/Code/animal-racers-western/assets/source/western/upright-v1/qa/lion/side-celebrate/0031.png'
Time: 00:00.10 (Saving: 00:00.03)

Saved: '/Users/chikumatsuboi/Code/animal-racers-western/assets/source/western/upright-v1/qa/lion/side-celebrate/0033.png'
Time: 00:00.09 (Saving: 00:00.02)

Saved: '/Users/chikumatsuboi/Code/animal-racers-western/assets/source/western/upright-v1/qa/lion/side-celebrate/0035.png'
Time: 00:00.12 (Saving: 00:00.06)

Saved: '/Users/chikumatsuboi/Code/animal-racers-western/assets/source/western/upright-v1/qa/lion/side-celebrate/0037.png'
Time: 00:00.10 (Saving: 00:00.02)

Saved: '/Users/chikumatsuboi/Code/animal-racers-western/assets/source/western/upright-v1/qa/lion/side-celebrate/0039.png'
Time: 00:00.09 (Saving: 00:00.02)

Saved: '/Users/chikumatsuboi/Code/animal-racers-western/assets/source/western/upright-v1/qa/lion/side-celebrate/0041.png'
Time: 00:00.09 (Saving: 00:00.02)

Saved: '/Users/chikumatsuboi/Code/animal-racers-western/assets/source/western/upright-v1/qa/lion/side-celebrate/0043.png'
Time: 00:00.10 (Saving: 00:00.03)

Saved: '/Users/chikumatsuboi/Code/animal-racers-western/assets/source/western/upright-v1/qa/lion/side-celebrate/0045.png'
Time: 00:00.13 (Saving: 00:00.05)

Saved: '/Users/chikumatsuboi/Code/animal-racers-western/assets/source/western/upright-v1/qa/lion/side-celebrate/0047.png'
Time: 00:00.09 (Saving: 00:00.02)

Saved: '/Users/chikumatsuboi/Code/animal-racers-western/assets/source/western/upright-v1/qa/lion/side-celebrate/0049.png'
Time: 00:00.09 (Saving: 00:00.03)

Saved: '/Users/chikumatsuboi/Code/animal-racers-western/assets/source/western/upright-v1/qa/lion/side-celebrate/0051.png'
Time: 00:00.09 (Saving: 00:00.03)

Saved: '/Users/chikumatsuboi/Code/animal-racers-western/assets/source/western/upright-v1/qa/lion/side-celebrate/0053.png'
Time: 00:00.12 (Saving: 00:00.03)

Saved: '/Users/chikumatsuboi/Code/animal-racers-western/assets/source/western/upright-v1/qa/lion/side-celebrate/0055.png'
Time: 00:00.10 (Saving: 00:00.03)

Saved: '/Users/chikumatsuboi/Code/animal-racers-western/assets/source/western/upright-v1/qa/lion/side-celebrate/0057.png'
Time: 00:00.09 (Saving: 00:00.02)

Saved: '/Users/chikumatsuboi/Code/animal-racers-western/assets/source/western/upright-v1/qa/lion/side-celebrate/0059.png'
Time: 00:00.11 (Saving: 00:00.04)

Saved: '/Users/chikumatsuboi/Code/animal-racers-western/assets/source/western/upright-v1/qa/lion/side-celebrate/0061.png'
Time: 00:00.13 (Saving: 00:00.05)

Saved: '/Users/chikumatsuboi/Code/animal-racers-western/assets/source/western/upright-v1/qa/lion/side-jump/0001.png'
Time: 00:00.10 (Saving: 00:00.03)

Saved: '/Users/chikumatsuboi/Code/animal-racers-western/assets/source/western/upright-v1/qa/lion/side-jump/0003.png'
Time: 00:00.11 (Saving: 00:00.04)

Saved: '/Users/chikumatsuboi/Code/animal-racers-western/assets/source/western/upright-v1/qa/lion/side-jump/0005.png'
Time: 00:00.12 (Saving: 00:00.04)

Saved: '/Users/chikumatsuboi/Code/animal-racers-western/assets/source/western/upright-v1/qa/lion/side-jump/0007.png'
Time: 00:00.09 (Saving: 00:00.03)

Saved: '/Users/chikumatsuboi/Code/animal-racers-western/assets/source/western/upright-v1/qa/lion/side-jump/0009.png'
Time: 00:00.10 (Saving: 00:00.03)

Saved: '/Users/chikumatsuboi/Code/animal-racers-western/assets/source/western/upright-v1/qa/lion/side-jump/0011.png'
Time: 00:00.09 (Saving: 00:00.02)

Saved: '/Users/chikumatsuboi/Code/animal-racers-western/assets/source/western/upright-v1/qa/lion/side-jump/0013.png'
Time: 00:00.12 (Saving: 00:00.03)

Saved: '/Users/chikumatsuboi/Code/animal-racers-western/assets/source/western/upright-v1/qa/lion/side-jump/0015.png'
Time: 00:00.09 (Saving: 00:00.03)

Saved: '/Users/chikumatsuboi/Code/animal-racers-western/assets/source/western/upright-v1/qa/lion/side-jump/0017.png'
Time: 00:00.09 (Saving: 00:00.02)

Saved: '/Users/chikumatsuboi/Code/animal-racers-western/assets/source/western/upright-v1/qa/lion/side-jump/0019.png'
Time: 00:00.13 (Saving: 00:00.05)

Saved: '/Users/chikumatsuboi/Code/animal-racers-western/assets/source/western/upright-v1/qa/lion/side-jump/0021.png'
Time: 00:00.12 (Saving: 00:00.03)

Saved: '/Users/chikumatsuboi/Code/animal-racers-western/assets/source/western/upright-v1/qa/lion/side-jump/0023.png'
Time: 00:00.12 (Saving: 00:00.04)

Saved: '/Users/chikumatsuboi/Code/animal-racers-western/assets/source/western/upright-v1/qa/lion/side-jump/0025.png'
Time: 00:00.15 (Saving: 00:00.04)

Saved: '/Users/chikumatsuboi/Code/animal-racers-western/assets/source/western/upright-v1/qa/lion/side-land/0001.png'
Time: 00:00.09 (Saving: 00:00.02)

Saved: '/Users/chikumatsuboi/Code/animal-racers-western/assets/source/western/upright-v1/qa/lion/side-land/0003.png'
Time: 00:00.09 (Saving: 00:00.02)

Saved: '/Users/chikumatsuboi/Code/animal-racers-western/assets/source/western/upright-v1/qa/lion/side-land/0005.png'
Time: 00:00.12 (Saving: 00:00.06)

Saved: '/Users/chikumatsuboi/Code/animal-racers-western/assets/source/western/upright-v1/qa/lion/side-land/0007.png'
Time: 00:00.11 (Saving: 00:00.04)

Saved: '/Users/chikumatsuboi/Code/animal-racers-western/assets/source/western/upright-v1/qa/lion/side-land/0009.png'
Time: 00:00.10 (Saving: 00:00.03)

Saved: '/Users/chikumatsuboi/Code/animal-racers-western/assets/source/western/upright-v1/qa/lion/side-land/0010.png'
Time: 00:00.07 (Saving: 00:00.02)

UPRIGHT_REVIEW_RENDERED lion
Read blend: "/Users/chikumatsuboi/Code/animal-racers-western/assets/source/western/wolf-upright.blend"
Saved: '/Users/chikumatsuboi/Code/animal-racers-western/assets/source/western/upright-v1/qa/wolf/three-quarter-transform.png'
Time: 00:00.14 (Saving: 00:00.08)

Saved: '/Users/chikumatsuboi/Code/animal-racers-western/assets/source/western/upright-v1/qa/wolf/three-quarter-fight_move.png'
Time: 00:00.17 (Saving: 00:00.11)

Saved: '/Users/chikumatsuboi/Code/animal-racers-western/assets/source/western/upright-v1/qa/wolf/three-quarter-attack.png'
Time: 00:00.13 (Saving: 00:00.07)

Saved: '/Users/chikumatsuboi/Code/animal-racers-western/assets/source/western/upright-v1/qa/wolf/three-quarter-special.png'
Time: 00:00.16 (Saving: 00:00.09)

Saved: '/Users/chikumatsuboi/Code/animal-racers-western/assets/source/western/upright-v1/qa/wolf/three-quarter-guard.png'
Time: 00:00.26 (Saving: 00:00.18)

Saved: '/Users/chikumatsuboi/Code/animal-racers-western/assets/source/western/upright-v1/qa/wolf/three-quarter-defeat.png'
Time: 00:00.13 (Saving: 00:00.07)

Saved: '/Users/chikumatsuboi/Code/animal-racers-western/assets/source/western/upright-v1/qa/wolf/three-quarter-jump.png'
Time: 00:00.22 (Saving: 00:00.14)

Saved: '/Users/chikumatsuboi/Code/animal-racers-western/assets/source/western/upright-v1/qa/wolf/three-quarter-land.png'
Time: 00:00.13 (Saving: 00:00.07)

Saved: '/Users/chikumatsuboi/Code/animal-racers-western/assets/source/western/upright-v1/qa/wolf/three-quarter-transform/0001.png'
Time: 00:00.08 (Saving: 00:00.03)

Saved: '/Users/chikumatsuboi/Code/animal-racers-western/assets/source/western/upright-v1/qa/wolf/three-quarter-transform/0003.png'
Time: 00:00.09 (Saving: 00:00.03)

Saved: '/Users/chikumatsuboi/Code/animal-racers-western/assets/source/western/upright-v1/qa/wolf/three-quarter-transform/0005.png'
Time: 00:00.09 (Saving: 00:00.03)

Saved: '/Users/chikumatsuboi/Code/animal-racers-western/assets/source/western/upright-v1/qa/wolf/three-quarter-transform/0007.png'
Time: 00:00.10 (Saving: 00:00.03)

Saved: '/Users/chikumatsuboi/Code/animal-racers-western/assets/source/western/upright-v1/qa/wolf/three-quarter-transform/0009.png'
Time: 00:00.11 (Saving: 00:00.03)

Saved: '/Users/chikumatsuboi/Code/animal-racers-western/assets/source/western/upright-v1/qa/wolf/three-quarter-transform/0011.png'
Time: 00:00.07 (Saving: 00:00.02)

Saved: '/Users/chikumatsuboi/Code/animal-racers-western/assets/source/western/upright-v1/qa/wolf/three-quarter-transform/0013.png'
Time: 00:00.07 (Saving: 00:00.02)

Saved: '/Users/chikumatsuboi/Code/animal-racers-western/assets/source/western/upright-v1/qa/wolf/three-quarter-transform/0015.png'
Time: 00:00.06 (Saving: 00:00.02)

Saved: '/Users/chikumatsuboi/Code/animal-racers-western/assets/source/western/upright-v1/qa/wolf/three-quarter-transform/0017.png'
Time: 00:00.06 (Saving: 00:00.02)

Saved: '/Users/chikumatsuboi/Code/animal-racers-western/assets/source/western/upright-v1/qa/wolf/three-quarter-transform/0019.png'
Time: 00:00.07 (Saving: 00:00.02)

Saved: '/Users/chikumatsuboi/Code/animal-racers-western/assets/source/western/upright-v1/qa/wolf/three-quarter-transform/0021.png'
Time: 00:00.08 (Saving: 00:00.02)

Saved: '/Users/chikumatsuboi/Code/animal-racers-western/assets/source/western/upright-v1/qa/wolf/three-quarter-transform/0023.png'
Time: 00:00.09 (Saving: 00:00.03)

Saved: '/Users/chikumatsuboi/Code/animal-racers-western/assets/source/western/upright-v1/qa/wolf/three-quarter-transform/0025.png'
Time: 00:00.07 (Saving: 00:00.02)

Saved: '/Users/chikumatsuboi/Code/animal-racers-western/assets/source/western/upright-v1/qa/wolf/three-quarter-transform/0027.png'
Time: 00:00.06 (Saving: 00:00.02)

Saved: '/Users/chikumatsuboi/Code/animal-racers-western/assets/source/western/upright-v1/qa/wolf/three-quarter-transform/0029.png'
Time: 00:00.06 (Saving: 00:00.02)

Saved: '/Users/chikumatsuboi/Code/animal-racers-western/assets/source/western/upright-v1/qa/wolf/three-quarter-transform/0031.png'
Time: 00:00.07 (Saving: 00:00.02)

Saved: '/Users/chikumatsuboi/Code/animal-racers-western/assets/source/western/upright-v1/qa/wolf/three-quarter-transform/0033.png'
Time: 00:00.08 (Saving: 00:00.03)

Saved: '/Users/chikumatsuboi/Code/animal-racers-western/assets/source/western/upright-v1/qa/wolf/three-quarter-transform/0035.png'
Time: 00:00.07 (Saving: 00:00.03)

Saved: '/Users/chikumatsuboi/Code/animal-racers-western/assets/source/western/upright-v1/qa/wolf/three-quarter-transform/0037.png'
Time: 00:00.10 (Saving: 00:00.04)

Saved: '/Users/chikumatsuboi/Code/animal-racers-western/assets/source/western/upright-v1/qa/wolf/three-quarter-fight_idle/0001.png'
Time: 00:00.08 (Saving: 00:00.02)

Saved: '/Users/chikumatsuboi/Code/animal-racers-western/assets/source/western/upright-v1/qa/wolf/three-quarter-fight_idle/0003.png'
Time: 00:00.08 (Saving: 00:00.03)

Saved: '/Users/chikumatsuboi/Code/animal-racers-western/assets/source/western/upright-v1/qa/wolf/three-quarter-fight_idle/0005.png'
Time: 00:00.09 (Saving: 00:00.02)

Saved: '/Users/chikumatsuboi/Code/animal-racers-western/assets/source/western/upright-v1/qa/wolf/three-quarter-fight_idle/0007.png'
Time: 00:00.07 (Saving: 00:00.02)

Saved: '/Users/chikumatsuboi/Code/animal-racers-western/assets/source/western/upright-v1/qa/wolf/three-quarter-fight_idle/0009.png'
Time: 00:00.10 (Saving: 00:00.05)

Saved: '/Users/chikumatsuboi/Code/animal-racers-western/assets/source/western/upright-v1/qa/wolf/three-quarter-fight_idle/0011.png'
Time: 00:00.08 (Saving: 00:00.03)

Saved: '/Users/chikumatsuboi/Code/animal-racers-western/assets/source/western/upright-v1/qa/wolf/three-quarter-fight_idle/0013.png'
Time: 00:00.08 (Saving: 00:00.03)

Saved: '/Users/chikumatsuboi/Code/animal-racers-western/assets/source/western/upright-v1/qa/wolf/three-quarter-fight_idle/0015.png'
Time: 00:00.08 (Saving: 00:00.03)

Saved: '/Users/chikumatsuboi/Code/animal-racers-western/assets/source/western/upright-v1/qa/wolf/three-quarter-fight_idle/0017.png'
Time: 00:00.11 (Saving: 00:00.03)

Saved: '/Users/chikumatsuboi/Code/animal-racers-western/assets/source/western/upright-v1/qa/wolf/three-quarter-fight_idle/0019.png'
Time: 00:00.08 (Saving: 00:00.02)

Saved: '/Users/chikumatsuboi/Code/animal-racers-western/assets/source/western/upright-v1/qa/wolf/three-quarter-fight_idle/0021.png'
Time: 00:00.09 (Saving: 00:00.03)

Saved: '/Users/chikumatsuboi/Code/animal-racers-western/assets/source/western/upright-v1/qa/wolf/three-quarter-fight_idle/0023.png'
Time: 00:00.09 (Saving: 00:00.04)

Saved: '/Users/chikumatsuboi/Code/animal-racers-western/assets/source/western/upright-v1/qa/wolf/three-quarter-fight_idle/0025.png'
Time: 00:00.09 (Saving: 00:00.03)

Saved: '/Users/chikumatsuboi/Code/animal-racers-western/assets/source/western/upright-v1/qa/wolf/three-quarter-fight_idle/0027.png'
Time: 00:00.10 (Saving: 00:00.03)

Saved: '/Users/chikumatsuboi/Code/animal-racers-western/assets/source/western/upright-v1/qa/wolf/three-quarter-fight_idle/0029.png'
Time: 00:00.09 (Saving: 00:00.03)

Saved: '/Users/chikumatsuboi/Code/animal-racers-western/assets/source/western/upright-v1/qa/wolf/three-quarter-fight_idle/0031.png'
Time: 00:00.07 (Saving: 00:00.02)

Saved: '/Users/chikumatsuboi/Code/animal-racers-western/assets/source/western/upright-v1/qa/wolf/three-quarter-fight_idle/0033.png'
Time: 00:00.08 (Saving: 00:00.03)

Saved: '/Users/chikumatsuboi/Code/animal-racers-western/assets/source/western/upright-v1/qa/wolf/three-quarter-fight_idle/0035.png'
Time: 00:00.08 (Saving: 00:00.04)

Saved: '/Users/chikumatsuboi/Code/animal-racers-western/assets/source/western/upright-v1/qa/wolf/three-quarter-fight_idle/0037.png'
Time: 00:00.08 (Saving: 00:00.02)

Saved: '/Users/chikumatsuboi/Code/animal-racers-western/assets/source/western/upright-v1/qa/wolf/three-quarter-fight_idle/0039.png'
Time: 00:00.07 (Saving: 00:00.02)

Saved: '/Users/chikumatsuboi/Code/animal-racers-western/assets/source/western/upright-v1/qa/wolf/three-quarter-fight_idle/0041.png'
Time: 00:00.08 (Saving: 00:00.04)

Saved: '/Users/chikumatsuboi/Code/animal-racers-western/assets/source/western/upright-v1/qa/wolf/three-quarter-fight_idle/0043.png'
Time: 00:00.08 (Saving: 00:00.03)

Saved: '/Users/chikumatsuboi/Code/animal-racers-western/assets/source/western/upright-v1/qa/wolf/three-quarter-fight_idle/0045.png'
Time: 00:00.06 (Saving: 00:00.02)

Saved: '/Users/chikumatsuboi/Code/animal-racers-western/assets/source/western/upright-v1/qa/wolf/three-quarter-fight_idle/0047.png'
Time: 00:00.06 (Saving: 00:00.02)

Saved: '/Users/chikumatsuboi/Code/animal-racers-western/assets/source/western/upright-v1/qa/wolf/three-quarter-fight_idle/0049.png'
Time: 00:00.06 (Saving: 00:00.02)

Saved: '/Users/chikumatsuboi/Code/animal-racers-western/assets/source/western/upright-v1/qa/wolf/three-quarter-fight_idle/0051.png'
Time: 00:00.08 (Saving: 00:00.03)

Saved: '/Users/chikumatsuboi/Code/animal-racers-western/assets/source/western/upright-v1/qa/wolf/three-quarter-fight_idle/0053.png'
Time: 00:00.10 (Saving: 00:00.03)

Saved: '/Users/chikumatsuboi/Code/animal-racers-western/assets/source/western/upright-v1/qa/wolf/three-quarter-fight_idle/0055.png'
Time: 00:00.08 (Saving: 00:00.03)

Saved: '/Users/chikumatsuboi/Code/animal-racers-western/assets/source/western/upright-v1/qa/wolf/three-quarter-fight_idle/0057.png'
Time: 00:00.08 (Saving: 00:00.02)

Saved: '/Users/chikumatsuboi/Code/animal-racers-western/assets/source/western/upright-v1/qa/wolf/three-quarter-fight_idle/0059.png'
Time: 00:00.11 (Saving: 00:00.04)

Saved: '/Users/chikumatsuboi/Code/animal-racers-western/assets/source/western/upright-v1/qa/wolf/three-quarter-fight_idle/0061.png'
Time: 00:00.09 (Saving: 00:00.04)

Saved: '/Users/chikumatsuboi/Code/animal-racers-western/assets/source/western/upright-v1/qa/wolf/three-quarter-fight_move/0001.png'
Time: 00:00.10 (Saving: 00:00.04)

Saved: '/Users/chikumatsuboi/Code/animal-racers-western/assets/source/western/upright-v1/qa/wolf/three-quarter-fight_move/0003.png'
Time: 00:00.12 (Saving: 00:00.05)

Saved: '/Users/chikumatsuboi/Code/animal-racers-western/assets/source/western/upright-v1/qa/wolf/three-quarter-fight_move/0005.png'
Time: 00:00.08 (Saving: 00:00.02)

Saved: '/Users/chikumatsuboi/Code/animal-racers-western/assets/source/western/upright-v1/qa/wolf/three-quarter-fight_move/0007.png'
Time: 00:00.08 (Saving: 00:00.03)

Saved: '/Users/chikumatsuboi/Code/animal-racers-western/assets/source/western/upright-v1/qa/wolf/three-quarter-fight_move/0009.png'
Time: 00:00.12 (Saving: 00:00.03)

Saved: '/Users/chikumatsuboi/Code/animal-racers-western/assets/source/western/upright-v1/qa/wolf/three-quarter-fight_move/0011.png'
Time: 00:00.13 (Saving: 00:00.03)

Saved: '/Users/chikumatsuboi/Code/animal-racers-western/assets/source/western/upright-v1/qa/wolf/three-quarter-fight_move/0013.png'
Time: 00:00.08 (Saving: 00:00.02)

Saved: '/Users/chikumatsuboi/Code/animal-racers-western/assets/source/western/upright-v1/qa/wolf/three-quarter-attack/0001.png'
Time: 00:00.08 (Saving: 00:00.03)

Saved: '/Users/chikumatsuboi/Code/animal-racers-western/assets/source/western/upright-v1/qa/wolf/three-quarter-attack/0003.png'
Time: 00:00.09 (Saving: 00:00.03)

Saved: '/Users/chikumatsuboi/Code/animal-racers-western/assets/source/western/upright-v1/qa/wolf/three-quarter-attack/0005.png'
Time: 00:00.08 (Saving: 00:00.03)

Saved: '/Users/chikumatsuboi/Code/animal-racers-western/assets/source/western/upright-v1/qa/wolf/three-quarter-attack/0007.png'
Time: 00:00.06 (Saving: 00:00.02)

Saved: '/Users/chikumatsuboi/Code/animal-racers-western/assets/source/western/upright-v1/qa/wolf/three-quarter-attack/0009.png'
Time: 00:00.07 (Saving: 00:00.02)

Saved: '/Users/chikumatsuboi/Code/animal-racers-western/assets/source/western/upright-v1/qa/wolf/three-quarter-attack/0011.png'
Time: 00:00.07 (Saving: 00:00.02)

Saved: '/Users/chikumatsuboi/Code/animal-racers-western/assets/source/western/upright-v1/qa/wolf/three-quarter-attack/0013.png'
Time: 00:00.07 (Saving: 00:00.02)

Saved: '/Users/chikumatsuboi/Code/animal-racers-western/assets/source/western/upright-v1/qa/wolf/three-quarter-attack/0015.png'
Time: 00:00.07 (Saving: 00:00.02)

Saved: '/Users/chikumatsuboi/Code/animal-racers-western/assets/source/western/upright-v1/qa/wolf/three-quarter-attack/0017.png'
Time: 00:00.06 (Saving: 00:00.02)

Saved: '/Users/chikumatsuboi/Code/animal-racers-western/assets/source/western/upright-v1/qa/wolf/three-quarter-attack/0018.png'
Time: 00:00.07 (Saving: 00:00.03)

Saved: '/Users/chikumatsuboi/Code/animal-racers-western/assets/source/western/upright-v1/qa/wolf/three-quarter-special/0001.png'
Time: 00:00.08 (Saving: 00:00.03)

Saved: '/Users/chikumatsuboi/Code/animal-racers-western/assets/source/western/upright-v1/qa/wolf/three-quarter-special/0003.png'
Time: 00:00.09 (Saving: 00:00.02)

Saved: '/Users/chikumatsuboi/Code/animal-racers-western/assets/source/western/upright-v1/qa/wolf/three-quarter-special/0005.png'
Time: 00:00.11 (Saving: 00:00.04)

Saved: '/Users/chikumatsuboi/Code/animal-racers-western/assets/source/western/upright-v1/qa/wolf/three-quarter-special/0007.png'
Time: 00:00.13 (Saving: 00:00.04)

Saved: '/Users/chikumatsuboi/Code/animal-racers-western/assets/source/western/upright-v1/qa/wolf/three-quarter-special/0009.png'
Time: 00:00.10 (Saving: 00:00.03)

Saved: '/Users/chikumatsuboi/Code/animal-racers-western/assets/source/western/upright-v1/qa/wolf/three-quarter-special/0011.png'
Time: 00:00.11 (Saving: 00:00.05)

Saved: '/Users/chikumatsuboi/Code/animal-racers-western/assets/source/western/upright-v1/qa/wolf/three-quarter-special/0013.png'
Time: 00:00.11 (Saving: 00:00.05)

Saved: '/Users/chikumatsuboi/Code/animal-racers-western/assets/source/western/upright-v1/qa/wolf/three-quarter-special/0015.png'
Time: 00:00.11 (Saving: 00:00.03)

Saved: '/Users/chikumatsuboi/Code/animal-racers-western/assets/source/western/upright-v1/qa/wolf/three-quarter-special/0017.png'
Time: 00:00.07 (Saving: 00:00.02)

Saved: '/Users/chikumatsuboi/Code/animal-racers-western/assets/source/western/upright-v1/qa/wolf/three-quarter-special/0019.png'
Time: 00:00.11 (Saving: 00:00.04)

Saved: '/Users/chikumatsuboi/Code/animal-racers-western/assets/source/western/upright-v1/qa/wolf/three-quarter-special/0021.png'
Time: 00:00.10 (Saving: 00:00.03)

Saved: '/Users/chikumatsuboi/Code/animal-racers-western/assets/source/western/upright-v1/qa/wolf/three-quarter-special/0023.png'
Time: 00:00.08 (Saving: 00:00.03)

Saved: '/Users/chikumatsuboi/Code/animal-racers-western/assets/source/western/upright-v1/qa/wolf/three-quarter-special/0025.png'
Time: 00:00.09 (Saving: 00:00.04)

Saved: '/Users/chikumatsuboi/Code/animal-racers-western/assets/source/western/upright-v1/qa/wolf/three-quarter-special/0027.png'
Time: 00:00.11 (Saving: 00:00.04)

Saved: '/Users/chikumatsuboi/Code/animal-racers-western/assets/source/western/upright-v1/qa/wolf/three-quarter-special/0029.png'
Time: 00:00.11 (Saving: 00:00.05)

Saved: '/Users/chikumatsuboi/Code/animal-racers-western/assets/source/western/upright-v1/qa/wolf/three-quarter-special/0031.png'
Time: 00:00.09 (Saving: 00:00.03)

Saved: '/Users/chikumatsuboi/Code/animal-racers-western/assets/source/western/upright-v1/qa/wolf/three-quarter-special/0033.png'
Time: 00:00.10 (Saving: 00:00.04)

Saved: '/Users/chikumatsuboi/Code/animal-racers-western/assets/source/western/upright-v1/qa/wolf/three-quarter-special/0035.png'
Time: 00:00.13 (Saving: 00:00.04)

Saved: '/Users/chikumatsuboi/Code/animal-racers-western/assets/source/western/upright-v1/qa/wolf/three-quarter-guard/0001.png'
Time: 00:00.08 (Saving: 00:00.02)

Saved: '/Users/chikumatsuboi/Code/animal-racers-western/assets/source/western/upright-v1/qa/wolf/three-quarter-guard/0003.png'
Time: 00:00.09 (Saving: 00:00.03)

Saved: '/Users/chikumatsuboi/Code/animal-racers-western/assets/source/western/upright-v1/qa/wolf/three-quarter-guard/0005.png'
Time: 00:00.08 (Saving: 00:00.03)

Saved: '/Users/chikumatsuboi/Code/animal-racers-western/assets/source/western/upright-v1/qa/wolf/three-quarter-guard/0007.png'
Time: 00:00.09 (Saving: 00:00.02)

Saved: '/Users/chikumatsuboi/Code/animal-racers-western/assets/source/western/upright-v1/qa/wolf/three-quarter-guard/0009.png'
Time: 00:00.13 (Saving: 00:00.05)

Saved: '/Users/chikumatsuboi/Code/animal-racers-western/assets/source/western/upright-v1/qa/wolf/three-quarter-guard/0011.png'
Time: 00:00.09 (Saving: 00:00.03)

Saved: '/Users/chikumatsuboi/Code/animal-racers-western/assets/source/western/upright-v1/qa/wolf/three-quarter-guard/0013.png'
Time: 00:00.06 (Saving: 00:00.02)

Saved: '/Users/chikumatsuboi/Code/animal-racers-western/assets/source/western/upright-v1/qa/wolf/three-quarter-guard/0015.png'
Time: 00:00.06 (Saving: 00:00.02)

Saved: '/Users/chikumatsuboi/Code/animal-racers-western/assets/source/western/upright-v1/qa/wolf/three-quarter-guard/0017.png'
Time: 00:00.06 (Saving: 00:00.02)

Saved: '/Users/chikumatsuboi/Code/animal-racers-western/assets/source/western/upright-v1/qa/wolf/three-quarter-guard/0019.png'
Time: 00:00.06 (Saving: 00:00.02)

Saved: '/Users/chikumatsuboi/Code/animal-racers-western/assets/source/western/upright-v1/qa/wolf/three-quarter-hit/0001.png'
Time: 00:00.09 (Saving: 00:00.04)

Saved: '/Users/chikumatsuboi/Code/animal-racers-western/assets/source/western/upright-v1/qa/wolf/three-quarter-hit/0003.png'
Time: 00:00.08 (Saving: 00:00.03)

Saved: '/Users/chikumatsuboi/Code/animal-racers-western/assets/source/western/upright-v1/qa/wolf/three-quarter-hit/0005.png'
Time: 00:00.07 (Saving: 00:00.02)

Saved: '/Users/chikumatsuboi/Code/animal-racers-western/assets/source/western/upright-v1/qa/wolf/three-quarter-hit/0007.png'
Time: 00:00.07 (Saving: 00:00.03)

Saved: '/Users/chikumatsuboi/Code/animal-racers-western/assets/source/western/upright-v1/qa/wolf/three-quarter-hit/0009.png'
Time: 00:00.06 (Saving: 00:00.02)

Saved: '/Users/chikumatsuboi/Code/animal-racers-western/assets/source/western/upright-v1/qa/wolf/three-quarter-hit/0011.png'
Time: 00:00.07 (Saving: 00:00.02)

Saved: '/Users/chikumatsuboi/Code/animal-racers-western/assets/source/western/upright-v1/qa/wolf/three-quarter-hit/0013.png'
Time: 00:00.08 (Saving: 00:00.04)

Saved: '/Users/chikumatsuboi/Code/animal-racers-western/assets/source/western/upright-v1/qa/wolf/three-quarter-defeat/0001.png'
Time: 00:00.13 (Saving: 00:00.04)

Saved: '/Users/chikumatsuboi/Code/animal-racers-western/assets/source/western/upright-v1/qa/wolf/three-quarter-defeat/0003.png'
Time: 00:00.08 (Saving: 00:00.03)

Saved: '/Users/chikumatsuboi/Code/animal-racers-western/assets/source/western/upright-v1/qa/wolf/three-quarter-defeat/0005.png'
Time: 00:00.18 (Saving: 00:00.14)

Saved: '/Users/chikumatsuboi/Code/animal-racers-western/assets/source/western/upright-v1/qa/wolf/three-quarter-defeat/0007.png'
Time: 00:00.17 (Saving: 00:00.12)

Saved: '/Users/chikumatsuboi/Code/animal-racers-western/assets/source/western/upright-v1/qa/wolf/three-quarter-defeat/0009.png'
Time: 00:00.09 (Saving: 00:00.04)

Saved: '/Users/chikumatsuboi/Code/animal-racers-western/assets/source/western/upright-v1/qa/wolf/three-quarter-defeat/0011.png'
Time: 00:00.07 (Saving: 00:00.02)

Saved: '/Users/chikumatsuboi/Code/animal-racers-western/assets/source/western/upright-v1/qa/wolf/three-quarter-defeat/0013.png'
Time: 00:00.06 (Saving: 00:00.02)

Saved: '/Users/chikumatsuboi/Code/animal-racers-western/assets/source/western/upright-v1/qa/wolf/three-quarter-defeat/0015.png'
Time: 00:00.08 (Saving: 00:00.02)

Saved: '/Users/chikumatsuboi/Code/animal-racers-western/assets/source/western/upright-v1/qa/wolf/three-quarter-defeat/0017.png'
Time: 00:00.08 (Saving: 00:00.04)

Saved: '/Users/chikumatsuboi/Code/animal-racers-western/assets/source/western/upright-v1/qa/wolf/three-quarter-defeat/0019.png'
Time: 00:00.06 (Saving: 00:00.02)

Saved: '/Users/chikumatsuboi/Code/animal-racers-western/assets/source/western/upright-v1/qa/wolf/three-quarter-defeat/0021.png'
Time: 00:00.06 (Saving: 00:00.02)

Saved: '/Users/chikumatsuboi/Code/animal-racers-western/assets/source/western/upright-v1/qa/wolf/three-quarter-defeat/0023.png'
Time: 00:00.06 (Saving: 00:00.02)

Saved: '/Users/chikumatsuboi/Code/animal-racers-western/assets/source/western/upright-v1/qa/wolf/three-quarter-defeat/0025.png'
Time: 00:00.07 (Saving: 00:00.02)

Saved: '/Users/chikumatsuboi/Code/animal-racers-western/assets/source/western/upright-v1/qa/wolf/three-quarter-defeat/0027.png'
Time: 00:00.09 (Saving: 00:00.04)

Saved: '/Users/chikumatsuboi/Code/animal-racers-western/assets/source/western/upright-v1/qa/wolf/three-quarter-defeat/0029.png'
Time: 00:00.11 (Saving: 00:00.04)

Saved: '/Users/chikumatsuboi/Code/animal-racers-western/assets/source/western/upright-v1/qa/wolf/three-quarter-defeat/0031.png'
Time: 00:00.08 (Saving: 00:00.03)

Saved: '/Users/chikumatsuboi/Code/animal-racers-western/assets/source/western/upright-v1/qa/wolf/three-quarter-defeat/0033.png'
Time: 00:00.07 (Saving: 00:00.02)

Saved: '/Users/chikumatsuboi/Code/animal-racers-western/assets/source/western/upright-v1/qa/wolf/three-quarter-defeat/0035.png'
Time: 00:00.06 (Saving: 00:00.02)

Saved: '/Users/chikumatsuboi/Code/animal-racers-western/assets/source/western/upright-v1/qa/wolf/three-quarter-defeat/0037.png'
Time: 00:00.07 (Saving: 00:00.02)

Saved: '/Users/chikumatsuboi/Code/animal-racers-western/assets/source/western/upright-v1/qa/wolf/three-quarter-defeat/0039.png'
Time: 00:00.07 (Saving: 00:00.03)

Saved: '/Users/chikumatsuboi/Code/animal-racers-western/assets/source/western/upright-v1/qa/wolf/three-quarter-defeat/0040.png'
Time: 00:00.08 (Saving: 00:00.03)

Saved: '/Users/chikumatsuboi/Code/animal-racers-western/assets/source/western/upright-v1/qa/wolf/three-quarter-celebrate/0001.png'
Time: 00:00.08 (Saving: 00:00.02)

Saved: '/Users/chikumatsuboi/Code/animal-racers-western/assets/source/western/upright-v1/qa/wolf/three-quarter-celebrate/0003.png'
Time: 00:00.06 (Saving: 00:00.02)

Saved: '/Users/chikumatsuboi/Code/animal-racers-western/assets/source/western/upright-v1/qa/wolf/three-quarter-celebrate/0005.png'
Time: 00:00.07 (Saving: 00:00.02)

Saved: '/Users/chikumatsuboi/Code/animal-racers-western/assets/source/western/upright-v1/qa/wolf/three-quarter-celebrate/0007.png'
Time: 00:00.07 (Saving: 00:00.03)

Saved: '/Users/chikumatsuboi/Code/animal-racers-western/assets/source/western/upright-v1/qa/wolf/three-quarter-celebrate/0009.png'
Time: 00:00.07 (Saving: 00:00.02)

Saved: '/Users/chikumatsuboi/Code/animal-racers-western/assets/source/western/upright-v1/qa/wolf/three-quarter-celebrate/0011.png'
Time: 00:00.07 (Saving: 00:00.03)

Saved: '/Users/chikumatsuboi/Code/animal-racers-western/assets/source/western/upright-v1/qa/wolf/three-quarter-celebrate/0013.png'
Time: 00:00.07 (Saving: 00:00.02)

Saved: '/Users/chikumatsuboi/Code/animal-racers-western/assets/source/western/upright-v1/qa/wolf/three-quarter-celebrate/0015.png'
Time: 00:00.08 (Saving: 00:00.02)

Saved: '/Users/chikumatsuboi/Code/animal-racers-western/assets/source/western/upright-v1/qa/wolf/three-quarter-celebrate/0017.png'
Time: 00:00.08 (Saving: 00:00.02)

Saved: '/Users/chikumatsuboi/Code/animal-racers-western/assets/source/western/upright-v1/qa/wolf/three-quarter-celebrate/0019.png'
Time: 00:00.07 (Saving: 00:00.03)

Saved: '/Users/chikumatsuboi/Code/animal-racers-western/assets/source/western/upright-v1/qa/wolf/three-quarter-celebrate/0021.png'
Time: 00:00.07 (Saving: 00:00.03)

Saved: '/Users/chikumatsuboi/Code/animal-racers-western/assets/source/western/upright-v1/qa/wolf/three-quarter-celebrate/0023.png'
Time: 00:00.09 (Saving: 00:00.03)

Saved: '/Users/chikumatsuboi/Code/animal-racers-western/assets/source/western/upright-v1/qa/wolf/three-quarter-celebrate/0025.png'
Time: 00:00.06 (Saving: 00:00.02)

Saved: '/Users/chikumatsuboi/Code/animal-racers-western/assets/source/western/upright-v1/qa/wolf/three-quarter-celebrate/0027.png'
Time: 00:00.07 (Saving: 00:00.02)

Saved: '/Users/chikumatsuboi/Code/animal-racers-western/assets/source/western/upright-v1/qa/wolf/three-quarter-celebrate/0029.png'
Time: 00:00.07 (Saving: 00:00.02)

Saved: '/Users/chikumatsuboi/Code/animal-racers-western/assets/source/western/upright-v1/qa/wolf/three-quarter-celebrate/0031.png'
Time: 00:00.08 (Saving: 00:00.03)

Saved: '/Users/chikumatsuboi/Code/animal-racers-western/assets/source/western/upright-v1/qa/wolf/three-quarter-celebrate/0033.png'
Time: 00:00.08 (Saving: 00:00.03)

Saved: '/Users/chikumatsuboi/Code/animal-racers-western/assets/source/western/upright-v1/qa/wolf/three-quarter-celebrate/0035.png'
Time: 00:00.08 (Saving: 00:00.02)

Saved: '/Users/chikumatsuboi/Code/animal-racers-western/assets/source/western/upright-v1/qa/wolf/three-quarter-celebrate/0037.png'
Time: 00:00.07 (Saving: 00:00.02)

Saved: '/Users/chikumatsuboi/Code/animal-racers-western/assets/source/western/upright-v1/qa/wolf/three-quarter-celebrate/0039.png'
Time: 00:00.08 (Saving: 00:00.02)

Saved: '/Users/chikumatsuboi/Code/animal-racers-western/assets/source/western/upright-v1/qa/wolf/three-quarter-celebrate/0041.png'
Time: 00:00.07 (Saving: 00:00.03)

Saved: '/Users/chikumatsuboi/Code/animal-racers-western/assets/source/western/upright-v1/qa/wolf/three-quarter-celebrate/0043.png'
Time: 00:00.10 (Saving: 00:00.04)

Saved: '/Users/chikumatsuboi/Code/animal-racers-western/assets/source/western/upright-v1/qa/wolf/three-quarter-celebrate/0045.png'
Time: 00:00.10 (Saving: 00:00.03)

Saved: '/Users/chikumatsuboi/Code/animal-racers-western/assets/source/western/upright-v1/qa/wolf/three-quarter-celebrate/0047.png'
Time: 00:00.08 (Saving: 00:00.03)

Saved: '/Users/chikumatsuboi/Code/animal-racers-western/assets/source/western/upright-v1/qa/wolf/three-quarter-celebrate/0049.png'
Time: 00:00.07 (Saving: 00:00.03)

Saved: '/Users/chikumatsuboi/Code/animal-racers-western/assets/source/western/upright-v1/qa/wolf/three-quarter-celebrate/0051.png'
Time: 00:00.09 (Saving: 00:00.04)

Saved: '/Users/chikumatsuboi/Code/animal-racers-western/assets/source/western/upright-v1/qa/wolf/three-quarter-celebrate/0053.png'
Time: 00:00.09 (Saving: 00:00.03)

Saved: '/Users/chikumatsuboi/Code/animal-racers-western/assets/source/western/upright-v1/qa/wolf/three-quarter-celebrate/0055.png'
Time: 00:00.07 (Saving: 00:00.02)

Saved: '/Users/chikumatsuboi/Code/animal-racers-western/assets/source/western/upright-v1/qa/wolf/three-quarter-celebrate/0057.png'
Time: 00:00.07 (Saving: 00:00.03)

Saved: '/Users/chikumatsuboi/Code/animal-racers-western/assets/source/western/upright-v1/qa/wolf/three-quarter-celebrate/0059.png'
Time: 00:00.09 (Saving: 00:00.04)

Saved: '/Users/chikumatsuboi/Code/animal-racers-western/assets/source/western/upright-v1/qa/wolf/three-quarter-celebrate/0061.png'
Time: 00:00.08 (Saving: 00:00.03)

Saved: '/Users/chikumatsuboi/Code/animal-racers-western/assets/source/western/upright-v1/qa/wolf/three-quarter-jump/0001.png'
Time: 00:00.09 (Saving: 00:00.03)

Saved: '/Users/chikumatsuboi/Code/animal-racers-western/assets/source/western/upright-v1/qa/wolf/three-quarter-jump/0003.png'
Time: 00:00.11 (Saving: 00:00.04)

Saved: '/Users/chikumatsuboi/Code/animal-racers-western/assets/source/western/upright-v1/qa/wolf/three-quarter-jump/0005.png'
Time: 00:00.08 (Saving: 00:00.03)

Saved: '/Users/chikumatsuboi/Code/animal-racers-western/assets/source/western/upright-v1/qa/wolf/three-quarter-jump/0007.png'
Time: 00:00.07 (Saving: 00:00.02)

Saved: '/Users/chikumatsuboi/Code/animal-racers-western/assets/source/western/upright-v1/qa/wolf/three-quarter-jump/0009.png'
Time: 00:00.11 (Saving: 00:00.03)

Saved: '/Users/chikumatsuboi/Code/animal-racers-western/assets/source/western/upright-v1/qa/wolf/three-quarter-jump/0011.png'
Time: 00:00.09 (Saving: 00:00.03)

Saved: '/Users/chikumatsuboi/Code/animal-racers-western/assets/source/western/upright-v1/qa/wolf/three-quarter-jump/0013.png'
Time: 00:00.09 (Saving: 00:00.03)

Saved: '/Users/chikumatsuboi/Code/animal-racers-western/assets/source/western/upright-v1/qa/wolf/three-quarter-jump/0015.png'
Time: 00:00.10 (Saving: 00:00.04)

Saved: '/Users/chikumatsuboi/Code/animal-racers-western/assets/source/western/upright-v1/qa/wolf/three-quarter-jump/0017.png'
Time: 00:00.08 (Saving: 00:00.02)

Saved: '/Users/chikumatsuboi/Code/animal-racers-western/assets/source/western/upright-v1/qa/wolf/three-quarter-jump/0019.png'
Time: 00:00.11 (Saving: 00:00.04)

Saved: '/Users/chikumatsuboi/Code/animal-racers-western/assets/source/western/upright-v1/qa/wolf/three-quarter-jump/0021.png'
Time: 00:00.10 (Saving: 00:00.04)

Saved: '/Users/chikumatsuboi/Code/animal-racers-western/assets/source/western/upright-v1/qa/wolf/three-quarter-jump/0023.png'
Time: 00:00.11 (Saving: 00:00.04)

Saved: '/Users/chikumatsuboi/Code/animal-racers-western/assets/source/western/upright-v1/qa/wolf/three-quarter-jump/0025.png'
Time: 00:00.10 (Saving: 00:00.04)

Saved: '/Users/chikumatsuboi/Code/animal-racers-western/assets/source/western/upright-v1/qa/wolf/three-quarter-land/0001.png'
Time: 00:00.13 (Saving: 00:00.05)

Saved: '/Users/chikumatsuboi/Code/animal-racers-western/assets/source/western/upright-v1/qa/wolf/three-quarter-land/0003.png'
Time: 00:00.09 (Saving: 00:00.02)

Saved: '/Users/chikumatsuboi/Code/animal-racers-western/assets/source/western/upright-v1/qa/wolf/three-quarter-land/0005.png'
Time: 00:00.07 (Saving: 00:00.02)

Saved: '/Users/chikumatsuboi/Code/animal-racers-western/assets/source/western/upright-v1/qa/wolf/three-quarter-land/0007.png'
Time: 00:00.07 (Saving: 00:00.02)

Saved: '/Users/chikumatsuboi/Code/animal-racers-western/assets/source/western/upright-v1/qa/wolf/three-quarter-land/0009.png'
Time: 00:00.07 (Saving: 00:00.02)

Saved: '/Users/chikumatsuboi/Code/animal-racers-western/assets/source/western/upright-v1/qa/wolf/three-quarter-land/0010.png'
Time: 00:00.08 (Saving: 00:00.02)

Saved: '/Users/chikumatsuboi/Code/animal-racers-western/assets/source/western/upright-v1/qa/wolf/side-attack.png'
Time: 00:00.16 (Saving: 00:00.09)

Saved: '/Users/chikumatsuboi/Code/animal-racers-western/assets/source/western/upright-v1/qa/wolf/side-special.png'
Time: 00:00.12 (Saving: 00:00.06)

Saved: '/Users/chikumatsuboi/Code/animal-racers-western/assets/source/western/upright-v1/qa/wolf/side-defeat.png'
Time: 00:00.12 (Saving: 00:00.06)

Saved: '/Users/chikumatsuboi/Code/animal-racers-western/assets/source/western/upright-v1/qa/wolf/side-celebrate.png'
Time: 00:00.17 (Saving: 00:00.08)

Saved: '/Users/chikumatsuboi/Code/animal-racers-western/assets/source/western/upright-v1/qa/wolf/side-transform/0001.png'
Time: 00:00.06 (Saving: 00:00.02)

Saved: '/Users/chikumatsuboi/Code/animal-racers-western/assets/source/western/upright-v1/qa/wolf/side-transform/0003.png'
Time: 00:00.06 (Saving: 00:00.02)

Saved: '/Users/chikumatsuboi/Code/animal-racers-western/assets/source/western/upright-v1/qa/wolf/side-transform/0005.png'
Time: 00:00.07 (Saving: 00:00.02)

Saved: '/Users/chikumatsuboi/Code/animal-racers-western/assets/source/western/upright-v1/qa/wolf/side-transform/0007.png'
Time: 00:00.07 (Saving: 00:00.03)

Saved: '/Users/chikumatsuboi/Code/animal-racers-western/assets/source/western/upright-v1/qa/wolf/side-transform/0009.png'
Time: 00:00.07 (Saving: 00:00.02)

Saved: '/Users/chikumatsuboi/Code/animal-racers-western/assets/source/western/upright-v1/qa/wolf/side-transform/0011.png'
Time: 00:00.07 (Saving: 00:00.02)

Saved: '/Users/chikumatsuboi/Code/animal-racers-western/assets/source/western/upright-v1/qa/wolf/side-transform/0013.png'
Time: 00:00.08 (Saving: 00:00.02)

Saved: '/Users/chikumatsuboi/Code/animal-racers-western/assets/source/western/upright-v1/qa/wolf/side-transform/0015.png'
Time: 00:00.07 (Saving: 00:00.02)

Saved: '/Users/chikumatsuboi/Code/animal-racers-western/assets/source/western/upright-v1/qa/wolf/side-transform/0017.png'
Time: 00:00.07 (Saving: 00:00.03)

Saved: '/Users/chikumatsuboi/Code/animal-racers-western/assets/source/western/upright-v1/qa/wolf/side-transform/0019.png'
Time: 00:00.08 (Saving: 00:00.03)

Saved: '/Users/chikumatsuboi/Code/animal-racers-western/assets/source/western/upright-v1/qa/wolf/side-transform/0021.png'
Time: 00:00.09 (Saving: 00:00.04)

Saved: '/Users/chikumatsuboi/Code/animal-racers-western/assets/source/western/upright-v1/qa/wolf/side-transform/0023.png'
Time: 00:00.07 (Saving: 00:00.03)

Saved: '/Users/chikumatsuboi/Code/animal-racers-western/assets/source/western/upright-v1/qa/wolf/side-transform/0025.png'
Time: 00:00.07 (Saving: 00:00.02)

Saved: '/Users/chikumatsuboi/Code/animal-racers-western/assets/source/western/upright-v1/qa/wolf/side-transform/0027.png'
Time: 00:00.07 (Saving: 00:00.02)

Saved: '/Users/chikumatsuboi/Code/animal-racers-western/assets/source/western/upright-v1/qa/wolf/side-transform/0029.png'
Time: 00:00.06 (Saving: 00:00.02)

Saved: '/Users/chikumatsuboi/Code/animal-racers-western/assets/source/western/upright-v1/qa/wolf/side-transform/0031.png'
Time: 00:00.07 (Saving: 00:00.03)

Saved: '/Users/chikumatsuboi/Code/animal-racers-western/assets/source/western/upright-v1/qa/wolf/side-transform/0033.png'
Time: 00:00.08 (Saving: 00:00.03)

Saved: '/Users/chikumatsuboi/Code/animal-racers-western/assets/source/western/upright-v1/qa/wolf/side-transform/0035.png'
Time: 00:00.07 (Saving: 00:00.02)

Saved: '/Users/chikumatsuboi/Code/animal-racers-western/assets/source/western/upright-v1/qa/wolf/side-transform/0037.png'
Time: 00:00.06 (Saving: 00:00.02)

Saved: '/Users/chikumatsuboi/Code/animal-racers-western/assets/source/western/upright-v1/qa/wolf/side-fight_idle/0001.png'
Time: 00:00.06 (Saving: 00:00.02)

Saved: '/Users/chikumatsuboi/Code/animal-racers-western/assets/source/western/upright-v1/qa/wolf/side-fight_idle/0003.png'
Time: 00:00.07 (Saving: 00:00.02)

Saved: '/Users/chikumatsuboi/Code/animal-racers-western/assets/source/western/upright-v1/qa/wolf/side-fight_idle/0005.png'
Time: 00:00.08 (Saving: 00:00.03)

Saved: '/Users/chikumatsuboi/Code/animal-racers-western/assets/source/western/upright-v1/qa/wolf/side-fight_idle/0007.png'
Time: 00:00.09 (Saving: 00:00.03)

Saved: '/Users/chikumatsuboi/Code/animal-racers-western/assets/source/western/upright-v1/qa/wolf/side-fight_idle/0009.png'
Time: 00:00.07 (Saving: 00:00.03)

Saved: '/Users/chikumatsuboi/Code/animal-racers-western/assets/source/western/upright-v1/qa/wolf/side-fight_idle/0011.png'
Time: 00:00.08 (Saving: 00:00.03)

Saved: '/Users/chikumatsuboi/Code/animal-racers-western/assets/source/western/upright-v1/qa/wolf/side-fight_idle/0013.png'
Time: 00:00.09 (Saving: 00:00.02)

Saved: '/Users/chikumatsuboi/Code/animal-racers-western/assets/source/western/upright-v1/qa/wolf/side-fight_idle/0015.png'
Time: 00:00.07 (Saving: 00:00.02)

Saved: '/Users/chikumatsuboi/Code/animal-racers-western/assets/source/western/upright-v1/qa/wolf/side-fight_idle/0017.png'
Time: 00:00.08 (Saving: 00:00.02)

Saved: '/Users/chikumatsuboi/Code/animal-racers-western/assets/source/western/upright-v1/qa/wolf/side-fight_idle/0019.png'
Time: 00:00.08 (Saving: 00:00.02)

Saved: '/Users/chikumatsuboi/Code/animal-racers-western/assets/source/western/upright-v1/qa/wolf/side-fight_idle/0021.png'
Time: 00:00.07 (Saving: 00:00.02)

Saved: '/Users/chikumatsuboi/Code/animal-racers-western/assets/source/western/upright-v1/qa/wolf/side-fight_idle/0023.png'
Time: 00:00.08 (Saving: 00:00.03)

Saved: '/Users/chikumatsuboi/Code/animal-racers-western/assets/source/western/upright-v1/qa/wolf/side-fight_idle/0025.png'
Time: 00:00.09 (Saving: 00:00.03)

Saved: '/Users/chikumatsuboi/Code/animal-racers-western/assets/source/western/upright-v1/qa/wolf/side-fight_idle/0027.png'
Time: 00:00.09 (Saving: 00:00.05)

Saved: '/Users/chikumatsuboi/Code/animal-racers-western/assets/source/western/upright-v1/qa/wolf/side-fight_idle/0029.png'
Time: 00:00.07 (Saving: 00:00.02)

Saved: '/Users/chikumatsuboi/Code/animal-racers-western/assets/source/western/upright-v1/qa/wolf/side-fight_idle/0031.png'
Time: 00:00.07 (Saving: 00:00.02)

Saved: '/Users/chikumatsuboi/Code/animal-racers-western/assets/source/western/upright-v1/qa/wolf/side-fight_idle/0033.png'
Time: 00:00.12 (Saving: 00:00.04)

Saved: '/Users/chikumatsuboi/Code/animal-racers-western/assets/source/western/upright-v1/qa/wolf/side-fight_idle/0035.png'
Time: 00:00.12 (Saving: 00:00.05)

Saved: '/Users/chikumatsuboi/Code/animal-racers-western/assets/source/western/upright-v1/qa/wolf/side-fight_idle/0037.png'
Time: 00:00.10 (Saving: 00:00.05)

Saved: '/Users/chikumatsuboi/Code/animal-racers-western/assets/source/western/upright-v1/qa/wolf/side-fight_idle/0039.png'
Time: 00:00.10 (Saving: 00:00.03)

Saved: '/Users/chikumatsuboi/Code/animal-racers-western/assets/source/western/upright-v1/qa/wolf/side-fight_idle/0041.png'
Time: 00:00.09 (Saving: 00:00.03)

Saved: '/Users/chikumatsuboi/Code/animal-racers-western/assets/source/western/upright-v1/qa/wolf/side-fight_idle/0043.png'
Time: 00:00.09 (Saving: 00:00.03)

Saved: '/Users/chikumatsuboi/Code/animal-racers-western/assets/source/western/upright-v1/qa/wolf/side-fight_idle/0045.png'
Time: 00:00.08 (Saving: 00:00.02)

Saved: '/Users/chikumatsuboi/Code/animal-racers-western/assets/source/western/upright-v1/qa/wolf/side-fight_idle/0047.png'
Time: 00:00.08 (Saving: 00:00.02)

Saved: '/Users/chikumatsuboi/Code/animal-racers-western/assets/source/western/upright-v1/qa/wolf/side-fight_idle/0049.png'
Time: 00:00.08 (Saving: 00:00.03)

Saved: '/Users/chikumatsuboi/Code/animal-racers-western/assets/source/western/upright-v1/qa/wolf/side-fight_idle/0051.png'
Time: 00:00.07 (Saving: 00:00.02)

Saved: '/Users/chikumatsuboi/Code/animal-racers-western/assets/source/western/upright-v1/qa/wolf/side-fight_idle/0053.png'
Time: 00:00.07 (Saving: 00:00.02)

Saved: '/Users/chikumatsuboi/Code/animal-racers-western/assets/source/western/upright-v1/qa/wolf/side-fight_idle/0055.png'
Time: 00:00.07 (Saving: 00:00.02)

Saved: '/Users/chikumatsuboi/Code/animal-racers-western/assets/source/western/upright-v1/qa/wolf/side-fight_idle/0057.png'
Time: 00:00.08 (Saving: 00:00.04)

Saved: '/Users/chikumatsuboi/Code/animal-racers-western/assets/source/western/upright-v1/qa/wolf/side-fight_idle/0059.png'
Time: 00:00.06 (Saving: 00:00.02)

Saved: '/Users/chikumatsuboi/Code/animal-racers-western/assets/source/western/upright-v1/qa/wolf/side-fight_idle/0061.png'
Time: 00:00.06 (Saving: 00:00.02)

Saved: '/Users/chikumatsuboi/Code/animal-racers-western/assets/source/western/upright-v1/qa/wolf/side-fight_move/0001.png'
Time: 00:00.06 (Saving: 00:00.01)

Saved: '/Users/chikumatsuboi/Code/animal-racers-western/assets/source/western/upright-v1/qa/wolf/side-fight_move/0003.png'
Time: 00:00.06 (Saving: 00:00.02)

Saved: '/Users/chikumatsuboi/Code/animal-racers-western/assets/source/western/upright-v1/qa/wolf/side-fight_move/0005.png'
Time: 00:00.05 (Saving: 00:00.02)

Saved: '/Users/chikumatsuboi/Code/animal-racers-western/assets/source/western/upright-v1/qa/wolf/side-fight_move/0007.png'
Time: 00:00.05 (Saving: 00:00.01)

Saved: '/Users/chikumatsuboi/Code/animal-racers-western/assets/source/western/upright-v1/qa/wolf/side-fight_move/0009.png'
Time: 00:00.06 (Saving: 00:00.02)

Saved: '/Users/chikumatsuboi/Code/animal-racers-western/assets/source/western/upright-v1/qa/wolf/side-fight_move/0011.png'
Time: 00:00.06 (Saving: 00:00.02)

Saved: '/Users/chikumatsuboi/Code/animal-racers-western/assets/source/western/upright-v1/qa/wolf/side-fight_move/0013.png'
Time: 00:00.06 (Saving: 00:00.02)

Saved: '/Users/chikumatsuboi/Code/animal-racers-western/assets/source/western/upright-v1/qa/wolf/side-attack/0001.png'
Time: 00:00.10 (Saving: 00:00.05)

Saved: '/Users/chikumatsuboi/Code/animal-racers-western/assets/source/western/upright-v1/qa/wolf/side-attack/0003.png'
Time: 00:00.07 (Saving: 00:00.02)

Saved: '/Users/chikumatsuboi/Code/animal-racers-western/assets/source/western/upright-v1/qa/wolf/side-attack/0005.png'
Time: 00:00.05 (Saving: 00:00.01)

Saved: '/Users/chikumatsuboi/Code/animal-racers-western/assets/source/western/upright-v1/qa/wolf/side-attack/0007.png'
Time: 00:00.05 (Saving: 00:00.02)

Saved: '/Users/chikumatsuboi/Code/animal-racers-western/assets/source/western/upright-v1/qa/wolf/side-attack/0009.png'
Time: 00:00.05 (Saving: 00:00.01)

Saved: '/Users/chikumatsuboi/Code/animal-racers-western/assets/source/western/upright-v1/qa/wolf/side-attack/0011.png'
Time: 00:00.05 (Saving: 00:00.02)

Saved: '/Users/chikumatsuboi/Code/animal-racers-western/assets/source/western/upright-v1/qa/wolf/side-attack/0013.png'
Time: 00:00.06 (Saving: 00:00.02)

Saved: '/Users/chikumatsuboi/Code/animal-racers-western/assets/source/western/upright-v1/qa/wolf/side-attack/0015.png'
Time: 00:00.05 (Saving: 00:00.01)

Saved: '/Users/chikumatsuboi/Code/animal-racers-western/assets/source/western/upright-v1/qa/wolf/side-attack/0017.png'
Time: 00:00.05 (Saving: 00:00.02)

Saved: '/Users/chikumatsuboi/Code/animal-racers-western/assets/source/western/upright-v1/qa/wolf/side-attack/0018.png'
Time: 00:00.05 (Saving: 00:00.02)

Saved: '/Users/chikumatsuboi/Code/animal-racers-western/assets/source/western/upright-v1/qa/wolf/side-special/0001.png'
Time: 00:00.07 (Saving: 00:00.03)

Saved: '/Users/chikumatsuboi/Code/animal-racers-western/assets/source/western/upright-v1/qa/wolf/side-special/0003.png'
Time: 00:00.08 (Saving: 00:00.03)

Saved: '/Users/chikumatsuboi/Code/animal-racers-western/assets/source/western/upright-v1/qa/wolf/side-special/0005.png'
Time: 00:00.08 (Saving: 00:00.03)

Saved: '/Users/chikumatsuboi/Code/animal-racers-western/assets/source/western/upright-v1/qa/wolf/side-special/0007.png'
Time: 00:00.07 (Saving: 00:00.02)

Saved: '/Users/chikumatsuboi/Code/animal-racers-western/assets/source/western/upright-v1/qa/wolf/side-special/0009.png'
Time: 00:00.07 (Saving: 00:00.03)

Saved: '/Users/chikumatsuboi/Code/animal-racers-western/assets/source/western/upright-v1/qa/wolf/side-special/0011.png'
Time: 00:00.09 (Saving: 00:00.03)

Saved: '/Users/chikumatsuboi/Code/animal-racers-western/assets/source/western/upright-v1/qa/wolf/side-special/0013.png'
Time: 00:00.08 (Saving: 00:00.03)

Saved: '/Users/chikumatsuboi/Code/animal-racers-western/assets/source/western/upright-v1/qa/wolf/side-special/0015.png'
Time: 00:00.07 (Saving: 00:00.03)

Saved: '/Users/chikumatsuboi/Code/animal-racers-western/assets/source/western/upright-v1/qa/wolf/side-special/0017.png'
Time: 00:00.07 (Saving: 00:00.02)

Saved: '/Users/chikumatsuboi/Code/animal-racers-western/assets/source/western/upright-v1/qa/wolf/side-special/0019.png'
Time: 00:00.08 (Saving: 00:00.02)

Saved: '/Users/chikumatsuboi/Code/animal-racers-western/assets/source/western/upright-v1/qa/wolf/side-special/0021.png'
Time: 00:00.07 (Saving: 00:00.03)

Saved: '/Users/chikumatsuboi/Code/animal-racers-western/assets/source/western/upright-v1/qa/wolf/side-special/0023.png'
Time: 00:00.09 (Saving: 00:00.03)

Saved: '/Users/chikumatsuboi/Code/animal-racers-western/assets/source/western/upright-v1/qa/wolf/side-special/0025.png'
Time: 00:00.07 (Saving: 00:00.02)

Saved: '/Users/chikumatsuboi/Code/animal-racers-western/assets/source/western/upright-v1/qa/wolf/side-special/0027.png'
Time: 00:00.09 (Saving: 00:00.04)

Saved: '/Users/chikumatsuboi/Code/animal-racers-western/assets/source/western/upright-v1/qa/wolf/side-special/0029.png'
Time: 00:00.08 (Saving: 00:00.03)

Saved: '/Users/chikumatsuboi/Code/animal-racers-western/assets/source/western/upright-v1/qa/wolf/side-special/0031.png'
Time: 00:00.08 (Saving: 00:00.03)

Saved: '/Users/chikumatsuboi/Code/animal-racers-western/assets/source/western/upright-v1/qa/wolf/side-special/0033.png'
Time: 00:00.08 (Saving: 00:00.03)

Saved: '/Users/chikumatsuboi/Code/animal-racers-western/assets/source/western/upright-v1/qa/wolf/side-special/0035.png'
Time: 00:00.11 (Saving: 00:00.04)

Saved: '/Users/chikumatsuboi/Code/animal-racers-western/assets/source/western/upright-v1/qa/wolf/side-guard/0001.png'
Time: 00:00.07 (Saving: 00:00.02)

Saved: '/Users/chikumatsuboi/Code/animal-racers-western/assets/source/western/upright-v1/qa/wolf/side-guard/0003.png'
Time: 00:00.07 (Saving: 00:00.02)

Saved: '/Users/chikumatsuboi/Code/animal-racers-western/assets/source/western/upright-v1/qa/wolf/side-guard/0005.png'
Time: 00:00.06 (Saving: 00:00.02)

Saved: '/Users/chikumatsuboi/Code/animal-racers-western/assets/source/western/upright-v1/qa/wolf/side-guard/0007.png'
Time: 00:00.07 (Saving: 00:00.02)

Saved: '/Users/chikumatsuboi/Code/animal-racers-western/assets/source/western/upright-v1/qa/wolf/side-guard/0009.png'
Time: 00:00.10 (Saving: 00:00.04)

Saved: '/Users/chikumatsuboi/Code/animal-racers-western/assets/source/western/upright-v1/qa/wolf/side-guard/0011.png'
Time: 00:00.09 (Saving: 00:00.03)

Saved: '/Users/chikumatsuboi/Code/animal-racers-western/assets/source/western/upright-v1/qa/wolf/side-guard/0013.png'
Time: 00:00.10 (Saving: 00:00.04)

Saved: '/Users/chikumatsuboi/Code/animal-racers-western/assets/source/western/upright-v1/qa/wolf/side-guard/0015.png'
Time: 00:00.09 (Saving: 00:00.03)

Saved: '/Users/chikumatsuboi/Code/animal-racers-western/assets/source/western/upright-v1/qa/wolf/side-guard/0017.png'
Time: 00:00.08 (Saving: 00:00.02)

Saved: '/Users/chikumatsuboi/Code/animal-racers-western/assets/source/western/upright-v1/qa/wolf/side-guard/0019.png'
Time: 00:00.10 (Saving: 00:00.04)

Saved: '/Users/chikumatsuboi/Code/animal-racers-western/assets/source/western/upright-v1/qa/wolf/side-hit/0001.png'
Time: 00:00.08 (Saving: 00:00.02)

Saved: '/Users/chikumatsuboi/Code/animal-racers-western/assets/source/western/upright-v1/qa/wolf/side-hit/0003.png'
Time: 00:00.09 (Saving: 00:00.03)

Saved: '/Users/chikumatsuboi/Code/animal-racers-western/assets/source/western/upright-v1/qa/wolf/side-hit/0005.png'
Time: 00:00.07 (Saving: 00:00.03)

Saved: '/Users/chikumatsuboi/Code/animal-racers-western/assets/source/western/upright-v1/qa/wolf/side-hit/0007.png'
Time: 00:00.08 (Saving: 00:00.03)

Saved: '/Users/chikumatsuboi/Code/animal-racers-western/assets/source/western/upright-v1/qa/wolf/side-hit/0009.png'
Time: 00:00.08 (Saving: 00:00.03)

Saved: '/Users/chikumatsuboi/Code/animal-racers-western/assets/source/western/upright-v1/qa/wolf/side-hit/0011.png'
Time: 00:00.09 (Saving: 00:00.04)

Saved: '/Users/chikumatsuboi/Code/animal-racers-western/assets/source/western/upright-v1/qa/wolf/side-hit/0013.png'
Time: 00:00.09 (Saving: 00:00.03)

Saved: '/Users/chikumatsuboi/Code/animal-racers-western/assets/source/western/upright-v1/qa/wolf/side-defeat/0001.png'
Time: 00:00.08 (Saving: 00:00.03)

Saved: '/Users/chikumatsuboi/Code/animal-racers-western/assets/source/western/upright-v1/qa/wolf/side-defeat/0003.png'
Time: 00:00.07 (Saving: 00:00.02)

Saved: '/Users/chikumatsuboi/Code/animal-racers-western/assets/source/western/upright-v1/qa/wolf/side-defeat/0005.png'
Time: 00:00.10 (Saving: 00:00.03)

Saved: '/Users/chikumatsuboi/Code/animal-racers-western/assets/source/western/upright-v1/qa/wolf/side-defeat/0007.png'
Time: 00:00.06 (Saving: 00:00.02)

Saved: '/Users/chikumatsuboi/Code/animal-racers-western/assets/source/western/upright-v1/qa/wolf/side-defeat/0009.png'
Time: 00:00.07 (Saving: 00:00.02)

Saved: '/Users/chikumatsuboi/Code/animal-racers-western/assets/source/western/upright-v1/qa/wolf/side-defeat/0011.png'
Time: 00:00.05 (Saving: 00:00.02)

Saved: '/Users/chikumatsuboi/Code/animal-racers-western/assets/source/western/upright-v1/qa/wolf/side-defeat/0013.png'
Time: 00:00.07 (Saving: 00:00.03)

Saved: '/Users/chikumatsuboi/Code/animal-racers-western/assets/source/western/upright-v1/qa/wolf/side-defeat/0015.png'
Time: 00:00.09 (Saving: 00:00.03)

Saved: '/Users/chikumatsuboi/Code/animal-racers-western/assets/source/western/upright-v1/qa/wolf/side-defeat/0017.png'
Time: 00:00.07 (Saving: 00:00.03)

Saved: '/Users/chikumatsuboi/Code/animal-racers-western/assets/source/western/upright-v1/qa/wolf/side-defeat/0019.png'
Time: 00:00.06 (Saving: 00:00.02)

Saved: '/Users/chikumatsuboi/Code/animal-racers-western/assets/source/western/upright-v1/qa/wolf/side-defeat/0021.png'
Time: 00:00.07 (Saving: 00:00.02)

Saved: '/Users/chikumatsuboi/Code/animal-racers-western/assets/source/western/upright-v1/qa/wolf/side-defeat/0023.png'
Time: 00:00.07 (Saving: 00:00.02)

Saved: '/Users/chikumatsuboi/Code/animal-racers-western/assets/source/western/upright-v1/qa/wolf/side-defeat/0025.png'
Time: 00:00.07 (Saving: 00:00.02)

Saved: '/Users/chikumatsuboi/Code/animal-racers-western/assets/source/western/upright-v1/qa/wolf/side-defeat/0027.png'
Time: 00:00.07 (Saving: 00:00.02)

Saved: '/Users/chikumatsuboi/Code/animal-racers-western/assets/source/western/upright-v1/qa/wolf/side-defeat/0029.png'
Time: 00:00.10 (Saving: 00:00.03)

Saved: '/Users/chikumatsuboi/Code/animal-racers-western/assets/source/western/upright-v1/qa/wolf/side-defeat/0031.png'
Time: 00:00.08 (Saving: 00:00.03)

Saved: '/Users/chikumatsuboi/Code/animal-racers-western/assets/source/western/upright-v1/qa/wolf/side-defeat/0033.png'
Time: 00:00.09 (Saving: 00:00.03)

Saved: '/Users/chikumatsuboi/Code/animal-racers-western/assets/source/western/upright-v1/qa/wolf/side-defeat/0035.png'
Time: 00:00.08 (Saving: 00:00.03)

Saved: '/Users/chikumatsuboi/Code/animal-racers-western/assets/source/western/upright-v1/qa/wolf/side-defeat/0037.png'
Time: 00:00.08 (Saving: 00:00.02)

Saved: '/Users/chikumatsuboi/Code/animal-racers-western/assets/source/western/upright-v1/qa/wolf/side-defeat/0039.png'
Time: 00:00.08 (Saving: 00:00.03)

Saved: '/Users/chikumatsuboi/Code/animal-racers-western/assets/source/western/upright-v1/qa/wolf/side-defeat/0040.png'
Time: 00:00.09 (Saving: 00:00.03)

Saved: '/Users/chikumatsuboi/Code/animal-racers-western/assets/source/western/upright-v1/qa/wolf/side-celebrate/0001.png'
Time: 00:00.09 (Saving: 00:00.04)

Saved: '/Users/chikumatsuboi/Code/animal-racers-western/assets/source/western/upright-v1/qa/wolf/side-celebrate/0003.png'
Time: 00:00.07 (Saving: 00:00.03)

Saved: '/Users/chikumatsuboi/Code/animal-racers-western/assets/source/western/upright-v1/qa/wolf/side-celebrate/0005.png'
Time: 00:00.06 (Saving: 00:00.02)

Saved: '/Users/chikumatsuboi/Code/animal-racers-western/assets/source/western/upright-v1/qa/wolf/side-celebrate/0007.png'
Time: 00:00.06 (Saving: 00:00.02)

Saved: '/Users/chikumatsuboi/Code/animal-racers-western/assets/source/western/upright-v1/qa/wolf/side-celebrate/0009.png'
Time: 00:00.09 (Saving: 00:00.03)

Saved: '/Users/chikumatsuboi/Code/animal-racers-western/assets/source/western/upright-v1/qa/wolf/side-celebrate/0011.png'
Time: 00:00.09 (Saving: 00:00.04)

Saved: '/Users/chikumatsuboi/Code/animal-racers-western/assets/source/western/upright-v1/qa/wolf/side-celebrate/0013.png'
Time: 00:00.07 (Saving: 00:00.02)

Saved: '/Users/chikumatsuboi/Code/animal-racers-western/assets/source/western/upright-v1/qa/wolf/side-celebrate/0015.png'
Time: 00:00.06 (Saving: 00:00.02)

Saved: '/Users/chikumatsuboi/Code/animal-racers-western/assets/source/western/upright-v1/qa/wolf/side-celebrate/0017.png'
Time: 00:00.06 (Saving: 00:00.02)

Saved: '/Users/chikumatsuboi/Code/animal-racers-western/assets/source/western/upright-v1/qa/wolf/side-celebrate/0019.png'
Time: 00:00.07 (Saving: 00:00.02)

Saved: '/Users/chikumatsuboi/Code/animal-racers-western/assets/source/western/upright-v1/qa/wolf/side-celebrate/0021.png'
Time: 00:00.13 (Saving: 00:00.05)

Saved: '/Users/chikumatsuboi/Code/animal-racers-western/assets/source/western/upright-v1/qa/wolf/side-celebrate/0023.png'
Time: 00:00.09 (Saving: 00:00.02)

Saved: '/Users/chikumatsuboi/Code/animal-racers-western/assets/source/western/upright-v1/qa/wolf/side-celebrate/0025.png'
Time: 00:00.06 (Saving: 00:00.02)

Saved: '/Users/chikumatsuboi/Code/animal-racers-western/assets/source/western/upright-v1/qa/wolf/side-celebrate/0027.png'
Time: 00:00.05 (Saving: 00:00.02)

Saved: '/Users/chikumatsuboi/Code/animal-racers-western/assets/source/western/upright-v1/qa/wolf/side-celebrate/0029.png'
Time: 00:00.06 (Saving: 00:00.02)

Saved: '/Users/chikumatsuboi/Code/animal-racers-western/assets/source/western/upright-v1/qa/wolf/side-celebrate/0031.png'
Time: 00:00.06 (Saving: 00:00.02)

Saved: '/Users/chikumatsuboi/Code/animal-racers-western/assets/source/western/upright-v1/qa/wolf/side-celebrate/0033.png'
Time: 00:00.07 (Saving: 00:00.03)

Saved: '/Users/chikumatsuboi/Code/animal-racers-western/assets/source/western/upright-v1/qa/wolf/side-celebrate/0035.png'
Time: 00:00.06 (Saving: 00:00.02)

Saved: '/Users/chikumatsuboi/Code/animal-racers-western/assets/source/western/upright-v1/qa/wolf/side-celebrate/0037.png'
Time: 00:00.08 (Saving: 00:00.02)

Saved: '/Users/chikumatsuboi/Code/animal-racers-western/assets/source/western/upright-v1/qa/wolf/side-celebrate/0039.png'
Time: 00:00.07 (Saving: 00:00.02)

Saved: '/Users/chikumatsuboi/Code/animal-racers-western/assets/source/western/upright-v1/qa/wolf/side-celebrate/0041.png'
Time: 00:00.07 (Saving: 00:00.02)

Saved: '/Users/chikumatsuboi/Code/animal-racers-western/assets/source/western/upright-v1/qa/wolf/side-celebrate/0043.png'
Time: 00:00.07 (Saving: 00:00.02)

Saved: '/Users/chikumatsuboi/Code/animal-racers-western/assets/source/western/upright-v1/qa/wolf/side-celebrate/0045.png'
Time: 00:00.07 (Saving: 00:00.02)

Saved: '/Users/chikumatsuboi/Code/animal-racers-western/assets/source/western/upright-v1/qa/wolf/side-celebrate/0047.png'
Time: 00:00.09 (Saving: 00:00.03)

Saved: '/Users/chikumatsuboi/Code/animal-racers-western/assets/source/western/upright-v1/qa/wolf/side-celebrate/0049.png'
Time: 00:00.06 (Saving: 00:00.02)

Saved: '/Users/chikumatsuboi/Code/animal-racers-western/assets/source/western/upright-v1/qa/wolf/side-celebrate/0051.png'
Time: 00:00.06 (Saving: 00:00.02)

Saved: '/Users/chikumatsuboi/Code/animal-racers-western/assets/source/western/upright-v1/qa/wolf/side-celebrate/0053.png'
Time: 00:00.07 (Saving: 00:00.02)

Saved: '/Users/chikumatsuboi/Code/animal-racers-western/assets/source/western/upright-v1/qa/wolf/side-celebrate/0055.png'
Time: 00:00.07 (Saving: 00:00.02)

Saved: '/Users/chikumatsuboi/Code/animal-racers-western/assets/source/western/upright-v1/qa/wolf/side-celebrate/0057.png'
Time: 00:00.08 (Saving: 00:00.03)

Saved: '/Users/chikumatsuboi/Code/animal-racers-western/assets/source/western/upright-v1/qa/wolf/side-celebrate/0059.png'
Time: 00:00.07 (Saving: 00:00.02)

Saved: '/Users/chikumatsuboi/Code/animal-racers-western/assets/source/western/upright-v1/qa/wolf/side-celebrate/0061.png'
Time: 00:00.08 (Saving: 00:00.03)

Saved: '/Users/chikumatsuboi/Code/animal-racers-western/assets/source/western/upright-v1/qa/wolf/side-jump/0001.png'
Time: 00:00.09 (Saving: 00:00.03)

Saved: '/Users/chikumatsuboi/Code/animal-racers-western/assets/source/western/upright-v1/qa/wolf/side-jump/0003.png'
Time: 00:00.09 (Saving: 00:00.03)

Saved: '/Users/chikumatsuboi/Code/animal-racers-western/assets/source/western/upright-v1/qa/wolf/side-jump/0005.png'
Time: 00:00.09 (Saving: 00:00.03)

Saved: '/Users/chikumatsuboi/Code/animal-racers-western/assets/source/western/upright-v1/qa/wolf/side-jump/0007.png'
Time: 00:00.08 (Saving: 00:00.03)

Saved: '/Users/chikumatsuboi/Code/animal-racers-western/assets/source/western/upright-v1/qa/wolf/side-jump/0009.png'
Time: 00:00.09 (Saving: 00:00.04)

Saved: '/Users/chikumatsuboi/Code/animal-racers-western/assets/source/western/upright-v1/qa/wolf/side-jump/0011.png'
Time: 00:00.14 (Saving: 00:00.03)

Saved: '/Users/chikumatsuboi/Code/animal-racers-western/assets/source/western/upright-v1/qa/wolf/side-jump/0013.png'
Time: 00:00.07 (Saving: 00:00.02)

Saved: '/Users/chikumatsuboi/Code/animal-racers-western/assets/source/western/upright-v1/qa/wolf/side-jump/0015.png'
Time: 00:00.08 (Saving: 00:00.03)

Saved: '/Users/chikumatsuboi/Code/animal-racers-western/assets/source/western/upright-v1/qa/wolf/side-jump/0017.png'
Time: 00:00.12 (Saving: 00:00.04)

Saved: '/Users/chikumatsuboi/Code/animal-racers-western/assets/source/western/upright-v1/qa/wolf/side-jump/0019.png'
Time: 00:00.09 (Saving: 00:00.03)

Saved: '/Users/chikumatsuboi/Code/animal-racers-western/assets/source/western/upright-v1/qa/wolf/side-jump/0021.png'
Time: 00:00.08 (Saving: 00:00.02)

Saved: '/Users/chikumatsuboi/Code/animal-racers-western/assets/source/western/upright-v1/qa/wolf/side-jump/0023.png'
Time: 00:00.07 (Saving: 00:00.03)

Saved: '/Users/chikumatsuboi/Code/animal-racers-western/assets/source/western/upright-v1/qa/wolf/side-jump/0025.png'
Time: 00:00.07 (Saving: 00:00.03)

Saved: '/Users/chikumatsuboi/Code/animal-racers-western/assets/source/western/upright-v1/qa/wolf/side-land/0001.png'
Time: 00:00.06 (Saving: 00:00.02)

Saved: '/Users/chikumatsuboi/Code/animal-racers-western/assets/source/western/upright-v1/qa/wolf/side-land/0003.png'
Time: 00:00.08 (Saving: 00:00.03)

Saved: '/Users/chikumatsuboi/Code/animal-racers-western/assets/source/western/upright-v1/qa/wolf/side-land/0005.png'
Time: 00:00.09 (Saving: 00:00.04)

Saved: '/Users/chikumatsuboi/Code/animal-racers-western/assets/source/western/upright-v1/qa/wolf/side-land/0007.png'
Time: 00:00.09 (Saving: 00:00.03)

Saved: '/Users/chikumatsuboi/Code/animal-racers-western/assets/source/western/upright-v1/qa/wolf/side-land/0009.png'
Time: 00:00.08 (Saving: 00:00.02)

Saved: '/Users/chikumatsuboi/Code/animal-racers-western/assets/source/western/upright-v1/qa/wolf/side-land/0010.png'
Time: 00:00.08 (Saving: 00:00.02)

UPRIGHT_REVIEW_RENDERED wolf
Read blend: "/Users/chikumatsuboi/Code/animal-racers-western/assets/source/western/unicorn-upright.blend"
Saved: '/Users/chikumatsuboi/Code/animal-racers-western/assets/source/western/upright-v1/qa/unicorn/three-quarter-transform.png'
Time: 00:00.12 (Saving: 00:00.06)

Saved: '/Users/chikumatsuboi/Code/animal-racers-western/assets/source/western/upright-v1/qa/unicorn/three-quarter-fight_move.png'
Time: 00:00.15 (Saving: 00:00.09)

Saved: '/Users/chikumatsuboi/Code/animal-racers-western/assets/source/western/upright-v1/qa/unicorn/three-quarter-attack.png'
Time: 00:00.11 (Saving: 00:00.07)

Saved: '/Users/chikumatsuboi/Code/animal-racers-western/assets/source/western/upright-v1/qa/unicorn/three-quarter-special.png'
Time: 00:00.10 (Saving: 00:00.05)

Saved: '/Users/chikumatsuboi/Code/animal-racers-western/assets/source/western/upright-v1/qa/unicorn/three-quarter-guard.png'
Time: 00:00.11 (Saving: 00:00.06)

Saved: '/Users/chikumatsuboi/Code/animal-racers-western/assets/source/western/upright-v1/qa/unicorn/three-quarter-defeat.png'
Time: 00:00.14 (Saving: 00:00.07)

Saved: '/Users/chikumatsuboi/Code/animal-racers-western/assets/source/western/upright-v1/qa/unicorn/three-quarter-jump.png'
Time: 00:00.11 (Saving: 00:00.06)

Saved: '/Users/chikumatsuboi/Code/animal-racers-western/assets/source/western/upright-v1/qa/unicorn/three-quarter-land.png'
Time: 00:00.11 (Saving: 00:00.07)

Saved: '/Users/chikumatsuboi/Code/animal-racers-western/assets/source/western/upright-v1/qa/unicorn/three-quarter-transform/0001.png'
Time: 00:00.12 (Saving: 00:00.04)

Saved: '/Users/chikumatsuboi/Code/animal-racers-western/assets/source/western/upright-v1/qa/unicorn/three-quarter-transform/0003.png'
Time: 00:00.09 (Saving: 00:00.04)

Saved: '/Users/chikumatsuboi/Code/animal-racers-western/assets/source/western/upright-v1/qa/unicorn/three-quarter-transform/0005.png'
Time: 00:00.07 (Saving: 00:00.03)

Saved: '/Users/chikumatsuboi/Code/animal-racers-western/assets/source/western/upright-v1/qa/unicorn/three-quarter-transform/0007.png'
Time: 00:00.09 (Saving: 00:00.03)

Saved: '/Users/chikumatsuboi/Code/animal-racers-western/assets/source/western/upright-v1/qa/unicorn/three-quarter-transform/0009.png'
Time: 00:00.07 (Saving: 00:00.03)

Saved: '/Users/chikumatsuboi/Code/animal-racers-western/assets/source/western/upright-v1/qa/unicorn/three-quarter-transform/0011.png'
Time: 00:00.12 (Saving: 00:00.05)

Saved: '/Users/chikumatsuboi/Code/animal-racers-western/assets/source/western/upright-v1/qa/unicorn/three-quarter-transform/0013.png'
Time: 00:00.23 (Saving: 00:00.19)

Saved: '/Users/chikumatsuboi/Code/animal-racers-western/assets/source/western/upright-v1/qa/unicorn/three-quarter-transform/0015.png'
Time: 00:00.19 (Saving: 00:00.12)

Saved: '/Users/chikumatsuboi/Code/animal-racers-western/assets/source/western/upright-v1/qa/unicorn/three-quarter-transform/0017.png'
Time: 00:00.17 (Saving: 00:00.09)

Saved: '/Users/chikumatsuboi/Code/animal-racers-western/assets/source/western/upright-v1/qa/unicorn/three-quarter-transform/0019.png'
Time: 00:00.07 (Saving: 00:00.03)

Saved: '/Users/chikumatsuboi/Code/animal-racers-western/assets/source/western/upright-v1/qa/unicorn/three-quarter-transform/0021.png'
Time: 00:00.06 (Saving: 00:00.03)

Saved: '/Users/chikumatsuboi/Code/animal-racers-western/assets/source/western/upright-v1/qa/unicorn/three-quarter-transform/0023.png'
Time: 00:00.09 (Saving: 00:00.04)

Saved: '/Users/chikumatsuboi/Code/animal-racers-western/assets/source/western/upright-v1/qa/unicorn/three-quarter-transform/0025.png'
Time: 00:00.07 (Saving: 00:00.03)

Saved: '/Users/chikumatsuboi/Code/animal-racers-western/assets/source/western/upright-v1/qa/unicorn/three-quarter-transform/0027.png'
Time: 00:00.06 (Saving: 00:00.02)

Saved: '/Users/chikumatsuboi/Code/animal-racers-western/assets/source/western/upright-v1/qa/unicorn/three-quarter-transform/0029.png'
Time: 00:00.07 (Saving: 00:00.02)

Saved: '/Users/chikumatsuboi/Code/animal-racers-western/assets/source/western/upright-v1/qa/unicorn/three-quarter-transform/0031.png'
Time: 00:00.14 (Saving: 00:00.05)

Saved: '/Users/chikumatsuboi/Code/animal-racers-western/assets/source/western/upright-v1/qa/unicorn/three-quarter-transform/0033.png'
Time: 00:00.07 (Saving: 00:00.03)

Saved: '/Users/chikumatsuboi/Code/animal-racers-western/assets/source/western/upright-v1/qa/unicorn/three-quarter-transform/0035.png'
Time: 00:00.07 (Saving: 00:00.02)

Saved: '/Users/chikumatsuboi/Code/animal-racers-western/assets/source/western/upright-v1/qa/unicorn/three-quarter-transform/0037.png'
Time: 00:00.08 (Saving: 00:00.02)

Saved: '/Users/chikumatsuboi/Code/animal-racers-western/assets/source/western/upright-v1/qa/unicorn/three-quarter-fight_idle/0001.png'
Time: 00:00.09 (Saving: 00:00.03)

Saved: '/Users/chikumatsuboi/Code/animal-racers-western/assets/source/western/upright-v1/qa/unicorn/three-quarter-fight_idle/0003.png'
Time: 00:00.06 (Saving: 00:00.02)

Saved: '/Users/chikumatsuboi/Code/animal-racers-western/assets/source/western/upright-v1/qa/unicorn/three-quarter-fight_idle/0005.png'
Time: 00:00.10 (Saving: 00:00.04)

Saved: '/Users/chikumatsuboi/Code/animal-racers-western/assets/source/western/upright-v1/qa/unicorn/three-quarter-fight_idle/0007.png'
Time: 00:00.10 (Saving: 00:00.03)

Saved: '/Users/chikumatsuboi/Code/animal-racers-western/assets/source/western/upright-v1/qa/unicorn/three-quarter-fight_idle/0009.png'
Time: 00:00.11 (Saving: 00:00.06)

Saved: '/Users/chikumatsuboi/Code/animal-racers-western/assets/source/western/upright-v1/qa/unicorn/three-quarter-fight_idle/0011.png'
Time: 00:00.09 (Saving: 00:00.03)

Saved: '/Users/chikumatsuboi/Code/animal-racers-western/assets/source/western/upright-v1/qa/unicorn/three-quarter-fight_idle/0013.png'
Time: 00:00.07 (Saving: 00:00.03)

Saved: '/Users/chikumatsuboi/Code/animal-racers-western/assets/source/western/upright-v1/qa/unicorn/three-quarter-fight_idle/0015.png'
Time: 00:00.07 (Saving: 00:00.03)

Saved: '/Users/chikumatsuboi/Code/animal-racers-western/assets/source/western/upright-v1/qa/unicorn/three-quarter-fight_idle/0017.png'
Time: 00:00.07 (Saving: 00:00.04)

Saved: '/Users/chikumatsuboi/Code/animal-racers-western/assets/source/western/upright-v1/qa/unicorn/three-quarter-fight_idle/0019.png'
Time: 00:00.07 (Saving: 00:00.03)

Saved: '/Users/chikumatsuboi/Code/animal-racers-western/assets/source/western/upright-v1/qa/unicorn/three-quarter-fight_idle/0021.png'
Time: 00:00.07 (Saving: 00:00.03)

Saved: '/Users/chikumatsuboi/Code/animal-racers-western/assets/source/western/upright-v1/qa/unicorn/three-quarter-fight_idle/0023.png'
Time: 00:00.07 (Saving: 00:00.02)

Saved: '/Users/chikumatsuboi/Code/animal-racers-western/assets/source/western/upright-v1/qa/unicorn/three-quarter-fight_idle/0025.png'
Time: 00:00.07 (Saving: 00:00.02)

Saved: '/Users/chikumatsuboi/Code/animal-racers-western/assets/source/western/upright-v1/qa/unicorn/three-quarter-fight_idle/0027.png'
Time: 00:00.08 (Saving: 00:00.03)

Saved: '/Users/chikumatsuboi/Code/animal-racers-western/assets/source/western/upright-v1/qa/unicorn/three-quarter-fight_idle/0029.png'
Time: 00:00.11 (Saving: 00:00.04)

Saved: '/Users/chikumatsuboi/Code/animal-racers-western/assets/source/western/upright-v1/qa/unicorn/three-quarter-fight_idle/0031.png'
Time: 00:00.06 (Saving: 00:00.02)

Saved: '/Users/chikumatsuboi/Code/animal-racers-western/assets/source/western/upright-v1/qa/unicorn/three-quarter-fight_idle/0033.png'
Time: 00:00.06 (Saving: 00:00.02)

Saved: '/Users/chikumatsuboi/Code/animal-racers-western/assets/source/western/upright-v1/qa/unicorn/three-quarter-fight_idle/0035.png'
Time: 00:00.08 (Saving: 00:00.03)

Saved: '/Users/chikumatsuboi/Code/animal-racers-western/assets/source/western/upright-v1/qa/unicorn/three-quarter-fight_idle/0037.png'
Time: 00:00.10 (Saving: 00:00.03)

Saved: '/Users/chikumatsuboi/Code/animal-racers-western/assets/source/western/upright-v1/qa/unicorn/three-quarter-fight_idle/0039.png'
Time: 00:00.11 (Saving: 00:00.03)

Saved: '/Users/chikumatsuboi/Code/animal-racers-western/assets/source/western/upright-v1/qa/unicorn/three-quarter-fight_idle/0041.png'
Time: 00:00.07 (Saving: 00:00.03)

Saved: '/Users/chikumatsuboi/Code/animal-racers-western/assets/source/western/upright-v1/qa/unicorn/three-quarter-fight_idle/0043.png'
Time: 00:00.07 (Saving: 00:00.02)

Saved: '/Users/chikumatsuboi/Code/animal-racers-western/assets/source/western/upright-v1/qa/unicorn/three-quarter-fight_idle/0045.png'
Time: 00:00.09 (Saving: 00:00.05)

Saved: '/Users/chikumatsuboi/Code/animal-racers-western/assets/source/western/upright-v1/qa/unicorn/three-quarter-fight_idle/0047.png'
Time: 00:00.07 (Saving: 00:00.03)

Saved: '/Users/chikumatsuboi/Code/animal-racers-western/assets/source/western/upright-v1/qa/unicorn/three-quarter-fight_idle/0049.png'
Time: 00:00.08 (Saving: 00:00.03)

Saved: '/Users/chikumatsuboi/Code/animal-racers-western/assets/source/western/upright-v1/qa/unicorn/three-quarter-fight_idle/0051.png'
Time: 00:00.07 (Saving: 00:00.02)

Saved: '/Users/chikumatsuboi/Code/animal-racers-western/assets/source/western/upright-v1/qa/unicorn/three-quarter-fight_idle/0053.png'
Time: 00:00.06 (Saving: 00:00.02)

Saved: '/Users/chikumatsuboi/Code/animal-racers-western/assets/source/western/upright-v1/qa/unicorn/three-quarter-fight_idle/0055.png'
Time: 00:00.13 (Saving: 00:00.05)

Saved: '/Users/chikumatsuboi/Code/animal-racers-western/assets/source/western/upright-v1/qa/unicorn/three-quarter-fight_idle/0057.png'
Time: 00:00.06 (Saving: 00:00.02)

Saved: '/Users/chikumatsuboi/Code/animal-racers-western/assets/source/western/upright-v1/qa/unicorn/three-quarter-fight_idle/0059.png'
Time: 00:00.06 (Saving: 00:00.02)

Saved: '/Users/chikumatsuboi/Code/animal-racers-western/assets/source/western/upright-v1/qa/unicorn/three-quarter-fight_idle/0061.png'
Time: 00:00.06 (Saving: 00:00.02)

Saved: '/Users/chikumatsuboi/Code/animal-racers-western/assets/source/western/upright-v1/qa/unicorn/three-quarter-fight_move/0001.png'
Time: 00:00.06 (Saving: 00:00.02)

Saved: '/Users/chikumatsuboi/Code/animal-racers-western/assets/source/western/upright-v1/qa/unicorn/three-quarter-fight_move/0003.png'
Time: 00:00.12 (Saving: 00:00.07)

Saved: '/Users/chikumatsuboi/Code/animal-racers-western/assets/source/western/upright-v1/qa/unicorn/three-quarter-fight_move/0005.png'
Time: 00:00.08 (Saving: 00:00.03)

Saved: '/Users/chikumatsuboi/Code/animal-racers-western/assets/source/western/upright-v1/qa/unicorn/three-quarter-fight_move/0007.png'
Time: 00:00.08 (Saving: 00:00.02)

Saved: '/Users/chikumatsuboi/Code/animal-racers-western/assets/source/western/upright-v1/qa/unicorn/three-quarter-fight_move/0009.png'
Time: 00:00.10 (Saving: 00:00.05)

Saved: '/Users/chikumatsuboi/Code/animal-racers-western/assets/source/western/upright-v1/qa/unicorn/three-quarter-fight_move/0011.png'
Time: 00:00.09 (Saving: 00:00.03)

Saved: '/Users/chikumatsuboi/Code/animal-racers-western/assets/source/western/upright-v1/qa/unicorn/three-quarter-fight_move/0013.png'
Time: 00:00.09 (Saving: 00:00.04)

Saved: '/Users/chikumatsuboi/Code/animal-racers-western/assets/source/western/upright-v1/qa/unicorn/three-quarter-attack/0001.png'
Time: 00:00.08 (Saving: 00:00.03)

Saved: '/Users/chikumatsuboi/Code/animal-racers-western/assets/source/western/upright-v1/qa/unicorn/three-quarter-attack/0003.png'
Time: 00:00.07 (Saving: 00:00.03)

Saved: '/Users/chikumatsuboi/Code/animal-racers-western/assets/source/western/upright-v1/qa/unicorn/three-quarter-attack/0005.png'
Time: 00:00.08 (Saving: 00:00.04)

Saved: '/Users/chikumatsuboi/Code/animal-racers-western/assets/source/western/upright-v1/qa/unicorn/three-quarter-attack/0007.png'
Time: 00:00.11 (Saving: 00:00.04)

Saved: '/Users/chikumatsuboi/Code/animal-racers-western/assets/source/western/upright-v1/qa/unicorn/three-quarter-attack/0009.png'
Time: 00:00.09 (Saving: 00:00.03)

Saved: '/Users/chikumatsuboi/Code/animal-racers-western/assets/source/western/upright-v1/qa/unicorn/three-quarter-attack/0011.png'
Time: 00:00.06 (Saving: 00:00.02)

Saved: '/Users/chikumatsuboi/Code/animal-racers-western/assets/source/western/upright-v1/qa/unicorn/three-quarter-attack/0013.png'
Time: 00:00.06 (Saving: 00:00.02)

Saved: '/Users/chikumatsuboi/Code/animal-racers-western/assets/source/western/upright-v1/qa/unicorn/three-quarter-attack/0015.png'
Time: 00:00.08 (Saving: 00:00.03)

Saved: '/Users/chikumatsuboi/Code/animal-racers-western/assets/source/western/upright-v1/qa/unicorn/three-quarter-attack/0017.png'
Time: 00:00.10 (Saving: 00:00.05)

Saved: '/Users/chikumatsuboi/Code/animal-racers-western/assets/source/western/upright-v1/qa/unicorn/three-quarter-attack/0018.png'
Time: 00:00.10 (Saving: 00:00.03)

Saved: '/Users/chikumatsuboi/Code/animal-racers-western/assets/source/western/upright-v1/qa/unicorn/three-quarter-special/0001.png'
Time: 00:00.06 (Saving: 00:00.02)

Saved: '/Users/chikumatsuboi/Code/animal-racers-western/assets/source/western/upright-v1/qa/unicorn/three-quarter-special/0003.png'
Time: 00:00.06 (Saving: 00:00.02)

Saved: '/Users/chikumatsuboi/Code/animal-racers-western/assets/source/western/upright-v1/qa/unicorn/three-quarter-special/0005.png'
Time: 00:00.06 (Saving: 00:00.02)

Saved: '/Users/chikumatsuboi/Code/animal-racers-western/assets/source/western/upright-v1/qa/unicorn/three-quarter-special/0007.png'
Time: 00:00.09 (Saving: 00:00.04)

Saved: '/Users/chikumatsuboi/Code/animal-racers-western/assets/source/western/upright-v1/qa/unicorn/three-quarter-special/0009.png'
Time: 00:00.09 (Saving: 00:00.04)

Saved: '/Users/chikumatsuboi/Code/animal-racers-western/assets/source/western/upright-v1/qa/unicorn/three-quarter-special/0011.png'
Time: 00:00.06 (Saving: 00:00.02)

Saved: '/Users/chikumatsuboi/Code/animal-racers-western/assets/source/western/upright-v1/qa/unicorn/three-quarter-special/0013.png'
Time: 00:00.06 (Saving: 00:00.02)

Saved: '/Users/chikumatsuboi/Code/animal-racers-western/assets/source/western/upright-v1/qa/unicorn/three-quarter-special/0015.png'
Time: 00:00.06 (Saving: 00:00.02)

Saved: '/Users/chikumatsuboi/Code/animal-racers-western/assets/source/western/upright-v1/qa/unicorn/three-quarter-special/0017.png'
Time: 00:00.06 (Saving: 00:00.02)

Saved: '/Users/chikumatsuboi/Code/animal-racers-western/assets/source/western/upright-v1/qa/unicorn/three-quarter-special/0019.png'
Time: 00:00.09 (Saving: 00:00.03)

Saved: '/Users/chikumatsuboi/Code/animal-racers-western/assets/source/western/upright-v1/qa/unicorn/three-quarter-special/0021.png'
Time: 00:00.07 (Saving: 00:00.03)

Saved: '/Users/chikumatsuboi/Code/animal-racers-western/assets/source/western/upright-v1/qa/unicorn/three-quarter-special/0023.png'
Time: 00:00.07 (Saving: 00:00.02)

Saved: '/Users/chikumatsuboi/Code/animal-racers-western/assets/source/western/upright-v1/qa/unicorn/three-quarter-special/0025.png'
Time: 00:00.09 (Saving: 00:00.04)

Saved: '/Users/chikumatsuboi/Code/animal-racers-western/assets/source/western/upright-v1/qa/unicorn/three-quarter-special/0027.png'
Time: 00:00.10 (Saving: 00:00.05)

Saved: '/Users/chikumatsuboi/Code/animal-racers-western/assets/source/western/upright-v1/qa/unicorn/three-quarter-special/0029.png'
Time: 00:00.10 (Saving: 00:00.03)

Saved: '/Users/chikumatsuboi/Code/animal-racers-western/assets/source/western/upright-v1/qa/unicorn/three-quarter-guard/0001.png'
Time: 00:00.09 (Saving: 00:00.04)

Saved: '/Users/chikumatsuboi/Code/animal-racers-western/assets/source/western/upright-v1/qa/unicorn/three-quarter-guard/0003.png'
Time: 00:00.07 (Saving: 00:00.03)

Saved: '/Users/chikumatsuboi/Code/animal-racers-western/assets/source/western/upright-v1/qa/unicorn/three-quarter-guard/0005.png'
Time: 00:00.10 (Saving: 00:00.05)

Saved: '/Users/chikumatsuboi/Code/animal-racers-western/assets/source/western/upright-v1/qa/unicorn/three-quarter-guard/0007.png'
Time: 00:00.09 (Saving: 00:00.04)

Saved: '/Users/chikumatsuboi/Code/animal-racers-western/assets/source/western/upright-v1/qa/unicorn/three-quarter-guard/0009.png'
Time: 00:00.05 (Saving: 00:00.02)

Saved: '/Users/chikumatsuboi/Code/animal-racers-western/assets/source/western/upright-v1/qa/unicorn/three-quarter-guard/0011.png'
Time: 00:00.07 (Saving: 00:00.02)

Saved: '/Users/chikumatsuboi/Code/animal-racers-western/assets/source/western/upright-v1/qa/unicorn/three-quarter-guard/0013.png'
Time: 00:00.06 (Saving: 00:00.02)

Saved: '/Users/chikumatsuboi/Code/animal-racers-western/assets/source/western/upright-v1/qa/unicorn/three-quarter-guard/0015.png'
Time: 00:00.05 (Saving: 00:00.02)

Saved: '/Users/chikumatsuboi/Code/animal-racers-western/assets/source/western/upright-v1/qa/unicorn/three-quarter-guard/0017.png'
Time: 00:00.07 (Saving: 00:00.02)

Saved: '/Users/chikumatsuboi/Code/animal-racers-western/assets/source/western/upright-v1/qa/unicorn/three-quarter-guard/0019.png'
Time: 00:00.07 (Saving: 00:00.03)

Saved: '/Users/chikumatsuboi/Code/animal-racers-western/assets/source/western/upright-v1/qa/unicorn/three-quarter-hit/0001.png'
Time: 00:00.06 (Saving: 00:00.02)

Saved: '/Users/chikumatsuboi/Code/animal-racers-western/assets/source/western/upright-v1/qa/unicorn/three-quarter-hit/0003.png'
Time: 00:00.06 (Saving: 00:00.02)

Saved: '/Users/chikumatsuboi/Code/animal-racers-western/assets/source/western/upright-v1/qa/unicorn/three-quarter-hit/0005.png'
Time: 00:00.08 (Saving: 00:00.03)

Saved: '/Users/chikumatsuboi/Code/animal-racers-western/assets/source/western/upright-v1/qa/unicorn/three-quarter-hit/0007.png'
Time: 00:00.08 (Saving: 00:00.03)

Saved: '/Users/chikumatsuboi/Code/animal-racers-western/assets/source/western/upright-v1/qa/unicorn/three-quarter-hit/0009.png'
Time: 00:00.08 (Saving: 00:00.03)

Saved: '/Users/chikumatsuboi/Code/animal-racers-western/assets/source/western/upright-v1/qa/unicorn/three-quarter-hit/0011.png'
Time: 00:00.06 (Saving: 00:00.02)

Saved: '/Users/chikumatsuboi/Code/animal-racers-western/assets/source/western/upright-v1/qa/unicorn/three-quarter-hit/0013.png'
Time: 00:00.07 (Saving: 00:00.02)

Saved: '/Users/chikumatsuboi/Code/animal-racers-western/assets/source/western/upright-v1/qa/unicorn/three-quarter-defeat/0001.png'
Time: 00:00.10 (Saving: 00:00.03)

Saved: '/Users/chikumatsuboi/Code/animal-racers-western/assets/source/western/upright-v1/qa/unicorn/three-quarter-defeat/0003.png'
Time: 00:00.10 (Saving: 00:00.04)

Saved: '/Users/chikumatsuboi/Code/animal-racers-western/assets/source/western/upright-v1/qa/unicorn/three-quarter-defeat/0005.png'
Time: 00:00.07 (Saving: 00:00.03)

Saved: '/Users/chikumatsuboi/Code/animal-racers-western/assets/source/western/upright-v1/qa/unicorn/three-quarter-defeat/0007.png'
Time: 00:00.08 (Saving: 00:00.03)

Saved: '/Users/chikumatsuboi/Code/animal-racers-western/assets/source/western/upright-v1/qa/unicorn/three-quarter-defeat/0009.png'
Time: 00:00.11 (Saving: 00:00.04)

Saved: '/Users/chikumatsuboi/Code/animal-racers-western/assets/source/western/upright-v1/qa/unicorn/three-quarter-defeat/0011.png'
Time: 00:00.10 (Saving: 00:00.04)

Saved: '/Users/chikumatsuboi/Code/animal-racers-western/assets/source/western/upright-v1/qa/unicorn/three-quarter-defeat/0013.png'
Time: 00:00.10 (Saving: 00:00.04)

Saved: '/Users/chikumatsuboi/Code/animal-racers-western/assets/source/western/upright-v1/qa/unicorn/three-quarter-defeat/0015.png'
Time: 00:00.10 (Saving: 00:00.05)

Saved: '/Users/chikumatsuboi/Code/animal-racers-western/assets/source/western/upright-v1/qa/unicorn/three-quarter-defeat/0017.png'
Time: 00:00.08 (Saving: 00:00.03)

Saved: '/Users/chikumatsuboi/Code/animal-racers-western/assets/source/western/upright-v1/qa/unicorn/three-quarter-defeat/0019.png'
Time: 00:00.07 (Saving: 00:00.02)

Saved: '/Users/chikumatsuboi/Code/animal-racers-western/assets/source/western/upright-v1/qa/unicorn/three-quarter-defeat/0021.png'
Time: 00:00.06 (Saving: 00:00.02)

Saved: '/Users/chikumatsuboi/Code/animal-racers-western/assets/source/western/upright-v1/qa/unicorn/three-quarter-defeat/0023.png'
Time: 00:00.09 (Saving: 00:00.04)

Saved: '/Users/chikumatsuboi/Code/animal-racers-western/assets/source/western/upright-v1/qa/unicorn/three-quarter-defeat/0025.png'
Time: 00:00.09 (Saving: 00:00.03)

Saved: '/Users/chikumatsuboi/Code/animal-racers-western/assets/source/western/upright-v1/qa/unicorn/three-quarter-defeat/0027.png'
Time: 00:00.09 (Saving: 00:00.03)

Saved: '/Users/chikumatsuboi/Code/animal-racers-western/assets/source/western/upright-v1/qa/unicorn/three-quarter-defeat/0029.png'
Time: 00:00.09 (Saving: 00:00.02)

Saved: '/Users/chikumatsuboi/Code/animal-racers-western/assets/source/western/upright-v1/qa/unicorn/three-quarter-defeat/0031.png'
Time: 00:00.06 (Saving: 00:00.02)

Saved: '/Users/chikumatsuboi/Code/animal-racers-western/assets/source/western/upright-v1/qa/unicorn/three-quarter-defeat/0033.png'
Time: 00:00.06 (Saving: 00:00.02)

Saved: '/Users/chikumatsuboi/Code/animal-racers-western/assets/source/western/upright-v1/qa/unicorn/three-quarter-defeat/0035.png'
Time: 00:00.07 (Saving: 00:00.03)

Saved: '/Users/chikumatsuboi/Code/animal-racers-western/assets/source/western/upright-v1/qa/unicorn/three-quarter-defeat/0037.png'
Time: 00:00.11 (Saving: 00:00.05)

Saved: '/Users/chikumatsuboi/Code/animal-racers-western/assets/source/western/upright-v1/qa/unicorn/three-quarter-defeat/0039.png'
Time: 00:00.08 (Saving: 00:00.02)

Saved: '/Users/chikumatsuboi/Code/animal-racers-western/assets/source/western/upright-v1/qa/unicorn/three-quarter-defeat/0040.png'
Time: 00:00.06 (Saving: 00:00.02)

Saved: '/Users/chikumatsuboi/Code/animal-racers-western/assets/source/western/upright-v1/qa/unicorn/three-quarter-celebrate/0001.png'
Time: 00:00.06 (Saving: 00:00.02)

Saved: '/Users/chikumatsuboi/Code/animal-racers-western/assets/source/western/upright-v1/qa/unicorn/three-quarter-celebrate/0003.png'
Time: 00:00.09 (Saving: 00:00.04)

Saved: '/Users/chikumatsuboi/Code/animal-racers-western/assets/source/western/upright-v1/qa/unicorn/three-quarter-celebrate/0005.png'
Time: 00:00.08 (Saving: 00:00.02)

Saved: '/Users/chikumatsuboi/Code/animal-racers-western/assets/source/western/upright-v1/qa/unicorn/three-quarter-celebrate/0007.png'
Time: 00:00.06 (Saving: 00:00.02)

Saved: '/Users/chikumatsuboi/Code/animal-racers-western/assets/source/western/upright-v1/qa/unicorn/three-quarter-celebrate/0009.png'
Time: 00:00.06 (Saving: 00:00.02)

Saved: '/Users/chikumatsuboi/Code/animal-racers-western/assets/source/western/upright-v1/qa/unicorn/three-quarter-celebrate/0011.png'
Time: 00:00.06 (Saving: 00:00.02)

Saved: '/Users/chikumatsuboi/Code/animal-racers-western/assets/source/western/upright-v1/qa/unicorn/three-quarter-celebrate/0013.png'
Time: 00:00.07 (Saving: 00:00.03)

Saved: '/Users/chikumatsuboi/Code/animal-racers-western/assets/source/western/upright-v1/qa/unicorn/three-quarter-celebrate/0015.png'
Time: 00:00.07 (Saving: 00:00.03)

Saved: '/Users/chikumatsuboi/Code/animal-racers-western/assets/source/western/upright-v1/qa/unicorn/three-quarter-celebrate/0017.png'
Time: 00:00.08 (Saving: 00:00.03)

Saved: '/Users/chikumatsuboi/Code/animal-racers-western/assets/source/western/upright-v1/qa/unicorn/three-quarter-celebrate/0019.png'
Time: 00:00.06 (Saving: 00:00.02)

Saved: '/Users/chikumatsuboi/Code/animal-racers-western/assets/source/western/upright-v1/qa/unicorn/three-quarter-celebrate/0021.png'
Time: 00:00.07 (Saving: 00:00.03)

Saved: '/Users/chikumatsuboi/Code/animal-racers-western/assets/source/western/upright-v1/qa/unicorn/three-quarter-celebrate/0023.png'
Time: 00:00.06 (Saving: 00:00.02)

Saved: '/Users/chikumatsuboi/Code/animal-racers-western/assets/source/western/upright-v1/qa/unicorn/three-quarter-celebrate/0025.png'
Time: 00:00.07 (Saving: 00:00.02)

Saved: '/Users/chikumatsuboi/Code/animal-racers-western/assets/source/western/upright-v1/qa/unicorn/three-quarter-celebrate/0027.png'
Time: 00:00.07 (Saving: 00:00.03)

Saved: '/Users/chikumatsuboi/Code/animal-racers-western/assets/source/western/upright-v1/qa/unicorn/three-quarter-celebrate/0029.png'
Time: 00:00.08 (Saving: 00:00.02)

Saved: '/Users/chikumatsuboi/Code/animal-racers-western/assets/source/western/upright-v1/qa/unicorn/three-quarter-celebrate/0031.png'
Time: 00:00.06 (Saving: 00:00.03)

Saved: '/Users/chikumatsuboi/Code/animal-racers-western/assets/source/western/upright-v1/qa/unicorn/three-quarter-celebrate/0033.png'
Time: 00:00.09 (Saving: 00:00.05)

Saved: '/Users/chikumatsuboi/Code/animal-racers-western/assets/source/western/upright-v1/qa/unicorn/three-quarter-celebrate/0035.png'
Time: 00:00.08 (Saving: 00:00.03)

Saved: '/Users/chikumatsuboi/Code/animal-racers-western/assets/source/western/upright-v1/qa/unicorn/three-quarter-celebrate/0037.png'
Time: 00:00.07 (Saving: 00:00.02)

Saved: '/Users/chikumatsuboi/Code/animal-racers-western/assets/source/western/upright-v1/qa/unicorn/three-quarter-celebrate/0039.png'
Time: 00:00.08 (Saving: 00:00.03)

Saved: '/Users/chikumatsuboi/Code/animal-racers-western/assets/source/western/upright-v1/qa/unicorn/three-quarter-celebrate/0041.png'
Time: 00:00.06 (Saving: 00:00.02)

Saved: '/Users/chikumatsuboi/Code/animal-racers-western/assets/source/western/upright-v1/qa/unicorn/three-quarter-celebrate/0043.png'
Time: 00:00.07 (Saving: 00:00.02)

Saved: '/Users/chikumatsuboi/Code/animal-racers-western/assets/source/western/upright-v1/qa/unicorn/three-quarter-celebrate/0045.png'
Time: 00:00.07 (Saving: 00:00.03)

Saved: '/Users/chikumatsuboi/Code/animal-racers-western/assets/source/western/upright-v1/qa/unicorn/three-quarter-celebrate/0047.png'
Time: 00:00.05 (Saving: 00:00.02)

Saved: '/Users/chikumatsuboi/Code/animal-racers-western/assets/source/western/upright-v1/qa/unicorn/three-quarter-celebrate/0049.png'
Time: 00:00.06 (Saving: 00:00.02)

Saved: '/Users/chikumatsuboi/Code/animal-racers-western/assets/source/western/upright-v1/qa/unicorn/three-quarter-celebrate/0051.png'
Time: 00:00.05 (Saving: 00:00.02)

Saved: '/Users/chikumatsuboi/Code/animal-racers-western/assets/source/western/upright-v1/qa/unicorn/three-quarter-celebrate/0053.png'
Time: 00:00.06 (Saving: 00:00.02)

Saved: '/Users/chikumatsuboi/Code/animal-racers-western/assets/source/western/upright-v1/qa/unicorn/three-quarter-celebrate/0055.png'
Time: 00:00.06 (Saving: 00:00.02)

Saved: '/Users/chikumatsuboi/Code/animal-racers-western/assets/source/western/upright-v1/qa/unicorn/three-quarter-celebrate/0057.png'
Time: 00:00.06 (Saving: 00:00.02)

Saved: '/Users/chikumatsuboi/Code/animal-racers-western/assets/source/western/upright-v1/qa/unicorn/three-quarter-celebrate/0059.png'
Time: 00:00.06 (Saving: 00:00.02)

Saved: '/Users/chikumatsuboi/Code/animal-racers-western/assets/source/western/upright-v1/qa/unicorn/three-quarter-celebrate/0061.png'
Time: 00:00.06 (Saving: 00:00.02)

Saved: '/Users/chikumatsuboi/Code/animal-racers-western/assets/source/western/upright-v1/qa/unicorn/three-quarter-jump/0001.png'
Time: 00:00.06 (Saving: 00:00.02)

Saved: '/Users/chikumatsuboi/Code/animal-racers-western/assets/source/western/upright-v1/qa/unicorn/three-quarter-jump/0003.png'
Time: 00:00.08 (Saving: 00:00.04)

Saved: '/Users/chikumatsuboi/Code/animal-racers-western/assets/source/western/upright-v1/qa/unicorn/three-quarter-jump/0005.png'
Time: 00:00.06 (Saving: 00:00.02)

Saved: '/Users/chikumatsuboi/Code/animal-racers-western/assets/source/western/upright-v1/qa/unicorn/three-quarter-jump/0007.png'
Time: 00:00.07 (Saving: 00:00.03)

Saved: '/Users/chikumatsuboi/Code/animal-racers-western/assets/source/western/upright-v1/qa/unicorn/three-quarter-jump/0009.png'
Time: 00:00.08 (Saving: 00:00.03)

Saved: '/Users/chikumatsuboi/Code/animal-racers-western/assets/source/western/upright-v1/qa/unicorn/three-quarter-jump/0011.png'
Time: 00:00.08 (Saving: 00:00.03)

Saved: '/Users/chikumatsuboi/Code/animal-racers-western/assets/source/western/upright-v1/qa/unicorn/three-quarter-jump/0013.png'
Time: 00:00.06 (Saving: 00:00.03)

Saved: '/Users/chikumatsuboi/Code/animal-racers-western/assets/source/western/upright-v1/qa/unicorn/three-quarter-jump/0015.png'
Time: 00:00.10 (Saving: 00:00.05)

Saved: '/Users/chikumatsuboi/Code/animal-racers-western/assets/source/western/upright-v1/qa/unicorn/three-quarter-jump/0017.png'
Time: 00:00.10 (Saving: 00:00.04)

Saved: '/Users/chikumatsuboi/Code/animal-racers-western/assets/source/western/upright-v1/qa/unicorn/three-quarter-jump/0019.png'
Time: 00:00.08 (Saving: 00:00.02)

Saved: '/Users/chikumatsuboi/Code/animal-racers-western/assets/source/western/upright-v1/qa/unicorn/three-quarter-jump/0021.png'
Time: 00:00.09 (Saving: 00:00.03)

Saved: '/Users/chikumatsuboi/Code/animal-racers-western/assets/source/western/upright-v1/qa/unicorn/three-quarter-jump/0023.png'
Time: 00:00.08 (Saving: 00:00.03)

Saved: '/Users/chikumatsuboi/Code/animal-racers-western/assets/source/western/upright-v1/qa/unicorn/three-quarter-jump/0025.png'
Time: 00:00.07 (Saving: 00:00.03)

Saved: '/Users/chikumatsuboi/Code/animal-racers-western/assets/source/western/upright-v1/qa/unicorn/three-quarter-land/0001.png'
Time: 00:00.05 (Saving: 00:00.02)

Saved: '/Users/chikumatsuboi/Code/animal-racers-western/assets/source/western/upright-v1/qa/unicorn/three-quarter-land/0003.png'
Time: 00:00.07 (Saving: 00:00.03)

Saved: '/Users/chikumatsuboi/Code/animal-racers-western/assets/source/western/upright-v1/qa/unicorn/three-quarter-land/0005.png'
Time: 00:00.09 (Saving: 00:00.04)

Saved: '/Users/chikumatsuboi/Code/animal-racers-western/assets/source/western/upright-v1/qa/unicorn/three-quarter-land/0007.png'
Time: 00:00.06 (Saving: 00:00.02)

Saved: '/Users/chikumatsuboi/Code/animal-racers-western/assets/source/western/upright-v1/qa/unicorn/three-quarter-land/0009.png'
Time: 00:00.06 (Saving: 00:00.03)

Saved: '/Users/chikumatsuboi/Code/animal-racers-western/assets/source/western/upright-v1/qa/unicorn/three-quarter-land/0010.png'
Time: 00:00.06 (Saving: 00:00.03)

Saved: '/Users/chikumatsuboi/Code/animal-racers-western/assets/source/western/upright-v1/qa/unicorn/side-attack.png'
Time: 00:00.13 (Saving: 00:00.07)

Saved: '/Users/chikumatsuboi/Code/animal-racers-western/assets/source/western/upright-v1/qa/unicorn/side-special.png'
Time: 00:00.10 (Saving: 00:00.06)

Saved: '/Users/chikumatsuboi/Code/animal-racers-western/assets/source/western/upright-v1/qa/unicorn/side-defeat.png'
Time: 00:00.14 (Saving: 00:00.08)

Saved: '/Users/chikumatsuboi/Code/animal-racers-western/assets/source/western/upright-v1/qa/unicorn/side-celebrate.png'
Time: 00:00.16 (Saving: 00:00.11)

Saved: '/Users/chikumatsuboi/Code/animal-racers-western/assets/source/western/upright-v1/qa/unicorn/side-transform/0001.png'
Time: 00:00.08 (Saving: 00:00.03)

Saved: '/Users/chikumatsuboi/Code/animal-racers-western/assets/source/western/upright-v1/qa/unicorn/side-transform/0003.png'
Time: 00:00.07 (Saving: 00:00.02)

Saved: '/Users/chikumatsuboi/Code/animal-racers-western/assets/source/western/upright-v1/qa/unicorn/side-transform/0005.png'
Time: 00:00.07 (Saving: 00:00.03)

Saved: '/Users/chikumatsuboi/Code/animal-racers-western/assets/source/western/upright-v1/qa/unicorn/side-transform/0007.png'
Time: 00:00.07 (Saving: 00:00.02)

Saved: '/Users/chikumatsuboi/Code/animal-racers-western/assets/source/western/upright-v1/qa/unicorn/side-transform/0009.png'
Time: 00:00.08 (Saving: 00:00.04)

Saved: '/Users/chikumatsuboi/Code/animal-racers-western/assets/source/western/upright-v1/qa/unicorn/side-transform/0011.png'
Time: 00:00.15 (Saving: 00:00.06)

Saved: '/Users/chikumatsuboi/Code/animal-racers-western/assets/source/western/upright-v1/qa/unicorn/side-transform/0013.png'
Time: 00:00.06 (Saving: 00:00.02)

Saved: '/Users/chikumatsuboi/Code/animal-racers-western/assets/source/western/upright-v1/qa/unicorn/side-transform/0015.png'
Time: 00:00.06 (Saving: 00:00.02)

Saved: '/Users/chikumatsuboi/Code/animal-racers-western/assets/source/western/upright-v1/qa/unicorn/side-transform/0017.png'
Time: 00:00.07 (Saving: 00:00.02)

Saved: '/Users/chikumatsuboi/Code/animal-racers-western/assets/source/western/upright-v1/qa/unicorn/side-transform/0019.png'
Time: 00:00.08 (Saving: 00:00.04)

Saved: '/Users/chikumatsuboi/Code/animal-racers-western/assets/source/western/upright-v1/qa/unicorn/side-transform/0021.png'
Time: 00:00.10 (Saving: 00:00.04)

Saved: '/Users/chikumatsuboi/Code/animal-racers-western/assets/source/western/upright-v1/qa/unicorn/side-transform/0023.png'
Time: 00:00.09 (Saving: 00:00.05)

Saved: '/Users/chikumatsuboi/Code/animal-racers-western/assets/source/western/upright-v1/qa/unicorn/side-transform/0025.png'
Time: 00:00.10 (Saving: 00:00.03)

Saved: '/Users/chikumatsuboi/Code/animal-racers-western/assets/source/western/upright-v1/qa/unicorn/side-transform/0027.png'
Time: 00:00.10 (Saving: 00:00.04)

Saved: '/Users/chikumatsuboi/Code/animal-racers-western/assets/source/western/upright-v1/qa/unicorn/side-transform/0029.png'
Time: 00:00.09 (Saving: 00:00.03)

Saved: '/Users/chikumatsuboi/Code/animal-racers-western/assets/source/western/upright-v1/qa/unicorn/side-transform/0031.png'
Time: 00:00.10 (Saving: 00:00.05)

Saved: '/Users/chikumatsuboi/Code/animal-racers-western/assets/source/western/upright-v1/qa/unicorn/side-transform/0033.png'
Time: 00:00.08 (Saving: 00:00.04)

Saved: '/Users/chikumatsuboi/Code/animal-racers-western/assets/source/western/upright-v1/qa/unicorn/side-transform/0035.png'
Time: 00:00.09 (Saving: 00:00.04)

Saved: '/Users/chikumatsuboi/Code/animal-racers-western/assets/source/western/upright-v1/qa/unicorn/side-transform/0037.png'
Time: 00:00.10 (Saving: 00:00.03)

Saved: '/Users/chikumatsuboi/Code/animal-racers-western/assets/source/western/upright-v1/qa/unicorn/side-fight_idle/0001.png'
Time: 00:00.11 (Saving: 00:00.03)

Saved: '/Users/chikumatsuboi/Code/animal-racers-western/assets/source/western/upright-v1/qa/unicorn/side-fight_idle/0003.png'
Time: 00:00.08 (Saving: 00:00.03)

Saved: '/Users/chikumatsuboi/Code/animal-racers-western/assets/source/western/upright-v1/qa/unicorn/side-fight_idle/0005.png'
Time: 00:00.10 (Saving: 00:00.04)

Saved: '/Users/chikumatsuboi/Code/animal-racers-western/assets/source/western/upright-v1/qa/unicorn/side-fight_idle/0007.png'
Time: 00:00.13 (Saving: 00:00.07)

Saved: '/Users/chikumatsuboi/Code/animal-racers-western/assets/source/western/upright-v1/qa/unicorn/side-fight_idle/0009.png'
Time: 00:00.10 (Saving: 00:00.04)

Saved: '/Users/chikumatsuboi/Code/animal-racers-western/assets/source/western/upright-v1/qa/unicorn/side-fight_idle/0011.png'
Time: 00:00.11 (Saving: 00:00.05)

Saved: '/Users/chikumatsuboi/Code/animal-racers-western/assets/source/western/upright-v1/qa/unicorn/side-fight_idle/0013.png'
Time: 00:00.08 (Saving: 00:00.03)

Saved: '/Users/chikumatsuboi/Code/animal-racers-western/assets/source/western/upright-v1/qa/unicorn/side-fight_idle/0015.png'
Time: 00:00.09 (Saving: 00:00.04)

Saved: '/Users/chikumatsuboi/Code/animal-racers-western/assets/source/western/upright-v1/qa/unicorn/side-fight_idle/0017.png'
Time: 00:00.08 (Saving: 00:00.03)

Saved: '/Users/chikumatsuboi/Code/animal-racers-western/assets/source/western/upright-v1/qa/unicorn/side-fight_idle/0019.png'
Time: 00:00.07 (Saving: 00:00.03)

Saved: '/Users/chikumatsuboi/Code/animal-racers-western/assets/source/western/upright-v1/qa/unicorn/side-fight_idle/0021.png'
Time: 00:00.12 (Saving: 00:00.04)

Saved: '/Users/chikumatsuboi/Code/animal-racers-western/assets/source/western/upright-v1/qa/unicorn/side-fight_idle/0023.png'
Time: 00:00.11 (Saving: 00:00.05)

Saved: '/Users/chikumatsuboi/Code/animal-racers-western/assets/source/western/upright-v1/qa/unicorn/side-fight_idle/0025.png'
Time: 00:00.13 (Saving: 00:00.05)

Saved: '/Users/chikumatsuboi/Code/animal-racers-western/assets/source/western/upright-v1/qa/unicorn/side-fight_idle/0027.png'
Time: 00:00.08 (Saving: 00:00.03)

Saved: '/Users/chikumatsuboi/Code/animal-racers-western/assets/source/western/upright-v1/qa/unicorn/side-fight_idle/0029.png'
Time: 00:00.07 (Saving: 00:00.02)

Saved: '/Users/chikumatsuboi/Code/animal-racers-western/assets/source/western/upright-v1/qa/unicorn/side-fight_idle/0031.png'
Time: 00:00.08 (Saving: 00:00.03)

Saved: '/Users/chikumatsuboi/Code/animal-racers-western/assets/source/western/upright-v1/qa/unicorn/side-fight_idle/0033.png'
Time: 00:00.12 (Saving: 00:00.05)

Saved: '/Users/chikumatsuboi/Code/animal-racers-western/assets/source/western/upright-v1/qa/unicorn/side-fight_idle/0035.png'
Time: 00:00.09 (Saving: 00:00.03)

Saved: '/Users/chikumatsuboi/Code/animal-racers-western/assets/source/western/upright-v1/qa/unicorn/side-fight_idle/0037.png'
Time: 00:00.09 (Saving: 00:00.04)

Saved: '/Users/chikumatsuboi/Code/animal-racers-western/assets/source/western/upright-v1/qa/unicorn/side-fight_idle/0039.png'
Time: 00:00.07 (Saving: 00:00.03)

Saved: '/Users/chikumatsuboi/Code/animal-racers-western/assets/source/western/upright-v1/qa/unicorn/side-fight_idle/0041.png'
Time: 00:00.06 (Saving: 00:00.02)

Saved: '/Users/chikumatsuboi/Code/animal-racers-western/assets/source/western/upright-v1/qa/unicorn/side-fight_idle/0043.png'
Time: 00:00.07 (Saving: 00:00.02)

Saved: '/Users/chikumatsuboi/Code/animal-racers-western/assets/source/western/upright-v1/qa/unicorn/side-fight_idle/0045.png'
Time: 00:00.07 (Saving: 00:00.02)

Saved: '/Users/chikumatsuboi/Code/animal-racers-western/assets/source/western/upright-v1/qa/unicorn/side-fight_idle/0047.png'
Time: 00:00.13 (Saving: 00:00.06)

Saved: '/Users/chikumatsuboi/Code/animal-racers-western/assets/source/western/upright-v1/qa/unicorn/side-fight_idle/0049.png'
Time: 00:00.09 (Saving: 00:00.03)

Saved: '/Users/chikumatsuboi/Code/animal-racers-western/assets/source/western/upright-v1/qa/unicorn/side-fight_idle/0051.png'
Time: 00:00.06 (Saving: 00:00.02)

Saved: '/Users/chikumatsuboi/Code/animal-racers-western/assets/source/western/upright-v1/qa/unicorn/side-fight_idle/0053.png'
Time: 00:00.06 (Saving: 00:00.02)

Saved: '/Users/chikumatsuboi/Code/animal-racers-western/assets/source/western/upright-v1/qa/unicorn/side-fight_idle/0055.png'
Time: 00:00.08 (Saving: 00:00.03)

Saved: '/Users/chikumatsuboi/Code/animal-racers-western/assets/source/western/upright-v1/qa/unicorn/side-fight_idle/0057.png'
Time: 00:00.08 (Saving: 00:00.03)

Saved: '/Users/chikumatsuboi/Code/animal-racers-western/assets/source/western/upright-v1/qa/unicorn/side-fight_idle/0059.png'
Time: 00:00.10 (Saving: 00:00.04)

Saved: '/Users/chikumatsuboi/Code/animal-racers-western/assets/source/western/upright-v1/qa/unicorn/side-fight_idle/0061.png'
Time: 00:00.08 (Saving: 00:00.02)

Saved: '/Users/chikumatsuboi/Code/animal-racers-western/assets/source/western/upright-v1/qa/unicorn/side-fight_move/0001.png'
Time: 00:00.06 (Saving: 00:00.02)

Saved: '/Users/chikumatsuboi/Code/animal-racers-western/assets/source/western/upright-v1/qa/unicorn/side-fight_move/0003.png'
Time: 00:00.06 (Saving: 00:00.02)

Saved: '/Users/chikumatsuboi/Code/animal-racers-western/assets/source/western/upright-v1/qa/unicorn/side-fight_move/0005.png'
Time: 00:00.06 (Saving: 00:00.02)

Saved: '/Users/chikumatsuboi/Code/animal-racers-western/assets/source/western/upright-v1/qa/unicorn/side-fight_move/0007.png'
Time: 00:00.08 (Saving: 00:00.03)

Saved: '/Users/chikumatsuboi/Code/animal-racers-western/assets/source/western/upright-v1/qa/unicorn/side-fight_move/0009.png'
Time: 00:00.13 (Saving: 00:00.05)

Saved: '/Users/chikumatsuboi/Code/animal-racers-western/assets/source/western/upright-v1/qa/unicorn/side-fight_move/0011.png'
Time: 00:00.14 (Saving: 00:00.04)

Saved: '/Users/chikumatsuboi/Code/animal-racers-western/assets/source/western/upright-v1/qa/unicorn/side-fight_move/0013.png'
Time: 00:00.08 (Saving: 00:00.04)

Saved: '/Users/chikumatsuboi/Code/animal-racers-western/assets/source/western/upright-v1/qa/unicorn/side-attack/0001.png'
Time: 00:00.09 (Saving: 00:00.04)

Saved: '/Users/chikumatsuboi/Code/animal-racers-western/assets/source/western/upright-v1/qa/unicorn/side-attack/0003.png'
Time: 00:00.05 (Saving: 00:00.02)

Saved: '/Users/chikumatsuboi/Code/animal-racers-western/assets/source/western/upright-v1/qa/unicorn/side-attack/0005.png'
Time: 00:00.07 (Saving: 00:00.03)

Saved: '/Users/chikumatsuboi/Code/animal-racers-western/assets/source/western/upright-v1/qa/unicorn/side-attack/0007.png'
Time: 00:00.08 (Saving: 00:00.03)

Saved: '/Users/chikumatsuboi/Code/animal-racers-western/assets/source/western/upright-v1/qa/unicorn/side-attack/0009.png'
Time: 00:00.07 (Saving: 00:00.02)

Saved: '/Users/chikumatsuboi/Code/animal-racers-western/assets/source/western/upright-v1/qa/unicorn/side-attack/0011.png'
Time: 00:00.05 (Saving: 00:00.02)

Saved: '/Users/chikumatsuboi/Code/animal-racers-western/assets/source/western/upright-v1/qa/unicorn/side-attack/0013.png'
Time: 00:00.06 (Saving: 00:00.02)

Saved: '/Users/chikumatsuboi/Code/animal-racers-western/assets/source/western/upright-v1/qa/unicorn/side-attack/0015.png'
Time: 00:00.06 (Saving: 00:00.02)

Saved: '/Users/chikumatsuboi/Code/animal-racers-western/assets/source/western/upright-v1/qa/unicorn/side-attack/0017.png'
Time: 00:00.06 (Saving: 00:00.02)

Saved: '/Users/chikumatsuboi/Code/animal-racers-western/assets/source/western/upright-v1/qa/unicorn/side-attack/0018.png'
Time: 00:00.07 (Saving: 00:00.02)

Saved: '/Users/chikumatsuboi/Code/animal-racers-western/assets/source/western/upright-v1/qa/unicorn/side-special/0001.png'
Time: 00:00.07 (Saving: 00:00.03)

Saved: '/Users/chikumatsuboi/Code/animal-racers-western/assets/source/western/upright-v1/qa/unicorn/side-special/0003.png'
Time: 00:00.07 (Saving: 00:00.02)

Saved: '/Users/chikumatsuboi/Code/animal-racers-western/assets/source/western/upright-v1/qa/unicorn/side-special/0005.png'
Time: 00:00.06 (Saving: 00:00.02)

Saved: '/Users/chikumatsuboi/Code/animal-racers-western/assets/source/western/upright-v1/qa/unicorn/side-special/0007.png'
Time: 00:00.08 (Saving: 00:00.03)

Saved: '/Users/chikumatsuboi/Code/animal-racers-western/assets/source/western/upright-v1/qa/unicorn/side-special/0009.png'
Time: 00:00.08 (Saving: 00:00.03)

Saved: '/Users/chikumatsuboi/Code/animal-racers-western/assets/source/western/upright-v1/qa/unicorn/side-special/0011.png'
Time: 00:00.07 (Saving: 00:00.02)

Saved: '/Users/chikumatsuboi/Code/animal-racers-western/assets/source/western/upright-v1/qa/unicorn/side-special/0013.png'
Time: 00:00.08 (Saving: 00:00.03)

Saved: '/Users/chikumatsuboi/Code/animal-racers-western/assets/source/western/upright-v1/qa/unicorn/side-special/0015.png'
Time: 00:00.07 (Saving: 00:00.02)

Saved: '/Users/chikumatsuboi/Code/animal-racers-western/assets/source/western/upright-v1/qa/unicorn/side-special/0017.png'
Time: 00:00.06 (Saving: 00:00.02)

Saved: '/Users/chikumatsuboi/Code/animal-racers-western/assets/source/western/upright-v1/qa/unicorn/side-special/0019.png'
Time: 00:00.07 (Saving: 00:00.02)

Saved: '/Users/chikumatsuboi/Code/animal-racers-western/assets/source/western/upright-v1/qa/unicorn/side-special/0021.png'
Time: 00:00.07 (Saving: 00:00.03)

Saved: '/Users/chikumatsuboi/Code/animal-racers-western/assets/source/western/upright-v1/qa/unicorn/side-special/0023.png'
Time: 00:00.08 (Saving: 00:00.03)

Saved: '/Users/chikumatsuboi/Code/animal-racers-western/assets/source/western/upright-v1/qa/unicorn/side-special/0025.png'
Time: 00:00.08 (Saving: 00:00.03)

Saved: '/Users/chikumatsuboi/Code/animal-racers-western/assets/source/western/upright-v1/qa/unicorn/side-special/0027.png'
Time: 00:00.06 (Saving: 00:00.02)

Saved: '/Users/chikumatsuboi/Code/animal-racers-western/assets/source/western/upright-v1/qa/unicorn/side-special/0029.png'
Time: 00:00.06 (Saving: 00:00.02)

Saved: '/Users/chikumatsuboi/Code/animal-racers-western/assets/source/western/upright-v1/qa/unicorn/side-guard/0001.png'
Time: 00:00.07 (Saving: 00:00.02)

Saved: '/Users/chikumatsuboi/Code/animal-racers-western/assets/source/western/upright-v1/qa/unicorn/side-guard/0003.png'
Time: 00:00.06 (Saving: 00:00.02)

Saved: '/Users/chikumatsuboi/Code/animal-racers-western/assets/source/western/upright-v1/qa/unicorn/side-guard/0005.png'
Time: 00:00.07 (Saving: 00:00.02)

Saved: '/Users/chikumatsuboi/Code/animal-racers-western/assets/source/western/upright-v1/qa/unicorn/side-guard/0007.png'
Time: 00:00.10 (Saving: 00:00.04)

Saved: '/Users/chikumatsuboi/Code/animal-racers-western/assets/source/western/upright-v1/qa/unicorn/side-guard/0009.png'
Time: 00:00.10 (Saving: 00:00.05)

Saved: '/Users/chikumatsuboi/Code/animal-racers-western/assets/source/western/upright-v1/qa/unicorn/side-guard/0011.png'
Time: 00:00.06 (Saving: 00:00.02)

Saved: '/Users/chikumatsuboi/Code/animal-racers-western/assets/source/western/upright-v1/qa/unicorn/side-guard/0013.png'
Time: 00:00.06 (Saving: 00:00.02)

Saved: '/Users/chikumatsuboi/Code/animal-racers-western/assets/source/western/upright-v1/qa/unicorn/side-guard/0015.png'
Time: 00:00.07 (Saving: 00:00.02)

Saved: '/Users/chikumatsuboi/Code/animal-racers-western/assets/source/western/upright-v1/qa/unicorn/side-guard/0017.png'
Time: 00:00.05 (Saving: 00:00.02)

Saved: '/Users/chikumatsuboi/Code/animal-racers-western/assets/source/western/upright-v1/qa/unicorn/side-guard/0019.png'
Time: 00:00.06 (Saving: 00:00.03)

Saved: '/Users/chikumatsuboi/Code/animal-racers-western/assets/source/western/upright-v1/qa/unicorn/side-hit/0001.png'
Time: 00:00.06 (Saving: 00:00.02)

Saved: '/Users/chikumatsuboi/Code/animal-racers-western/assets/source/western/upright-v1/qa/unicorn/side-hit/0003.png'
Time: 00:00.07 (Saving: 00:00.02)

Saved: '/Users/chikumatsuboi/Code/animal-racers-western/assets/source/western/upright-v1/qa/unicorn/side-hit/0005.png'
Time: 00:00.06 (Saving: 00:00.02)

Saved: '/Users/chikumatsuboi/Code/animal-racers-western/assets/source/western/upright-v1/qa/unicorn/side-hit/0007.png'
Time: 00:00.07 (Saving: 00:00.03)

Saved: '/Users/chikumatsuboi/Code/animal-racers-western/assets/source/western/upright-v1/qa/unicorn/side-hit/0009.png'
Time: 00:00.06 (Saving: 00:00.03)

Saved: '/Users/chikumatsuboi/Code/animal-racers-western/assets/source/western/upright-v1/qa/unicorn/side-hit/0011.png'
Time: 00:00.08 (Saving: 00:00.03)

Saved: '/Users/chikumatsuboi/Code/animal-racers-western/assets/source/western/upright-v1/qa/unicorn/side-hit/0013.png'
Time: 00:00.07 (Saving: 00:00.02)

Saved: '/Users/chikumatsuboi/Code/animal-racers-western/assets/source/western/upright-v1/qa/unicorn/side-defeat/0001.png'
Time: 00:00.06 (Saving: 00:00.02)

Saved: '/Users/chikumatsuboi/Code/animal-racers-western/assets/source/western/upright-v1/qa/unicorn/side-defeat/0003.png'
Time: 00:00.06 (Saving: 00:00.03)

Saved: '/Users/chikumatsuboi/Code/animal-racers-western/assets/source/western/upright-v1/qa/unicorn/side-defeat/0005.png'
Time: 00:00.07 (Saving: 00:00.02)

Saved: '/Users/chikumatsuboi/Code/animal-racers-western/assets/source/western/upright-v1/qa/unicorn/side-defeat/0007.png'
Time: 00:00.07 (Saving: 00:00.02)

Saved: '/Users/chikumatsuboi/Code/animal-racers-western/assets/source/western/upright-v1/qa/unicorn/side-defeat/0009.png'
Time: 00:00.07 (Saving: 00:00.03)

Saved: '/Users/chikumatsuboi/Code/animal-racers-western/assets/source/western/upright-v1/qa/unicorn/side-defeat/0011.png'
Time: 00:00.07 (Saving: 00:00.02)

Saved: '/Users/chikumatsuboi/Code/animal-racers-western/assets/source/western/upright-v1/qa/unicorn/side-defeat/0013.png'
Time: 00:00.08 (Saving: 00:00.03)

Saved: '/Users/chikumatsuboi/Code/animal-racers-western/assets/source/western/upright-v1/qa/unicorn/side-defeat/0015.png'
Time: 00:00.07 (Saving: 00:00.02)

Saved: '/Users/chikumatsuboi/Code/animal-racers-western/assets/source/western/upright-v1/qa/unicorn/side-defeat/0017.png'
Time: 00:00.07 (Saving: 00:00.02)

Saved: '/Users/chikumatsuboi/Code/animal-racers-western/assets/source/western/upright-v1/qa/unicorn/side-defeat/0019.png'
Time: 00:00.09 (Saving: 00:00.03)

Saved: '/Users/chikumatsuboi/Code/animal-racers-western/assets/source/western/upright-v1/qa/unicorn/side-defeat/0021.png'
Time: 00:00.09 (Saving: 00:00.04)

Saved: '/Users/chikumatsuboi/Code/animal-racers-western/assets/source/western/upright-v1/qa/unicorn/side-defeat/0023.png'
Time: 00:00.08 (Saving: 00:00.03)

Saved: '/Users/chikumatsuboi/Code/animal-racers-western/assets/source/western/upright-v1/qa/unicorn/side-defeat/0025.png'
Time: 00:00.07 (Saving: 00:00.02)

Saved: '/Users/chikumatsuboi/Code/animal-racers-western/assets/source/western/upright-v1/qa/unicorn/side-defeat/0027.png'
Time: 00:00.05 (Saving: 00:00.02)

Saved: '/Users/chikumatsuboi/Code/animal-racers-western/assets/source/western/upright-v1/qa/unicorn/side-defeat/0029.png'
Time: 00:00.06 (Saving: 00:00.02)

Saved: '/Users/chikumatsuboi/Code/animal-racers-western/assets/source/western/upright-v1/qa/unicorn/side-defeat/0031.png'
Time: 00:00.06 (Saving: 00:00.02)

Saved: '/Users/chikumatsuboi/Code/animal-racers-western/assets/source/western/upright-v1/qa/unicorn/side-defeat/0033.png'
Time: 00:00.05 (Saving: 00:00.02)

Saved: '/Users/chikumatsuboi/Code/animal-racers-western/assets/source/western/upright-v1/qa/unicorn/side-defeat/0035.png'
Time: 00:00.05 (Saving: 00:00.02)

Saved: '/Users/chikumatsuboi/Code/animal-racers-western/assets/source/western/upright-v1/qa/unicorn/side-defeat/0037.png'
Time: 00:00.05 (Saving: 00:00.02)

Saved: '/Users/chikumatsuboi/Code/animal-racers-western/assets/source/western/upright-v1/qa/unicorn/side-defeat/0039.png'
Time: 00:00.05 (Saving: 00:00.02)

Saved: '/Users/chikumatsuboi/Code/animal-racers-western/assets/source/western/upright-v1/qa/unicorn/side-defeat/0040.png'
Time: 00:00.07 (Saving: 00:00.03)

Saved: '/Users/chikumatsuboi/Code/animal-racers-western/assets/source/western/upright-v1/qa/unicorn/side-celebrate/0001.png'
Time: 00:00.08 (Saving: 00:00.03)

Saved: '/Users/chikumatsuboi/Code/animal-racers-western/assets/source/western/upright-v1/qa/unicorn/side-celebrate/0003.png'
Time: 00:00.06 (Saving: 00:00.02)

Saved: '/Users/chikumatsuboi/Code/animal-racers-western/assets/source/western/upright-v1/qa/unicorn/side-celebrate/0005.png'
Time: 00:00.06 (Saving: 00:00.02)

Saved: '/Users/chikumatsuboi/Code/animal-racers-western/assets/source/western/upright-v1/qa/unicorn/side-celebrate/0007.png'
Time: 00:00.05 (Saving: 00:00.02)

Saved: '/Users/chikumatsuboi/Code/animal-racers-western/assets/source/western/upright-v1/qa/unicorn/side-celebrate/0009.png'
Time: 00:00.07 (Saving: 00:00.03)

Saved: '/Users/chikumatsuboi/Code/animal-racers-western/assets/source/western/upright-v1/qa/unicorn/side-celebrate/0011.png'
Time: 00:00.06 (Saving: 00:00.02)

Saved: '/Users/chikumatsuboi/Code/animal-racers-western/assets/source/western/upright-v1/qa/unicorn/side-celebrate/0013.png'
Time: 00:00.07 (Saving: 00:00.03)

Saved: '/Users/chikumatsuboi/Code/animal-racers-western/assets/source/western/upright-v1/qa/unicorn/side-celebrate/0015.png'
Time: 00:00.07 (Saving: 00:00.02)

Saved: '/Users/chikumatsuboi/Code/animal-racers-western/assets/source/western/upright-v1/qa/unicorn/side-celebrate/0017.png'
Time: 00:00.07 (Saving: 00:00.02)

Saved: '/Users/chikumatsuboi/Code/animal-racers-western/assets/source/western/upright-v1/qa/unicorn/side-celebrate/0019.png'
Time: 00:00.05 (Saving: 00:00.02)

Saved: '/Users/chikumatsuboi/Code/animal-racers-western/assets/source/western/upright-v1/qa/unicorn/side-celebrate/0021.png'
Time: 00:00.07 (Saving: 00:00.02)

Saved: '/Users/chikumatsuboi/Code/animal-racers-western/assets/source/western/upright-v1/qa/unicorn/side-celebrate/0023.png'
Time: 00:00.08 (Saving: 00:00.03)

Saved: '/Users/chikumatsuboi/Code/animal-racers-western/assets/source/western/upright-v1/qa/unicorn/side-celebrate/0025.png'
Time: 00:00.09 (Saving: 00:00.04)

Saved: '/Users/chikumatsuboi/Code/animal-racers-western/assets/source/western/upright-v1/qa/unicorn/side-celebrate/0027.png'
Time: 00:00.12 (Saving: 00:00.05)

Saved: '/Users/chikumatsuboi/Code/animal-racers-western/assets/source/western/upright-v1/qa/unicorn/side-celebrate/0029.png'
Time: 00:00.08 (Saving: 00:00.03)

Saved: '/Users/chikumatsuboi/Code/animal-racers-western/assets/source/western/upright-v1/qa/unicorn/side-celebrate/0031.png'
Time: 00:00.07 (Saving: 00:00.03)

Saved: '/Users/chikumatsuboi/Code/animal-racers-western/assets/source/western/upright-v1/qa/unicorn/side-celebrate/0033.png'
Time: 00:00.09 (Saving: 00:00.03)

Saved: '/Users/chikumatsuboi/Code/animal-racers-western/assets/source/western/upright-v1/qa/unicorn/side-celebrate/0035.png'
Time: 00:00.10 (Saving: 00:00.03)

Saved: '/Users/chikumatsuboi/Code/animal-racers-western/assets/source/western/upright-v1/qa/unicorn/side-celebrate/0037.png'
Time: 00:00.08 (Saving: 00:00.03)

Saved: '/Users/chikumatsuboi/Code/animal-racers-western/assets/source/western/upright-v1/qa/unicorn/side-celebrate/0039.png'
Time: 00:00.11 (Saving: 00:00.05)

Saved: '/Users/chikumatsuboi/Code/animal-racers-western/assets/source/western/upright-v1/qa/unicorn/side-celebrate/0041.png'
Time: 00:00.10 (Saving: 00:00.04)

Saved: '/Users/chikumatsuboi/Code/animal-racers-western/assets/source/western/upright-v1/qa/unicorn/side-celebrate/0043.png'
Time: 00:00.08 (Saving: 00:00.02)

Saved: '/Users/chikumatsuboi/Code/animal-racers-western/assets/source/western/upright-v1/qa/unicorn/side-celebrate/0045.png'
Time: 00:00.11 (Saving: 00:00.06)

Saved: '/Users/chikumatsuboi/Code/animal-racers-western/assets/source/western/upright-v1/qa/unicorn/side-celebrate/0047.png'
Time: 00:00.10 (Saving: 00:00.04)

Saved: '/Users/chikumatsuboi/Code/animal-racers-western/assets/source/western/upright-v1/qa/unicorn/side-celebrate/0049.png'
Time: 00:00.12 (Saving: 00:00.05)

Saved: '/Users/chikumatsuboi/Code/animal-racers-western/assets/source/western/upright-v1/qa/unicorn/side-celebrate/0051.png'
Time: 00:00.06 (Saving: 00:00.02)

Saved: '/Users/chikumatsuboi/Code/animal-racers-western/assets/source/western/upright-v1/qa/unicorn/side-celebrate/0053.png'
Time: 00:00.06 (Saving: 00:00.02)

Saved: '/Users/chikumatsuboi/Code/animal-racers-western/assets/source/western/upright-v1/qa/unicorn/side-celebrate/0055.png'
Time: 00:00.06 (Saving: 00:00.02)

Saved: '/Users/chikumatsuboi/Code/animal-racers-western/assets/source/western/upright-v1/qa/unicorn/side-celebrate/0057.png'
Time: 00:00.06 (Saving: 00:00.02)

Saved: '/Users/chikumatsuboi/Code/animal-racers-western/assets/source/western/upright-v1/qa/unicorn/side-celebrate/0059.png'
Time: 00:00.07 (Saving: 00:00.02)

Saved: '/Users/chikumatsuboi/Code/animal-racers-western/assets/source/western/upright-v1/qa/unicorn/side-celebrate/0061.png'
Time: 00:00.07 (Saving: 00:00.02)

Saved: '/Users/chikumatsuboi/Code/animal-racers-western/assets/source/western/upright-v1/qa/unicorn/side-jump/0001.png'
Time: 00:00.08 (Saving: 00:00.03)

Saved: '/Users/chikumatsuboi/Code/animal-racers-western/assets/source/western/upright-v1/qa/unicorn/side-jump/0003.png'
Time: 00:00.07 (Saving: 00:00.02)

Saved: '/Users/chikumatsuboi/Code/animal-racers-western/assets/source/western/upright-v1/qa/unicorn/side-jump/0005.png'
Time: 00:00.06 (Saving: 00:00.02)

Saved: '/Users/chikumatsuboi/Code/animal-racers-western/assets/source/western/upright-v1/qa/unicorn/side-jump/0007.png'
Time: 00:00.07 (Saving: 00:00.03)

Saved: '/Users/chikumatsuboi/Code/animal-racers-western/assets/source/western/upright-v1/qa/unicorn/side-jump/0009.png'
Time: 00:00.06 (Saving: 00:00.02)

Saved: '/Users/chikumatsuboi/Code/animal-racers-western/assets/source/western/upright-v1/qa/unicorn/side-jump/0011.png'
Time: 00:00.07 (Saving: 00:00.02)

Saved: '/Users/chikumatsuboi/Code/animal-racers-western/assets/source/western/upright-v1/qa/unicorn/side-jump/0013.png'
Time: 00:00.06 (Saving: 00:00.02)

Saved: '/Users/chikumatsuboi/Code/animal-racers-western/assets/source/western/upright-v1/qa/unicorn/side-jump/0015.png'
Time: 00:00.06 (Saving: 00:00.02)

Saved: '/Users/chikumatsuboi/Code/animal-racers-western/assets/source/western/upright-v1/qa/unicorn/side-jump/0017.png'
Time: 00:00.05 (Saving: 00:00.02)

Saved: '/Users/chikumatsuboi/Code/animal-racers-western/assets/source/western/upright-v1/qa/unicorn/side-jump/0019.png'
Time: 00:00.05 (Saving: 00:00.02)

Saved: '/Users/chikumatsuboi/Code/animal-racers-western/assets/source/western/upright-v1/qa/unicorn/side-jump/0021.png'
Time: 00:00.05 (Saving: 00:00.02)

Saved: '/Users/chikumatsuboi/Code/animal-racers-western/assets/source/western/upright-v1/qa/unicorn/side-jump/0023.png'
Time: 00:00.06 (Saving: 00:00.03)

Saved: '/Users/chikumatsuboi/Code/animal-racers-western/assets/source/western/upright-v1/qa/unicorn/side-jump/0025.png'
Time: 00:00.06 (Saving: 00:00.02)

Saved: '/Users/chikumatsuboi/Code/animal-racers-western/assets/source/western/upright-v1/qa/unicorn/side-land/0001.png'
Time: 00:00.06 (Saving: 00:00.02)

Saved: '/Users/chikumatsuboi/Code/animal-racers-western/assets/source/western/upright-v1/qa/unicorn/side-land/0003.png'
Time: 00:00.07 (Saving: 00:00.02)

Saved: '/Users/chikumatsuboi/Code/animal-racers-western/assets/source/western/upright-v1/qa/unicorn/side-land/0005.png'
Time: 00:00.06 (Saving: 00:00.02)

Saved: '/Users/chikumatsuboi/Code/animal-racers-western/assets/source/western/upright-v1/qa/unicorn/side-land/0007.png'
Time: 00:00.07 (Saving: 00:00.02)

Saved: '/Users/chikumatsuboi/Code/animal-racers-western/assets/source/western/upright-v1/qa/unicorn/side-land/0009.png'
Time: 00:00.06 (Saving: 00:00.02)

Saved: '/Users/chikumatsuboi/Code/animal-racers-western/assets/source/western/upright-v1/qa/unicorn/side-land/0010.png'
Time: 00:00.06 (Saving: 00:00.02)

UPRIGHT_REVIEW_RENDERED unicorn

Blender quit
